# Blender 4.0.2
# www.blender.org
mtllib 1H.mtl
o Text.005
v -119.199257 15.232882 -58.929764
v -119.199257 15.232882 -64.935570
v -117.965294 15.232882 -64.935570
v -117.965294 15.232882 -62.833950
v -116.616936 15.232882 -62.833950
v -116.616936 15.232882 -64.935570
v -115.377525 15.232882 -64.935570
v -115.377525 15.232882 -58.929764
v -116.616936 15.232882 -58.929764
v -116.616936 15.232882 -61.359127
v -117.965294 15.232882 -61.359127
v -117.965294 15.232882 -58.929764
v -121.509178 15.232882 -65.037994
v -120.591202 15.232882 -65.037994
v -120.591202 15.232882 -58.929764
v -121.713478 15.232882 -58.929764
v -121.713478 15.232882 -62.932270
v -121.758751 15.232882 -62.881203
v -121.803780 15.232882 -62.831787
v -121.848564 15.232882 -62.784019
v -121.893105 15.232882 -62.737904
v -121.937401 15.232882 -62.693436
v -121.981445 15.232882 -62.650620
v -122.025246 15.232882 -62.609455
v -122.068802 15.232882 -62.569939
v -122.112114 15.232882 -62.532070
v -122.155174 15.232882 -62.495853
v -122.197990 15.232882 -62.461288
v -122.240562 15.232882 -62.428371
v -122.283913 15.232882 -62.396397
v -122.329056 15.232882 -62.364647
v -122.375992 15.232882 -62.333122
v -122.424736 15.232882 -62.301830
v -122.475266 15.232882 -62.270763
v -122.527603 15.232882 -62.239922
v -122.581734 15.232882 -62.209312
v -122.637657 15.232882 -62.178928
v -122.695381 15.232882 -62.148769
v -122.754898 15.232882 -62.118843
v -122.816216 15.232882 -62.089142
v -122.879333 15.232882 -62.059666
v -122.879333 15.232882 -63.427975
v -122.786659 15.232882 -63.474491
v -122.697510 15.232882 -63.522541
v -122.611877 15.232882 -63.572128
v -122.529755 15.232882 -63.623253
v -122.451157 15.232882 -63.675911
v -122.376083 15.232882 -63.730110
v -122.304520 15.232882 -63.785843
v -122.236481 15.232882 -63.843109
v -122.171951 15.232882 -63.901917
v -122.110947 15.232882 -63.962257
v -122.053459 15.232882 -64.024132
v -121.999489 15.232882 -64.087547
v -121.948227 15.232882 -64.152985
v -121.898857 15.232882 -64.220917
v -121.851379 15.232882 -64.291359
v -121.805786 15.232882 -64.364304
v -121.762093 15.232882 -64.439758
v -121.720284 15.232882 -64.517708
v -121.680374 15.232882 -64.598160
v -121.642349 15.232882 -64.681122
v -121.606216 15.232882 -64.766579
v -121.571983 15.232882 -64.854546
v -121.539635 15.232882 -64.945015
v -119.199257 14.462358 -58.929764
v -119.199257 14.462358 -64.935570
v -117.965294 14.462358 -64.935570
v -117.965294 14.462358 -62.833950
v -116.616936 14.462358 -62.833950
v -116.616936 14.462358 -64.935570
v -115.377525 14.462358 -64.935570
v -115.377525 14.462358 -58.929764
v -116.616936 14.462358 -58.929764
v -116.616936 14.462358 -61.359127
v -117.965294 14.462358 -61.359127
v -117.965294 14.462358 -58.929764
v -121.509178 14.462358 -65.037994
v -120.591202 14.462358 -65.037994
v -120.591202 14.462358 -58.929764
v -121.713478 14.462358 -58.929764
v -121.713478 14.462358 -62.932270
v -121.758751 14.462358 -62.881203
v -121.803780 14.462358 -62.831787
v -121.848564 14.462358 -62.784019
v -121.893105 14.462358 -62.737904
v -121.937401 14.462358 -62.693436
v -121.981445 14.462358 -62.650620
v -122.025246 14.462358 -62.609455
v -122.068802 14.462358 -62.569939
v -122.112114 14.462358 -62.532070
v -122.155174 14.462358 -62.495853
v -122.197990 14.462358 -62.461288
v -122.240562 14.462358 -62.428371
v -122.283913 14.462358 -62.396397
v -122.329056 14.462358 -62.364647
v -122.375992 14.462358 -62.333122
v -122.424736 14.462358 -62.301830
v -122.475266 14.462358 -62.270763
v -122.527603 14.462358 -62.239922
v -122.581734 14.462358 -62.209312
v -122.637657 14.462358 -62.178928
v -122.695381 14.462358 -62.148769
v -122.754898 14.462358 -62.118843
v -122.816216 14.462358 -62.089142
v -122.879333 14.462358 -62.059666
v -122.879333 14.462358 -63.427975
v -122.786659 14.462358 -63.474491
v -122.697510 14.462358 -63.522541
v -122.611877 14.462358 -63.572128
v -122.529755 14.462358 -63.623253
v -122.451157 14.462358 -63.675911
v -122.376083 14.462358 -63.730110
v -122.304520 14.462358 -63.785843
v -122.236481 14.462358 -63.843109
v -122.171951 14.462358 -63.901917
v -122.110947 14.462358 -63.962257
v -122.053459 14.462358 -64.024132
v -121.999489 14.462358 -64.087547
v -121.948227 14.462358 -64.152985
v -121.898857 14.462358 -64.220917
v -121.851379 14.462358 -64.291359
v -121.805786 14.462358 -64.364304
v -121.762093 14.462358 -64.439758
v -121.720284 14.462358 -64.517708
v -121.680374 14.462358 -64.598160
v -121.642349 14.462358 -64.681122
v -121.606216 14.462358 -64.766579
v -121.571983 14.462358 -64.854546
v -121.539635 14.462358 -64.945015
v -121.509178 14.462358 -65.037994
v -121.509178 15.232882 -65.037994
v -120.591202 14.462358 -65.037994
v -120.591202 15.232882 -65.037994
v -120.591202 14.462358 -58.929764
v -120.591202 15.232882 -58.929764
v -121.713478 14.462358 -58.929764
v -121.713478 15.232882 -58.929764
v -121.713478 14.462358 -62.932270
v -121.713478 15.232882 -62.932270
v -121.758751 14.462358 -62.881203
v -121.758751 15.232882 -62.881203
v -121.803780 14.462358 -62.831787
v -121.803780 15.232882 -62.831787
v -121.848564 14.462358 -62.784019
v -121.848564 15.232882 -62.784019
v -121.893105 14.462358 -62.737904
v -121.893105 15.232882 -62.737904
v -121.937401 14.462358 -62.693436
v -121.937401 15.232882 -62.693436
v -121.981445 14.462358 -62.650620
v -121.981445 15.232882 -62.650620
v -122.025246 14.462358 -62.609455
v -122.025246 15.232882 -62.609455
v -122.068802 14.462358 -62.569939
v -122.068802 15.232882 -62.569939
v -122.112114 14.462358 -62.532070
v -122.112114 15.232882 -62.532070
v -122.155174 14.462358 -62.495853
v -122.155174 15.232882 -62.495853
v -122.197990 14.462358 -62.461288
v -122.197990 15.232882 -62.461288
v -122.240562 14.462358 -62.428371
v -122.240562 15.232882 -62.428371
v -122.283913 14.462358 -62.396397
v -122.283913 15.232882 -62.396397
v -122.329056 14.462358 -62.364647
v -122.329056 15.232882 -62.364647
v -122.375992 14.462358 -62.333122
v -122.375992 15.232882 -62.333122
v -122.424736 14.462358 -62.301830
v -122.424736 15.232882 -62.301830
v -122.475266 14.462358 -62.270763
v -122.475266 15.232882 -62.270763
v -122.527603 14.462358 -62.239922
v -122.527603 15.232882 -62.239922
v -122.581734 14.462358 -62.209312
v -122.581734 15.232882 -62.209312
v -122.637657 14.462358 -62.178928
v -122.637657 15.232882 -62.178928
v -122.695381 14.462358 -62.148769
v -122.695381 15.232882 -62.148769
v -122.754898 14.462358 -62.118843
v -122.754898 15.232882 -62.118843
v -122.816216 14.462358 -62.089142
v -122.816216 15.232882 -62.089142
v -122.879333 14.462358 -62.059666
v -122.879333 15.232882 -62.059666
v -122.879333 14.462358 -63.427975
v -122.879333 15.232882 -63.427975
v -122.786659 14.462358 -63.474491
v -122.786659 15.232882 -63.474491
v -122.697510 14.462358 -63.522541
v -122.697510 15.232882 -63.522541
v -122.611877 14.462358 -63.572128
v -122.611877 15.232882 -63.572128
v -122.529755 14.462358 -63.623253
v -122.529755 15.232882 -63.623253
v -122.451157 14.462358 -63.675911
v -122.451157 15.232882 -63.675911
v -122.376083 14.462358 -63.730110
v -122.376083 15.232882 -63.730110
v -122.304520 14.462358 -63.785843
v -122.304520 15.232882 -63.785843
v -122.236481 14.462358 -63.843109
v -122.236481 15.232882 -63.843109
v -122.171951 14.462358 -63.901917
v -122.171951 15.232882 -63.901917
v -122.110947 14.462358 -63.962257
v -122.110947 15.232882 -63.962257
v -122.053459 14.462358 -64.024132
v -122.053459 15.232882 -64.024132
v -121.999489 14.462358 -64.087547
v -121.999489 15.232882 -64.087547
v -121.948227 14.462358 -64.152985
v -121.948227 15.232882 -64.152985
v -121.898857 14.462358 -64.220917
v -121.898857 15.232882 -64.220917
v -121.851379 14.462358 -64.291359
v -121.851379 15.232882 -64.291359
v -121.805786 14.462358 -64.364304
v -121.805786 15.232882 -64.364304
v -121.762093 14.462358 -64.439758
v -121.762093 15.232882 -64.439758
v -121.720284 14.462358 -64.517708
v -121.720284 15.232882 -64.517708
v -121.680374 14.462358 -64.598160
v -121.680374 15.232882 -64.598160
v -121.642349 14.462358 -64.681122
v -121.642349 15.232882 -64.681122
v -121.606216 14.462358 -64.766579
v -121.606216 15.232882 -64.766579
v -121.571983 14.462358 -64.854546
v -121.571983 15.232882 -64.854546
v -121.539635 14.462358 -64.945015
v -121.539635 15.232882 -64.945015
v -119.199257 14.462358 -58.929764
v -119.199257 15.232882 -58.929764
v -119.199257 14.462358 -64.935570
v -119.199257 15.232882 -64.935570
v -117.965294 14.462358 -64.935570
v -117.965294 15.232882 -64.935570
v -117.965294 14.462358 -62.833950
v -117.965294 15.232882 -62.833950
v -116.616936 14.462358 -62.833950
v -116.616936 15.232882 -62.833950
v -116.616936 14.462358 -64.935570
v -116.616936 15.232882 -64.935570
v -115.377525 14.462358 -64.935570
v -115.377525 15.232882 -64.935570
v -115.377525 14.462358 -58.929764
v -115.377525 15.232882 -58.929764
v -116.616936 14.462358 -58.929764
v -116.616936 15.232882 -58.929764
v -116.616936 14.462358 -61.359127
v -116.616936 15.232882 -61.359127
v -117.965294 14.462358 -61.359127
v -117.965294 15.232882 -61.359127
v -117.965294 14.462358 -58.929764
v -117.965294 15.232882 -58.929764
vn -0.0000 1.0000 -0.0000
vn -0.0000 -1.0000 -0.0000
vn -0.6832 -0.0000 -0.7302
vn 0.8327 -0.0000 -0.5537
vn 0.8327 -0.0000 0.5537
vn -0.8327 -0.0000 0.5537
vn -0.6010 -0.0000 0.7992
vn 0.7437 -0.0000 0.6685
vn 0.7344 -0.0000 0.6788
vn 0.7244 -0.0000 0.6893
vn 0.7139 -0.0000 0.7002
vn 0.7028 -0.0000 0.7114
vn 0.6910 -0.0000 0.7229
vn 0.6784 -0.0000 0.7347
vn 0.6651 -0.0000 0.7467
vn 0.6510 -0.0000 0.7591
vn 0.6360 -0.0000 0.7717
vn 0.6200 -0.0000 0.7846
vn 0.6027 -0.0000 0.7979
vn 0.5845 -0.0000 0.8114
vn 0.5664 -0.0000 0.8241
vn 0.5490 -0.0000 0.8359
vn 0.5321 -0.0000 0.8467
vn 0.5157 -0.0000 0.8567
vn 0.5000 -0.0000 0.8660
vn 0.4849 -0.0000 0.8746
vn 0.4702 -0.0000 0.8825
vn 0.4562 -0.0000 0.8899
vn 0.4426 -0.0000 0.8967
vn 0.4296 -0.0000 0.9030
vn -0.7423 -0.0000 0.6701
vn -0.9019 -0.0000 -0.4320
vn -0.4616 -0.0000 -0.8871
vn -0.4879 -0.0000 -0.8729
vn -0.5149 -0.0000 -0.8572
vn -0.5427 -0.0000 -0.8399
vn -0.5711 -0.0000 -0.8209
vn -0.6001 -0.0000 -0.8000
vn -0.6294 -0.0000 -0.7771
vn -0.6590 -0.0000 -0.7521
vn -0.6887 -0.0000 -0.7251
vn -0.7182 -0.0000 -0.6958
vn -0.7474 -0.0000 -0.6644
vn -0.7746 -0.0000 -0.6324
vn -0.7983 -0.0000 -0.6023
vn -0.8193 -0.0000 -0.5734
vn -0.8388 -0.0000 -0.5444
vn -0.8569 -0.0000 -0.5156
vn -0.8735 -0.0000 -0.4869
vn -0.8887 -0.0000 -0.4585
vn -0.9026 -0.0000 -0.4305
vn -0.9152 -0.0000 -0.4030
vn -0.9266 -0.0000 -0.3760
vn -0.9369 -0.0000 -0.3497
vn -0.9461 -0.0000 -0.3240
vn -0.8327 -0.0000 -0.5537
vt 0.000000 0.000000
vt 0.181818 0.000000
vt 0.090909 0.000000
vt 0.272727 0.000000
vt 0.363636 0.000000
vt 0.545455 0.000000
vt 0.454545 0.000000
vt 0.636364 0.000000
vt 0.909091 0.000000
vt 0.818182 0.000000
vt 1.000000 0.000000
vt 0.727273 0.000000
vt 0.019231 0.000000
vt 0.038462 0.000000
vt 0.980769 0.000000
vt 0.961538 0.000000
vt 0.942308 0.000000
vt 0.923077 0.000000
vt 0.903846 0.000000
vt 0.884615 0.000000
vt 0.865385 0.000000
vt 0.846154 0.000000
vt 0.826923 0.000000
vt 0.807692 0.000000
vt 0.788462 0.000000
vt 0.769231 0.000000
vt 0.076923 0.000000
vt 0.750000 0.000000
vt 0.730769 0.000000
vt 0.711538 0.000000
vt 0.692308 0.000000
vt 0.673077 0.000000
vt 0.653846 0.000000
vt 0.634615 0.000000
vt 0.615385 0.000000
vt 0.596154 0.000000
vt 0.576923 0.000000
vt 0.557692 0.000000
vt 0.538462 0.000000
vt 0.096154 0.000000
vt 0.057692 0.000000
vt 0.115385 0.000000
vt 0.134615 0.000000
vt 0.153846 0.000000
vt 0.173077 0.000000
vt 0.192308 0.000000
vt 0.211538 0.000000
vt 0.230769 0.000000
vt 0.250000 0.000000
vt 0.269231 0.000000
vt 0.288462 0.000000
vt 0.307692 0.000000
vt 0.326923 0.000000
vt 0.346154 0.000000
vt 0.365385 0.000000
vt 0.384615 0.000000
vt 0.403846 0.000000
vt 0.423077 0.000000
vt 0.442308 0.000000
vt 0.461538 0.000000
vt 0.480769 0.000000
vt 0.500000 0.000000
vt 0.519231 0.000000
vt 0.000000 1.000000
vt 0.018868 1.000000
vt 0.018868 0.000000
vt 0.037736 1.000000
vt 0.037736 0.000000
vt 0.056604 1.000000
vt 0.056604 0.000000
vt 0.075472 1.000000
vt 0.075472 0.000000
vt 0.094340 1.000000
vt 0.094340 0.000000
vt 0.113208 1.000000
vt 0.113208 0.000000
vt 0.132075 1.000000
vt 0.132075 0.000000
vt 0.150943 1.000000
vt 0.150943 0.000000
vt 0.169811 1.000000
vt 0.169811 0.000000
vt 0.188679 1.000000
vt 0.188679 0.000000
vt 0.207547 1.000000
vt 0.207547 0.000000
vt 0.226415 1.000000
vt 0.226415 0.000000
vt 0.245283 1.000000
vt 0.245283 0.000000
vt 0.264151 1.000000
vt 0.264151 0.000000
vt 0.283019 1.000000
vt 0.283019 0.000000
vt 0.301887 1.000000
vt 0.301887 0.000000
vt 0.320755 1.000000
vt 0.320755 0.000000
vt 0.339623 1.000000
vt 0.339623 0.000000
vt 0.358491 1.000000
vt 0.358491 0.000000
vt 0.377358 1.000000
vt 0.377358 0.000000
vt 0.396226 1.000000
vt 0.396226 0.000000
vt 0.415094 1.000000
vt 0.415094 0.000000
vt 0.433962 1.000000
vt 0.433962 0.000000
vt 0.452830 1.000000
vt 0.452830 0.000000
vt 0.471698 1.000000
vt 0.471698 0.000000
vt 0.490566 1.000000
vt 0.490566 0.000000
vt 0.509434 1.000000
vt 0.509434 0.000000
vt 0.528302 1.000000
vt 0.528302 0.000000
vt 0.547170 1.000000
vt 0.547170 0.000000
vt 0.566038 1.000000
vt 0.566038 0.000000
vt 0.584906 1.000000
vt 0.584906 0.000000
vt 0.603774 1.000000
vt 0.603774 0.000000
vt 0.622642 1.000000
vt 0.622642 0.000000
vt 0.641509 1.000000
vt 0.641509 0.000000
vt 0.660377 1.000000
vt 0.660377 0.000000
vt 0.679245 1.000000
vt 0.679245 0.000000
vt 0.698113 1.000000
vt 0.698113 0.000000
vt 0.716981 1.000000
vt 0.716981 0.000000
vt 0.735849 1.000000
vt 0.735849 0.000000
vt 0.754717 1.000000
vt 0.754717 0.000000
vt 0.773585 1.000000
vt 0.773585 0.000000
vt 0.792453 1.000000
vt 0.792453 0.000000
vt 0.811321 1.000000
vt 0.811321 0.000000
vt 0.830189 1.000000
vt 0.830189 0.000000
vt 0.849057 1.000000
vt 0.849057 0.000000
vt 0.867925 1.000000
vt 0.867925 0.000000
vt 0.886792 1.000000
vt 0.886792 0.000000
vt 0.905660 1.000000
vt 0.905660 0.000000
vt 0.924528 1.000000
vt 0.924528 0.000000
vt 0.943396 1.000000
vt 0.943396 0.000000
vt 0.962264 1.000000
vt 0.962264 0.000000
vt 0.981132 1.000000
vt 0.981132 0.000000
vt 1.000000 1.000000
vt 0.083333 1.000000
vt 0.083333 0.000000
vt 0.166667 1.000000
vt 0.166667 0.000000
vt 0.250000 1.000000
vt 0.333333 1.000000
vt 0.333333 0.000000
vt 0.416667 1.000000
vt 0.416667 0.000000
vt 0.500000 1.000000
vt 0.583333 1.000000
vt 0.583333 0.000000
vt 0.666667 1.000000
vt 0.666667 0.000000
vt 0.750000 1.000000
vt 0.833333 1.000000
vt 0.833333 0.000000
vt 0.916667 1.000000
vt 0.916667 0.000000
s 0
usemtl 1H_NAME
f 1/1/1 3/2/1 2/3/1
f 1/1/1 4/4/1 3/2/1
f 5/5/1 7/6/1 6/7/1
f 5/5/1 8/8/1 7/6/1
f 1/1/1 11/9/1 4/4/1
f 11/9/1 5/5/1 4/4/1
f 11/9/1 10/10/1 5/5/1
f 10/10/1 8/8/1 5/5/1
f 1/1/1 12/11/1 11/9/1
f 9/12/1 8/8/1 10/10/1
f 65/11/1 14/13/1 13/1/1
f 65/11/1 15/14/1 14/13/1
f 64/15/1 15/14/1 65/11/1
f 63/16/1 15/14/1 64/15/1
f 62/17/1 15/14/1 63/16/1
f 61/18/1 15/14/1 62/17/1
f 60/19/1 15/14/1 61/18/1
f 59/20/1 15/14/1 60/19/1
f 58/21/1 15/14/1 59/20/1
f 57/22/1 15/14/1 58/21/1
f 56/23/1 15/14/1 57/22/1
f 55/24/1 15/14/1 56/23/1
f 54/25/1 15/14/1 55/24/1
f 53/26/1 17/27/1 54/25/1
f 17/27/1 15/14/1 54/25/1
f 52/28/1 17/27/1 53/26/1
f 51/29/1 17/27/1 52/28/1
f 50/30/1 17/27/1 51/29/1
f 49/31/1 17/27/1 50/30/1
f 48/32/1 17/27/1 49/31/1
f 47/33/1 17/27/1 48/32/1
f 46/34/1 17/27/1 47/33/1
f 45/35/1 17/27/1 46/34/1
f 44/36/1 17/27/1 45/35/1
f 43/37/1 17/27/1 44/36/1
f 42/38/1 17/27/1 43/37/1
f 41/39/1 17/27/1 42/38/1
f 41/39/1 18/40/1 17/27/1
f 16/41/1 15/14/1 17/27/1
f 41/39/1 19/42/1 18/40/1
f 41/39/1 20/43/1 19/42/1
f 41/39/1 21/44/1 20/43/1
f 41/39/1 22/45/1 21/44/1
f 41/39/1 23/46/1 22/45/1
f 41/39/1 24/47/1 23/46/1
f 41/39/1 25/48/1 24/47/1
f 41/39/1 26/49/1 25/48/1
f 41/39/1 27/50/1 26/49/1
f 41/39/1 28/51/1 27/50/1
f 41/39/1 29/52/1 28/51/1
f 41/39/1 30/53/1 29/52/1
f 41/39/1 31/54/1 30/53/1
f 41/39/1 32/55/1 31/54/1
f 41/39/1 33/56/1 32/55/1
f 41/39/1 34/57/1 33/56/1
f 41/39/1 35/58/1 34/57/1
f 41/39/1 36/59/1 35/58/1
f 41/39/1 37/60/1 36/59/1
f 41/39/1 38/61/1 37/60/1
f 41/39/1 39/62/1 38/61/1
f 41/39/1 40/63/1 39/62/1
f 66/1/2 67/3/2 68/2/2
f 66/1/2 68/2/2 69/4/2
f 70/5/2 71/7/2 72/6/2
f 70/5/2 72/6/2 73/8/2
f 66/1/2 69/4/2 76/9/2
f 76/9/2 69/4/2 70/5/2
f 76/9/2 70/5/2 75/10/2
f 75/10/2 70/5/2 73/8/2
f 66/1/2 76/9/2 77/11/2
f 74/12/2 75/10/2 73/8/2
f 130/11/2 78/1/2 79/13/2
f 130/11/2 79/13/2 80/14/2
f 129/15/2 130/11/2 80/14/2
f 128/16/2 129/15/2 80/14/2
f 127/17/2 128/16/2 80/14/2
f 126/18/2 127/17/2 80/14/2
f 125/19/2 126/18/2 80/14/2
f 124/20/2 125/19/2 80/14/2
f 123/21/2 124/20/2 80/14/2
f 122/22/2 123/21/2 80/14/2
f 121/23/2 122/22/2 80/14/2
f 120/24/2 121/23/2 80/14/2
f 119/25/2 120/24/2 80/14/2
f 118/26/2 119/25/2 82/27/2
f 82/27/2 119/25/2 80/14/2
f 117/28/2 118/26/2 82/27/2
f 116/29/2 117/28/2 82/27/2
f 115/30/2 116/29/2 82/27/2
f 114/31/2 115/30/2 82/27/2
f 113/32/2 114/31/2 82/27/2
f 112/33/2 113/32/2 82/27/2
f 111/34/2 112/33/2 82/27/2
f 110/35/2 111/34/2 82/27/2
f 109/36/2 110/35/2 82/27/2
f 108/37/2 109/36/2 82/27/2
f 107/38/2 108/37/2 82/27/2
f 106/39/2 107/38/2 82/27/2
f 106/39/2 82/27/2 83/40/2
f 81/41/2 82/27/2 80/14/2
f 106/39/2 83/40/2 84/42/2
f 106/39/2 84/42/2 85/43/2
f 106/39/2 85/43/2 86/44/2
f 106/39/2 86/44/2 87/45/2
f 106/39/2 87/45/2 88/46/2
f 106/39/2 88/46/2 89/47/2
f 106/39/2 89/47/2 90/48/2
f 106/39/2 90/48/2 91/49/2
f 106/39/2 91/49/2 92/50/2
f 106/39/2 92/50/2 93/51/2
f 106/39/2 93/51/2 94/52/2
f 106/39/2 94/52/2 95/53/2
f 106/39/2 95/53/2 96/54/2
f 106/39/2 96/54/2 97/55/2
f 106/39/2 97/55/2 98/56/2
f 106/39/2 98/56/2 99/57/2
f 106/39/2 99/57/2 100/58/2
f 106/39/2 100/58/2 101/59/2
f 106/39/2 101/59/2 102/60/2
f 106/39/2 102/60/2 103/61/2
f 106/39/2 103/61/2 104/62/2
f 106/39/2 104/62/2 105/63/2
s 1
f 132/64/3 134/65/4 133/66/4 131/1/3
f 134/65/4 136/67/5 135/68/5 133/66/4
f 136/67/5 138/69/6 137/70/6 135/68/5
f 138/69/6 140/71/7 139/72/7 137/70/6
f 140/71/7 142/73/8 141/74/8 139/72/7
f 142/73/8 144/75/9 143/76/9 141/74/8
f 144/75/9 146/77/10 145/78/10 143/76/9
f 146/77/10 148/79/11 147/80/11 145/78/10
f 148/79/11 150/81/12 149/82/12 147/80/11
f 150/81/12 152/83/13 151/84/13 149/82/12
f 152/83/13 154/85/14 153/86/14 151/84/13
f 154/85/14 156/87/15 155/88/15 153/86/14
f 156/87/15 158/89/16 157/90/16 155/88/15
f 158/89/16 160/91/17 159/92/17 157/90/16
f 160/91/17 162/93/18 161/94/18 159/92/17
f 162/93/18 164/95/19 163/96/19 161/94/18
f 164/95/19 166/97/20 165/98/20 163/96/19
f 166/97/20 168/99/21 167/100/21 165/98/20
f 168/99/21 170/101/22 169/102/22 167/100/21
f 170/101/22 172/103/23 171/104/23 169/102/22
f 172/103/23 174/105/24 173/106/24 171/104/23
f 174/105/24 176/107/25 175/108/25 173/106/24
f 176/107/25 178/109/26 177/110/26 175/108/25
f 178/109/26 180/111/27 179/112/27 177/110/26
f 180/111/27 182/113/28 181/114/28 179/112/27
f 182/113/28 184/115/29 183/116/29 181/114/28
f 184/115/29 186/117/30 185/118/30 183/116/29
f 186/117/30 188/119/31 187/120/31 185/118/30
f 188/119/31 190/121/32 189/122/32 187/120/31
f 190/121/32 192/123/33 191/124/33 189/122/32
f 192/123/33 194/125/34 193/126/34 191/124/33
f 194/125/34 196/127/35 195/128/35 193/126/34
f 196/127/35 198/129/36 197/130/36 195/128/35
f 198/129/36 200/131/37 199/132/37 197/130/36
f 200/131/37 202/133/38 201/134/38 199/132/37
f 202/133/38 204/135/39 203/136/39 201/134/38
f 204/135/39 206/137/40 205/138/40 203/136/39
f 206/137/40 208/139/41 207/140/41 205/138/40
f 208/139/41 210/141/42 209/142/42 207/140/41
f 210/141/42 212/143/43 211/144/43 209/142/42
f 212/143/43 214/145/44 213/146/44 211/144/43
f 214/145/44 216/147/45 215/148/45 213/146/44
f 216/147/45 218/149/46 217/150/46 215/148/45
f 218/149/46 220/151/47 219/152/47 217/150/46
f 220/151/47 222/153/48 221/154/48 219/152/47
f 222/153/48 224/155/49 223/156/49 221/154/48
f 224/155/49 226/157/50 225/158/50 223/156/49
f 226/157/50 228/159/51 227/160/51 225/158/50
f 228/159/51 230/161/52 229/162/52 227/160/51
f 230/161/52 232/163/53 231/164/53 229/162/52
f 232/163/53 234/165/54 233/166/54 231/164/53
f 234/165/54 236/167/55 235/168/55 233/166/54
f 236/167/55 132/169/3 131/11/3 235/168/55
f 238/64/6 240/170/56 239/171/56 237/1/6
f 240/170/56 242/172/4 241/173/4 239/171/56
f 242/172/4 244/174/4 243/49/4 241/173/4
f 244/174/4 246/175/56 245/176/56 243/49/4
f 246/175/56 248/177/56 247/178/56 245/176/56
f 248/177/56 250/179/4 249/62/4 247/178/56
f 250/179/4 252/180/5 251/181/5 249/62/4
f 252/180/5 254/182/6 253/183/6 251/181/5
f 254/182/6 256/184/6 255/28/6 253/183/6
f 256/184/6 258/185/5 257/186/5 255/28/6
f 258/185/5 260/187/5 259/188/5 257/186/5
f 260/187/5 238/169/6 237/11/6 259/188/5
o Plane.029
v -123.764336 14.749608 -58.628246
v -114.646217 14.749608 -58.628246
v -123.764336 14.749608 -65.363792
v -114.646217 14.749608 -65.363792
v -123.764336 15.901375 -65.363792
v -123.764336 15.901375 -58.628246
v -114.646217 15.901375 -58.628246
v -114.646217 15.901375 -65.363792
v -123.764336 14.751717 -65.363792
v -123.764336 14.751717 -58.628246
v -114.646217 14.751717 -58.628246
v -114.646217 14.751717 -65.363792
vn -0.0000 -1.0000 -0.0000
vn -0.0000 -0.0000 1.0000
vn -1.0000 -0.0000 -0.0000
vn -0.0000 -0.0000 -1.0000
vn 1.0000 -0.0000 -0.0000
vn -0.0000 1.0000 -0.0000
vt 0.000000 0.000000
vt 0.000000 1.000000
vt 1.000000 1.000000
vt 1.000000 0.000000
s 0
f 261/189/57 263/190/57 264/191/57 262/192/57
f 268/191/58 265/190/58 269/190/58 272/191/58
f 263/190/59 261/189/59 266/189/59 265/190/59
f 264/191/60 263/190/60 265/190/60 268/191/60
f 261/189/58 262/192/58 267/192/58 266/189/58
f 262/192/61 264/191/61 268/191/61 267/192/61
f 270/189/62 271/192/62 272/191/62 269/190/62
f 266/189/60 267/192/60 271/192/60 270/189/60
f 267/192/59 268/191/59 272/191/59 271/192/59
f 265/190/61 266/189/61 270/189/61 269/190/61
o Plane.028
v -123.280624 1.893533 -58.969589
v -115.131729 1.893533 -58.969589
v -123.280624 1.893533 -65.024956
v -115.131729 1.893533 -65.024956
v -123.280624 3.210008 -65.024956
v -123.280624 3.210008 -58.969589
v -115.131729 3.210008 -58.969589
v -115.131729 3.210008 -65.024956
v -123.280624 3.503438 -65.024956
v -123.280624 3.503438 -58.969589
v -115.131729 3.503438 -58.969589
v -115.131729 3.503438 -65.024956
v -123.792809 3.210008 -65.405563
v -123.792809 3.210008 -58.588985
v -114.619545 3.210008 -58.588985
v -114.619545 3.210008 -65.405563
v -123.792809 3.503438 -65.405563
v -123.792809 3.503438 -58.588985
v -114.619545 3.503438 -58.588985
v -114.619545 3.503438 -65.405563
v -121.922470 1.893533 -58.969589
v -120.564323 1.893533 -58.969589
v -119.206177 1.893533 -58.969589
v -117.848030 1.893533 -58.969589
v -116.489883 1.893533 -58.969589
v -116.489883 1.893533 -65.024956
v -117.848030 1.893533 -65.024956
v -119.206177 1.893533 -65.024956
v -120.564323 1.893533 -65.024956
v -121.922470 1.893533 -65.024956
v -121.922470 3.210008 -58.969589
v -120.564323 3.210008 -58.969589
v -119.206177 3.210008 -58.969589
v -117.848030 3.210008 -58.969589
v -116.489883 3.210008 -58.969589
v -116.489883 3.210008 -65.024956
v -117.848030 3.210008 -65.024956
v -119.206177 3.210008 -65.024956
v -120.564323 3.210008 -65.024956
v -121.922470 3.210008 -65.024956
v -121.922470 3.503438 -58.969589
v -120.564323 3.503438 -58.969589
v -119.206177 3.503438 -58.969589
v -117.848030 3.503438 -58.969589
v -116.489883 3.503438 -58.969589
v -116.489883 3.503438 -65.024956
v -117.848030 3.503438 -65.024956
v -119.206177 3.503438 -65.024956
v -120.564323 3.503438 -65.024956
v -121.922470 3.503438 -65.024956
v -122.263931 3.210008 -58.588985
v -120.735054 3.210008 -58.588985
v -119.206177 3.210008 -58.588985
v -117.677299 3.210008 -58.588985
v -116.148422 3.210008 -58.588985
v -116.148422 3.210008 -65.405563
v -117.677299 3.210008 -65.405563
v -119.206177 3.210008 -65.405563
v -120.735054 3.210008 -65.405563
v -122.263931 3.210008 -65.405563
v -122.263931 3.503438 -58.588985
v -120.735054 3.503438 -58.588985
v -119.206177 3.503438 -58.588985
v -117.677299 3.503438 -58.588985
v -116.148422 3.503438 -58.588985
v -116.148422 3.503438 -65.405563
v -117.677299 3.503438 -65.405563
v -119.206177 3.503438 -65.405563
v -120.735054 3.503438 -65.405563
v -122.263931 3.503438 -65.405563
v -123.280624 1.893533 -63.511116
v -123.280624 1.893533 -61.997272
v -123.280624 1.893533 -60.483429
v -115.131729 1.893533 -60.483429
v -115.131729 1.893533 -61.997272
v -115.131729 1.893533 -63.511116
v -123.280624 3.210008 -63.511116
v -123.280624 3.210008 -61.997272
v -123.280624 3.210008 -60.483429
v -115.131729 3.210008 -60.483429
v -115.131729 3.210008 -61.997272
v -115.131729 3.210008 -63.511116
v -123.280624 3.503438 -63.511116
v -123.280624 3.503438 -61.997272
v -123.280624 3.503438 -60.483429
v -115.131729 3.503438 -60.483429
v -115.131729 3.503438 -61.997272
v -115.131729 3.503438 -63.511116
v -123.792809 3.210008 -63.701416
v -123.792809 3.210008 -61.997272
v -123.792809 3.210008 -60.293129
v -114.619545 3.210008 -60.293129
v -114.619545 3.210008 -61.997272
v -114.619545 3.210008 -63.701416
v -123.792809 3.503438 -63.701416
v -123.792809 3.503438 -61.997272
v -123.792809 3.503438 -60.293129
v -114.619545 3.503438 -60.293129
v -114.619545 3.503438 -61.997272
v -114.619545 3.503438 -63.701416
v -121.922470 3.503438 -60.483429
v -121.922470 3.503438 -61.997272
v -121.922470 3.503438 -63.511116
v -120.564323 3.503438 -60.483429
v -120.564323 3.503438 -61.997272
v -120.564323 3.503438 -63.511116
v -119.206177 3.503438 -60.483429
v -119.206177 3.503438 -61.997272
v -119.206177 3.503438 -63.511116
v -117.848030 3.503438 -60.483429
v -117.848030 3.503438 -61.997272
v -117.848030 3.503438 -63.511116
v -116.489883 3.503438 -60.483429
v -116.489883 3.503438 -61.997272
v -116.489883 3.503438 -63.511116
v -121.922470 1.893533 -63.511116
v -121.922470 1.893533 -61.997272
v -121.922470 1.893533 -60.483429
v -120.564323 1.893533 -63.511116
v -120.564323 1.893533 -61.997272
v -120.564323 1.893533 -60.483429
v -119.206177 1.893533 -63.511116
v -119.206177 1.893533 -61.997272
v -119.206177 1.893533 -60.483429
v -117.848030 1.893533 -63.511116
v -117.848030 1.893533 -61.997272
v -117.848030 1.893533 -60.483429
v -116.489883 1.893533 -63.511116
v -116.489883 1.893533 -61.997272
v -116.489883 1.893533 -60.483429
v -115.131729 2.060877 -65.024956
v -115.131729 2.060877 -58.969589
v -123.280624 2.060877 -58.969589
v -123.280624 2.060877 -65.024956
v -121.922470 2.060877 -58.969589
v -120.564323 2.060877 -58.969589
v -119.206177 2.060877 -58.969589
v -117.848030 2.060877 -58.969589
v -116.489883 2.060877 -58.969589
v -116.489883 2.060877 -65.024956
v -117.848030 2.060877 -65.024956
v -119.206177 2.060877 -65.024956
v -120.564323 2.060877 -65.024956
v -121.922470 2.060877 -65.024956
v -123.280624 2.060877 -63.511116
v -123.280624 2.060877 -61.997272
v -123.280624 2.060877 -60.483429
v -115.131729 2.060877 -60.483429
v -115.131729 2.060877 -61.997272
v -115.131729 2.060877 -63.511116
v -115.131729 2.177074 -63.862923
v -115.131729 2.177074 -64.673149
v -115.131729 3.093812 -64.673149
v -115.131729 3.093812 -63.862923
v -123.280624 2.177074 -60.131622
v -123.280624 2.177074 -59.321396
v -123.280624 3.093812 -59.321396
v -123.280624 3.093812 -60.131622
v -122.395912 2.177074 -65.024956
v -122.807182 2.177074 -65.024956
v -122.807182 3.093812 -65.024956
v -122.395912 3.093812 -65.024956
v -116.016441 2.177074 -58.969589
v -115.605171 2.177074 -58.969589
v -115.605171 3.093812 -58.969589
v -116.016441 3.093812 -58.969589
v -122.807182 2.177074 -58.969589
v -122.395912 2.177074 -58.969589
v -122.395912 3.093812 -58.969589
v -122.807182 3.093812 -58.969589
v -121.449036 2.177074 -58.969589
v -121.037766 2.177074 -58.969589
v -121.037766 3.093812 -58.969589
v -121.449036 3.093812 -58.969589
v -120.090889 2.177074 -58.969589
v -119.679611 2.177074 -58.969589
v -119.679611 3.093812 -58.969589
v -120.090889 3.093812 -58.969589
v -118.732742 2.177074 -58.969589
v -118.321465 2.177074 -58.969589
v -118.321465 3.093812 -58.969589
v -118.732742 3.093812 -58.969589
v -117.374588 2.177074 -58.969589
v -116.963318 2.177074 -58.969589
v -116.963318 3.093812 -58.969589
v -117.374588 3.093812 -58.969589
v -115.605171 2.177074 -65.024956
v -116.016441 2.177074 -65.024956
v -116.016441 3.093812 -65.024956
v -115.605171 3.093812 -65.024956
v -116.963318 2.177074 -65.024956
v -117.374588 2.177074 -65.024956
v -117.374588 3.093812 -65.024956
v -116.963318 3.093812 -65.024956
v -118.321465 2.177074 -65.024956
v -118.732742 2.177074 -65.024956
v -118.732742 3.093812 -65.024956
v -118.321465 3.093812 -65.024956
v -119.679611 2.177074 -65.024956
v -120.090889 2.177074 -65.024956
v -120.090889 3.093812 -65.024956
v -119.679611 3.093812 -65.024956
v -121.037766 2.177074 -65.024956
v -121.449036 2.177074 -65.024956
v -121.449036 3.093812 -65.024956
v -121.037766 3.093812 -65.024956
v -123.280624 2.177074 -64.673149
v -123.280624 2.177074 -63.862923
v -123.280624 3.093812 -63.862923
v -123.280624 3.093812 -64.673149
v -123.280624 2.177074 -63.159306
v -123.280624 2.177074 -62.349079
v -123.280624 3.093812 -62.349079
v -123.280624 3.093812 -63.159306
v -123.280624 2.177074 -61.645466
v -123.280624 2.177074 -60.835239
v -123.280624 3.093812 -60.835239
v -123.280624 3.093812 -61.645466
v -115.131729 2.177074 -59.321396
v -115.131729 2.177074 -60.131622
v -115.131729 3.093812 -60.131622
v -115.131729 3.093812 -59.321396
v -115.131729 2.177074 -60.835239
v -115.131729 2.177074 -61.645466
v -115.131729 3.093812 -61.645466
v -115.131729 3.093812 -60.835239
v -115.131729 2.177074 -62.349079
v -115.131729 2.177074 -63.159306
v -115.131729 3.093812 -63.159306
v -115.131729 3.093812 -62.349079
v -115.319649 2.177074 -64.673149
v -115.319649 2.177074 -63.862923
v -115.319649 3.093812 -63.862923
v -115.319649 3.093812 -64.673149
v -123.092705 2.177074 -59.321396
v -123.092705 2.177074 -60.131622
v -123.092705 3.093812 -60.131622
v -123.092705 3.093812 -59.321396
v -122.807182 2.177074 -64.885315
v -122.395912 2.177074 -64.885315
v -122.395912 3.093812 -64.885315
v -122.807182 3.093812 -64.885315
v -115.605171 2.177074 -59.109230
v -116.016441 2.177074 -59.109230
v -116.016441 3.093812 -59.109230
v -115.605171 3.093812 -59.109230
v -122.395912 2.177074 -59.109230
v -122.807182 2.177074 -59.109230
v -122.807182 3.093812 -59.109230
v -122.395912 3.093812 -59.109230
v -121.037766 2.177074 -59.109230
v -121.449036 2.177074 -59.109230
v -121.449036 3.093812 -59.109230
v -121.037766 3.093812 -59.109230
v -119.679611 2.177074 -59.109230
v -120.090889 2.177074 -59.109230
v -120.090889 3.093812 -59.109230
v -119.679611 3.093812 -59.109230
v -118.321465 2.177074 -59.109230
v -118.732742 2.177074 -59.109230
v -118.732742 3.093812 -59.109230
v -118.321465 3.093812 -59.109230
v -116.963318 2.177074 -59.109230
v -117.374588 2.177074 -59.109230
v -117.374588 3.093812 -59.109230
v -116.963318 3.093812 -59.109230
v -116.016441 2.177074 -64.885315
v -115.605171 2.177074 -64.885315
v -115.605171 3.093812 -64.885315
v -116.016441 3.093812 -64.885315
v -117.374588 2.177074 -64.885315
v -116.963318 2.177074 -64.885315
v -116.963318 3.093812 -64.885315
v -117.374588 3.093812 -64.885315
v -118.732742 2.177074 -64.885315
v -118.321465 2.177074 -64.885315
v -118.321465 3.093812 -64.885315
v -118.732742 3.093812 -64.885315
v -120.090889 2.177074 -64.885315
v -119.679611 2.177074 -64.885315
v -119.679611 3.093812 -64.885315
v -120.090889 3.093812 -64.885315
v -121.449036 2.177074 -64.885315
v -121.037766 2.177074 -64.885315
v -121.037766 3.093812 -64.885315
v -121.449036 3.093812 -64.885315
v -123.092705 2.177074 -63.862923
v -123.092705 2.177074 -64.673149
v -123.092705 3.093812 -64.673149
v -123.092705 3.093812 -63.862923
v -123.092705 2.177074 -62.349079
v -123.092705 2.177074 -63.159306
v -123.092705 3.093812 -63.159306
v -123.092705 3.093812 -62.349079
v -123.092705 2.177074 -60.835239
v -123.092705 2.177074 -61.645466
v -123.092705 3.093812 -61.645466
v -123.092705 3.093812 -60.835239
v -115.319649 2.177074 -60.131622
v -115.319649 2.177074 -59.321396
v -115.319649 3.093812 -59.321396
v -115.319649 3.093812 -60.131622
v -115.319649 2.177074 -61.645466
v -115.319649 2.177074 -60.835239
v -115.319649 3.093812 -60.835239
v -115.319649 3.093812 -61.645466
v -115.319649 2.177074 -63.159306
v -115.319649 2.177074 -62.349079
v -115.319649 3.093812 -62.349079
v -115.319649 3.093812 -63.159306
v -123.280624 3.503438 -58.969589
v -115.131729 3.503438 -58.969589
v -123.280624 3.503438 -65.024956
v -115.131729 3.503438 -65.024956
v -123.280624 4.819912 -65.024956
v -123.280624 4.819912 -58.969589
v -115.131729 4.819912 -58.969589
v -115.131729 4.819912 -65.024956
v -123.280624 5.113342 -65.024956
v -123.280624 5.113342 -58.969589
v -115.131729 5.113342 -58.969589
v -115.131729 5.113342 -65.024956
v -123.792809 4.819912 -65.405563
v -123.792809 4.819912 -58.588985
v -114.619545 4.819912 -58.588985
v -114.619545 4.819912 -65.405563
v -123.792809 5.113342 -65.405563
v -123.792809 5.113342 -58.588985
v -114.619545 5.113342 -58.588985
v -114.619545 5.113342 -65.405563
v -121.922470 3.503438 -58.969589
v -120.564323 3.503438 -58.969589
v -119.206177 3.503438 -58.969589
v -117.848030 3.503438 -58.969589
v -116.489883 3.503438 -58.969589
v -116.489883 3.503438 -65.024956
v -117.848030 3.503438 -65.024956
v -119.206177 3.503438 -65.024956
v -120.564323 3.503438 -65.024956
v -121.922470 3.503438 -65.024956
v -121.922470 4.819912 -58.969589
v -120.564323 4.819912 -58.969589
v -119.206177 4.819912 -58.969589
v -117.848030 4.819912 -58.969589
v -116.489883 4.819912 -58.969589
v -116.489883 4.819912 -65.024956
v -117.848030 4.819912 -65.024956
v -119.206177 4.819912 -65.024956
v -120.564323 4.819912 -65.024956
v -121.922470 4.819912 -65.024956
v -121.922470 5.113342 -58.969589
v -120.564323 5.113342 -58.969589
v -119.206177 5.113342 -58.969589
v -117.848030 5.113342 -58.969589
v -116.489883 5.113342 -58.969589
v -116.489883 5.113342 -65.024956
v -117.848030 5.113342 -65.024956
v -119.206177 5.113342 -65.024956
v -120.564323 5.113342 -65.024956
v -121.922470 5.113342 -65.024956
v -122.263931 4.819912 -58.588985
v -120.735054 4.819912 -58.588985
v -119.206177 4.819912 -58.588985
v -117.677299 4.819912 -58.588985
v -116.148422 4.819912 -58.588985
v -116.148422 4.819912 -65.405563
v -117.677299 4.819912 -65.405563
v -119.206177 4.819912 -65.405563
v -120.735054 4.819912 -65.405563
v -122.263931 4.819912 -65.405563
v -122.263931 5.113342 -58.588985
v -120.735054 5.113342 -58.588985
v -119.206177 5.113342 -58.588985
v -117.677299 5.113342 -58.588985
v -116.148422 5.113342 -58.588985
v -116.148422 5.113342 -65.405563
v -117.677299 5.113342 -65.405563
v -119.206177 5.113342 -65.405563
v -120.735054 5.113342 -65.405563
v -122.263931 5.113342 -65.405563
v -123.280624 3.503438 -63.511116
v -123.280624 3.503438 -61.997272
v -123.280624 3.503438 -60.483429
v -115.131729 3.503438 -60.483429
v -115.131729 3.503438 -61.997272
v -115.131729 3.503438 -63.511116
v -123.280624 4.819912 -63.511116
v -123.280624 4.819912 -61.997272
v -123.280624 4.819912 -60.483429
v -115.131729 4.819912 -60.483429
v -115.131729 4.819912 -61.997272
v -115.131729 4.819912 -63.511116
v -123.280624 5.113342 -63.511116
v -123.280624 5.113342 -61.997272
v -123.280624 5.113342 -60.483429
v -115.131729 5.113342 -60.483429
v -115.131729 5.113342 -61.997272
v -115.131729 5.113342 -63.511116
v -123.792809 4.819912 -63.701416
v -123.792809 4.819912 -61.997272
v -123.792809 4.819912 -60.293129
v -114.619545 4.819912 -60.293129
v -114.619545 4.819912 -61.997272
v -114.619545 4.819912 -63.701416
v -123.792809 5.113342 -63.701416
v -123.792809 5.113342 -61.997272
v -123.792809 5.113342 -60.293129
v -114.619545 5.113342 -60.293129
v -114.619545 5.113342 -61.997272
v -114.619545 5.113342 -63.701416
v -121.922470 5.113342 -60.483429
v -121.922470 5.113342 -61.997272
v -121.922470 5.113342 -63.511116
v -120.564323 5.113342 -60.483429
v -120.564323 5.113342 -61.997272
v -120.564323 5.113342 -63.511116
v -119.206177 5.113342 -60.483429
v -119.206177 5.113342 -61.997272
v -119.206177 5.113342 -63.511116
v -117.848030 5.113342 -60.483429
v -117.848030 5.113342 -61.997272
v -117.848030 5.113342 -63.511116
v -116.489883 5.113342 -60.483429
v -116.489883 5.113342 -61.997272
v -116.489883 5.113342 -63.511116
v -121.922470 3.503438 -63.511116
v -121.922470 3.503438 -61.997272
v -121.922470 3.503438 -60.483429
v -120.564323 3.503438 -63.511116
v -120.564323 3.503438 -61.997272
v -120.564323 3.503438 -60.483429
v -119.206177 3.503438 -63.511116
v -119.206177 3.503438 -61.997272
v -119.206177 3.503438 -60.483429
v -117.848030 3.503438 -63.511116
v -117.848030 3.503438 -61.997272
v -117.848030 3.503438 -60.483429
v -116.489883 3.503438 -63.511116
v -116.489883 3.503438 -61.997272
v -116.489883 3.503438 -60.483429
v -115.131729 3.670781 -65.024956
v -115.131729 3.670781 -58.969589
v -123.280624 3.670781 -58.969589
v -123.280624 3.670781 -65.024956
v -121.922470 3.670781 -58.969589
v -120.564323 3.670781 -58.969589
v -119.206177 3.670781 -58.969589
v -117.848030 3.670781 -58.969589
v -116.489883 3.670781 -58.969589
v -116.489883 3.670781 -65.024956
v -117.848030 3.670781 -65.024956
v -119.206177 3.670781 -65.024956
v -120.564323 3.670781 -65.024956
v -121.922470 3.670781 -65.024956
v -123.280624 3.670781 -63.511116
v -123.280624 3.670781 -61.997272
v -123.280624 3.670781 -60.483429
v -115.131729 3.670781 -60.483429
v -115.131729 3.670781 -61.997272
v -115.131729 3.670781 -63.511116
v -115.131729 3.786978 -63.862923
v -115.131729 3.786978 -64.673149
v -115.131729 4.703715 -64.673149
v -115.131729 4.703715 -63.862923
v -123.280624 3.786978 -60.131622
v -123.280624 3.786978 -59.321396
v -123.280624 4.703715 -59.321396
v -123.280624 4.703715 -60.131622
v -122.395912 3.786978 -65.024956
v -122.807182 3.786978 -65.024956
v -122.807182 4.703715 -65.024956
v -122.395912 4.703715 -65.024956
v -116.016441 3.786978 -58.969589
v -115.605171 3.786978 -58.969589
v -115.605171 4.703715 -58.969589
v -116.016441 4.703715 -58.969589
v -122.807182 3.786978 -58.969589
v -122.395912 3.786978 -58.969589
v -122.395912 4.703715 -58.969589
v -122.807182 4.703715 -58.969589
v -121.449036 3.786978 -58.969589
v -121.037766 3.786978 -58.969589
v -121.037766 4.703715 -58.969589
v -121.449036 4.703715 -58.969589
v -120.090889 3.786978 -58.969589
v -119.679611 3.786978 -58.969589
v -119.679611 4.703715 -58.969589
v -120.090889 4.703715 -58.969589
v -118.732742 3.786978 -58.969589
v -118.321465 3.786978 -58.969589
v -118.321465 4.703715 -58.969589
v -118.732742 4.703715 -58.969589
v -117.374588 3.786978 -58.969589
v -116.963318 3.786978 -58.969589
v -116.963318 4.703715 -58.969589
v -117.374588 4.703715 -58.969589
v -115.605171 3.786978 -65.024956
v -116.016441 3.786978 -65.024956
v -116.016441 4.703715 -65.024956
v -115.605171 4.703715 -65.024956
v -116.963318 3.786978 -65.024956
v -117.374588 3.786978 -65.024956
v -117.374588 4.703715 -65.024956
v -116.963318 4.703715 -65.024956
v -118.321465 3.786978 -65.024956
v -118.732742 3.786978 -65.024956
v -118.732742 4.703715 -65.024956
v -118.321465 4.703715 -65.024956
v -119.679611 3.786978 -65.024956
v -120.090889 3.786978 -65.024956
v -120.090889 4.703715 -65.024956
v -119.679611 4.703715 -65.024956
v -121.037766 3.786978 -65.024956
v -121.449036 3.786978 -65.024956
v -121.449036 4.703715 -65.024956
v -121.037766 4.703715 -65.024956
v -123.280624 3.786978 -64.673149
v -123.280624 3.786978 -63.862923
v -123.280624 4.703715 -63.862923
v -123.280624 4.703715 -64.673149
v -123.280624 3.786978 -63.159306
v -123.280624 3.786978 -62.349079
v -123.280624 4.703715 -62.349079
v -123.280624 4.703715 -63.159306
v -123.280624 3.786978 -61.645466
v -123.280624 3.786978 -60.835239
v -123.280624 4.703715 -60.835239
v -123.280624 4.703715 -61.645466
v -115.131729 3.786978 -59.321396
v -115.131729 3.786978 -60.131622
v -115.131729 4.703715 -60.131622
v -115.131729 4.703715 -59.321396
v -115.131729 3.786978 -60.835239
v -115.131729 3.786978 -61.645466
v -115.131729 4.703715 -61.645466
v -115.131729 4.703715 -60.835239
v -115.131729 3.786978 -62.349079
v -115.131729 3.786978 -63.159306
v -115.131729 4.703715 -63.159306
v -115.131729 4.703715 -62.349079
v -115.319649 3.786978 -64.673149
v -115.319649 3.786978 -63.862923
v -115.319649 4.703715 -63.862923
v -115.319649 4.703715 -64.673149
v -123.092705 3.786978 -59.321396
v -123.092705 3.786978 -60.131622
v -123.092705 4.703715 -60.131622
v -123.092705 4.703715 -59.321396
v -122.807182 3.786978 -64.885315
v -122.395912 3.786978 -64.885315
v -122.395912 4.703715 -64.885315
v -122.807182 4.703715 -64.885315
v -115.605171 3.786978 -59.109230
v -116.016441 3.786978 -59.109230
v -116.016441 4.703715 -59.109230
v -115.605171 4.703715 -59.109230
v -122.395912 3.786978 -59.109230
v -122.807182 3.786978 -59.109230
v -122.807182 4.703715 -59.109230
v -122.395912 4.703715 -59.109230
v -121.037766 3.786978 -59.109230
v -121.449036 3.786978 -59.109230
v -121.449036 4.703715 -59.109230
v -121.037766 4.703715 -59.109230
v -119.679611 3.786978 -59.109230
v -120.090889 3.786978 -59.109230
v -120.090889 4.703715 -59.109230
v -119.679611 4.703715 -59.109230
v -118.321465 3.786978 -59.109230
v -118.732742 3.786978 -59.109230
v -118.732742 4.703715 -59.109230
v -118.321465 4.703715 -59.109230
v -116.963318 3.786978 -59.109230
v -117.374588 3.786978 -59.109230
v -117.374588 4.703715 -59.109230
v -116.963318 4.703715 -59.109230
v -116.016441 3.786978 -64.885315
v -115.605171 3.786978 -64.885315
v -115.605171 4.703715 -64.885315
v -116.016441 4.703715 -64.885315
v -117.374588 3.786978 -64.885315
v -116.963318 3.786978 -64.885315
v -116.963318 4.703715 -64.885315
v -117.374588 4.703715 -64.885315
v -118.732742 3.786978 -64.885315
v -118.321465 3.786978 -64.885315
v -118.321465 4.703715 -64.885315
v -118.732742 4.703715 -64.885315
v -120.090889 3.786978 -64.885315
v -119.679611 3.786978 -64.885315
v -119.679611 4.703715 -64.885315
v -120.090889 4.703715 -64.885315
v -121.449036 3.786978 -64.885315
v -121.037766 3.786978 -64.885315
v -121.037766 4.703715 -64.885315
v -121.449036 4.703715 -64.885315
v -123.092705 3.786978 -63.862923
v -123.092705 3.786978 -64.673149
v -123.092705 4.703715 -64.673149
v -123.092705 4.703715 -63.862923
v -123.092705 3.786978 -62.349079
v -123.092705 3.786978 -63.159306
v -123.092705 4.703715 -63.159306
v -123.092705 4.703715 -62.349079
v -123.092705 3.786978 -60.835239
v -123.092705 3.786978 -61.645466
v -123.092705 4.703715 -61.645466
v -123.092705 4.703715 -60.835239
v -115.319649 3.786978 -60.131622
v -115.319649 3.786978 -59.321396
v -115.319649 4.703715 -59.321396
v -115.319649 4.703715 -60.131622
v -115.319649 3.786978 -61.645466
v -115.319649 3.786978 -60.835239
v -115.319649 4.703715 -60.835239
v -115.319649 4.703715 -61.645466
v -115.319649 3.786978 -63.159306
v -115.319649 3.786978 -62.349079
v -115.319649 4.703715 -62.349079
v -115.319649 4.703715 -63.159306
v -123.280624 5.113342 -58.969589
v -115.131729 5.113342 -58.969589
v -123.280624 5.113342 -65.024956
v -115.131729 5.113342 -65.024956
v -123.280624 6.429817 -65.024956
v -123.280624 6.429817 -58.969589
v -115.131729 6.429817 -58.969589
v -115.131729 6.429817 -65.024956
v -123.280624 6.723246 -65.024956
v -123.280624 6.723246 -58.969589
v -115.131729 6.723246 -58.969589
v -115.131729 6.723246 -65.024956
v -123.792809 6.429817 -65.405563
v -123.792809 6.429817 -58.588985
v -114.619545 6.429817 -58.588985
v -114.619545 6.429817 -65.405563
v -123.792809 6.723246 -65.405563
v -123.792809 6.723246 -58.588985
v -114.619545 6.723246 -58.588985
v -114.619545 6.723246 -65.405563
v -121.922470 5.113342 -58.969589
v -120.564323 5.113342 -58.969589
v -119.206177 5.113342 -58.969589
v -117.848030 5.113342 -58.969589
v -116.489883 5.113342 -58.969589
v -116.489883 5.113342 -65.024956
v -117.848030 5.113342 -65.024956
v -119.206177 5.113342 -65.024956
v -120.564323 5.113342 -65.024956
v -121.922470 5.113342 -65.024956
v -121.922470 6.429817 -58.969589
v -120.564323 6.429817 -58.969589
v -119.206177 6.429817 -58.969589
v -117.848030 6.429817 -58.969589
v -116.489883 6.429817 -58.969589
v -116.489883 6.429817 -65.024956
v -117.848030 6.429817 -65.024956
v -119.206177 6.429817 -65.024956
v -120.564323 6.429817 -65.024956
v -121.922470 6.429817 -65.024956
v -121.922470 6.723246 -58.969589
v -120.564323 6.723246 -58.969589
v -119.206177 6.723246 -58.969589
v -117.848030 6.723246 -58.969589
v -116.489883 6.723246 -58.969589
v -116.489883 6.723246 -65.024956
v -117.848030 6.723246 -65.024956
v -119.206177 6.723246 -65.024956
v -120.564323 6.723246 -65.024956
v -121.922470 6.723246 -65.024956
v -122.263931 6.429817 -58.588985
v -120.735054 6.429817 -58.588985
v -119.206177 6.429817 -58.588985
v -117.677299 6.429817 -58.588985
v -116.148422 6.429817 -58.588985
v -116.148422 6.429817 -65.405563
v -117.677299 6.429817 -65.405563
v -119.206177 6.429817 -65.405563
v -120.735054 6.429817 -65.405563
v -122.263931 6.429817 -65.405563
v -122.263931 6.723246 -58.588985
v -120.735054 6.723246 -58.588985
v -119.206177 6.723246 -58.588985
v -117.677299 6.723246 -58.588985
v -116.148422 6.723246 -58.588985
v -116.148422 6.723246 -65.405563
v -117.677299 6.723246 -65.405563
v -119.206177 6.723246 -65.405563
v -120.735054 6.723246 -65.405563
v -122.263931 6.723246 -65.405563
v -123.280624 5.113342 -63.511116
v -123.280624 5.113342 -61.997272
v -123.280624 5.113342 -60.483429
v -115.131729 5.113342 -60.483429
v -115.131729 5.113342 -61.997272
v -115.131729 5.113342 -63.511116
v -123.280624 6.429817 -63.511116
v -123.280624 6.429817 -61.997272
v -123.280624 6.429817 -60.483429
v -115.131729 6.429817 -60.483429
v -115.131729 6.429817 -61.997272
v -115.131729 6.429817 -63.511116
v -123.280624 6.723246 -63.511116
v -123.280624 6.723246 -61.997272
v -123.280624 6.723246 -60.483429
v -115.131729 6.723246 -60.483429
v -115.131729 6.723246 -61.997272
v -115.131729 6.723246 -63.511116
v -123.792809 6.429817 -63.701416
v -123.792809 6.429817 -61.997272
v -123.792809 6.429817 -60.293129
v -114.619545 6.429817 -60.293129
v -114.619545 6.429817 -61.997272
v -114.619545 6.429817 -63.701416
v -123.792809 6.723246 -63.701416
v -123.792809 6.723246 -61.997272
v -123.792809 6.723246 -60.293129
v -114.619545 6.723246 -60.293129
v -114.619545 6.723246 -61.997272
v -114.619545 6.723246 -63.701416
v -121.922470 6.723246 -60.483429
v -121.922470 6.723246 -61.997272
v -121.922470 6.723246 -63.511116
v -120.564323 6.723246 -60.483429
v -120.564323 6.723246 -61.997272
v -120.564323 6.723246 -63.511116
v -119.206177 6.723246 -60.483429
v -119.206177 6.723246 -61.997272
v -119.206177 6.723246 -63.511116
v -117.848030 6.723246 -60.483429
v -117.848030 6.723246 -61.997272
v -117.848030 6.723246 -63.511116
v -116.489883 6.723246 -60.483429
v -116.489883 6.723246 -61.997272
v -116.489883 6.723246 -63.511116
v -121.922470 5.113342 -63.511116
v -121.922470 5.113342 -61.997272
v -121.922470 5.113342 -60.483429
v -120.564323 5.113342 -63.511116
v -120.564323 5.113342 -61.997272
v -120.564323 5.113342 -60.483429
v -119.206177 5.113342 -63.511116
v -119.206177 5.113342 -61.997272
v -119.206177 5.113342 -60.483429
v -117.848030 5.113342 -63.511116
v -117.848030 5.113342 -61.997272
v -117.848030 5.113342 -60.483429
v -116.489883 5.113342 -63.511116
v -116.489883 5.113342 -61.997272
v -116.489883 5.113342 -60.483429
v -115.131729 5.280685 -65.024956
v -115.131729 5.280685 -58.969589
v -123.280624 5.280685 -58.969589
v -123.280624 5.280685 -65.024956
v -121.922470 5.280685 -58.969589
v -120.564323 5.280685 -58.969589
v -119.206177 5.280685 -58.969589
v -117.848030 5.280685 -58.969589
v -116.489883 5.280685 -58.969589
v -116.489883 5.280685 -65.024956
v -117.848030 5.280685 -65.024956
v -119.206177 5.280685 -65.024956
v -120.564323 5.280685 -65.024956
v -121.922470 5.280685 -65.024956
v -123.280624 5.280685 -63.511116
v -123.280624 5.280685 -61.997272
v -123.280624 5.280685 -60.483429
v -115.131729 5.280685 -60.483429
v -115.131729 5.280685 -61.997272
v -115.131729 5.280685 -63.511116
v -115.131729 5.396883 -63.862923
v -115.131729 5.396883 -64.673149
v -115.131729 6.313620 -64.673149
v -115.131729 6.313620 -63.862923
v -123.280624 5.396883 -60.131622
v -123.280624 5.396883 -59.321396
v -123.280624 6.313620 -59.321396
v -123.280624 6.313620 -60.131622
v -122.395912 5.396883 -65.024956
v -122.807182 5.396883 -65.024956
v -122.807182 6.313620 -65.024956
v -122.395912 6.313620 -65.024956
v -116.016441 5.396883 -58.969589
v -115.605171 5.396883 -58.969589
v -115.605171 6.313620 -58.969589
v -116.016441 6.313620 -58.969589
v -122.807182 5.396883 -58.969589
v -122.395912 5.396883 -58.969589
v -122.395912 6.313620 -58.969589
v -122.807182 6.313620 -58.969589
v -121.449036 5.396883 -58.969589
v -121.037766 5.396883 -58.969589
v -121.037766 6.313620 -58.969589
v -121.449036 6.313620 -58.969589
v -120.090889 5.396883 -58.969589
v -119.679611 5.396883 -58.969589
v -119.679611 6.313620 -58.969589
v -120.090889 6.313620 -58.969589
v -118.732742 5.396883 -58.969589
v -118.321465 5.396883 -58.969589
v -118.321465 6.313620 -58.969589
v -118.732742 6.313620 -58.969589
v -117.374588 5.396883 -58.969589
v -116.963318 5.396883 -58.969589
v -116.963318 6.313620 -58.969589
v -117.374588 6.313620 -58.969589
v -115.605171 5.396883 -65.024956
v -116.016441 5.396883 -65.024956
v -116.016441 6.313620 -65.024956
v -115.605171 6.313620 -65.024956
v -116.963318 5.396883 -65.024956
v -117.374588 5.396883 -65.024956
v -117.374588 6.313620 -65.024956
v -116.963318 6.313620 -65.024956
v -118.321465 5.396883 -65.024956
v -118.732742 5.396883 -65.024956
v -118.732742 6.313620 -65.024956
v -118.321465 6.313620 -65.024956
v -119.679611 5.396883 -65.024956
v -120.090889 5.396883 -65.024956
v -120.090889 6.313620 -65.024956
v -119.679611 6.313620 -65.024956
v -121.037766 5.396883 -65.024956
v -121.449036 5.396883 -65.024956
v -121.449036 6.313620 -65.024956
v -121.037766 6.313620 -65.024956
v -123.280624 5.396883 -64.673149
v -123.280624 5.396883 -63.862923
v -123.280624 6.313620 -63.862923
v -123.280624 6.313620 -64.673149
v -123.280624 5.396883 -63.159306
v -123.280624 5.396883 -62.349079
v -123.280624 6.313620 -62.349079
v -123.280624 6.313620 -63.159306
v -123.280624 5.396883 -61.645466
v -123.280624 5.396883 -60.835239
v -123.280624 6.313620 -60.835239
v -123.280624 6.313620 -61.645466
v -115.131729 5.396883 -59.321396
v -115.131729 5.396883 -60.131622
v -115.131729 6.313620 -60.131622
v -115.131729 6.313620 -59.321396
v -115.131729 5.396883 -60.835239
v -115.131729 5.396883 -61.645466
v -115.131729 6.313620 -61.645466
v -115.131729 6.313620 -60.835239
v -115.131729 5.396883 -62.349079
v -115.131729 5.396883 -63.159306
v -115.131729 6.313620 -63.159306
v -115.131729 6.313620 -62.349079
v -115.319649 5.396883 -64.673149
v -115.319649 5.396883 -63.862923
v -115.319649 6.313620 -63.862923
v -115.319649 6.313620 -64.673149
v -123.092705 5.396883 -59.321396
v -123.092705 5.396883 -60.131622
v -123.092705 6.313620 -60.131622
v -123.092705 6.313620 -59.321396
v -122.807182 5.396883 -64.885315
v -122.395912 5.396883 -64.885315
v -122.395912 6.313620 -64.885315
v -122.807182 6.313620 -64.885315
v -115.605171 5.396883 -59.109230
v -116.016441 5.396883 -59.109230
v -116.016441 6.313620 -59.109230
v -115.605171 6.313620 -59.109230
v -122.395912 5.396883 -59.109230
v -122.807182 5.396883 -59.109230
v -122.807182 6.313620 -59.109230
v -122.395912 6.313620 -59.109230
v -121.037766 5.396883 -59.109230
v -121.449036 5.396883 -59.109230
v -121.449036 6.313620 -59.109230
v -121.037766 6.313620 -59.109230
v -119.679611 5.396883 -59.109230
v -120.090889 5.396883 -59.109230
v -120.090889 6.313620 -59.109230
v -119.679611 6.313620 -59.109230
v -118.321465 5.396883 -59.109230
v -118.732742 5.396883 -59.109230
v -118.732742 6.313620 -59.109230
v -118.321465 6.313620 -59.109230
v -116.963318 5.396883 -59.109230
v -117.374588 5.396883 -59.109230
v -117.374588 6.313620 -59.109230
v -116.963318 6.313620 -59.109230
v -116.016441 5.396883 -64.885315
v -115.605171 5.396883 -64.885315
v -115.605171 6.313620 -64.885315
v -116.016441 6.313620 -64.885315
v -117.374588 5.396883 -64.885315
v -116.963318 5.396883 -64.885315
v -116.963318 6.313620 -64.885315
v -117.374588 6.313620 -64.885315
v -118.732742 5.396883 -64.885315
v -118.321465 5.396883 -64.885315
v -118.321465 6.313620 -64.885315
v -118.732742 6.313620 -64.885315
v -120.090889 5.396883 -64.885315
v -119.679611 5.396883 -64.885315
v -119.679611 6.313620 -64.885315
v -120.090889 6.313620 -64.885315
v -121.449036 5.396883 -64.885315
v -121.037766 5.396883 -64.885315
v -121.037766 6.313620 -64.885315
v -121.449036 6.313620 -64.885315
v -123.092705 5.396883 -63.862923
v -123.092705 5.396883 -64.673149
v -123.092705 6.313620 -64.673149
v -123.092705 6.313620 -63.862923
v -123.092705 5.396883 -62.349079
v -123.092705 5.396883 -63.159306
v -123.092705 6.313620 -63.159306
v -123.092705 6.313620 -62.349079
v -123.092705 5.396883 -60.835239
v -123.092705 5.396883 -61.645466
v -123.092705 6.313620 -61.645466
v -123.092705 6.313620 -60.835239
v -115.319649 5.396883 -60.131622
v -115.319649 5.396883 -59.321396
v -115.319649 6.313620 -59.321396
v -115.319649 6.313620 -60.131622
v -115.319649 5.396883 -61.645466
v -115.319649 5.396883 -60.835239
v -115.319649 6.313620 -60.835239
v -115.319649 6.313620 -61.645466
v -115.319649 5.396883 -63.159306
v -115.319649 5.396883 -62.349079
v -115.319649 6.313620 -62.349079
v -115.319649 6.313620 -63.159306
v -123.280624 6.723246 -58.969589
v -115.131729 6.723246 -58.969589
v -123.280624 6.723246 -65.024956
v -115.131729 6.723246 -65.024956
v -123.280624 8.039721 -65.024956
v -123.280624 8.039721 -58.969589
v -115.131729 8.039721 -58.969589
v -115.131729 8.039721 -65.024956
v -123.280624 8.333150 -65.024956
v -123.280624 8.333150 -58.969589
v -115.131729 8.333150 -58.969589
v -115.131729 8.333150 -65.024956
v -123.792809 8.039721 -65.405563
v -123.792809 8.039721 -58.588985
v -114.619545 8.039721 -58.588985
v -114.619545 8.039721 -65.405563
v -123.792809 8.333150 -65.405563
v -123.792809 8.333150 -58.588985
v -114.619545 8.333150 -58.588985
v -114.619545 8.333150 -65.405563
v -121.922470 6.723246 -58.969589
v -120.564323 6.723246 -58.969589
v -119.206177 6.723246 -58.969589
v -117.848030 6.723246 -58.969589
v -116.489883 6.723246 -58.969589
v -116.489883 6.723246 -65.024956
v -117.848030 6.723246 -65.024956
v -119.206177 6.723246 -65.024956
v -120.564323 6.723246 -65.024956
v -121.922470 6.723246 -65.024956
v -121.922470 8.039721 -58.969589
v -120.564323 8.039721 -58.969589
v -119.206177 8.039721 -58.969589
v -117.848030 8.039721 -58.969589
v -116.489883 8.039721 -58.969589
v -116.489883 8.039721 -65.024956
v -117.848030 8.039721 -65.024956
v -119.206177 8.039721 -65.024956
v -120.564323 8.039721 -65.024956
v -121.922470 8.039721 -65.024956
v -121.922470 8.333150 -58.969589
v -120.564323 8.333150 -58.969589
v -119.206177 8.333150 -58.969589
v -117.848030 8.333150 -58.969589
v -116.489883 8.333150 -58.969589
v -116.489883 8.333150 -65.024956
v -117.848030 8.333150 -65.024956
v -119.206177 8.333150 -65.024956
v -120.564323 8.333150 -65.024956
v -121.922470 8.333150 -65.024956
v -122.263931 8.039721 -58.588985
v -120.735054 8.039721 -58.588985
v -119.206177 8.039721 -58.588985
v -117.677299 8.039721 -58.588985
v -116.148422 8.039721 -58.588985
v -116.148422 8.039721 -65.405563
v -117.677299 8.039721 -65.405563
v -119.206177 8.039721 -65.405563
v -120.735054 8.039721 -65.405563
v -122.263931 8.039721 -65.405563
v -122.263931 8.333150 -58.588985
v -120.735054 8.333150 -58.588985
v -119.206177 8.333150 -58.588985
v -117.677299 8.333150 -58.588985
v -116.148422 8.333150 -58.588985
v -116.148422 8.333150 -65.405563
v -117.677299 8.333150 -65.405563
v -119.206177 8.333150 -65.405563
v -120.735054 8.333150 -65.405563
v -122.263931 8.333150 -65.405563
v -123.280624 6.723246 -63.511116
v -123.280624 6.723246 -61.997272
v -123.280624 6.723246 -60.483429
v -115.131729 6.723246 -60.483429
v -115.131729 6.723246 -61.997272
v -115.131729 6.723246 -63.511116
v -123.280624 8.039721 -63.511116
v -123.280624 8.039721 -61.997272
v -123.280624 8.039721 -60.483429
v -115.131729 8.039721 -60.483429
v -115.131729 8.039721 -61.997272
v -115.131729 8.039721 -63.511116
v -123.280624 8.333150 -63.511116
v -123.280624 8.333150 -61.997272
v -123.280624 8.333150 -60.483429
v -115.131729 8.333150 -60.483429
v -115.131729 8.333150 -61.997272
v -115.131729 8.333150 -63.511116
v -123.792809 8.039721 -63.701416
v -123.792809 8.039721 -61.997272
v -123.792809 8.039721 -60.293129
v -114.619545 8.039721 -60.293129
v -114.619545 8.039721 -61.997272
v -114.619545 8.039721 -63.701416
v -123.792809 8.333150 -63.701416
v -123.792809 8.333150 -61.997272
v -123.792809 8.333150 -60.293129
v -114.619545 8.333150 -60.293129
v -114.619545 8.333150 -61.997272
v -114.619545 8.333150 -63.701416
v -121.922470 8.333150 -60.483429
v -121.922470 8.333150 -61.997272
v -121.922470 8.333150 -63.511116
v -120.564323 8.333150 -60.483429
v -120.564323 8.333150 -61.997272
v -120.564323 8.333150 -63.511116
v -119.206177 8.333150 -60.483429
v -119.206177 8.333150 -61.997272
v -119.206177 8.333150 -63.511116
v -117.848030 8.333150 -60.483429
v -117.848030 8.333150 -61.997272
v -117.848030 8.333150 -63.511116
v -116.489883 8.333150 -60.483429
v -116.489883 8.333150 -61.997272
v -116.489883 8.333150 -63.511116
v -121.922470 6.723246 -63.511116
v -121.922470 6.723246 -61.997272
v -121.922470 6.723246 -60.483429
v -120.564323 6.723246 -63.511116
v -120.564323 6.723246 -61.997272
v -120.564323 6.723246 -60.483429
v -119.206177 6.723246 -63.511116
v -119.206177 6.723246 -61.997272
v -119.206177 6.723246 -60.483429
v -117.848030 6.723246 -63.511116
v -117.848030 6.723246 -61.997272
v -117.848030 6.723246 -60.483429
v -116.489883 6.723246 -63.511116
v -116.489883 6.723246 -61.997272
v -116.489883 6.723246 -60.483429
v -115.131729 6.890589 -65.024956
v -115.131729 6.890589 -58.969589
v -123.280624 6.890589 -58.969589
v -123.280624 6.890589 -65.024956
v -121.922470 6.890589 -58.969589
v -120.564323 6.890589 -58.969589
v -119.206177 6.890589 -58.969589
v -117.848030 6.890589 -58.969589
v -116.489883 6.890589 -58.969589
v -116.489883 6.890589 -65.024956
v -117.848030 6.890589 -65.024956
v -119.206177 6.890589 -65.024956
v -120.564323 6.890589 -65.024956
v -121.922470 6.890589 -65.024956
v -123.280624 6.890589 -63.511116
v -123.280624 6.890589 -61.997272
v -123.280624 6.890589 -60.483429
v -115.131729 6.890589 -60.483429
v -115.131729 6.890589 -61.997272
v -115.131729 6.890589 -63.511116
v -115.131729 7.006786 -63.862923
v -115.131729 7.006786 -64.673149
v -115.131729 7.923523 -64.673149
v -115.131729 7.923523 -63.862923
v -123.280624 7.006786 -60.131622
v -123.280624 7.006786 -59.321396
v -123.280624 7.923523 -59.321396
v -123.280624 7.923523 -60.131622
v -122.395912 7.006786 -65.024956
v -122.807182 7.006786 -65.024956
v -122.807182 7.923523 -65.024956
v -122.395912 7.923523 -65.024956
v -116.016441 7.006786 -58.969589
v -115.605171 7.006786 -58.969589
v -115.605171 7.923523 -58.969589
v -116.016441 7.923523 -58.969589
v -122.807182 7.006786 -58.969589
v -122.395912 7.006786 -58.969589
v -122.395912 7.923523 -58.969589
v -122.807182 7.923523 -58.969589
v -121.449036 7.006786 -58.969589
v -121.037766 7.006786 -58.969589
v -121.037766 7.923523 -58.969589
v -121.449036 7.923523 -58.969589
v -120.090889 7.006786 -58.969589
v -119.679611 7.006786 -58.969589
v -119.679611 7.923523 -58.969589
v -120.090889 7.923523 -58.969589
v -118.732742 7.006786 -58.969589
v -118.321465 7.006786 -58.969589
v -118.321465 7.923523 -58.969589
v -118.732742 7.923523 -58.969589
v -117.374588 7.006786 -58.969589
v -116.963318 7.006786 -58.969589
v -116.963318 7.923523 -58.969589
v -117.374588 7.923523 -58.969589
v -115.605171 7.006786 -65.024956
v -116.016441 7.006786 -65.024956
v -116.016441 7.923523 -65.024956
v -115.605171 7.923523 -65.024956
v -116.963318 7.006786 -65.024956
v -117.374588 7.006786 -65.024956
v -117.374588 7.923523 -65.024956
v -116.963318 7.923523 -65.024956
v -118.321465 7.006786 -65.024956
v -118.732742 7.006786 -65.024956
v -118.732742 7.923523 -65.024956
v -118.321465 7.923523 -65.024956
v -119.679611 7.006786 -65.024956
v -120.090889 7.006786 -65.024956
v -120.090889 7.923523 -65.024956
v -119.679611 7.923523 -65.024956
v -121.037766 7.006786 -65.024956
v -121.449036 7.006786 -65.024956
v -121.449036 7.923523 -65.024956
v -121.037766 7.923523 -65.024956
v -123.280624 7.006786 -64.673149
v -123.280624 7.006786 -63.862923
v -123.280624 7.923523 -63.862923
v -123.280624 7.923523 -64.673149
v -123.280624 7.006786 -63.159306
v -123.280624 7.006786 -62.349079
v -123.280624 7.923523 -62.349079
v -123.280624 7.923523 -63.159306
v -123.280624 7.006786 -61.645466
v -123.280624 7.006786 -60.835239
v -123.280624 7.923523 -60.835239
v -123.280624 7.923523 -61.645466
v -115.131729 7.006786 -59.321396
v -115.131729 7.006786 -60.131622
v -115.131729 7.923523 -60.131622
v -115.131729 7.923523 -59.321396
v -115.131729 7.006786 -60.835239
v -115.131729 7.006786 -61.645466
v -115.131729 7.923523 -61.645466
v -115.131729 7.923523 -60.835239
v -115.131729 7.006786 -62.349079
v -115.131729 7.006786 -63.159306
v -115.131729 7.923523 -63.159306
v -115.131729 7.923523 -62.349079
v -115.319649 7.006786 -64.673149
v -115.319649 7.006786 -63.862923
v -115.319649 7.923523 -63.862923
v -115.319649 7.923523 -64.673149
v -123.092705 7.006786 -59.321396
v -123.092705 7.006786 -60.131622
v -123.092705 7.923523 -60.131622
v -123.092705 7.923523 -59.321396
v -122.807182 7.006786 -64.885315
v -122.395912 7.006786 -64.885315
v -122.395912 7.923523 -64.885315
v -122.807182 7.923523 -64.885315
v -115.605171 7.006786 -59.109230
v -116.016441 7.006786 -59.109230
v -116.016441 7.923523 -59.109230
v -115.605171 7.923523 -59.109230
v -122.395912 7.006786 -59.109230
v -122.807182 7.006786 -59.109230
v -122.807182 7.923523 -59.109230
v -122.395912 7.923523 -59.109230
v -121.037766 7.006786 -59.109230
v -121.449036 7.006786 -59.109230
v -121.449036 7.923523 -59.109230
v -121.037766 7.923523 -59.109230
v -119.679611 7.006786 -59.109230
v -120.090889 7.006786 -59.109230
v -120.090889 7.923523 -59.109230
v -119.679611 7.923523 -59.109230
v -118.321465 7.006786 -59.109230
v -118.732742 7.006786 -59.109230
v -118.732742 7.923523 -59.109230
v -118.321465 7.923523 -59.109230
v -116.963318 7.006786 -59.109230
v -117.374588 7.006786 -59.109230
v -117.374588 7.923523 -59.109230
v -116.963318 7.923523 -59.109230
v -116.016441 7.006786 -64.885315
v -115.605171 7.006786 -64.885315
v -115.605171 7.923523 -64.885315
v -116.016441 7.923523 -64.885315
v -117.374588 7.006786 -64.885315
v -116.963318 7.006786 -64.885315
v -116.963318 7.923523 -64.885315
v -117.374588 7.923523 -64.885315
v -118.732742 7.006786 -64.885315
v -118.321465 7.006786 -64.885315
v -118.321465 7.923523 -64.885315
v -118.732742 7.923523 -64.885315
v -120.090889 7.006786 -64.885315
v -119.679611 7.006786 -64.885315
v -119.679611 7.923523 -64.885315
v -120.090889 7.923523 -64.885315
v -121.449036 7.006786 -64.885315
v -121.037766 7.006786 -64.885315
v -121.037766 7.923523 -64.885315
v -121.449036 7.923523 -64.885315
v -123.092705 7.006786 -63.862923
v -123.092705 7.006786 -64.673149
v -123.092705 7.923523 -64.673149
v -123.092705 7.923523 -63.862923
v -123.092705 7.006786 -62.349079
v -123.092705 7.006786 -63.159306
v -123.092705 7.923523 -63.159306
v -123.092705 7.923523 -62.349079
v -123.092705 7.006786 -60.835239
v -123.092705 7.006786 -61.645466
v -123.092705 7.923523 -61.645466
v -123.092705 7.923523 -60.835239
v -115.319649 7.006786 -60.131622
v -115.319649 7.006786 -59.321396
v -115.319649 7.923523 -59.321396
v -115.319649 7.923523 -60.131622
v -115.319649 7.006786 -61.645466
v -115.319649 7.006786 -60.835239
v -115.319649 7.923523 -60.835239
v -115.319649 7.923523 -61.645466
v -115.319649 7.006786 -63.159306
v -115.319649 7.006786 -62.349079
v -115.319649 7.923523 -62.349079
v -115.319649 7.923523 -63.159306
v -123.280624 8.333150 -58.969589
v -115.131729 8.333150 -58.969589
v -123.280624 8.333150 -65.024956
v -115.131729 8.333150 -65.024956
v -123.280624 9.649625 -65.024956
v -123.280624 9.649625 -58.969589
v -115.131729 9.649625 -58.969589
v -115.131729 9.649625 -65.024956
v -123.280624 9.943054 -65.024956
v -123.280624 9.943054 -58.969589
v -115.131729 9.943054 -58.969589
v -115.131729 9.943054 -65.024956
v -123.792809 9.649625 -65.405563
v -123.792809 9.649625 -58.588985
v -114.619545 9.649625 -58.588985
v -114.619545 9.649625 -65.405563
v -123.792809 9.943054 -65.405563
v -123.792809 9.943054 -58.588985
v -114.619545 9.943054 -58.588985
v -114.619545 9.943054 -65.405563
v -121.922470 8.333150 -58.969589
v -120.564323 8.333150 -58.969589
v -119.206177 8.333150 -58.969589
v -117.848030 8.333150 -58.969589
v -116.489883 8.333150 -58.969589
v -116.489883 8.333150 -65.024956
v -117.848030 8.333150 -65.024956
v -119.206177 8.333150 -65.024956
v -120.564323 8.333150 -65.024956
v -121.922470 8.333150 -65.024956
v -121.922470 9.649625 -58.969589
v -120.564323 9.649625 -58.969589
v -119.206177 9.649625 -58.969589
v -117.848030 9.649625 -58.969589
v -116.489883 9.649625 -58.969589
v -116.489883 9.649625 -65.024956
v -117.848030 9.649625 -65.024956
v -119.206177 9.649625 -65.024956
v -120.564323 9.649625 -65.024956
v -121.922470 9.649625 -65.024956
v -121.922470 9.943054 -58.969589
v -120.564323 9.943054 -58.969589
v -119.206177 9.943054 -58.969589
v -117.848030 9.943054 -58.969589
v -116.489883 9.943054 -58.969589
v -116.489883 9.943054 -65.024956
v -117.848030 9.943054 -65.024956
v -119.206177 9.943054 -65.024956
v -120.564323 9.943054 -65.024956
v -121.922470 9.943054 -65.024956
v -122.263931 9.649625 -58.588985
v -120.735054 9.649625 -58.588985
v -119.206177 9.649625 -58.588985
v -117.677299 9.649625 -58.588985
v -116.148422 9.649625 -58.588985
v -116.148422 9.649625 -65.405563
v -117.677299 9.649625 -65.405563
v -119.206177 9.649625 -65.405563
v -120.735054 9.649625 -65.405563
v -122.263931 9.649625 -65.405563
v -122.263931 9.943054 -58.588985
v -120.735054 9.943054 -58.588985
v -119.206177 9.943054 -58.588985
v -117.677299 9.943054 -58.588985
v -116.148422 9.943054 -58.588985
v -116.148422 9.943054 -65.405563
v -117.677299 9.943054 -65.405563
v -119.206177 9.943054 -65.405563
v -120.735054 9.943054 -65.405563
v -122.263931 9.943054 -65.405563
v -123.280624 8.333150 -63.511116
v -123.280624 8.333150 -61.997272
v -123.280624 8.333150 -60.483429
v -115.131729 8.333150 -60.483429
v -115.131729 8.333150 -61.997272
v -115.131729 8.333150 -63.511116
v -123.280624 9.649625 -63.511116
v -123.280624 9.649625 -61.997272
v -123.280624 9.649625 -60.483429
v -115.131729 9.649625 -60.483429
v -115.131729 9.649625 -61.997272
v -115.131729 9.649625 -63.511116
v -123.280624 9.943054 -63.511116
v -123.280624 9.943054 -61.997272
v -123.280624 9.943054 -60.483429
v -115.131729 9.943054 -60.483429
v -115.131729 9.943054 -61.997272
v -115.131729 9.943054 -63.511116
v -123.792809 9.649625 -63.701416
v -123.792809 9.649625 -61.997272
v -123.792809 9.649625 -60.293129
v -114.619545 9.649625 -60.293129
v -114.619545 9.649625 -61.997272
v -114.619545 9.649625 -63.701416
v -123.792809 9.943054 -63.701416
v -123.792809 9.943054 -61.997272
v -123.792809 9.943054 -60.293129
v -114.619545 9.943054 -60.293129
v -114.619545 9.943054 -61.997272
v -114.619545 9.943054 -63.701416
v -121.922470 9.943054 -60.483429
v -121.922470 9.943054 -61.997272
v -121.922470 9.943054 -63.511116
v -120.564323 9.943054 -60.483429
v -120.564323 9.943054 -61.997272
v -120.564323 9.943054 -63.511116
v -119.206177 9.943054 -60.483429
v -119.206177 9.943054 -61.997272
v -119.206177 9.943054 -63.511116
v -117.848030 9.943054 -60.483429
v -117.848030 9.943054 -61.997272
v -117.848030 9.943054 -63.511116
v -116.489883 9.943054 -60.483429
v -116.489883 9.943054 -61.997272
v -116.489883 9.943054 -63.511116
v -121.922470 8.333150 -63.511116
v -121.922470 8.333150 -61.997272
v -121.922470 8.333150 -60.483429
v -120.564323 8.333150 -63.511116
v -120.564323 8.333150 -61.997272
v -120.564323 8.333150 -60.483429
v -119.206177 8.333150 -63.511116
v -119.206177 8.333150 -61.997272
v -119.206177 8.333150 -60.483429
v -117.848030 8.333150 -63.511116
v -117.848030 8.333150 -61.997272
v -117.848030 8.333150 -60.483429
v -116.489883 8.333150 -63.511116
v -116.489883 8.333150 -61.997272
v -116.489883 8.333150 -60.483429
v -115.131729 8.500494 -65.024956
v -115.131729 8.500494 -58.969589
v -123.280624 8.500494 -58.969589
v -123.280624 8.500494 -65.024956
v -121.922470 8.500494 -58.969589
v -120.564323 8.500494 -58.969589
v -119.206177 8.500494 -58.969589
v -117.848030 8.500494 -58.969589
v -116.489883 8.500494 -58.969589
v -116.489883 8.500494 -65.024956
v -117.848030 8.500494 -65.024956
v -119.206177 8.500494 -65.024956
v -120.564323 8.500494 -65.024956
v -121.922470 8.500494 -65.024956
v -123.280624 8.500494 -63.511116
v -123.280624 8.500494 -61.997272
v -123.280624 8.500494 -60.483429
v -115.131729 8.500494 -60.483429
v -115.131729 8.500494 -61.997272
v -115.131729 8.500494 -63.511116
v -115.131729 8.616691 -63.862923
v -115.131729 8.616691 -64.673149
v -115.131729 9.533428 -64.673149
v -115.131729 9.533428 -63.862923
v -123.280624 8.616691 -60.131622
v -123.280624 8.616691 -59.321396
v -123.280624 9.533428 -59.321396
v -123.280624 9.533428 -60.131622
v -122.395912 8.616691 -65.024956
v -122.807182 8.616691 -65.024956
v -122.807182 9.533428 -65.024956
v -122.395912 9.533428 -65.024956
v -116.016441 8.616691 -58.969589
v -115.605171 8.616691 -58.969589
v -115.605171 9.533428 -58.969589
v -116.016441 9.533428 -58.969589
v -122.807182 8.616691 -58.969589
v -122.395912 8.616691 -58.969589
v -122.395912 9.533428 -58.969589
v -122.807182 9.533428 -58.969589
v -121.449036 8.616691 -58.969589
v -121.037766 8.616691 -58.969589
v -121.037766 9.533428 -58.969589
v -121.449036 9.533428 -58.969589
v -120.090889 8.616691 -58.969589
v -119.679611 8.616691 -58.969589
v -119.679611 9.533428 -58.969589
v -120.090889 9.533428 -58.969589
v -118.732742 8.616691 -58.969589
v -118.321465 8.616691 -58.969589
v -118.321465 9.533428 -58.969589
v -118.732742 9.533428 -58.969589
v -117.374588 8.616691 -58.969589
v -116.963318 8.616691 -58.969589
v -116.963318 9.533428 -58.969589
v -117.374588 9.533428 -58.969589
v -115.605171 8.616691 -65.024956
v -116.016441 8.616691 -65.024956
v -116.016441 9.533428 -65.024956
v -115.605171 9.533428 -65.024956
v -116.963318 8.616691 -65.024956
v -117.374588 8.616691 -65.024956
v -117.374588 9.533428 -65.024956
v -116.963318 9.533428 -65.024956
v -118.321465 8.616691 -65.024956
v -118.732742 8.616691 -65.024956
v -118.732742 9.533428 -65.024956
v -118.321465 9.533428 -65.024956
v -119.679611 8.616691 -65.024956
v -120.090889 8.616691 -65.024956
v -120.090889 9.533428 -65.024956
v -119.679611 9.533428 -65.024956
v -121.037766 8.616691 -65.024956
v -121.449036 8.616691 -65.024956
v -121.449036 9.533428 -65.024956
v -121.037766 9.533428 -65.024956
v -123.280624 8.616691 -64.673149
v -123.280624 8.616691 -63.862923
v -123.280624 9.533428 -63.862923
v -123.280624 9.533428 -64.673149
v -123.280624 8.616691 -63.159306
v -123.280624 8.616691 -62.349079
v -123.280624 9.533428 -62.349079
v -123.280624 9.533428 -63.159306
v -123.280624 8.616691 -61.645466
v -123.280624 8.616691 -60.835239
v -123.280624 9.533428 -60.835239
v -123.280624 9.533428 -61.645466
v -115.131729 8.616691 -59.321396
v -115.131729 8.616691 -60.131622
v -115.131729 9.533428 -60.131622
v -115.131729 9.533428 -59.321396
v -115.131729 8.616691 -60.835239
v -115.131729 8.616691 -61.645466
v -115.131729 9.533428 -61.645466
v -115.131729 9.533428 -60.835239
v -115.131729 8.616691 -62.349079
v -115.131729 8.616691 -63.159306
v -115.131729 9.533428 -63.159306
v -115.131729 9.533428 -62.349079
v -115.319649 8.616691 -64.673149
v -115.319649 8.616691 -63.862923
v -115.319649 9.533428 -63.862923
v -115.319649 9.533428 -64.673149
v -123.092705 8.616691 -59.321396
v -123.092705 8.616691 -60.131622
v -123.092705 9.533428 -60.131622
v -123.092705 9.533428 -59.321396
v -122.807182 8.616691 -64.885315
v -122.395912 8.616691 -64.885315
v -122.395912 9.533428 -64.885315
v -122.807182 9.533428 -64.885315
v -115.605171 8.616691 -59.109230
v -116.016441 8.616691 -59.109230
v -116.016441 9.533428 -59.109230
v -115.605171 9.533428 -59.109230
v -122.395912 8.616691 -59.109230
v -122.807182 8.616691 -59.109230
v -122.807182 9.533428 -59.109230
v -122.395912 9.533428 -59.109230
v -121.037766 8.616691 -59.109230
v -121.449036 8.616691 -59.109230
v -121.449036 9.533428 -59.109230
v -121.037766 9.533428 -59.109230
v -119.679611 8.616691 -59.109230
v -120.090889 8.616691 -59.109230
v -120.090889 9.533428 -59.109230
v -119.679611 9.533428 -59.109230
v -118.321465 8.616691 -59.109230
v -118.732742 8.616691 -59.109230
v -118.732742 9.533428 -59.109230
v -118.321465 9.533428 -59.109230
v -116.963318 8.616691 -59.109230
v -117.374588 8.616691 -59.109230
v -117.374588 9.533428 -59.109230
v -116.963318 9.533428 -59.109230
v -116.016441 8.616691 -64.885315
v -115.605171 8.616691 -64.885315
v -115.605171 9.533428 -64.885315
v -116.016441 9.533428 -64.885315
v -117.374588 8.616691 -64.885315
v -116.963318 8.616691 -64.885315
v -116.963318 9.533428 -64.885315
v -117.374588 9.533428 -64.885315
v -118.732742 8.616691 -64.885315
v -118.321465 8.616691 -64.885315
v -118.321465 9.533428 -64.885315
v -118.732742 9.533428 -64.885315
v -120.090889 8.616691 -64.885315
v -119.679611 8.616691 -64.885315
v -119.679611 9.533428 -64.885315
v -120.090889 9.533428 -64.885315
v -121.449036 8.616691 -64.885315
v -121.037766 8.616691 -64.885315
v -121.037766 9.533428 -64.885315
v -121.449036 9.533428 -64.885315
v -123.092705 8.616691 -63.862923
v -123.092705 8.616691 -64.673149
v -123.092705 9.533428 -64.673149
v -123.092705 9.533428 -63.862923
v -123.092705 8.616691 -62.349079
v -123.092705 8.616691 -63.159306
v -123.092705 9.533428 -63.159306
v -123.092705 9.533428 -62.349079
v -123.092705 8.616691 -60.835239
v -123.092705 8.616691 -61.645466
v -123.092705 9.533428 -61.645466
v -123.092705 9.533428 -60.835239
v -115.319649 8.616691 -60.131622
v -115.319649 8.616691 -59.321396
v -115.319649 9.533428 -59.321396
v -115.319649 9.533428 -60.131622
v -115.319649 8.616691 -61.645466
v -115.319649 8.616691 -60.835239
v -115.319649 9.533428 -60.835239
v -115.319649 9.533428 -61.645466
v -115.319649 8.616691 -63.159306
v -115.319649 8.616691 -62.349079
v -115.319649 9.533428 -62.349079
v -115.319649 9.533428 -63.159306
v -123.280624 9.943054 -58.969589
v -115.131729 9.943054 -58.969589
v -123.280624 9.943054 -65.024956
v -115.131729 9.943054 -65.024956
v -123.280624 11.259529 -65.024956
v -123.280624 11.259529 -58.969589
v -115.131729 11.259529 -58.969589
v -115.131729 11.259529 -65.024956
v -123.280624 11.552958 -65.024956
v -123.280624 11.552958 -58.969589
v -115.131729 11.552958 -58.969589
v -115.131729 11.552958 -65.024956
v -123.792809 11.259529 -65.405563
v -123.792809 11.259529 -58.588985
v -114.619545 11.259529 -58.588985
v -114.619545 11.259529 -65.405563
v -123.792809 11.552958 -65.405563
v -123.792809 11.552958 -58.588985
v -114.619545 11.552958 -58.588985
v -114.619545 11.552958 -65.405563
v -121.922470 9.943054 -58.969589
v -120.564323 9.943054 -58.969589
v -119.206177 9.943054 -58.969589
v -117.848030 9.943054 -58.969589
v -116.489883 9.943054 -58.969589
v -116.489883 9.943054 -65.024956
v -117.848030 9.943054 -65.024956
v -119.206177 9.943054 -65.024956
v -120.564323 9.943054 -65.024956
v -121.922470 9.943054 -65.024956
v -121.922470 11.259529 -58.969589
v -120.564323 11.259529 -58.969589
v -119.206177 11.259529 -58.969589
v -117.848030 11.259529 -58.969589
v -116.489883 11.259529 -58.969589
v -116.489883 11.259529 -65.024956
v -117.848030 11.259529 -65.024956
v -119.206177 11.259529 -65.024956
v -120.564323 11.259529 -65.024956
v -121.922470 11.259529 -65.024956
v -121.922470 11.552958 -58.969589
v -120.564323 11.552958 -58.969589
v -119.206177 11.552958 -58.969589
v -117.848030 11.552958 -58.969589
v -116.489883 11.552958 -58.969589
v -116.489883 11.552958 -65.024956
v -117.848030 11.552958 -65.024956
v -119.206177 11.552958 -65.024956
v -120.564323 11.552958 -65.024956
v -121.922470 11.552958 -65.024956
v -122.263931 11.259529 -58.588985
v -120.735054 11.259529 -58.588985
v -119.206177 11.259529 -58.588985
v -117.677299 11.259529 -58.588985
v -116.148422 11.259529 -58.588985
v -116.148422 11.259529 -65.405563
v -117.677299 11.259529 -65.405563
v -119.206177 11.259529 -65.405563
v -120.735054 11.259529 -65.405563
v -122.263931 11.259529 -65.405563
v -122.263931 11.552958 -58.588985
v -120.735054 11.552958 -58.588985
v -119.206177 11.552958 -58.588985
v -117.677299 11.552958 -58.588985
v -116.148422 11.552958 -58.588985
v -116.148422 11.552958 -65.405563
v -117.677299 11.552958 -65.405563
v -119.206177 11.552958 -65.405563
v -120.735054 11.552958 -65.405563
v -122.263931 11.552958 -65.405563
v -123.280624 9.943054 -63.511116
v -123.280624 9.943054 -61.997272
v -123.280624 9.943054 -60.483429
v -115.131729 9.943054 -60.483429
v -115.131729 9.943054 -61.997272
v -115.131729 9.943054 -63.511116
v -123.280624 11.259529 -63.511116
v -123.280624 11.259529 -61.997272
v -123.280624 11.259529 -60.483429
v -115.131729 11.259529 -60.483429
v -115.131729 11.259529 -61.997272
v -115.131729 11.259529 -63.511116
v -123.280624 11.552958 -63.511116
v -123.280624 11.552958 -61.997272
v -123.280624 11.552958 -60.483429
v -115.131729 11.552958 -60.483429
v -115.131729 11.552958 -61.997272
v -115.131729 11.552958 -63.511116
v -123.792809 11.259529 -63.701416
v -123.792809 11.259529 -61.997272
v -123.792809 11.259529 -60.293129
v -114.619545 11.259529 -60.293129
v -114.619545 11.259529 -61.997272
v -114.619545 11.259529 -63.701416
v -123.792809 11.552958 -63.701416
v -123.792809 11.552958 -61.997272
v -123.792809 11.552958 -60.293129
v -114.619545 11.552958 -60.293129
v -114.619545 11.552958 -61.997272
v -114.619545 11.552958 -63.701416
v -121.922470 11.552958 -60.483429
v -121.922470 11.552958 -61.997272
v -121.922470 11.552958 -63.511116
v -120.564323 11.552958 -60.483429
v -120.564323 11.552958 -61.997272
v -120.564323 11.552958 -63.511116
v -119.206177 11.552958 -60.483429
v -119.206177 11.552958 -61.997272
v -119.206177 11.552958 -63.511116
v -117.848030 11.552958 -60.483429
v -117.848030 11.552958 -61.997272
v -117.848030 11.552958 -63.511116
v -116.489883 11.552958 -60.483429
v -116.489883 11.552958 -61.997272
v -116.489883 11.552958 -63.511116
v -121.922470 9.943054 -63.511116
v -121.922470 9.943054 -61.997272
v -121.922470 9.943054 -60.483429
v -120.564323 9.943054 -63.511116
v -120.564323 9.943054 -61.997272
v -120.564323 9.943054 -60.483429
v -119.206177 9.943054 -63.511116
v -119.206177 9.943054 -61.997272
v -119.206177 9.943054 -60.483429
v -117.848030 9.943054 -63.511116
v -117.848030 9.943054 -61.997272
v -117.848030 9.943054 -60.483429
v -116.489883 9.943054 -63.511116
v -116.489883 9.943054 -61.997272
v -116.489883 9.943054 -60.483429
v -115.131729 10.110398 -65.024956
v -115.131729 10.110398 -58.969589
v -123.280624 10.110398 -58.969589
v -123.280624 10.110398 -65.024956
v -121.922470 10.110398 -58.969589
v -120.564323 10.110398 -58.969589
v -119.206177 10.110398 -58.969589
v -117.848030 10.110398 -58.969589
v -116.489883 10.110398 -58.969589
v -116.489883 10.110398 -65.024956
v -117.848030 10.110398 -65.024956
v -119.206177 10.110398 -65.024956
v -120.564323 10.110398 -65.024956
v -121.922470 10.110398 -65.024956
v -123.280624 10.110398 -63.511116
v -123.280624 10.110398 -61.997272
v -123.280624 10.110398 -60.483429
v -115.131729 10.110398 -60.483429
v -115.131729 10.110398 -61.997272
v -115.131729 10.110398 -63.511116
v -115.131729 10.226595 -63.862923
v -115.131729 10.226595 -64.673149
v -115.131729 11.143332 -64.673149
v -115.131729 11.143332 -63.862923
v -123.280624 10.226595 -60.131622
v -123.280624 10.226595 -59.321396
v -123.280624 11.143332 -59.321396
v -123.280624 11.143332 -60.131622
v -122.395912 10.226595 -65.024956
v -122.807182 10.226595 -65.024956
v -122.807182 11.143332 -65.024956
v -122.395912 11.143332 -65.024956
v -116.016441 10.226595 -58.969589
v -115.605171 10.226595 -58.969589
v -115.605171 11.143332 -58.969589
v -116.016441 11.143332 -58.969589
v -122.807182 10.226595 -58.969589
v -122.395912 10.226595 -58.969589
v -122.395912 11.143332 -58.969589
v -122.807182 11.143332 -58.969589
v -121.449036 10.226595 -58.969589
v -121.037766 10.226595 -58.969589
v -121.037766 11.143332 -58.969589
v -121.449036 11.143332 -58.969589
v -120.090889 10.226595 -58.969589
v -119.679611 10.226595 -58.969589
v -119.679611 11.143332 -58.969589
v -120.090889 11.143332 -58.969589
v -118.732742 10.226595 -58.969589
v -118.321465 10.226595 -58.969589
v -118.321465 11.143332 -58.969589
v -118.732742 11.143332 -58.969589
v -117.374588 10.226595 -58.969589
v -116.963318 10.226595 -58.969589
v -116.963318 11.143332 -58.969589
v -117.374588 11.143332 -58.969589
v -115.605171 10.226595 -65.024956
v -116.016441 10.226595 -65.024956
v -116.016441 11.143332 -65.024956
v -115.605171 11.143332 -65.024956
v -116.963318 10.226595 -65.024956
v -117.374588 10.226595 -65.024956
v -117.374588 11.143332 -65.024956
v -116.963318 11.143332 -65.024956
v -118.321465 10.226595 -65.024956
v -118.732742 10.226595 -65.024956
v -118.732742 11.143332 -65.024956
v -118.321465 11.143332 -65.024956
v -119.679611 10.226595 -65.024956
v -120.090889 10.226595 -65.024956
v -120.090889 11.143332 -65.024956
v -119.679611 11.143332 -65.024956
v -121.037766 10.226595 -65.024956
v -121.449036 10.226595 -65.024956
v -121.449036 11.143332 -65.024956
v -121.037766 11.143332 -65.024956
v -123.280624 10.226595 -64.673149
v -123.280624 10.226595 -63.862923
v -123.280624 11.143332 -63.862923
v -123.280624 11.143332 -64.673149
v -123.280624 10.226595 -63.159306
v -123.280624 10.226595 -62.349079
v -123.280624 11.143332 -62.349079
v -123.280624 11.143332 -63.159306
v -123.280624 10.226595 -61.645466
v -123.280624 10.226595 -60.835239
v -123.280624 11.143332 -60.835239
v -123.280624 11.143332 -61.645466
v -115.131729 10.226595 -59.321396
v -115.131729 10.226595 -60.131622
v -115.131729 11.143332 -60.131622
v -115.131729 11.143332 -59.321396
v -115.131729 10.226595 -60.835239
v -115.131729 10.226595 -61.645466
v -115.131729 11.143332 -61.645466
v -115.131729 11.143332 -60.835239
v -115.131729 10.226595 -62.349079
v -115.131729 10.226595 -63.159306
v -115.131729 11.143332 -63.159306
v -115.131729 11.143332 -62.349079
v -115.319649 10.226595 -64.673149
v -115.319649 10.226595 -63.862923
v -115.319649 11.143332 -63.862923
v -115.319649 11.143332 -64.673149
v -123.092705 10.226595 -59.321396
v -123.092705 10.226595 -60.131622
v -123.092705 11.143332 -60.131622
v -123.092705 11.143332 -59.321396
v -122.807182 10.226595 -64.885315
v -122.395912 10.226595 -64.885315
v -122.395912 11.143332 -64.885315
v -122.807182 11.143332 -64.885315
v -115.605171 10.226595 -59.109230
v -116.016441 10.226595 -59.109230
v -116.016441 11.143332 -59.109230
v -115.605171 11.143332 -59.109230
v -122.395912 10.226595 -59.109230
v -122.807182 10.226595 -59.109230
v -122.807182 11.143332 -59.109230
v -122.395912 11.143332 -59.109230
v -121.037766 10.226595 -59.109230
v -121.449036 10.226595 -59.109230
v -121.449036 11.143332 -59.109230
v -121.037766 11.143332 -59.109230
v -119.679611 10.226595 -59.109230
v -120.090889 10.226595 -59.109230
v -120.090889 11.143332 -59.109230
v -119.679611 11.143332 -59.109230
v -118.321465 10.226595 -59.109230
v -118.732742 10.226595 -59.109230
v -118.732742 11.143332 -59.109230
v -118.321465 11.143332 -59.109230
v -116.963318 10.226595 -59.109230
v -117.374588 10.226595 -59.109230
v -117.374588 11.143332 -59.109230
v -116.963318 11.143332 -59.109230
v -116.016441 10.226595 -64.885315
v -115.605171 10.226595 -64.885315
v -115.605171 11.143332 -64.885315
v -116.016441 11.143332 -64.885315
v -117.374588 10.226595 -64.885315
v -116.963318 10.226595 -64.885315
v -116.963318 11.143332 -64.885315
v -117.374588 11.143332 -64.885315
v -118.732742 10.226595 -64.885315
v -118.321465 10.226595 -64.885315
v -118.321465 11.143332 -64.885315
v -118.732742 11.143332 -64.885315
v -120.090889 10.226595 -64.885315
v -119.679611 10.226595 -64.885315
v -119.679611 11.143332 -64.885315
v -120.090889 11.143332 -64.885315
v -121.449036 10.226595 -64.885315
v -121.037766 10.226595 -64.885315
v -121.037766 11.143332 -64.885315
v -121.449036 11.143332 -64.885315
v -123.092705 10.226595 -63.862923
v -123.092705 10.226595 -64.673149
v -123.092705 11.143332 -64.673149
v -123.092705 11.143332 -63.862923
v -123.092705 10.226595 -62.349079
v -123.092705 10.226595 -63.159306
v -123.092705 11.143332 -63.159306
v -123.092705 11.143332 -62.349079
v -123.092705 10.226595 -60.835239
v -123.092705 10.226595 -61.645466
v -123.092705 11.143332 -61.645466
v -123.092705 11.143332 -60.835239
v -115.319649 10.226595 -60.131622
v -115.319649 10.226595 -59.321396
v -115.319649 11.143332 -59.321396
v -115.319649 11.143332 -60.131622
v -115.319649 10.226595 -61.645466
v -115.319649 10.226595 -60.835239
v -115.319649 11.143332 -60.835239
v -115.319649 11.143332 -61.645466
v -115.319649 10.226595 -63.159306
v -115.319649 10.226595 -62.349079
v -115.319649 11.143332 -62.349079
v -115.319649 11.143332 -63.159306
v -123.280624 11.552958 -58.969589
v -115.131729 11.552958 -58.969589
v -123.280624 11.552958 -65.024956
v -115.131729 11.552958 -65.024956
v -123.280624 12.869433 -65.024956
v -123.280624 12.869433 -58.969589
v -115.131729 12.869433 -58.969589
v -115.131729 12.869433 -65.024956
v -123.280624 13.162863 -65.024956
v -123.280624 13.162863 -58.969589
v -115.131729 13.162863 -58.969589
v -115.131729 13.162863 -65.024956
v -123.792809 12.869433 -65.405563
v -123.792809 12.869433 -58.588985
v -114.619545 12.869433 -58.588985
v -114.619545 12.869433 -65.405563
v -123.792809 13.162863 -65.405563
v -123.792809 13.162863 -58.588985
v -114.619545 13.162863 -58.588985
v -114.619545 13.162863 -65.405563
v -121.922470 11.552958 -58.969589
v -120.564323 11.552958 -58.969589
v -119.206177 11.552958 -58.969589
v -117.848030 11.552958 -58.969589
v -116.489883 11.552958 -58.969589
v -116.489883 11.552958 -65.024956
v -117.848030 11.552958 -65.024956
v -119.206177 11.552958 -65.024956
v -120.564323 11.552958 -65.024956
v -121.922470 11.552958 -65.024956
v -121.922470 12.869433 -58.969589
v -120.564323 12.869433 -58.969589
v -119.206177 12.869433 -58.969589
v -117.848030 12.869433 -58.969589
v -116.489883 12.869433 -58.969589
v -116.489883 12.869433 -65.024956
v -117.848030 12.869433 -65.024956
v -119.206177 12.869433 -65.024956
v -120.564323 12.869433 -65.024956
v -121.922470 12.869433 -65.024956
v -121.922470 13.162863 -58.969589
v -120.564323 13.162863 -58.969589
v -119.206177 13.162863 -58.969589
v -117.848030 13.162863 -58.969589
v -116.489883 13.162863 -58.969589
v -116.489883 13.162863 -65.024956
v -117.848030 13.162863 -65.024956
v -119.206177 13.162863 -65.024956
v -120.564323 13.162863 -65.024956
v -121.922470 13.162863 -65.024956
v -122.263931 12.869433 -58.588985
v -120.735054 12.869433 -58.588985
v -119.206177 12.869433 -58.588985
v -117.677299 12.869433 -58.588985
v -116.148422 12.869433 -58.588985
v -116.148422 12.869433 -65.405563
v -117.677299 12.869433 -65.405563
v -119.206177 12.869433 -65.405563
v -120.735054 12.869433 -65.405563
v -122.263931 12.869433 -65.405563
v -122.263931 13.162863 -58.588985
v -120.735054 13.162863 -58.588985
v -119.206177 13.162863 -58.588985
v -117.677299 13.162863 -58.588985
v -116.148422 13.162863 -58.588985
v -116.148422 13.162863 -65.405563
v -117.677299 13.162863 -65.405563
v -119.206177 13.162863 -65.405563
v -120.735054 13.162863 -65.405563
v -122.263931 13.162863 -65.405563
v -123.280624 11.552958 -63.511116
v -123.280624 11.552958 -61.997272
v -123.280624 11.552958 -60.483429
v -115.131729 11.552958 -60.483429
v -115.131729 11.552958 -61.997272
v -115.131729 11.552958 -63.511116
v -123.280624 12.869433 -63.511116
v -123.280624 12.869433 -61.997272
v -123.280624 12.869433 -60.483429
v -115.131729 12.869433 -60.483429
v -115.131729 12.869433 -61.997272
v -115.131729 12.869433 -63.511116
v -123.280624 13.162863 -63.511116
v -123.280624 13.162863 -61.997272
v -123.280624 13.162863 -60.483429
v -115.131729 13.162863 -60.483429
v -115.131729 13.162863 -61.997272
v -115.131729 13.162863 -63.511116
v -123.792809 12.869433 -63.701416
v -123.792809 12.869433 -61.997272
v -123.792809 12.869433 -60.293129
v -114.619545 12.869433 -60.293129
v -114.619545 12.869433 -61.997272
v -114.619545 12.869433 -63.701416
v -123.792809 13.162863 -63.701416
v -123.792809 13.162863 -61.997272
v -123.792809 13.162863 -60.293129
v -114.619545 13.162863 -60.293129
v -114.619545 13.162863 -61.997272
v -114.619545 13.162863 -63.701416
v -121.922470 13.162863 -60.483429
v -121.922470 13.162863 -61.997272
v -121.922470 13.162863 -63.511116
v -120.564323 13.162863 -60.483429
v -120.564323 13.162863 -61.997272
v -120.564323 13.162863 -63.511116
v -119.206177 13.162863 -60.483429
v -119.206177 13.162863 -61.997272
v -119.206177 13.162863 -63.511116
v -117.848030 13.162863 -60.483429
v -117.848030 13.162863 -61.997272
v -117.848030 13.162863 -63.511116
v -116.489883 13.162863 -60.483429
v -116.489883 13.162863 -61.997272
v -116.489883 13.162863 -63.511116
v -121.922470 11.552958 -63.511116
v -121.922470 11.552958 -61.997272
v -121.922470 11.552958 -60.483429
v -120.564323 11.552958 -63.511116
v -120.564323 11.552958 -61.997272
v -120.564323 11.552958 -60.483429
v -119.206177 11.552958 -63.511116
v -119.206177 11.552958 -61.997272
v -119.206177 11.552958 -60.483429
v -117.848030 11.552958 -63.511116
v -117.848030 11.552958 -61.997272
v -117.848030 11.552958 -60.483429
v -116.489883 11.552958 -63.511116
v -116.489883 11.552958 -61.997272
v -116.489883 11.552958 -60.483429
v -115.131729 11.720303 -65.024956
v -115.131729 11.720303 -58.969589
v -123.280624 11.720303 -58.969589
v -123.280624 11.720303 -65.024956
v -121.922470 11.720303 -58.969589
v -120.564323 11.720303 -58.969589
v -119.206177 11.720303 -58.969589
v -117.848030 11.720303 -58.969589
v -116.489883 11.720303 -58.969589
v -116.489883 11.720303 -65.024956
v -117.848030 11.720303 -65.024956
v -119.206177 11.720303 -65.024956
v -120.564323 11.720303 -65.024956
v -121.922470 11.720303 -65.024956
v -123.280624 11.720303 -63.511116
v -123.280624 11.720303 -61.997272
v -123.280624 11.720303 -60.483429
v -115.131729 11.720303 -60.483429
v -115.131729 11.720303 -61.997272
v -115.131729 11.720303 -63.511116
v -115.131729 11.836499 -63.862923
v -115.131729 11.836499 -64.673149
v -115.131729 12.753237 -64.673149
v -115.131729 12.753237 -63.862923
v -123.280624 11.836499 -60.131622
v -123.280624 11.836499 -59.321396
v -123.280624 12.753237 -59.321396
v -123.280624 12.753237 -60.131622
v -122.395912 11.836499 -65.024956
v -122.807182 11.836499 -65.024956
v -122.807182 12.753237 -65.024956
v -122.395912 12.753237 -65.024956
v -116.016441 11.836499 -58.969589
v -115.605171 11.836499 -58.969589
v -115.605171 12.753237 -58.969589
v -116.016441 12.753237 -58.969589
v -122.807182 11.836499 -58.969589
v -122.395912 11.836499 -58.969589
v -122.395912 12.753237 -58.969589
v -122.807182 12.753237 -58.969589
v -121.449036 11.836499 -58.969589
v -121.037766 11.836499 -58.969589
v -121.037766 12.753237 -58.969589
v -121.449036 12.753237 -58.969589
v -120.090889 11.836499 -58.969589
v -119.679611 11.836499 -58.969589
v -119.679611 12.753237 -58.969589
v -120.090889 12.753237 -58.969589
v -118.732742 11.836499 -58.969589
v -118.321465 11.836499 -58.969589
v -118.321465 12.753237 -58.969589
v -118.732742 12.753237 -58.969589
v -117.374588 11.836499 -58.969589
v -116.963318 11.836499 -58.969589
v -116.963318 12.753237 -58.969589
v -117.374588 12.753237 -58.969589
v -115.605171 11.836499 -65.024956
v -116.016441 11.836499 -65.024956
v -116.016441 12.753237 -65.024956
v -115.605171 12.753237 -65.024956
v -116.963318 11.836499 -65.024956
v -117.374588 11.836499 -65.024956
v -117.374588 12.753237 -65.024956
v -116.963318 12.753237 -65.024956
v -118.321465 11.836499 -65.024956
v -118.732742 11.836499 -65.024956
v -118.732742 12.753237 -65.024956
v -118.321465 12.753237 -65.024956
v -119.679611 11.836499 -65.024956
v -120.090889 11.836499 -65.024956
v -120.090889 12.753237 -65.024956
v -119.679611 12.753237 -65.024956
v -121.037766 11.836499 -65.024956
v -121.449036 11.836499 -65.024956
v -121.449036 12.753237 -65.024956
v -121.037766 12.753237 -65.024956
v -123.280624 11.836499 -64.673149
v -123.280624 11.836499 -63.862923
v -123.280624 12.753237 -63.862923
v -123.280624 12.753237 -64.673149
v -123.280624 11.836499 -63.159306
v -123.280624 11.836499 -62.349079
v -123.280624 12.753237 -62.349079
v -123.280624 12.753237 -63.159306
v -123.280624 11.836499 -61.645466
v -123.280624 11.836499 -60.835239
v -123.280624 12.753237 -60.835239
v -123.280624 12.753237 -61.645466
v -115.131729 11.836499 -59.321396
v -115.131729 11.836499 -60.131622
v -115.131729 12.753237 -60.131622
v -115.131729 12.753237 -59.321396
v -115.131729 11.836499 -60.835239
v -115.131729 11.836499 -61.645466
v -115.131729 12.753237 -61.645466
v -115.131729 12.753237 -60.835239
v -115.131729 11.836499 -62.349079
v -115.131729 11.836499 -63.159306
v -115.131729 12.753237 -63.159306
v -115.131729 12.753237 -62.349079
v -115.319649 11.836499 -64.673149
v -115.319649 11.836499 -63.862923
v -115.319649 12.753237 -63.862923
v -115.319649 12.753237 -64.673149
v -123.092705 11.836499 -59.321396
v -123.092705 11.836499 -60.131622
v -123.092705 12.753237 -60.131622
v -123.092705 12.753237 -59.321396
v -122.807182 11.836499 -64.885315
v -122.395912 11.836499 -64.885315
v -122.395912 12.753237 -64.885315
v -122.807182 12.753237 -64.885315
v -115.605171 11.836499 -59.109230
v -116.016441 11.836499 -59.109230
v -116.016441 12.753237 -59.109230
v -115.605171 12.753237 -59.109230
v -122.395912 11.836499 -59.109230
v -122.807182 11.836499 -59.109230
v -122.807182 12.753237 -59.109230
v -122.395912 12.753237 -59.109230
v -121.037766 11.836499 -59.109230
v -121.449036 11.836499 -59.109230
v -121.449036 12.753237 -59.109230
v -121.037766 12.753237 -59.109230
v -119.679611 11.836499 -59.109230
v -120.090889 11.836499 -59.109230
v -120.090889 12.753237 -59.109230
v -119.679611 12.753237 -59.109230
v -118.321465 11.836499 -59.109230
v -118.732742 11.836499 -59.109230
v -118.732742 12.753237 -59.109230
v -118.321465 12.753237 -59.109230
v -116.963318 11.836499 -59.109230
v -117.374588 11.836499 -59.109230
v -117.374588 12.753237 -59.109230
v -116.963318 12.753237 -59.109230
v -116.016441 11.836499 -64.885315
v -115.605171 11.836499 -64.885315
v -115.605171 12.753237 -64.885315
v -116.016441 12.753237 -64.885315
v -117.374588 11.836499 -64.885315
v -116.963318 11.836499 -64.885315
v -116.963318 12.753237 -64.885315
v -117.374588 12.753237 -64.885315
v -118.732742 11.836499 -64.885315
v -118.321465 11.836499 -64.885315
v -118.321465 12.753237 -64.885315
v -118.732742 12.753237 -64.885315
v -120.090889 11.836499 -64.885315
v -119.679611 11.836499 -64.885315
v -119.679611 12.753237 -64.885315
v -120.090889 12.753237 -64.885315
v -121.449036 11.836499 -64.885315
v -121.037766 11.836499 -64.885315
v -121.037766 12.753237 -64.885315
v -121.449036 12.753237 -64.885315
v -123.092705 11.836499 -63.862923
v -123.092705 11.836499 -64.673149
v -123.092705 12.753237 -64.673149
v -123.092705 12.753237 -63.862923
v -123.092705 11.836499 -62.349079
v -123.092705 11.836499 -63.159306
v -123.092705 12.753237 -63.159306
v -123.092705 12.753237 -62.349079
v -123.092705 11.836499 -60.835239
v -123.092705 11.836499 -61.645466
v -123.092705 12.753237 -61.645466
v -123.092705 12.753237 -60.835239
v -115.319649 11.836499 -60.131622
v -115.319649 11.836499 -59.321396
v -115.319649 12.753237 -59.321396
v -115.319649 12.753237 -60.131622
v -115.319649 11.836499 -61.645466
v -115.319649 11.836499 -60.835239
v -115.319649 12.753237 -60.835239
v -115.319649 12.753237 -61.645466
v -115.319649 11.836499 -63.159306
v -115.319649 11.836499 -62.349079
v -115.319649 12.753237 -62.349079
v -115.319649 12.753237 -63.159306
v -123.280624 13.162863 -58.969589
v -115.131729 13.162863 -58.969589
v -123.280624 13.162863 -65.024956
v -115.131729 13.162863 -65.024956
v -123.280624 14.479338 -65.024956
v -123.280624 14.479338 -58.969589
v -115.131729 14.479338 -58.969589
v -115.131729 14.479338 -65.024956
v -123.280624 14.772767 -65.024956
v -123.280624 14.772767 -58.969589
v -115.131729 14.772767 -58.969589
v -115.131729 14.772767 -65.024956
v -123.792809 14.479338 -65.405563
v -123.792809 14.479338 -58.588985
v -114.619545 14.479338 -58.588985
v -114.619545 14.479338 -65.405563
v -123.792809 14.772767 -65.405563
v -123.792809 14.772767 -58.588985
v -114.619545 14.772767 -58.588985
v -114.619545 14.772767 -65.405563
v -121.922470 13.162863 -58.969589
v -120.564323 13.162863 -58.969589
v -119.206177 13.162863 -58.969589
v -117.848030 13.162863 -58.969589
v -116.489883 13.162863 -58.969589
v -116.489883 13.162863 -65.024956
v -117.848030 13.162863 -65.024956
v -119.206177 13.162863 -65.024956
v -120.564323 13.162863 -65.024956
v -121.922470 13.162863 -65.024956
v -121.922470 14.479338 -58.969589
v -120.564323 14.479338 -58.969589
v -119.206177 14.479338 -58.969589
v -117.848030 14.479338 -58.969589
v -116.489883 14.479338 -58.969589
v -116.489883 14.479338 -65.024956
v -117.848030 14.479338 -65.024956
v -119.206177 14.479338 -65.024956
v -120.564323 14.479338 -65.024956
v -121.922470 14.479338 -65.024956
v -121.922470 14.772767 -58.969589
v -120.564323 14.772767 -58.969589
v -119.206177 14.772767 -58.969589
v -117.848030 14.772767 -58.969589
v -116.489883 14.772767 -58.969589
v -116.489883 14.772767 -65.024956
v -117.848030 14.772767 -65.024956
v -119.206177 14.772767 -65.024956
v -120.564323 14.772767 -65.024956
v -121.922470 14.772767 -65.024956
v -122.263931 14.479338 -58.588985
v -120.735054 14.479338 -58.588985
v -119.206177 14.479338 -58.588985
v -117.677299 14.479338 -58.588985
v -116.148422 14.479338 -58.588985
v -116.148422 14.479338 -65.405563
v -117.677299 14.479338 -65.405563
v -119.206177 14.479338 -65.405563
v -120.735054 14.479338 -65.405563
v -122.263931 14.479338 -65.405563
v -122.263931 14.772767 -58.588985
v -120.735054 14.772767 -58.588985
v -119.206177 14.772767 -58.588985
v -117.677299 14.772767 -58.588985
v -116.148422 14.772767 -58.588985
v -116.148422 14.772767 -65.405563
v -117.677299 14.772767 -65.405563
v -119.206177 14.772767 -65.405563
v -120.735054 14.772767 -65.405563
v -122.263931 14.772767 -65.405563
v -123.280624 13.162863 -63.511116
v -123.280624 13.162863 -61.997272
v -123.280624 13.162863 -60.483429
v -115.131729 13.162863 -60.483429
v -115.131729 13.162863 -61.997272
v -115.131729 13.162863 -63.511116
v -123.280624 14.479338 -63.511116
v -123.280624 14.479338 -61.997272
v -123.280624 14.479338 -60.483429
v -115.131729 14.479338 -60.483429
v -115.131729 14.479338 -61.997272
v -115.131729 14.479338 -63.511116
v -123.280624 14.772767 -63.511116
v -123.280624 14.772767 -61.997272
v -123.280624 14.772767 -60.483429
v -115.131729 14.772767 -60.483429
v -115.131729 14.772767 -61.997272
v -115.131729 14.772767 -63.511116
v -123.792809 14.479338 -63.701416
v -123.792809 14.479338 -61.997272
v -123.792809 14.479338 -60.293129
v -114.619545 14.479338 -60.293129
v -114.619545 14.479338 -61.997272
v -114.619545 14.479338 -63.701416
v -123.792809 14.772767 -63.701416
v -123.792809 14.772767 -61.997272
v -123.792809 14.772767 -60.293129
v -114.619545 14.772767 -60.293129
v -114.619545 14.772767 -61.997272
v -114.619545 14.772767 -63.701416
v -121.922470 14.772767 -60.483429
v -121.922470 14.772767 -61.997272
v -121.922470 14.772767 -63.511116
v -120.564323 14.772767 -60.483429
v -120.564323 14.772767 -61.997272
v -120.564323 14.772767 -63.511116
v -119.206177 14.772767 -60.483429
v -119.206177 14.772767 -61.997272
v -119.206177 14.772767 -63.511116
v -117.848030 14.772767 -60.483429
v -117.848030 14.772767 -61.997272
v -117.848030 14.772767 -63.511116
v -116.489883 14.772767 -60.483429
v -116.489883 14.772767 -61.997272
v -116.489883 14.772767 -63.511116
v -121.922470 13.162863 -63.511116
v -121.922470 13.162863 -61.997272
v -121.922470 13.162863 -60.483429
v -120.564323 13.162863 -63.511116
v -120.564323 13.162863 -61.997272
v -120.564323 13.162863 -60.483429
v -119.206177 13.162863 -63.511116
v -119.206177 13.162863 -61.997272
v -119.206177 13.162863 -60.483429
v -117.848030 13.162863 -63.511116
v -117.848030 13.162863 -61.997272
v -117.848030 13.162863 -60.483429
v -116.489883 13.162863 -63.511116
v -116.489883 13.162863 -61.997272
v -116.489883 13.162863 -60.483429
v -115.131729 13.330207 -65.024956
v -115.131729 13.330207 -58.969589
v -123.280624 13.330207 -58.969589
v -123.280624 13.330207 -65.024956
v -121.922470 13.330207 -58.969589
v -120.564323 13.330207 -58.969589
v -119.206177 13.330207 -58.969589
v -117.848030 13.330207 -58.969589
v -116.489883 13.330207 -58.969589
v -116.489883 13.330207 -65.024956
v -117.848030 13.330207 -65.024956
v -119.206177 13.330207 -65.024956
v -120.564323 13.330207 -65.024956
v -121.922470 13.330207 -65.024956
v -123.280624 13.330207 -63.511116
v -123.280624 13.330207 -61.997272
v -123.280624 13.330207 -60.483429
v -115.131729 13.330207 -60.483429
v -115.131729 13.330207 -61.997272
v -115.131729 13.330207 -63.511116
v -115.131729 13.446404 -63.862923
v -115.131729 13.446404 -64.673149
v -115.131729 14.363141 -64.673149
v -115.131729 14.363141 -63.862923
v -123.280624 13.446404 -60.131622
v -123.280624 13.446404 -59.321396
v -123.280624 14.363141 -59.321396
v -123.280624 14.363141 -60.131622
v -122.395912 13.446404 -65.024956
v -122.807182 13.446404 -65.024956
v -122.807182 14.363141 -65.024956
v -122.395912 14.363141 -65.024956
v -116.016441 13.446404 -58.969589
v -115.605171 13.446404 -58.969589
v -115.605171 14.363141 -58.969589
v -116.016441 14.363141 -58.969589
v -122.807182 13.446404 -58.969589
v -122.395912 13.446404 -58.969589
v -122.395912 14.363141 -58.969589
v -122.807182 14.363141 -58.969589
v -121.449036 13.446404 -58.969589
v -121.037766 13.446404 -58.969589
v -121.037766 14.363141 -58.969589
v -121.449036 14.363141 -58.969589
v -120.090889 13.446404 -58.969589
v -119.679611 13.446404 -58.969589
v -119.679611 14.363141 -58.969589
v -120.090889 14.363141 -58.969589
v -118.732742 13.446404 -58.969589
v -118.321465 13.446404 -58.969589
v -118.321465 14.363141 -58.969589
v -118.732742 14.363141 -58.969589
v -117.374588 13.446404 -58.969589
v -116.963318 13.446404 -58.969589
v -116.963318 14.363141 -58.969589
v -117.374588 14.363141 -58.969589
v -115.605171 13.446404 -65.024956
v -116.016441 13.446404 -65.024956
v -116.016441 14.363141 -65.024956
v -115.605171 14.363141 -65.024956
v -116.963318 13.446404 -65.024956
v -117.374588 13.446404 -65.024956
v -117.374588 14.363141 -65.024956
v -116.963318 14.363141 -65.024956
v -118.321465 13.446404 -65.024956
v -118.732742 13.446404 -65.024956
v -118.732742 14.363141 -65.024956
v -118.321465 14.363141 -65.024956
v -119.679611 13.446404 -65.024956
v -120.090889 13.446404 -65.024956
v -120.090889 14.363141 -65.024956
v -119.679611 14.363141 -65.024956
v -121.037766 13.446404 -65.024956
v -121.449036 13.446404 -65.024956
v -121.449036 14.363141 -65.024956
v -121.037766 14.363141 -65.024956
v -123.280624 13.446404 -64.673149
v -123.280624 13.446404 -63.862923
v -123.280624 14.363141 -63.862923
v -123.280624 14.363141 -64.673149
v -123.280624 13.446404 -63.159306
v -123.280624 13.446404 -62.349079
v -123.280624 14.363141 -62.349079
v -123.280624 14.363141 -63.159306
v -123.280624 13.446404 -61.645466
v -123.280624 13.446404 -60.835239
v -123.280624 14.363141 -60.835239
v -123.280624 14.363141 -61.645466
v -115.131729 13.446404 -59.321396
v -115.131729 13.446404 -60.131622
v -115.131729 14.363141 -60.131622
v -115.131729 14.363141 -59.321396
v -115.131729 13.446404 -60.835239
v -115.131729 13.446404 -61.645466
v -115.131729 14.363141 -61.645466
v -115.131729 14.363141 -60.835239
v -115.131729 13.446404 -62.349079
v -115.131729 13.446404 -63.159306
v -115.131729 14.363141 -63.159306
v -115.131729 14.363141 -62.349079
v -115.319649 13.446404 -64.673149
v -115.319649 13.446404 -63.862923
v -115.319649 14.363141 -63.862923
v -115.319649 14.363141 -64.673149
v -123.092705 13.446404 -59.321396
v -123.092705 13.446404 -60.131622
v -123.092705 14.363141 -60.131622
v -123.092705 14.363141 -59.321396
v -122.807182 13.446404 -64.885315
v -122.395912 13.446404 -64.885315
v -122.395912 14.363141 -64.885315
v -122.807182 14.363141 -64.885315
v -115.605171 13.446404 -59.109230
v -116.016441 13.446404 -59.109230
v -116.016441 14.363141 -59.109230
v -115.605171 14.363141 -59.109230
v -122.395912 13.446404 -59.109230
v -122.807182 13.446404 -59.109230
v -122.807182 14.363141 -59.109230
v -122.395912 14.363141 -59.109230
v -121.037766 13.446404 -59.109230
v -121.449036 13.446404 -59.109230
v -121.449036 14.363141 -59.109230
v -121.037766 14.363141 -59.109230
v -119.679611 13.446404 -59.109230
v -120.090889 13.446404 -59.109230
v -120.090889 14.363141 -59.109230
v -119.679611 14.363141 -59.109230
v -118.321465 13.446404 -59.109230
v -118.732742 13.446404 -59.109230
v -118.732742 14.363141 -59.109230
v -118.321465 14.363141 -59.109230
v -116.963318 13.446404 -59.109230
v -117.374588 13.446404 -59.109230
v -117.374588 14.363141 -59.109230
v -116.963318 14.363141 -59.109230
v -116.016441 13.446404 -64.885315
v -115.605171 13.446404 -64.885315
v -115.605171 14.363141 -64.885315
v -116.016441 14.363141 -64.885315
v -117.374588 13.446404 -64.885315
v -116.963318 13.446404 -64.885315
v -116.963318 14.363141 -64.885315
v -117.374588 14.363141 -64.885315
v -118.732742 13.446404 -64.885315
v -118.321465 13.446404 -64.885315
v -118.321465 14.363141 -64.885315
v -118.732742 14.363141 -64.885315
v -120.090889 13.446404 -64.885315
v -119.679611 13.446404 -64.885315
v -119.679611 14.363141 -64.885315
v -120.090889 14.363141 -64.885315
v -121.449036 13.446404 -64.885315
v -121.037766 13.446404 -64.885315
v -121.037766 14.363141 -64.885315
v -121.449036 14.363141 -64.885315
v -123.092705 13.446404 -63.862923
v -123.092705 13.446404 -64.673149
v -123.092705 14.363141 -64.673149
v -123.092705 14.363141 -63.862923
v -123.092705 13.446404 -62.349079
v -123.092705 13.446404 -63.159306
v -123.092705 14.363141 -63.159306
v -123.092705 14.363141 -62.349079
v -123.092705 13.446404 -60.835239
v -123.092705 13.446404 -61.645466
v -123.092705 14.363141 -61.645466
v -123.092705 14.363141 -60.835239
v -115.319649 13.446404 -60.131622
v -115.319649 13.446404 -59.321396
v -115.319649 14.363141 -59.321396
v -115.319649 14.363141 -60.131622
v -115.319649 13.446404 -61.645466
v -115.319649 13.446404 -60.835239
v -115.319649 14.363141 -60.835239
v -115.319649 14.363141 -61.645466
v -115.319649 13.446404 -63.159306
v -115.319649 13.446404 -62.349079
v -115.319649 14.363141 -62.349079
v -115.319649 14.363141 -63.159306
vn -0.0000 -1.0000 -0.0000
vn -0.0000 1.0000 -0.0000
vn -1.0000 -0.0000 -0.0000
vn 1.0000 -0.0000 -0.0000
vn -0.0000 -0.0000 -1.0000
vn -0.0000 -0.0000 1.0000
vt 0.833333 0.750000
vt 0.833333 1.000000
vt 1.000000 1.000000
vt 1.000000 0.750000
vt 0.166667 0.000000
vt 0.000000 0.000000
vt 0.166667 0.000000
vt 0.941902 0.000000
vt 0.891432 0.000000
vt 0.275235 1.000000
vt 0.275235 1.000000
vt 1.000000 0.808098
vt 1.000000 0.941902
vt 0.000000 0.308098
vt 0.000000 0.441902
vt 0.833333 1.000000
vt 0.000000 0.250000
vt 0.833333 1.000000
vt 0.166667 1.000000
vt 0.000000 1.000000
vt 0.833333 0.000000
vt 1.000000 0.000000
vt 0.166667 1.000000
vt 0.833333 0.000000
vt 1.000000 0.250000
vt 0.000000 0.750000
vt 0.166667 0.000000
vt 0.333333 0.000000
vt 0.333333 0.000000
vt 0.500000 0.000000
vt 0.666667 0.000000
vt 0.666667 0.000000
vt 0.833333 1.000000
vt 0.666667 1.000000
vt 0.666667 1.000000
vt 0.500000 1.000000
vt 0.333333 1.000000
vt 0.333333 1.000000
vt 0.333333 0.000000
vt 0.666667 1.000000
vt 0.166667 1.000000
vt 0.500000 1.000000
vt 0.166667 0.750000
vt 0.333333 0.750000
vt 0.500000 0.750000
vt 0.666667 0.750000
vt 0.224765 1.000000
vt 0.000000 0.308098
vt 0.891432 0.000000
vt 0.441902 0.000000
vt 0.391432 0.000000
vt 0.000000 0.441901
vt 1.000000 0.691902
vt 1.000000 0.558098
vt 0.441902 0.000000
vt 0.166667 0.750000
vt 0.333333 0.750000
vt 0.500000 0.750000
vt 0.666667 0.750000
vt 0.666667 0.250000
vt 0.833333 0.250000
vt 0.833333 0.000000
vt 0.666667 0.500000
vt 0.833333 0.500000
vt 0.500000 0.250000
vt 0.500000 0.500000
vt 0.333333 0.250000
vt 0.333333 0.500000
vt 0.166667 0.250000
vt 0.166667 0.500000
vt 0.000000 0.250000
vt 0.000000 0.500000
vt 0.833333 0.250000
vt 0.833333 0.500000
vt 0.666667 0.500000
vt 0.500000 0.250000
vt 0.500000 0.500000
vt 0.166667 0.250000
vt 0.166667 0.500000
vt 1.000000 0.500000
vt 0.391432 0.000000
vt 0.891432 1.000000
vt 0.941902 1.000000
vt 1.000000 0.558098
vt 0.891432 1.000000
vt 0.000000 0.500000
vt 1.000000 0.941902
vt 1.000000 0.808098
vt 0.000000 0.058098
vt 0.000000 0.191902
vt 0.000000 0.058098
vt 0.000000 0.191902
vt 0.058098 1.000000
vt 0.108568 1.000000
vt 0.108568 0.000000
vt 0.058098 0.000000
vt 0.108568 0.000000
vt 0.058098 0.000000
vt 0.275235 0.000000
vt 0.224765 0.000000
vt 0.275235 0.000000
vt 0.224765 0.000000
vt 0.608568 0.000000
vt 0.558098 0.000000
vt 0.608568 0.000000
vt 0.558098 0.000000
vt 0.775235 0.000000
vt 0.724765 0.000000
vt 0.775235 0.000000
vt 0.724765 0.000000
vt 0.941902 1.000000
vt 0.724765 1.000000
vt 0.775235 1.000000
vt 0.724765 1.000000
vt 0.775235 1.000000
vt 0.558098 1.000000
vt 0.608568 1.000000
vt 0.558098 1.000000
vt 0.608568 1.000000
vt 0.391432 1.000000
vt 0.441902 1.000000
vt 0.391432 1.000000
vt 0.441902 1.000000
vt 0.224765 1.000000
vt 0.000000 0.808098
vt 0.000000 0.941902
vt 0.000000 0.558098
vt 0.000000 0.691902
vt 1.000000 0.191902
vt 1.000000 0.058098
vt 1.000000 0.058098
vt 1.000000 0.441902
vt 1.000000 0.308098
s 0
usemtl 1H_office
f 400/193/63 298/194/63 276/195/63 348/196/63
f 313/197/64 282/198/64 290/198/64 333/199/64
f 437/200/63 438/201/63 517/201/63 518/200/63
f 478/202/65 475/203/65 556/203/65 557/202/65
f 423/204/64 424/205/64 503/205/64 504/204/64
f 489/206/63 490/207/63 569/207/63 570/206/63
f 387/193/64 360/196/64 284/195/64 318/208/64
f 351/209/63 278/198/63 286/198/63 363/209/63
f 318/208/64 284/195/64 292/195/64 338/210/64
f 354/196/63 280/195/63 288/195/63 366/196/63
f 366/196/66 288/195/66 292/195/66 372/196/66
f 363/209/65 286/198/65 290/198/65 369/209/65
f 332/211/67 285/212/67 289/212/67 342/211/67
f 327/213/68 287/214/68 291/214/68 337/213/68
f 312/215/63 277/212/63 285/212/63 332/211/63
f 307/216/63 279/214/63 287/214/63 327/213/63
f 358/217/64 283/214/64 291/214/64 370/217/64
f 355/218/64 281/212/64 289/212/64 367/218/64
f 278/198/63 303/199/63 323/219/63 286/198/63
f 303/199/63 304/220/63 324/221/63 323/219/63
f 304/220/63 305/222/63 325/222/63 324/221/63
f 305/222/63 306/223/63 326/224/63 325/222/63
f 306/223/63 307/216/63 327/213/63 326/224/63
f 280/195/63 308/194/63 328/225/63 288/195/63
f 308/194/63 309/226/63 329/227/63 328/225/63
f 309/226/63 310/228/63 330/228/63 329/227/63
f 310/228/63 311/229/63 331/230/63 330/228/63
f 311/229/63 312/215/63 332/211/63 331/230/63
f 286/198/68 323/219/68 333/199/68 290/198/68
f 323/219/68 324/221/68 334/231/68 333/199/68
f 324/221/68 325/222/68 335/222/68 334/231/68
f 325/222/68 326/224/68 336/223/68 335/222/68
f 326/224/68 327/213/68 337/213/68 336/223/68
f 288/195/67 328/225/67 338/210/67 292/195/67
f 328/225/67 329/227/67 339/232/67 338/210/67
f 329/227/67 330/228/67 340/228/67 339/232/67
f 330/228/67 331/230/67 341/229/67 340/228/67
f 331/230/67 332/211/67 342/211/67 341/229/67
f 281/212/64 322/233/64 342/211/64 289/212/64
f 322/233/64 321/229/64 341/229/64 342/211/64
f 321/229/64 320/234/64 340/228/64 341/229/64
f 320/234/64 319/227/64 339/232/64 340/228/64
f 319/227/64 318/208/64 338/210/64 339/232/64
f 355/218/64 375/235/64 322/233/64 281/212/64
f 375/235/64 378/236/64 321/229/64 322/233/64
f 378/236/64 381/237/64 320/234/64 321/229/64
f 381/237/64 384/238/64 319/227/64 320/234/64
f 384/238/64 387/193/64 318/208/64 319/227/64
f 436/200/65 437/200/65 518/200/65 515/200/65
f 475/203/64 476/239/64 555/239/64 556/203/64
f 488/240/67 489/206/67 570/206/67 567/240/67
f 438/201/66 435/241/66 516/241/66 517/201/66
f 449/242/63 450/243/63 529/243/63 530/242/63
f 490/207/68 487/244/68 568/244/68 569/207/68
f 435/241/64 436/200/64 515/200/64 516/241/64
f 501/245/63 502/246/63 581/246/63 582/245/63
f 448/247/65 449/242/65 530/242/65 527/247/65
f 487/244/64 488/240/64 567/240/64 568/244/64
f 283/214/64 317/216/64 337/213/64 291/214/64
f 317/216/64 316/223/64 336/223/64 337/213/64
f 316/223/64 315/222/64 335/222/64 336/223/64
f 315/222/64 314/231/64 334/231/64 335/222/64
f 314/231/64 313/197/64 333/199/64 334/231/64
f 343/218/63 275/212/63 302/215/63 388/248/63
f 388/248/63 302/215/63 301/229/63 391/249/63
f 391/249/63 301/229/63 300/228/63 394/250/63
f 394/250/63 300/228/63 299/227/63 397/251/63
f 397/251/63 299/227/63 298/194/63 400/193/63
f 296/223/63 399/252/63 402/253/63 297/254/63
f 399/252/63 398/255/63 401/256/63 402/253/63
f 398/255/63 397/251/63 400/193/63 401/256/63
f 295/222/63 396/257/63 399/252/63 296/223/63
f 396/257/63 395/258/63 398/255/63 399/252/63
f 395/258/63 394/250/63 397/251/63 398/255/63
f 294/231/63 393/259/63 396/257/63 295/222/63
f 393/259/63 392/260/63 395/258/63 396/257/63
f 392/260/63 391/249/63 394/250/63 395/258/63
f 293/219/63 390/261/63 393/259/63 294/231/63
f 390/261/63 389/262/63 392/260/63 393/259/63
f 389/262/63 388/248/63 391/249/63 392/260/63
f 273/198/63 345/263/63 390/261/63 293/219/63
f 345/263/63 344/264/63 389/262/63 390/261/63
f 344/264/63 343/218/63 388/248/63 389/262/63
f 316/223/64 317/216/64 385/265/64 382/252/64
f 382/252/64 385/265/64 386/266/64 383/267/64
f 383/267/64 386/266/64 387/193/64 384/238/64
f 315/222/64 316/223/64 382/252/64 379/268/64
f 379/268/64 382/252/64 383/267/64 380/269/64
f 380/269/64 383/267/64 384/238/64 381/237/64
f 314/231/64 315/222/64 379/268/64 376/259/64
f 376/259/64 379/268/64 380/269/64 377/260/64
f 377/260/64 380/269/64 381/237/64 378/236/64
f 313/197/64 314/231/64 376/259/64 373/270/64
f 373/270/64 376/259/64 377/260/64 374/271/64
f 374/271/64 377/260/64 378/236/64 375/235/64
f 282/198/64 313/197/64 373/270/64 357/209/64
f 357/209/64 373/270/64 374/271/64 356/264/64
f 356/264/64 374/271/64 375/235/64 355/218/64
f 282/198/64 357/209/64 369/209/64 290/198/64
f 357/209/64 356/264/64 368/264/64 369/209/64
f 356/264/64 355/218/64 367/218/64 368/264/64
f 284/195/64 360/196/64 372/196/64 292/195/64
f 360/196/64 359/272/64 371/272/64 372/196/64
f 359/272/64 358/217/64 370/217/64 371/272/64
f 285/212/65 361/218/65 367/218/65 289/212/65
f 361/218/65 362/264/65 368/264/65 367/218/65
f 362/264/65 363/209/65 369/209/65 368/264/65
f 287/214/66 364/217/66 370/217/66 291/214/66
f 364/217/66 365/272/66 371/272/66 370/217/66
f 365/272/66 366/196/66 372/196/66 371/272/66
f 279/214/63 352/217/63 364/217/63 287/214/63
f 352/217/63 353/272/63 365/272/63 364/217/63
f 353/272/63 354/196/63 366/196/63 365/272/63
f 277/212/63 349/218/63 361/218/63 285/212/63
f 349/218/63 350/264/63 362/264/63 361/218/63
f 350/264/63 351/209/63 363/209/63 362/264/63
f 317/216/64 283/214/64 358/217/64 385/265/64
f 385/265/64 358/217/64 359/272/64 386/266/64
f 386/266/64 359/272/64 360/196/64 387/193/64
f 500/245/68 501/245/68 582/245/68 579/245/68
f 450/243/66 447/273/66 528/273/66 529/243/66
f 461/274/63 462/275/63 541/275/63 542/274/63
f 502/246/67 499/276/67 580/276/67 581/246/67
f 447/273/64 448/247/64 527/247/64 528/273/64
f 460/277/66 461/274/66 542/274/66 539/277/66
f 297/254/63 402/253/63 346/217/63 274/214/63
f 402/253/63 401/256/63 347/272/63 346/217/63
f 401/256/63 400/193/63 348/196/63 347/272/63
f 347/272/66 348/196/66 422/196/66 421/272/66
f 346/217/66 347/272/66 421/272/66 420/217/66
f 274/214/66 346/217/66 420/217/66 404/214/66
f 344/264/65 345/263/65 419/263/65 418/278/65
f 343/218/65 344/264/65 418/278/65 417/218/65
f 275/212/65 343/218/65 417/218/65 406/212/65
f 301/229/67 302/215/67 416/215/67 415/229/67
f 300/228/67 301/229/67 415/229/67 414/228/67
f 299/227/67 300/228/67 414/228/67 413/227/67
f 298/194/67 299/227/67 413/227/67 412/194/67
f 276/195/67 298/194/67 412/194/67 403/195/67
f 296/223/68 297/254/68 411/216/68 410/223/68
f 295/222/68 296/223/68 410/223/68 409/222/68
f 294/231/68 295/222/68 409/222/68 408/231/68
f 293/219/68 294/231/68 408/231/68 407/219/68
f 273/198/68 293/219/68 407/219/68 405/198/68
f 297/254/68 274/214/68 404/214/68 411/216/68
f 302/215/67 275/212/67 406/212/67 416/215/67
f 345/263/65 273/198/65 405/198/65 419/263/65
f 348/196/66 276/195/66 403/195/66 422/196/66
f 422/196/66 403/195/66 424/205/66 423/204/66
f 403/195/66 280/195/66 425/279/66 424/205/66
f 280/195/66 354/196/66 426/280/66 425/279/66
f 354/196/66 422/196/66 423/204/66 426/280/66
f 419/263/65 405/198/65 428/281/65 427/282/65
f 405/198/65 278/198/65 429/283/65 428/281/65
f 278/198/65 351/209/65 430/284/65 429/283/65
f 351/209/65 419/263/65 427/282/65 430/284/65
f 416/215/67 406/212/67 432/285/67 431/286/67
f 406/212/67 277/212/67 433/285/67 432/285/67
f 277/212/67 312/215/67 434/286/67 433/285/67
f 312/215/67 416/215/67 431/286/67 434/286/67
f 411/216/68 404/214/68 436/200/68 435/241/68
f 404/214/68 279/214/68 437/200/68 436/200/68
f 279/214/68 307/216/68 438/201/68 437/200/68
f 307/216/68 411/216/68 435/241/68 438/201/68
f 405/198/68 407/219/68 440/287/68 439/288/68
f 407/219/68 303/199/68 441/289/68 440/287/68
f 303/199/68 278/198/68 442/290/68 441/289/68
f 278/198/68 405/198/68 439/288/68 442/290/68
f 407/219/68 408/231/68 444/291/68 443/292/68
f 408/231/68 304/220/68 445/293/68 444/291/68
f 304/220/68 303/199/68 446/294/68 445/293/68
f 303/199/68 407/219/68 443/292/68 446/294/68
f 408/231/68 409/222/68 448/247/68 447/273/68
f 409/222/68 305/222/68 449/242/68 448/247/68
f 305/222/68 304/220/68 450/243/68 449/242/68
f 304/220/68 408/231/68 447/273/68 450/243/68
f 409/222/68 410/223/68 452/295/68 451/296/68
f 410/223/68 306/223/68 453/297/68 452/295/68
f 306/223/68 305/222/68 454/298/68 453/297/68
f 305/222/68 409/222/68 451/296/68 454/298/68
f 410/223/68 411/216/68 456/299/68 455/300/68
f 411/216/68 307/216/68 457/301/68 456/299/68
f 307/216/68 306/223/68 458/302/68 457/301/68
f 306/223/68 410/223/68 455/300/68 458/302/68
f 403/195/67 412/194/67 460/277/67 459/303/67
f 412/194/67 308/194/67 461/274/67 460/277/67
f 308/194/67 280/195/67 462/275/67 461/274/67
f 280/195/67 403/195/67 459/303/67 462/275/67
f 412/194/67 413/227/67 464/304/67 463/305/67
f 413/227/67 309/226/67 465/306/67 464/304/67
f 309/226/67 308/194/67 466/307/67 465/306/67
f 308/194/67 412/194/67 463/305/67 466/307/67
f 413/227/67 414/228/67 468/308/67 467/309/67
f 414/228/67 310/228/67 469/310/67 468/308/67
f 310/228/67 309/226/67 470/311/67 469/310/67
f 309/226/67 413/227/67 467/309/67 470/311/67
f 414/228/67 415/229/67 472/312/67 471/313/67
f 415/229/67 311/229/67 473/314/67 472/312/67
f 311/229/67 310/228/67 474/315/67 473/314/67
f 310/228/67 414/228/67 471/313/67 474/315/67
f 415/229/67 416/215/67 476/239/67 475/203/67
f 416/215/67 312/215/67 477/316/67 476/239/67
f 312/215/67 311/229/67 478/202/67 477/316/67
f 311/229/67 415/229/67 475/203/67 478/202/67
f 406/212/65 417/218/65 480/317/65 479/318/65
f 417/218/65 349/218/65 481/317/65 480/317/65
f 349/218/65 277/212/65 482/318/65 481/317/65
f 277/212/65 406/212/65 479/318/65 482/318/65
f 417/218/65 418/278/65 484/319/65 483/320/65
f 418/278/65 350/264/65 485/319/65 484/319/65
f 350/264/65 349/218/65 486/320/65 485/319/65
f 349/218/65 417/218/65 483/320/65 486/320/65
f 418/278/65 419/263/65 488/240/65 487/244/65
f 419/263/65 351/209/65 489/206/65 488/240/65
f 351/209/65 350/264/65 490/207/65 489/206/65
f 350/264/65 418/278/65 487/244/65 490/207/65
f 404/214/66 420/217/66 492/321/66 491/322/66
f 420/217/66 352/217/66 493/321/66 492/321/66
f 352/217/66 279/214/66 494/323/66 493/321/66
f 279/214/66 404/214/66 491/322/66 494/323/66
f 420/217/66 421/272/66 496/324/66 495/325/66
f 421/272/66 353/272/66 497/324/66 496/324/66
f 353/272/66 352/217/66 498/325/66 497/324/66
f 352/217/66 420/217/66 495/325/66 498/325/66
f 421/272/66 422/196/66 500/245/66 499/276/66
f 422/196/66 354/196/66 501/245/66 500/245/66
f 354/196/66 353/272/66 502/246/66 501/245/66
f 353/272/66 421/272/66 499/276/66 502/246/66
f 524/292/68 523/291/68 526/293/68 525/294/68
f 536/300/68 535/299/68 538/301/68 537/302/68
f 544/305/67 543/304/67 546/306/67 545/307/67
f 552/313/67 551/312/67 554/314/67 553/315/67
f 568/244/65 567/240/65 570/206/65 569/207/65
f 580/276/66 579/245/66 582/245/66 581/246/66
f 426/280/67 423/204/67 504/204/67 505/280/67
f 476/239/66 477/316/66 558/316/66 555/239/66
f 463/305/64 464/304/64 543/304/64 544/305/64
f 424/205/68 425/279/68 506/279/68 503/205/68
f 477/316/63 478/202/63 557/202/63 558/316/63
f 466/307/65 463/305/65 544/305/65 545/307/65
f 425/279/63 426/280/63 505/280/63 506/279/63
f 464/304/66 465/306/66 546/306/66 543/304/66
f 451/296/64 452/295/64 531/295/64 532/296/64
f 465/306/63 466/307/63 545/307/63 546/306/63
f 454/298/66 451/296/66 532/296/66 533/298/66
f 491/322/64 492/321/64 571/321/64 572/322/64
f 452/295/65 453/297/65 534/297/65 531/295/65
f 439/288/64 440/287/64 519/287/64 520/288/64
f 494/323/67 491/322/67 572/322/67 573/323/67
f 453/297/63 454/298/63 533/298/63 534/297/63
f 442/290/66 439/288/66 520/288/66 521/290/66
f 492/321/68 493/321/68 574/321/68 571/321/68
f 479/318/64 480/317/64 559/317/64 560/318/64
f 440/287/65 441/289/65 522/289/65 519/287/65
f 493/321/63 494/323/63 573/323/63 574/321/63
f 427/282/64 428/281/64 507/281/64 508/282/64
f 482/318/68 479/318/68 560/318/68 561/318/68
f 441/289/63 442/290/63 521/290/63 522/289/63
f 430/284/68 427/282/68 508/282/68 509/284/68
f 480/317/67 481/317/67 562/317/67 559/317/67
f 467/309/64 468/308/64 547/308/64 548/309/64
f 428/281/67 429/283/67 510/283/67 507/281/67
f 481/317/63 482/318/63 561/318/63 562/317/63
f 470/311/65 467/309/65 548/309/65 549/311/65
f 429/283/63 430/284/63 509/284/63 510/283/63
f 468/308/66 469/310/66 550/310/66 547/308/66
f 455/300/64 456/299/64 535/299/64 536/300/64
f 469/310/63 470/311/63 549/311/63 550/310/63
f 458/302/66 455/300/66 536/300/66 537/302/66
f 495/325/64 496/324/64 575/324/64 576/325/64
f 456/299/65 457/301/65 538/301/65 535/299/65
f 443/292/64 444/291/64 523/291/64 524/292/64
f 498/325/67 495/325/67 576/325/67 577/325/67
f 457/301/63 458/302/63 537/302/63 538/301/63
f 446/294/66 443/292/66 524/292/66 525/294/66
f 496/324/68 497/324/68 578/324/68 575/324/68
f 483/320/64 484/319/64 563/319/64 564/320/64
f 444/291/65 445/293/65 526/293/65 523/291/65
f 497/324/63 498/325/63 577/325/63 578/324/63
f 431/286/64 432/285/64 511/285/64 512/286/64
f 486/320/68 483/320/68 564/320/68 565/320/68
f 445/293/63 446/294/63 525/294/63 526/293/63
f 434/286/65 431/286/65 512/286/65 513/286/65
f 484/319/67 485/319/67 566/319/67 563/319/67
f 471/313/64 472/312/64 551/312/64 552/313/64
f 432/285/66 433/285/66 514/285/66 511/285/66
f 485/319/63 486/320/63 565/320/63 566/319/63
f 474/315/65 471/313/65 552/313/65 553/315/65
f 433/285/63 434/286/63 513/286/63 514/285/63
f 472/312/66 473/314/66 554/314/66 551/312/66
f 459/303/64 460/277/64 539/277/64 540/303/64
f 473/314/63 474/315/63 553/315/63 554/314/63
f 462/275/65 459/303/65 540/303/65 541/275/65
f 499/276/64 500/245/64 579/245/64 580/276/64
f 710/193/63 608/194/63 586/195/63 658/196/63
f 623/197/64 592/198/64 600/198/64 643/199/64
f 747/200/63 748/201/63 827/201/63 828/200/63
f 788/202/65 785/203/65 866/203/65 867/202/65
f 733/204/64 734/205/64 813/205/64 814/204/64
f 799/206/63 800/207/63 879/207/63 880/206/63
f 697/193/64 670/196/64 594/195/64 628/208/64
f 661/209/63 588/198/63 596/198/63 673/209/63
f 628/208/64 594/195/64 602/195/64 648/210/64
f 664/196/63 590/195/63 598/195/63 676/196/63
f 676/196/66 598/195/66 602/195/66 682/196/66
f 673/209/65 596/198/65 600/198/65 679/209/65
f 642/211/67 595/212/67 599/212/67 652/211/67
f 637/213/68 597/214/68 601/214/68 647/213/68
f 622/215/63 587/212/63 595/212/63 642/211/63
f 617/216/63 589/214/63 597/214/63 637/213/63
f 668/217/64 593/214/64 601/214/64 680/217/64
f 665/218/64 591/212/64 599/212/64 677/218/64
f 588/198/63 613/199/63 633/219/63 596/198/63
f 613/199/63 614/220/63 634/221/63 633/219/63
f 614/220/63 615/222/63 635/222/63 634/221/63
f 615/222/63 616/223/63 636/224/63 635/222/63
f 616/223/63 617/216/63 637/213/63 636/224/63
f 590/195/63 618/194/63 638/225/63 598/195/63
f 618/194/63 619/226/63 639/227/63 638/225/63
f 619/226/63 620/228/63 640/228/63 639/227/63
f 620/228/63 621/229/63 641/230/63 640/228/63
f 621/229/63 622/215/63 642/211/63 641/230/63
f 596/198/68 633/219/68 643/199/68 600/198/68
f 633/219/68 634/221/68 644/231/68 643/199/68
f 634/221/68 635/222/68 645/222/68 644/231/68
f 635/222/68 636/224/68 646/223/68 645/222/68
f 636/224/68 637/213/68 647/213/68 646/223/68
f 598/195/67 638/225/67 648/210/67 602/195/67
f 638/225/67 639/227/67 649/232/67 648/210/67
f 639/227/67 640/228/67 650/228/67 649/232/67
f 640/228/67 641/230/67 651/229/67 650/228/67
f 641/230/67 642/211/67 652/211/67 651/229/67
f 591/212/64 632/233/64 652/211/64 599/212/64
f 632/233/64 631/229/64 651/229/64 652/211/64
f 631/229/64 630/234/64 650/228/64 651/229/64
f 630/234/64 629/227/64 649/232/64 650/228/64
f 629/227/64 628/208/64 648/210/64 649/232/64
f 665/218/64 685/235/64 632/233/64 591/212/64
f 685/235/64 688/236/64 631/229/64 632/233/64
f 688/236/64 691/237/64 630/234/64 631/229/64
f 691/237/64 694/238/64 629/227/64 630/234/64
f 694/238/64 697/193/64 628/208/64 629/227/64
f 746/200/65 747/200/65 828/200/65 825/200/65
f 785/203/64 786/239/64 865/239/64 866/203/64
f 798/240/67 799/206/67 880/206/67 877/240/67
f 748/201/66 745/241/66 826/241/66 827/201/66
f 759/242/63 760/243/63 839/243/63 840/242/63
f 800/207/68 797/244/68 878/244/68 879/207/68
f 745/241/64 746/200/64 825/200/64 826/241/64
f 811/245/63 812/246/63 891/246/63 892/245/63
f 758/247/65 759/242/65 840/242/65 837/247/65
f 797/244/64 798/240/64 877/240/64 878/244/64
f 593/214/64 627/216/64 647/213/64 601/214/64
f 627/216/64 626/223/64 646/223/64 647/213/64
f 626/223/64 625/222/64 645/222/64 646/223/64
f 625/222/64 624/231/64 644/231/64 645/222/64
f 624/231/64 623/197/64 643/199/64 644/231/64
f 653/218/63 585/212/63 612/215/63 698/248/63
f 698/248/63 612/215/63 611/229/63 701/249/63
f 701/249/63 611/229/63 610/228/63 704/250/63
f 704/250/63 610/228/63 609/227/63 707/251/63
f 707/251/63 609/227/63 608/194/63 710/193/63
f 606/223/63 709/252/63 712/253/63 607/254/63
f 709/252/63 708/255/63 711/256/63 712/253/63
f 708/255/63 707/251/63 710/193/63 711/256/63
f 605/222/63 706/257/63 709/252/63 606/223/63
f 706/257/63 705/258/63 708/255/63 709/252/63
f 705/258/63 704/250/63 707/251/63 708/255/63
f 604/231/63 703/259/63 706/257/63 605/222/63
f 703/259/63 702/260/63 705/258/63 706/257/63
f 702/260/63 701/249/63 704/250/63 705/258/63
f 603/219/63 700/261/63 703/259/63 604/231/63
f 700/261/63 699/262/63 702/260/63 703/259/63
f 699/262/63 698/248/63 701/249/63 702/260/63
f 583/198/63 655/263/63 700/261/63 603/219/63
f 655/263/63 654/264/63 699/262/63 700/261/63
f 654/264/63 653/218/63 698/248/63 699/262/63
f 626/223/64 627/216/64 695/265/64 692/252/64
f 692/252/64 695/265/64 696/266/64 693/267/64
f 693/267/64 696/266/64 697/193/64 694/238/64
f 625/222/64 626/223/64 692/252/64 689/268/64
f 689/268/64 692/252/64 693/267/64 690/269/64
f 690/269/64 693/267/64 694/238/64 691/237/64
f 624/231/64 625/222/64 689/268/64 686/259/64
f 686/259/64 689/268/64 690/269/64 687/260/64
f 687/260/64 690/269/64 691/237/64 688/236/64
f 623/197/64 624/231/64 686/259/64 683/270/64
f 683/270/64 686/259/64 687/260/64 684/271/64
f 684/271/64 687/260/64 688/236/64 685/235/64
f 592/198/64 623/197/64 683/270/64 667/209/64
f 667/209/64 683/270/64 684/271/64 666/264/64
f 666/264/64 684/271/64 685/235/64 665/218/64
f 592/198/64 667/209/64 679/209/64 600/198/64
f 667/209/64 666/264/64 678/264/64 679/209/64
f 666/264/64 665/218/64 677/218/64 678/264/64
f 594/195/64 670/196/64 682/196/64 602/195/64
f 670/196/64 669/272/64 681/272/64 682/196/64
f 669/272/64 668/217/64 680/217/64 681/272/64
f 595/212/65 671/218/65 677/218/65 599/212/65
f 671/218/65 672/264/65 678/264/65 677/218/65
f 672/264/65 673/209/65 679/209/65 678/264/65
f 597/214/66 674/217/66 680/217/66 601/214/66
f 674/217/66 675/272/66 681/272/66 680/217/66
f 675/272/66 676/196/66 682/196/66 681/272/66
f 589/214/63 662/217/63 674/217/63 597/214/63
f 662/217/63 663/272/63 675/272/63 674/217/63
f 663/272/63 664/196/63 676/196/63 675/272/63
f 587/212/63 659/218/63 671/218/63 595/212/63
f 659/218/63 660/264/63 672/264/63 671/218/63
f 660/264/63 661/209/63 673/209/63 672/264/63
f 627/216/64 593/214/64 668/217/64 695/265/64
f 695/265/64 668/217/64 669/272/64 696/266/64
f 696/266/64 669/272/64 670/196/64 697/193/64
f 810/245/68 811/245/68 892/245/68 889/245/68
f 760/243/66 757/273/66 838/273/66 839/243/66
f 771/274/63 772/275/63 851/275/63 852/274/63
f 812/246/67 809/276/67 890/276/67 891/246/67
f 757/273/64 758/247/64 837/247/64 838/273/64
f 770/277/66 771/274/66 852/274/66 849/277/66
f 607/254/63 712/253/63 656/217/63 584/214/63
f 712/253/63 711/256/63 657/272/63 656/217/63
f 711/256/63 710/193/63 658/196/63 657/272/63
f 657/272/66 658/196/66 732/196/66 731/272/66
f 656/217/66 657/272/66 731/272/66 730/217/66
f 584/214/66 656/217/66 730/217/66 714/214/66
f 654/264/65 655/263/65 729/263/65 728/278/65
f 653/218/65 654/264/65 728/278/65 727/218/65
f 585/212/65 653/218/65 727/218/65 716/212/65
f 611/229/67 612/215/67 726/215/67 725/229/67
f 610/228/67 611/229/67 725/229/67 724/228/67
f 609/227/67 610/228/67 724/228/67 723/227/67
f 608/194/67 609/227/67 723/227/67 722/194/67
f 586/195/67 608/194/67 722/194/67 713/195/67
f 606/223/68 607/254/68 721/216/68 720/223/68
f 605/222/68 606/223/68 720/223/68 719/222/68
f 604/231/68 605/222/68 719/222/68 718/231/68
f 603/219/68 604/231/68 718/231/68 717/219/68
f 583/198/68 603/219/68 717/219/68 715/198/68
f 607/254/68 584/214/68 714/214/68 721/216/68
f 612/215/67 585/212/67 716/212/67 726/215/67
f 655/263/65 583/198/65 715/198/65 729/263/65
f 658/196/66 586/195/66 713/195/66 732/196/66
f 732/196/66 713/195/66 734/205/66 733/204/66
f 713/195/66 590/195/66 735/279/66 734/205/66
f 590/195/66 664/196/66 736/280/66 735/279/66
f 664/196/66 732/196/66 733/204/66 736/280/66
f 729/263/65 715/198/65 738/281/65 737/282/65
f 715/198/65 588/198/65 739/283/65 738/281/65
f 588/198/65 661/209/65 740/284/65 739/283/65
f 661/209/65 729/263/65 737/282/65 740/284/65
f 726/215/67 716/212/67 742/285/67 741/286/67
f 716/212/67 587/212/67 743/285/67 742/285/67
f 587/212/67 622/215/67 744/286/67 743/285/67
f 622/215/67 726/215/67 741/286/67 744/286/67
f 721/216/68 714/214/68 746/200/68 745/241/68
f 714/214/68 589/214/68 747/200/68 746/200/68
f 589/214/68 617/216/68 748/201/68 747/200/68
f 617/216/68 721/216/68 745/241/68 748/201/68
f 715/198/68 717/219/68 750/287/68 749/288/68
f 717/219/68 613/199/68 751/289/68 750/287/68
f 613/199/68 588/198/68 752/290/68 751/289/68
f 588/198/68 715/198/68 749/288/68 752/290/68
f 717/219/68 718/231/68 754/291/68 753/292/68
f 718/231/68 614/220/68 755/293/68 754/291/68
f 614/220/68 613/199/68 756/294/68 755/293/68
f 613/199/68 717/219/68 753/292/68 756/294/68
f 718/231/68 719/222/68 758/247/68 757/273/68
f 719/222/68 615/222/68 759/242/68 758/247/68
f 615/222/68 614/220/68 760/243/68 759/242/68
f 614/220/68 718/231/68 757/273/68 760/243/68
f 719/222/68 720/223/68 762/295/68 761/296/68
f 720/223/68 616/223/68 763/297/68 762/295/68
f 616/223/68 615/222/68 764/298/68 763/297/68
f 615/222/68 719/222/68 761/296/68 764/298/68
f 720/223/68 721/216/68 766/299/68 765/300/68
f 721/216/68 617/216/68 767/301/68 766/299/68
f 617/216/68 616/223/68 768/302/68 767/301/68
f 616/223/68 720/223/68 765/300/68 768/302/68
f 713/195/67 722/194/67 770/277/67 769/303/67
f 722/194/67 618/194/67 771/274/67 770/277/67
f 618/194/67 590/195/67 772/275/67 771/274/67
f 590/195/67 713/195/67 769/303/67 772/275/67
f 722/194/67 723/227/67 774/304/67 773/305/67
f 723/227/67 619/226/67 775/306/67 774/304/67
f 619/226/67 618/194/67 776/307/67 775/306/67
f 618/194/67 722/194/67 773/305/67 776/307/67
f 723/227/67 724/228/67 778/308/67 777/309/67
f 724/228/67 620/228/67 779/310/67 778/308/67
f 620/228/67 619/226/67 780/311/67 779/310/67
f 619/226/67 723/227/67 777/309/67 780/311/67
f 724/228/67 725/229/67 782/312/67 781/313/67
f 725/229/67 621/229/67 783/314/67 782/312/67
f 621/229/67 620/228/67 784/315/67 783/314/67
f 620/228/67 724/228/67 781/313/67 784/315/67
f 725/229/67 726/215/67 786/239/67 785/203/67
f 726/215/67 622/215/67 787/316/67 786/239/67
f 622/215/67 621/229/67 788/202/67 787/316/67
f 621/229/67 725/229/67 785/203/67 788/202/67
f 716/212/65 727/218/65 790/317/65 789/318/65
f 727/218/65 659/218/65 791/317/65 790/317/65
f 659/218/65 587/212/65 792/318/65 791/317/65
f 587/212/65 716/212/65 789/318/65 792/318/65
f 727/218/65 728/278/65 794/319/65 793/320/65
f 728/278/65 660/264/65 795/319/65 794/319/65
f 660/264/65 659/218/65 796/320/65 795/319/65
f 659/218/65 727/218/65 793/320/65 796/320/65
f 728/278/65 729/263/65 798/240/65 797/244/65
f 729/263/65 661/209/65 799/206/65 798/240/65
f 661/209/65 660/264/65 800/207/65 799/206/65
f 660/264/65 728/278/65 797/244/65 800/207/65
f 714/214/66 730/217/66 802/321/66 801/322/66
f 730/217/66 662/217/66 803/321/66 802/321/66
f 662/217/66 589/214/66 804/323/66 803/321/66
f 589/214/66 714/214/66 801/322/66 804/323/66
f 730/217/66 731/272/66 806/324/66 805/325/66
f 731/272/66 663/272/66 807/324/66 806/324/66
f 663/272/66 662/217/66 808/325/66 807/324/66
f 662/217/66 730/217/66 805/325/66 808/325/66
f 731/272/66 732/196/66 810/245/66 809/276/66
f 732/196/66 664/196/66 811/245/66 810/245/66
f 664/196/66 663/272/66 812/246/66 811/245/66
f 663/272/66 731/272/66 809/276/66 812/246/66
f 834/292/68 833/291/68 836/293/68 835/294/68
f 846/300/68 845/299/68 848/301/68 847/302/68
f 854/305/67 853/304/67 856/306/67 855/307/67
f 862/313/67 861/312/67 864/314/67 863/315/67
f 878/244/65 877/240/65 880/206/65 879/207/65
f 890/276/66 889/245/66 892/245/66 891/246/66
f 736/280/67 733/204/67 814/204/67 815/280/67
f 786/239/66 787/316/66 868/316/66 865/239/66
f 773/305/64 774/304/64 853/304/64 854/305/64
f 734/205/68 735/279/68 816/279/68 813/205/68
f 787/316/63 788/202/63 867/202/63 868/316/63
f 776/307/65 773/305/65 854/305/65 855/307/65
f 735/279/63 736/280/63 815/280/63 816/279/63
f 774/304/66 775/306/66 856/306/66 853/304/66
f 761/296/64 762/295/64 841/295/64 842/296/64
f 775/306/63 776/307/63 855/307/63 856/306/63
f 764/298/66 761/296/66 842/296/66 843/298/66
f 801/322/64 802/321/64 881/321/64 882/322/64
f 762/295/65 763/297/65 844/297/65 841/295/65
f 749/288/64 750/287/64 829/287/64 830/288/64
f 804/323/67 801/322/67 882/322/67 883/323/67
f 763/297/63 764/298/63 843/298/63 844/297/63
f 752/290/66 749/288/66 830/288/66 831/290/66
f 802/321/68 803/321/68 884/321/68 881/321/68
f 789/318/64 790/317/64 869/317/64 870/318/64
f 750/287/65 751/289/65 832/289/65 829/287/65
f 803/321/63 804/323/63 883/323/63 884/321/63
f 737/282/64 738/281/64 817/281/64 818/282/64
f 792/318/68 789/318/68 870/318/68 871/318/68
f 751/289/63 752/290/63 831/290/63 832/289/63
f 740/284/68 737/282/68 818/282/68 819/284/68
f 790/317/67 791/317/67 872/317/67 869/317/67
f 777/309/64 778/308/64 857/308/64 858/309/64
f 738/281/67 739/283/67 820/283/67 817/281/67
f 791/317/63 792/318/63 871/318/63 872/317/63
f 780/311/65 777/309/65 858/309/65 859/311/65
f 739/283/63 740/284/63 819/284/63 820/283/63
f 778/308/66 779/310/66 860/310/66 857/308/66
f 765/300/64 766/299/64 845/299/64 846/300/64
f 779/310/63 780/311/63 859/311/63 860/310/63
f 768/302/66 765/300/66 846/300/66 847/302/66
f 805/325/64 806/324/64 885/324/64 886/325/64
f 766/299/65 767/301/65 848/301/65 845/299/65
f 753/292/64 754/291/64 833/291/64 834/292/64
f 808/325/67 805/325/67 886/325/67 887/325/67
f 767/301/63 768/302/63 847/302/63 848/301/63
f 756/294/66 753/292/66 834/292/66 835/294/66
f 806/324/68 807/324/68 888/324/68 885/324/68
f 793/320/64 794/319/64 873/319/64 874/320/64
f 754/291/65 755/293/65 836/293/65 833/291/65
f 807/324/63 808/325/63 887/325/63 888/324/63
f 741/286/64 742/285/64 821/285/64 822/286/64
f 796/320/68 793/320/68 874/320/68 875/320/68
f 755/293/63 756/294/63 835/294/63 836/293/63
f 744/286/65 741/286/65 822/286/65 823/286/65
f 794/319/67 795/319/67 876/319/67 873/319/67
f 781/313/64 782/312/64 861/312/64 862/313/64
f 742/285/66 743/285/66 824/285/66 821/285/66
f 795/319/63 796/320/63 875/320/63 876/319/63
f 784/315/65 781/313/65 862/313/65 863/315/65
f 743/285/63 744/286/63 823/286/63 824/285/63
f 782/312/66 783/314/66 864/314/66 861/312/66
f 769/303/64 770/277/64 849/277/64 850/303/64
f 783/314/63 784/315/63 863/315/63 864/314/63
f 772/275/65 769/303/65 850/303/65 851/275/65
f 809/276/64 810/245/64 889/245/64 890/276/64
f 1020/193/63 918/194/63 896/195/63 968/196/63
f 933/197/64 902/198/64 910/198/64 953/199/64
f 1057/200/63 1058/201/63 1137/201/63 1138/200/63
f 1098/202/65 1095/203/65 1176/203/65 1177/202/65
f 1043/204/64 1044/205/64 1123/205/64 1124/204/64
f 1109/206/63 1110/207/63 1189/207/63 1190/206/63
f 1007/193/64 980/196/64 904/195/64 938/208/64
f 971/209/63 898/198/63 906/198/63 983/209/63
f 938/208/64 904/195/64 912/195/64 958/210/64
f 974/196/63 900/195/63 908/195/63 986/196/63
f 986/196/66 908/195/66 912/195/66 992/196/66
f 983/209/65 906/198/65 910/198/65 989/209/65
f 952/211/67 905/212/67 909/212/67 962/211/67
f 947/213/68 907/214/68 911/214/68 957/213/68
f 932/215/63 897/212/63 905/212/63 952/211/63
f 927/216/63 899/214/63 907/214/63 947/213/63
f 978/217/64 903/214/64 911/214/64 990/217/64
f 975/218/64 901/212/64 909/212/64 987/218/64
f 898/198/63 923/199/63 943/219/63 906/198/63
f 923/199/63 924/220/63 944/221/63 943/219/63
f 924/220/63 925/222/63 945/222/63 944/221/63
f 925/222/63 926/223/63 946/224/63 945/222/63
f 926/223/63 927/216/63 947/213/63 946/224/63
f 900/195/63 928/194/63 948/225/63 908/195/63
f 928/194/63 929/226/63 949/227/63 948/225/63
f 929/226/63 930/228/63 950/228/63 949/227/63
f 930/228/63 931/229/63 951/230/63 950/228/63
f 931/229/63 932/215/63 952/211/63 951/230/63
f 906/198/68 943/219/68 953/199/68 910/198/68
f 943/219/68 944/221/68 954/231/68 953/199/68
f 944/221/68 945/222/68 955/222/68 954/231/68
f 945/222/68 946/224/68 956/223/68 955/222/68
f 946/224/68 947/213/68 957/213/68 956/223/68
f 908/195/67 948/225/67 958/210/67 912/195/67
f 948/225/67 949/227/67 959/232/67 958/210/67
f 949/227/67 950/228/67 960/228/67 959/232/67
f 950/228/67 951/230/67 961/229/67 960/228/67
f 951/230/67 952/211/67 962/211/67 961/229/67
f 901/212/64 942/233/64 962/211/64 909/212/64
f 942/233/64 941/229/64 961/229/64 962/211/64
f 941/229/64 940/234/64 960/228/64 961/229/64
f 940/234/64 939/227/64 959/232/64 960/228/64
f 939/227/64 938/208/64 958/210/64 959/232/64
f 975/218/64 995/235/64 942/233/64 901/212/64
f 995/235/64 998/236/64 941/229/64 942/233/64
f 998/236/64 1001/237/64 940/234/64 941/229/64
f 1001/237/64 1004/238/64 939/227/64 940/234/64
f 1004/238/64 1007/193/64 938/208/64 939/227/64
f 1056/200/65 1057/200/65 1138/200/65 1135/200/65
f 1095/203/64 1096/239/64 1175/239/64 1176/203/64
f 1108/240/67 1109/206/67 1190/206/67 1187/240/67
f 1058/201/66 1055/241/66 1136/241/66 1137/201/66
f 1069/242/63 1070/243/63 1149/243/63 1150/242/63
f 1110/207/68 1107/244/68 1188/244/68 1189/207/68
f 1055/241/64 1056/200/64 1135/200/64 1136/241/64
f 1121/245/63 1122/246/63 1201/246/63 1202/245/63
f 1068/247/65 1069/242/65 1150/242/65 1147/247/65
f 1107/244/64 1108/240/64 1187/240/64 1188/244/64
f 903/214/64 937/216/64 957/213/64 911/214/64
f 937/216/64 936/223/64 956/223/64 957/213/64
f 936/223/64 935/222/64 955/222/64 956/223/64
f 935/222/64 934/231/64 954/231/64 955/222/64
f 934/231/64 933/197/64 953/199/64 954/231/64
f 963/218/63 895/212/63 922/215/63 1008/248/63
f 1008/248/63 922/215/63 921/229/63 1011/249/63
f 1011/249/63 921/229/63 920/228/63 1014/250/63
f 1014/250/63 920/228/63 919/227/63 1017/251/63
f 1017/251/63 919/227/63 918/194/63 1020/193/63
f 916/223/63 1019/252/63 1022/253/63 917/254/63
f 1019/252/63 1018/255/63 1021/256/63 1022/253/63
f 1018/255/63 1017/251/63 1020/193/63 1021/256/63
f 915/222/63 1016/257/63 1019/252/63 916/223/63
f 1016/257/63 1015/258/63 1018/255/63 1019/252/63
f 1015/258/63 1014/250/63 1017/251/63 1018/255/63
f 914/231/63 1013/259/63 1016/257/63 915/222/63
f 1013/259/63 1012/260/63 1015/258/63 1016/257/63
f 1012/260/63 1011/249/63 1014/250/63 1015/258/63
f 913/219/63 1010/261/63 1013/259/63 914/231/63
f 1010/261/63 1009/262/63 1012/260/63 1013/259/63
f 1009/262/63 1008/248/63 1011/249/63 1012/260/63
f 893/198/63 965/263/63 1010/261/63 913/219/63
f 965/263/63 964/264/63 1009/262/63 1010/261/63
f 964/264/63 963/218/63 1008/248/63 1009/262/63
f 936/223/64 937/216/64 1005/265/64 1002/252/64
f 1002/252/64 1005/265/64 1006/266/64 1003/267/64
f 1003/267/64 1006/266/64 1007/193/64 1004/238/64
f 935/222/64 936/223/64 1002/252/64 999/268/64
f 999/268/64 1002/252/64 1003/267/64 1000/269/64
f 1000/269/64 1003/267/64 1004/238/64 1001/237/64
f 934/231/64 935/222/64 999/268/64 996/259/64
f 996/259/64 999/268/64 1000/269/64 997/260/64
f 997/260/64 1000/269/64 1001/237/64 998/236/64
f 933/197/64 934/231/64 996/259/64 993/270/64
f 993/270/64 996/259/64 997/260/64 994/271/64
f 994/271/64 997/260/64 998/236/64 995/235/64
f 902/198/64 933/197/64 993/270/64 977/209/64
f 977/209/64 993/270/64 994/271/64 976/264/64
f 976/264/64 994/271/64 995/235/64 975/218/64
f 902/198/64 977/209/64 989/209/64 910/198/64
f 977/209/64 976/264/64 988/264/64 989/209/64
f 976/264/64 975/218/64 987/218/64 988/264/64
f 904/195/64 980/196/64 992/196/64 912/195/64
f 980/196/64 979/272/64 991/272/64 992/196/64
f 979/272/64 978/217/64 990/217/64 991/272/64
f 905/212/65 981/218/65 987/218/65 909/212/65
f 981/218/65 982/264/65 988/264/65 987/218/65
f 982/264/65 983/209/65 989/209/65 988/264/65
f 907/214/66 984/217/66 990/217/66 911/214/66
f 984/217/66 985/272/66 991/272/66 990/217/66
f 985/272/66 986/196/66 992/196/66 991/272/66
f 899/214/63 972/217/63 984/217/63 907/214/63
f 972/217/63 973/272/63 985/272/63 984/217/63
f 973/272/63 974/196/63 986/196/63 985/272/63
f 897/212/63 969/218/63 981/218/63 905/212/63
f 969/218/63 970/264/63 982/264/63 981/218/63
f 970/264/63 971/209/63 983/209/63 982/264/63
f 937/216/64 903/214/64 978/217/64 1005/265/64
f 1005/265/64 978/217/64 979/272/64 1006/266/64
f 1006/266/64 979/272/64 980/196/64 1007/193/64
f 1120/245/68 1121/245/68 1202/245/68 1199/245/68
f 1070/243/66 1067/273/66 1148/273/66 1149/243/66
f 1081/274/63 1082/275/63 1161/275/63 1162/274/63
f 1122/246/67 1119/276/67 1200/276/67 1201/246/67
f 1067/273/64 1068/247/64 1147/247/64 1148/273/64
f 1080/277/66 1081/274/66 1162/274/66 1159/277/66
f 917/254/63 1022/253/63 966/217/63 894/214/63
f 1022/253/63 1021/256/63 967/272/63 966/217/63
f 1021/256/63 1020/193/63 968/196/63 967/272/63
f 967/272/66 968/196/66 1042/196/66 1041/272/66
f 966/217/66 967/272/66 1041/272/66 1040/217/66
f 894/214/66 966/217/66 1040/217/66 1024/214/66
f 964/264/65 965/263/65 1039/263/65 1038/278/65
f 963/218/65 964/264/65 1038/278/65 1037/218/65
f 895/212/65 963/218/65 1037/218/65 1026/212/65
f 921/229/67 922/215/67 1036/215/67 1035/229/67
f 920/228/67 921/229/67 1035/229/67 1034/228/67
f 919/227/67 920/228/67 1034/228/67 1033/227/67
f 918/194/67 919/227/67 1033/227/67 1032/194/67
f 896/195/67 918/194/67 1032/194/67 1023/195/67
f 916/223/68 917/254/68 1031/216/68 1030/223/68
f 915/222/68 916/223/68 1030/223/68 1029/222/68
f 914/231/68 915/222/68 1029/222/68 1028/231/68
f 913/219/68 914/231/68 1028/231/68 1027/219/68
f 893/198/68 913/219/68 1027/219/68 1025/198/68
f 917/254/68 894/214/68 1024/214/68 1031/216/68
f 922/215/67 895/212/67 1026/212/67 1036/215/67
f 965/263/65 893/198/65 1025/198/65 1039/263/65
f 968/196/66 896/195/66 1023/195/66 1042/196/66
f 1042/196/66 1023/195/66 1044/205/66 1043/204/66
f 1023/195/66 900/195/66 1045/279/66 1044/205/66
f 900/195/66 974/196/66 1046/280/66 1045/279/66
f 974/196/66 1042/196/66 1043/204/66 1046/280/66
f 1039/263/65 1025/198/65 1048/281/65 1047/282/65
f 1025/198/65 898/198/65 1049/283/65 1048/281/65
f 898/198/65 971/209/65 1050/284/65 1049/283/65
f 971/209/65 1039/263/65 1047/282/65 1050/284/65
f 1036/215/67 1026/212/67 1052/285/67 1051/286/67
f 1026/212/67 897/212/67 1053/285/67 1052/285/67
f 897/212/67 932/215/67 1054/286/67 1053/285/67
f 932/215/67 1036/215/67 1051/286/67 1054/286/67
f 1031/216/68 1024/214/68 1056/200/68 1055/241/68
f 1024/214/68 899/214/68 1057/200/68 1056/200/68
f 899/214/68 927/216/68 1058/201/68 1057/200/68
f 927/216/68 1031/216/68 1055/241/68 1058/201/68
f 1025/198/68 1027/219/68 1060/287/68 1059/288/68
f 1027/219/68 923/199/68 1061/289/68 1060/287/68
f 923/199/68 898/198/68 1062/290/68 1061/289/68
f 898/198/68 1025/198/68 1059/288/68 1062/290/68
f 1027/219/68 1028/231/68 1064/291/68 1063/292/68
f 1028/231/68 924/220/68 1065/293/68 1064/291/68
f 924/220/68 923/199/68 1066/294/68 1065/293/68
f 923/199/68 1027/219/68 1063/292/68 1066/294/68
f 1028/231/68 1029/222/68 1068/247/68 1067/273/68
f 1029/222/68 925/222/68 1069/242/68 1068/247/68
f 925/222/68 924/220/68 1070/243/68 1069/242/68
f 924/220/68 1028/231/68 1067/273/68 1070/243/68
f 1029/222/68 1030/223/68 1072/295/68 1071/296/68
f 1030/223/68 926/223/68 1073/297/68 1072/295/68
f 926/223/68 925/222/68 1074/298/68 1073/297/68
f 925/222/68 1029/222/68 1071/296/68 1074/298/68
f 1030/223/68 1031/216/68 1076/299/68 1075/300/68
f 1031/216/68 927/216/68 1077/301/68 1076/299/68
f 927/216/68 926/223/68 1078/302/68 1077/301/68
f 926/223/68 1030/223/68 1075/300/68 1078/302/68
f 1023/195/67 1032/194/67 1080/277/67 1079/303/67
f 1032/194/67 928/194/67 1081/274/67 1080/277/67
f 928/194/67 900/195/67 1082/275/67 1081/274/67
f 900/195/67 1023/195/67 1079/303/67 1082/275/67
f 1032/194/67 1033/227/67 1084/304/67 1083/305/67
f 1033/227/67 929/226/67 1085/306/67 1084/304/67
f 929/226/67 928/194/67 1086/307/67 1085/306/67
f 928/194/67 1032/194/67 1083/305/67 1086/307/67
f 1033/227/67 1034/228/67 1088/308/67 1087/309/67
f 1034/228/67 930/228/67 1089/310/67 1088/308/67
f 930/228/67 929/226/67 1090/311/67 1089/310/67
f 929/226/67 1033/227/67 1087/309/67 1090/311/67
f 1034/228/67 1035/229/67 1092/312/67 1091/313/67
f 1035/229/67 931/229/67 1093/314/67 1092/312/67
f 931/229/67 930/228/67 1094/315/67 1093/314/67
f 930/228/67 1034/228/67 1091/313/67 1094/315/67
f 1035/229/67 1036/215/67 1096/239/67 1095/203/67
f 1036/215/67 932/215/67 1097/316/67 1096/239/67
f 932/215/67 931/229/67 1098/202/67 1097/316/67
f 931/229/67 1035/229/67 1095/203/67 1098/202/67
f 1026/212/65 1037/218/65 1100/317/65 1099/318/65
f 1037/218/65 969/218/65 1101/317/65 1100/317/65
f 969/218/65 897/212/65 1102/318/65 1101/317/65
f 897/212/65 1026/212/65 1099/318/65 1102/318/65
f 1037/218/65 1038/278/65 1104/319/65 1103/320/65
f 1038/278/65 970/264/65 1105/319/65 1104/319/65
f 970/264/65 969/218/65 1106/320/65 1105/319/65
f 969/218/65 1037/218/65 1103/320/65 1106/320/65
f 1038/278/65 1039/263/65 1108/240/65 1107/244/65
f 1039/263/65 971/209/65 1109/206/65 1108/240/65
f 971/209/65 970/264/65 1110/207/65 1109/206/65
f 970/264/65 1038/278/65 1107/244/65 1110/207/65
f 1024/214/66 1040/217/66 1112/321/66 1111/322/66
f 1040/217/66 972/217/66 1113/321/66 1112/321/66
f 972/217/66 899/214/66 1114/323/66 1113/321/66
f 899/214/66 1024/214/66 1111/322/66 1114/323/66
f 1040/217/66 1041/272/66 1116/324/66 1115/325/66
f 1041/272/66 973/272/66 1117/324/66 1116/324/66
f 973/272/66 972/217/66 1118/325/66 1117/324/66
f 972/217/66 1040/217/66 1115/325/66 1118/325/66
f 1041/272/66 1042/196/66 1120/245/66 1119/276/66
f 1042/196/66 974/196/66 1121/245/66 1120/245/66
f 974/196/66 973/272/66 1122/246/66 1121/245/66
f 973/272/66 1041/272/66 1119/276/66 1122/246/66
f 1144/292/68 1143/291/68 1146/293/68 1145/294/68
f 1156/300/68 1155/299/68 1158/301/68 1157/302/68
f 1164/305/67 1163/304/67 1166/306/67 1165/307/67
f 1172/313/67 1171/312/67 1174/314/67 1173/315/67
f 1188/244/65 1187/240/65 1190/206/65 1189/207/65
f 1200/276/66 1199/245/66 1202/245/66 1201/246/66
f 1046/280/67 1043/204/67 1124/204/67 1125/280/67
f 1096/239/66 1097/316/66 1178/316/66 1175/239/66
f 1083/305/64 1084/304/64 1163/304/64 1164/305/64
f 1044/205/68 1045/279/68 1126/279/68 1123/205/68
f 1097/316/63 1098/202/63 1177/202/63 1178/316/63
f 1086/307/65 1083/305/65 1164/305/65 1165/307/65
f 1045/279/63 1046/280/63 1125/280/63 1126/279/63
f 1084/304/66 1085/306/66 1166/306/66 1163/304/66
f 1071/296/64 1072/295/64 1151/295/64 1152/296/64
f 1085/306/63 1086/307/63 1165/307/63 1166/306/63
f 1074/298/66 1071/296/66 1152/296/66 1153/298/66
f 1111/322/64 1112/321/64 1191/321/64 1192/322/64
f 1072/295/65 1073/297/65 1154/297/65 1151/295/65
f 1059/288/64 1060/287/64 1139/287/64 1140/288/64
f 1114/323/67 1111/322/67 1192/322/67 1193/323/67
f 1073/297/63 1074/298/63 1153/298/63 1154/297/63
f 1062/290/66 1059/288/66 1140/288/66 1141/290/66
f 1112/321/68 1113/321/68 1194/321/68 1191/321/68
f 1099/318/64 1100/317/64 1179/317/64 1180/318/64
f 1060/287/65 1061/289/65 1142/289/65 1139/287/65
f 1113/321/63 1114/323/63 1193/323/63 1194/321/63
f 1047/282/64 1048/281/64 1127/281/64 1128/282/64
f 1102/318/68 1099/318/68 1180/318/68 1181/318/68
f 1061/289/63 1062/290/63 1141/290/63 1142/289/63
f 1050/284/68 1047/282/68 1128/282/68 1129/284/68
f 1100/317/67 1101/317/67 1182/317/67 1179/317/67
f 1087/309/64 1088/308/64 1167/308/64 1168/309/64
f 1048/281/67 1049/283/67 1130/283/67 1127/281/67
f 1101/317/63 1102/318/63 1181/318/63 1182/317/63
f 1090/311/65 1087/309/65 1168/309/65 1169/311/65
f 1049/283/63 1050/284/63 1129/284/63 1130/283/63
f 1088/308/66 1089/310/66 1170/310/66 1167/308/66
f 1075/300/64 1076/299/64 1155/299/64 1156/300/64
f 1089/310/63 1090/311/63 1169/311/63 1170/310/63
f 1078/302/66 1075/300/66 1156/300/66 1157/302/66
f 1115/325/64 1116/324/64 1195/324/64 1196/325/64
f 1076/299/65 1077/301/65 1158/301/65 1155/299/65
f 1063/292/64 1064/291/64 1143/291/64 1144/292/64
f 1118/325/67 1115/325/67 1196/325/67 1197/325/67
f 1077/301/63 1078/302/63 1157/302/63 1158/301/63
f 1066/294/66 1063/292/66 1144/292/66 1145/294/66
f 1116/324/68 1117/324/68 1198/324/68 1195/324/68
f 1103/320/64 1104/319/64 1183/319/64 1184/320/64
f 1064/291/65 1065/293/65 1146/293/65 1143/291/65
f 1117/324/63 1118/325/63 1197/325/63 1198/324/63
f 1051/286/64 1052/285/64 1131/285/64 1132/286/64
f 1106/320/68 1103/320/68 1184/320/68 1185/320/68
f 1065/293/63 1066/294/63 1145/294/63 1146/293/63
f 1054/286/65 1051/286/65 1132/286/65 1133/286/65
f 1104/319/67 1105/319/67 1186/319/67 1183/319/67
f 1091/313/64 1092/312/64 1171/312/64 1172/313/64
f 1052/285/66 1053/285/66 1134/285/66 1131/285/66
f 1105/319/63 1106/320/63 1185/320/63 1186/319/63
f 1094/315/65 1091/313/65 1172/313/65 1173/315/65
f 1053/285/63 1054/286/63 1133/286/63 1134/285/63
f 1092/312/66 1093/314/66 1174/314/66 1171/312/66
f 1079/303/64 1080/277/64 1159/277/64 1160/303/64
f 1093/314/63 1094/315/63 1173/315/63 1174/314/63
f 1082/275/65 1079/303/65 1160/303/65 1161/275/65
f 1119/276/64 1120/245/64 1199/245/64 1200/276/64
f 1330/193/63 1228/194/63 1206/195/63 1278/196/63
f 1243/197/64 1212/198/64 1220/198/64 1263/199/64
f 1367/200/63 1368/201/63 1447/201/63 1448/200/63
f 1408/202/65 1405/203/65 1486/203/65 1487/202/65
f 1353/204/64 1354/205/64 1433/205/64 1434/204/64
f 1419/206/63 1420/207/63 1499/207/63 1500/206/63
f 1317/193/64 1290/196/64 1214/195/64 1248/208/64
f 1281/209/63 1208/198/63 1216/198/63 1293/209/63
f 1248/208/64 1214/195/64 1222/195/64 1268/210/64
f 1284/196/63 1210/195/63 1218/195/63 1296/196/63
f 1296/196/66 1218/195/66 1222/195/66 1302/196/66
f 1293/209/65 1216/198/65 1220/198/65 1299/209/65
f 1262/211/67 1215/212/67 1219/212/67 1272/211/67
f 1257/213/68 1217/214/68 1221/214/68 1267/213/68
f 1242/215/63 1207/212/63 1215/212/63 1262/211/63
f 1237/216/63 1209/214/63 1217/214/63 1257/213/63
f 1288/217/64 1213/214/64 1221/214/64 1300/217/64
f 1285/218/64 1211/212/64 1219/212/64 1297/218/64
f 1208/198/63 1233/199/63 1253/219/63 1216/198/63
f 1233/199/63 1234/220/63 1254/221/63 1253/219/63
f 1234/220/63 1235/222/63 1255/222/63 1254/221/63
f 1235/222/63 1236/223/63 1256/224/63 1255/222/63
f 1236/223/63 1237/216/63 1257/213/63 1256/224/63
f 1210/195/63 1238/194/63 1258/225/63 1218/195/63
f 1238/194/63 1239/226/63 1259/227/63 1258/225/63
f 1239/226/63 1240/228/63 1260/228/63 1259/227/63
f 1240/228/63 1241/229/63 1261/230/63 1260/228/63
f 1241/229/63 1242/215/63 1262/211/63 1261/230/63
f 1216/198/68 1253/219/68 1263/199/68 1220/198/68
f 1253/219/68 1254/221/68 1264/231/68 1263/199/68
f 1254/221/68 1255/222/68 1265/222/68 1264/231/68
f 1255/222/68 1256/224/68 1266/223/68 1265/222/68
f 1256/224/68 1257/213/68 1267/213/68 1266/223/68
f 1218/195/67 1258/225/67 1268/210/67 1222/195/67
f 1258/225/67 1259/227/67 1269/232/67 1268/210/67
f 1259/227/67 1260/228/67 1270/228/67 1269/232/67
f 1260/228/67 1261/230/67 1271/229/67 1270/228/67
f 1261/230/67 1262/211/67 1272/211/67 1271/229/67
f 1211/212/64 1252/233/64 1272/211/64 1219/212/64
f 1252/233/64 1251/229/64 1271/229/64 1272/211/64
f 1251/229/64 1250/234/64 1270/228/64 1271/229/64
f 1250/234/64 1249/227/64 1269/232/64 1270/228/64
f 1249/227/64 1248/208/64 1268/210/64 1269/232/64
f 1285/218/64 1305/235/64 1252/233/64 1211/212/64
f 1305/235/64 1308/236/64 1251/229/64 1252/233/64
f 1308/236/64 1311/237/64 1250/234/64 1251/229/64
f 1311/237/64 1314/238/64 1249/227/64 1250/234/64
f 1314/238/64 1317/193/64 1248/208/64 1249/227/64
f 1366/200/65 1367/200/65 1448/200/65 1445/200/65
f 1405/203/64 1406/239/64 1485/239/64 1486/203/64
f 1418/240/67 1419/206/67 1500/206/67 1497/240/67
f 1368/201/66 1365/241/66 1446/241/66 1447/201/66
f 1379/242/63 1380/243/63 1459/243/63 1460/242/63
f 1420/207/68 1417/244/68 1498/244/68 1499/207/68
f 1365/241/64 1366/200/64 1445/200/64 1446/241/64
f 1431/245/63 1432/246/63 1511/246/63 1512/245/63
f 1378/247/65 1379/242/65 1460/242/65 1457/247/65
f 1417/244/64 1418/240/64 1497/240/64 1498/244/64
f 1213/214/64 1247/216/64 1267/213/64 1221/214/64
f 1247/216/64 1246/223/64 1266/223/64 1267/213/64
f 1246/223/64 1245/222/64 1265/222/64 1266/223/64
f 1245/222/64 1244/231/64 1264/231/64 1265/222/64
f 1244/231/64 1243/197/64 1263/199/64 1264/231/64
f 1273/218/63 1205/212/63 1232/215/63 1318/248/63
f 1318/248/63 1232/215/63 1231/229/63 1321/249/63
f 1321/249/63 1231/229/63 1230/228/63 1324/250/63
f 1324/250/63 1230/228/63 1229/227/63 1327/251/63
f 1327/251/63 1229/227/63 1228/194/63 1330/193/63
f 1226/223/63 1329/252/63 1332/253/63 1227/254/63
f 1329/252/63 1328/255/63 1331/256/63 1332/253/63
f 1328/255/63 1327/251/63 1330/193/63 1331/256/63
f 1225/222/63 1326/257/63 1329/252/63 1226/223/63
f 1326/257/63 1325/258/63 1328/255/63 1329/252/63
f 1325/258/63 1324/250/63 1327/251/63 1328/255/63
f 1224/231/63 1323/259/63 1326/257/63 1225/222/63
f 1323/259/63 1322/260/63 1325/258/63 1326/257/63
f 1322/260/63 1321/249/63 1324/250/63 1325/258/63
f 1223/219/63 1320/261/63 1323/259/63 1224/231/63
f 1320/261/63 1319/262/63 1322/260/63 1323/259/63
f 1319/262/63 1318/248/63 1321/249/63 1322/260/63
f 1203/198/63 1275/263/63 1320/261/63 1223/219/63
f 1275/263/63 1274/264/63 1319/262/63 1320/261/63
f 1274/264/63 1273/218/63 1318/248/63 1319/262/63
f 1246/223/64 1247/216/64 1315/265/64 1312/252/64
f 1312/252/64 1315/265/64 1316/266/64 1313/267/64
f 1313/267/64 1316/266/64 1317/193/64 1314/238/64
f 1245/222/64 1246/223/64 1312/252/64 1309/268/64
f 1309/268/64 1312/252/64 1313/267/64 1310/269/64
f 1310/269/64 1313/267/64 1314/238/64 1311/237/64
f 1244/231/64 1245/222/64 1309/268/64 1306/259/64
f 1306/259/64 1309/268/64 1310/269/64 1307/260/64
f 1307/260/64 1310/269/64 1311/237/64 1308/236/64
f 1243/197/64 1244/231/64 1306/259/64 1303/270/64
f 1303/270/64 1306/259/64 1307/260/64 1304/271/64
f 1304/271/64 1307/260/64 1308/236/64 1305/235/64
f 1212/198/64 1243/197/64 1303/270/64 1287/209/64
f 1287/209/64 1303/270/64 1304/271/64 1286/264/64
f 1286/264/64 1304/271/64 1305/235/64 1285/218/64
f 1212/198/64 1287/209/64 1299/209/64 1220/198/64
f 1287/209/64 1286/264/64 1298/264/64 1299/209/64
f 1286/264/64 1285/218/64 1297/218/64 1298/264/64
f 1214/195/64 1290/196/64 1302/196/64 1222/195/64
f 1290/196/64 1289/272/64 1301/272/64 1302/196/64
f 1289/272/64 1288/217/64 1300/217/64 1301/272/64
f 1215/212/65 1291/218/65 1297/218/65 1219/212/65
f 1291/218/65 1292/264/65 1298/264/65 1297/218/65
f 1292/264/65 1293/209/65 1299/209/65 1298/264/65
f 1217/214/66 1294/217/66 1300/217/66 1221/214/66
f 1294/217/66 1295/272/66 1301/272/66 1300/217/66
f 1295/272/66 1296/196/66 1302/196/66 1301/272/66
f 1209/214/63 1282/217/63 1294/217/63 1217/214/63
f 1282/217/63 1283/272/63 1295/272/63 1294/217/63
f 1283/272/63 1284/196/63 1296/196/63 1295/272/63
f 1207/212/63 1279/218/63 1291/218/63 1215/212/63
f 1279/218/63 1280/264/63 1292/264/63 1291/218/63
f 1280/264/63 1281/209/63 1293/209/63 1292/264/63
f 1247/216/64 1213/214/64 1288/217/64 1315/265/64
f 1315/265/64 1288/217/64 1289/272/64 1316/266/64
f 1316/266/64 1289/272/64 1290/196/64 1317/193/64
f 1430/245/68 1431/245/68 1512/245/68 1509/245/68
f 1380/243/66 1377/273/66 1458/273/66 1459/243/66
f 1391/274/63 1392/275/63 1471/275/63 1472/274/63
f 1432/246/67 1429/276/67 1510/276/67 1511/246/67
f 1377/273/64 1378/247/64 1457/247/64 1458/273/64
f 1390/277/66 1391/274/66 1472/274/66 1469/277/66
f 1227/254/63 1332/253/63 1276/217/63 1204/214/63
f 1332/253/63 1331/256/63 1277/272/63 1276/217/63
f 1331/256/63 1330/193/63 1278/196/63 1277/272/63
f 1277/272/66 1278/196/66 1352/196/66 1351/272/66
f 1276/217/66 1277/272/66 1351/272/66 1350/217/66
f 1204/214/66 1276/217/66 1350/217/66 1334/214/66
f 1274/264/65 1275/263/65 1349/263/65 1348/278/65
f 1273/218/65 1274/264/65 1348/278/65 1347/218/65
f 1205/212/65 1273/218/65 1347/218/65 1336/212/65
f 1231/229/67 1232/215/67 1346/215/67 1345/229/67
f 1230/228/67 1231/229/67 1345/229/67 1344/228/67
f 1229/227/67 1230/228/67 1344/228/67 1343/227/67
f 1228/194/67 1229/227/67 1343/227/67 1342/194/67
f 1206/195/67 1228/194/67 1342/194/67 1333/195/67
f 1226/223/68 1227/254/68 1341/216/68 1340/223/68
f 1225/222/68 1226/223/68 1340/223/68 1339/222/68
f 1224/231/68 1225/222/68 1339/222/68 1338/231/68
f 1223/219/68 1224/231/68 1338/231/68 1337/219/68
f 1203/198/68 1223/219/68 1337/219/68 1335/198/68
f 1227/254/68 1204/214/68 1334/214/68 1341/216/68
f 1232/215/67 1205/212/67 1336/212/67 1346/215/67
f 1275/263/65 1203/198/65 1335/198/65 1349/263/65
f 1278/196/66 1206/195/66 1333/195/66 1352/196/66
f 1352/196/66 1333/195/66 1354/205/66 1353/204/66
f 1333/195/66 1210/195/66 1355/279/66 1354/205/66
f 1210/195/66 1284/196/66 1356/280/66 1355/279/66
f 1284/196/66 1352/196/66 1353/204/66 1356/280/66
f 1349/263/65 1335/198/65 1358/281/65 1357/282/65
f 1335/198/65 1208/198/65 1359/283/65 1358/281/65
f 1208/198/65 1281/209/65 1360/284/65 1359/283/65
f 1281/209/65 1349/263/65 1357/282/65 1360/284/65
f 1346/215/67 1336/212/67 1362/285/67 1361/286/67
f 1336/212/67 1207/212/67 1363/285/67 1362/285/67
f 1207/212/67 1242/215/67 1364/286/67 1363/285/67
f 1242/215/67 1346/215/67 1361/286/67 1364/286/67
f 1341/216/68 1334/214/68 1366/200/68 1365/241/68
f 1334/214/68 1209/214/68 1367/200/68 1366/200/68
f 1209/214/68 1237/216/68 1368/201/68 1367/200/68
f 1237/216/68 1341/216/68 1365/241/68 1368/201/68
f 1335/198/68 1337/219/68 1370/287/68 1369/288/68
f 1337/219/68 1233/199/68 1371/289/68 1370/287/68
f 1233/199/68 1208/198/68 1372/290/68 1371/289/68
f 1208/198/68 1335/198/68 1369/288/68 1372/290/68
f 1337/219/68 1338/231/68 1374/291/68 1373/292/68
f 1338/231/68 1234/220/68 1375/293/68 1374/291/68
f 1234/220/68 1233/199/68 1376/294/68 1375/293/68
f 1233/199/68 1337/219/68 1373/292/68 1376/294/68
f 1338/231/68 1339/222/68 1378/247/68 1377/273/68
f 1339/222/68 1235/222/68 1379/242/68 1378/247/68
f 1235/222/68 1234/220/68 1380/243/68 1379/242/68
f 1234/220/68 1338/231/68 1377/273/68 1380/243/68
f 1339/222/68 1340/223/68 1382/295/68 1381/296/68
f 1340/223/68 1236/223/68 1383/297/68 1382/295/68
f 1236/223/68 1235/222/68 1384/298/68 1383/297/68
f 1235/222/68 1339/222/68 1381/296/68 1384/298/68
f 1340/223/68 1341/216/68 1386/299/68 1385/300/68
f 1341/216/68 1237/216/68 1387/301/68 1386/299/68
f 1237/216/68 1236/223/68 1388/302/68 1387/301/68
f 1236/223/68 1340/223/68 1385/300/68 1388/302/68
f 1333/195/67 1342/194/67 1390/277/67 1389/303/67
f 1342/194/67 1238/194/67 1391/274/67 1390/277/67
f 1238/194/67 1210/195/67 1392/275/67 1391/274/67
f 1210/195/67 1333/195/67 1389/303/67 1392/275/67
f 1342/194/67 1343/227/67 1394/304/67 1393/305/67
f 1343/227/67 1239/226/67 1395/306/67 1394/304/67
f 1239/226/67 1238/194/67 1396/307/67 1395/306/67
f 1238/194/67 1342/194/67 1393/305/67 1396/307/67
f 1343/227/67 1344/228/67 1398/308/67 1397/309/67
f 1344/228/67 1240/228/67 1399/310/67 1398/308/67
f 1240/228/67 1239/226/67 1400/311/67 1399/310/67
f 1239/226/67 1343/227/67 1397/309/67 1400/311/67
f 1344/228/67 1345/229/67 1402/312/67 1401/313/67
f 1345/229/67 1241/229/67 1403/314/67 1402/312/67
f 1241/229/67 1240/228/67 1404/315/67 1403/314/67
f 1240/228/67 1344/228/67 1401/313/67 1404/315/67
f 1345/229/67 1346/215/67 1406/239/67 1405/203/67
f 1346/215/67 1242/215/67 1407/316/67 1406/239/67
f 1242/215/67 1241/229/67 1408/202/67 1407/316/67
f 1241/229/67 1345/229/67 1405/203/67 1408/202/67
f 1336/212/65 1347/218/65 1410/317/65 1409/318/65
f 1347/218/65 1279/218/65 1411/317/65 1410/317/65
f 1279/218/65 1207/212/65 1412/318/65 1411/317/65
f 1207/212/65 1336/212/65 1409/318/65 1412/318/65
f 1347/218/65 1348/278/65 1414/319/65 1413/320/65
f 1348/278/65 1280/264/65 1415/319/65 1414/319/65
f 1280/264/65 1279/218/65 1416/320/65 1415/319/65
f 1279/218/65 1347/218/65 1413/320/65 1416/320/65
f 1348/278/65 1349/263/65 1418/240/65 1417/244/65
f 1349/263/65 1281/209/65 1419/206/65 1418/240/65
f 1281/209/65 1280/264/65 1420/207/65 1419/206/65
f 1280/264/65 1348/278/65 1417/244/65 1420/207/65
f 1334/214/66 1350/217/66 1422/321/66 1421/322/66
f 1350/217/66 1282/217/66 1423/321/66 1422/321/66
f 1282/217/66 1209/214/66 1424/323/66 1423/321/66
f 1209/214/66 1334/214/66 1421/322/66 1424/323/66
f 1350/217/66 1351/272/66 1426/324/66 1425/325/66
f 1351/272/66 1283/272/66 1427/324/66 1426/324/66
f 1283/272/66 1282/217/66 1428/325/66 1427/324/66
f 1282/217/66 1350/217/66 1425/325/66 1428/325/66
f 1351/272/66 1352/196/66 1430/245/66 1429/276/66
f 1352/196/66 1284/196/66 1431/245/66 1430/245/66
f 1284/196/66 1283/272/66 1432/246/66 1431/245/66
f 1283/272/66 1351/272/66 1429/276/66 1432/246/66
f 1454/292/68 1453/291/68 1456/293/68 1455/294/68
f 1466/300/68 1465/299/68 1468/301/68 1467/302/68
f 1474/305/67 1473/304/67 1476/306/67 1475/307/67
f 1482/313/67 1481/312/67 1484/314/67 1483/315/67
f 1498/244/65 1497/240/65 1500/206/65 1499/207/65
f 1510/276/66 1509/245/66 1512/245/66 1511/246/66
f 1356/280/67 1353/204/67 1434/204/67 1435/280/67
f 1406/239/66 1407/316/66 1488/316/66 1485/239/66
f 1393/305/64 1394/304/64 1473/304/64 1474/305/64
f 1354/205/68 1355/279/68 1436/279/68 1433/205/68
f 1407/316/63 1408/202/63 1487/202/63 1488/316/63
f 1396/307/65 1393/305/65 1474/305/65 1475/307/65
f 1355/279/63 1356/280/63 1435/280/63 1436/279/63
f 1394/304/66 1395/306/66 1476/306/66 1473/304/66
f 1381/296/64 1382/295/64 1461/295/64 1462/296/64
f 1395/306/63 1396/307/63 1475/307/63 1476/306/63
f 1384/298/66 1381/296/66 1462/296/66 1463/298/66
f 1421/322/64 1422/321/64 1501/321/64 1502/322/64
f 1382/295/65 1383/297/65 1464/297/65 1461/295/65
f 1369/288/64 1370/287/64 1449/287/64 1450/288/64
f 1424/323/67 1421/322/67 1502/322/67 1503/323/67
f 1383/297/63 1384/298/63 1463/298/63 1464/297/63
f 1372/290/66 1369/288/66 1450/288/66 1451/290/66
f 1422/321/68 1423/321/68 1504/321/68 1501/321/68
f 1409/318/64 1410/317/64 1489/317/64 1490/318/64
f 1370/287/65 1371/289/65 1452/289/65 1449/287/65
f 1423/321/63 1424/323/63 1503/323/63 1504/321/63
f 1357/282/64 1358/281/64 1437/281/64 1438/282/64
f 1412/318/68 1409/318/68 1490/318/68 1491/318/68
f 1371/289/63 1372/290/63 1451/290/63 1452/289/63
f 1360/284/68 1357/282/68 1438/282/68 1439/284/68
f 1410/317/67 1411/317/67 1492/317/67 1489/317/67
f 1397/309/64 1398/308/64 1477/308/64 1478/309/64
f 1358/281/67 1359/283/67 1440/283/67 1437/281/67
f 1411/317/63 1412/318/63 1491/318/63 1492/317/63
f 1400/311/65 1397/309/65 1478/309/65 1479/311/65
f 1359/283/63 1360/284/63 1439/284/63 1440/283/63
f 1398/308/66 1399/310/66 1480/310/66 1477/308/66
f 1385/300/64 1386/299/64 1465/299/64 1466/300/64
f 1399/310/63 1400/311/63 1479/311/63 1480/310/63
f 1388/302/66 1385/300/66 1466/300/66 1467/302/66
f 1425/325/64 1426/324/64 1505/324/64 1506/325/64
f 1386/299/65 1387/301/65 1468/301/65 1465/299/65
f 1373/292/64 1374/291/64 1453/291/64 1454/292/64
f 1428/325/67 1425/325/67 1506/325/67 1507/325/67
f 1387/301/63 1388/302/63 1467/302/63 1468/301/63
f 1376/294/66 1373/292/66 1454/292/66 1455/294/66
f 1426/324/68 1427/324/68 1508/324/68 1505/324/68
f 1413/320/64 1414/319/64 1493/319/64 1494/320/64
f 1374/291/65 1375/293/65 1456/293/65 1453/291/65
f 1427/324/63 1428/325/63 1507/325/63 1508/324/63
f 1361/286/64 1362/285/64 1441/285/64 1442/286/64
f 1416/320/68 1413/320/68 1494/320/68 1495/320/68
f 1375/293/63 1376/294/63 1455/294/63 1456/293/63
f 1364/286/65 1361/286/65 1442/286/65 1443/286/65
f 1414/319/67 1415/319/67 1496/319/67 1493/319/67
f 1401/313/64 1402/312/64 1481/312/64 1482/313/64
f 1362/285/66 1363/285/66 1444/285/66 1441/285/66
f 1415/319/63 1416/320/63 1495/320/63 1496/319/63
f 1404/315/65 1401/313/65 1482/313/65 1483/315/65
f 1363/285/63 1364/286/63 1443/286/63 1444/285/63
f 1402/312/66 1403/314/66 1484/314/66 1481/312/66
f 1389/303/64 1390/277/64 1469/277/64 1470/303/64
f 1403/314/63 1404/315/63 1483/315/63 1484/314/63
f 1392/275/65 1389/303/65 1470/303/65 1471/275/65
f 1429/276/64 1430/245/64 1509/245/64 1510/276/64
f 1640/193/63 1538/194/63 1516/195/63 1588/196/63
f 1553/197/64 1522/198/64 1530/198/64 1573/199/64
f 1677/200/63 1678/201/63 1757/201/63 1758/200/63
f 1718/202/65 1715/203/65 1796/203/65 1797/202/65
f 1663/204/64 1664/205/64 1743/205/64 1744/204/64
f 1729/206/63 1730/207/63 1809/207/63 1810/206/63
f 1627/193/64 1600/196/64 1524/195/64 1558/208/64
f 1591/209/63 1518/198/63 1526/198/63 1603/209/63
f 1558/208/64 1524/195/64 1532/195/64 1578/210/64
f 1594/196/63 1520/195/63 1528/195/63 1606/196/63
f 1606/196/66 1528/195/66 1532/195/66 1612/196/66
f 1603/209/65 1526/198/65 1530/198/65 1609/209/65
f 1572/211/67 1525/212/67 1529/212/67 1582/211/67
f 1567/213/68 1527/214/68 1531/214/68 1577/213/68
f 1552/215/63 1517/212/63 1525/212/63 1572/211/63
f 1547/216/63 1519/214/63 1527/214/63 1567/213/63
f 1598/217/64 1523/214/64 1531/214/64 1610/217/64
f 1595/218/64 1521/212/64 1529/212/64 1607/218/64
f 1518/198/63 1543/199/63 1563/219/63 1526/198/63
f 1543/199/63 1544/220/63 1564/221/63 1563/219/63
f 1544/220/63 1545/222/63 1565/222/63 1564/221/63
f 1545/222/63 1546/223/63 1566/224/63 1565/222/63
f 1546/223/63 1547/216/63 1567/213/63 1566/224/63
f 1520/195/63 1548/194/63 1568/225/63 1528/195/63
f 1548/194/63 1549/226/63 1569/227/63 1568/225/63
f 1549/226/63 1550/228/63 1570/228/63 1569/227/63
f 1550/228/63 1551/229/63 1571/230/63 1570/228/63
f 1551/229/63 1552/215/63 1572/211/63 1571/230/63
f 1526/198/68 1563/219/68 1573/199/68 1530/198/68
f 1563/219/68 1564/221/68 1574/231/68 1573/199/68
f 1564/221/68 1565/222/68 1575/222/68 1574/231/68
f 1565/222/68 1566/224/68 1576/223/68 1575/222/68
f 1566/224/68 1567/213/68 1577/213/68 1576/223/68
f 1528/195/67 1568/225/67 1578/210/67 1532/195/67
f 1568/225/67 1569/227/67 1579/232/67 1578/210/67
f 1569/227/67 1570/228/67 1580/228/67 1579/232/67
f 1570/228/67 1571/230/67 1581/229/67 1580/228/67
f 1571/230/67 1572/211/67 1582/211/67 1581/229/67
f 1521/212/64 1562/233/64 1582/211/64 1529/212/64
f 1562/233/64 1561/229/64 1581/229/64 1582/211/64
f 1561/229/64 1560/234/64 1580/228/64 1581/229/64
f 1560/234/64 1559/227/64 1579/232/64 1580/228/64
f 1559/227/64 1558/208/64 1578/210/64 1579/232/64
f 1595/218/64 1615/235/64 1562/233/64 1521/212/64
f 1615/235/64 1618/236/64 1561/229/64 1562/233/64
f 1618/236/64 1621/237/64 1560/234/64 1561/229/64
f 1621/237/64 1624/238/64 1559/227/64 1560/234/64
f 1624/238/64 1627/193/64 1558/208/64 1559/227/64
f 1676/200/65 1677/200/65 1758/200/65 1755/200/65
f 1715/203/64 1716/239/64 1795/239/64 1796/203/64
f 1728/240/67 1729/206/67 1810/206/67 1807/240/67
f 1678/201/66 1675/241/66 1756/241/66 1757/201/66
f 1689/242/63 1690/243/63 1769/243/63 1770/242/63
f 1730/207/68 1727/244/68 1808/244/68 1809/207/68
f 1675/241/64 1676/200/64 1755/200/64 1756/241/64
f 1741/245/63 1742/246/63 1821/246/63 1822/245/63
f 1688/247/65 1689/242/65 1770/242/65 1767/247/65
f 1727/244/64 1728/240/64 1807/240/64 1808/244/64
f 1523/214/64 1557/216/64 1577/213/64 1531/214/64
f 1557/216/64 1556/223/64 1576/223/64 1577/213/64
f 1556/223/64 1555/222/64 1575/222/64 1576/223/64
f 1555/222/64 1554/231/64 1574/231/64 1575/222/64
f 1554/231/64 1553/197/64 1573/199/64 1574/231/64
f 1583/218/63 1515/212/63 1542/215/63 1628/248/63
f 1628/248/63 1542/215/63 1541/229/63 1631/249/63
f 1631/249/63 1541/229/63 1540/228/63 1634/250/63
f 1634/250/63 1540/228/63 1539/227/63 1637/251/63
f 1637/251/63 1539/227/63 1538/194/63 1640/193/63
f 1536/223/63 1639/252/63 1642/253/63 1537/254/63
f 1639/252/63 1638/255/63 1641/256/63 1642/253/63
f 1638/255/63 1637/251/63 1640/193/63 1641/256/63
f 1535/222/63 1636/257/63 1639/252/63 1536/223/63
f 1636/257/63 1635/258/63 1638/255/63 1639/252/63
f 1635/258/63 1634/250/63 1637/251/63 1638/255/63
f 1534/231/63 1633/259/63 1636/257/63 1535/222/63
f 1633/259/63 1632/260/63 1635/258/63 1636/257/63
f 1632/260/63 1631/249/63 1634/250/63 1635/258/63
f 1533/219/63 1630/261/63 1633/259/63 1534/231/63
f 1630/261/63 1629/262/63 1632/260/63 1633/259/63
f 1629/262/63 1628/248/63 1631/249/63 1632/260/63
f 1513/198/63 1585/263/63 1630/261/63 1533/219/63
f 1585/263/63 1584/264/63 1629/262/63 1630/261/63
f 1584/264/63 1583/218/63 1628/248/63 1629/262/63
f 1556/223/64 1557/216/64 1625/265/64 1622/252/64
f 1622/252/64 1625/265/64 1626/266/64 1623/267/64
f 1623/267/64 1626/266/64 1627/193/64 1624/238/64
f 1555/222/64 1556/223/64 1622/252/64 1619/268/64
f 1619/268/64 1622/252/64 1623/267/64 1620/269/64
f 1620/269/64 1623/267/64 1624/238/64 1621/237/64
f 1554/231/64 1555/222/64 1619/268/64 1616/259/64
f 1616/259/64 1619/268/64 1620/269/64 1617/260/64
f 1617/260/64 1620/269/64 1621/237/64 1618/236/64
f 1553/197/64 1554/231/64 1616/259/64 1613/270/64
f 1613/270/64 1616/259/64 1617/260/64 1614/271/64
f 1614/271/64 1617/260/64 1618/236/64 1615/235/64
f 1522/198/64 1553/197/64 1613/270/64 1597/209/64
f 1597/209/64 1613/270/64 1614/271/64 1596/264/64
f 1596/264/64 1614/271/64 1615/235/64 1595/218/64
f 1522/198/64 1597/209/64 1609/209/64 1530/198/64
f 1597/209/64 1596/264/64 1608/264/64 1609/209/64
f 1596/264/64 1595/218/64 1607/218/64 1608/264/64
f 1524/195/64 1600/196/64 1612/196/64 1532/195/64
f 1600/196/64 1599/272/64 1611/272/64 1612/196/64
f 1599/272/64 1598/217/64 1610/217/64 1611/272/64
f 1525/212/65 1601/218/65 1607/218/65 1529/212/65
f 1601/218/65 1602/264/65 1608/264/65 1607/218/65
f 1602/264/65 1603/209/65 1609/209/65 1608/264/65
f 1527/214/66 1604/217/66 1610/217/66 1531/214/66
f 1604/217/66 1605/272/66 1611/272/66 1610/217/66
f 1605/272/66 1606/196/66 1612/196/66 1611/272/66
f 1519/214/63 1592/217/63 1604/217/63 1527/214/63
f 1592/217/63 1593/272/63 1605/272/63 1604/217/63
f 1593/272/63 1594/196/63 1606/196/63 1605/272/63
f 1517/212/63 1589/218/63 1601/218/63 1525/212/63
f 1589/218/63 1590/264/63 1602/264/63 1601/218/63
f 1590/264/63 1591/209/63 1603/209/63 1602/264/63
f 1557/216/64 1523/214/64 1598/217/64 1625/265/64
f 1625/265/64 1598/217/64 1599/272/64 1626/266/64
f 1626/266/64 1599/272/64 1600/196/64 1627/193/64
f 1740/245/68 1741/245/68 1822/245/68 1819/245/68
f 1690/243/66 1687/273/66 1768/273/66 1769/243/66
f 1701/274/63 1702/275/63 1781/275/63 1782/274/63
f 1742/246/67 1739/276/67 1820/276/67 1821/246/67
f 1687/273/64 1688/247/64 1767/247/64 1768/273/64
f 1700/277/66 1701/274/66 1782/274/66 1779/277/66
f 1537/254/63 1642/253/63 1586/217/63 1514/214/63
f 1642/253/63 1641/256/63 1587/272/63 1586/217/63
f 1641/256/63 1640/193/63 1588/196/63 1587/272/63
f 1587/272/66 1588/196/66 1662/196/66 1661/272/66
f 1586/217/66 1587/272/66 1661/272/66 1660/217/66
f 1514/214/66 1586/217/66 1660/217/66 1644/214/66
f 1584/264/65 1585/263/65 1659/263/65 1658/278/65
f 1583/218/65 1584/264/65 1658/278/65 1657/218/65
f 1515/212/65 1583/218/65 1657/218/65 1646/212/65
f 1541/229/67 1542/215/67 1656/215/67 1655/229/67
f 1540/228/67 1541/229/67 1655/229/67 1654/228/67
f 1539/227/67 1540/228/67 1654/228/67 1653/227/67
f 1538/194/67 1539/227/67 1653/227/67 1652/194/67
f 1516/195/67 1538/194/67 1652/194/67 1643/195/67
f 1536/223/68 1537/254/68 1651/216/68 1650/223/68
f 1535/222/68 1536/223/68 1650/223/68 1649/222/68
f 1534/231/68 1535/222/68 1649/222/68 1648/231/68
f 1533/219/68 1534/231/68 1648/231/68 1647/219/68
f 1513/198/68 1533/219/68 1647/219/68 1645/198/68
f 1537/254/68 1514/214/68 1644/214/68 1651/216/68
f 1542/215/67 1515/212/67 1646/212/67 1656/215/67
f 1585/263/65 1513/198/65 1645/198/65 1659/263/65
f 1588/196/66 1516/195/66 1643/195/66 1662/196/66
f 1662/196/66 1643/195/66 1664/205/66 1663/204/66
f 1643/195/66 1520/195/66 1665/279/66 1664/205/66
f 1520/195/66 1594/196/66 1666/280/66 1665/279/66
f 1594/196/66 1662/196/66 1663/204/66 1666/280/66
f 1659/263/65 1645/198/65 1668/281/65 1667/282/65
f 1645/198/65 1518/198/65 1669/283/65 1668/281/65
f 1518/198/65 1591/209/65 1670/284/65 1669/283/65
f 1591/209/65 1659/263/65 1667/282/65 1670/284/65
f 1656/215/67 1646/212/67 1672/285/67 1671/286/67
f 1646/212/67 1517/212/67 1673/285/67 1672/285/67
f 1517/212/67 1552/215/67 1674/286/67 1673/285/67
f 1552/215/67 1656/215/67 1671/286/67 1674/286/67
f 1651/216/68 1644/214/68 1676/200/68 1675/241/68
f 1644/214/68 1519/214/68 1677/200/68 1676/200/68
f 1519/214/68 1547/216/68 1678/201/68 1677/200/68
f 1547/216/68 1651/216/68 1675/241/68 1678/201/68
f 1645/198/68 1647/219/68 1680/287/68 1679/288/68
f 1647/219/68 1543/199/68 1681/289/68 1680/287/68
f 1543/199/68 1518/198/68 1682/290/68 1681/289/68
f 1518/198/68 1645/198/68 1679/288/68 1682/290/68
f 1647/219/68 1648/231/68 1684/291/68 1683/292/68
f 1648/231/68 1544/220/68 1685/293/68 1684/291/68
f 1544/220/68 1543/199/68 1686/294/68 1685/293/68
f 1543/199/68 1647/219/68 1683/292/68 1686/294/68
f 1648/231/68 1649/222/68 1688/247/68 1687/273/68
f 1649/222/68 1545/222/68 1689/242/68 1688/247/68
f 1545/222/68 1544/220/68 1690/243/68 1689/242/68
f 1544/220/68 1648/231/68 1687/273/68 1690/243/68
f 1649/222/68 1650/223/68 1692/295/68 1691/296/68
f 1650/223/68 1546/223/68 1693/297/68 1692/295/68
f 1546/223/68 1545/222/68 1694/298/68 1693/297/68
f 1545/222/68 1649/222/68 1691/296/68 1694/298/68
f 1650/223/68 1651/216/68 1696/299/68 1695/300/68
f 1651/216/68 1547/216/68 1697/301/68 1696/299/68
f 1547/216/68 1546/223/68 1698/302/68 1697/301/68
f 1546/223/68 1650/223/68 1695/300/68 1698/302/68
f 1643/195/67 1652/194/67 1700/277/67 1699/303/67
f 1652/194/67 1548/194/67 1701/274/67 1700/277/67
f 1548/194/67 1520/195/67 1702/275/67 1701/274/67
f 1520/195/67 1643/195/67 1699/303/67 1702/275/67
f 1652/194/67 1653/227/67 1704/304/67 1703/305/67
f 1653/227/67 1549/226/67 1705/306/67 1704/304/67
f 1549/226/67 1548/194/67 1706/307/67 1705/306/67
f 1548/194/67 1652/194/67 1703/305/67 1706/307/67
f 1653/227/67 1654/228/67 1708/308/67 1707/309/67
f 1654/228/67 1550/228/67 1709/310/67 1708/308/67
f 1550/228/67 1549/226/67 1710/311/67 1709/310/67
f 1549/226/67 1653/227/67 1707/309/67 1710/311/67
f 1654/228/67 1655/229/67 1712/312/67 1711/313/67
f 1655/229/67 1551/229/67 1713/314/67 1712/312/67
f 1551/229/67 1550/228/67 1714/315/67 1713/314/67
f 1550/228/67 1654/228/67 1711/313/67 1714/315/67
f 1655/229/67 1656/215/67 1716/239/67 1715/203/67
f 1656/215/67 1552/215/67 1717/316/67 1716/239/67
f 1552/215/67 1551/229/67 1718/202/67 1717/316/67
f 1551/229/67 1655/229/67 1715/203/67 1718/202/67
f 1646/212/65 1657/218/65 1720/317/65 1719/318/65
f 1657/218/65 1589/218/65 1721/317/65 1720/317/65
f 1589/218/65 1517/212/65 1722/318/65 1721/317/65
f 1517/212/65 1646/212/65 1719/318/65 1722/318/65
f 1657/218/65 1658/278/65 1724/319/65 1723/320/65
f 1658/278/65 1590/264/65 1725/319/65 1724/319/65
f 1590/264/65 1589/218/65 1726/320/65 1725/319/65
f 1589/218/65 1657/218/65 1723/320/65 1726/320/65
f 1658/278/65 1659/263/65 1728/240/65 1727/244/65
f 1659/263/65 1591/209/65 1729/206/65 1728/240/65
f 1591/209/65 1590/264/65 1730/207/65 1729/206/65
f 1590/264/65 1658/278/65 1727/244/65 1730/207/65
f 1644/214/66 1660/217/66 1732/321/66 1731/322/66
f 1660/217/66 1592/217/66 1733/321/66 1732/321/66
f 1592/217/66 1519/214/66 1734/323/66 1733/321/66
f 1519/214/66 1644/214/66 1731/322/66 1734/323/66
f 1660/217/66 1661/272/66 1736/324/66 1735/325/66
f 1661/272/66 1593/272/66 1737/324/66 1736/324/66
f 1593/272/66 1592/217/66 1738/325/66 1737/324/66
f 1592/217/66 1660/217/66 1735/325/66 1738/325/66
f 1661/272/66 1662/196/66 1740/245/66 1739/276/66
f 1662/196/66 1594/196/66 1741/245/66 1740/245/66
f 1594/196/66 1593/272/66 1742/246/66 1741/245/66
f 1593/272/66 1661/272/66 1739/276/66 1742/246/66
f 1764/292/68 1763/291/68 1766/293/68 1765/294/68
f 1776/300/68 1775/299/68 1778/301/68 1777/302/68
f 1784/305/67 1783/304/67 1786/306/67 1785/307/67
f 1792/313/67 1791/312/67 1794/314/67 1793/315/67
f 1808/244/65 1807/240/65 1810/206/65 1809/207/65
f 1820/276/66 1819/245/66 1822/245/66 1821/246/66
f 1666/280/67 1663/204/67 1744/204/67 1745/280/67
f 1716/239/66 1717/316/66 1798/316/66 1795/239/66
f 1703/305/64 1704/304/64 1783/304/64 1784/305/64
f 1664/205/68 1665/279/68 1746/279/68 1743/205/68
f 1717/316/63 1718/202/63 1797/202/63 1798/316/63
f 1706/307/65 1703/305/65 1784/305/65 1785/307/65
f 1665/279/63 1666/280/63 1745/280/63 1746/279/63
f 1704/304/66 1705/306/66 1786/306/66 1783/304/66
f 1691/296/64 1692/295/64 1771/295/64 1772/296/64
f 1705/306/63 1706/307/63 1785/307/63 1786/306/63
f 1694/298/66 1691/296/66 1772/296/66 1773/298/66
f 1731/322/64 1732/321/64 1811/321/64 1812/322/64
f 1692/295/65 1693/297/65 1774/297/65 1771/295/65
f 1679/288/64 1680/287/64 1759/287/64 1760/288/64
f 1734/323/67 1731/322/67 1812/322/67 1813/323/67
f 1693/297/63 1694/298/63 1773/298/63 1774/297/63
f 1682/290/66 1679/288/66 1760/288/66 1761/290/66
f 1732/321/68 1733/321/68 1814/321/68 1811/321/68
f 1719/318/64 1720/317/64 1799/317/64 1800/318/64
f 1680/287/65 1681/289/65 1762/289/65 1759/287/65
f 1733/321/63 1734/323/63 1813/323/63 1814/321/63
f 1667/282/64 1668/281/64 1747/281/64 1748/282/64
f 1722/318/68 1719/318/68 1800/318/68 1801/318/68
f 1681/289/63 1682/290/63 1761/290/63 1762/289/63
f 1670/284/68 1667/282/68 1748/282/68 1749/284/68
f 1720/317/67 1721/317/67 1802/317/67 1799/317/67
f 1707/309/64 1708/308/64 1787/308/64 1788/309/64
f 1668/281/67 1669/283/67 1750/283/67 1747/281/67
f 1721/317/63 1722/318/63 1801/318/63 1802/317/63
f 1710/311/65 1707/309/65 1788/309/65 1789/311/65
f 1669/283/63 1670/284/63 1749/284/63 1750/283/63
f 1708/308/66 1709/310/66 1790/310/66 1787/308/66
f 1695/300/64 1696/299/64 1775/299/64 1776/300/64
f 1709/310/63 1710/311/63 1789/311/63 1790/310/63
f 1698/302/66 1695/300/66 1776/300/66 1777/302/66
f 1735/325/64 1736/324/64 1815/324/64 1816/325/64
f 1696/299/65 1697/301/65 1778/301/65 1775/299/65
f 1683/292/64 1684/291/64 1763/291/64 1764/292/64
f 1738/325/67 1735/325/67 1816/325/67 1817/325/67
f 1697/301/63 1698/302/63 1777/302/63 1778/301/63
f 1686/294/66 1683/292/66 1764/292/66 1765/294/66
f 1736/324/68 1737/324/68 1818/324/68 1815/324/68
f 1723/320/64 1724/319/64 1803/319/64 1804/320/64
f 1684/291/65 1685/293/65 1766/293/65 1763/291/65
f 1737/324/63 1738/325/63 1817/325/63 1818/324/63
f 1671/286/64 1672/285/64 1751/285/64 1752/286/64
f 1726/320/68 1723/320/68 1804/320/68 1805/320/68
f 1685/293/63 1686/294/63 1765/294/63 1766/293/63
f 1674/286/65 1671/286/65 1752/286/65 1753/286/65
f 1724/319/67 1725/319/67 1806/319/67 1803/319/67
f 1711/313/64 1712/312/64 1791/312/64 1792/313/64
f 1672/285/66 1673/285/66 1754/285/66 1751/285/66
f 1725/319/63 1726/320/63 1805/320/63 1806/319/63
f 1714/315/65 1711/313/65 1792/313/65 1793/315/65
f 1673/285/63 1674/286/63 1753/286/63 1754/285/63
f 1712/312/66 1713/314/66 1794/314/66 1791/312/66
f 1699/303/64 1700/277/64 1779/277/64 1780/303/64
f 1713/314/63 1714/315/63 1793/315/63 1794/314/63
f 1702/275/65 1699/303/65 1780/303/65 1781/275/65
f 1739/276/64 1740/245/64 1819/245/64 1820/276/64
f 1950/193/63 1848/194/63 1826/195/63 1898/196/63
f 1863/197/64 1832/198/64 1840/198/64 1883/199/64
f 1987/200/63 1988/201/63 2067/201/63 2068/200/63
f 2028/202/65 2025/203/65 2106/203/65 2107/202/65
f 1973/204/64 1974/205/64 2053/205/64 2054/204/64
f 2039/206/63 2040/207/63 2119/207/63 2120/206/63
f 1937/193/64 1910/196/64 1834/195/64 1868/208/64
f 1901/209/63 1828/198/63 1836/198/63 1913/209/63
f 1868/208/64 1834/195/64 1842/195/64 1888/210/64
f 1904/196/63 1830/195/63 1838/195/63 1916/196/63
f 1916/196/66 1838/195/66 1842/195/66 1922/196/66
f 1913/209/65 1836/198/65 1840/198/65 1919/209/65
f 1882/211/67 1835/212/67 1839/212/67 1892/211/67
f 1877/213/68 1837/214/68 1841/214/68 1887/213/68
f 1862/215/63 1827/212/63 1835/212/63 1882/211/63
f 1857/216/63 1829/214/63 1837/214/63 1877/213/63
f 1908/217/64 1833/214/64 1841/214/64 1920/217/64
f 1905/218/64 1831/212/64 1839/212/64 1917/218/64
f 1828/198/63 1853/199/63 1873/219/63 1836/198/63
f 1853/199/63 1854/220/63 1874/221/63 1873/219/63
f 1854/220/63 1855/222/63 1875/222/63 1874/221/63
f 1855/222/63 1856/223/63 1876/224/63 1875/222/63
f 1856/223/63 1857/216/63 1877/213/63 1876/224/63
f 1830/195/63 1858/194/63 1878/225/63 1838/195/63
f 1858/194/63 1859/226/63 1879/227/63 1878/225/63
f 1859/226/63 1860/228/63 1880/228/63 1879/227/63
f 1860/228/63 1861/229/63 1881/230/63 1880/228/63
f 1861/229/63 1862/215/63 1882/211/63 1881/230/63
f 1836/198/68 1873/219/68 1883/199/68 1840/198/68
f 1873/219/68 1874/221/68 1884/231/68 1883/199/68
f 1874/221/68 1875/222/68 1885/222/68 1884/231/68
f 1875/222/68 1876/224/68 1886/223/68 1885/222/68
f 1876/224/68 1877/213/68 1887/213/68 1886/223/68
f 1838/195/67 1878/225/67 1888/210/67 1842/195/67
f 1878/225/67 1879/227/67 1889/232/67 1888/210/67
f 1879/227/67 1880/228/67 1890/228/67 1889/232/67
f 1880/228/67 1881/230/67 1891/229/67 1890/228/67
f 1881/230/67 1882/211/67 1892/211/67 1891/229/67
f 1831/212/64 1872/233/64 1892/211/64 1839/212/64
f 1872/233/64 1871/229/64 1891/229/64 1892/211/64
f 1871/229/64 1870/234/64 1890/228/64 1891/229/64
f 1870/234/64 1869/227/64 1889/232/64 1890/228/64
f 1869/227/64 1868/208/64 1888/210/64 1889/232/64
f 1905/218/64 1925/235/64 1872/233/64 1831/212/64
f 1925/235/64 1928/236/64 1871/229/64 1872/233/64
f 1928/236/64 1931/237/64 1870/234/64 1871/229/64
f 1931/237/64 1934/238/64 1869/227/64 1870/234/64
f 1934/238/64 1937/193/64 1868/208/64 1869/227/64
f 1986/200/65 1987/200/65 2068/200/65 2065/200/65
f 2025/203/64 2026/239/64 2105/239/64 2106/203/64
f 2038/240/67 2039/206/67 2120/206/67 2117/240/67
f 1988/201/66 1985/241/66 2066/241/66 2067/201/66
f 1999/242/63 2000/243/63 2079/243/63 2080/242/63
f 2040/207/68 2037/244/68 2118/244/68 2119/207/68
f 1985/241/64 1986/200/64 2065/200/64 2066/241/64
f 2051/245/63 2052/246/63 2131/246/63 2132/245/63
f 1998/247/65 1999/242/65 2080/242/65 2077/247/65
f 2037/244/64 2038/240/64 2117/240/64 2118/244/64
f 1833/214/64 1867/216/64 1887/213/64 1841/214/64
f 1867/216/64 1866/223/64 1886/223/64 1887/213/64
f 1866/223/64 1865/222/64 1885/222/64 1886/223/64
f 1865/222/64 1864/231/64 1884/231/64 1885/222/64
f 1864/231/64 1863/197/64 1883/199/64 1884/231/64
f 1893/218/63 1825/212/63 1852/215/63 1938/248/63
f 1938/248/63 1852/215/63 1851/229/63 1941/249/63
f 1941/249/63 1851/229/63 1850/228/63 1944/250/63
f 1944/250/63 1850/228/63 1849/227/63 1947/251/63
f 1947/251/63 1849/227/63 1848/194/63 1950/193/63
f 1846/223/63 1949/252/63 1952/253/63 1847/254/63
f 1949/252/63 1948/255/63 1951/256/63 1952/253/63
f 1948/255/63 1947/251/63 1950/193/63 1951/256/63
f 1845/222/63 1946/257/63 1949/252/63 1846/223/63
f 1946/257/63 1945/258/63 1948/255/63 1949/252/63
f 1945/258/63 1944/250/63 1947/251/63 1948/255/63
f 1844/231/63 1943/259/63 1946/257/63 1845/222/63
f 1943/259/63 1942/260/63 1945/258/63 1946/257/63
f 1942/260/63 1941/249/63 1944/250/63 1945/258/63
f 1843/219/63 1940/261/63 1943/259/63 1844/231/63
f 1940/261/63 1939/262/63 1942/260/63 1943/259/63
f 1939/262/63 1938/248/63 1941/249/63 1942/260/63
f 1823/198/63 1895/263/63 1940/261/63 1843/219/63
f 1895/263/63 1894/264/63 1939/262/63 1940/261/63
f 1894/264/63 1893/218/63 1938/248/63 1939/262/63
f 1866/223/64 1867/216/64 1935/265/64 1932/252/64
f 1932/252/64 1935/265/64 1936/266/64 1933/267/64
f 1933/267/64 1936/266/64 1937/193/64 1934/238/64
f 1865/222/64 1866/223/64 1932/252/64 1929/268/64
f 1929/268/64 1932/252/64 1933/267/64 1930/269/64
f 1930/269/64 1933/267/64 1934/238/64 1931/237/64
f 1864/231/64 1865/222/64 1929/268/64 1926/259/64
f 1926/259/64 1929/268/64 1930/269/64 1927/260/64
f 1927/260/64 1930/269/64 1931/237/64 1928/236/64
f 1863/197/64 1864/231/64 1926/259/64 1923/270/64
f 1923/270/64 1926/259/64 1927/260/64 1924/271/64
f 1924/271/64 1927/260/64 1928/236/64 1925/235/64
f 1832/198/64 1863/197/64 1923/270/64 1907/209/64
f 1907/209/64 1923/270/64 1924/271/64 1906/264/64
f 1906/264/64 1924/271/64 1925/235/64 1905/218/64
f 1832/198/64 1907/209/64 1919/209/64 1840/198/64
f 1907/209/64 1906/264/64 1918/264/64 1919/209/64
f 1906/264/64 1905/218/64 1917/218/64 1918/264/64
f 1834/195/64 1910/196/64 1922/196/64 1842/195/64
f 1910/196/64 1909/272/64 1921/272/64 1922/196/64
f 1909/272/64 1908/217/64 1920/217/64 1921/272/64
f 1835/212/65 1911/218/65 1917/218/65 1839/212/65
f 1911/218/65 1912/264/65 1918/264/65 1917/218/65
f 1912/264/65 1913/209/65 1919/209/65 1918/264/65
f 1837/214/66 1914/217/66 1920/217/66 1841/214/66
f 1914/217/66 1915/272/66 1921/272/66 1920/217/66
f 1915/272/66 1916/196/66 1922/196/66 1921/272/66
f 1829/214/63 1902/217/63 1914/217/63 1837/214/63
f 1902/217/63 1903/272/63 1915/272/63 1914/217/63
f 1903/272/63 1904/196/63 1916/196/63 1915/272/63
f 1827/212/63 1899/218/63 1911/218/63 1835/212/63
f 1899/218/63 1900/264/63 1912/264/63 1911/218/63
f 1900/264/63 1901/209/63 1913/209/63 1912/264/63
f 1867/216/64 1833/214/64 1908/217/64 1935/265/64
f 1935/265/64 1908/217/64 1909/272/64 1936/266/64
f 1936/266/64 1909/272/64 1910/196/64 1937/193/64
f 2050/245/68 2051/245/68 2132/245/68 2129/245/68
f 2000/243/66 1997/273/66 2078/273/66 2079/243/66
f 2011/274/63 2012/275/63 2091/275/63 2092/274/63
f 2052/246/67 2049/276/67 2130/276/67 2131/246/67
f 1997/273/64 1998/247/64 2077/247/64 2078/273/64
f 2010/277/66 2011/274/66 2092/274/66 2089/277/66
f 1847/254/63 1952/253/63 1896/217/63 1824/214/63
f 1952/253/63 1951/256/63 1897/272/63 1896/217/63
f 1951/256/63 1950/193/63 1898/196/63 1897/272/63
f 1897/272/66 1898/196/66 1972/196/66 1971/272/66
f 1896/217/66 1897/272/66 1971/272/66 1970/217/66
f 1824/214/66 1896/217/66 1970/217/66 1954/214/66
f 1894/264/65 1895/263/65 1969/263/65 1968/278/65
f 1893/218/65 1894/264/65 1968/278/65 1967/218/65
f 1825/212/65 1893/218/65 1967/218/65 1956/212/65
f 1851/229/67 1852/215/67 1966/215/67 1965/229/67
f 1850/228/67 1851/229/67 1965/229/67 1964/228/67
f 1849/227/67 1850/228/67 1964/228/67 1963/227/67
f 1848/194/67 1849/227/67 1963/227/67 1962/194/67
f 1826/195/67 1848/194/67 1962/194/67 1953/195/67
f 1846/223/68 1847/254/68 1961/216/68 1960/223/68
f 1845/222/68 1846/223/68 1960/223/68 1959/222/68
f 1844/231/68 1845/222/68 1959/222/68 1958/231/68
f 1843/219/68 1844/231/68 1958/231/68 1957/219/68
f 1823/198/68 1843/219/68 1957/219/68 1955/198/68
f 1847/254/68 1824/214/68 1954/214/68 1961/216/68
f 1852/215/67 1825/212/67 1956/212/67 1966/215/67
f 1895/263/65 1823/198/65 1955/198/65 1969/263/65
f 1898/196/66 1826/195/66 1953/195/66 1972/196/66
f 1972/196/66 1953/195/66 1974/205/66 1973/204/66
f 1953/195/66 1830/195/66 1975/279/66 1974/205/66
f 1830/195/66 1904/196/66 1976/280/66 1975/279/66
f 1904/196/66 1972/196/66 1973/204/66 1976/280/66
f 1969/263/65 1955/198/65 1978/281/65 1977/282/65
f 1955/198/65 1828/198/65 1979/283/65 1978/281/65
f 1828/198/65 1901/209/65 1980/284/65 1979/283/65
f 1901/209/65 1969/263/65 1977/282/65 1980/284/65
f 1966/215/67 1956/212/67 1982/285/67 1981/286/67
f 1956/212/67 1827/212/67 1983/285/67 1982/285/67
f 1827/212/67 1862/215/67 1984/286/67 1983/285/67
f 1862/215/67 1966/215/67 1981/286/67 1984/286/67
f 1961/216/68 1954/214/68 1986/200/68 1985/241/68
f 1954/214/68 1829/214/68 1987/200/68 1986/200/68
f 1829/214/68 1857/216/68 1988/201/68 1987/200/68
f 1857/216/68 1961/216/68 1985/241/68 1988/201/68
f 1955/198/68 1957/219/68 1990/287/68 1989/288/68
f 1957/219/68 1853/199/68 1991/289/68 1990/287/68
f 1853/199/68 1828/198/68 1992/290/68 1991/289/68
f 1828/198/68 1955/198/68 1989/288/68 1992/290/68
f 1957/219/68 1958/231/68 1994/291/68 1993/292/68
f 1958/231/68 1854/220/68 1995/293/68 1994/291/68
f 1854/220/68 1853/199/68 1996/294/68 1995/293/68
f 1853/199/68 1957/219/68 1993/292/68 1996/294/68
f 1958/231/68 1959/222/68 1998/247/68 1997/273/68
f 1959/222/68 1855/222/68 1999/242/68 1998/247/68
f 1855/222/68 1854/220/68 2000/243/68 1999/242/68
f 1854/220/68 1958/231/68 1997/273/68 2000/243/68
f 1959/222/68 1960/223/68 2002/295/68 2001/296/68
f 1960/223/68 1856/223/68 2003/297/68 2002/295/68
f 1856/223/68 1855/222/68 2004/298/68 2003/297/68
f 1855/222/68 1959/222/68 2001/296/68 2004/298/68
f 1960/223/68 1961/216/68 2006/299/68 2005/300/68
f 1961/216/68 1857/216/68 2007/301/68 2006/299/68
f 1857/216/68 1856/223/68 2008/302/68 2007/301/68
f 1856/223/68 1960/223/68 2005/300/68 2008/302/68
f 1953/195/67 1962/194/67 2010/277/67 2009/303/67
f 1962/194/67 1858/194/67 2011/274/67 2010/277/67
f 1858/194/67 1830/195/67 2012/275/67 2011/274/67
f 1830/195/67 1953/195/67 2009/303/67 2012/275/67
f 1962/194/67 1963/227/67 2014/304/67 2013/305/67
f 1963/227/67 1859/226/67 2015/306/67 2014/304/67
f 1859/226/67 1858/194/67 2016/307/67 2015/306/67
f 1858/194/67 1962/194/67 2013/305/67 2016/307/67
f 1963/227/67 1964/228/67 2018/308/67 2017/309/67
f 1964/228/67 1860/228/67 2019/310/67 2018/308/67
f 1860/228/67 1859/226/67 2020/311/67 2019/310/67
f 1859/226/67 1963/227/67 2017/309/67 2020/311/67
f 1964/228/67 1965/229/67 2022/312/67 2021/313/67
f 1965/229/67 1861/229/67 2023/314/67 2022/312/67
f 1861/229/67 1860/228/67 2024/315/67 2023/314/67
f 1860/228/67 1964/228/67 2021/313/67 2024/315/67
f 1965/229/67 1966/215/67 2026/239/67 2025/203/67
f 1966/215/67 1862/215/67 2027/316/67 2026/239/67
f 1862/215/67 1861/229/67 2028/202/67 2027/316/67
f 1861/229/67 1965/229/67 2025/203/67 2028/202/67
f 1956/212/65 1967/218/65 2030/317/65 2029/318/65
f 1967/218/65 1899/218/65 2031/317/65 2030/317/65
f 1899/218/65 1827/212/65 2032/318/65 2031/317/65
f 1827/212/65 1956/212/65 2029/318/65 2032/318/65
f 1967/218/65 1968/278/65 2034/319/65 2033/320/65
f 1968/278/65 1900/264/65 2035/319/65 2034/319/65
f 1900/264/65 1899/218/65 2036/320/65 2035/319/65
f 1899/218/65 1967/218/65 2033/320/65 2036/320/65
f 1968/278/65 1969/263/65 2038/240/65 2037/244/65
f 1969/263/65 1901/209/65 2039/206/65 2038/240/65
f 1901/209/65 1900/264/65 2040/207/65 2039/206/65
f 1900/264/65 1968/278/65 2037/244/65 2040/207/65
f 1954/214/66 1970/217/66 2042/321/66 2041/322/66
f 1970/217/66 1902/217/66 2043/321/66 2042/321/66
f 1902/217/66 1829/214/66 2044/323/66 2043/321/66
f 1829/214/66 1954/214/66 2041/322/66 2044/323/66
f 1970/217/66 1971/272/66 2046/324/66 2045/325/66
f 1971/272/66 1903/272/66 2047/324/66 2046/324/66
f 1903/272/66 1902/217/66 2048/325/66 2047/324/66
f 1902/217/66 1970/217/66 2045/325/66 2048/325/66
f 1971/272/66 1972/196/66 2050/245/66 2049/276/66
f 1972/196/66 1904/196/66 2051/245/66 2050/245/66
f 1904/196/66 1903/272/66 2052/246/66 2051/245/66
f 1903/272/66 1971/272/66 2049/276/66 2052/246/66
f 2074/292/68 2073/291/68 2076/293/68 2075/294/68
f 2086/300/68 2085/299/68 2088/301/68 2087/302/68
f 2094/305/67 2093/304/67 2096/306/67 2095/307/67
f 2102/313/67 2101/312/67 2104/314/67 2103/315/67
f 2118/244/65 2117/240/65 2120/206/65 2119/207/65
f 2130/276/66 2129/245/66 2132/245/66 2131/246/66
f 1976/280/67 1973/204/67 2054/204/67 2055/280/67
f 2026/239/66 2027/316/66 2108/316/66 2105/239/66
f 2013/305/64 2014/304/64 2093/304/64 2094/305/64
f 1974/205/68 1975/279/68 2056/279/68 2053/205/68
f 2027/316/63 2028/202/63 2107/202/63 2108/316/63
f 2016/307/65 2013/305/65 2094/305/65 2095/307/65
f 1975/279/63 1976/280/63 2055/280/63 2056/279/63
f 2014/304/66 2015/306/66 2096/306/66 2093/304/66
f 2001/296/64 2002/295/64 2081/295/64 2082/296/64
f 2015/306/63 2016/307/63 2095/307/63 2096/306/63
f 2004/298/66 2001/296/66 2082/296/66 2083/298/66
f 2041/322/64 2042/321/64 2121/321/64 2122/322/64
f 2002/295/65 2003/297/65 2084/297/65 2081/295/65
f 1989/288/64 1990/287/64 2069/287/64 2070/288/64
f 2044/323/67 2041/322/67 2122/322/67 2123/323/67
f 2003/297/63 2004/298/63 2083/298/63 2084/297/63
f 1992/290/66 1989/288/66 2070/288/66 2071/290/66
f 2042/321/68 2043/321/68 2124/321/68 2121/321/68
f 2029/318/64 2030/317/64 2109/317/64 2110/318/64
f 1990/287/65 1991/289/65 2072/289/65 2069/287/65
f 2043/321/63 2044/323/63 2123/323/63 2124/321/63
f 1977/282/64 1978/281/64 2057/281/64 2058/282/64
f 2032/318/68 2029/318/68 2110/318/68 2111/318/68
f 1991/289/63 1992/290/63 2071/290/63 2072/289/63
f 1980/284/68 1977/282/68 2058/282/68 2059/284/68
f 2030/317/67 2031/317/67 2112/317/67 2109/317/67
f 2017/309/64 2018/308/64 2097/308/64 2098/309/64
f 1978/281/67 1979/283/67 2060/283/67 2057/281/67
f 2031/317/63 2032/318/63 2111/318/63 2112/317/63
f 2020/311/65 2017/309/65 2098/309/65 2099/311/65
f 1979/283/63 1980/284/63 2059/284/63 2060/283/63
f 2018/308/66 2019/310/66 2100/310/66 2097/308/66
f 2005/300/64 2006/299/64 2085/299/64 2086/300/64
f 2019/310/63 2020/311/63 2099/311/63 2100/310/63
f 2008/302/66 2005/300/66 2086/300/66 2087/302/66
f 2045/325/64 2046/324/64 2125/324/64 2126/325/64
f 2006/299/65 2007/301/65 2088/301/65 2085/299/65
f 1993/292/64 1994/291/64 2073/291/64 2074/292/64
f 2048/325/67 2045/325/67 2126/325/67 2127/325/67
f 2007/301/63 2008/302/63 2087/302/63 2088/301/63
f 1996/294/66 1993/292/66 2074/292/66 2075/294/66
f 2046/324/68 2047/324/68 2128/324/68 2125/324/68
f 2033/320/64 2034/319/64 2113/319/64 2114/320/64
f 1994/291/65 1995/293/65 2076/293/65 2073/291/65
f 2047/324/63 2048/325/63 2127/325/63 2128/324/63
f 1981/286/64 1982/285/64 2061/285/64 2062/286/64
f 2036/320/68 2033/320/68 2114/320/68 2115/320/68
f 1995/293/63 1996/294/63 2075/294/63 2076/293/63
f 1984/286/65 1981/286/65 2062/286/65 2063/286/65
f 2034/319/67 2035/319/67 2116/319/67 2113/319/67
f 2021/313/64 2022/312/64 2101/312/64 2102/313/64
f 1982/285/66 1983/285/66 2064/285/66 2061/285/66
f 2035/319/63 2036/320/63 2115/320/63 2116/319/63
f 2024/315/65 2021/313/65 2102/313/65 2103/315/65
f 1983/285/63 1984/286/63 2063/286/63 2064/285/63
f 2022/312/66 2023/314/66 2104/314/66 2101/312/66
f 2009/303/64 2010/277/64 2089/277/64 2090/303/64
f 2023/314/63 2024/315/63 2103/315/63 2104/314/63
f 2012/275/65 2009/303/65 2090/303/65 2091/275/65
f 2049/276/64 2050/245/64 2129/245/64 2130/276/64
f 2260/193/63 2158/194/63 2136/195/63 2208/196/63
f 2173/197/64 2142/198/64 2150/198/64 2193/199/64
f 2297/200/63 2298/201/63 2377/201/63 2378/200/63
f 2338/202/65 2335/203/65 2416/203/65 2417/202/65
f 2283/204/64 2284/205/64 2363/205/64 2364/204/64
f 2349/206/63 2350/207/63 2429/207/63 2430/206/63
f 2247/193/64 2220/196/64 2144/195/64 2178/208/64
f 2211/209/63 2138/198/63 2146/198/63 2223/209/63
f 2178/208/64 2144/195/64 2152/195/64 2198/210/64
f 2214/196/63 2140/195/63 2148/195/63 2226/196/63
f 2226/196/66 2148/195/66 2152/195/66 2232/196/66
f 2223/209/65 2146/198/65 2150/198/65 2229/209/65
f 2192/211/67 2145/212/67 2149/212/67 2202/211/67
f 2187/213/68 2147/214/68 2151/214/68 2197/213/68
f 2172/215/63 2137/212/63 2145/212/63 2192/211/63
f 2167/216/63 2139/214/63 2147/214/63 2187/213/63
f 2218/217/64 2143/214/64 2151/214/64 2230/217/64
f 2215/218/64 2141/212/64 2149/212/64 2227/218/64
f 2138/198/63 2163/199/63 2183/219/63 2146/198/63
f 2163/199/63 2164/220/63 2184/221/63 2183/219/63
f 2164/220/63 2165/222/63 2185/222/63 2184/221/63
f 2165/222/63 2166/223/63 2186/224/63 2185/222/63
f 2166/223/63 2167/216/63 2187/213/63 2186/224/63
f 2140/195/63 2168/194/63 2188/225/63 2148/195/63
f 2168/194/63 2169/226/63 2189/227/63 2188/225/63
f 2169/226/63 2170/228/63 2190/228/63 2189/227/63
f 2170/228/63 2171/229/63 2191/230/63 2190/228/63
f 2171/229/63 2172/215/63 2192/211/63 2191/230/63
f 2146/198/68 2183/219/68 2193/199/68 2150/198/68
f 2183/219/68 2184/221/68 2194/231/68 2193/199/68
f 2184/221/68 2185/222/68 2195/222/68 2194/231/68
f 2185/222/68 2186/224/68 2196/223/68 2195/222/68
f 2186/224/68 2187/213/68 2197/213/68 2196/223/68
f 2148/195/67 2188/225/67 2198/210/67 2152/195/67
f 2188/225/67 2189/227/67 2199/232/67 2198/210/67
f 2189/227/67 2190/228/67 2200/228/67 2199/232/67
f 2190/228/67 2191/230/67 2201/229/67 2200/228/67
f 2191/230/67 2192/211/67 2202/211/67 2201/229/67
f 2141/212/64 2182/233/64 2202/211/64 2149/212/64
f 2182/233/64 2181/229/64 2201/229/64 2202/211/64
f 2181/229/64 2180/234/64 2200/228/64 2201/229/64
f 2180/234/64 2179/227/64 2199/232/64 2200/228/64
f 2179/227/64 2178/208/64 2198/210/64 2199/232/64
f 2215/218/64 2235/235/64 2182/233/64 2141/212/64
f 2235/235/64 2238/236/64 2181/229/64 2182/233/64
f 2238/236/64 2241/237/64 2180/234/64 2181/229/64
f 2241/237/64 2244/238/64 2179/227/64 2180/234/64
f 2244/238/64 2247/193/64 2178/208/64 2179/227/64
f 2296/200/65 2297/200/65 2378/200/65 2375/200/65
f 2335/203/64 2336/239/64 2415/239/64 2416/203/64
f 2348/240/67 2349/206/67 2430/206/67 2427/240/67
f 2298/201/66 2295/241/66 2376/241/66 2377/201/66
f 2309/242/63 2310/243/63 2389/243/63 2390/242/63
f 2350/207/68 2347/244/68 2428/244/68 2429/207/68
f 2295/241/64 2296/200/64 2375/200/64 2376/241/64
f 2361/245/63 2362/246/63 2441/246/63 2442/245/63
f 2308/247/65 2309/242/65 2390/242/65 2387/247/65
f 2347/244/64 2348/240/64 2427/240/64 2428/244/64
f 2143/214/64 2177/216/64 2197/213/64 2151/214/64
f 2177/216/64 2176/223/64 2196/223/64 2197/213/64
f 2176/223/64 2175/222/64 2195/222/64 2196/223/64
f 2175/222/64 2174/231/64 2194/231/64 2195/222/64
f 2174/231/64 2173/197/64 2193/199/64 2194/231/64
f 2203/218/63 2135/212/63 2162/215/63 2248/248/63
f 2248/248/63 2162/215/63 2161/229/63 2251/249/63
f 2251/249/63 2161/229/63 2160/228/63 2254/250/63
f 2254/250/63 2160/228/63 2159/227/63 2257/251/63
f 2257/251/63 2159/227/63 2158/194/63 2260/193/63
f 2156/223/63 2259/252/63 2262/253/63 2157/254/63
f 2259/252/63 2258/255/63 2261/256/63 2262/253/63
f 2258/255/63 2257/251/63 2260/193/63 2261/256/63
f 2155/222/63 2256/257/63 2259/252/63 2156/223/63
f 2256/257/63 2255/258/63 2258/255/63 2259/252/63
f 2255/258/63 2254/250/63 2257/251/63 2258/255/63
f 2154/231/63 2253/259/63 2256/257/63 2155/222/63
f 2253/259/63 2252/260/63 2255/258/63 2256/257/63
f 2252/260/63 2251/249/63 2254/250/63 2255/258/63
f 2153/219/63 2250/261/63 2253/259/63 2154/231/63
f 2250/261/63 2249/262/63 2252/260/63 2253/259/63
f 2249/262/63 2248/248/63 2251/249/63 2252/260/63
f 2133/198/63 2205/263/63 2250/261/63 2153/219/63
f 2205/263/63 2204/264/63 2249/262/63 2250/261/63
f 2204/264/63 2203/218/63 2248/248/63 2249/262/63
f 2176/223/64 2177/216/64 2245/265/64 2242/252/64
f 2242/252/64 2245/265/64 2246/266/64 2243/267/64
f 2243/267/64 2246/266/64 2247/193/64 2244/238/64
f 2175/222/64 2176/223/64 2242/252/64 2239/268/64
f 2239/268/64 2242/252/64 2243/267/64 2240/269/64
f 2240/269/64 2243/267/64 2244/238/64 2241/237/64
f 2174/231/64 2175/222/64 2239/268/64 2236/259/64
f 2236/259/64 2239/268/64 2240/269/64 2237/260/64
f 2237/260/64 2240/269/64 2241/237/64 2238/236/64
f 2173/197/64 2174/231/64 2236/259/64 2233/270/64
f 2233/270/64 2236/259/64 2237/260/64 2234/271/64
f 2234/271/64 2237/260/64 2238/236/64 2235/235/64
f 2142/198/64 2173/197/64 2233/270/64 2217/209/64
f 2217/209/64 2233/270/64 2234/271/64 2216/264/64
f 2216/264/64 2234/271/64 2235/235/64 2215/218/64
f 2142/198/64 2217/209/64 2229/209/64 2150/198/64
f 2217/209/64 2216/264/64 2228/264/64 2229/209/64
f 2216/264/64 2215/218/64 2227/218/64 2228/264/64
f 2144/195/64 2220/196/64 2232/196/64 2152/195/64
f 2220/196/64 2219/272/64 2231/272/64 2232/196/64
f 2219/272/64 2218/217/64 2230/217/64 2231/272/64
f 2145/212/65 2221/218/65 2227/218/65 2149/212/65
f 2221/218/65 2222/264/65 2228/264/65 2227/218/65
f 2222/264/65 2223/209/65 2229/209/65 2228/264/65
f 2147/214/66 2224/217/66 2230/217/66 2151/214/66
f 2224/217/66 2225/272/66 2231/272/66 2230/217/66
f 2225/272/66 2226/196/66 2232/196/66 2231/272/66
f 2139/214/63 2212/217/63 2224/217/63 2147/214/63
f 2212/217/63 2213/272/63 2225/272/63 2224/217/63
f 2213/272/63 2214/196/63 2226/196/63 2225/272/63
f 2137/212/63 2209/218/63 2221/218/63 2145/212/63
f 2209/218/63 2210/264/63 2222/264/63 2221/218/63
f 2210/264/63 2211/209/63 2223/209/63 2222/264/63
f 2177/216/64 2143/214/64 2218/217/64 2245/265/64
f 2245/265/64 2218/217/64 2219/272/64 2246/266/64
f 2246/266/64 2219/272/64 2220/196/64 2247/193/64
f 2360/245/68 2361/245/68 2442/245/68 2439/245/68
f 2310/243/66 2307/273/66 2388/273/66 2389/243/66
f 2321/274/63 2322/275/63 2401/275/63 2402/274/63
f 2362/246/67 2359/276/67 2440/276/67 2441/246/67
f 2307/273/64 2308/247/64 2387/247/64 2388/273/64
f 2320/277/66 2321/274/66 2402/274/66 2399/277/66
f 2157/254/63 2262/253/63 2206/217/63 2134/214/63
f 2262/253/63 2261/256/63 2207/272/63 2206/217/63
f 2261/256/63 2260/193/63 2208/196/63 2207/272/63
f 2207/272/66 2208/196/66 2282/196/66 2281/272/66
f 2206/217/66 2207/272/66 2281/272/66 2280/217/66
f 2134/214/66 2206/217/66 2280/217/66 2264/214/66
f 2204/264/65 2205/263/65 2279/263/65 2278/278/65
f 2203/218/65 2204/264/65 2278/278/65 2277/218/65
f 2135/212/65 2203/218/65 2277/218/65 2266/212/65
f 2161/229/67 2162/215/67 2276/215/67 2275/229/67
f 2160/228/67 2161/229/67 2275/229/67 2274/228/67
f 2159/227/67 2160/228/67 2274/228/67 2273/227/67
f 2158/194/67 2159/227/67 2273/227/67 2272/194/67
f 2136/195/67 2158/194/67 2272/194/67 2263/195/67
f 2156/223/68 2157/254/68 2271/216/68 2270/223/68
f 2155/222/68 2156/223/68 2270/223/68 2269/222/68
f 2154/231/68 2155/222/68 2269/222/68 2268/231/68
f 2153/219/68 2154/231/68 2268/231/68 2267/219/68
f 2133/198/68 2153/219/68 2267/219/68 2265/198/68
f 2157/254/68 2134/214/68 2264/214/68 2271/216/68
f 2162/215/67 2135/212/67 2266/212/67 2276/215/67
f 2205/263/65 2133/198/65 2265/198/65 2279/263/65
f 2208/196/66 2136/195/66 2263/195/66 2282/196/66
f 2282/196/66 2263/195/66 2284/205/66 2283/204/66
f 2263/195/66 2140/195/66 2285/279/66 2284/205/66
f 2140/195/66 2214/196/66 2286/280/66 2285/279/66
f 2214/196/66 2282/196/66 2283/204/66 2286/280/66
f 2279/263/65 2265/198/65 2288/281/65 2287/282/65
f 2265/198/65 2138/198/65 2289/283/65 2288/281/65
f 2138/198/65 2211/209/65 2290/284/65 2289/283/65
f 2211/209/65 2279/263/65 2287/282/65 2290/284/65
f 2276/215/67 2266/212/67 2292/285/67 2291/286/67
f 2266/212/67 2137/212/67 2293/285/67 2292/285/67
f 2137/212/67 2172/215/67 2294/286/67 2293/285/67
f 2172/215/67 2276/215/67 2291/286/67 2294/286/67
f 2271/216/68 2264/214/68 2296/200/68 2295/241/68
f 2264/214/68 2139/214/68 2297/200/68 2296/200/68
f 2139/214/68 2167/216/68 2298/201/68 2297/200/68
f 2167/216/68 2271/216/68 2295/241/68 2298/201/68
f 2265/198/68 2267/219/68 2300/287/68 2299/288/68
f 2267/219/68 2163/199/68 2301/289/68 2300/287/68
f 2163/199/68 2138/198/68 2302/290/68 2301/289/68
f 2138/198/68 2265/198/68 2299/288/68 2302/290/68
f 2267/219/68 2268/231/68 2304/291/68 2303/292/68
f 2268/231/68 2164/220/68 2305/293/68 2304/291/68
f 2164/220/68 2163/199/68 2306/294/68 2305/293/68
f 2163/199/68 2267/219/68 2303/292/68 2306/294/68
f 2268/231/68 2269/222/68 2308/247/68 2307/273/68
f 2269/222/68 2165/222/68 2309/242/68 2308/247/68
f 2165/222/68 2164/220/68 2310/243/68 2309/242/68
f 2164/220/68 2268/231/68 2307/273/68 2310/243/68
f 2269/222/68 2270/223/68 2312/295/68 2311/296/68
f 2270/223/68 2166/223/68 2313/297/68 2312/295/68
f 2166/223/68 2165/222/68 2314/298/68 2313/297/68
f 2165/222/68 2269/222/68 2311/296/68 2314/298/68
f 2270/223/68 2271/216/68 2316/299/68 2315/300/68
f 2271/216/68 2167/216/68 2317/301/68 2316/299/68
f 2167/216/68 2166/223/68 2318/302/68 2317/301/68
f 2166/223/68 2270/223/68 2315/300/68 2318/302/68
f 2263/195/67 2272/194/67 2320/277/67 2319/303/67
f 2272/194/67 2168/194/67 2321/274/67 2320/277/67
f 2168/194/67 2140/195/67 2322/275/67 2321/274/67
f 2140/195/67 2263/195/67 2319/303/67 2322/275/67
f 2272/194/67 2273/227/67 2324/304/67 2323/305/67
f 2273/227/67 2169/226/67 2325/306/67 2324/304/67
f 2169/226/67 2168/194/67 2326/307/67 2325/306/67
f 2168/194/67 2272/194/67 2323/305/67 2326/307/67
f 2273/227/67 2274/228/67 2328/308/67 2327/309/67
f 2274/228/67 2170/228/67 2329/310/67 2328/308/67
f 2170/228/67 2169/226/67 2330/311/67 2329/310/67
f 2169/226/67 2273/227/67 2327/309/67 2330/311/67
f 2274/228/67 2275/229/67 2332/312/67 2331/313/67
f 2275/229/67 2171/229/67 2333/314/67 2332/312/67
f 2171/229/67 2170/228/67 2334/315/67 2333/314/67
f 2170/228/67 2274/228/67 2331/313/67 2334/315/67
f 2275/229/67 2276/215/67 2336/239/67 2335/203/67
f 2276/215/67 2172/215/67 2337/316/67 2336/239/67
f 2172/215/67 2171/229/67 2338/202/67 2337/316/67
f 2171/229/67 2275/229/67 2335/203/67 2338/202/67
f 2266/212/65 2277/218/65 2340/317/65 2339/318/65
f 2277/218/65 2209/218/65 2341/317/65 2340/317/65
f 2209/218/65 2137/212/65 2342/318/65 2341/317/65
f 2137/212/65 2266/212/65 2339/318/65 2342/318/65
f 2277/218/65 2278/278/65 2344/319/65 2343/320/65
f 2278/278/65 2210/264/65 2345/319/65 2344/319/65
f 2210/264/65 2209/218/65 2346/320/65 2345/319/65
f 2209/218/65 2277/218/65 2343/320/65 2346/320/65
f 2278/278/65 2279/263/65 2348/240/65 2347/244/65
f 2279/263/65 2211/209/65 2349/206/65 2348/240/65
f 2211/209/65 2210/264/65 2350/207/65 2349/206/65
f 2210/264/65 2278/278/65 2347/244/65 2350/207/65
f 2264/214/66 2280/217/66 2352/321/66 2351/322/66
f 2280/217/66 2212/217/66 2353/321/66 2352/321/66
f 2212/217/66 2139/214/66 2354/323/66 2353/321/66
f 2139/214/66 2264/214/66 2351/322/66 2354/323/66
f 2280/217/66 2281/272/66 2356/324/66 2355/325/66
f 2281/272/66 2213/272/66 2357/324/66 2356/324/66
f 2213/272/66 2212/217/66 2358/325/66 2357/324/66
f 2212/217/66 2280/217/66 2355/325/66 2358/325/66
f 2281/272/66 2282/196/66 2360/245/66 2359/276/66
f 2282/196/66 2214/196/66 2361/245/66 2360/245/66
f 2214/196/66 2213/272/66 2362/246/66 2361/245/66
f 2213/272/66 2281/272/66 2359/276/66 2362/246/66
f 2384/292/68 2383/291/68 2386/293/68 2385/294/68
f 2396/300/68 2395/299/68 2398/301/68 2397/302/68
f 2404/305/67 2403/304/67 2406/306/67 2405/307/67
f 2412/313/67 2411/312/67 2414/314/67 2413/315/67
f 2428/244/65 2427/240/65 2430/206/65 2429/207/65
f 2440/276/66 2439/245/66 2442/245/66 2441/246/66
f 2286/280/67 2283/204/67 2364/204/67 2365/280/67
f 2336/239/66 2337/316/66 2418/316/66 2415/239/66
f 2323/305/64 2324/304/64 2403/304/64 2404/305/64
f 2284/205/68 2285/279/68 2366/279/68 2363/205/68
f 2337/316/63 2338/202/63 2417/202/63 2418/316/63
f 2326/307/65 2323/305/65 2404/305/65 2405/307/65
f 2285/279/63 2286/280/63 2365/280/63 2366/279/63
f 2324/304/66 2325/306/66 2406/306/66 2403/304/66
f 2311/296/64 2312/295/64 2391/295/64 2392/296/64
f 2325/306/63 2326/307/63 2405/307/63 2406/306/63
f 2314/298/66 2311/296/66 2392/296/66 2393/298/66
f 2351/322/64 2352/321/64 2431/321/64 2432/322/64
f 2312/295/65 2313/297/65 2394/297/65 2391/295/65
f 2299/288/64 2300/287/64 2379/287/64 2380/288/64
f 2354/323/67 2351/322/67 2432/322/67 2433/323/67
f 2313/297/63 2314/298/63 2393/298/63 2394/297/63
f 2302/290/66 2299/288/66 2380/288/66 2381/290/66
f 2352/321/68 2353/321/68 2434/321/68 2431/321/68
f 2339/318/64 2340/317/64 2419/317/64 2420/318/64
f 2300/287/65 2301/289/65 2382/289/65 2379/287/65
f 2353/321/63 2354/323/63 2433/323/63 2434/321/63
f 2287/282/64 2288/281/64 2367/281/64 2368/282/64
f 2342/318/68 2339/318/68 2420/318/68 2421/318/68
f 2301/289/63 2302/290/63 2381/290/63 2382/289/63
f 2290/284/68 2287/282/68 2368/282/68 2369/284/68
f 2340/317/67 2341/317/67 2422/317/67 2419/317/67
f 2327/309/64 2328/308/64 2407/308/64 2408/309/64
f 2288/281/67 2289/283/67 2370/283/67 2367/281/67
f 2341/317/63 2342/318/63 2421/318/63 2422/317/63
f 2330/311/65 2327/309/65 2408/309/65 2409/311/65
f 2289/283/63 2290/284/63 2369/284/63 2370/283/63
f 2328/308/66 2329/310/66 2410/310/66 2407/308/66
f 2315/300/64 2316/299/64 2395/299/64 2396/300/64
f 2329/310/63 2330/311/63 2409/311/63 2410/310/63
f 2318/302/66 2315/300/66 2396/300/66 2397/302/66
f 2355/325/64 2356/324/64 2435/324/64 2436/325/64
f 2316/299/65 2317/301/65 2398/301/65 2395/299/65
f 2303/292/64 2304/291/64 2383/291/64 2384/292/64
f 2358/325/67 2355/325/67 2436/325/67 2437/325/67
f 2317/301/63 2318/302/63 2397/302/63 2398/301/63
f 2306/294/66 2303/292/66 2384/292/66 2385/294/66
f 2356/324/68 2357/324/68 2438/324/68 2435/324/68
f 2343/320/64 2344/319/64 2423/319/64 2424/320/64
f 2304/291/65 2305/293/65 2386/293/65 2383/291/65
f 2357/324/63 2358/325/63 2437/325/63 2438/324/63
f 2291/286/64 2292/285/64 2371/285/64 2372/286/64
f 2346/320/68 2343/320/68 2424/320/68 2425/320/68
f 2305/293/63 2306/294/63 2385/294/63 2386/293/63
f 2294/286/65 2291/286/65 2372/286/65 2373/286/65
f 2344/319/67 2345/319/67 2426/319/67 2423/319/67
f 2331/313/64 2332/312/64 2411/312/64 2412/313/64
f 2292/285/66 2293/285/66 2374/285/66 2371/285/66
f 2345/319/63 2346/320/63 2425/320/63 2426/319/63
f 2334/315/65 2331/313/65 2412/313/65 2413/315/65
f 2293/285/63 2294/286/63 2373/286/63 2374/285/63
f 2332/312/66 2333/314/66 2414/314/66 2411/312/66
f 2319/303/64 2320/277/64 2399/277/64 2400/303/64
f 2333/314/63 2334/315/63 2413/315/63 2414/314/63
f 2322/275/65 2319/303/65 2400/303/65 2401/275/65
f 2359/276/64 2360/245/64 2439/245/64 2440/276/64
f 2570/193/63 2468/194/63 2446/195/63 2518/196/63
f 2483/197/64 2452/198/64 2460/198/64 2503/199/64
f 2607/200/63 2608/201/63 2687/201/63 2688/200/63
f 2648/202/65 2645/203/65 2726/203/65 2727/202/65
f 2593/204/64 2594/205/64 2673/205/64 2674/204/64
f 2659/206/63 2660/207/63 2739/207/63 2740/206/63
f 2557/193/64 2530/196/64 2454/195/64 2488/208/64
f 2521/209/63 2448/198/63 2456/198/63 2533/209/63
f 2488/208/64 2454/195/64 2462/195/64 2508/210/64
f 2524/196/63 2450/195/63 2458/195/63 2536/196/63
f 2536/196/66 2458/195/66 2462/195/66 2542/196/66
f 2533/209/65 2456/198/65 2460/198/65 2539/209/65
f 2502/211/67 2455/212/67 2459/212/67 2512/211/67
f 2497/213/68 2457/214/68 2461/214/68 2507/213/68
f 2482/215/63 2447/212/63 2455/212/63 2502/211/63
f 2477/216/63 2449/214/63 2457/214/63 2497/213/63
f 2528/217/64 2453/214/64 2461/214/64 2540/217/64
f 2525/218/64 2451/212/64 2459/212/64 2537/218/64
f 2448/198/63 2473/199/63 2493/219/63 2456/198/63
f 2473/199/63 2474/220/63 2494/221/63 2493/219/63
f 2474/220/63 2475/222/63 2495/222/63 2494/221/63
f 2475/222/63 2476/223/63 2496/224/63 2495/222/63
f 2476/223/63 2477/216/63 2497/213/63 2496/224/63
f 2450/195/63 2478/194/63 2498/225/63 2458/195/63
f 2478/194/63 2479/226/63 2499/227/63 2498/225/63
f 2479/226/63 2480/228/63 2500/228/63 2499/227/63
f 2480/228/63 2481/229/63 2501/230/63 2500/228/63
f 2481/229/63 2482/215/63 2502/211/63 2501/230/63
f 2456/198/68 2493/219/68 2503/199/68 2460/198/68
f 2493/219/68 2494/221/68 2504/231/68 2503/199/68
f 2494/221/68 2495/222/68 2505/222/68 2504/231/68
f 2495/222/68 2496/224/68 2506/223/68 2505/222/68
f 2496/224/68 2497/213/68 2507/213/68 2506/223/68
f 2458/195/67 2498/225/67 2508/210/67 2462/195/67
f 2498/225/67 2499/227/67 2509/232/67 2508/210/67
f 2499/227/67 2500/228/67 2510/228/67 2509/232/67
f 2500/228/67 2501/230/67 2511/229/67 2510/228/67
f 2501/230/67 2502/211/67 2512/211/67 2511/229/67
f 2451/212/64 2492/233/64 2512/211/64 2459/212/64
f 2492/233/64 2491/229/64 2511/229/64 2512/211/64
f 2491/229/64 2490/234/64 2510/228/64 2511/229/64
f 2490/234/64 2489/227/64 2509/232/64 2510/228/64
f 2489/227/64 2488/208/64 2508/210/64 2509/232/64
f 2525/218/64 2545/235/64 2492/233/64 2451/212/64
f 2545/235/64 2548/236/64 2491/229/64 2492/233/64
f 2548/236/64 2551/237/64 2490/234/64 2491/229/64
f 2551/237/64 2554/238/64 2489/227/64 2490/234/64
f 2554/238/64 2557/193/64 2488/208/64 2489/227/64
f 2606/200/65 2607/200/65 2688/200/65 2685/200/65
f 2645/203/64 2646/239/64 2725/239/64 2726/203/64
f 2658/240/67 2659/206/67 2740/206/67 2737/240/67
f 2608/201/66 2605/241/66 2686/241/66 2687/201/66
f 2619/242/63 2620/243/63 2699/243/63 2700/242/63
f 2660/207/68 2657/244/68 2738/244/68 2739/207/68
f 2605/241/64 2606/200/64 2685/200/64 2686/241/64
f 2671/245/63 2672/246/63 2751/246/63 2752/245/63
f 2618/247/65 2619/242/65 2700/242/65 2697/247/65
f 2657/244/64 2658/240/64 2737/240/64 2738/244/64
f 2453/214/64 2487/216/64 2507/213/64 2461/214/64
f 2487/216/64 2486/223/64 2506/223/64 2507/213/64
f 2486/223/64 2485/222/64 2505/222/64 2506/223/64
f 2485/222/64 2484/231/64 2504/231/64 2505/222/64
f 2484/231/64 2483/197/64 2503/199/64 2504/231/64
f 2513/218/63 2445/212/63 2472/215/63 2558/248/63
f 2558/248/63 2472/215/63 2471/229/63 2561/249/63
f 2561/249/63 2471/229/63 2470/228/63 2564/250/63
f 2564/250/63 2470/228/63 2469/227/63 2567/251/63
f 2567/251/63 2469/227/63 2468/194/63 2570/193/63
f 2466/223/63 2569/252/63 2572/253/63 2467/254/63
f 2569/252/63 2568/255/63 2571/256/63 2572/253/63
f 2568/255/63 2567/251/63 2570/193/63 2571/256/63
f 2465/222/63 2566/257/63 2569/252/63 2466/223/63
f 2566/257/63 2565/258/63 2568/255/63 2569/252/63
f 2565/258/63 2564/250/63 2567/251/63 2568/255/63
f 2464/231/63 2563/259/63 2566/257/63 2465/222/63
f 2563/259/63 2562/260/63 2565/258/63 2566/257/63
f 2562/260/63 2561/249/63 2564/250/63 2565/258/63
f 2463/219/63 2560/261/63 2563/259/63 2464/231/63
f 2560/261/63 2559/262/63 2562/260/63 2563/259/63
f 2559/262/63 2558/248/63 2561/249/63 2562/260/63
f 2443/198/63 2515/263/63 2560/261/63 2463/219/63
f 2515/263/63 2514/264/63 2559/262/63 2560/261/63
f 2514/264/63 2513/218/63 2558/248/63 2559/262/63
f 2486/223/64 2487/216/64 2555/265/64 2552/252/64
f 2552/252/64 2555/265/64 2556/266/64 2553/267/64
f 2553/267/64 2556/266/64 2557/193/64 2554/238/64
f 2485/222/64 2486/223/64 2552/252/64 2549/268/64
f 2549/268/64 2552/252/64 2553/267/64 2550/269/64
f 2550/269/64 2553/267/64 2554/238/64 2551/237/64
f 2484/231/64 2485/222/64 2549/268/64 2546/259/64
f 2546/259/64 2549/268/64 2550/269/64 2547/260/64
f 2547/260/64 2550/269/64 2551/237/64 2548/236/64
f 2483/197/64 2484/231/64 2546/259/64 2543/270/64
f 2543/270/64 2546/259/64 2547/260/64 2544/271/64
f 2544/271/64 2547/260/64 2548/236/64 2545/235/64
f 2452/198/64 2483/197/64 2543/270/64 2527/209/64
f 2527/209/64 2543/270/64 2544/271/64 2526/264/64
f 2526/264/64 2544/271/64 2545/235/64 2525/218/64
f 2452/198/64 2527/209/64 2539/209/64 2460/198/64
f 2527/209/64 2526/264/64 2538/264/64 2539/209/64
f 2526/264/64 2525/218/64 2537/218/64 2538/264/64
f 2454/195/64 2530/196/64 2542/196/64 2462/195/64
f 2530/196/64 2529/272/64 2541/272/64 2542/196/64
f 2529/272/64 2528/217/64 2540/217/64 2541/272/64
f 2455/212/65 2531/218/65 2537/218/65 2459/212/65
f 2531/218/65 2532/264/65 2538/264/65 2537/218/65
f 2532/264/65 2533/209/65 2539/209/65 2538/264/65
f 2457/214/66 2534/217/66 2540/217/66 2461/214/66
f 2534/217/66 2535/272/66 2541/272/66 2540/217/66
f 2535/272/66 2536/196/66 2542/196/66 2541/272/66
f 2449/214/63 2522/217/63 2534/217/63 2457/214/63
f 2522/217/63 2523/272/63 2535/272/63 2534/217/63
f 2523/272/63 2524/196/63 2536/196/63 2535/272/63
f 2447/212/63 2519/218/63 2531/218/63 2455/212/63
f 2519/218/63 2520/264/63 2532/264/63 2531/218/63
f 2520/264/63 2521/209/63 2533/209/63 2532/264/63
f 2487/216/64 2453/214/64 2528/217/64 2555/265/64
f 2555/265/64 2528/217/64 2529/272/64 2556/266/64
f 2556/266/64 2529/272/64 2530/196/64 2557/193/64
f 2670/245/68 2671/245/68 2752/245/68 2749/245/68
f 2620/243/66 2617/273/66 2698/273/66 2699/243/66
f 2631/274/63 2632/275/63 2711/275/63 2712/274/63
f 2672/246/67 2669/276/67 2750/276/67 2751/246/67
f 2617/273/64 2618/247/64 2697/247/64 2698/273/64
f 2630/277/66 2631/274/66 2712/274/66 2709/277/66
f 2467/254/63 2572/253/63 2516/217/63 2444/214/63
f 2572/253/63 2571/256/63 2517/272/63 2516/217/63
f 2571/256/63 2570/193/63 2518/196/63 2517/272/63
f 2517/272/66 2518/196/66 2592/196/66 2591/272/66
f 2516/217/66 2517/272/66 2591/272/66 2590/217/66
f 2444/214/66 2516/217/66 2590/217/66 2574/214/66
f 2514/264/65 2515/263/65 2589/263/65 2588/278/65
f 2513/218/65 2514/264/65 2588/278/65 2587/218/65
f 2445/212/65 2513/218/65 2587/218/65 2576/212/65
f 2471/229/67 2472/215/67 2586/215/67 2585/229/67
f 2470/228/67 2471/229/67 2585/229/67 2584/228/67
f 2469/227/67 2470/228/67 2584/228/67 2583/227/67
f 2468/194/67 2469/227/67 2583/227/67 2582/194/67
f 2446/195/67 2468/194/67 2582/194/67 2573/195/67
f 2466/223/68 2467/254/68 2581/216/68 2580/223/68
f 2465/222/68 2466/223/68 2580/223/68 2579/222/68
f 2464/231/68 2465/222/68 2579/222/68 2578/231/68
f 2463/219/68 2464/231/68 2578/231/68 2577/219/68
f 2443/198/68 2463/219/68 2577/219/68 2575/198/68
f 2467/254/68 2444/214/68 2574/214/68 2581/216/68
f 2472/215/67 2445/212/67 2576/212/67 2586/215/67
f 2515/263/65 2443/198/65 2575/198/65 2589/263/65
f 2518/196/66 2446/195/66 2573/195/66 2592/196/66
f 2592/196/66 2573/195/66 2594/205/66 2593/204/66
f 2573/195/66 2450/195/66 2595/279/66 2594/205/66
f 2450/195/66 2524/196/66 2596/280/66 2595/279/66
f 2524/196/66 2592/196/66 2593/204/66 2596/280/66
f 2589/263/65 2575/198/65 2598/281/65 2597/282/65
f 2575/198/65 2448/198/65 2599/283/65 2598/281/65
f 2448/198/65 2521/209/65 2600/284/65 2599/283/65
f 2521/209/65 2589/263/65 2597/282/65 2600/284/65
f 2586/215/67 2576/212/67 2602/285/67 2601/286/67
f 2576/212/67 2447/212/67 2603/285/67 2602/285/67
f 2447/212/67 2482/215/67 2604/286/67 2603/285/67
f 2482/215/67 2586/215/67 2601/286/67 2604/286/67
f 2581/216/68 2574/214/68 2606/200/68 2605/241/68
f 2574/214/68 2449/214/68 2607/200/68 2606/200/68
f 2449/214/68 2477/216/68 2608/201/68 2607/200/68
f 2477/216/68 2581/216/68 2605/241/68 2608/201/68
f 2575/198/68 2577/219/68 2610/287/68 2609/288/68
f 2577/219/68 2473/199/68 2611/289/68 2610/287/68
f 2473/199/68 2448/198/68 2612/290/68 2611/289/68
f 2448/198/68 2575/198/68 2609/288/68 2612/290/68
f 2577/219/68 2578/231/68 2614/291/68 2613/292/68
f 2578/231/68 2474/220/68 2615/293/68 2614/291/68
f 2474/220/68 2473/199/68 2616/294/68 2615/293/68
f 2473/199/68 2577/219/68 2613/292/68 2616/294/68
f 2578/231/68 2579/222/68 2618/247/68 2617/273/68
f 2579/222/68 2475/222/68 2619/242/68 2618/247/68
f 2475/222/68 2474/220/68 2620/243/68 2619/242/68
f 2474/220/68 2578/231/68 2617/273/68 2620/243/68
f 2579/222/68 2580/223/68 2622/295/68 2621/296/68
f 2580/223/68 2476/223/68 2623/297/68 2622/295/68
f 2476/223/68 2475/222/68 2624/298/68 2623/297/68
f 2475/222/68 2579/222/68 2621/296/68 2624/298/68
f 2580/223/68 2581/216/68 2626/299/68 2625/300/68
f 2581/216/68 2477/216/68 2627/301/68 2626/299/68
f 2477/216/68 2476/223/68 2628/302/68 2627/301/68
f 2476/223/68 2580/223/68 2625/300/68 2628/302/68
f 2573/195/67 2582/194/67 2630/277/67 2629/303/67
f 2582/194/67 2478/194/67 2631/274/67 2630/277/67
f 2478/194/67 2450/195/67 2632/275/67 2631/274/67
f 2450/195/67 2573/195/67 2629/303/67 2632/275/67
f 2582/194/67 2583/227/67 2634/304/67 2633/305/67
f 2583/227/67 2479/226/67 2635/306/67 2634/304/67
f 2479/226/67 2478/194/67 2636/307/67 2635/306/67
f 2478/194/67 2582/194/67 2633/305/67 2636/307/67
f 2583/227/67 2584/228/67 2638/308/67 2637/309/67
f 2584/228/67 2480/228/67 2639/310/67 2638/308/67
f 2480/228/67 2479/226/67 2640/311/67 2639/310/67
f 2479/226/67 2583/227/67 2637/309/67 2640/311/67
f 2584/228/67 2585/229/67 2642/312/67 2641/313/67
f 2585/229/67 2481/229/67 2643/314/67 2642/312/67
f 2481/229/67 2480/228/67 2644/315/67 2643/314/67
f 2480/228/67 2584/228/67 2641/313/67 2644/315/67
f 2585/229/67 2586/215/67 2646/239/67 2645/203/67
f 2586/215/67 2482/215/67 2647/316/67 2646/239/67
f 2482/215/67 2481/229/67 2648/202/67 2647/316/67
f 2481/229/67 2585/229/67 2645/203/67 2648/202/67
f 2576/212/65 2587/218/65 2650/317/65 2649/318/65
f 2587/218/65 2519/218/65 2651/317/65 2650/317/65
f 2519/218/65 2447/212/65 2652/318/65 2651/317/65
f 2447/212/65 2576/212/65 2649/318/65 2652/318/65
f 2587/218/65 2588/278/65 2654/319/65 2653/320/65
f 2588/278/65 2520/264/65 2655/319/65 2654/319/65
f 2520/264/65 2519/218/65 2656/320/65 2655/319/65
f 2519/218/65 2587/218/65 2653/320/65 2656/320/65
f 2588/278/65 2589/263/65 2658/240/65 2657/244/65
f 2589/263/65 2521/209/65 2659/206/65 2658/240/65
f 2521/209/65 2520/264/65 2660/207/65 2659/206/65
f 2520/264/65 2588/278/65 2657/244/65 2660/207/65
f 2574/214/66 2590/217/66 2662/321/66 2661/322/66
f 2590/217/66 2522/217/66 2663/321/66 2662/321/66
f 2522/217/66 2449/214/66 2664/323/66 2663/321/66
f 2449/214/66 2574/214/66 2661/322/66 2664/323/66
f 2590/217/66 2591/272/66 2666/324/66 2665/325/66
f 2591/272/66 2523/272/66 2667/324/66 2666/324/66
f 2523/272/66 2522/217/66 2668/325/66 2667/324/66
f 2522/217/66 2590/217/66 2665/325/66 2668/325/66
f 2591/272/66 2592/196/66 2670/245/66 2669/276/66
f 2592/196/66 2524/196/66 2671/245/66 2670/245/66
f 2524/196/66 2523/272/66 2672/246/66 2671/245/66
f 2523/272/66 2591/272/66 2669/276/66 2672/246/66
f 2694/292/68 2693/291/68 2696/293/68 2695/294/68
f 2706/300/68 2705/299/68 2708/301/68 2707/302/68
f 2714/305/67 2713/304/67 2716/306/67 2715/307/67
f 2722/313/67 2721/312/67 2724/314/67 2723/315/67
f 2738/244/65 2737/240/65 2740/206/65 2739/207/65
f 2750/276/66 2749/245/66 2752/245/66 2751/246/66
f 2596/280/67 2593/204/67 2674/204/67 2675/280/67
f 2646/239/66 2647/316/66 2728/316/66 2725/239/66
f 2633/305/64 2634/304/64 2713/304/64 2714/305/64
f 2594/205/68 2595/279/68 2676/279/68 2673/205/68
f 2647/316/63 2648/202/63 2727/202/63 2728/316/63
f 2636/307/65 2633/305/65 2714/305/65 2715/307/65
f 2595/279/63 2596/280/63 2675/280/63 2676/279/63
f 2634/304/66 2635/306/66 2716/306/66 2713/304/66
f 2621/296/64 2622/295/64 2701/295/64 2702/296/64
f 2635/306/63 2636/307/63 2715/307/63 2716/306/63
f 2624/298/66 2621/296/66 2702/296/66 2703/298/66
f 2661/322/64 2662/321/64 2741/321/64 2742/322/64
f 2622/295/65 2623/297/65 2704/297/65 2701/295/65
f 2609/288/64 2610/287/64 2689/287/64 2690/288/64
f 2664/323/67 2661/322/67 2742/322/67 2743/323/67
f 2623/297/63 2624/298/63 2703/298/63 2704/297/63
f 2612/290/66 2609/288/66 2690/288/66 2691/290/66
f 2662/321/68 2663/321/68 2744/321/68 2741/321/68
f 2649/318/64 2650/317/64 2729/317/64 2730/318/64
f 2610/287/65 2611/289/65 2692/289/65 2689/287/65
f 2663/321/63 2664/323/63 2743/323/63 2744/321/63
f 2597/282/64 2598/281/64 2677/281/64 2678/282/64
f 2652/318/68 2649/318/68 2730/318/68 2731/318/68
f 2611/289/63 2612/290/63 2691/290/63 2692/289/63
f 2600/284/68 2597/282/68 2678/282/68 2679/284/68
f 2650/317/67 2651/317/67 2732/317/67 2729/317/67
f 2637/309/64 2638/308/64 2717/308/64 2718/309/64
f 2598/281/67 2599/283/67 2680/283/67 2677/281/67
f 2651/317/63 2652/318/63 2731/318/63 2732/317/63
f 2640/311/65 2637/309/65 2718/309/65 2719/311/65
f 2599/283/63 2600/284/63 2679/284/63 2680/283/63
f 2638/308/66 2639/310/66 2720/310/66 2717/308/66
f 2625/300/64 2626/299/64 2705/299/64 2706/300/64
f 2639/310/63 2640/311/63 2719/311/63 2720/310/63
f 2628/302/66 2625/300/66 2706/300/66 2707/302/66
f 2665/325/64 2666/324/64 2745/324/64 2746/325/64
f 2626/299/65 2627/301/65 2708/301/65 2705/299/65
f 2613/292/64 2614/291/64 2693/291/64 2694/292/64
f 2668/325/67 2665/325/67 2746/325/67 2747/325/67
f 2627/301/63 2628/302/63 2707/302/63 2708/301/63
f 2616/294/66 2613/292/66 2694/292/66 2695/294/66
f 2666/324/68 2667/324/68 2748/324/68 2745/324/68
f 2653/320/64 2654/319/64 2733/319/64 2734/320/64
f 2614/291/65 2615/293/65 2696/293/65 2693/291/65
f 2667/324/63 2668/325/63 2747/325/63 2748/324/63
f 2601/286/64 2602/285/64 2681/285/64 2682/286/64
f 2656/320/68 2653/320/68 2734/320/68 2735/320/68
f 2615/293/63 2616/294/63 2695/294/63 2696/293/63
f 2604/286/65 2601/286/65 2682/286/65 2683/286/65
f 2654/319/67 2655/319/67 2736/319/67 2733/319/67
f 2641/313/64 2642/312/64 2721/312/64 2722/313/64
f 2602/285/66 2603/285/66 2684/285/66 2681/285/66
f 2655/319/63 2656/320/63 2735/320/63 2736/319/63
f 2644/315/65 2641/313/65 2722/313/65 2723/315/65
f 2603/285/63 2604/286/63 2683/286/63 2684/285/63
f 2642/312/66 2643/314/66 2724/314/66 2721/312/66
f 2629/303/64 2630/277/64 2709/277/64 2710/303/64
f 2643/314/63 2644/315/63 2723/315/63 2724/314/63
f 2632/275/65 2629/303/65 2710/303/65 2711/275/65
f 2669/276/64 2670/245/64 2749/245/64 2750/276/64
usemtl 1H_windows
f 504/204/66 503/205/66 506/279/66 505/280/66
f 508/282/65 507/281/65 510/283/65 509/284/65
f 512/286/67 511/285/67 514/285/67 513/286/67
f 516/241/68 515/200/68 518/200/68 517/201/68
f 520/288/68 519/287/68 522/289/68 521/290/68
f 528/273/68 527/247/68 530/242/68 529/243/68
f 532/296/68 531/295/68 534/297/68 533/298/68
f 540/303/67 539/277/67 542/274/67 541/275/67
f 548/309/67 547/308/67 550/310/67 549/311/67
f 556/203/67 555/239/67 558/316/67 557/202/67
f 560/318/65 559/317/65 562/317/65 561/318/65
f 564/320/65 563/319/65 566/319/65 565/320/65
f 572/322/66 571/321/66 574/321/66 573/323/66
f 576/325/66 575/324/66 578/324/66 577/325/66
f 814/204/66 813/205/66 816/279/66 815/280/66
f 818/282/65 817/281/65 820/283/65 819/284/65
f 822/286/67 821/285/67 824/285/67 823/286/67
f 826/241/68 825/200/68 828/200/68 827/201/68
f 830/288/68 829/287/68 832/289/68 831/290/68
f 838/273/68 837/247/68 840/242/68 839/243/68
f 842/296/68 841/295/68 844/297/68 843/298/68
f 850/303/67 849/277/67 852/274/67 851/275/67
f 858/309/67 857/308/67 860/310/67 859/311/67
f 866/203/67 865/239/67 868/316/67 867/202/67
f 870/318/65 869/317/65 872/317/65 871/318/65
f 874/320/65 873/319/65 876/319/65 875/320/65
f 882/322/66 881/321/66 884/321/66 883/323/66
f 886/325/66 885/324/66 888/324/66 887/325/66
f 1124/204/66 1123/205/66 1126/279/66 1125/280/66
f 1128/282/65 1127/281/65 1130/283/65 1129/284/65
f 1132/286/67 1131/285/67 1134/285/67 1133/286/67
f 1136/241/68 1135/200/68 1138/200/68 1137/201/68
f 1140/288/68 1139/287/68 1142/289/68 1141/290/68
f 1148/273/68 1147/247/68 1150/242/68 1149/243/68
f 1152/296/68 1151/295/68 1154/297/68 1153/298/68
f 1160/303/67 1159/277/67 1162/274/67 1161/275/67
f 1168/309/67 1167/308/67 1170/310/67 1169/311/67
f 1176/203/67 1175/239/67 1178/316/67 1177/202/67
f 1180/318/65 1179/317/65 1182/317/65 1181/318/65
f 1184/320/65 1183/319/65 1186/319/65 1185/320/65
f 1192/322/66 1191/321/66 1194/321/66 1193/323/66
f 1196/325/66 1195/324/66 1198/324/66 1197/325/66
f 1434/204/66 1433/205/66 1436/279/66 1435/280/66
f 1438/282/65 1437/281/65 1440/283/65 1439/284/65
f 1442/286/67 1441/285/67 1444/285/67 1443/286/67
f 1446/241/68 1445/200/68 1448/200/68 1447/201/68
f 1450/288/68 1449/287/68 1452/289/68 1451/290/68
f 1458/273/68 1457/247/68 1460/242/68 1459/243/68
f 1462/296/68 1461/295/68 1464/297/68 1463/298/68
f 1470/303/67 1469/277/67 1472/274/67 1471/275/67
f 1478/309/67 1477/308/67 1480/310/67 1479/311/67
f 1486/203/67 1485/239/67 1488/316/67 1487/202/67
f 1490/318/65 1489/317/65 1492/317/65 1491/318/65
f 1494/320/65 1493/319/65 1496/319/65 1495/320/65
f 1502/322/66 1501/321/66 1504/321/66 1503/323/66
f 1506/325/66 1505/324/66 1508/324/66 1507/325/66
f 1744/204/66 1743/205/66 1746/279/66 1745/280/66
f 1748/282/65 1747/281/65 1750/283/65 1749/284/65
f 1752/286/67 1751/285/67 1754/285/67 1753/286/67
f 1756/241/68 1755/200/68 1758/200/68 1757/201/68
f 1760/288/68 1759/287/68 1762/289/68 1761/290/68
f 1768/273/68 1767/247/68 1770/242/68 1769/243/68
f 1772/296/68 1771/295/68 1774/297/68 1773/298/68
f 1780/303/67 1779/277/67 1782/274/67 1781/275/67
f 1788/309/67 1787/308/67 1790/310/67 1789/311/67
f 1796/203/67 1795/239/67 1798/316/67 1797/202/67
f 1800/318/65 1799/317/65 1802/317/65 1801/318/65
f 1804/320/65 1803/319/65 1806/319/65 1805/320/65
f 1812/322/66 1811/321/66 1814/321/66 1813/323/66
f 1816/325/66 1815/324/66 1818/324/66 1817/325/66
f 2054/204/66 2053/205/66 2056/279/66 2055/280/66
f 2058/282/65 2057/281/65 2060/283/65 2059/284/65
f 2062/286/67 2061/285/67 2064/285/67 2063/286/67
f 2066/241/68 2065/200/68 2068/200/68 2067/201/68
f 2070/288/68 2069/287/68 2072/289/68 2071/290/68
f 2078/273/68 2077/247/68 2080/242/68 2079/243/68
f 2082/296/68 2081/295/68 2084/297/68 2083/298/68
f 2090/303/67 2089/277/67 2092/274/67 2091/275/67
f 2098/309/67 2097/308/67 2100/310/67 2099/311/67
f 2106/203/67 2105/239/67 2108/316/67 2107/202/67
f 2110/318/65 2109/317/65 2112/317/65 2111/318/65
f 2114/320/65 2113/319/65 2116/319/65 2115/320/65
f 2122/322/66 2121/321/66 2124/321/66 2123/323/66
f 2126/325/66 2125/324/66 2128/324/66 2127/325/66
f 2364/204/66 2363/205/66 2366/279/66 2365/280/66
f 2368/282/65 2367/281/65 2370/283/65 2369/284/65
f 2372/286/67 2371/285/67 2374/285/67 2373/286/67
f 2376/241/68 2375/200/68 2378/200/68 2377/201/68
f 2380/288/68 2379/287/68 2382/289/68 2381/290/68
f 2388/273/68 2387/247/68 2390/242/68 2389/243/68
f 2392/296/68 2391/295/68 2394/297/68 2393/298/68
f 2400/303/67 2399/277/67 2402/274/67 2401/275/67
f 2408/309/67 2407/308/67 2410/310/67 2409/311/67
f 2416/203/67 2415/239/67 2418/316/67 2417/202/67
f 2420/318/65 2419/317/65 2422/317/65 2421/318/65
f 2424/320/65 2423/319/65 2426/319/65 2425/320/65
f 2432/322/66 2431/321/66 2434/321/66 2433/323/66
f 2436/325/66 2435/324/66 2438/324/66 2437/325/66
f 2674/204/66 2673/205/66 2676/279/66 2675/280/66
f 2678/282/65 2677/281/65 2680/283/65 2679/284/65
f 2682/286/67 2681/285/67 2684/285/67 2683/286/67
f 2686/241/68 2685/200/68 2688/200/68 2687/201/68
f 2690/288/68 2689/287/68 2692/289/68 2691/290/68
f 2698/273/68 2697/247/68 2700/242/68 2699/243/68
f 2702/296/68 2701/295/68 2704/297/68 2703/298/68
f 2710/303/67 2709/277/67 2712/274/67 2711/275/67
f 2718/309/67 2717/308/67 2720/310/67 2719/311/67
f 2726/203/67 2725/239/67 2728/316/67 2727/202/67
f 2730/318/65 2729/317/65 2732/317/65 2731/318/65
f 2734/320/65 2733/319/65 2736/319/65 2735/320/65
f 2742/322/66 2741/321/66 2744/321/66 2743/323/66
f 2746/325/66 2745/324/66 2748/324/66 2747/325/66
o Plane.027
v -123.245895 0.234684 -58.939301
v -115.166458 0.234684 -58.939301
v -123.245895 0.234684 -65.055275
v -115.166458 0.234684 -65.055275
v -123.245895 1.533906 -65.055275
v -123.245895 1.533906 -58.939301
v -115.166458 1.533906 -58.939301
v -115.166458 1.533906 -65.055275
v -123.245895 1.893533 -65.055275
v -123.245895 1.893533 -58.939301
v -115.166458 1.893533 -58.939301
v -115.166458 1.893533 -65.055275
v -123.691948 1.533906 -65.392937
v -123.691948 1.533906 -58.601643
v -114.720406 1.533906 -58.601643
v -114.720406 1.533906 -65.392937
v -123.691948 1.893533 -65.392937
v -123.691948 1.893533 -58.601643
v -114.720406 1.893533 -58.601643
v -114.720406 1.893533 -65.392937
v -120.552750 0.234684 -58.939301
v -117.859604 0.234684 -58.939301
v -117.859604 0.234684 -65.055275
v -120.552750 0.234684 -65.055275
v -120.552750 1.533906 -58.939301
v -117.859604 1.533906 -58.939301
v -117.859604 1.533906 -65.055275
v -120.552750 1.533906 -65.055275
v -120.552750 1.893533 -58.939301
v -117.859604 1.893533 -58.939301
v -117.859604 1.893533 -65.055275
v -120.552750 1.893533 -65.055275
v -120.701431 1.533906 -58.601643
v -117.710922 1.533906 -58.601643
v -117.710922 1.533906 -65.392937
v -120.701431 1.533906 -65.392937
v -120.701431 1.893533 -58.601643
v -117.710922 1.893533 -58.601643
v -117.710922 1.893533 -65.392937
v -120.701431 1.893533 -65.392937
v -120.552750 0.234684 -59.131287
v -117.859604 0.234684 -59.131287
v -120.552750 1.533906 -59.131287
v -117.859604 1.533906 -59.131287
v -117.859604 0.234684 -64.962250
v -120.552750 0.234684 -64.962250
v -117.859604 1.533906 -64.962250
v -120.552750 1.533906 -64.962250
vn -0.0000 -1.0000 -0.0000
vn -0.0000 1.0000 -0.0000
vn -0.0000 -0.0000 -1.0000
vn -0.0000 -0.0000 1.0000
vn 1.0000 -0.0000 -0.0000
vn -1.0000 -0.0000 -0.0000
vt 0.666667 0.000000
vt 0.666667 1.000000
vt 1.000000 1.000000
vt 1.000000 0.000000
vt 0.666667 1.000000
vt 0.333333 1.000000
vt 0.000000 1.000000
vt 0.000000 0.000000
vt 0.666667 0.000000
vt 0.333333 0.000000
vt 0.333333 0.000000
s 0
usemtl 1H_floor_1
f 2774/326/69 2775/327/69 2756/328/69 2754/329/69
f 2783/327/70 2764/328/70 2772/328/70 2791/330/70
f 2776/331/71 2755/332/71 2757/332/71 2780/331/71
f 2774/326/72 2754/329/72 2759/329/72 2778/326/72
f 2754/329/73 2756/328/73 2760/328/73 2759/329/73
f 2755/332/74 2753/333/74 2758/333/74 2757/332/74
f 2782/334/70 2763/329/70 2764/328/70 2783/327/70
f 2759/329/69 2760/328/69 2768/328/69 2767/329/69
f 2762/333/70 2761/332/70 2769/332/70 2770/333/70
f 2764/328/70 2763/329/70 2771/329/70 2772/328/70
f 2767/329/73 2768/328/73 2772/328/73 2771/329/73
f 2765/332/74 2766/333/74 2770/333/74 2769/332/74
f 2788/331/71 2765/332/71 2769/332/71 2792/331/71
f 2786/334/72 2767/329/72 2771/329/72 2790/326/72
f 2757/332/69 2758/333/69 2766/333/69 2765/332/69
f 2781/335/70 2762/333/70 2770/333/70 2789/336/70
f 2780/331/69 2757/332/69 2765/332/69 2788/331/69
f 2778/326/69 2759/329/69 2767/329/69 2786/334/69
f 2758/333/69 2777/336/69 2785/335/69 2766/333/69
f 2777/336/69 2778/326/69 2786/334/69 2785/335/69
f 2760/328/69 2779/327/69 2787/327/69 2768/328/69
f 2779/327/69 2780/331/69 2788/331/69 2787/327/69
f 2763/329/70 2782/334/70 2790/326/70 2771/329/70
f 2782/334/70 2781/335/70 2789/336/70 2790/326/70
f 2766/333/72 2785/335/72 2789/336/72 2770/333/72
f 2785/335/72 2786/334/72 2790/326/72 2789/336/72
f 2768/328/71 2787/327/71 2791/330/71 2772/328/71
f 2787/327/71 2788/331/71 2792/331/71 2791/330/71
f 2762/333/70 2781/335/70 2784/331/70 2761/332/70
f 2781/335/70 2782/334/70 2783/327/70 2784/331/70
f 2753/333/72 2773/336/72 2777/336/72 2758/333/72
f 2773/336/70 2774/326/70 2794/326/70 2793/336/70
f 2756/328/71 2775/327/71 2779/327/71 2760/328/71
f 2779/327/74 2775/327/74 2797/327/74 2799/327/74
f 2761/332/70 2784/331/70 2792/331/70 2769/332/70
f 2784/331/70 2783/327/70 2791/330/70 2792/331/70
f 2753/333/69 2755/332/69 2776/331/69 2773/336/69
f 2773/336/69 2776/331/69 2775/327/69 2774/326/69
f 2793/336/72 2794/326/72 2796/326/72 2795/336/72
f 2777/336/73 2773/336/73 2793/336/73 2795/336/73
f 2774/326/74 2778/326/74 2796/326/74 2794/326/74
f 2778/326/69 2777/336/69 2795/336/69 2796/326/69
f 2797/327/71 2798/331/71 2800/331/71 2799/327/71
f 2776/331/73 2780/331/73 2800/331/73 2798/331/73
f 2780/331/69 2779/327/69 2799/327/69 2800/331/69
f 2775/327/70 2776/331/70 2798/331/70 2797/327/70
