# Blender 4.0.2
# www.blender.org
mtllib 2H.mtl
o Text.006
v -131.531265 14.662657 -45.309967
v -131.531265 14.662657 -47.661079
v -132.919785 14.662657 -47.661079
v -132.919785 14.662657 -45.309967
v -133.276001 14.662657 -45.309967
v -133.276001 14.662657 -50.708813
v -132.919785 14.662657 -50.708813
v -132.919785 14.662657 -48.357704
v -131.531265 14.662657 -48.357704
v -131.531265 14.662657 -50.708813
v -131.175049 14.662657 -50.708813
v -131.175049 14.662657 -45.309967
v -135.242477 14.662657 -45.309967
v -135.242477 14.662657 -45.365379
v -135.172287 14.662657 -45.550652
v -135.098648 14.662657 -45.745213
v -135.022507 14.662657 -45.947468
v -134.944809 14.662657 -46.155827
v -134.866516 14.662657 -46.368694
v -134.788574 14.662657 -46.584476
v -134.711899 14.662657 -46.801575
v -134.637466 14.662657 -47.018398
v -134.566208 14.662657 -47.233356
v -134.499084 14.662657 -47.444847
v -134.437042 14.662657 -47.651283
v -134.381012 14.662657 -47.851067
v -134.353134 14.662657 -47.956654
v -134.327698 14.662657 -48.056519
v -134.304672 14.662657 -48.151882
v -134.284073 14.662657 -48.243942
v -134.265900 14.662657 -48.333916
v -134.250153 14.662657 -48.423012
v -134.236816 14.662657 -48.512436
v -134.225922 14.662657 -48.603397
v -134.217438 14.662657 -48.697109
v -134.211380 14.662657 -48.794781
v -134.207748 14.662657 -48.897617
v -134.206528 14.662657 -49.006832
v -134.210251 14.662657 -49.151489
v -134.221115 14.662657 -49.288040
v -134.238739 14.662657 -49.415627
v -134.262665 14.662657 -49.533405
v -134.292511 14.662657 -49.640514
v -134.327850 14.662657 -49.736111
v -134.368256 14.662657 -49.819336
v -134.413315 14.662657 -49.889339
v -134.462616 14.662657 -49.945271
v -134.515747 14.662657 -49.986275
v -134.572281 14.662657 -50.011505
v -134.631805 14.662657 -50.020103
v -134.676422 14.662657 -50.016357
v -134.721237 14.662657 -50.004639
v -134.766296 14.662657 -49.984234
v -134.811676 14.662657 -49.954430
v -134.857391 14.662657 -49.914509
v -134.903519 14.662657 -49.863758
v -134.950104 14.662657 -49.801464
v -134.997192 14.662657 -49.726913
v -135.044830 14.662657 -49.639385
v -135.093079 14.662657 -49.538170
v -135.141968 14.662657 -49.422550
v -135.191589 14.662657 -49.291813
v -135.191589 14.662657 -50.265507
v -135.141891 14.662657 -50.348801
v -135.092697 14.662657 -50.424564
v -135.043915 14.662657 -50.492851
v -134.995438 14.662657 -50.553715
v -134.947159 14.662657 -50.607212
v -134.898972 14.662657 -50.653400
v -134.850800 14.662657 -50.692329
v -134.802521 14.662657 -50.724060
v -134.754028 14.662657 -50.748642
v -134.705246 14.662657 -50.766132
v -134.656067 14.662657 -50.776588
v -134.606369 14.662657 -50.780060
v -134.497574 14.662657 -50.765930
v -134.395126 14.662657 -50.724426
v -134.299622 14.662657 -50.656864
v -134.211655 14.662657 -50.564564
v -134.131805 14.662657 -50.448845
v -134.060684 14.662657 -50.311024
v -133.998871 14.662657 -50.152428
v -133.946976 14.662657 -49.974365
v -133.905579 14.662657 -49.778164
v -133.875275 14.662657 -49.565144
v -133.856659 14.662657 -49.336617
v -133.850311 14.662657 -49.093910
v -133.854919 14.662657 -48.876717
v -133.869034 14.662657 -48.662552
v -133.893021 14.662657 -48.448494
v -133.927322 14.662657 -48.231628
v -133.972321 14.662657 -48.009052
v -134.028427 14.662657 -47.777840
v -134.096039 14.662657 -47.535088
v -134.175568 14.662657 -47.277874
v -134.267410 14.662657 -47.003292
v -134.371979 14.662657 -46.708424
v -134.489685 14.662657 -46.390354
v -134.620911 14.662657 -46.046173
v -133.672211 14.662657 -46.046173
v -133.672211 14.662657 -45.309967
v -131.531265 14.176363 -45.309967
v -131.531265 14.176363 -47.661079
v -132.919785 14.176363 -47.661079
v -132.919785 14.176363 -45.309967
v -133.276001 14.176363 -45.309967
v -133.276001 14.176363 -50.708813
v -132.919785 14.176363 -50.708813
v -132.919785 14.176363 -48.357704
v -131.531265 14.176363 -48.357704
v -131.531265 14.176363 -50.708813
v -131.175049 14.176363 -50.708813
v -131.175049 14.176363 -45.309967
v -135.242477 14.176363 -45.309967
v -135.242477 14.176363 -45.365379
v -135.172287 14.176363 -45.550652
v -135.098648 14.176363 -45.745213
v -135.022507 14.176363 -45.947468
v -134.944809 14.176363 -46.155827
v -134.866516 14.176363 -46.368694
v -134.788574 14.176363 -46.584476
v -134.711899 14.176363 -46.801575
v -134.637466 14.176363 -47.018398
v -134.566208 14.176363 -47.233356
v -134.499084 14.176363 -47.444847
v -134.437042 14.176363 -47.651283
v -134.381012 14.176363 -47.851067
v -134.353134 14.176363 -47.956654
v -134.327698 14.176363 -48.056519
v -134.304672 14.176363 -48.151882
v -134.284073 14.176363 -48.243942
v -134.265900 14.176363 -48.333916
v -134.250153 14.176363 -48.423012
v -134.236816 14.176363 -48.512436
v -134.225922 14.176363 -48.603397
v -134.217438 14.176363 -48.697109
v -134.211380 14.176363 -48.794781
v -134.207748 14.176363 -48.897617
v -134.206528 14.176363 -49.006832
v -134.210251 14.176363 -49.151489
v -134.221115 14.176363 -49.288040
v -134.238739 14.176363 -49.415627
v -134.262665 14.176363 -49.533405
v -134.292511 14.176363 -49.640514
v -134.327850 14.176363 -49.736111
v -134.368256 14.176363 -49.819336
v -134.413315 14.176363 -49.889339
v -134.462616 14.176363 -49.945271
v -134.515747 14.176363 -49.986275
v -134.572281 14.176363 -50.011505
v -134.631805 14.176363 -50.020103
v -134.676422 14.176363 -50.016357
v -134.721237 14.176363 -50.004639
v -134.766296 14.176363 -49.984234
v -134.811676 14.176363 -49.954430
v -134.857391 14.176363 -49.914509
v -134.903519 14.176363 -49.863758
v -134.950104 14.176363 -49.801464
v -134.997192 14.176363 -49.726913
v -135.044830 14.176363 -49.639385
v -135.093079 14.176363 -49.538170
v -135.141968 14.176363 -49.422550
v -135.191589 14.176363 -49.291813
v -135.191589 14.176363 -50.265507
v -135.141891 14.176363 -50.348801
v -135.092697 14.176363 -50.424564
v -135.043915 14.176363 -50.492851
v -134.995438 14.176363 -50.553715
v -134.947159 14.176363 -50.607212
v -134.898972 14.176363 -50.653400
v -134.850800 14.176363 -50.692329
v -134.802521 14.176363 -50.724060
v -134.754028 14.176363 -50.748642
v -134.705246 14.176363 -50.766132
v -134.656067 14.176363 -50.776588
v -134.606369 14.176363 -50.780060
v -134.497574 14.176363 -50.765930
v -134.395126 14.176363 -50.724426
v -134.299622 14.176363 -50.656864
v -134.211655 14.176363 -50.564564
v -134.131805 14.176363 -50.448845
v -134.060684 14.176363 -50.311024
v -133.998871 14.176363 -50.152428
v -133.946976 14.176363 -49.974365
v -133.905579 14.176363 -49.778164
v -133.875275 14.176363 -49.565144
v -133.856659 14.176363 -49.336617
v -133.850311 14.176363 -49.093910
v -133.854919 14.176363 -48.876717
v -133.869034 14.176363 -48.662552
v -133.893021 14.176363 -48.448494
v -133.927322 14.176363 -48.231628
v -133.972321 14.176363 -48.009052
v -134.028427 14.176363 -47.777840
v -134.096039 14.176363 -47.535088
v -134.175568 14.176363 -47.277874
v -134.267410 14.176363 -47.003292
v -134.371979 14.176363 -46.708424
v -134.489685 14.176363 -46.390354
v -134.620911 14.176363 -46.046173
v -133.672211 14.176363 -46.046173
v -133.672211 14.176363 -45.309967
v -135.242477 14.176363 -45.309967
v -135.242477 14.662657 -45.309967
v -135.242477 14.176363 -45.365379
v -135.242477 14.662657 -45.365379
v -135.172287 14.176363 -45.550652
v -135.172287 14.662657 -45.550652
v -135.098648 14.176363 -45.745213
v -135.098648 14.662657 -45.745213
v -135.022507 14.176363 -45.947468
v -135.022507 14.662657 -45.947468
v -134.944809 14.176363 -46.155827
v -134.944809 14.662657 -46.155827
v -134.866516 14.176363 -46.368694
v -134.866516 14.662657 -46.368694
v -134.788574 14.176363 -46.584476
v -134.788574 14.662657 -46.584476
v -134.711899 14.176363 -46.801575
v -134.711899 14.662657 -46.801575
v -134.637466 14.176363 -47.018398
v -134.637466 14.662657 -47.018398
v -134.566208 14.176363 -47.233356
v -134.566208 14.662657 -47.233356
v -134.499084 14.176363 -47.444847
v -134.499084 14.662657 -47.444847
v -134.437042 14.176363 -47.651283
v -134.437042 14.662657 -47.651283
v -134.381012 14.176363 -47.851067
v -134.381012 14.662657 -47.851067
v -134.353134 14.176363 -47.956654
v -134.353134 14.662657 -47.956654
v -134.327698 14.176363 -48.056519
v -134.327698 14.662657 -48.056519
v -134.304672 14.176363 -48.151882
v -134.304672 14.662657 -48.151882
v -134.284073 14.176363 -48.243942
v -134.284073 14.662657 -48.243942
v -134.265900 14.176363 -48.333916
v -134.265900 14.662657 -48.333916
v -134.250153 14.176363 -48.423012
v -134.250153 14.662657 -48.423012
v -134.236816 14.176363 -48.512436
v -134.236816 14.662657 -48.512436
v -134.225922 14.176363 -48.603397
v -134.225922 14.662657 -48.603397
v -134.217438 14.176363 -48.697109
v -134.217438 14.662657 -48.697109
v -134.211380 14.176363 -48.794781
v -134.211380 14.662657 -48.794781
v -134.207748 14.176363 -48.897617
v -134.207748 14.662657 -48.897617
v -134.206528 14.176363 -49.006832
v -134.206528 14.662657 -49.006832
v -134.210251 14.176363 -49.151489
v -134.210251 14.662657 -49.151489
v -134.221115 14.176363 -49.288040
v -134.221115 14.662657 -49.288040
v -134.238739 14.176363 -49.415627
v -134.238739 14.662657 -49.415627
v -134.262665 14.176363 -49.533405
v -134.262665 14.662657 -49.533405
v -134.292511 14.176363 -49.640514
v -134.292511 14.662657 -49.640514
v -134.327850 14.176363 -49.736111
v -134.327850 14.662657 -49.736111
v -134.368256 14.176363 -49.819336
v -134.368256 14.662657 -49.819336
v -134.413315 14.176363 -49.889339
v -134.413315 14.662657 -49.889339
v -134.462616 14.176363 -49.945271
v -134.462616 14.662657 -49.945271
v -134.515747 14.176363 -49.986275
v -134.515747 14.662657 -49.986275
v -134.572281 14.176363 -50.011505
v -134.572281 14.662657 -50.011505
v -134.631805 14.176363 -50.020103
v -134.631805 14.662657 -50.020103
v -134.676422 14.176363 -50.016357
v -134.676422 14.662657 -50.016357
v -134.721237 14.176363 -50.004639
v -134.721237 14.662657 -50.004639
v -134.766296 14.176363 -49.984234
v -134.766296 14.662657 -49.984234
v -134.811676 14.176363 -49.954430
v -134.811676 14.662657 -49.954430
v -134.857391 14.176363 -49.914509
v -134.857391 14.662657 -49.914509
v -134.903519 14.176363 -49.863758
v -134.903519 14.662657 -49.863758
v -134.950104 14.176363 -49.801464
v -134.950104 14.662657 -49.801464
v -134.997192 14.176363 -49.726913
v -134.997192 14.662657 -49.726913
v -135.044830 14.176363 -49.639385
v -135.044830 14.662657 -49.639385
v -135.093079 14.176363 -49.538170
v -135.093079 14.662657 -49.538170
v -135.141968 14.176363 -49.422550
v -135.141968 14.662657 -49.422550
v -135.191589 14.176363 -49.291813
v -135.191589 14.662657 -49.291813
v -135.191589 14.176363 -50.265507
v -135.191589 14.662657 -50.265507
v -135.141891 14.176363 -50.348801
v -135.141891 14.662657 -50.348801
v -135.092697 14.176363 -50.424564
v -135.092697 14.662657 -50.424564
v -135.043915 14.176363 -50.492851
v -135.043915 14.662657 -50.492851
v -134.995438 14.176363 -50.553715
v -134.995438 14.662657 -50.553715
v -134.947159 14.176363 -50.607212
v -134.947159 14.662657 -50.607212
v -134.898972 14.176363 -50.653400
v -134.898972 14.662657 -50.653400
v -134.850800 14.176363 -50.692329
v -134.850800 14.662657 -50.692329
v -134.802521 14.176363 -50.724060
v -134.802521 14.662657 -50.724060
v -134.754028 14.176363 -50.748642
v -134.754028 14.662657 -50.748642
v -134.705246 14.176363 -50.766132
v -134.705246 14.662657 -50.766132
v -134.656067 14.176363 -50.776588
v -134.656067 14.662657 -50.776588
v -134.606369 14.176363 -50.780060
v -134.606369 14.662657 -50.780060
v -134.497574 14.176363 -50.765930
v -134.497574 14.662657 -50.765930
v -134.395126 14.176363 -50.724426
v -134.395126 14.662657 -50.724426
v -134.299622 14.176363 -50.656864
v -134.299622 14.662657 -50.656864
v -134.211655 14.176363 -50.564564
v -134.211655 14.662657 -50.564564
v -134.131805 14.176363 -50.448845
v -134.131805 14.662657 -50.448845
v -134.060684 14.176363 -50.311024
v -134.060684 14.662657 -50.311024
v -133.998871 14.176363 -50.152428
v -133.998871 14.662657 -50.152428
v -133.946976 14.176363 -49.974365
v -133.946976 14.662657 -49.974365
v -133.905579 14.176363 -49.778164
v -133.905579 14.662657 -49.778164
v -133.875275 14.176363 -49.565144
v -133.875275 14.662657 -49.565144
v -133.856659 14.176363 -49.336617
v -133.856659 14.662657 -49.336617
v -133.850311 14.176363 -49.093910
v -133.850311 14.662657 -49.093910
v -133.854919 14.176363 -48.876717
v -133.854919 14.662657 -48.876717
v -133.869034 14.176363 -48.662552
v -133.869034 14.662657 -48.662552
v -133.893021 14.176363 -48.448494
v -133.893021 14.662657 -48.448494
v -133.927322 14.176363 -48.231628
v -133.927322 14.662657 -48.231628
v -133.972321 14.176363 -48.009052
v -133.972321 14.662657 -48.009052
v -134.028427 14.176363 -47.777840
v -134.028427 14.662657 -47.777840
v -134.096039 14.176363 -47.535088
v -134.096039 14.662657 -47.535088
v -134.175568 14.176363 -47.277874
v -134.175568 14.662657 -47.277874
v -134.267410 14.176363 -47.003292
v -134.267410 14.662657 -47.003292
v -134.371979 14.176363 -46.708424
v -134.371979 14.662657 -46.708424
v -134.489685 14.176363 -46.390354
v -134.489685 14.662657 -46.390354
v -134.620911 14.176363 -46.046173
v -134.620911 14.662657 -46.046173
v -133.672211 14.176363 -46.046173
v -133.672211 14.662657 -46.046173
v -133.672211 14.176363 -45.309967
v -133.672211 14.662657 -45.309967
v -131.531265 14.176363 -45.309967
v -131.531265 14.662657 -45.309967
v -131.531265 14.176363 -47.661079
v -131.531265 14.662657 -47.661079
v -132.919785 14.176363 -47.661079
v -132.919785 14.662657 -47.661079
v -132.919785 14.176363 -45.309967
v -132.919785 14.662657 -45.309967
v -133.276001 14.176363 -45.309967
v -133.276001 14.662657 -45.309967
v -133.276001 14.176363 -50.708813
v -133.276001 14.662657 -50.708813
v -132.919785 14.176363 -50.708813
v -132.919785 14.662657 -50.708813
v -132.919785 14.176363 -48.357704
v -132.919785 14.662657 -48.357704
v -131.531265 14.176363 -48.357704
v -131.531265 14.662657 -48.357704
v -131.531265 14.176363 -50.708813
v -131.531265 14.662657 -50.708813
v -131.175049 14.176363 -50.708813
v -131.175049 14.662657 -50.708813
v -131.175049 14.176363 -45.309967
v -131.175049 14.662657 -45.309967
vn -0.0000 1.0000 -0.0000
vn -0.0000 -1.0000 -0.0000
vn -0.9088 -0.0000 0.4173
vn -0.9867 -0.0000 -0.1628
vn -0.9352 -0.0000 -0.3541
vn -0.9356 -0.0000 -0.3531
vn -0.9364 -0.0000 -0.3508
vn -0.9378 -0.0000 -0.3473
vn -0.9395 -0.0000 -0.3425
vn -0.9417 -0.0000 -0.3364
vn -0.9444 -0.0000 -0.3288
vn -0.9475 -0.0000 -0.3196
vn -0.9512 -0.0000 -0.3086
vn -0.9554 -0.0000 -0.2952
vn -0.9603 -0.0000 -0.2789
vn -0.9649 -0.0000 -0.2626
vn -0.9680 -0.0000 -0.2510
vn -0.9706 -0.0000 -0.2408
vn -0.9740 -0.0000 -0.2265
vn -0.9781 -0.0000 -0.2081
vn -0.9826 -0.0000 -0.1860
vn -0.9870 -0.0000 -0.1607
vn -0.9911 -0.0000 -0.1331
vn -0.9945 -0.0000 -0.1045
vn -0.9971 -0.0000 -0.0760
vn -0.9988 -0.0000 -0.0486
vn -0.9997 -0.0000 -0.0232
vn -1.0000 -0.0000 0.0073
vn -0.9986 -0.0000 0.0524
vn -0.9942 -0.0000 0.1078
vn -0.9859 -0.0000 0.1675
vn -0.9725 -0.0000 0.2331
vn -0.9519 -0.0000 0.3065
vn -0.9207 -0.0000 0.3903
vn -0.8733 -0.0000 0.4873
vn -0.8004 -0.0000 0.5995
vn -0.6878 -0.0000 0.7259
vn -0.5182 -0.0000 0.8553
vn -0.2820 -0.0000 0.9594
vn -0.0301 -0.0000 0.9995
vn 0.1700 -0.0000 0.9855
vn 0.3358 -0.0000 0.9419
vn 0.4844 -0.0000 0.8748
vn 0.6068 -0.0000 0.7949
vn 0.7015 -0.0000 0.7126
vn 0.7724 -0.0000 0.6352
vn 0.8245 -0.0000 0.5658
vn 0.8628 -0.0000 0.5055
vn 0.8911 -0.0000 0.4538
vn 0.9123 -0.0000 0.4096
vn 0.9283 -0.0000 0.3720
vn -0.6167 -0.0000 0.7872
vn -0.9754 -0.0000 -0.2205
vn -0.8491 -0.0000 -0.5283
vn -0.8266 -0.0000 -0.5627
vn -0.7985 -0.0000 -0.6020
vn -0.7631 -0.0000 -0.6463
vn -0.7183 -0.0000 -0.6958
vn -0.6617 -0.0000 -0.7498
vn -0.5906 -0.0000 -0.8070
vn -0.5027 -0.0000 -0.8645
vn -0.3968 -0.0000 -0.9179
vn -0.2743 -0.0000 -0.9617
vn -0.1397 -0.0000 -0.9902
vn 0.0299 -0.0000 -0.9996
vn 0.2575 -0.0000 -0.9663
vn 0.4844 -0.0000 -0.8748
vn 0.6579 -0.0000 -0.7531
vn 0.7788 -0.0000 -0.6273
vn 0.8593 -0.0000 -0.5114
vn 0.9124 -0.0000 -0.4093
vn 0.9473 -0.0000 -0.3203
vn 0.9702 -0.0000 -0.2423
vn 0.9849 -0.0000 -0.1731
vn 0.9939 -0.0000 -0.1107
vn 0.9986 -0.0000 -0.0535
vn 1.0000 -0.0000 -0.0024
vn 0.9991 -0.0000 0.0434
vn 0.9961 -0.0000 0.0884
vn 0.9910 -0.0000 0.1336
vn 0.9842 -0.0000 0.1770
vn 0.9762 -0.0000 0.2168
vn 0.9678 -0.0000 0.2519
vn 0.9595 -0.0000 0.2817
vn 0.9520 -0.0000 0.3062
vn 0.9455 -0.0000 0.3257
vn 0.9402 -0.0000 0.3406
vn 0.9361 -0.0000 0.3516
vn 0.9775 -0.0000 -0.2107
vn 0.9088 -0.0000 -0.4173
vn 0.9088 -0.0000 0.4173
vn -0.9088 -0.0000 -0.4173
vt 0.363636 0.000000
vt 0.545455 0.000000
vt 0.454545 0.000000
vt 0.636364 0.000000
vt 0.727273 0.000000
vt 0.909091 0.000000
vt 0.818182 0.000000
vt 1.000000 0.000000
vt 0.181818 0.000000
vt 0.090909 0.000000
vt 0.272727 0.000000
vt 0.000000 0.000000
vt 0.693182 0.000000
vt 0.715909 0.000000
vt 0.704545 0.000000
vt 0.681818 0.000000
vt 0.670455 0.000000
vt 0.659091 0.000000
vt 0.738636 0.000000
vt 0.647727 0.000000
vt 0.750000 0.000000
vt 0.625000 0.000000
vt 0.613636 0.000000
vt 0.761364 0.000000
vt 0.602273 0.000000
vt 0.590909 0.000000
vt 0.772727 0.000000
vt 0.579545 0.000000
vt 0.568182 0.000000
vt 0.784091 0.000000
vt 0.556818 0.000000
vt 0.534091 0.000000
vt 0.522727 0.000000
vt 0.511364 0.000000
vt 0.500000 0.000000
vt 0.488636 0.000000
vt 0.477273 0.000000
vt 0.465909 0.000000
vt 0.443182 0.000000
vt 0.431818 0.000000
vt 0.420455 0.000000
vt 0.795455 0.000000
vt 0.409091 0.000000
vt 0.397727 0.000000
vt 0.386364 0.000000
vt 0.806818 0.000000
vt 0.375000 0.000000
vt 0.352273 0.000000
vt 0.340909 0.000000
vt 0.329545 0.000000
vt 0.829545 0.000000
vt 0.318182 0.000000
vt 0.306818 0.000000
vt 0.840909 0.000000
vt 0.295455 0.000000
vt 0.284091 0.000000
vt 0.852273 0.000000
vt 0.261364 0.000000
vt 0.863636 0.000000
vt 0.250000 0.000000
vt 0.238636 0.000000
vt 0.875000 0.000000
vt 0.227273 0.000000
vt 0.215909 0.000000
vt 0.886364 0.000000
vt 0.204545 0.000000
vt 0.193182 0.000000
vt 0.897727 0.000000
vt 0.170455 0.000000
vt 0.159091 0.000000
vt 0.147727 0.000000
vt 0.136364 0.000000
vt 0.920455 0.000000
vt 0.125000 0.000000
vt 0.931818 0.000000
vt 0.113636 0.000000
vt 0.943182 0.000000
vt 0.102273 0.000000
vt 0.954545 0.000000
vt 0.079545 0.000000
vt 0.965909 0.000000
vt 0.068182 0.000000
vt 0.977273 0.000000
vt 0.056818 0.000000
vt 0.045455 0.000000
vt 0.988636 0.000000
vt 0.034091 0.000000
vt 0.022727 0.000000
vt 0.011364 0.000000
vt 0.000000 1.000000
vt 0.011236 1.000000
vt 0.011236 0.000000
vt 0.022472 1.000000
vt 0.022472 0.000000
vt 0.033708 1.000000
vt 0.033708 0.000000
vt 0.044944 1.000000
vt 0.044944 0.000000
vt 0.056180 1.000000
vt 0.056180 0.000000
vt 0.067416 1.000000
vt 0.067416 0.000000
vt 0.078652 1.000000
vt 0.078652 0.000000
vt 0.089888 1.000000
vt 0.089888 0.000000
vt 0.101124 1.000000
vt 0.101124 0.000000
vt 0.112360 1.000000
vt 0.112360 0.000000
vt 0.123596 1.000000
vt 0.123596 0.000000
vt 0.134831 1.000000
vt 0.134831 0.000000
vt 0.146067 1.000000
vt 0.146067 0.000000
vt 0.157303 1.000000
vt 0.157303 0.000000
vt 0.168539 1.000000
vt 0.168539 0.000000
vt 0.179775 1.000000
vt 0.179775 0.000000
vt 0.191011 1.000000
vt 0.191011 0.000000
vt 0.202247 1.000000
vt 0.202247 0.000000
vt 0.213483 1.000000
vt 0.213483 0.000000
vt 0.224719 1.000000
vt 0.224719 0.000000
vt 0.235955 1.000000
vt 0.235955 0.000000
vt 0.247191 1.000000
vt 0.247191 0.000000
vt 0.258427 1.000000
vt 0.258427 0.000000
vt 0.269663 1.000000
vt 0.269663 0.000000
vt 0.280899 1.000000
vt 0.280899 0.000000
vt 0.292135 1.000000
vt 0.292135 0.000000
vt 0.303371 1.000000
vt 0.303371 0.000000
vt 0.314607 1.000000
vt 0.314607 0.000000
vt 0.325843 1.000000
vt 0.325843 0.000000
vt 0.337079 1.000000
vt 0.337079 0.000000
vt 0.348315 1.000000
vt 0.348315 0.000000
vt 0.359551 1.000000
vt 0.359551 0.000000
vt 0.370787 1.000000
vt 0.370787 0.000000
vt 0.382022 1.000000
vt 0.382022 0.000000
vt 0.393258 1.000000
vt 0.393258 0.000000
vt 0.404494 1.000000
vt 0.404494 0.000000
vt 0.415730 1.000000
vt 0.415730 0.000000
vt 0.426966 1.000000
vt 0.426966 0.000000
vt 0.438202 1.000000
vt 0.438202 0.000000
vt 0.449438 1.000000
vt 0.449438 0.000000
vt 0.460674 1.000000
vt 0.460674 0.000000
vt 0.471910 1.000000
vt 0.471910 0.000000
vt 0.483146 1.000000
vt 0.483146 0.000000
vt 0.494382 1.000000
vt 0.494382 0.000000
vt 0.505618 1.000000
vt 0.505618 0.000000
vt 0.516854 1.000000
vt 0.516854 0.000000
vt 0.528090 1.000000
vt 0.528090 0.000000
vt 0.539326 1.000000
vt 0.539326 0.000000
vt 0.550562 1.000000
vt 0.550562 0.000000
vt 0.561798 1.000000
vt 0.561798 0.000000
vt 0.573034 1.000000
vt 0.573034 0.000000
vt 0.584270 1.000000
vt 0.584270 0.000000
vt 0.595506 1.000000
vt 0.595506 0.000000
vt 0.606742 1.000000
vt 0.606742 0.000000
vt 0.617977 1.000000
vt 0.617977 0.000000
vt 0.629214 1.000000
vt 0.629214 0.000000
vt 0.640449 1.000000
vt 0.640449 0.000000
vt 0.651685 1.000000
vt 0.651685 0.000000
vt 0.662921 1.000000
vt 0.662921 0.000000
vt 0.674157 1.000000
vt 0.674157 0.000000
vt 0.685393 1.000000
vt 0.685393 0.000000
vt 0.696629 1.000000
vt 0.696629 0.000000
vt 0.707865 1.000000
vt 0.707865 0.000000
vt 0.719101 1.000000
vt 0.719101 0.000000
vt 0.730337 1.000000
vt 0.730337 0.000000
vt 0.741573 1.000000
vt 0.741573 0.000000
vt 0.752809 1.000000
vt 0.752809 0.000000
vt 0.764045 1.000000
vt 0.764045 0.000000
vt 0.775281 1.000000
vt 0.775281 0.000000
vt 0.786517 1.000000
vt 0.786517 0.000000
vt 0.797753 1.000000
vt 0.797753 0.000000
vt 0.808989 1.000000
vt 0.808989 0.000000
vt 0.820225 1.000000
vt 0.820225 0.000000
vt 0.831461 1.000000
vt 0.831461 0.000000
vt 0.842697 1.000000
vt 0.842697 0.000000
vt 0.853933 1.000000
vt 0.853933 0.000000
vt 0.865169 1.000000
vt 0.865169 0.000000
vt 0.876405 1.000000
vt 0.876405 0.000000
vt 0.887640 1.000000
vt 0.887640 0.000000
vt 0.898876 1.000000
vt 0.898876 0.000000
vt 0.910112 1.000000
vt 0.910112 0.000000
vt 0.921348 1.000000
vt 0.921348 0.000000
vt 0.932584 1.000000
vt 0.932584 0.000000
vt 0.943820 1.000000
vt 0.943820 0.000000
vt 0.955056 1.000000
vt 0.955056 0.000000
vt 0.966292 1.000000
vt 0.966292 0.000000
vt 0.977528 1.000000
vt 0.977528 0.000000
vt 0.988764 1.000000
vt 0.988764 0.000000
vt 1.000000 1.000000
vt 0.083333 1.000000
vt 0.083333 0.000000
vt 0.166667 1.000000
vt 0.166667 0.000000
vt 0.250000 1.000000
vt 0.333333 1.000000
vt 0.333333 0.000000
vt 0.416667 1.000000
vt 0.416667 0.000000
vt 0.500000 1.000000
vt 0.583333 1.000000
vt 0.583333 0.000000
vt 0.666667 1.000000
vt 0.666667 0.000000
vt 0.750000 1.000000
vt 0.833333 1.000000
vt 0.833333 0.000000
vt 0.916667 1.000000
vt 0.916667 0.000000
s 0
usemtl 2H_name
f 5/1/1 7/2/1 6/3/1
f 5/1/1 8/4/1 7/2/1
f 9/5/1 11/6/1 10/7/1
f 9/5/1 12/8/1 11/6/1
f 5/1/1 3/9/1 8/4/1
f 3/9/1 9/5/1 8/4/1
f 3/9/1 2/10/1 9/5/1
f 2/10/1 12/8/1 9/5/1
f 5/1/1 4/11/1 3/9/1
f 1/12/1 12/8/1 2/10/1
f 74/13/1 76/14/1 75/15/1
f 73/16/1 76/14/1 74/13/1
f 72/17/1 76/14/1 73/16/1
f 72/17/1 77/5/1 76/14/1
f 71/18/1 77/5/1 72/17/1
f 71/18/1 78/19/1 77/5/1
f 70/20/1 78/19/1 71/18/1
f 69/4/1 78/19/1 70/20/1
f 69/4/1 79/21/1 78/19/1
f 68/22/1 79/21/1 69/4/1
f 67/23/1 79/21/1 68/22/1
f 67/23/1 80/24/1 79/21/1
f 66/25/1 80/24/1 67/23/1
f 65/26/1 80/24/1 66/25/1
f 65/26/1 81/27/1 80/24/1
f 64/28/1 81/27/1 65/26/1
f 63/29/1 81/27/1 64/28/1
f 63/29/1 82/30/1 81/27/1
f 62/31/1 61/2/1 63/29/1
f 61/2/1 60/32/1 63/29/1
f 60/32/1 59/33/1 63/29/1
f 59/33/1 58/34/1 63/29/1
f 58/34/1 57/35/1 63/29/1
f 57/35/1 56/36/1 63/29/1
f 56/36/1 55/37/1 63/29/1
f 55/37/1 54/38/1 63/29/1
f 54/38/1 53/3/1 63/29/1
f 53/3/1 52/39/1 63/29/1
f 52/39/1 51/40/1 63/29/1
f 51/40/1 82/30/1 63/29/1
f 51/40/1 50/41/1 82/30/1
f 50/41/1 83/42/1 82/30/1
f 49/43/1 83/42/1 50/41/1
f 48/44/1 83/42/1 49/43/1
f 47/45/1 83/42/1 48/44/1
f 47/45/1 84/46/1 83/42/1
f 46/47/1 84/46/1 47/45/1
f 45/1/1 84/46/1 46/47/1
f 44/48/1 84/46/1 45/1/1
f 44/48/1 85/7/1 84/46/1
f 43/49/1 85/7/1 44/48/1
f 42/50/1 85/7/1 43/49/1
f 42/50/1 86/51/1 85/7/1
f 41/52/1 86/51/1 42/50/1
f 40/53/1 86/51/1 41/52/1
f 40/53/1 87/54/1 86/51/1
f 39/55/1 87/54/1 40/53/1
f 38/56/1 87/54/1 39/55/1
f 38/56/1 88/57/1 87/54/1
f 37/11/1 88/57/1 38/56/1
f 36/58/1 88/57/1 37/11/1
f 36/58/1 89/59/1 88/57/1
f 35/60/1 89/59/1 36/58/1
f 34/61/1 89/59/1 35/60/1
f 34/61/1 90/62/1 89/59/1
f 33/63/1 90/62/1 34/61/1
f 32/64/1 90/62/1 33/63/1
f 32/64/1 91/65/1 90/62/1
f 31/66/1 91/65/1 32/64/1
f 30/67/1 91/65/1 31/66/1
f 29/9/1 91/65/1 30/67/1
f 29/9/1 92/68/1 91/65/1
f 28/69/1 92/68/1 29/9/1
f 27/70/1 92/68/1 28/69/1
f 27/70/1 93/6/1 92/68/1
f 26/71/1 93/6/1 27/70/1
f 25/72/1 93/6/1 26/71/1
f 25/72/1 94/73/1 93/6/1
f 24/74/1 94/73/1 25/72/1
f 24/74/1 95/75/1 94/73/1
f 23/76/1 95/75/1 24/74/1
f 23/76/1 96/77/1 95/75/1
f 22/78/1 96/77/1 23/76/1
f 21/10/1 96/77/1 22/78/1
f 21/10/1 97/79/1 96/77/1
f 20/80/1 97/79/1 21/10/1
f 20/80/1 98/81/1 97/79/1
f 19/82/1 98/81/1 20/80/1
f 19/82/1 99/83/1 98/81/1
f 18/84/1 99/83/1 19/82/1
f 17/85/1 99/83/1 18/84/1
f 17/85/1 100/86/1 99/83/1
f 17/85/1 101/8/1 100/86/1
f 16/87/1 101/8/1 17/85/1
f 15/88/1 101/8/1 16/87/1
f 14/89/1 101/8/1 15/88/1
f 13/12/1 101/8/1 14/89/1
f 106/1/2 107/3/2 108/2/2
f 106/1/2 108/2/2 109/4/2
f 110/5/2 111/7/2 112/6/2
f 110/5/2 112/6/2 113/8/2
f 106/1/2 109/4/2 104/9/2
f 104/9/2 109/4/2 110/5/2
f 104/9/2 110/5/2 103/10/2
f 103/10/2 110/5/2 113/8/2
f 106/1/2 104/9/2 105/11/2
f 102/12/2 103/10/2 113/8/2
f 175/13/2 176/15/2 177/14/2
f 174/16/2 175/13/2 177/14/2
f 173/17/2 174/16/2 177/14/2
f 173/17/2 177/14/2 178/5/2
f 172/18/2 173/17/2 178/5/2
f 172/18/2 178/5/2 179/19/2
f 171/20/2 172/18/2 179/19/2
f 170/4/2 171/20/2 179/19/2
f 170/4/2 179/19/2 180/21/2
f 169/22/2 170/4/2 180/21/2
f 168/23/2 169/22/2 180/21/2
f 168/23/2 180/21/2 181/24/2
f 167/25/2 168/23/2 181/24/2
f 166/26/2 167/25/2 181/24/2
f 166/26/2 181/24/2 182/27/2
f 165/28/2 166/26/2 182/27/2
f 164/29/2 165/28/2 182/27/2
f 164/29/2 182/27/2 183/30/2
f 163/31/2 164/29/2 162/2/2
f 162/2/2 164/29/2 161/32/2
f 161/32/2 164/29/2 160/33/2
f 160/33/2 164/29/2 159/34/2
f 159/34/2 164/29/2 158/35/2
f 158/35/2 164/29/2 157/36/2
f 157/36/2 164/29/2 156/37/2
f 156/37/2 164/29/2 155/38/2
f 155/38/2 164/29/2 154/3/2
f 154/3/2 164/29/2 153/39/2
f 153/39/2 164/29/2 152/40/2
f 152/40/2 164/29/2 183/30/2
f 152/40/2 183/30/2 151/41/2
f 151/41/2 183/30/2 184/42/2
f 150/43/2 151/41/2 184/42/2
f 149/44/2 150/43/2 184/42/2
f 148/45/2 149/44/2 184/42/2
f 148/45/2 184/42/2 185/46/2
f 147/47/2 148/45/2 185/46/2
f 146/1/2 147/47/2 185/46/2
f 145/48/2 146/1/2 185/46/2
f 145/48/2 185/46/2 186/7/2
f 144/49/2 145/48/2 186/7/2
f 143/50/2 144/49/2 186/7/2
f 143/50/2 186/7/2 187/51/2
f 142/52/2 143/50/2 187/51/2
f 141/53/2 142/52/2 187/51/2
f 141/53/2 187/51/2 188/54/2
f 140/55/2 141/53/2 188/54/2
f 139/56/2 140/55/2 188/54/2
f 139/56/2 188/54/2 189/57/2
f 138/11/2 139/56/2 189/57/2
f 137/58/2 138/11/2 189/57/2
f 137/58/2 189/57/2 190/59/2
f 136/60/2 137/58/2 190/59/2
f 135/61/2 136/60/2 190/59/2
f 135/61/2 190/59/2 191/62/2
f 134/63/2 135/61/2 191/62/2
f 133/64/2 134/63/2 191/62/2
f 133/64/2 191/62/2 192/65/2
f 132/66/2 133/64/2 192/65/2
f 131/67/2 132/66/2 192/65/2
f 130/9/2 131/67/2 192/65/2
f 130/9/2 192/65/2 193/68/2
f 129/69/2 130/9/2 193/68/2
f 128/70/2 129/69/2 193/68/2
f 128/70/2 193/68/2 194/6/2
f 127/71/2 128/70/2 194/6/2
f 126/72/2 127/71/2 194/6/2
f 126/72/2 194/6/2 195/73/2
f 125/74/2 126/72/2 195/73/2
f 125/74/2 195/73/2 196/75/2
f 124/76/2 125/74/2 196/75/2
f 124/76/2 196/75/2 197/77/2
f 123/78/2 124/76/2 197/77/2
f 122/10/2 123/78/2 197/77/2
f 122/10/2 197/77/2 198/79/2
f 121/80/2 122/10/2 198/79/2
f 121/80/2 198/79/2 199/81/2
f 120/82/2 121/80/2 199/81/2
f 120/82/2 199/81/2 200/83/2
f 119/84/2 120/82/2 200/83/2
f 118/85/2 119/84/2 200/83/2
f 118/85/2 200/83/2 201/86/2
f 118/85/2 201/86/2 202/8/2
f 117/87/2 118/85/2 202/8/2
f 116/88/2 117/87/2 202/8/2
f 115/89/2 116/88/2 202/8/2
f 114/12/2 115/89/2 202/8/2
s 1
f 204/90/3 206/91/4 205/92/4 203/12/3
f 206/91/4 208/93/5 207/94/5 205/92/4
f 208/93/5 210/95/6 209/96/6 207/94/5
f 210/95/6 212/97/7 211/98/7 209/96/6
f 212/97/7 214/99/8 213/100/8 211/98/7
f 214/99/8 216/101/9 215/102/9 213/100/8
f 216/101/9 218/103/10 217/104/10 215/102/9
f 218/103/10 220/105/11 219/106/11 217/104/10
f 220/105/11 222/107/12 221/108/12 219/106/11
f 222/107/12 224/109/13 223/110/13 221/108/12
f 224/109/13 226/111/14 225/112/14 223/110/13
f 226/111/14 228/113/15 227/114/15 225/112/14
f 228/113/15 230/115/16 229/116/16 227/114/15
f 230/115/16 232/117/17 231/118/17 229/116/16
f 232/117/17 234/119/18 233/120/18 231/118/17
f 234/119/18 236/121/19 235/122/19 233/120/18
f 236/121/19 238/123/20 237/124/20 235/122/19
f 238/123/20 240/125/21 239/126/21 237/124/20
f 240/125/21 242/127/22 241/128/22 239/126/21
f 242/127/22 244/129/23 243/130/23 241/128/22
f 244/129/23 246/131/24 245/132/24 243/130/23
f 246/131/24 248/133/25 247/134/25 245/132/24
f 248/133/25 250/135/26 249/136/26 247/134/25
f 250/135/26 252/137/27 251/138/27 249/136/26
f 252/137/27 254/139/28 253/140/28 251/138/27
f 254/139/28 256/141/29 255/142/29 253/140/28
f 256/141/29 258/143/30 257/144/30 255/142/29
f 258/143/30 260/145/31 259/146/31 257/144/30
f 260/145/31 262/147/32 261/148/32 259/146/31
f 262/147/32 264/149/33 263/150/33 261/148/32
f 264/149/33 266/151/34 265/152/34 263/150/33
f 266/151/34 268/153/35 267/154/35 265/152/34
f 268/153/35 270/155/36 269/156/36 267/154/35
f 270/155/36 272/157/37 271/158/37 269/156/36
f 272/157/37 274/159/38 273/160/38 271/158/37
f 274/159/38 276/161/39 275/162/39 273/160/38
f 276/161/39 278/163/40 277/164/40 275/162/39
f 278/163/40 280/165/41 279/166/41 277/164/40
f 280/165/41 282/167/42 281/168/42 279/166/41
f 282/167/42 284/169/43 283/170/43 281/168/42
f 284/169/43 286/171/44 285/172/44 283/170/43
f 286/171/44 288/173/45 287/174/45 285/172/44
f 288/173/45 290/175/46 289/176/46 287/174/45
f 290/175/46 292/177/47 291/178/47 289/176/46
f 292/177/47 294/179/48 293/180/48 291/178/47
f 294/179/48 296/181/49 295/182/49 293/180/48
f 296/181/49 298/183/50 297/184/50 295/182/49
f 298/183/50 300/185/51 299/186/51 297/184/50
f 300/185/51 302/187/52 301/188/52 299/186/51
f 302/187/52 304/189/53 303/190/53 301/188/52
f 304/189/53 306/191/54 305/192/54 303/190/53
f 306/191/54 308/193/55 307/194/55 305/192/54
f 308/193/55 310/195/56 309/196/56 307/194/55
f 310/195/56 312/197/57 311/198/57 309/196/56
f 312/197/57 314/199/58 313/200/58 311/198/57
f 314/199/58 316/201/59 315/202/59 313/200/58
f 316/201/59 318/203/60 317/204/60 315/202/59
f 318/203/60 320/205/61 319/206/61 317/204/60
f 320/205/61 322/207/62 321/208/62 319/206/61
f 322/207/62 324/209/63 323/210/63 321/208/62
f 324/209/63 326/211/64 325/212/64 323/210/63
f 326/211/64 328/213/65 327/214/65 325/212/64
f 328/213/65 330/215/66 329/216/66 327/214/65
f 330/215/66 332/217/67 331/218/67 329/216/66
f 332/217/67 334/219/68 333/220/68 331/218/67
f 334/219/68 336/221/69 335/222/69 333/220/68
f 336/221/69 338/223/70 337/224/70 335/222/69
f 338/223/70 340/225/71 339/226/71 337/224/70
f 340/225/71 342/227/72 341/228/72 339/226/71
f 342/227/72 344/229/73 343/230/73 341/228/72
f 344/229/73 346/231/74 345/232/74 343/230/73
f 346/231/74 348/233/75 347/234/75 345/232/74
f 348/233/75 350/235/76 349/236/76 347/234/75
f 350/235/76 352/237/77 351/238/77 349/236/76
f 352/237/77 354/239/78 353/240/78 351/238/77
f 354/239/78 356/241/79 355/242/79 353/240/78
f 356/241/79 358/243/80 357/244/80 355/242/79
f 358/243/80 360/245/81 359/246/81 357/244/80
f 360/245/81 362/247/82 361/248/82 359/246/81
f 362/247/82 364/249/83 363/250/83 361/248/82
f 364/249/83 366/251/84 365/252/84 363/250/83
f 366/251/84 368/253/85 367/254/85 365/252/84
f 368/253/85 370/255/86 369/256/86 367/254/85
f 370/255/86 372/257/87 371/258/87 369/256/86
f 372/257/87 374/259/88 373/260/88 371/258/87
f 374/259/88 376/261/89 375/262/89 373/260/88
f 376/261/89 378/263/90 377/264/90 375/262/89
f 378/263/90 380/265/91 379/266/91 377/264/90
f 380/265/91 204/267/3 203/8/3 379/266/91
f 382/90/3 384/268/3 383/269/3 381/12/3
f 384/268/3 386/270/91 385/271/91 383/269/3
f 386/270/91 388/272/91 387/60/91 385/271/91
f 388/272/91 390/273/3 389/274/3 387/60/91
f 390/273/3 392/275/92 391/276/92 389/274/3
f 392/275/92 394/277/90 393/35/90 391/276/92
f 394/277/90 396/278/90 395/279/90 393/35/90
f 396/278/90 398/280/92 397/281/92 395/279/90
f 398/280/92 400/282/92 399/21/92 397/281/92
f 400/282/92 402/283/90 401/284/90 399/21/92
f 402/283/90 404/285/91 403/286/91 401/284/90
f 404/285/91 382/267/3 381/8/3 403/286/91
o Plane.024
v -135.337753 14.203928 -45.010750
v -131.095535 14.203928 -45.010750
v -135.337753 14.203928 -50.988098
v -131.095535 14.203928 -50.988098
v -135.337753 14.950697 -50.988098
v -135.337753 14.950697 -45.010750
v -131.095535 14.950697 -45.010750
v -131.095535 14.950697 -50.988098
v -135.337753 14.224933 -50.988098
v -135.337753 14.224933 -45.010750
v -131.095535 14.224933 -45.010750
v -131.095535 14.224933 -50.988098
vn -0.0000 -1.0000 -0.0000
vn -1.0000 -0.0000 -0.0000
vn 1.0000 -0.0000 -0.0000
vn -0.0000 -0.0000 -1.0000
vn -0.0000 -0.0000 1.0000
vn -0.0000 1.0000 -0.0000
vt 0.000000 0.000000
vt 0.000000 1.000000
vt 1.000000 1.000000
vt 1.000000 0.000000
s 0
usemtl Rooftop
f 405/287/93 407/288/93 408/289/93 406/290/93
f 411/290/94 412/289/94 416/289/94 415/290/94
f 406/290/95 408/289/95 412/289/95 411/290/95
f 407/288/94 405/287/94 410/287/94 409/288/94
f 408/289/96 407/288/96 409/288/96 412/289/96
f 405/287/97 406/290/97 411/290/97 410/287/97
f 414/287/98 415/290/98 416/289/98 413/288/98
f 409/288/95 410/287/95 414/287/95 413/288/95
f 412/289/97 409/288/97 413/288/97 416/289/97
f 410/287/96 411/290/96 415/290/96 414/287/96
o Plane.023
v -135.253220 0.244212 -45.031723
v -131.223709 0.244212 -45.031723
v -135.253220 0.244212 -50.967125
v -131.223709 0.244212 -50.967125
v -135.253220 1.794755 -50.967125
v -135.253220 1.794755 -45.031723
v -131.223709 1.794755 -45.031723
v -131.223709 1.794755 -50.967125
v -134.245850 0.244212 -45.031723
v -133.238464 0.244212 -45.031723
v -132.231079 0.244212 -45.031723
v -132.231079 0.244212 -50.967125
v -133.238464 0.244212 -50.967125
v -134.245850 0.244212 -50.967125
v -134.245850 1.794755 -45.031723
v -132.231079 1.794755 -45.031723
v -132.231079 1.794755 -50.967125
v -133.238464 1.794755 -50.967125
v -134.245850 1.794755 -50.967125
v -134.245850 0.244212 -43.605568
v -133.238464 0.244212 -43.605568
v -132.231079 0.244212 -43.605568
v -134.245850 1.794755 -43.605568
v -133.238464 1.794755 -43.605568
v -132.231079 1.794755 -43.605568
v -135.253220 1.989809 -50.967125
v -135.253220 1.989809 -45.031723
v -132.231079 1.989809 -45.031723
v -131.223709 1.989809 -45.031723
v -131.223709 1.989809 -50.967125
v -134.245850 1.989809 -50.967125
v -134.245850 1.989809 -45.031723
v -133.238464 1.989809 -45.031723
v -132.231079 1.989809 -50.967125
v -133.238464 1.989809 -50.967125
v -133.238464 1.989809 -43.605568
v -134.245850 1.989809 -43.605568
v -132.231079 1.989809 -43.605568
v -135.398544 1.794755 -51.181187
v -135.398544 1.794755 -44.817661
v -131.018188 1.794755 -45.031723
v -131.078384 1.794755 -51.181187
v -134.245850 1.794755 -51.269852
v -134.391174 1.794755 -44.817661
v -135.398544 1.989809 -44.817661
v -135.398544 1.989809 -51.181187
v -132.231079 1.794755 -51.269852
v -133.238464 1.794755 -51.269852
v -133.238464 1.989809 -51.269852
v -134.245850 1.989809 -51.269852
v -131.018188 1.989809 -45.031723
v -131.078384 1.989809 -51.181187
v -134.391174 1.794755 -43.391506
v -133.238464 1.794755 -43.302837
v -132.085754 1.794755 -43.391506
v -132.025558 1.794755 -45.031723
v -134.391174 1.989809 -44.817661
v -132.231079 1.989809 -51.269852
v -134.391174 1.989809 -43.391506
v -133.238464 1.989809 -43.302837
v -132.085754 1.989809 -43.391506
v -132.025558 1.989809 -45.031723
v -132.231079 1.794755 -43.962105
v -132.231079 1.794755 -44.318645
v -132.231079 1.794755 -44.675182
v -132.231079 0.244212 -44.675182
v -132.231079 0.244212 -44.318645
v -132.231079 0.244212 -43.962105
v -133.238464 0.244212 -43.962105
v -133.238464 0.244212 -44.318645
v -133.238464 0.244212 -44.675182
v -134.245850 1.794755 -44.675182
v -134.245850 1.794755 -44.318645
v -134.245850 1.794755 -43.962105
v -134.245850 0.244212 -44.675182
v -134.245850 0.244212 -44.318645
v -134.245850 0.244212 -43.962105
v -133.238464 1.989809 -44.675182
v -133.238464 1.989809 -44.318645
v -133.238464 1.989809 -43.962105
v -132.231079 1.989809 -43.962105
v -132.231079 1.989809 -44.318645
v -132.231079 1.989809 -44.675182
v -134.245850 1.989809 -44.675182
v -134.245850 1.989809 -44.318645
v -134.245850 1.989809 -43.962105
v -132.070709 1.794755 -43.801559
v -132.055664 1.794755 -44.211613
v -132.040619 1.794755 -44.621666
v -134.391174 1.794755 -44.461121
v -134.391174 1.794755 -44.104584
v -134.391174 1.794755 -43.748043
v -132.070709 1.989809 -43.801559
v -132.055664 1.989809 -44.211613
v -132.040619 1.989809 -44.621666
v -134.391174 1.989809 -44.461121
v -134.391174 1.989809 -44.104584
v -134.391174 1.989809 -43.748043
v -131.979233 0.244212 -45.031723
v -131.727386 0.244212 -45.031723
v -131.475540 0.244212 -45.031723
v -131.979233 1.794755 -45.031723
v -131.727386 1.794755 -45.031723
v -131.475540 1.794755 -45.031723
v -131.475540 0.244212 -50.967125
v -131.727386 0.244212 -50.967125
v -131.979233 0.244212 -50.967125
v -131.475540 1.794755 -50.967125
v -131.727386 1.794755 -50.967125
v -131.979233 1.794755 -50.967125
v -131.979233 1.989809 -45.031723
v -131.727386 1.989809 -45.031723
v -131.475540 1.989809 -45.031723
v -131.475540 1.989809 -50.967125
v -131.727386 1.989809 -50.967125
v -131.979233 1.989809 -50.967125
v -131.366547 1.794755 -51.203354
v -131.654724 1.794755 -51.225521
v -131.942902 1.794755 -51.247684
v -131.366547 1.989809 -51.203354
v -131.654724 1.989809 -51.225521
v -131.942902 1.989809 -51.247684
v -134.497696 0.244212 -50.967125
v -134.749542 0.244212 -50.967125
v -135.001389 0.244212 -50.967125
v -134.497696 1.794755 -50.967125
v -134.749542 1.794755 -50.967125
v -135.001389 1.794755 -50.967125
v -135.001389 0.244212 -45.031723
v -134.749542 0.244212 -45.031723
v -134.497696 0.244212 -45.031723
v -135.001389 1.794755 -45.031723
v -134.749542 1.794755 -45.031723
v -134.497696 1.794755 -45.031723
v -134.497696 1.989809 -50.967125
v -134.749542 1.989809 -50.967125
v -135.001389 1.989809 -50.967125
v -135.001389 1.989809 -45.031723
v -134.749542 1.989809 -45.031723
v -134.497696 1.989809 -45.031723
v -134.534027 1.794755 -51.247688
v -134.822205 1.794755 -51.225521
v -135.110382 1.794755 -51.203354
v -135.146713 1.794755 -44.817661
v -134.894867 1.794755 -44.817661
v -134.643021 1.794755 -44.817661
v -134.534027 1.989809 -51.247688
v -134.822205 1.989809 -51.225521
v -135.110382 1.989809 -51.203354
v -135.146713 1.989809 -44.817661
v -134.894867 1.989809 -44.817661
v -134.643021 1.989809 -44.817661
v -133.762405 0.244212 -45.031723
v -133.762405 0.244212 -50.967125
v -133.762405 1.794755 -50.967125
v -133.762405 0.244212 -43.605568
v -133.762405 1.794755 -43.605568
v -133.762405 1.989809 -45.031723
v -133.762405 1.989809 -50.967125
v -133.762405 1.989809 -43.605568
v -133.762405 1.794755 -51.269852
v -133.837997 1.794755 -43.348953
v -133.762405 1.989809 -51.269852
v -133.837997 1.989809 -43.348953
v -133.762405 1.989809 -44.675182
v -133.762405 1.989809 -44.318645
v -133.762405 1.989809 -43.962105
v -133.762405 0.244212 -44.675182
v -133.762405 0.244212 -44.318645
v -133.762405 0.244212 -43.962105
v -133.994400 0.244212 -50.967125
v -133.994400 1.794755 -50.967125
v -133.994400 1.989809 -50.967125
v -133.994400 1.794755 -51.269852
v -133.994400 1.989809 -51.269852
v -133.994400 0.244212 -44.675182
v -133.994400 0.244212 -44.318645
v -133.994400 0.244212 -43.962105
v -133.994400 0.244212 -45.031723
v -133.994400 0.244212 -43.605568
v -133.994400 1.794755 -43.605568
v -133.994400 1.989809 -45.031723
v -133.994400 1.989809 -43.605568
v -134.103455 1.794755 -43.369373
v -134.103455 1.989809 -43.369373
v -133.994400 1.989809 -44.675182
v -133.994400 1.989809 -44.318645
v -133.994400 1.989809 -43.962105
v -132.705353 0.244212 -45.031723
v -132.705353 0.244212 -50.967125
v -132.705353 1.794755 -50.967125
v -132.705353 0.244212 -43.605568
v -132.705353 1.794755 -43.605568
v -132.705353 1.989809 -45.031723
v -132.705353 1.989809 -50.967125
v -132.705353 1.989809 -43.605568
v -132.705353 1.794755 -51.269852
v -132.628448 1.794755 -43.349762
v -132.705353 1.989809 -51.269852
v -132.628448 1.989809 -43.349762
v -132.705353 1.989809 -44.675182
v -132.705353 1.989809 -44.318645
v -132.705353 1.989809 -43.962105
v -132.705353 0.244212 -44.675182
v -132.705353 0.244212 -44.318645
v -132.705353 0.244212 -43.962105
v -135.253220 0.438030 -50.967125
v -131.223709 0.438030 -50.967125
v -131.223709 0.438030 -45.031723
v -135.253220 0.438030 -45.031723
v -134.245850 0.438030 -45.031723
v -132.231079 0.438030 -45.031723
v -132.231079 0.438030 -50.967125
v -133.238464 0.438030 -50.967125
v -134.245850 0.438030 -50.967125
v -134.245850 0.438030 -43.605568
v -133.238464 0.438030 -43.605568
v -132.231079 0.438030 -43.605568
v -134.245850 0.438030 -44.675182
v -134.245850 0.438030 -44.318645
v -134.245850 0.438030 -43.962105
v -132.231079 0.438030 -44.675182
v -132.231079 0.438030 -44.318645
v -132.231079 0.438030 -43.962105
v -131.475540 0.438030 -50.967125
v -131.727386 0.438030 -50.967125
v -131.979233 0.438030 -50.967125
v -131.979233 0.438030 -45.031723
v -131.727386 0.438030 -45.031723
v -131.475540 0.438030 -45.031723
v -135.001389 0.438030 -45.031723
v -134.749542 0.438030 -45.031723
v -134.497696 0.438030 -45.031723
v -134.497696 0.438030 -50.967125
v -134.749542 0.438030 -50.967125
v -135.001389 0.438030 -50.967125
v -133.762405 0.438030 -43.605568
v -133.762405 0.438030 -50.967125
v -133.994400 0.438030 -43.605568
v -133.994400 0.438030 -50.967125
v -132.705353 0.438030 -43.605568
v -132.705353 0.438030 -50.967125
v -135.253220 0.244212 -49.977890
v -135.253220 0.244212 -48.988659
v -135.253220 0.244212 -47.999424
v -135.253220 0.244212 -47.010189
v -135.253220 0.244212 -46.020958
v -131.223709 0.244212 -46.020958
v -131.223709 0.244212 -47.010189
v -131.223709 0.244212 -47.999424
v -131.223709 0.244212 -48.988659
v -131.223709 0.244212 -49.977890
v -135.253220 1.794755 -49.977890
v -135.253220 1.794755 -48.988659
v -135.253220 1.794755 -47.999424
v -135.253220 1.794755 -47.010189
v -135.253220 1.794755 -46.020958
v -131.223709 1.794755 -46.020958
v -131.223709 1.794755 -47.010189
v -131.223709 1.794755 -47.999424
v -131.223709 1.794755 -48.988659
v -131.223709 1.794755 -49.977890
v -134.245850 0.244212 -49.977890
v -134.245850 0.244212 -48.988659
v -134.245850 0.244212 -47.999424
v -134.245850 0.244212 -47.010189
v -134.245850 0.244212 -46.020958
v -133.238464 0.244212 -49.977890
v -133.238464 0.244212 -48.988659
v -133.238464 0.244212 -47.999424
v -133.238464 0.244212 -47.010189
v -133.238464 0.244212 -46.020958
v -132.231079 0.244212 -49.977890
v -132.231079 0.244212 -48.988659
v -132.231079 0.244212 -47.999424
v -132.231079 0.244212 -47.010189
v -132.231079 0.244212 -46.020958
v -135.253220 1.989809 -49.977890
v -135.253220 1.989809 -48.988659
v -135.253220 1.989809 -47.999424
v -135.253220 1.989809 -47.010189
v -135.253220 1.989809 -46.020958
v -131.223709 1.989809 -46.020958
v -131.223709 1.989809 -47.010189
v -131.223709 1.989809 -47.999424
v -131.223709 1.989809 -48.988659
v -131.223709 1.989809 -49.977890
v -134.245850 1.989809 -46.020958
v -134.245850 1.989809 -47.010189
v -134.245850 1.989809 -47.999424
v -134.245850 1.989809 -48.988659
v -134.245850 1.989809 -49.977890
v -133.238464 1.989809 -46.020958
v -133.238464 1.989809 -47.010189
v -133.238464 1.989809 -47.999424
v -133.238464 1.989809 -48.988659
v -133.238464 1.989809 -49.977890
v -132.231079 1.989809 -46.020958
v -132.231079 1.989809 -47.010189
v -132.231079 1.989809 -47.999424
v -132.231079 1.989809 -48.988659
v -132.231079 1.989809 -49.977890
v -135.398544 1.794755 -50.120598
v -135.398544 1.794755 -49.060013
v -135.398544 1.794755 -47.999424
v -135.398544 1.794755 -46.938835
v -135.398544 1.794755 -45.878250
v -131.028214 1.794755 -46.056633
v -131.038254 1.794755 -47.081543
v -131.048279 1.794755 -48.106453
v -131.058319 1.794755 -49.131367
v -131.068344 1.794755 -50.156277
v -135.398544 1.989809 -50.120598
v -135.398544 1.989809 -49.060013
v -135.398544 1.989809 -47.999424
v -135.398544 1.989809 -46.938835
v -135.398544 1.989809 -45.878250
v -131.028214 1.989809 -46.056633
v -131.038254 1.989809 -47.081543
v -131.048279 1.989809 -48.106453
v -131.058319 1.989809 -49.131367
v -131.068344 1.989809 -50.156277
v -131.979233 1.989809 -46.020958
v -131.979233 1.989809 -47.010189
v -131.979233 1.989809 -47.999424
v -131.979233 1.989809 -48.988659
v -131.979233 1.989809 -49.977890
v -131.727386 1.989809 -46.020958
v -131.727386 1.989809 -47.010189
v -131.727386 1.989809 -47.999424
v -131.727386 1.989809 -48.988659
v -131.727386 1.989809 -49.977890
v -131.475540 1.989809 -46.020958
v -131.475540 1.989809 -47.010189
v -131.475540 1.989809 -47.999424
v -131.475540 1.989809 -48.988659
v -131.475540 1.989809 -49.977890
v -131.979233 0.244212 -49.977890
v -131.979233 0.244212 -48.988659
v -131.979233 0.244212 -47.999424
v -131.979233 0.244212 -47.010189
v -131.979233 0.244212 -46.020958
v -131.727386 0.244212 -49.977890
v -131.727386 0.244212 -48.988659
v -131.727386 0.244212 -47.999424
v -131.727386 0.244212 -47.010189
v -131.727386 0.244212 -46.020958
v -131.475540 0.244212 -49.977890
v -131.475540 0.244212 -48.988659
v -131.475540 0.244212 -47.999424
v -131.475540 0.244212 -47.010189
v -131.475540 0.244212 -46.020958
v -135.001389 1.989809 -46.020958
v -135.001389 1.989809 -47.010189
v -135.001389 1.989809 -47.999424
v -135.001389 1.989809 -48.988659
v -135.001389 1.989809 -49.977890
v -134.749542 1.989809 -46.020958
v -134.749542 1.989809 -47.010189
v -134.749542 1.989809 -47.999424
v -134.749542 1.989809 -48.988659
v -134.749542 1.989809 -49.977890
v -134.497696 1.989809 -46.020958
v -134.497696 1.989809 -47.010189
v -134.497696 1.989809 -47.999424
v -134.497696 1.989809 -48.988659
v -134.497696 1.989809 -49.977890
v -135.001389 0.244212 -49.977890
v -135.001389 0.244212 -48.988659
v -135.001389 0.244212 -47.999424
v -135.001389 0.244212 -47.010189
v -135.001389 0.244212 -46.020958
v -134.749542 0.244212 -49.977890
v -134.749542 0.244212 -48.988659
v -134.749542 0.244212 -47.999424
v -134.749542 0.244212 -47.010189
v -134.749542 0.244212 -46.020958
v -134.497696 0.244212 -49.977890
v -134.497696 0.244212 -48.988659
v -134.497696 0.244212 -47.999424
v -134.497696 0.244212 -47.010189
v -134.497696 0.244212 -46.020958
v -133.762405 1.989809 -46.020958
v -133.762405 1.989809 -47.010189
v -133.762405 1.989809 -47.999424
v -133.762405 1.989809 -48.988659
v -133.762405 1.989809 -49.977890
v -133.762405 0.244212 -49.977890
v -133.762405 0.244212 -48.988659
v -133.762405 0.244212 -47.999424
v -133.762405 0.244212 -47.010189
v -133.762405 0.244212 -46.020958
v -133.994400 0.244212 -49.977890
v -133.994400 0.244212 -48.988659
v -133.994400 0.244212 -47.999424
v -133.994400 0.244212 -47.010189
v -133.994400 0.244212 -46.020958
v -133.994400 1.989809 -46.020958
v -133.994400 1.989809 -47.010189
v -133.994400 1.989809 -47.999424
v -133.994400 1.989809 -48.988659
v -133.994400 1.989809 -49.977890
v -132.705353 1.989809 -46.020958
v -132.705353 1.989809 -47.010189
v -132.705353 1.989809 -47.999424
v -132.705353 1.989809 -48.988659
v -132.705353 1.989809 -49.977890
v -132.705353 0.244212 -49.977890
v -132.705353 0.244212 -48.988659
v -132.705353 0.244212 -47.999424
v -132.705353 0.244212 -47.010189
v -132.705353 0.244212 -46.020958
v -135.253220 0.438030 -46.020958
v -135.253220 0.438030 -47.010189
v -135.253220 0.438030 -47.999424
v -135.253220 0.438030 -48.988659
v -135.253220 0.438030 -49.977890
v -131.223709 0.438030 -49.977890
v -131.223709 0.438030 -48.988659
v -131.223709 0.438030 -47.999424
v -131.223709 0.438030 -47.010189
v -131.223709 0.438030 -46.020958
v -135.190186 0.629602 -50.967125
v -135.064423 0.629602 -50.967125
v -135.064423 1.603184 -50.967125
v -135.190186 1.603184 -50.967125
v -131.286743 0.629602 -45.031723
v -131.412506 0.629602 -45.031723
v -131.412506 1.603184 -45.031723
v -131.286743 1.603184 -45.031723
v -131.223709 0.629602 -50.256001
v -131.223709 0.629602 -50.689018
v -131.223709 1.603184 -50.689018
v -131.223709 1.603184 -50.256001
v -135.253220 0.629602 -45.742847
v -135.253220 0.629602 -45.309830
v -135.253220 1.603184 -45.309830
v -135.253220 1.603184 -45.742847
v -134.308884 0.629602 -45.031723
v -134.434647 0.629602 -45.031723
v -134.434647 1.603184 -45.031723
v -134.308884 1.603184 -45.031723
v -132.168045 0.629602 -50.967125
v -132.042282 0.629602 -50.967125
v -132.042282 1.603184 -50.967125
v -132.168045 1.603184 -50.967125
v -132.894150 0.629602 -50.967125
v -133.049652 0.629602 -50.967125
v -133.049652 1.603184 -50.967125
v -132.894150 1.603184 -50.967125
v -134.183212 0.629602 -50.967125
v -134.057037 0.629602 -50.967125
v -134.057037 1.603184 -50.967125
v -134.183212 1.603184 -50.967125
v -133.573608 0.629602 -43.605568
v -133.427277 0.629602 -43.605568
v -133.427277 1.603184 -43.605568
v -133.573608 1.603184 -43.605568
v -132.516541 0.629602 -43.605568
v -132.419891 0.629602 -43.605568
v -132.419891 1.603184 -43.605568
v -132.516541 1.603184 -43.605568
v -132.231079 0.629602 -43.683998
v -132.231079 1.603184 -43.683998
v -132.231079 1.603184 -43.883675
v -132.231079 0.629602 -43.883675
v -132.231079 0.629602 -44.753613
v -132.231079 1.603184 -44.753613
v -132.231079 1.603184 -44.953293
v -132.231079 0.629602 -44.953293
v -132.231079 0.629602 -44.397076
v -132.231079 1.603184 -44.397076
v -132.231079 1.603184 -44.596752
v -132.231079 0.629602 -44.596752
v -132.231079 0.629602 -44.040535
v -132.231079 1.603184 -44.040535
v -132.231079 1.603184 -44.240211
v -132.231079 0.629602 -44.240211
v -131.412506 0.629602 -50.967125
v -131.286743 0.629602 -50.967125
v -131.286743 1.603184 -50.967125
v -131.412506 1.603184 -50.967125
v -131.664352 0.629602 -50.967125
v -131.538589 0.629602 -50.967125
v -131.538589 1.603184 -50.967125
v -131.664352 1.603184 -50.967125
v -131.916199 0.629602 -50.967125
v -131.790436 0.629602 -50.967125
v -131.790436 1.603184 -50.967125
v -131.916199 1.603184 -50.967125
v -132.042282 0.629602 -45.031723
v -132.168045 0.629602 -45.031723
v -132.168045 1.603184 -45.031723
v -132.042282 1.603184 -45.031723
v -131.790436 0.629602 -45.031723
v -131.916199 0.629602 -45.031723
v -131.916199 1.603184 -45.031723
v -131.790436 1.603184 -45.031723
v -131.538589 0.629602 -45.031723
v -131.664352 0.629602 -45.031723
v -131.664352 1.603184 -45.031723
v -131.538589 1.603184 -45.031723
v -135.064423 0.629602 -45.031723
v -135.190186 0.629602 -45.031723
v -135.190186 1.603184 -45.031723
v -135.064423 1.603184 -45.031723
v -134.812576 0.629602 -45.031723
v -134.938339 0.629602 -45.031723
v -134.938339 1.603184 -45.031723
v -134.812576 1.603184 -45.031723
v -134.560730 0.629602 -45.031723
v -134.686493 0.629602 -45.031723
v -134.686493 1.603184 -45.031723
v -134.560730 1.603184 -45.031723
v -134.434647 0.629602 -50.967125
v -134.308884 0.629602 -50.967125
v -134.308884 1.603184 -50.967125
v -134.434647 1.603184 -50.967125
v -134.686493 0.629602 -50.967125
v -134.560730 0.629602 -50.967125
v -134.560730 1.603184 -50.967125
v -134.686493 1.603184 -50.967125
v -134.938339 0.629602 -50.967125
v -134.812576 0.629602 -50.967125
v -134.812576 1.603184 -50.967125
v -134.938339 1.603184 -50.967125
v -133.805603 0.629602 -43.605568
v -133.951218 0.629602 -43.605568
v -133.951218 1.603184 -43.605568
v -133.805603 1.603184 -43.605568
v -133.427277 0.629602 -50.967125
v -133.573608 0.629602 -50.967125
v -133.573608 1.603184 -50.967125
v -133.427277 1.603184 -50.967125
v -134.057037 0.629602 -43.605568
v -134.183212 0.629602 -43.605568
v -134.183212 1.603184 -43.605568
v -134.057037 1.603184 -43.605568
v -133.951218 0.629602 -50.967125
v -133.805603 0.629602 -50.967125
v -133.805603 1.603184 -50.967125
v -133.951218 1.603184 -50.967125
v -133.049652 0.629602 -43.605568
v -132.894150 0.629602 -43.605568
v -132.894150 1.603184 -43.605568
v -133.049652 1.603184 -43.605568
v -132.419891 0.629602 -50.967125
v -132.516541 0.629602 -50.967125
v -132.516541 1.603184 -50.967125
v -132.419891 1.603184 -50.967125
v -134.245850 1.603184 -44.040535
v -134.245850 0.629602 -44.040535
v -134.245850 0.629602 -44.240211
v -134.245850 1.603184 -44.240211
v -134.245850 1.603184 -44.397076
v -134.245850 0.629602 -44.397076
v -134.245850 0.629602 -44.596752
v -134.245850 1.603184 -44.596752
v -134.245850 1.603184 -44.753613
v -134.245850 0.629602 -44.753613
v -134.245850 0.629602 -44.953293
v -134.245850 1.603184 -44.953293
v -134.245850 1.603184 -43.683998
v -134.245850 0.629602 -43.683998
v -134.245850 0.629602 -43.883675
v -134.245850 1.603184 -43.883675
v -135.253220 0.629602 -50.689018
v -135.253220 0.629602 -50.256001
v -135.253220 1.603184 -50.256001
v -135.253220 1.603184 -50.689018
v -135.253220 0.629602 -49.699783
v -135.253220 0.629602 -49.266766
v -135.253220 1.603183 -49.266766
v -135.253220 1.603184 -49.699783
v -135.253220 0.629602 -48.710548
v -135.253220 0.629602 -48.277531
v -135.253220 1.603184 -48.277531
v -135.253220 1.603184 -48.710548
v -135.253220 0.629602 -47.721317
v -135.253220 0.629602 -47.288300
v -135.253220 1.603183 -47.288300
v -135.253220 1.603184 -47.721317
v -135.253220 0.629602 -46.732082
v -135.253220 0.629602 -46.299065
v -135.253220 1.603184 -46.299065
v -135.253220 1.603184 -46.732082
v -131.223709 0.629602 -45.309830
v -131.223709 0.629602 -45.742847
v -131.223709 1.603184 -45.742847
v -131.223709 1.603184 -45.309830
v -131.223709 0.629602 -46.299065
v -131.223709 0.629602 -46.732082
v -131.223709 1.603183 -46.732082
v -131.223709 1.603184 -46.299065
v -131.223709 0.629602 -47.288300
v -131.223709 0.629602 -47.721317
v -131.223709 1.603184 -47.721317
v -131.223709 1.603184 -47.288300
v -131.223709 0.629602 -48.277531
v -131.223709 0.629602 -48.710548
v -131.223709 1.603183 -48.710548
v -131.223709 1.603184 -48.277531
v -131.223709 0.629602 -49.266766
v -131.223709 0.629602 -49.699783
v -131.223709 1.603184 -49.699783
v -131.223709 1.603184 -49.266766
v -135.253220 1.989809 -45.031723
v -131.223709 1.989809 -45.031723
v -135.253220 1.989809 -50.967125
v -131.223709 1.989809 -50.967125
v -135.253220 3.540351 -50.967125
v -135.253220 3.540351 -45.031723
v -131.223709 3.540351 -45.031723
v -131.223709 3.540351 -50.967125
v -134.245850 1.989809 -45.031723
v -133.238464 1.989809 -45.031723
v -132.231079 1.989809 -45.031723
v -132.231079 1.989809 -50.967125
v -133.238464 1.989809 -50.967125
v -134.245850 1.989809 -50.967125
v -134.245850 3.540351 -45.031723
v -132.231079 3.540351 -45.031723
v -132.231079 3.540351 -50.967125
v -133.238464 3.540351 -50.967125
v -134.245850 3.540351 -50.967125
v -134.245850 1.989809 -43.605568
v -133.238464 1.989809 -43.605568
v -132.231079 1.989809 -43.605568
v -134.245850 3.540351 -43.605568
v -133.238464 3.540351 -43.605568
v -132.231079 3.540351 -43.605568
v -135.253220 3.735405 -50.967125
v -135.253220 3.735405 -45.031723
v -132.231079 3.735405 -45.031723
v -131.223709 3.735405 -45.031723
v -131.223709 3.735405 -50.967125
v -134.245850 3.735405 -50.967125
v -134.245850 3.735405 -45.031723
v -133.238464 3.735405 -45.031723
v -132.231079 3.735405 -50.967125
v -133.238464 3.735405 -50.967125
v -133.238464 3.735405 -43.605568
v -134.245850 3.735405 -43.605568
v -132.231079 3.735405 -43.605568
v -135.398544 3.540351 -51.181187
v -135.398544 3.540351 -44.817661
v -131.018188 3.540351 -45.031723
v -131.078384 3.540351 -51.181187
v -134.245850 3.540351 -51.269852
v -134.391174 3.540351 -44.817661
v -135.398544 3.735405 -44.817661
v -135.398544 3.735405 -51.181187
v -132.231079 3.540351 -51.269852
v -133.238464 3.540351 -51.269852
v -133.238464 3.735405 -51.269852
v -134.245850 3.735405 -51.269852
v -131.018188 3.735405 -45.031723
v -131.078384 3.735405 -51.181187
v -134.391174 3.540351 -43.391506
v -133.238464 3.540351 -43.302837
v -132.085754 3.540351 -43.391506
v -132.025558 3.540351 -45.031723
v -134.391174 3.735405 -44.817661
v -132.231079 3.735405 -51.269852
v -134.391174 3.735405 -43.391506
v -133.238464 3.735405 -43.302837
v -132.085754 3.735405 -43.391506
v -132.025558 3.735405 -45.031723
v -132.231079 3.540351 -43.962105
v -132.231079 3.540351 -44.318645
v -132.231079 3.540351 -44.675182
v -132.231079 1.989809 -44.675182
v -132.231079 1.989809 -44.318645
v -132.231079 1.989809 -43.962105
v -133.238464 1.989809 -43.962105
v -133.238464 1.989809 -44.318645
v -133.238464 1.989809 -44.675182
v -134.245850 3.540351 -44.675182
v -134.245850 3.540351 -44.318645
v -134.245850 3.540351 -43.962105
v -134.245850 1.989809 -44.675182
v -134.245850 1.989809 -44.318645
v -134.245850 1.989809 -43.962105
v -133.238464 3.735405 -44.675182
v -133.238464 3.735405 -44.318645
v -133.238464 3.735405 -43.962105
v -132.231079 3.735405 -43.962105
v -132.231079 3.735405 -44.318645
v -132.231079 3.735405 -44.675182
v -134.245850 3.735405 -44.675182
v -134.245850 3.735405 -44.318645
v -134.245850 3.735405 -43.962105
v -132.070709 3.540351 -43.801559
v -132.055664 3.540351 -44.211613
v -132.040619 3.540351 -44.621666
v -134.391174 3.540351 -44.461121
v -134.391174 3.540351 -44.104584
v -134.391174 3.540351 -43.748043
v -132.070709 3.735405 -43.801559
v -132.055664 3.735405 -44.211613
v -132.040619 3.735405 -44.621666
v -134.391174 3.735405 -44.461121
v -134.391174 3.735405 -44.104584
v -134.391174 3.735405 -43.748043
v -131.979233 1.989809 -45.031723
v -131.727386 1.989809 -45.031723
v -131.475540 1.989809 -45.031723
v -131.979233 3.540351 -45.031723
v -131.727386 3.540351 -45.031723
v -131.475540 3.540351 -45.031723
v -131.475540 1.989809 -50.967125
v -131.727386 1.989809 -50.967125
v -131.979233 1.989809 -50.967125
v -131.475540 3.540351 -50.967125
v -131.727386 3.540351 -50.967125
v -131.979233 3.540351 -50.967125
v -131.979233 3.735405 -45.031723
v -131.727386 3.735405 -45.031723
v -131.475540 3.735405 -45.031723
v -131.475540 3.735405 -50.967125
v -131.727386 3.735405 -50.967125
v -131.979233 3.735405 -50.967125
v -131.366547 3.540351 -51.203354
v -131.654724 3.540351 -51.225521
v -131.942902 3.540351 -51.247684
v -131.366547 3.735405 -51.203354
v -131.654724 3.735405 -51.225521
v -131.942902 3.735405 -51.247684
v -134.497696 1.989809 -50.967125
v -134.749542 1.989809 -50.967125
v -135.001389 1.989809 -50.967125
v -134.497696 3.540351 -50.967125
v -134.749542 3.540351 -50.967125
v -135.001389 3.540351 -50.967125
v -135.001389 1.989809 -45.031723
v -134.749542 1.989809 -45.031723
v -134.497696 1.989809 -45.031723
v -135.001389 3.540351 -45.031723
v -134.749542 3.540351 -45.031723
v -134.497696 3.540351 -45.031723
v -134.497696 3.735405 -50.967125
v -134.749542 3.735405 -50.967125
v -135.001389 3.735405 -50.967125
v -135.001389 3.735405 -45.031723
v -134.749542 3.735405 -45.031723
v -134.497696 3.735405 -45.031723
v -134.534027 3.540351 -51.247688
v -134.822205 3.540351 -51.225521
v -135.110382 3.540351 -51.203354
v -135.146713 3.540351 -44.817661
v -134.894867 3.540351 -44.817661
v -134.643021 3.540351 -44.817661
v -134.534027 3.735405 -51.247688
v -134.822205 3.735405 -51.225521
v -135.110382 3.735405 -51.203354
v -135.146713 3.735405 -44.817661
v -134.894867 3.735405 -44.817661
v -134.643021 3.735405 -44.817661
v -133.762405 1.989809 -45.031723
v -133.762405 1.989809 -50.967125
v -133.762405 3.540351 -50.967125
v -133.762405 1.989809 -43.605568
v -133.762405 3.540351 -43.605568
v -133.762405 3.735405 -45.031723
v -133.762405 3.735405 -50.967125
v -133.762405 3.735405 -43.605568
v -133.762405 3.540351 -51.269852
v -133.837997 3.540351 -43.348953
v -133.762405 3.735405 -51.269852
v -133.837997 3.735405 -43.348953
v -133.762405 3.735405 -44.675182
v -133.762405 3.735405 -44.318645
v -133.762405 3.735405 -43.962105
v -133.762405 1.989809 -44.675182
v -133.762405 1.989809 -44.318645
v -133.762405 1.989809 -43.962105
v -133.994400 1.989809 -50.967125
v -133.994400 3.540351 -50.967125
v -133.994400 3.735405 -50.967125
v -133.994400 3.540351 -51.269852
v -133.994400 3.735405 -51.269852
v -133.994400 1.989809 -44.675182
v -133.994400 1.989809 -44.318645
v -133.994400 1.989809 -43.962105
v -133.994400 1.989809 -45.031723
v -133.994400 1.989809 -43.605568
v -133.994400 3.540351 -43.605568
v -133.994400 3.735405 -45.031723
v -133.994400 3.735405 -43.605568
v -134.103455 3.540351 -43.369373
v -134.103455 3.735405 -43.369373
v -133.994400 3.735405 -44.675182
v -133.994400 3.735405 -44.318645
v -133.994400 3.735405 -43.962105
v -132.705353 1.989809 -45.031723
v -132.705353 1.989809 -50.967125
v -132.705353 3.540351 -50.967125
v -132.705353 1.989809 -43.605568
v -132.705353 3.540351 -43.605568
v -132.705353 3.735405 -45.031723
v -132.705353 3.735405 -50.967125
v -132.705353 3.735405 -43.605568
v -132.705353 3.540351 -51.269852
v -132.628448 3.540351 -43.349762
v -132.705353 3.735405 -51.269852
v -132.628448 3.735405 -43.349762
v -132.705353 3.735405 -44.675182
v -132.705353 3.735405 -44.318645
v -132.705353 3.735405 -43.962105
v -132.705353 1.989809 -44.675182
v -132.705353 1.989809 -44.318645
v -132.705353 1.989809 -43.962105
v -135.253220 2.183627 -50.967125
v -131.223709 2.183627 -50.967125
v -131.223709 2.183627 -45.031723
v -135.253220 2.183627 -45.031723
v -134.245850 2.183627 -45.031723
v -132.231079 2.183627 -45.031723
v -132.231079 2.183627 -50.967125
v -133.238464 2.183627 -50.967125
v -134.245850 2.183627 -50.967125
v -134.245850 2.183627 -43.605568
v -133.238464 2.183627 -43.605568
v -132.231079 2.183627 -43.605568
v -134.245850 2.183627 -44.675182
v -134.245850 2.183627 -44.318645
v -134.245850 2.183627 -43.962105
v -132.231079 2.183627 -44.675182
v -132.231079 2.183627 -44.318645
v -132.231079 2.183627 -43.962105
v -131.475540 2.183627 -50.967125
v -131.727386 2.183627 -50.967125
v -131.979233 2.183627 -50.967125
v -131.979233 2.183627 -45.031723
v -131.727386 2.183627 -45.031723
v -131.475540 2.183627 -45.031723
v -135.001389 2.183627 -45.031723
v -134.749542 2.183627 -45.031723
v -134.497696 2.183627 -45.031723
v -134.497696 2.183627 -50.967125
v -134.749542 2.183627 -50.967125
v -135.001389 2.183627 -50.967125
v -133.762405 2.183627 -43.605568
v -133.762405 2.183627 -50.967125
v -133.994400 2.183627 -43.605568
v -133.994400 2.183627 -50.967125
v -132.705353 2.183627 -43.605568
v -132.705353 2.183627 -50.967125
v -135.253220 1.989809 -49.977890
v -135.253220 1.989809 -48.988659
v -135.253220 1.989809 -47.999424
v -135.253220 1.989809 -47.010189
v -135.253220 1.989809 -46.020958
v -131.223709 1.989809 -46.020958
v -131.223709 1.989809 -47.010189
v -131.223709 1.989809 -47.999424
v -131.223709 1.989809 -48.988659
v -131.223709 1.989809 -49.977890
v -135.253220 3.540351 -49.977890
v -135.253220 3.540351 -48.988659
v -135.253220 3.540351 -47.999424
v -135.253220 3.540351 -47.010189
v -135.253220 3.540351 -46.020958
v -131.223709 3.540351 -46.020958
v -131.223709 3.540351 -47.010189
v -131.223709 3.540351 -47.999424
v -131.223709 3.540351 -48.988659
v -131.223709 3.540351 -49.977890
v -134.245850 1.989809 -49.977890
v -134.245850 1.989809 -48.988659
v -134.245850 1.989809 -47.999424
v -134.245850 1.989809 -47.010189
v -134.245850 1.989809 -46.020958
v -133.238464 1.989809 -49.977890
v -133.238464 1.989809 -48.988659
v -133.238464 1.989809 -47.999424
v -133.238464 1.989809 -47.010189
v -133.238464 1.989809 -46.020958
v -132.231079 1.989809 -49.977890
v -132.231079 1.989809 -48.988659
v -132.231079 1.989809 -47.999424
v -132.231079 1.989809 -47.010189
v -132.231079 1.989809 -46.020958
v -135.253220 3.735405 -49.977890
v -135.253220 3.735405 -48.988659
v -135.253220 3.735405 -47.999424
v -135.253220 3.735405 -47.010189
v -135.253220 3.735405 -46.020958
v -131.223709 3.735405 -46.020958
v -131.223709 3.735405 -47.010189
v -131.223709 3.735405 -47.999424
v -131.223709 3.735405 -48.988659
v -131.223709 3.735405 -49.977890
v -134.245850 3.735405 -46.020958
v -134.245850 3.735405 -47.010189
v -134.245850 3.735405 -47.999424
v -134.245850 3.735405 -48.988659
v -134.245850 3.735405 -49.977890
v -133.238464 3.735405 -46.020958
v -133.238464 3.735405 -47.010189
v -133.238464 3.735405 -47.999424
v -133.238464 3.735405 -48.988659
v -133.238464 3.735405 -49.977890
v -132.231079 3.735405 -46.020958
v -132.231079 3.735405 -47.010189
v -132.231079 3.735405 -47.999424
v -132.231079 3.735405 -48.988659
v -132.231079 3.735405 -49.977890
v -135.398544 3.540351 -50.120598
v -135.398544 3.540351 -49.060013
v -135.398544 3.540351 -47.999424
v -135.398544 3.540351 -46.938835
v -135.398544 3.540351 -45.878250
v -131.028214 3.540351 -46.056633
v -131.038254 3.540351 -47.081543
v -131.048279 3.540351 -48.106453
v -131.058319 3.540351 -49.131367
v -131.068344 3.540351 -50.156277
v -135.398544 3.735405 -50.120598
v -135.398544 3.735405 -49.060013
v -135.398544 3.735405 -47.999424
v -135.398544 3.735405 -46.938835
v -135.398544 3.735405 -45.878250
v -131.028214 3.735405 -46.056633
v -131.038254 3.735405 -47.081543
v -131.048279 3.735405 -48.106453
v -131.058319 3.735405 -49.131367
v -131.068344 3.735405 -50.156277
v -131.979233 3.735405 -46.020958
v -131.979233 3.735405 -47.010189
v -131.979233 3.735405 -47.999424
v -131.979233 3.735405 -48.988659
v -131.979233 3.735405 -49.977890
v -131.727386 3.735405 -46.020958
v -131.727386 3.735405 -47.010189
v -131.727386 3.735405 -47.999424
v -131.727386 3.735405 -48.988659
v -131.727386 3.735405 -49.977890
v -131.475540 3.735405 -46.020958
v -131.475540 3.735405 -47.010189
v -131.475540 3.735405 -47.999424
v -131.475540 3.735405 -48.988659
v -131.475540 3.735405 -49.977890
v -131.979233 1.989809 -49.977890
v -131.979233 1.989809 -48.988659
v -131.979233 1.989809 -47.999424
v -131.979233 1.989809 -47.010189
v -131.979233 1.989809 -46.020958
v -131.727386 1.989809 -49.977890
v -131.727386 1.989809 -48.988659
v -131.727386 1.989809 -47.999424
v -131.727386 1.989809 -47.010189
v -131.727386 1.989809 -46.020958
v -131.475540 1.989809 -49.977890
v -131.475540 1.989809 -48.988659
v -131.475540 1.989809 -47.999424
v -131.475540 1.989809 -47.010189
v -131.475540 1.989809 -46.020958
v -135.001389 3.735405 -46.020958
v -135.001389 3.735405 -47.010189
v -135.001389 3.735405 -47.999424
v -135.001389 3.735405 -48.988659
v -135.001389 3.735405 -49.977890
v -134.749542 3.735405 -46.020958
v -134.749542 3.735405 -47.010189
v -134.749542 3.735405 -47.999424
v -134.749542 3.735405 -48.988659
v -134.749542 3.735405 -49.977890
v -134.497696 3.735405 -46.020958
v -134.497696 3.735405 -47.010189
v -134.497696 3.735405 -47.999424
v -134.497696 3.735405 -48.988659
v -134.497696 3.735405 -49.977890
v -135.001389 1.989809 -49.977890
v -135.001389 1.989809 -48.988659
v -135.001389 1.989809 -47.999424
v -135.001389 1.989809 -47.010189
v -135.001389 1.989809 -46.020958
v -134.749542 1.989809 -49.977890
v -134.749542 1.989809 -48.988659
v -134.749542 1.989809 -47.999424
v -134.749542 1.989809 -47.010189
v -134.749542 1.989809 -46.020958
v -134.497696 1.989809 -49.977890
v -134.497696 1.989809 -48.988659
v -134.497696 1.989809 -47.999424
v -134.497696 1.989809 -47.010189
v -134.497696 1.989809 -46.020958
v -133.762405 3.735405 -46.020958
v -133.762405 3.735405 -47.010189
v -133.762405 3.735405 -47.999424
v -133.762405 3.735405 -48.988659
v -133.762405 3.735405 -49.977890
v -133.762405 1.989809 -49.977890
v -133.762405 1.989809 -48.988659
v -133.762405 1.989809 -47.999424
v -133.762405 1.989809 -47.010189
v -133.762405 1.989809 -46.020958
v -133.994400 1.989809 -49.977890
v -133.994400 1.989809 -48.988659
v -133.994400 1.989809 -47.999424
v -133.994400 1.989809 -47.010189
v -133.994400 1.989809 -46.020958
v -133.994400 3.735405 -46.020958
v -133.994400 3.735405 -47.010189
v -133.994400 3.735405 -47.999424
v -133.994400 3.735405 -48.988659
v -133.994400 3.735405 -49.977890
v -132.705353 3.735405 -46.020958
v -132.705353 3.735405 -47.010189
v -132.705353 3.735405 -47.999424
v -132.705353 3.735405 -48.988659
v -132.705353 3.735405 -49.977890
v -132.705353 1.989809 -49.977890
v -132.705353 1.989809 -48.988659
v -132.705353 1.989809 -47.999424
v -132.705353 1.989809 -47.010189
v -132.705353 1.989809 -46.020958
v -135.253220 2.183627 -46.020958
v -135.253220 2.183627 -47.010189
v -135.253220 2.183627 -47.999424
v -135.253220 2.183627 -48.988659
v -135.253220 2.183627 -49.977890
v -131.223709 2.183627 -49.977890
v -131.223709 2.183627 -48.988659
v -131.223709 2.183627 -47.999424
v -131.223709 2.183627 -47.010189
v -131.223709 2.183627 -46.020958
v -135.190186 2.375198 -50.967125
v -135.064423 2.375198 -50.967125
v -135.064423 3.348780 -50.967125
v -135.190186 3.348780 -50.967125
v -131.286743 2.375198 -45.031723
v -131.412506 2.375198 -45.031723
v -131.412506 3.348780 -45.031723
v -131.286743 3.348780 -45.031723
v -131.223709 2.375198 -50.256001
v -131.223709 2.375198 -50.689018
v -131.223709 3.348780 -50.689018
v -131.223709 3.348780 -50.256001
v -135.253220 2.375198 -45.742847
v -135.253220 2.375198 -45.309830
v -135.253220 3.348780 -45.309830
v -135.253220 3.348780 -45.742847
v -134.308884 2.375198 -45.031723
v -134.434647 2.375198 -45.031723
v -134.434647 3.348780 -45.031723
v -134.308884 3.348780 -45.031723
v -132.168045 2.375198 -50.967125
v -132.042282 2.375198 -50.967125
v -132.042282 3.348780 -50.967125
v -132.168045 3.348780 -50.967125
v -132.894150 2.375198 -50.967125
v -133.049652 2.375198 -50.967125
v -133.049652 3.348780 -50.967125
v -132.894150 3.348780 -50.967125
v -134.183212 2.375198 -50.967125
v -134.057037 2.375198 -50.967125
v -134.057037 3.348780 -50.967125
v -134.183212 3.348780 -50.967125
v -133.573608 2.375198 -43.605568
v -133.427277 2.375198 -43.605568
v -133.427277 3.348780 -43.605568
v -133.573608 3.348780 -43.605568
v -132.516541 2.375198 -43.605568
v -132.419891 2.375198 -43.605568
v -132.419891 3.348780 -43.605568
v -132.516541 3.348780 -43.605568
v -132.231079 2.375198 -43.683998
v -132.231079 3.348780 -43.683998
v -132.231079 3.348780 -43.883675
v -132.231079 2.375198 -43.883675
v -132.231079 2.375198 -44.753613
v -132.231079 3.348780 -44.753613
v -132.231079 3.348780 -44.953293
v -132.231079 2.375198 -44.953293
v -132.231079 2.375198 -44.397076
v -132.231079 3.348780 -44.397076
v -132.231079 3.348780 -44.596752
v -132.231079 2.375198 -44.596752
v -132.231079 2.375198 -44.040535
v -132.231079 3.348780 -44.040535
v -132.231079 3.348780 -44.240211
v -132.231079 2.375198 -44.240211
v -131.412506 2.375198 -50.967125
v -131.286743 2.375198 -50.967125
v -131.286743 3.348780 -50.967125
v -131.412506 3.348780 -50.967125
v -131.664352 2.375198 -50.967125
v -131.538589 2.375198 -50.967125
v -131.538589 3.348780 -50.967125
v -131.664352 3.348780 -50.967125
v -131.916199 2.375198 -50.967125
v -131.790436 2.375198 -50.967125
v -131.790436 3.348780 -50.967125
v -131.916199 3.348780 -50.967125
v -132.042282 2.375198 -45.031723
v -132.168045 2.375198 -45.031723
v -132.168045 3.348780 -45.031723
v -132.042282 3.348780 -45.031723
v -131.790436 2.375198 -45.031723
v -131.916199 2.375198 -45.031723
v -131.916199 3.348780 -45.031723
v -131.790436 3.348780 -45.031723
v -131.538589 2.375198 -45.031723
v -131.664352 2.375198 -45.031723
v -131.664352 3.348780 -45.031723
v -131.538589 3.348780 -45.031723
v -135.064423 2.375198 -45.031723
v -135.190186 2.375198 -45.031723
v -135.190186 3.348780 -45.031723
v -135.064423 3.348780 -45.031723
v -134.812576 2.375198 -45.031723
v -134.938339 2.375198 -45.031723
v -134.938339 3.348780 -45.031723
v -134.812576 3.348780 -45.031723
v -134.560730 2.375198 -45.031723
v -134.686493 2.375198 -45.031723
v -134.686493 3.348780 -45.031723
v -134.560730 3.348780 -45.031723
v -134.434647 2.375198 -50.967125
v -134.308884 2.375198 -50.967125
v -134.308884 3.348780 -50.967125
v -134.434647 3.348780 -50.967125
v -134.686493 2.375198 -50.967125
v -134.560730 2.375198 -50.967125
v -134.560730 3.348780 -50.967125
v -134.686493 3.348780 -50.967125
v -134.938339 2.375198 -50.967125
v -134.812576 2.375198 -50.967125
v -134.812576 3.348780 -50.967125
v -134.938339 3.348780 -50.967125
v -133.805603 2.375198 -43.605568
v -133.951218 2.375198 -43.605568
v -133.951218 3.348780 -43.605568
v -133.805603 3.348780 -43.605568
v -133.427277 2.375198 -50.967125
v -133.573608 2.375198 -50.967125
v -133.573608 3.348780 -50.967125
v -133.427277 3.348780 -50.967125
v -134.057037 2.375198 -43.605568
v -134.183212 2.375198 -43.605568
v -134.183212 3.348780 -43.605568
v -134.057037 3.348780 -43.605568
v -133.951218 2.375198 -50.967125
v -133.805603 2.375198 -50.967125
v -133.805603 3.348780 -50.967125
v -133.951218 3.348780 -50.967125
v -133.049652 2.375198 -43.605568
v -132.894150 2.375198 -43.605568
v -132.894150 3.348780 -43.605568
v -133.049652 3.348780 -43.605568
v -132.419891 2.375198 -50.967125
v -132.516541 2.375198 -50.967125
v -132.516541 3.348780 -50.967125
v -132.419891 3.348780 -50.967125
v -134.245850 3.348780 -44.040535
v -134.245850 2.375198 -44.040535
v -134.245850 2.375198 -44.240211
v -134.245850 3.348780 -44.240211
v -134.245850 3.348780 -44.397076
v -134.245850 2.375198 -44.397076
v -134.245850 2.375198 -44.596752
v -134.245850 3.348780 -44.596752
v -134.245850 3.348780 -44.753613
v -134.245850 2.375198 -44.753613
v -134.245850 2.375198 -44.953293
v -134.245850 3.348780 -44.953293
v -134.245850 3.348780 -43.683998
v -134.245850 2.375198 -43.683998
v -134.245850 2.375198 -43.883675
v -134.245850 3.348780 -43.883675
v -135.253220 2.375198 -50.689018
v -135.253220 2.375198 -50.256001
v -135.253220 3.348780 -50.256001
v -135.253220 3.348780 -50.689018
v -135.253220 2.375198 -49.699783
v -135.253220 2.375198 -49.266766
v -135.253220 3.348780 -49.266766
v -135.253220 3.348780 -49.699783
v -135.253220 2.375198 -48.710548
v -135.253220 2.375198 -48.277531
v -135.253220 3.348780 -48.277531
v -135.253220 3.348780 -48.710548
v -135.253220 2.375198 -47.721317
v -135.253220 2.375198 -47.288300
v -135.253220 3.348780 -47.288300
v -135.253220 3.348780 -47.721317
v -135.253220 2.375198 -46.732082
v -135.253220 2.375198 -46.299065
v -135.253220 3.348780 -46.299065
v -135.253220 3.348780 -46.732082
v -131.223709 2.375198 -45.309830
v -131.223709 2.375198 -45.742847
v -131.223709 3.348780 -45.742847
v -131.223709 3.348780 -45.309830
v -131.223709 2.375198 -46.299065
v -131.223709 2.375198 -46.732082
v -131.223709 3.348780 -46.732082
v -131.223709 3.348780 -46.299065
v -131.223709 2.375198 -47.288300
v -131.223709 2.375198 -47.721317
v -131.223709 3.348780 -47.721317
v -131.223709 3.348780 -47.288300
v -131.223709 2.375198 -48.277531
v -131.223709 2.375198 -48.710548
v -131.223709 3.348780 -48.710548
v -131.223709 3.348780 -48.277531
v -131.223709 2.375198 -49.266766
v -131.223709 2.375198 -49.699783
v -131.223709 3.348780 -49.699783
v -131.223709 3.348780 -49.266766
v -135.253220 3.735405 -45.031723
v -131.223709 3.735405 -45.031723
v -135.253220 3.735405 -50.967125
v -131.223709 3.735405 -50.967125
v -135.253220 5.285948 -50.967125
v -135.253220 5.285948 -45.031723
v -131.223709 5.285948 -45.031723
v -131.223709 5.285948 -50.967125
v -134.245850 3.735405 -45.031723
v -133.238464 3.735405 -45.031723
v -132.231079 3.735405 -45.031723
v -132.231079 3.735405 -50.967125
v -133.238464 3.735405 -50.967125
v -134.245850 3.735405 -50.967125
v -134.245850 5.285948 -45.031723
v -132.231079 5.285948 -45.031723
v -132.231079 5.285948 -50.967125
v -133.238464 5.285948 -50.967125
v -134.245850 5.285948 -50.967125
v -134.245850 3.735405 -43.605568
v -133.238464 3.735405 -43.605568
v -132.231079 3.735405 -43.605568
v -134.245850 5.285948 -43.605568
v -133.238464 5.285948 -43.605568
v -132.231079 5.285948 -43.605568
v -135.253220 5.481002 -50.967125
v -135.253220 5.481002 -45.031723
v -132.231079 5.481002 -45.031723
v -131.223709 5.481002 -45.031723
v -131.223709 5.481002 -50.967125
v -134.245850 5.481002 -50.967125
v -134.245850 5.481002 -45.031723
v -133.238464 5.481002 -45.031723
v -132.231079 5.481002 -50.967125
v -133.238464 5.481002 -50.967125
v -133.238464 5.481002 -43.605568
v -134.245850 5.481002 -43.605568
v -132.231079 5.481002 -43.605568
v -135.398544 5.285948 -51.181187
v -135.398544 5.285948 -44.817661
v -131.018188 5.285948 -45.031723
v -131.078384 5.285948 -51.181187
v -134.245850 5.285948 -51.269852
v -134.391174 5.285948 -44.817661
v -135.398544 5.481002 -44.817661
v -135.398544 5.481002 -51.181187
v -132.231079 5.285948 -51.269852
v -133.238464 5.285948 -51.269852
v -133.238464 5.481002 -51.269852
v -134.245850 5.481002 -51.269852
v -131.018188 5.481002 -45.031723
v -131.078384 5.481002 -51.181187
v -134.391174 5.285948 -43.391506
v -133.238464 5.285948 -43.302837
v -132.085754 5.285948 -43.391506
v -132.025558 5.285948 -45.031723
v -134.391174 5.481002 -44.817661
v -132.231079 5.481002 -51.269852
v -134.391174 5.481002 -43.391506
v -133.238464 5.481002 -43.302837
v -132.085754 5.481002 -43.391506
v -132.025558 5.481002 -45.031723
v -132.231079 5.285948 -43.962105
v -132.231079 5.285948 -44.318645
v -132.231079 5.285948 -44.675182
v -132.231079 3.735405 -44.675182
v -132.231079 3.735405 -44.318645
v -132.231079 3.735405 -43.962105
v -133.238464 3.735405 -43.962105
v -133.238464 3.735405 -44.318645
v -133.238464 3.735405 -44.675182
v -134.245850 5.285948 -44.675182
v -134.245850 5.285948 -44.318645
v -134.245850 5.285948 -43.962105
v -134.245850 3.735405 -44.675182
v -134.245850 3.735405 -44.318645
v -134.245850 3.735405 -43.962105
v -133.238464 5.481002 -44.675182
v -133.238464 5.481002 -44.318645
v -133.238464 5.481002 -43.962105
v -132.231079 5.481002 -43.962105
v -132.231079 5.481002 -44.318645
v -132.231079 5.481002 -44.675182
v -134.245850 5.481002 -44.675182
v -134.245850 5.481002 -44.318645
v -134.245850 5.481002 -43.962105
v -132.070709 5.285948 -43.801559
v -132.055664 5.285948 -44.211613
v -132.040619 5.285948 -44.621666
v -134.391174 5.285948 -44.461121
v -134.391174 5.285948 -44.104584
v -134.391174 5.285948 -43.748043
v -132.070709 5.481002 -43.801559
v -132.055664 5.481002 -44.211613
v -132.040619 5.481002 -44.621666
v -134.391174 5.481002 -44.461121
v -134.391174 5.481002 -44.104584
v -134.391174 5.481002 -43.748043
v -131.979233 3.735405 -45.031723
v -131.727386 3.735405 -45.031723
v -131.475540 3.735405 -45.031723
v -131.979233 5.285948 -45.031723
v -131.727386 5.285948 -45.031723
v -131.475540 5.285948 -45.031723
v -131.475540 3.735405 -50.967125
v -131.727386 3.735405 -50.967125
v -131.979233 3.735405 -50.967125
v -131.475540 5.285948 -50.967125
v -131.727386 5.285948 -50.967125
v -131.979233 5.285948 -50.967125
v -131.979233 5.481002 -45.031723
v -131.727386 5.481002 -45.031723
v -131.475540 5.481002 -45.031723
v -131.475540 5.481002 -50.967125
v -131.727386 5.481002 -50.967125
v -131.979233 5.481002 -50.967125
v -131.366547 5.285948 -51.203354
v -131.654724 5.285948 -51.225521
v -131.942902 5.285948 -51.247684
v -131.366547 5.481002 -51.203354
v -131.654724 5.481002 -51.225521
v -131.942902 5.481002 -51.247684
v -134.497696 3.735405 -50.967125
v -134.749542 3.735405 -50.967125
v -135.001389 3.735405 -50.967125
v -134.497696 5.285948 -50.967125
v -134.749542 5.285948 -50.967125
v -135.001389 5.285948 -50.967125
v -135.001389 3.735405 -45.031723
v -134.749542 3.735405 -45.031723
v -134.497696 3.735405 -45.031723
v -135.001389 5.285948 -45.031723
v -134.749542 5.285948 -45.031723
v -134.497696 5.285948 -45.031723
v -134.497696 5.481002 -50.967125
v -134.749542 5.481002 -50.967125
v -135.001389 5.481002 -50.967125
v -135.001389 5.481002 -45.031723
v -134.749542 5.481002 -45.031723
v -134.497696 5.481002 -45.031723
v -134.534027 5.285948 -51.247688
v -134.822205 5.285948 -51.225521
v -135.110382 5.285948 -51.203354
v -135.146713 5.285948 -44.817661
v -134.894867 5.285948 -44.817661
v -134.643021 5.285948 -44.817661
v -134.534027 5.481002 -51.247688
v -134.822205 5.481002 -51.225521
v -135.110382 5.481002 -51.203354
v -135.146713 5.481002 -44.817661
v -134.894867 5.481002 -44.817661
v -134.643021 5.481002 -44.817661
v -133.762405 3.735405 -45.031723
v -133.762405 3.735405 -50.967125
v -133.762405 5.285948 -50.967125
v -133.762405 3.735405 -43.605568
v -133.762405 5.285948 -43.605568
v -133.762405 5.481002 -45.031723
v -133.762405 5.481002 -50.967125
v -133.762405 5.481002 -43.605568
v -133.762405 5.285948 -51.269852
v -133.837997 5.285948 -43.348953
v -133.762405 5.481002 -51.269852
v -133.837997 5.481002 -43.348953
v -133.762405 5.481002 -44.675182
v -133.762405 5.481002 -44.318645
v -133.762405 5.481002 -43.962105
v -133.762405 3.735405 -44.675182
v -133.762405 3.735405 -44.318645
v -133.762405 3.735405 -43.962105
v -133.994400 3.735405 -50.967125
v -133.994400 5.285948 -50.967125
v -133.994400 5.481002 -50.967125
v -133.994400 5.285948 -51.269852
v -133.994400 5.481002 -51.269852
v -133.994400 3.735405 -44.675182
v -133.994400 3.735405 -44.318645
v -133.994400 3.735405 -43.962105
v -133.994400 3.735405 -45.031723
v -133.994400 3.735405 -43.605568
v -133.994400 5.285948 -43.605568
v -133.994400 5.481002 -45.031723
v -133.994400 5.481002 -43.605568
v -134.103455 5.285948 -43.369373
v -134.103455 5.481002 -43.369373
v -133.994400 5.481002 -44.675182
v -133.994400 5.481002 -44.318645
v -133.994400 5.481002 -43.962105
v -132.705353 3.735405 -45.031723
v -132.705353 3.735405 -50.967125
v -132.705353 5.285948 -50.967125
v -132.705353 3.735405 -43.605568
v -132.705353 5.285948 -43.605568
v -132.705353 5.481002 -45.031723
v -132.705353 5.481002 -50.967125
v -132.705353 5.481002 -43.605568
v -132.705353 5.285948 -51.269852
v -132.628448 5.285948 -43.349762
v -132.705353 5.481002 -51.269852
v -132.628448 5.481002 -43.349762
v -132.705353 5.481002 -44.675182
v -132.705353 5.481002 -44.318645
v -132.705353 5.481002 -43.962105
v -132.705353 3.735405 -44.675182
v -132.705353 3.735405 -44.318645
v -132.705353 3.735405 -43.962105
v -135.253220 3.929223 -50.967125
v -131.223709 3.929223 -50.967125
v -131.223709 3.929223 -45.031723
v -135.253220 3.929223 -45.031723
v -134.245850 3.929223 -45.031723
v -132.231079 3.929223 -45.031723
v -132.231079 3.929223 -50.967125
v -133.238464 3.929223 -50.967125
v -134.245850 3.929223 -50.967125
v -134.245850 3.929223 -43.605568
v -133.238464 3.929223 -43.605568
v -132.231079 3.929223 -43.605568
v -134.245850 3.929223 -44.675182
v -134.245850 3.929223 -44.318645
v -134.245850 3.929223 -43.962105
v -132.231079 3.929223 -44.675182
v -132.231079 3.929223 -44.318645
v -132.231079 3.929223 -43.962105
v -131.475540 3.929223 -50.967125
v -131.727386 3.929223 -50.967125
v -131.979233 3.929223 -50.967125
v -131.979233 3.929223 -45.031723
v -131.727386 3.929223 -45.031723
v -131.475540 3.929223 -45.031723
v -135.001389 3.929223 -45.031723
v -134.749542 3.929223 -45.031723
v -134.497696 3.929223 -45.031723
v -134.497696 3.929223 -50.967125
v -134.749542 3.929223 -50.967125
v -135.001389 3.929223 -50.967125
v -133.762405 3.929223 -43.605568
v -133.762405 3.929223 -50.967125
v -133.994400 3.929223 -43.605568
v -133.994400 3.929223 -50.967125
v -132.705353 3.929223 -43.605568
v -132.705353 3.929223 -50.967125
v -135.253220 3.735405 -49.977890
v -135.253220 3.735405 -48.988659
v -135.253220 3.735405 -47.999424
v -135.253220 3.735405 -47.010189
v -135.253220 3.735405 -46.020958
v -131.223709 3.735405 -46.020958
v -131.223709 3.735405 -47.010189
v -131.223709 3.735405 -47.999424
v -131.223709 3.735405 -48.988659
v -131.223709 3.735405 -49.977890
v -135.253220 5.285948 -49.977890
v -135.253220 5.285948 -48.988659
v -135.253220 5.285948 -47.999424
v -135.253220 5.285948 -47.010189
v -135.253220 5.285948 -46.020958
v -131.223709 5.285948 -46.020958
v -131.223709 5.285948 -47.010189
v -131.223709 5.285948 -47.999424
v -131.223709 5.285948 -48.988659
v -131.223709 5.285948 -49.977890
v -134.245850 3.735405 -49.977890
v -134.245850 3.735405 -48.988659
v -134.245850 3.735405 -47.999424
v -134.245850 3.735405 -47.010189
v -134.245850 3.735405 -46.020958
v -133.238464 3.735405 -49.977890
v -133.238464 3.735405 -48.988659
v -133.238464 3.735405 -47.999424
v -133.238464 3.735405 -47.010189
v -133.238464 3.735405 -46.020958
v -132.231079 3.735405 -49.977890
v -132.231079 3.735405 -48.988659
v -132.231079 3.735405 -47.999424
v -132.231079 3.735405 -47.010189
v -132.231079 3.735405 -46.020958
v -135.253220 5.481002 -49.977890
v -135.253220 5.481002 -48.988659
v -135.253220 5.481002 -47.999424
v -135.253220 5.481002 -47.010189
v -135.253220 5.481002 -46.020958
v -131.223709 5.481002 -46.020958
v -131.223709 5.481002 -47.010189
v -131.223709 5.481002 -47.999424
v -131.223709 5.481002 -48.988659
v -131.223709 5.481002 -49.977890
v -134.245850 5.481002 -46.020958
v -134.245850 5.481002 -47.010189
v -134.245850 5.481002 -47.999424
v -134.245850 5.481002 -48.988659
v -134.245850 5.481002 -49.977890
v -133.238464 5.481002 -46.020958
v -133.238464 5.481002 -47.010189
v -133.238464 5.481002 -47.999424
v -133.238464 5.481002 -48.988659
v -133.238464 5.481002 -49.977890
v -132.231079 5.481002 -46.020958
v -132.231079 5.481002 -47.010189
v -132.231079 5.481002 -47.999424
v -132.231079 5.481002 -48.988659
v -132.231079 5.481002 -49.977890
v -135.398544 5.285948 -50.120598
v -135.398544 5.285948 -49.060013
v -135.398544 5.285948 -47.999424
v -135.398544 5.285948 -46.938835
v -135.398544 5.285948 -45.878250
v -131.028214 5.285948 -46.056633
v -131.038254 5.285948 -47.081543
v -131.048279 5.285948 -48.106453
v -131.058319 5.285948 -49.131367
v -131.068344 5.285948 -50.156277
v -135.398544 5.481002 -50.120598
v -135.398544 5.481002 -49.060013
v -135.398544 5.481002 -47.999424
v -135.398544 5.481002 -46.938835
v -135.398544 5.481002 -45.878250
v -131.028214 5.481002 -46.056633
v -131.038254 5.481002 -47.081543
v -131.048279 5.481002 -48.106453
v -131.058319 5.481002 -49.131367
v -131.068344 5.481002 -50.156277
v -131.979233 5.481002 -46.020958
v -131.979233 5.481002 -47.010189
v -131.979233 5.481002 -47.999424
v -131.979233 5.481002 -48.988659
v -131.979233 5.481002 -49.977890
v -131.727386 5.481002 -46.020958
v -131.727386 5.481002 -47.010189
v -131.727386 5.481002 -47.999424
v -131.727386 5.481002 -48.988659
v -131.727386 5.481002 -49.977890
v -131.475540 5.481002 -46.020958
v -131.475540 5.481002 -47.010189
v -131.475540 5.481002 -47.999424
v -131.475540 5.481002 -48.988659
v -131.475540 5.481002 -49.977890
v -131.979233 3.735405 -49.977890
v -131.979233 3.735405 -48.988659
v -131.979233 3.735405 -47.999424
v -131.979233 3.735405 -47.010189
v -131.979233 3.735405 -46.020958
v -131.727386 3.735405 -49.977890
v -131.727386 3.735405 -48.988659
v -131.727386 3.735405 -47.999424
v -131.727386 3.735405 -47.010189
v -131.727386 3.735405 -46.020958
v -131.475540 3.735405 -49.977890
v -131.475540 3.735405 -48.988659
v -131.475540 3.735405 -47.999424
v -131.475540 3.735405 -47.010189
v -131.475540 3.735405 -46.020958
v -135.001389 5.481002 -46.020958
v -135.001389 5.481002 -47.010189
v -135.001389 5.481002 -47.999424
v -135.001389 5.481002 -48.988659
v -135.001389 5.481002 -49.977890
v -134.749542 5.481002 -46.020958
v -134.749542 5.481002 -47.010189
v -134.749542 5.481002 -47.999424
v -134.749542 5.481002 -48.988659
v -134.749542 5.481002 -49.977890
v -134.497696 5.481002 -46.020958
v -134.497696 5.481002 -47.010189
v -134.497696 5.481002 -47.999424
v -134.497696 5.481002 -48.988659
v -134.497696 5.481002 -49.977890
v -135.001389 3.735405 -49.977890
v -135.001389 3.735405 -48.988659
v -135.001389 3.735405 -47.999424
v -135.001389 3.735405 -47.010189
v -135.001389 3.735405 -46.020958
v -134.749542 3.735405 -49.977890
v -134.749542 3.735405 -48.988659
v -134.749542 3.735405 -47.999424
v -134.749542 3.735405 -47.010189
v -134.749542 3.735405 -46.020958
v -134.497696 3.735405 -49.977890
v -134.497696 3.735405 -48.988659
v -134.497696 3.735405 -47.999424
v -134.497696 3.735405 -47.010189
v -134.497696 3.735405 -46.020958
v -133.762405 5.481002 -46.020958
v -133.762405 5.481002 -47.010189
v -133.762405 5.481002 -47.999424
v -133.762405 5.481002 -48.988659
v -133.762405 5.481002 -49.977890
v -133.762405 3.735405 -49.977890
v -133.762405 3.735405 -48.988659
v -133.762405 3.735405 -47.999424
v -133.762405 3.735405 -47.010189
v -133.762405 3.735405 -46.020958
v -133.994400 3.735405 -49.977890
v -133.994400 3.735405 -48.988659
v -133.994400 3.735405 -47.999424
v -133.994400 3.735405 -47.010189
v -133.994400 3.735405 -46.020958
v -133.994400 5.481002 -46.020958
v -133.994400 5.481002 -47.010189
v -133.994400 5.481002 -47.999424
v -133.994400 5.481002 -48.988659
v -133.994400 5.481002 -49.977890
v -132.705353 5.481002 -46.020958
v -132.705353 5.481002 -47.010189
v -132.705353 5.481002 -47.999424
v -132.705353 5.481002 -48.988659
v -132.705353 5.481002 -49.977890
v -132.705353 3.735405 -49.977890
v -132.705353 3.735405 -48.988659
v -132.705353 3.735405 -47.999424
v -132.705353 3.735405 -47.010189
v -132.705353 3.735405 -46.020958
v -135.253220 3.929223 -46.020958
v -135.253220 3.929223 -47.010189
v -135.253220 3.929223 -47.999424
v -135.253220 3.929223 -48.988659
v -135.253220 3.929223 -49.977890
v -131.223709 3.929223 -49.977890
v -131.223709 3.929223 -48.988659
v -131.223709 3.929223 -47.999424
v -131.223709 3.929223 -47.010189
v -131.223709 3.929223 -46.020958
v -135.190186 4.120794 -50.967125
v -135.064423 4.120794 -50.967125
v -135.064423 5.094377 -50.967125
v -135.190186 5.094377 -50.967125
v -131.286743 4.120794 -45.031723
v -131.412506 4.120794 -45.031723
v -131.412506 5.094377 -45.031723
v -131.286743 5.094377 -45.031723
v -131.223709 4.120795 -50.256001
v -131.223709 4.120794 -50.689018
v -131.223709 5.094377 -50.689018
v -131.223709 5.094377 -50.256001
v -135.253220 4.120795 -45.742847
v -135.253220 4.120794 -45.309830
v -135.253220 5.094377 -45.309830
v -135.253220 5.094377 -45.742847
v -134.308884 4.120794 -45.031723
v -134.434647 4.120794 -45.031723
v -134.434647 5.094377 -45.031723
v -134.308884 5.094377 -45.031723
v -132.168045 4.120794 -50.967125
v -132.042282 4.120794 -50.967125
v -132.042282 5.094377 -50.967125
v -132.168045 5.094377 -50.967125
v -132.894150 4.120795 -50.967125
v -133.049652 4.120794 -50.967125
v -133.049652 5.094377 -50.967125
v -132.894150 5.094377 -50.967125
v -134.183212 4.120795 -50.967125
v -134.057037 4.120794 -50.967125
v -134.057037 5.094377 -50.967125
v -134.183212 5.094377 -50.967125
v -133.573608 4.120795 -43.605568
v -133.427277 4.120794 -43.605568
v -133.427277 5.094377 -43.605568
v -133.573608 5.094377 -43.605568
v -132.516541 4.120795 -43.605568
v -132.419891 4.120794 -43.605568
v -132.419891 5.094377 -43.605568
v -132.516541 5.094377 -43.605568
v -132.231079 4.120794 -43.683998
v -132.231079 5.094377 -43.683998
v -132.231079 5.094377 -43.883675
v -132.231079 4.120795 -43.883675
v -132.231079 4.120794 -44.753613
v -132.231079 5.094377 -44.753613
v -132.231079 5.094377 -44.953293
v -132.231079 4.120795 -44.953293
v -132.231079 4.120794 -44.397076
v -132.231079 5.094377 -44.397076
v -132.231079 5.094377 -44.596752
v -132.231079 4.120795 -44.596752
v -132.231079 4.120794 -44.040535
v -132.231079 5.094377 -44.040535
v -132.231079 5.094377 -44.240211
v -132.231079 4.120795 -44.240211
v -131.412506 4.120794 -50.967125
v -131.286743 4.120794 -50.967125
v -131.286743 5.094377 -50.967125
v -131.412506 5.094377 -50.967125
v -131.664352 4.120794 -50.967125
v -131.538589 4.120794 -50.967125
v -131.538589 5.094377 -50.967125
v -131.664352 5.094377 -50.967125
v -131.916199 4.120794 -50.967125
v -131.790436 4.120794 -50.967125
v -131.790436 5.094377 -50.967125
v -131.916199 5.094377 -50.967125
v -132.042282 4.120794 -45.031723
v -132.168045 4.120794 -45.031723
v -132.168045 5.094377 -45.031723
v -132.042282 5.094377 -45.031723
v -131.790436 4.120794 -45.031723
v -131.916199 4.120794 -45.031723
v -131.916199 5.094377 -45.031723
v -131.790436 5.094377 -45.031723
v -131.538589 4.120794 -45.031723
v -131.664352 4.120794 -45.031723
v -131.664352 5.094377 -45.031723
v -131.538589 5.094377 -45.031723
v -135.064423 4.120794 -45.031723
v -135.190186 4.120794 -45.031723
v -135.190186 5.094377 -45.031723
v -135.064423 5.094377 -45.031723
v -134.812576 4.120794 -45.031723
v -134.938339 4.120794 -45.031723
v -134.938339 5.094377 -45.031723
v -134.812576 5.094377 -45.031723
v -134.560730 4.120794 -45.031723
v -134.686493 4.120794 -45.031723
v -134.686493 5.094377 -45.031723
v -134.560730 5.094377 -45.031723
v -134.434647 4.120794 -50.967125
v -134.308884 4.120794 -50.967125
v -134.308884 5.094377 -50.967125
v -134.434647 5.094377 -50.967125
v -134.686493 4.120794 -50.967125
v -134.560730 4.120794 -50.967125
v -134.560730 5.094377 -50.967125
v -134.686493 5.094377 -50.967125
v -134.938339 4.120794 -50.967125
v -134.812576 4.120794 -50.967125
v -134.812576 5.094377 -50.967125
v -134.938339 5.094377 -50.967125
v -133.805603 4.120795 -43.605568
v -133.951218 4.120794 -43.605568
v -133.951218 5.094377 -43.605568
v -133.805603 5.094377 -43.605568
v -133.427277 4.120795 -50.967125
v -133.573608 4.120794 -50.967125
v -133.573608 5.094377 -50.967125
v -133.427277 5.094377 -50.967125
v -134.057037 4.120795 -43.605568
v -134.183212 4.120794 -43.605568
v -134.183212 5.094377 -43.605568
v -134.057037 5.094377 -43.605568
v -133.951218 4.120795 -50.967125
v -133.805603 4.120794 -50.967125
v -133.805603 5.094377 -50.967125
v -133.951218 5.094377 -50.967125
v -133.049652 4.120795 -43.605568
v -132.894150 4.120794 -43.605568
v -132.894150 5.094377 -43.605568
v -133.049652 5.094377 -43.605568
v -132.419891 4.120795 -50.967125
v -132.516541 4.120794 -50.967125
v -132.516541 5.094377 -50.967125
v -132.419891 5.094377 -50.967125
v -134.245850 5.094377 -44.040535
v -134.245850 4.120795 -44.040535
v -134.245850 4.120794 -44.240211
v -134.245850 5.094377 -44.240211
v -134.245850 5.094377 -44.397076
v -134.245850 4.120795 -44.397076
v -134.245850 4.120794 -44.596752
v -134.245850 5.094377 -44.596752
v -134.245850 5.094377 -44.753613
v -134.245850 4.120795 -44.753613
v -134.245850 4.120794 -44.953293
v -134.245850 5.094377 -44.953293
v -134.245850 5.094377 -43.683998
v -134.245850 4.120795 -43.683998
v -134.245850 4.120794 -43.883675
v -134.245850 5.094377 -43.883675
v -135.253220 4.120795 -50.689018
v -135.253220 4.120794 -50.256001
v -135.253220 5.094377 -50.256001
v -135.253220 5.094377 -50.689018
v -135.253220 4.120795 -49.699783
v -135.253220 4.120794 -49.266766
v -135.253220 5.094376 -49.266766
v -135.253220 5.094377 -49.699783
v -135.253220 4.120795 -48.710548
v -135.253220 4.120794 -48.277531
v -135.253220 5.094377 -48.277531
v -135.253220 5.094377 -48.710548
v -135.253220 4.120795 -47.721317
v -135.253220 4.120794 -47.288300
v -135.253220 5.094376 -47.288300
v -135.253220 5.094377 -47.721317
v -135.253220 4.120795 -46.732082
v -135.253220 4.120794 -46.299065
v -135.253220 5.094377 -46.299065
v -135.253220 5.094377 -46.732082
v -131.223709 4.120795 -45.309830
v -131.223709 4.120794 -45.742847
v -131.223709 5.094377 -45.742847
v -131.223709 5.094377 -45.309830
v -131.223709 4.120795 -46.299065
v -131.223709 4.120794 -46.732082
v -131.223709 5.094376 -46.732082
v -131.223709 5.094377 -46.299065
v -131.223709 4.120795 -47.288300
v -131.223709 4.120794 -47.721317
v -131.223709 5.094377 -47.721317
v -131.223709 5.094377 -47.288300
v -131.223709 4.120795 -48.277531
v -131.223709 4.120794 -48.710548
v -131.223709 5.094376 -48.710548
v -131.223709 5.094377 -48.277531
v -131.223709 4.120795 -49.266766
v -131.223709 4.120794 -49.699783
v -131.223709 5.094377 -49.699783
v -131.223709 5.094377 -49.266766
v -135.253220 5.481002 -45.031723
v -131.223709 5.481002 -45.031723
v -135.253220 5.481002 -50.967125
v -131.223709 5.481002 -50.967125
v -135.253220 7.031545 -50.967125
v -135.253220 7.031545 -45.031723
v -131.223709 7.031545 -45.031723
v -131.223709 7.031545 -50.967125
v -134.245850 5.481002 -45.031723
v -133.238464 5.481002 -45.031723
v -132.231079 5.481002 -45.031723
v -132.231079 5.481002 -50.967125
v -133.238464 5.481002 -50.967125
v -134.245850 5.481002 -50.967125
v -134.245850 7.031545 -45.031723
v -132.231079 7.031545 -45.031723
v -132.231079 7.031545 -50.967125
v -133.238464 7.031545 -50.967125
v -134.245850 7.031545 -50.967125
v -134.245850 5.481002 -43.605568
v -133.238464 5.481002 -43.605568
v -132.231079 5.481002 -43.605568
v -134.245850 7.031545 -43.605568
v -133.238464 7.031545 -43.605568
v -132.231079 7.031545 -43.605568
v -135.253220 7.226598 -50.967125
v -135.253220 7.226598 -45.031723
v -132.231079 7.226598 -45.031723
v -131.223709 7.226598 -45.031723
v -131.223709 7.226598 -50.967125
v -134.245850 7.226598 -50.967125
v -134.245850 7.226598 -45.031723
v -133.238464 7.226598 -45.031723
v -132.231079 7.226598 -50.967125
v -133.238464 7.226598 -50.967125
v -133.238464 7.226598 -43.605568
v -134.245850 7.226598 -43.605568
v -132.231079 7.226598 -43.605568
v -135.398544 7.031545 -51.181187
v -135.398544 7.031545 -44.817661
v -131.018188 7.031545 -45.031723
v -131.078384 7.031545 -51.181187
v -134.245850 7.031545 -51.269852
v -134.391174 7.031545 -44.817661
v -135.398544 7.226598 -44.817661
v -135.398544 7.226598 -51.181187
v -132.231079 7.031545 -51.269852
v -133.238464 7.031545 -51.269852
v -133.238464 7.226598 -51.269852
v -134.245850 7.226598 -51.269852
v -131.018188 7.226598 -45.031723
v -131.078384 7.226598 -51.181187
v -134.391174 7.031545 -43.391506
v -133.238464 7.031545 -43.302837
v -132.085754 7.031545 -43.391506
v -132.025558 7.031545 -45.031723
v -134.391174 7.226598 -44.817661
v -132.231079 7.226598 -51.269852
v -134.391174 7.226598 -43.391506
v -133.238464 7.226598 -43.302837
v -132.085754 7.226598 -43.391506
v -132.025558 7.226598 -45.031723
v -132.231079 7.031545 -43.962105
v -132.231079 7.031545 -44.318645
v -132.231079 7.031545 -44.675182
v -132.231079 5.481002 -44.675182
v -132.231079 5.481002 -44.318645
v -132.231079 5.481002 -43.962105
v -133.238464 5.481002 -43.962105
v -133.238464 5.481002 -44.318645
v -133.238464 5.481002 -44.675182
v -134.245850 7.031545 -44.675182
v -134.245850 7.031545 -44.318645
v -134.245850 7.031545 -43.962105
v -134.245850 5.481002 -44.675182
v -134.245850 5.481002 -44.318645
v -134.245850 5.481002 -43.962105
v -133.238464 7.226598 -44.675182
v -133.238464 7.226598 -44.318645
v -133.238464 7.226598 -43.962105
v -132.231079 7.226598 -43.962105
v -132.231079 7.226598 -44.318645
v -132.231079 7.226598 -44.675182
v -134.245850 7.226598 -44.675182
v -134.245850 7.226598 -44.318645
v -134.245850 7.226598 -43.962105
v -132.070709 7.031545 -43.801559
v -132.055664 7.031545 -44.211613
v -132.040619 7.031545 -44.621666
v -134.391174 7.031545 -44.461121
v -134.391174 7.031545 -44.104584
v -134.391174 7.031545 -43.748043
v -132.070709 7.226598 -43.801559
v -132.055664 7.226598 -44.211613
v -132.040619 7.226598 -44.621666
v -134.391174 7.226598 -44.461121
v -134.391174 7.226598 -44.104584
v -134.391174 7.226598 -43.748043
v -131.979233 5.481002 -45.031723
v -131.727386 5.481002 -45.031723
v -131.475540 5.481002 -45.031723
v -131.979233 7.031545 -45.031723
v -131.727386 7.031545 -45.031723
v -131.475540 7.031545 -45.031723
v -131.475540 5.481002 -50.967125
v -131.727386 5.481002 -50.967125
v -131.979233 5.481002 -50.967125
v -131.475540 7.031545 -50.967125
v -131.727386 7.031545 -50.967125
v -131.979233 7.031545 -50.967125
v -131.979233 7.226598 -45.031723
v -131.727386 7.226598 -45.031723
v -131.475540 7.226598 -45.031723
v -131.475540 7.226598 -50.967125
v -131.727386 7.226598 -50.967125
v -131.979233 7.226598 -50.967125
v -131.366547 7.031545 -51.203354
v -131.654724 7.031545 -51.225521
v -131.942902 7.031545 -51.247684
v -131.366547 7.226598 -51.203354
v -131.654724 7.226598 -51.225521
v -131.942902 7.226598 -51.247684
v -134.497696 5.481002 -50.967125
v -134.749542 5.481002 -50.967125
v -135.001389 5.481002 -50.967125
v -134.497696 7.031545 -50.967125
v -134.749542 7.031545 -50.967125
v -135.001389 7.031545 -50.967125
v -135.001389 5.481002 -45.031723
v -134.749542 5.481002 -45.031723
v -134.497696 5.481002 -45.031723
v -135.001389 7.031545 -45.031723
v -134.749542 7.031545 -45.031723
v -134.497696 7.031545 -45.031723
v -134.497696 7.226598 -50.967125
v -134.749542 7.226598 -50.967125
v -135.001389 7.226598 -50.967125
v -135.001389 7.226598 -45.031723
v -134.749542 7.226598 -45.031723
v -134.497696 7.226598 -45.031723
v -134.534027 7.031545 -51.247688
v -134.822205 7.031545 -51.225521
v -135.110382 7.031545 -51.203354
v -135.146713 7.031545 -44.817661
v -134.894867 7.031545 -44.817661
v -134.643021 7.031545 -44.817661
v -134.534027 7.226598 -51.247688
v -134.822205 7.226598 -51.225521
v -135.110382 7.226598 -51.203354
v -135.146713 7.226598 -44.817661
v -134.894867 7.226598 -44.817661
v -134.643021 7.226598 -44.817661
v -133.762405 5.481002 -45.031723
v -133.762405 5.481002 -50.967125
v -133.762405 7.031545 -50.967125
v -133.762405 5.481002 -43.605568
v -133.762405 7.031545 -43.605568
v -133.762405 7.226598 -45.031723
v -133.762405 7.226598 -50.967125
v -133.762405 7.226598 -43.605568
v -133.762405 7.031545 -51.269852
v -133.837997 7.031545 -43.348953
v -133.762405 7.226598 -51.269852
v -133.837997 7.226598 -43.348953
v -133.762405 7.226598 -44.675182
v -133.762405 7.226598 -44.318645
v -133.762405 7.226598 -43.962105
v -133.762405 5.481002 -44.675182
v -133.762405 5.481002 -44.318645
v -133.762405 5.481002 -43.962105
v -133.994400 5.481002 -50.967125
v -133.994400 7.031545 -50.967125
v -133.994400 7.226598 -50.967125
v -133.994400 7.031545 -51.269852
v -133.994400 7.226598 -51.269852
v -133.994400 5.481002 -44.675182
v -133.994400 5.481002 -44.318645
v -133.994400 5.481002 -43.962105
v -133.994400 5.481002 -45.031723
v -133.994400 5.481002 -43.605568
v -133.994400 7.031545 -43.605568
v -133.994400 7.226598 -45.031723
v -133.994400 7.226598 -43.605568
v -134.103455 7.031545 -43.369373
v -134.103455 7.226598 -43.369373
v -133.994400 7.226598 -44.675182
v -133.994400 7.226598 -44.318645
v -133.994400 7.226598 -43.962105
v -132.705353 5.481002 -45.031723
v -132.705353 5.481002 -50.967125
v -132.705353 7.031545 -50.967125
v -132.705353 5.481002 -43.605568
v -132.705353 7.031545 -43.605568
v -132.705353 7.226598 -45.031723
v -132.705353 7.226598 -50.967125
v -132.705353 7.226598 -43.605568
v -132.705353 7.031545 -51.269852
v -132.628448 7.031545 -43.349762
v -132.705353 7.226598 -51.269852
v -132.628448 7.226598 -43.349762
v -132.705353 7.226598 -44.675182
v -132.705353 7.226598 -44.318645
v -132.705353 7.226598 -43.962105
v -132.705353 5.481002 -44.675182
v -132.705353 5.481002 -44.318645
v -132.705353 5.481002 -43.962105
v -135.253220 5.674819 -50.967125
v -131.223709 5.674819 -50.967125
v -131.223709 5.674819 -45.031723
v -135.253220 5.674819 -45.031723
v -134.245850 5.674819 -45.031723
v -132.231079 5.674819 -45.031723
v -132.231079 5.674819 -50.967125
v -133.238464 5.674819 -50.967125
v -134.245850 5.674819 -50.967125
v -134.245850 5.674819 -43.605568
v -133.238464 5.674819 -43.605568
v -132.231079 5.674819 -43.605568
v -134.245850 5.674819 -44.675182
v -134.245850 5.674819 -44.318645
v -134.245850 5.674819 -43.962105
v -132.231079 5.674819 -44.675182
v -132.231079 5.674819 -44.318645
v -132.231079 5.674819 -43.962105
v -131.475540 5.674819 -50.967125
v -131.727386 5.674819 -50.967125
v -131.979233 5.674819 -50.967125
v -131.979233 5.674819 -45.031723
v -131.727386 5.674819 -45.031723
v -131.475540 5.674819 -45.031723
v -135.001389 5.674819 -45.031723
v -134.749542 5.674819 -45.031723
v -134.497696 5.674819 -45.031723
v -134.497696 5.674819 -50.967125
v -134.749542 5.674819 -50.967125
v -135.001389 5.674819 -50.967125
v -133.762405 5.674819 -43.605568
v -133.762405 5.674819 -50.967125
v -133.994400 5.674819 -43.605568
v -133.994400 5.674819 -50.967125
v -132.705353 5.674819 -43.605568
v -132.705353 5.674819 -50.967125
v -135.253220 5.481002 -49.977890
v -135.253220 5.481002 -48.988659
v -135.253220 5.481002 -47.999424
v -135.253220 5.481002 -47.010189
v -135.253220 5.481002 -46.020958
v -131.223709 5.481002 -46.020958
v -131.223709 5.481002 -47.010189
v -131.223709 5.481002 -47.999424
v -131.223709 5.481002 -48.988659
v -131.223709 5.481002 -49.977890
v -135.253220 7.031545 -49.977890
v -135.253220 7.031545 -48.988659
v -135.253220 7.031545 -47.999424
v -135.253220 7.031545 -47.010189
v -135.253220 7.031545 -46.020958
v -131.223709 7.031545 -46.020958
v -131.223709 7.031545 -47.010189
v -131.223709 7.031545 -47.999424
v -131.223709 7.031545 -48.988659
v -131.223709 7.031545 -49.977890
v -134.245850 5.481002 -49.977890
v -134.245850 5.481002 -48.988659
v -134.245850 5.481002 -47.999424
v -134.245850 5.481002 -47.010189
v -134.245850 5.481002 -46.020958
v -133.238464 5.481002 -49.977890
v -133.238464 5.481002 -48.988659
v -133.238464 5.481002 -47.999424
v -133.238464 5.481002 -47.010189
v -133.238464 5.481002 -46.020958
v -132.231079 5.481002 -49.977890
v -132.231079 5.481002 -48.988659
v -132.231079 5.481002 -47.999424
v -132.231079 5.481002 -47.010189
v -132.231079 5.481002 -46.020958
v -135.253220 7.226598 -49.977890
v -135.253220 7.226598 -48.988659
v -135.253220 7.226598 -47.999424
v -135.253220 7.226598 -47.010189
v -135.253220 7.226598 -46.020958
v -131.223709 7.226598 -46.020958
v -131.223709 7.226598 -47.010189
v -131.223709 7.226598 -47.999424
v -131.223709 7.226598 -48.988659
v -131.223709 7.226598 -49.977890
v -134.245850 7.226598 -46.020958
v -134.245850 7.226598 -47.010189
v -134.245850 7.226598 -47.999424
v -134.245850 7.226598 -48.988659
v -134.245850 7.226598 -49.977890
v -133.238464 7.226598 -46.020958
v -133.238464 7.226598 -47.010189
v -133.238464 7.226598 -47.999424
v -133.238464 7.226598 -48.988659
v -133.238464 7.226598 -49.977890
v -132.231079 7.226598 -46.020958
v -132.231079 7.226598 -47.010189
v -132.231079 7.226598 -47.999424
v -132.231079 7.226598 -48.988659
v -132.231079 7.226598 -49.977890
v -135.398544 7.031545 -50.120598
v -135.398544 7.031545 -49.060013
v -135.398544 7.031545 -47.999424
v -135.398544 7.031545 -46.938835
v -135.398544 7.031545 -45.878250
v -131.028214 7.031545 -46.056633
v -131.038254 7.031545 -47.081543
v -131.048279 7.031545 -48.106453
v -131.058319 7.031545 -49.131367
v -131.068344 7.031545 -50.156277
v -135.398544 7.226598 -50.120598
v -135.398544 7.226598 -49.060013
v -135.398544 7.226598 -47.999424
v -135.398544 7.226598 -46.938835
v -135.398544 7.226598 -45.878250
v -131.028214 7.226598 -46.056633
v -131.038254 7.226598 -47.081543
v -131.048279 7.226598 -48.106453
v -131.058319 7.226598 -49.131367
v -131.068344 7.226598 -50.156277
v -131.979233 7.226598 -46.020958
v -131.979233 7.226598 -47.010189
v -131.979233 7.226598 -47.999424
v -131.979233 7.226598 -48.988659
v -131.979233 7.226598 -49.977890
v -131.727386 7.226598 -46.020958
v -131.727386 7.226598 -47.010189
v -131.727386 7.226598 -47.999424
v -131.727386 7.226598 -48.988659
v -131.727386 7.226598 -49.977890
v -131.475540 7.226598 -46.020958
v -131.475540 7.226598 -47.010189
v -131.475540 7.226598 -47.999424
v -131.475540 7.226598 -48.988659
v -131.475540 7.226598 -49.977890
v -131.979233 5.481002 -49.977890
v -131.979233 5.481002 -48.988659
v -131.979233 5.481002 -47.999424
v -131.979233 5.481002 -47.010189
v -131.979233 5.481002 -46.020958
v -131.727386 5.481002 -49.977890
v -131.727386 5.481002 -48.988659
v -131.727386 5.481002 -47.999424
v -131.727386 5.481002 -47.010189
v -131.727386 5.481002 -46.020958
v -131.475540 5.481002 -49.977890
v -131.475540 5.481002 -48.988659
v -131.475540 5.481002 -47.999424
v -131.475540 5.481002 -47.010189
v -131.475540 5.481002 -46.020958
v -135.001389 7.226598 -46.020958
v -135.001389 7.226598 -47.010189
v -135.001389 7.226598 -47.999424
v -135.001389 7.226598 -48.988659
v -135.001389 7.226598 -49.977890
v -134.749542 7.226598 -46.020958
v -134.749542 7.226598 -47.010189
v -134.749542 7.226598 -47.999424
v -134.749542 7.226598 -48.988659
v -134.749542 7.226598 -49.977890
v -134.497696 7.226598 -46.020958
v -134.497696 7.226598 -47.010189
v -134.497696 7.226598 -47.999424
v -134.497696 7.226598 -48.988659
v -134.497696 7.226598 -49.977890
v -135.001389 5.481002 -49.977890
v -135.001389 5.481002 -48.988659
v -135.001389 5.481002 -47.999424
v -135.001389 5.481002 -47.010189
v -135.001389 5.481002 -46.020958
v -134.749542 5.481002 -49.977890
v -134.749542 5.481002 -48.988659
v -134.749542 5.481002 -47.999424
v -134.749542 5.481002 -47.010189
v -134.749542 5.481002 -46.020958
v -134.497696 5.481002 -49.977890
v -134.497696 5.481002 -48.988659
v -134.497696 5.481002 -47.999424
v -134.497696 5.481002 -47.010189
v -134.497696 5.481002 -46.020958
v -133.762405 7.226598 -46.020958
v -133.762405 7.226598 -47.010189
v -133.762405 7.226598 -47.999424
v -133.762405 7.226598 -48.988659
v -133.762405 7.226598 -49.977890
v -133.762405 5.481002 -49.977890
v -133.762405 5.481002 -48.988659
v -133.762405 5.481002 -47.999424
v -133.762405 5.481002 -47.010189
v -133.762405 5.481002 -46.020958
v -133.994400 5.481002 -49.977890
v -133.994400 5.481002 -48.988659
v -133.994400 5.481002 -47.999424
v -133.994400 5.481002 -47.010189
v -133.994400 5.481002 -46.020958
v -133.994400 7.226598 -46.020958
v -133.994400 7.226598 -47.010189
v -133.994400 7.226598 -47.999424
v -133.994400 7.226598 -48.988659
v -133.994400 7.226598 -49.977890
v -132.705353 7.226598 -46.020958
v -132.705353 7.226598 -47.010189
v -132.705353 7.226598 -47.999424
v -132.705353 7.226598 -48.988659
v -132.705353 7.226598 -49.977890
v -132.705353 5.481002 -49.977890
v -132.705353 5.481002 -48.988659
v -132.705353 5.481002 -47.999424
v -132.705353 5.481002 -47.010189
v -132.705353 5.481002 -46.020958
v -135.253220 5.674819 -46.020958
v -135.253220 5.674819 -47.010189
v -135.253220 5.674819 -47.999424
v -135.253220 5.674819 -48.988659
v -135.253220 5.674819 -49.977890
v -131.223709 5.674819 -49.977890
v -131.223709 5.674819 -48.988659
v -131.223709 5.674819 -47.999424
v -131.223709 5.674819 -47.010189
v -131.223709 5.674819 -46.020958
v -135.190186 5.866391 -50.967125
v -135.064423 5.866391 -50.967125
v -135.064423 6.839973 -50.967125
v -135.190186 6.839973 -50.967125
v -131.286743 5.866391 -45.031723
v -131.412506 5.866391 -45.031723
v -131.412506 6.839973 -45.031723
v -131.286743 6.839973 -45.031723
v -131.223709 5.866391 -50.256001
v -131.223709 5.866391 -50.689018
v -131.223709 6.839973 -50.689018
v -131.223709 6.839973 -50.256001
v -135.253220 5.866391 -45.742847
v -135.253220 5.866391 -45.309830
v -135.253220 6.839973 -45.309830
v -135.253220 6.839973 -45.742847
v -134.308884 5.866391 -45.031723
v -134.434647 5.866391 -45.031723
v -134.434647 6.839973 -45.031723
v -134.308884 6.839973 -45.031723
v -132.168045 5.866391 -50.967125
v -132.042282 5.866391 -50.967125
v -132.042282 6.839973 -50.967125
v -132.168045 6.839973 -50.967125
v -132.894150 5.866391 -50.967125
v -133.049652 5.866391 -50.967125
v -133.049652 6.839973 -50.967125
v -132.894150 6.839973 -50.967125
v -134.183212 5.866391 -50.967125
v -134.057037 5.866391 -50.967125
v -134.057037 6.839973 -50.967125
v -134.183212 6.839973 -50.967125
v -133.573608 5.866391 -43.605568
v -133.427277 5.866391 -43.605568
v -133.427277 6.839973 -43.605568
v -133.573608 6.839973 -43.605568
v -132.516541 5.866391 -43.605568
v -132.419891 5.866391 -43.605568
v -132.419891 6.839973 -43.605568
v -132.516541 6.839973 -43.605568
v -132.231079 5.866391 -43.683998
v -132.231079 6.839973 -43.683998
v -132.231079 6.839973 -43.883675
v -132.231079 5.866391 -43.883675
v -132.231079 5.866391 -44.753613
v -132.231079 6.839973 -44.753613
v -132.231079 6.839973 -44.953293
v -132.231079 5.866391 -44.953293
v -132.231079 5.866391 -44.397076
v -132.231079 6.839973 -44.397076
v -132.231079 6.839973 -44.596752
v -132.231079 5.866391 -44.596752
v -132.231079 5.866391 -44.040535
v -132.231079 6.839973 -44.040535
v -132.231079 6.839973 -44.240211
v -132.231079 5.866391 -44.240211
v -131.412506 5.866391 -50.967125
v -131.286743 5.866391 -50.967125
v -131.286743 6.839973 -50.967125
v -131.412506 6.839973 -50.967125
v -131.664352 5.866391 -50.967125
v -131.538589 5.866391 -50.967125
v -131.538589 6.839973 -50.967125
v -131.664352 6.839973 -50.967125
v -131.916199 5.866391 -50.967125
v -131.790436 5.866391 -50.967125
v -131.790436 6.839973 -50.967125
v -131.916199 6.839973 -50.967125
v -132.042282 5.866391 -45.031723
v -132.168045 5.866391 -45.031723
v -132.168045 6.839973 -45.031723
v -132.042282 6.839973 -45.031723
v -131.790436 5.866391 -45.031723
v -131.916199 5.866391 -45.031723
v -131.916199 6.839973 -45.031723
v -131.790436 6.839973 -45.031723
v -131.538589 5.866391 -45.031723
v -131.664352 5.866391 -45.031723
v -131.664352 6.839973 -45.031723
v -131.538589 6.839973 -45.031723
v -135.064423 5.866391 -45.031723
v -135.190186 5.866391 -45.031723
v -135.190186 6.839973 -45.031723
v -135.064423 6.839973 -45.031723
v -134.812576 5.866391 -45.031723
v -134.938339 5.866391 -45.031723
v -134.938339 6.839973 -45.031723
v -134.812576 6.839973 -45.031723
v -134.560730 5.866391 -45.031723
v -134.686493 5.866391 -45.031723
v -134.686493 6.839973 -45.031723
v -134.560730 6.839973 -45.031723
v -134.434647 5.866391 -50.967125
v -134.308884 5.866391 -50.967125
v -134.308884 6.839973 -50.967125
v -134.434647 6.839973 -50.967125
v -134.686493 5.866391 -50.967125
v -134.560730 5.866391 -50.967125
v -134.560730 6.839973 -50.967125
v -134.686493 6.839973 -50.967125
v -134.938339 5.866391 -50.967125
v -134.812576 5.866391 -50.967125
v -134.812576 6.839973 -50.967125
v -134.938339 6.839973 -50.967125
v -133.805603 5.866391 -43.605568
v -133.951218 5.866391 -43.605568
v -133.951218 6.839973 -43.605568
v -133.805603 6.839973 -43.605568
v -133.427277 5.866391 -50.967125
v -133.573608 5.866391 -50.967125
v -133.573608 6.839973 -50.967125
v -133.427277 6.839973 -50.967125
v -134.057037 5.866391 -43.605568
v -134.183212 5.866391 -43.605568
v -134.183212 6.839973 -43.605568
v -134.057037 6.839973 -43.605568
v -133.951218 5.866391 -50.967125
v -133.805603 5.866391 -50.967125
v -133.805603 6.839973 -50.967125
v -133.951218 6.839973 -50.967125
v -133.049652 5.866391 -43.605568
v -132.894150 5.866391 -43.605568
v -132.894150 6.839973 -43.605568
v -133.049652 6.839973 -43.605568
v -132.419891 5.866391 -50.967125
v -132.516541 5.866391 -50.967125
v -132.516541 6.839973 -50.967125
v -132.419891 6.839973 -50.967125
v -134.245850 6.839973 -44.040535
v -134.245850 5.866391 -44.040535
v -134.245850 5.866391 -44.240211
v -134.245850 6.839973 -44.240211
v -134.245850 6.839973 -44.397076
v -134.245850 5.866391 -44.397076
v -134.245850 5.866391 -44.596752
v -134.245850 6.839973 -44.596752
v -134.245850 6.839973 -44.753613
v -134.245850 5.866391 -44.753613
v -134.245850 5.866391 -44.953293
v -134.245850 6.839973 -44.953293
v -134.245850 6.839973 -43.683998
v -134.245850 5.866391 -43.683998
v -134.245850 5.866391 -43.883675
v -134.245850 6.839973 -43.883675
v -135.253220 5.866391 -50.689018
v -135.253220 5.866391 -50.256001
v -135.253220 6.839973 -50.256001
v -135.253220 6.839973 -50.689018
v -135.253220 5.866391 -49.699783
v -135.253220 5.866391 -49.266766
v -135.253220 6.839973 -49.266766
v -135.253220 6.839973 -49.699783
v -135.253220 5.866391 -48.710548
v -135.253220 5.866391 -48.277531
v -135.253220 6.839973 -48.277531
v -135.253220 6.839973 -48.710548
v -135.253220 5.866391 -47.721317
v -135.253220 5.866391 -47.288300
v -135.253220 6.839973 -47.288300
v -135.253220 6.839973 -47.721317
v -135.253220 5.866391 -46.732082
v -135.253220 5.866391 -46.299065
v -135.253220 6.839973 -46.299065
v -135.253220 6.839973 -46.732082
v -131.223709 5.866391 -45.309830
v -131.223709 5.866391 -45.742847
v -131.223709 6.839973 -45.742847
v -131.223709 6.839973 -45.309830
v -131.223709 5.866391 -46.299065
v -131.223709 5.866391 -46.732082
v -131.223709 6.839973 -46.732082
v -131.223709 6.839973 -46.299065
v -131.223709 5.866391 -47.288300
v -131.223709 5.866391 -47.721317
v -131.223709 6.839973 -47.721317
v -131.223709 6.839973 -47.288300
v -131.223709 5.866391 -48.277531
v -131.223709 5.866391 -48.710548
v -131.223709 6.839973 -48.710548
v -131.223709 6.839973 -48.277531
v -131.223709 5.866391 -49.266766
v -131.223709 5.866391 -49.699783
v -131.223709 6.839973 -49.699783
v -131.223709 6.839973 -49.266766
v -135.253220 7.226598 -45.031723
v -131.223709 7.226598 -45.031723
v -135.253220 7.226598 -50.967125
v -131.223709 7.226598 -50.967125
v -135.253220 8.777141 -50.967125
v -135.253220 8.777141 -45.031723
v -131.223709 8.777141 -45.031723
v -131.223709 8.777141 -50.967125
v -134.245850 7.226598 -45.031723
v -133.238464 7.226598 -45.031723
v -132.231079 7.226598 -45.031723
v -132.231079 7.226598 -50.967125
v -133.238464 7.226598 -50.967125
v -134.245850 7.226598 -50.967125
v -134.245850 8.777141 -45.031723
v -132.231079 8.777141 -45.031723
v -132.231079 8.777141 -50.967125
v -133.238464 8.777141 -50.967125
v -134.245850 8.777141 -50.967125
v -134.245850 7.226598 -43.605568
v -133.238464 7.226598 -43.605568
v -132.231079 7.226598 -43.605568
v -134.245850 8.777141 -43.605568
v -133.238464 8.777141 -43.605568
v -132.231079 8.777141 -43.605568
v -135.253220 8.972196 -50.967125
v -135.253220 8.972196 -45.031723
v -132.231079 8.972196 -45.031723
v -131.223709 8.972196 -45.031723
v -131.223709 8.972196 -50.967125
v -134.245850 8.972196 -50.967125
v -134.245850 8.972196 -45.031723
v -133.238464 8.972196 -45.031723
v -132.231079 8.972196 -50.967125
v -133.238464 8.972196 -50.967125
v -133.238464 8.972196 -43.605568
v -134.245850 8.972196 -43.605568
v -132.231079 8.972196 -43.605568
v -135.398544 8.777141 -51.181187
v -135.398544 8.777141 -44.817661
v -131.018188 8.777141 -45.031723
v -131.078384 8.777141 -51.181187
v -134.245850 8.777141 -51.269852
v -134.391174 8.777141 -44.817661
v -135.398544 8.972196 -44.817661
v -135.398544 8.972196 -51.181187
v -132.231079 8.777141 -51.269852
v -133.238464 8.777141 -51.269852
v -133.238464 8.972196 -51.269852
v -134.245850 8.972196 -51.269852
v -131.018188 8.972196 -45.031723
v -131.078384 8.972196 -51.181187
v -134.391174 8.777141 -43.391506
v -133.238464 8.777141 -43.302837
v -132.085754 8.777141 -43.391506
v -132.025558 8.777141 -45.031723
v -134.391174 8.972196 -44.817661
v -132.231079 8.972196 -51.269852
v -134.391174 8.972196 -43.391506
v -133.238464 8.972196 -43.302837
v -132.085754 8.972196 -43.391506
v -132.025558 8.972196 -45.031723
v -132.231079 8.777141 -43.962105
v -132.231079 8.777141 -44.318645
v -132.231079 8.777141 -44.675182
v -132.231079 7.226598 -44.675182
v -132.231079 7.226598 -44.318645
v -132.231079 7.226598 -43.962105
v -133.238464 7.226598 -43.962105
v -133.238464 7.226598 -44.318645
v -133.238464 7.226598 -44.675182
v -134.245850 8.777141 -44.675182
v -134.245850 8.777141 -44.318645
v -134.245850 8.777141 -43.962105
v -134.245850 7.226598 -44.675182
v -134.245850 7.226598 -44.318645
v -134.245850 7.226598 -43.962105
v -133.238464 8.972196 -44.675182
v -133.238464 8.972196 -44.318645
v -133.238464 8.972196 -43.962105
v -132.231079 8.972196 -43.962105
v -132.231079 8.972196 -44.318645
v -132.231079 8.972196 -44.675182
v -134.245850 8.972196 -44.675182
v -134.245850 8.972196 -44.318645
v -134.245850 8.972196 -43.962105
v -132.070709 8.777141 -43.801559
v -132.055664 8.777141 -44.211613
v -132.040619 8.777141 -44.621666
v -134.391174 8.777141 -44.461121
v -134.391174 8.777141 -44.104584
v -134.391174 8.777141 -43.748043
v -132.070709 8.972196 -43.801559
v -132.055664 8.972196 -44.211613
v -132.040619 8.972196 -44.621666
v -134.391174 8.972196 -44.461121
v -134.391174 8.972196 -44.104584
v -134.391174 8.972196 -43.748043
v -131.979233 7.226598 -45.031723
v -131.727386 7.226598 -45.031723
v -131.475540 7.226598 -45.031723
v -131.979233 8.777141 -45.031723
v -131.727386 8.777141 -45.031723
v -131.475540 8.777141 -45.031723
v -131.475540 7.226598 -50.967125
v -131.727386 7.226598 -50.967125
v -131.979233 7.226598 -50.967125
v -131.475540 8.777141 -50.967125
v -131.727386 8.777141 -50.967125
v -131.979233 8.777141 -50.967125
v -131.979233 8.972196 -45.031723
v -131.727386 8.972196 -45.031723
v -131.475540 8.972196 -45.031723
v -131.475540 8.972196 -50.967125
v -131.727386 8.972196 -50.967125
v -131.979233 8.972196 -50.967125
v -131.366547 8.777141 -51.203354
v -131.654724 8.777141 -51.225521
v -131.942902 8.777141 -51.247684
v -131.366547 8.972196 -51.203354
v -131.654724 8.972196 -51.225521
v -131.942902 8.972196 -51.247684
v -134.497696 7.226598 -50.967125
v -134.749542 7.226598 -50.967125
v -135.001389 7.226598 -50.967125
v -134.497696 8.777141 -50.967125
v -134.749542 8.777141 -50.967125
v -135.001389 8.777141 -50.967125
v -135.001389 7.226598 -45.031723
v -134.749542 7.226598 -45.031723
v -134.497696 7.226598 -45.031723
v -135.001389 8.777141 -45.031723
v -134.749542 8.777141 -45.031723
v -134.497696 8.777141 -45.031723
v -134.497696 8.972196 -50.967125
v -134.749542 8.972196 -50.967125
v -135.001389 8.972196 -50.967125
v -135.001389 8.972196 -45.031723
v -134.749542 8.972196 -45.031723
v -134.497696 8.972196 -45.031723
v -134.534027 8.777141 -51.247688
v -134.822205 8.777141 -51.225521
v -135.110382 8.777141 -51.203354
v -135.146713 8.777141 -44.817661
v -134.894867 8.777141 -44.817661
v -134.643021 8.777141 -44.817661
v -134.534027 8.972196 -51.247688
v -134.822205 8.972196 -51.225521
v -135.110382 8.972196 -51.203354
v -135.146713 8.972196 -44.817661
v -134.894867 8.972196 -44.817661
v -134.643021 8.972196 -44.817661
v -133.762405 7.226598 -45.031723
v -133.762405 7.226598 -50.967125
v -133.762405 8.777141 -50.967125
v -133.762405 7.226598 -43.605568
v -133.762405 8.777141 -43.605568
v -133.762405 8.972196 -45.031723
v -133.762405 8.972196 -50.967125
v -133.762405 8.972196 -43.605568
v -133.762405 8.777141 -51.269852
v -133.837997 8.777141 -43.348953
v -133.762405 8.972196 -51.269852
v -133.837997 8.972196 -43.348953
v -133.762405 8.972196 -44.675182
v -133.762405 8.972196 -44.318645
v -133.762405 8.972196 -43.962105
v -133.762405 7.226598 -44.675182
v -133.762405 7.226598 -44.318645
v -133.762405 7.226598 -43.962105
v -133.994400 7.226598 -50.967125
v -133.994400 8.777141 -50.967125
v -133.994400 8.972196 -50.967125
v -133.994400 8.777141 -51.269852
v -133.994400 8.972196 -51.269852
v -133.994400 7.226598 -44.675182
v -133.994400 7.226598 -44.318645
v -133.994400 7.226598 -43.962105
v -133.994400 7.226598 -45.031723
v -133.994400 7.226598 -43.605568
v -133.994400 8.777141 -43.605568
v -133.994400 8.972196 -45.031723
v -133.994400 8.972196 -43.605568
v -134.103455 8.777141 -43.369373
v -134.103455 8.972196 -43.369373
v -133.994400 8.972196 -44.675182
v -133.994400 8.972196 -44.318645
v -133.994400 8.972196 -43.962105
v -132.705353 7.226598 -45.031723
v -132.705353 7.226598 -50.967125
v -132.705353 8.777141 -50.967125
v -132.705353 7.226598 -43.605568
v -132.705353 8.777141 -43.605568
v -132.705353 8.972196 -45.031723
v -132.705353 8.972196 -50.967125
v -132.705353 8.972196 -43.605568
v -132.705353 8.777141 -51.269852
v -132.628448 8.777141 -43.349762
v -132.705353 8.972196 -51.269852
v -132.628448 8.972196 -43.349762
v -132.705353 8.972196 -44.675182
v -132.705353 8.972196 -44.318645
v -132.705353 8.972196 -43.962105
v -132.705353 7.226598 -44.675182
v -132.705353 7.226598 -44.318645
v -132.705353 7.226598 -43.962105
v -135.253220 7.420416 -50.967125
v -131.223709 7.420416 -50.967125
v -131.223709 7.420416 -45.031723
v -135.253220 7.420416 -45.031723
v -134.245850 7.420416 -45.031723
v -132.231079 7.420416 -45.031723
v -132.231079 7.420416 -50.967125
v -133.238464 7.420416 -50.967125
v -134.245850 7.420416 -50.967125
v -134.245850 7.420416 -43.605568
v -133.238464 7.420416 -43.605568
v -132.231079 7.420416 -43.605568
v -134.245850 7.420416 -44.675182
v -134.245850 7.420416 -44.318645
v -134.245850 7.420416 -43.962105
v -132.231079 7.420416 -44.675182
v -132.231079 7.420416 -44.318645
v -132.231079 7.420416 -43.962105
v -131.475540 7.420416 -50.967125
v -131.727386 7.420416 -50.967125
v -131.979233 7.420416 -50.967125
v -131.979233 7.420416 -45.031723
v -131.727386 7.420416 -45.031723
v -131.475540 7.420416 -45.031723
v -135.001389 7.420416 -45.031723
v -134.749542 7.420416 -45.031723
v -134.497696 7.420416 -45.031723
v -134.497696 7.420416 -50.967125
v -134.749542 7.420416 -50.967125
v -135.001389 7.420416 -50.967125
v -133.762405 7.420416 -43.605568
v -133.762405 7.420416 -50.967125
v -133.994400 7.420416 -43.605568
v -133.994400 7.420416 -50.967125
v -132.705353 7.420416 -43.605568
v -132.705353 7.420416 -50.967125
v -135.253220 7.226598 -49.977890
v -135.253220 7.226598 -48.988659
v -135.253220 7.226598 -47.999424
v -135.253220 7.226598 -47.010189
v -135.253220 7.226598 -46.020958
v -131.223709 7.226598 -46.020958
v -131.223709 7.226598 -47.010189
v -131.223709 7.226598 -47.999424
v -131.223709 7.226598 -48.988659
v -131.223709 7.226598 -49.977890
v -135.253220 8.777141 -49.977890
v -135.253220 8.777141 -48.988659
v -135.253220 8.777141 -47.999424
v -135.253220 8.777141 -47.010189
v -135.253220 8.777141 -46.020958
v -131.223709 8.777141 -46.020958
v -131.223709 8.777141 -47.010189
v -131.223709 8.777141 -47.999424
v -131.223709 8.777141 -48.988659
v -131.223709 8.777141 -49.977890
v -134.245850 7.226598 -49.977890
v -134.245850 7.226598 -48.988659
v -134.245850 7.226598 -47.999424
v -134.245850 7.226598 -47.010189
v -134.245850 7.226598 -46.020958
v -133.238464 7.226598 -49.977890
v -133.238464 7.226598 -48.988659
v -133.238464 7.226598 -47.999424
v -133.238464 7.226598 -47.010189
v -133.238464 7.226598 -46.020958
v -132.231079 7.226598 -49.977890
v -132.231079 7.226598 -48.988659
v -132.231079 7.226598 -47.999424
v -132.231079 7.226598 -47.010189
v -132.231079 7.226598 -46.020958
v -135.253220 8.972196 -49.977890
v -135.253220 8.972196 -48.988659
v -135.253220 8.972196 -47.999424
v -135.253220 8.972196 -47.010189
v -135.253220 8.972196 -46.020958
v -131.223709 8.972196 -46.020958
v -131.223709 8.972196 -47.010189
v -131.223709 8.972196 -47.999424
v -131.223709 8.972196 -48.988659
v -131.223709 8.972196 -49.977890
v -134.245850 8.972196 -46.020958
v -134.245850 8.972196 -47.010189
v -134.245850 8.972196 -47.999424
v -134.245850 8.972196 -48.988659
v -134.245850 8.972196 -49.977890
v -133.238464 8.972196 -46.020958
v -133.238464 8.972196 -47.010189
v -133.238464 8.972196 -47.999424
v -133.238464 8.972196 -48.988659
v -133.238464 8.972196 -49.977890
v -132.231079 8.972196 -46.020958
v -132.231079 8.972196 -47.010189
v -132.231079 8.972196 -47.999424
v -132.231079 8.972196 -48.988659
v -132.231079 8.972196 -49.977890
v -135.398544 8.777141 -50.120598
v -135.398544 8.777141 -49.060013
v -135.398544 8.777141 -47.999424
v -135.398544 8.777141 -46.938835
v -135.398544 8.777141 -45.878250
v -131.028214 8.777141 -46.056633
v -131.038254 8.777141 -47.081543
v -131.048279 8.777141 -48.106453
v -131.058319 8.777141 -49.131367
v -131.068344 8.777141 -50.156277
v -135.398544 8.972196 -50.120598
v -135.398544 8.972196 -49.060013
v -135.398544 8.972196 -47.999424
v -135.398544 8.972196 -46.938835
v -135.398544 8.972196 -45.878250
v -131.028214 8.972196 -46.056633
v -131.038254 8.972196 -47.081543
v -131.048279 8.972196 -48.106453
v -131.058319 8.972196 -49.131367
v -131.068344 8.972196 -50.156277
v -131.979233 8.972196 -46.020958
v -131.979233 8.972196 -47.010189
v -131.979233 8.972196 -47.999424
v -131.979233 8.972196 -48.988659
v -131.979233 8.972196 -49.977890
v -131.727386 8.972196 -46.020958
v -131.727386 8.972196 -47.010189
v -131.727386 8.972196 -47.999424
v -131.727386 8.972196 -48.988659
v -131.727386 8.972196 -49.977890
v -131.475540 8.972196 -46.020958
v -131.475540 8.972196 -47.010189
v -131.475540 8.972196 -47.999424
v -131.475540 8.972196 -48.988659
v -131.475540 8.972196 -49.977890
v -131.979233 7.226598 -49.977890
v -131.979233 7.226598 -48.988659
v -131.979233 7.226598 -47.999424
v -131.979233 7.226598 -47.010189
v -131.979233 7.226598 -46.020958
v -131.727386 7.226598 -49.977890
v -131.727386 7.226598 -48.988659
v -131.727386 7.226598 -47.999424
v -131.727386 7.226598 -47.010189
v -131.727386 7.226598 -46.020958
v -131.475540 7.226598 -49.977890
v -131.475540 7.226598 -48.988659
v -131.475540 7.226598 -47.999424
v -131.475540 7.226598 -47.010189
v -131.475540 7.226598 -46.020958
v -135.001389 8.972196 -46.020958
v -135.001389 8.972196 -47.010189
v -135.001389 8.972196 -47.999424
v -135.001389 8.972196 -48.988659
v -135.001389 8.972196 -49.977890
v -134.749542 8.972196 -46.020958
v -134.749542 8.972196 -47.010189
v -134.749542 8.972196 -47.999424
v -134.749542 8.972196 -48.988659
v -134.749542 8.972196 -49.977890
v -134.497696 8.972196 -46.020958
v -134.497696 8.972196 -47.010189
v -134.497696 8.972196 -47.999424
v -134.497696 8.972196 -48.988659
v -134.497696 8.972196 -49.977890
v -135.001389 7.226598 -49.977890
v -135.001389 7.226598 -48.988659
v -135.001389 7.226598 -47.999424
v -135.001389 7.226598 -47.010189
v -135.001389 7.226598 -46.020958
v -134.749542 7.226598 -49.977890
v -134.749542 7.226598 -48.988659
v -134.749542 7.226598 -47.999424
v -134.749542 7.226598 -47.010189
v -134.749542 7.226598 -46.020958
v -134.497696 7.226598 -49.977890
v -134.497696 7.226598 -48.988659
v -134.497696 7.226598 -47.999424
v -134.497696 7.226598 -47.010189
v -134.497696 7.226598 -46.020958
v -133.762405 8.972196 -46.020958
v -133.762405 8.972196 -47.010189
v -133.762405 8.972196 -47.999424
v -133.762405 8.972196 -48.988659
v -133.762405 8.972196 -49.977890
v -133.762405 7.226598 -49.977890
v -133.762405 7.226598 -48.988659
v -133.762405 7.226598 -47.999424
v -133.762405 7.226598 -47.010189
v -133.762405 7.226598 -46.020958
v -133.994400 7.226598 -49.977890
v -133.994400 7.226598 -48.988659
v -133.994400 7.226598 -47.999424
v -133.994400 7.226598 -47.010189
v -133.994400 7.226598 -46.020958
v -133.994400 8.972196 -46.020958
v -133.994400 8.972196 -47.010189
v -133.994400 8.972196 -47.999424
v -133.994400 8.972196 -48.988659
v -133.994400 8.972196 -49.977890
v -132.705353 8.972196 -46.020958
v -132.705353 8.972196 -47.010189
v -132.705353 8.972196 -47.999424
v -132.705353 8.972196 -48.988659
v -132.705353 8.972196 -49.977890
v -132.705353 7.226598 -49.977890
v -132.705353 7.226598 -48.988659
v -132.705353 7.226598 -47.999424
v -132.705353 7.226598 -47.010189
v -132.705353 7.226598 -46.020958
v -135.253220 7.420416 -46.020958
v -135.253220 7.420416 -47.010189
v -135.253220 7.420416 -47.999424
v -135.253220 7.420416 -48.988659
v -135.253220 7.420416 -49.977890
v -131.223709 7.420416 -49.977890
v -131.223709 7.420416 -48.988659
v -131.223709 7.420416 -47.999424
v -131.223709 7.420416 -47.010189
v -131.223709 7.420416 -46.020958
v -135.190186 7.611988 -50.967125
v -135.064423 7.611988 -50.967125
v -135.064423 8.585569 -50.967125
v -135.190186 8.585569 -50.967125
v -131.286743 7.611988 -45.031723
v -131.412506 7.611988 -45.031723
v -131.412506 8.585569 -45.031723
v -131.286743 8.585569 -45.031723
v -131.223709 7.611988 -50.256001
v -131.223709 7.611988 -50.689018
v -131.223709 8.585569 -50.689018
v -131.223709 8.585569 -50.256001
v -135.253220 7.611988 -45.742847
v -135.253220 7.611988 -45.309830
v -135.253220 8.585569 -45.309830
v -135.253220 8.585569 -45.742847
v -134.308884 7.611988 -45.031723
v -134.434647 7.611988 -45.031723
v -134.434647 8.585569 -45.031723
v -134.308884 8.585569 -45.031723
v -132.168045 7.611988 -50.967125
v -132.042282 7.611988 -50.967125
v -132.042282 8.585569 -50.967125
v -132.168045 8.585569 -50.967125
v -132.894150 7.611988 -50.967125
v -133.049652 7.611988 -50.967125
v -133.049652 8.585569 -50.967125
v -132.894150 8.585569 -50.967125
v -134.183212 7.611988 -50.967125
v -134.057037 7.611988 -50.967125
v -134.057037 8.585569 -50.967125
v -134.183212 8.585569 -50.967125
v -133.573608 7.611988 -43.605568
v -133.427277 7.611988 -43.605568
v -133.427277 8.585569 -43.605568
v -133.573608 8.585569 -43.605568
v -132.516541 7.611988 -43.605568
v -132.419891 7.611988 -43.605568
v -132.419891 8.585569 -43.605568
v -132.516541 8.585569 -43.605568
v -132.231079 7.611988 -43.683998
v -132.231079 8.585569 -43.683998
v -132.231079 8.585569 -43.883675
v -132.231079 7.611988 -43.883675
v -132.231079 7.611988 -44.753613
v -132.231079 8.585569 -44.753613
v -132.231079 8.585569 -44.953293
v -132.231079 7.611988 -44.953293
v -132.231079 7.611988 -44.397076
v -132.231079 8.585569 -44.397076
v -132.231079 8.585569 -44.596752
v -132.231079 7.611988 -44.596752
v -132.231079 7.611988 -44.040535
v -132.231079 8.585569 -44.040535
v -132.231079 8.585569 -44.240211
v -132.231079 7.611988 -44.240211
v -131.412506 7.611988 -50.967125
v -131.286743 7.611988 -50.967125
v -131.286743 8.585569 -50.967125
v -131.412506 8.585569 -50.967125
v -131.664352 7.611988 -50.967125
v -131.538589 7.611988 -50.967125
v -131.538589 8.585569 -50.967125
v -131.664352 8.585569 -50.967125
v -131.916199 7.611988 -50.967125
v -131.790436 7.611988 -50.967125
v -131.790436 8.585569 -50.967125
v -131.916199 8.585569 -50.967125
v -132.042282 7.611988 -45.031723
v -132.168045 7.611988 -45.031723
v -132.168045 8.585569 -45.031723
v -132.042282 8.585569 -45.031723
v -131.790436 7.611988 -45.031723
v -131.916199 7.611988 -45.031723
v -131.916199 8.585569 -45.031723
v -131.790436 8.585569 -45.031723
v -131.538589 7.611988 -45.031723
v -131.664352 7.611988 -45.031723
v -131.664352 8.585569 -45.031723
v -131.538589 8.585569 -45.031723
v -135.064423 7.611988 -45.031723
v -135.190186 7.611988 -45.031723
v -135.190186 8.585569 -45.031723
v -135.064423 8.585569 -45.031723
v -134.812576 7.611988 -45.031723
v -134.938339 7.611988 -45.031723
v -134.938339 8.585569 -45.031723
v -134.812576 8.585569 -45.031723
v -134.560730 7.611988 -45.031723
v -134.686493 7.611988 -45.031723
v -134.686493 8.585569 -45.031723
v -134.560730 8.585569 -45.031723
v -134.434647 7.611988 -50.967125
v -134.308884 7.611988 -50.967125
v -134.308884 8.585569 -50.967125
v -134.434647 8.585569 -50.967125
v -134.686493 7.611988 -50.967125
v -134.560730 7.611988 -50.967125
v -134.560730 8.585569 -50.967125
v -134.686493 8.585569 -50.967125
v -134.938339 7.611988 -50.967125
v -134.812576 7.611988 -50.967125
v -134.812576 8.585569 -50.967125
v -134.938339 8.585569 -50.967125
v -133.805603 7.611988 -43.605568
v -133.951218 7.611988 -43.605568
v -133.951218 8.585569 -43.605568
v -133.805603 8.585569 -43.605568
v -133.427277 7.611988 -50.967125
v -133.573608 7.611988 -50.967125
v -133.573608 8.585569 -50.967125
v -133.427277 8.585569 -50.967125
v -134.057037 7.611988 -43.605568
v -134.183212 7.611988 -43.605568
v -134.183212 8.585569 -43.605568
v -134.057037 8.585569 -43.605568
v -133.951218 7.611988 -50.967125
v -133.805603 7.611988 -50.967125
v -133.805603 8.585569 -50.967125
v -133.951218 8.585569 -50.967125
v -133.049652 7.611988 -43.605568
v -132.894150 7.611988 -43.605568
v -132.894150 8.585569 -43.605568
v -133.049652 8.585569 -43.605568
v -132.419891 7.611988 -50.967125
v -132.516541 7.611988 -50.967125
v -132.516541 8.585569 -50.967125
v -132.419891 8.585569 -50.967125
v -134.245850 8.585569 -44.040535
v -134.245850 7.611988 -44.040535
v -134.245850 7.611988 -44.240211
v -134.245850 8.585569 -44.240211
v -134.245850 8.585569 -44.397076
v -134.245850 7.611988 -44.397076
v -134.245850 7.611988 -44.596752
v -134.245850 8.585569 -44.596752
v -134.245850 8.585569 -44.753613
v -134.245850 7.611988 -44.753613
v -134.245850 7.611988 -44.953293
v -134.245850 8.585569 -44.953293
v -134.245850 8.585569 -43.683998
v -134.245850 7.611988 -43.683998
v -134.245850 7.611988 -43.883675
v -134.245850 8.585569 -43.883675
v -135.253220 7.611988 -50.689018
v -135.253220 7.611988 -50.256001
v -135.253220 8.585569 -50.256001
v -135.253220 8.585569 -50.689018
v -135.253220 7.611988 -49.699783
v -135.253220 7.611988 -49.266766
v -135.253220 8.585569 -49.266766
v -135.253220 8.585569 -49.699783
v -135.253220 7.611988 -48.710548
v -135.253220 7.611988 -48.277531
v -135.253220 8.585569 -48.277531
v -135.253220 8.585569 -48.710548
v -135.253220 7.611988 -47.721317
v -135.253220 7.611988 -47.288300
v -135.253220 8.585569 -47.288300
v -135.253220 8.585569 -47.721317
v -135.253220 7.611988 -46.732082
v -135.253220 7.611988 -46.299065
v -135.253220 8.585569 -46.299065
v -135.253220 8.585569 -46.732082
v -131.223709 7.611988 -45.309830
v -131.223709 7.611988 -45.742847
v -131.223709 8.585569 -45.742847
v -131.223709 8.585569 -45.309830
v -131.223709 7.611988 -46.299065
v -131.223709 7.611988 -46.732082
v -131.223709 8.585569 -46.732082
v -131.223709 8.585569 -46.299065
v -131.223709 7.611988 -47.288300
v -131.223709 7.611988 -47.721317
v -131.223709 8.585569 -47.721317
v -131.223709 8.585569 -47.288300
v -131.223709 7.611988 -48.277531
v -131.223709 7.611988 -48.710548
v -131.223709 8.585569 -48.710548
v -131.223709 8.585569 -48.277531
v -131.223709 7.611988 -49.266766
v -131.223709 7.611988 -49.699783
v -131.223709 8.585569 -49.699783
v -131.223709 8.585569 -49.266766
v -135.253220 8.972196 -45.031723
v -131.223709 8.972196 -45.031723
v -135.253220 8.972196 -50.967125
v -131.223709 8.972196 -50.967125
v -135.253220 10.522738 -50.967125
v -135.253220 10.522738 -45.031723
v -131.223709 10.522738 -45.031723
v -131.223709 10.522738 -50.967125
v -134.245850 8.972196 -45.031723
v -133.238464 8.972196 -45.031723
v -132.231079 8.972196 -45.031723
v -132.231079 8.972196 -50.967125
v -133.238464 8.972196 -50.967125
v -134.245850 8.972196 -50.967125
v -134.245850 10.522738 -45.031723
v -132.231079 10.522738 -45.031723
v -132.231079 10.522738 -50.967125
v -133.238464 10.522738 -50.967125
v -134.245850 10.522738 -50.967125
v -134.245850 8.972196 -43.605568
v -133.238464 8.972196 -43.605568
v -132.231079 8.972196 -43.605568
v -134.245850 10.522738 -43.605568
v -133.238464 10.522738 -43.605568
v -132.231079 10.522738 -43.605568
v -135.253220 10.717793 -50.967125
v -135.253220 10.717793 -45.031723
v -132.231079 10.717793 -45.031723
v -131.223709 10.717793 -45.031723
v -131.223709 10.717793 -50.967125
v -134.245850 10.717793 -50.967125
v -134.245850 10.717793 -45.031723
v -133.238464 10.717793 -45.031723
v -132.231079 10.717793 -50.967125
v -133.238464 10.717793 -50.967125
v -133.238464 10.717793 -43.605568
v -134.245850 10.717793 -43.605568
v -132.231079 10.717793 -43.605568
v -135.398544 10.522738 -51.181187
v -135.398544 10.522738 -44.817661
v -131.018188 10.522738 -45.031723
v -131.078384 10.522738 -51.181187
v -134.245850 10.522738 -51.269852
v -134.391174 10.522738 -44.817661
v -135.398544 10.717793 -44.817661
v -135.398544 10.717793 -51.181187
v -132.231079 10.522738 -51.269852
v -133.238464 10.522738 -51.269852
v -133.238464 10.717793 -51.269852
v -134.245850 10.717793 -51.269852
v -131.018188 10.717793 -45.031723
v -131.078384 10.717793 -51.181187
v -134.391174 10.522738 -43.391506
v -133.238464 10.522738 -43.302837
v -132.085754 10.522738 -43.391506
v -132.025558 10.522738 -45.031723
v -134.391174 10.717793 -44.817661
v -132.231079 10.717793 -51.269852
v -134.391174 10.717793 -43.391506
v -133.238464 10.717793 -43.302837
v -132.085754 10.717793 -43.391506
v -132.025558 10.717793 -45.031723
v -132.231079 10.522738 -43.962105
v -132.231079 10.522738 -44.318645
v -132.231079 10.522738 -44.675182
v -132.231079 8.972196 -44.675182
v -132.231079 8.972196 -44.318645
v -132.231079 8.972196 -43.962105
v -133.238464 8.972196 -43.962105
v -133.238464 8.972196 -44.318645
v -133.238464 8.972196 -44.675182
v -134.245850 10.522738 -44.675182
v -134.245850 10.522738 -44.318645
v -134.245850 10.522738 -43.962105
v -134.245850 8.972196 -44.675182
v -134.245850 8.972196 -44.318645
v -134.245850 8.972196 -43.962105
v -133.238464 10.717793 -44.675182
v -133.238464 10.717793 -44.318645
v -133.238464 10.717793 -43.962105
v -132.231079 10.717793 -43.962105
v -132.231079 10.717793 -44.318645
v -132.231079 10.717793 -44.675182
v -134.245850 10.717793 -44.675182
v -134.245850 10.717793 -44.318645
v -134.245850 10.717793 -43.962105
v -132.070709 10.522738 -43.801559
v -132.055664 10.522738 -44.211613
v -132.040619 10.522738 -44.621666
v -134.391174 10.522738 -44.461121
v -134.391174 10.522738 -44.104584
v -134.391174 10.522738 -43.748043
v -132.070709 10.717793 -43.801559
v -132.055664 10.717793 -44.211613
v -132.040619 10.717793 -44.621666
v -134.391174 10.717793 -44.461121
v -134.391174 10.717793 -44.104584
v -134.391174 10.717793 -43.748043
v -131.979233 8.972196 -45.031723
v -131.727386 8.972196 -45.031723
v -131.475540 8.972196 -45.031723
v -131.979233 10.522738 -45.031723
v -131.727386 10.522738 -45.031723
v -131.475540 10.522738 -45.031723
v -131.475540 8.972196 -50.967125
v -131.727386 8.972196 -50.967125
v -131.979233 8.972196 -50.967125
v -131.475540 10.522738 -50.967125
v -131.727386 10.522738 -50.967125
v -131.979233 10.522738 -50.967125
v -131.979233 10.717793 -45.031723
v -131.727386 10.717793 -45.031723
v -131.475540 10.717793 -45.031723
v -131.475540 10.717793 -50.967125
v -131.727386 10.717793 -50.967125
v -131.979233 10.717793 -50.967125
v -131.366547 10.522738 -51.203354
v -131.654724 10.522738 -51.225521
v -131.942902 10.522738 -51.247684
v -131.366547 10.717793 -51.203354
v -131.654724 10.717793 -51.225521
v -131.942902 10.717793 -51.247684
v -134.497696 8.972196 -50.967125
v -134.749542 8.972196 -50.967125
v -135.001389 8.972196 -50.967125
v -134.497696 10.522738 -50.967125
v -134.749542 10.522738 -50.967125
v -135.001389 10.522738 -50.967125
v -135.001389 8.972196 -45.031723
v -134.749542 8.972196 -45.031723
v -134.497696 8.972196 -45.031723
v -135.001389 10.522738 -45.031723
v -134.749542 10.522738 -45.031723
v -134.497696 10.522738 -45.031723
v -134.497696 10.717793 -50.967125
v -134.749542 10.717793 -50.967125
v -135.001389 10.717793 -50.967125
v -135.001389 10.717793 -45.031723
v -134.749542 10.717793 -45.031723
v -134.497696 10.717793 -45.031723
v -134.534027 10.522738 -51.247688
v -134.822205 10.522738 -51.225521
v -135.110382 10.522738 -51.203354
v -135.146713 10.522738 -44.817661
v -134.894867 10.522738 -44.817661
v -134.643021 10.522738 -44.817661
v -134.534027 10.717793 -51.247688
v -134.822205 10.717793 -51.225521
v -135.110382 10.717793 -51.203354
v -135.146713 10.717793 -44.817661
v -134.894867 10.717793 -44.817661
v -134.643021 10.717793 -44.817661
v -133.762405 8.972196 -45.031723
v -133.762405 8.972196 -50.967125
v -133.762405 10.522738 -50.967125
v -133.762405 8.972196 -43.605568
v -133.762405 10.522738 -43.605568
v -133.762405 10.717793 -45.031723
v -133.762405 10.717793 -50.967125
v -133.762405 10.717793 -43.605568
v -133.762405 10.522738 -51.269852
v -133.837997 10.522738 -43.348953
v -133.762405 10.717793 -51.269852
v -133.837997 10.717793 -43.348953
v -133.762405 10.717793 -44.675182
v -133.762405 10.717793 -44.318645
v -133.762405 10.717793 -43.962105
v -133.762405 8.972196 -44.675182
v -133.762405 8.972196 -44.318645
v -133.762405 8.972196 -43.962105
v -133.994400 8.972196 -50.967125
v -133.994400 10.522738 -50.967125
v -133.994400 10.717793 -50.967125
v -133.994400 10.522738 -51.269852
v -133.994400 10.717793 -51.269852
v -133.994400 8.972196 -44.675182
v -133.994400 8.972196 -44.318645
v -133.994400 8.972196 -43.962105
v -133.994400 8.972196 -45.031723
v -133.994400 8.972196 -43.605568
v -133.994400 10.522738 -43.605568
v -133.994400 10.717793 -45.031723
v -133.994400 10.717793 -43.605568
v -134.103455 10.522738 -43.369373
v -134.103455 10.717793 -43.369373
v -133.994400 10.717793 -44.675182
v -133.994400 10.717793 -44.318645
v -133.994400 10.717793 -43.962105
v -132.705353 8.972196 -45.031723
v -132.705353 8.972196 -50.967125
v -132.705353 10.522738 -50.967125
v -132.705353 8.972196 -43.605568
v -132.705353 10.522738 -43.605568
v -132.705353 10.717793 -45.031723
v -132.705353 10.717793 -50.967125
v -132.705353 10.717793 -43.605568
v -132.705353 10.522738 -51.269852
v -132.628448 10.522738 -43.349762
v -132.705353 10.717793 -51.269852
v -132.628448 10.717793 -43.349762
v -132.705353 10.717793 -44.675182
v -132.705353 10.717793 -44.318645
v -132.705353 10.717793 -43.962105
v -132.705353 8.972196 -44.675182
v -132.705353 8.972196 -44.318645
v -132.705353 8.972196 -43.962105
v -135.253220 9.166013 -50.967125
v -131.223709 9.166013 -50.967125
v -131.223709 9.166013 -45.031723
v -135.253220 9.166013 -45.031723
v -134.245850 9.166013 -45.031723
v -132.231079 9.166013 -45.031723
v -132.231079 9.166013 -50.967125
v -133.238464 9.166013 -50.967125
v -134.245850 9.166013 -50.967125
v -134.245850 9.166013 -43.605568
v -133.238464 9.166013 -43.605568
v -132.231079 9.166013 -43.605568
v -134.245850 9.166013 -44.675182
v -134.245850 9.166013 -44.318645
v -134.245850 9.166013 -43.962105
v -132.231079 9.166013 -44.675182
v -132.231079 9.166013 -44.318645
v -132.231079 9.166013 -43.962105
v -131.475540 9.166013 -50.967125
v -131.727386 9.166013 -50.967125
v -131.979233 9.166013 -50.967125
v -131.979233 9.166013 -45.031723
v -131.727386 9.166013 -45.031723
v -131.475540 9.166013 -45.031723
v -135.001389 9.166013 -45.031723
v -134.749542 9.166013 -45.031723
v -134.497696 9.166013 -45.031723
v -134.497696 9.166013 -50.967125
v -134.749542 9.166013 -50.967125
v -135.001389 9.166013 -50.967125
v -133.762405 9.166013 -43.605568
v -133.762405 9.166013 -50.967125
v -133.994400 9.166013 -43.605568
v -133.994400 9.166013 -50.967125
v -132.705353 9.166013 -43.605568
v -132.705353 9.166013 -50.967125
v -135.253220 8.972196 -49.977890
v -135.253220 8.972196 -48.988659
v -135.253220 8.972196 -47.999424
v -135.253220 8.972196 -47.010189
v -135.253220 8.972196 -46.020958
v -131.223709 8.972196 -46.020958
v -131.223709 8.972196 -47.010189
v -131.223709 8.972196 -47.999424
v -131.223709 8.972196 -48.988659
v -131.223709 8.972196 -49.977890
v -135.253220 10.522738 -49.977890
v -135.253220 10.522738 -48.988659
v -135.253220 10.522738 -47.999424
v -135.253220 10.522738 -47.010189
v -135.253220 10.522738 -46.020958
v -131.223709 10.522738 -46.020958
v -131.223709 10.522738 -47.010189
v -131.223709 10.522738 -47.999424
v -131.223709 10.522738 -48.988659
v -131.223709 10.522738 -49.977890
v -134.245850 8.972196 -49.977890
v -134.245850 8.972196 -48.988659
v -134.245850 8.972196 -47.999424
v -134.245850 8.972196 -47.010189
v -134.245850 8.972196 -46.020958
v -133.238464 8.972196 -49.977890
v -133.238464 8.972196 -48.988659
v -133.238464 8.972196 -47.999424
v -133.238464 8.972196 -47.010189
v -133.238464 8.972196 -46.020958
v -132.231079 8.972196 -49.977890
v -132.231079 8.972196 -48.988659
v -132.231079 8.972196 -47.999424
v -132.231079 8.972196 -47.010189
v -132.231079 8.972196 -46.020958
v -135.253220 10.717793 -49.977890
v -135.253220 10.717793 -48.988659
v -135.253220 10.717793 -47.999424
v -135.253220 10.717793 -47.010189
v -135.253220 10.717793 -46.020958
v -131.223709 10.717793 -46.020958
v -131.223709 10.717793 -47.010189
v -131.223709 10.717793 -47.999424
v -131.223709 10.717793 -48.988659
v -131.223709 10.717793 -49.977890
v -134.245850 10.717793 -46.020958
v -134.245850 10.717793 -47.010189
v -134.245850 10.717793 -47.999424
v -134.245850 10.717793 -48.988659
v -134.245850 10.717793 -49.977890
v -133.238464 10.717793 -46.020958
v -133.238464 10.717793 -47.010189
v -133.238464 10.717793 -47.999424
v -133.238464 10.717793 -48.988659
v -133.238464 10.717793 -49.977890
v -132.231079 10.717793 -46.020958
v -132.231079 10.717793 -47.010189
v -132.231079 10.717793 -47.999424
v -132.231079 10.717793 -48.988659
v -132.231079 10.717793 -49.977890
v -135.398544 10.522738 -50.120598
v -135.398544 10.522738 -49.060013
v -135.398544 10.522738 -47.999424
v -135.398544 10.522738 -46.938835
v -135.398544 10.522738 -45.878250
v -131.028214 10.522738 -46.056633
v -131.038254 10.522738 -47.081543
v -131.048279 10.522738 -48.106453
v -131.058319 10.522738 -49.131367
v -131.068344 10.522738 -50.156277
v -135.398544 10.717793 -50.120598
v -135.398544 10.717793 -49.060013
v -135.398544 10.717793 -47.999424
v -135.398544 10.717793 -46.938835
v -135.398544 10.717793 -45.878250
v -131.028214 10.717793 -46.056633
v -131.038254 10.717793 -47.081543
v -131.048279 10.717793 -48.106453
v -131.058319 10.717793 -49.131367
v -131.068344 10.717793 -50.156277
v -131.979233 10.717793 -46.020958
v -131.979233 10.717793 -47.010189
v -131.979233 10.717793 -47.999424
v -131.979233 10.717793 -48.988659
v -131.979233 10.717793 -49.977890
v -131.727386 10.717793 -46.020958
v -131.727386 10.717793 -47.010189
v -131.727386 10.717793 -47.999424
v -131.727386 10.717793 -48.988659
v -131.727386 10.717793 -49.977890
v -131.475540 10.717793 -46.020958
v -131.475540 10.717793 -47.010189
v -131.475540 10.717793 -47.999424
v -131.475540 10.717793 -48.988659
v -131.475540 10.717793 -49.977890
v -131.979233 8.972196 -49.977890
v -131.979233 8.972196 -48.988659
v -131.979233 8.972196 -47.999424
v -131.979233 8.972196 -47.010189
v -131.979233 8.972196 -46.020958
v -131.727386 8.972196 -49.977890
v -131.727386 8.972196 -48.988659
v -131.727386 8.972196 -47.999424
v -131.727386 8.972196 -47.010189
v -131.727386 8.972196 -46.020958
v -131.475540 8.972196 -49.977890
v -131.475540 8.972196 -48.988659
v -131.475540 8.972196 -47.999424
v -131.475540 8.972196 -47.010189
v -131.475540 8.972196 -46.020958
v -135.001389 10.717793 -46.020958
v -135.001389 10.717793 -47.010189
v -135.001389 10.717793 -47.999424
v -135.001389 10.717793 -48.988659
v -135.001389 10.717793 -49.977890
v -134.749542 10.717793 -46.020958
v -134.749542 10.717793 -47.010189
v -134.749542 10.717793 -47.999424
v -134.749542 10.717793 -48.988659
v -134.749542 10.717793 -49.977890
v -134.497696 10.717793 -46.020958
v -134.497696 10.717793 -47.010189
v -134.497696 10.717793 -47.999424
v -134.497696 10.717793 -48.988659
v -134.497696 10.717793 -49.977890
v -135.001389 8.972196 -49.977890
v -135.001389 8.972196 -48.988659
v -135.001389 8.972196 -47.999424
v -135.001389 8.972196 -47.010189
v -135.001389 8.972196 -46.020958
v -134.749542 8.972196 -49.977890
v -134.749542 8.972196 -48.988659
v -134.749542 8.972196 -47.999424
v -134.749542 8.972196 -47.010189
v -134.749542 8.972196 -46.020958
v -134.497696 8.972196 -49.977890
v -134.497696 8.972196 -48.988659
v -134.497696 8.972196 -47.999424
v -134.497696 8.972196 -47.010189
v -134.497696 8.972196 -46.020958
v -133.762405 10.717793 -46.020958
v -133.762405 10.717793 -47.010189
v -133.762405 10.717793 -47.999424
v -133.762405 10.717793 -48.988659
v -133.762405 10.717793 -49.977890
v -133.762405 8.972196 -49.977890
v -133.762405 8.972196 -48.988659
v -133.762405 8.972196 -47.999424
v -133.762405 8.972196 -47.010189
v -133.762405 8.972196 -46.020958
v -133.994400 8.972196 -49.977890
v -133.994400 8.972196 -48.988659
v -133.994400 8.972196 -47.999424
v -133.994400 8.972196 -47.010189
v -133.994400 8.972196 -46.020958
v -133.994400 10.717793 -46.020958
v -133.994400 10.717793 -47.010189
v -133.994400 10.717793 -47.999424
v -133.994400 10.717793 -48.988659
v -133.994400 10.717793 -49.977890
v -132.705353 10.717793 -46.020958
v -132.705353 10.717793 -47.010189
v -132.705353 10.717793 -47.999424
v -132.705353 10.717793 -48.988659
v -132.705353 10.717793 -49.977890
v -132.705353 8.972196 -49.977890
v -132.705353 8.972196 -48.988659
v -132.705353 8.972196 -47.999424
v -132.705353 8.972196 -47.010189
v -132.705353 8.972196 -46.020958
v -135.253220 9.166013 -46.020958
v -135.253220 9.166013 -47.010189
v -135.253220 9.166013 -47.999424
v -135.253220 9.166013 -48.988659
v -135.253220 9.166013 -49.977890
v -131.223709 9.166013 -49.977890
v -131.223709 9.166013 -48.988659
v -131.223709 9.166013 -47.999424
v -131.223709 9.166013 -47.010189
v -131.223709 9.166013 -46.020958
v -135.190186 9.357585 -50.967125
v -135.064423 9.357585 -50.967125
v -135.064423 10.331167 -50.967125
v -135.190186 10.331167 -50.967125
v -131.286743 9.357585 -45.031723
v -131.412506 9.357585 -45.031723
v -131.412506 10.331167 -45.031723
v -131.286743 10.331167 -45.031723
v -131.223709 9.357585 -50.256001
v -131.223709 9.357585 -50.689018
v -131.223709 10.331167 -50.689018
v -131.223709 10.331167 -50.256001
v -135.253220 9.357585 -45.742847
v -135.253220 9.357585 -45.309830
v -135.253220 10.331167 -45.309830
v -135.253220 10.331167 -45.742847
v -134.308884 9.357585 -45.031723
v -134.434647 9.357585 -45.031723
v -134.434647 10.331167 -45.031723
v -134.308884 10.331167 -45.031723
v -132.168045 9.357585 -50.967125
v -132.042282 9.357585 -50.967125
v -132.042282 10.331167 -50.967125
v -132.168045 10.331167 -50.967125
v -132.894150 9.357585 -50.967125
v -133.049652 9.357585 -50.967125
v -133.049652 10.331167 -50.967125
v -132.894150 10.331167 -50.967125
v -134.183212 9.357585 -50.967125
v -134.057037 9.357585 -50.967125
v -134.057037 10.331167 -50.967125
v -134.183212 10.331167 -50.967125
v -133.573608 9.357585 -43.605568
v -133.427277 9.357585 -43.605568
v -133.427277 10.331167 -43.605568
v -133.573608 10.331167 -43.605568
v -132.516541 9.357585 -43.605568
v -132.419891 9.357585 -43.605568
v -132.419891 10.331167 -43.605568
v -132.516541 10.331167 -43.605568
v -132.231079 9.357585 -43.683998
v -132.231079 10.331167 -43.683998
v -132.231079 10.331167 -43.883675
v -132.231079 9.357585 -43.883675
v -132.231079 9.357585 -44.753613
v -132.231079 10.331167 -44.753613
v -132.231079 10.331167 -44.953293
v -132.231079 9.357585 -44.953293
v -132.231079 9.357585 -44.397076
v -132.231079 10.331167 -44.397076
v -132.231079 10.331167 -44.596752
v -132.231079 9.357585 -44.596752
v -132.231079 9.357585 -44.040535
v -132.231079 10.331167 -44.040535
v -132.231079 10.331167 -44.240211
v -132.231079 9.357585 -44.240211
v -131.412506 9.357585 -50.967125
v -131.286743 9.357585 -50.967125
v -131.286743 10.331167 -50.967125
v -131.412506 10.331167 -50.967125
v -131.664352 9.357585 -50.967125
v -131.538589 9.357585 -50.967125
v -131.538589 10.331167 -50.967125
v -131.664352 10.331167 -50.967125
v -131.916199 9.357585 -50.967125
v -131.790436 9.357585 -50.967125
v -131.790436 10.331167 -50.967125
v -131.916199 10.331167 -50.967125
v -132.042282 9.357585 -45.031723
v -132.168045 9.357585 -45.031723
v -132.168045 10.331167 -45.031723
v -132.042282 10.331167 -45.031723
v -131.790436 9.357585 -45.031723
v -131.916199 9.357585 -45.031723
v -131.916199 10.331167 -45.031723
v -131.790436 10.331167 -45.031723
v -131.538589 9.357585 -45.031723
v -131.664352 9.357585 -45.031723
v -131.664352 10.331167 -45.031723
v -131.538589 10.331167 -45.031723
v -135.064423 9.357585 -45.031723
v -135.190186 9.357585 -45.031723
v -135.190186 10.331167 -45.031723
v -135.064423 10.331167 -45.031723
v -134.812576 9.357585 -45.031723
v -134.938339 9.357585 -45.031723
v -134.938339 10.331167 -45.031723
v -134.812576 10.331167 -45.031723
v -134.560730 9.357585 -45.031723
v -134.686493 9.357585 -45.031723
v -134.686493 10.331167 -45.031723
v -134.560730 10.331167 -45.031723
v -134.434647 9.357585 -50.967125
v -134.308884 9.357585 -50.967125
v -134.308884 10.331167 -50.967125
v -134.434647 10.331167 -50.967125
v -134.686493 9.357585 -50.967125
v -134.560730 9.357585 -50.967125
v -134.560730 10.331167 -50.967125
v -134.686493 10.331167 -50.967125
v -134.938339 9.357585 -50.967125
v -134.812576 9.357585 -50.967125
v -134.812576 10.331167 -50.967125
v -134.938339 10.331167 -50.967125
v -133.805603 9.357585 -43.605568
v -133.951218 9.357585 -43.605568
v -133.951218 10.331167 -43.605568
v -133.805603 10.331167 -43.605568
v -133.427277 9.357585 -50.967125
v -133.573608 9.357585 -50.967125
v -133.573608 10.331167 -50.967125
v -133.427277 10.331167 -50.967125
v -134.057037 9.357585 -43.605568
v -134.183212 9.357585 -43.605568
v -134.183212 10.331167 -43.605568
v -134.057037 10.331167 -43.605568
v -133.951218 9.357585 -50.967125
v -133.805603 9.357585 -50.967125
v -133.805603 10.331167 -50.967125
v -133.951218 10.331167 -50.967125
v -133.049652 9.357585 -43.605568
v -132.894150 9.357585 -43.605568
v -132.894150 10.331167 -43.605568
v -133.049652 10.331167 -43.605568
v -132.419891 9.357585 -50.967125
v -132.516541 9.357585 -50.967125
v -132.516541 10.331167 -50.967125
v -132.419891 10.331167 -50.967125
v -134.245850 10.331167 -44.040535
v -134.245850 9.357585 -44.040535
v -134.245850 9.357585 -44.240211
v -134.245850 10.331167 -44.240211
v -134.245850 10.331167 -44.397076
v -134.245850 9.357585 -44.397076
v -134.245850 9.357585 -44.596752
v -134.245850 10.331167 -44.596752
v -134.245850 10.331167 -44.753613
v -134.245850 9.357585 -44.753613
v -134.245850 9.357585 -44.953293
v -134.245850 10.331167 -44.953293
v -134.245850 10.331167 -43.683998
v -134.245850 9.357585 -43.683998
v -134.245850 9.357585 -43.883675
v -134.245850 10.331167 -43.883675
v -135.253220 9.357585 -50.689018
v -135.253220 9.357585 -50.256001
v -135.253220 10.331167 -50.256001
v -135.253220 10.331167 -50.689018
v -135.253220 9.357585 -49.699783
v -135.253220 9.357585 -49.266766
v -135.253220 10.331167 -49.266766
v -135.253220 10.331167 -49.699783
v -135.253220 9.357585 -48.710548
v -135.253220 9.357585 -48.277531
v -135.253220 10.331167 -48.277531
v -135.253220 10.331167 -48.710548
v -135.253220 9.357585 -47.721317
v -135.253220 9.357585 -47.288300
v -135.253220 10.331167 -47.288300
v -135.253220 10.331167 -47.721317
v -135.253220 9.357585 -46.732082
v -135.253220 9.357585 -46.299065
v -135.253220 10.331167 -46.299065
v -135.253220 10.331167 -46.732082
v -131.223709 9.357585 -45.309830
v -131.223709 9.357585 -45.742847
v -131.223709 10.331167 -45.742847
v -131.223709 10.331167 -45.309830
v -131.223709 9.357585 -46.299065
v -131.223709 9.357585 -46.732082
v -131.223709 10.331167 -46.732082
v -131.223709 10.331167 -46.299065
v -131.223709 9.357585 -47.288300
v -131.223709 9.357585 -47.721317
v -131.223709 10.331167 -47.721317
v -131.223709 10.331167 -47.288300
v -131.223709 9.357585 -48.277531
v -131.223709 9.357585 -48.710548
v -131.223709 10.331167 -48.710548
v -131.223709 10.331167 -48.277531
v -131.223709 9.357585 -49.266766
v -131.223709 9.357585 -49.699783
v -131.223709 10.331167 -49.699783
v -131.223709 10.331167 -49.266766
v -135.253220 10.717793 -45.031723
v -131.223709 10.717793 -45.031723
v -135.253220 10.717793 -50.967125
v -131.223709 10.717793 -50.967125
v -135.253220 12.268334 -50.967125
v -135.253220 12.268334 -45.031723
v -131.223709 12.268334 -45.031723
v -131.223709 12.268334 -50.967125
v -134.245850 10.717793 -45.031723
v -133.238464 10.717793 -45.031723
v -132.231079 10.717793 -45.031723
v -132.231079 10.717793 -50.967125
v -133.238464 10.717793 -50.967125
v -134.245850 10.717793 -50.967125
v -134.245850 12.268334 -45.031723
v -132.231079 12.268334 -45.031723
v -132.231079 12.268334 -50.967125
v -133.238464 12.268334 -50.967125
v -134.245850 12.268334 -50.967125
v -134.245850 10.717793 -43.605568
v -133.238464 10.717793 -43.605568
v -132.231079 10.717793 -43.605568
v -134.245850 12.268334 -43.605568
v -133.238464 12.268334 -43.605568
v -132.231079 12.268334 -43.605568
v -135.253220 12.463389 -50.967125
v -135.253220 12.463389 -45.031723
v -132.231079 12.463389 -45.031723
v -131.223709 12.463389 -45.031723
v -131.223709 12.463389 -50.967125
v -134.245850 12.463389 -50.967125
v -134.245850 12.463389 -45.031723
v -133.238464 12.463389 -45.031723
v -132.231079 12.463389 -50.967125
v -133.238464 12.463389 -50.967125
v -133.238464 12.463389 -43.605568
v -134.245850 12.463389 -43.605568
v -132.231079 12.463389 -43.605568
v -135.398544 12.268334 -51.181187
v -135.398544 12.268334 -44.817661
v -131.018188 12.268334 -45.031723
v -131.078384 12.268334 -51.181187
v -134.245850 12.268334 -51.269852
v -134.391174 12.268334 -44.817661
v -135.398544 12.463389 -44.817661
v -135.398544 12.463389 -51.181187
v -132.231079 12.268334 -51.269852
v -133.238464 12.268334 -51.269852
v -133.238464 12.463389 -51.269852
v -134.245850 12.463389 -51.269852
v -131.018188 12.463389 -45.031723
v -131.078384 12.463389 -51.181187
v -134.391174 12.268334 -43.391506
v -133.238464 12.268334 -43.302837
v -132.085754 12.268334 -43.391506
v -132.025558 12.268334 -45.031723
v -134.391174 12.463389 -44.817661
v -132.231079 12.463389 -51.269852
v -134.391174 12.463389 -43.391506
v -133.238464 12.463389 -43.302837
v -132.085754 12.463389 -43.391506
v -132.025558 12.463389 -45.031723
v -132.231079 12.268334 -43.962105
v -132.231079 12.268334 -44.318645
v -132.231079 12.268334 -44.675182
v -132.231079 10.717793 -44.675182
v -132.231079 10.717793 -44.318645
v -132.231079 10.717793 -43.962105
v -133.238464 10.717793 -43.962105
v -133.238464 10.717793 -44.318645
v -133.238464 10.717793 -44.675182
v -134.245850 12.268334 -44.675182
v -134.245850 12.268334 -44.318645
v -134.245850 12.268334 -43.962105
v -134.245850 10.717793 -44.675182
v -134.245850 10.717793 -44.318645
v -134.245850 10.717793 -43.962105
v -133.238464 12.463389 -44.675182
v -133.238464 12.463389 -44.318645
v -133.238464 12.463389 -43.962105
v -132.231079 12.463389 -43.962105
v -132.231079 12.463389 -44.318645
v -132.231079 12.463389 -44.675182
v -134.245850 12.463389 -44.675182
v -134.245850 12.463389 -44.318645
v -134.245850 12.463389 -43.962105
v -132.070709 12.268334 -43.801559
v -132.055664 12.268334 -44.211613
v -132.040619 12.268334 -44.621666
v -134.391174 12.268334 -44.461121
v -134.391174 12.268334 -44.104584
v -134.391174 12.268334 -43.748043
v -132.070709 12.463389 -43.801559
v -132.055664 12.463389 -44.211613
v -132.040619 12.463389 -44.621666
v -134.391174 12.463389 -44.461121
v -134.391174 12.463389 -44.104584
v -134.391174 12.463389 -43.748043
v -131.979233 10.717793 -45.031723
v -131.727386 10.717793 -45.031723
v -131.475540 10.717793 -45.031723
v -131.979233 12.268334 -45.031723
v -131.727386 12.268334 -45.031723
v -131.475540 12.268334 -45.031723
v -131.475540 10.717793 -50.967125
v -131.727386 10.717793 -50.967125
v -131.979233 10.717793 -50.967125
v -131.475540 12.268334 -50.967125
v -131.727386 12.268334 -50.967125
v -131.979233 12.268334 -50.967125
v -131.979233 12.463389 -45.031723
v -131.727386 12.463389 -45.031723
v -131.475540 12.463389 -45.031723
v -131.475540 12.463389 -50.967125
v -131.727386 12.463389 -50.967125
v -131.979233 12.463389 -50.967125
v -131.366547 12.268334 -51.203354
v -131.654724 12.268334 -51.225521
v -131.942902 12.268334 -51.247684
v -131.366547 12.463389 -51.203354
v -131.654724 12.463389 -51.225521
v -131.942902 12.463389 -51.247684
v -134.497696 10.717793 -50.967125
v -134.749542 10.717793 -50.967125
v -135.001389 10.717793 -50.967125
v -134.497696 12.268334 -50.967125
v -134.749542 12.268334 -50.967125
v -135.001389 12.268334 -50.967125
v -135.001389 10.717793 -45.031723
v -134.749542 10.717793 -45.031723
v -134.497696 10.717793 -45.031723
v -135.001389 12.268334 -45.031723
v -134.749542 12.268334 -45.031723
v -134.497696 12.268334 -45.031723
v -134.497696 12.463389 -50.967125
v -134.749542 12.463389 -50.967125
v -135.001389 12.463389 -50.967125
v -135.001389 12.463389 -45.031723
v -134.749542 12.463389 -45.031723
v -134.497696 12.463389 -45.031723
v -134.534027 12.268334 -51.247688
v -134.822205 12.268334 -51.225521
v -135.110382 12.268334 -51.203354
v -135.146713 12.268334 -44.817661
v -134.894867 12.268334 -44.817661
v -134.643021 12.268334 -44.817661
v -134.534027 12.463389 -51.247688
v -134.822205 12.463389 -51.225521
v -135.110382 12.463389 -51.203354
v -135.146713 12.463389 -44.817661
v -134.894867 12.463389 -44.817661
v -134.643021 12.463389 -44.817661
v -133.762405 10.717793 -45.031723
v -133.762405 10.717793 -50.967125
v -133.762405 12.268334 -50.967125
v -133.762405 10.717793 -43.605568
v -133.762405 12.268334 -43.605568
v -133.762405 12.463389 -45.031723
v -133.762405 12.463389 -50.967125
v -133.762405 12.463389 -43.605568
v -133.762405 12.268334 -51.269852
v -133.837997 12.268334 -43.348953
v -133.762405 12.463389 -51.269852
v -133.837997 12.463389 -43.348953
v -133.762405 12.463389 -44.675182
v -133.762405 12.463389 -44.318645
v -133.762405 12.463389 -43.962105
v -133.762405 10.717793 -44.675182
v -133.762405 10.717793 -44.318645
v -133.762405 10.717793 -43.962105
v -133.994400 10.717793 -50.967125
v -133.994400 12.268334 -50.967125
v -133.994400 12.463389 -50.967125
v -133.994400 12.268334 -51.269852
v -133.994400 12.463389 -51.269852
v -133.994400 10.717793 -44.675182
v -133.994400 10.717793 -44.318645
v -133.994400 10.717793 -43.962105
v -133.994400 10.717793 -45.031723
v -133.994400 10.717793 -43.605568
v -133.994400 12.268334 -43.605568
v -133.994400 12.463389 -45.031723
v -133.994400 12.463389 -43.605568
v -134.103455 12.268334 -43.369373
v -134.103455 12.463389 -43.369373
v -133.994400 12.463389 -44.675182
v -133.994400 12.463389 -44.318645
v -133.994400 12.463389 -43.962105
v -132.705353 10.717793 -45.031723
v -132.705353 10.717793 -50.967125
v -132.705353 12.268334 -50.967125
v -132.705353 10.717793 -43.605568
v -132.705353 12.268334 -43.605568
v -132.705353 12.463389 -45.031723
v -132.705353 12.463389 -50.967125
v -132.705353 12.463389 -43.605568
v -132.705353 12.268334 -51.269852
v -132.628448 12.268334 -43.349762
v -132.705353 12.463389 -51.269852
v -132.628448 12.463389 -43.349762
v -132.705353 12.463389 -44.675182
v -132.705353 12.463389 -44.318645
v -132.705353 12.463389 -43.962105
v -132.705353 10.717793 -44.675182
v -132.705353 10.717793 -44.318645
v -132.705353 10.717793 -43.962105
v -135.253220 10.911610 -50.967125
v -131.223709 10.911610 -50.967125
v -131.223709 10.911610 -45.031723
v -135.253220 10.911610 -45.031723
v -134.245850 10.911610 -45.031723
v -132.231079 10.911610 -45.031723
v -132.231079 10.911610 -50.967125
v -133.238464 10.911610 -50.967125
v -134.245850 10.911610 -50.967125
v -134.245850 10.911610 -43.605568
v -133.238464 10.911610 -43.605568
v -132.231079 10.911610 -43.605568
v -134.245850 10.911610 -44.675182
v -134.245850 10.911610 -44.318645
v -134.245850 10.911610 -43.962105
v -132.231079 10.911610 -44.675182
v -132.231079 10.911610 -44.318645
v -132.231079 10.911610 -43.962105
v -131.475540 10.911610 -50.967125
v -131.727386 10.911610 -50.967125
v -131.979233 10.911610 -50.967125
v -131.979233 10.911610 -45.031723
v -131.727386 10.911610 -45.031723
v -131.475540 10.911610 -45.031723
v -135.001389 10.911610 -45.031723
v -134.749542 10.911610 -45.031723
v -134.497696 10.911610 -45.031723
v -134.497696 10.911610 -50.967125
v -134.749542 10.911610 -50.967125
v -135.001389 10.911610 -50.967125
v -133.762405 10.911610 -43.605568
v -133.762405 10.911610 -50.967125
v -133.994400 10.911610 -43.605568
v -133.994400 10.911610 -50.967125
v -132.705353 10.911610 -43.605568
v -132.705353 10.911610 -50.967125
v -135.253220 10.717793 -49.977890
v -135.253220 10.717793 -48.988659
v -135.253220 10.717793 -47.999424
v -135.253220 10.717793 -47.010189
v -135.253220 10.717793 -46.020958
v -131.223709 10.717793 -46.020958
v -131.223709 10.717793 -47.010189
v -131.223709 10.717793 -47.999424
v -131.223709 10.717793 -48.988659
v -131.223709 10.717793 -49.977890
v -135.253220 12.268334 -49.977890
v -135.253220 12.268334 -48.988659
v -135.253220 12.268334 -47.999424
v -135.253220 12.268334 -47.010189
v -135.253220 12.268334 -46.020958
v -131.223709 12.268334 -46.020958
v -131.223709 12.268334 -47.010189
v -131.223709 12.268334 -47.999424
v -131.223709 12.268334 -48.988659
v -131.223709 12.268334 -49.977890
v -134.245850 10.717793 -49.977890
v -134.245850 10.717793 -48.988659
v -134.245850 10.717793 -47.999424
v -134.245850 10.717793 -47.010189
v -134.245850 10.717793 -46.020958
v -133.238464 10.717793 -49.977890
v -133.238464 10.717793 -48.988659
v -133.238464 10.717793 -47.999424
v -133.238464 10.717793 -47.010189
v -133.238464 10.717793 -46.020958
v -132.231079 10.717793 -49.977890
v -132.231079 10.717793 -48.988659
v -132.231079 10.717793 -47.999424
v -132.231079 10.717793 -47.010189
v -132.231079 10.717793 -46.020958
v -135.253220 12.463389 -49.977890
v -135.253220 12.463389 -48.988659
v -135.253220 12.463389 -47.999424
v -135.253220 12.463389 -47.010189
v -135.253220 12.463389 -46.020958
v -131.223709 12.463389 -46.020958
v -131.223709 12.463389 -47.010189
v -131.223709 12.463389 -47.999424
v -131.223709 12.463389 -48.988659
v -131.223709 12.463389 -49.977890
v -134.245850 12.463389 -46.020958
v -134.245850 12.463389 -47.010189
v -134.245850 12.463389 -47.999424
v -134.245850 12.463389 -48.988659
v -134.245850 12.463389 -49.977890
v -133.238464 12.463389 -46.020958
v -133.238464 12.463389 -47.010189
v -133.238464 12.463389 -47.999424
v -133.238464 12.463389 -48.988659
v -133.238464 12.463389 -49.977890
v -132.231079 12.463389 -46.020958
v -132.231079 12.463389 -47.010189
v -132.231079 12.463389 -47.999424
v -132.231079 12.463389 -48.988659
v -132.231079 12.463389 -49.977890
v -135.398544 12.268334 -50.120598
v -135.398544 12.268334 -49.060013
v -135.398544 12.268334 -47.999424
v -135.398544 12.268334 -46.938835
v -135.398544 12.268334 -45.878250
v -131.028214 12.268334 -46.056633
v -131.038254 12.268334 -47.081543
v -131.048279 12.268334 -48.106453
v -131.058319 12.268334 -49.131367
v -131.068344 12.268334 -50.156277
v -135.398544 12.463389 -50.120598
v -135.398544 12.463389 -49.060013
v -135.398544 12.463389 -47.999424
v -135.398544 12.463389 -46.938835
v -135.398544 12.463389 -45.878250
v -131.028214 12.463389 -46.056633
v -131.038254 12.463389 -47.081543
v -131.048279 12.463389 -48.106453
v -131.058319 12.463389 -49.131367
v -131.068344 12.463389 -50.156277
v -131.979233 12.463389 -46.020958
v -131.979233 12.463389 -47.010189
v -131.979233 12.463389 -47.999424
v -131.979233 12.463389 -48.988659
v -131.979233 12.463389 -49.977890
v -131.727386 12.463389 -46.020958
v -131.727386 12.463389 -47.010189
v -131.727386 12.463389 -47.999424
v -131.727386 12.463389 -48.988659
v -131.727386 12.463389 -49.977890
v -131.475540 12.463389 -46.020958
v -131.475540 12.463389 -47.010189
v -131.475540 12.463389 -47.999424
v -131.475540 12.463389 -48.988659
v -131.475540 12.463389 -49.977890
v -131.979233 10.717793 -49.977890
v -131.979233 10.717793 -48.988659
v -131.979233 10.717793 -47.999424
v -131.979233 10.717793 -47.010189
v -131.979233 10.717793 -46.020958
v -131.727386 10.717793 -49.977890
v -131.727386 10.717793 -48.988659
v -131.727386 10.717793 -47.999424
v -131.727386 10.717793 -47.010189
v -131.727386 10.717793 -46.020958
v -131.475540 10.717793 -49.977890
v -131.475540 10.717793 -48.988659
v -131.475540 10.717793 -47.999424
v -131.475540 10.717793 -47.010189
v -131.475540 10.717793 -46.020958
v -135.001389 12.463389 -46.020958
v -135.001389 12.463389 -47.010189
v -135.001389 12.463389 -47.999424
v -135.001389 12.463389 -48.988659
v -135.001389 12.463389 -49.977890
v -134.749542 12.463389 -46.020958
v -134.749542 12.463389 -47.010189
v -134.749542 12.463389 -47.999424
v -134.749542 12.463389 -48.988659
v -134.749542 12.463389 -49.977890
v -134.497696 12.463389 -46.020958
v -134.497696 12.463389 -47.010189
v -134.497696 12.463389 -47.999424
v -134.497696 12.463389 -48.988659
v -134.497696 12.463389 -49.977890
v -135.001389 10.717793 -49.977890
v -135.001389 10.717793 -48.988659
v -135.001389 10.717793 -47.999424
v -135.001389 10.717793 -47.010189
v -135.001389 10.717793 -46.020958
v -134.749542 10.717793 -49.977890
v -134.749542 10.717793 -48.988659
v -134.749542 10.717793 -47.999424
v -134.749542 10.717793 -47.010189
v -134.749542 10.717793 -46.020958
v -134.497696 10.717793 -49.977890
v -134.497696 10.717793 -48.988659
v -134.497696 10.717793 -47.999424
v -134.497696 10.717793 -47.010189
v -134.497696 10.717793 -46.020958
v -133.762405 12.463389 -46.020958
v -133.762405 12.463389 -47.010189
v -133.762405 12.463389 -47.999424
v -133.762405 12.463389 -48.988659
v -133.762405 12.463389 -49.977890
v -133.762405 10.717793 -49.977890
v -133.762405 10.717793 -48.988659
v -133.762405 10.717793 -47.999424
v -133.762405 10.717793 -47.010189
v -133.762405 10.717793 -46.020958
v -133.994400 10.717793 -49.977890
v -133.994400 10.717793 -48.988659
v -133.994400 10.717793 -47.999424
v -133.994400 10.717793 -47.010189
v -133.994400 10.717793 -46.020958
v -133.994400 12.463389 -46.020958
v -133.994400 12.463389 -47.010189
v -133.994400 12.463389 -47.999424
v -133.994400 12.463389 -48.988659
v -133.994400 12.463389 -49.977890
v -132.705353 12.463389 -46.020958
v -132.705353 12.463389 -47.010189
v -132.705353 12.463389 -47.999424
v -132.705353 12.463389 -48.988659
v -132.705353 12.463389 -49.977890
v -132.705353 10.717793 -49.977890
v -132.705353 10.717793 -48.988659
v -132.705353 10.717793 -47.999424
v -132.705353 10.717793 -47.010189
v -132.705353 10.717793 -46.020958
v -135.253220 10.911610 -46.020958
v -135.253220 10.911610 -47.010189
v -135.253220 10.911610 -47.999424
v -135.253220 10.911610 -48.988659
v -135.253220 10.911610 -49.977890
v -131.223709 10.911610 -49.977890
v -131.223709 10.911610 -48.988659
v -131.223709 10.911610 -47.999424
v -131.223709 10.911610 -47.010189
v -131.223709 10.911610 -46.020958
v -135.190186 11.103182 -50.967125
v -135.064423 11.103182 -50.967125
v -135.064423 12.076764 -50.967125
v -135.190186 12.076764 -50.967125
v -131.286743 11.103182 -45.031723
v -131.412506 11.103182 -45.031723
v -131.412506 12.076764 -45.031723
v -131.286743 12.076764 -45.031723
v -131.223709 11.103182 -50.256001
v -131.223709 11.103182 -50.689018
v -131.223709 12.076764 -50.689018
v -131.223709 12.076764 -50.256001
v -135.253220 11.103182 -45.742847
v -135.253220 11.103182 -45.309830
v -135.253220 12.076764 -45.309830
v -135.253220 12.076764 -45.742847
v -134.308884 11.103182 -45.031723
v -134.434647 11.103182 -45.031723
v -134.434647 12.076764 -45.031723
v -134.308884 12.076764 -45.031723
v -132.168045 11.103182 -50.967125
v -132.042282 11.103182 -50.967125
v -132.042282 12.076764 -50.967125
v -132.168045 12.076764 -50.967125
v -132.894150 11.103182 -50.967125
v -133.049652 11.103182 -50.967125
v -133.049652 12.076764 -50.967125
v -132.894150 12.076764 -50.967125
v -134.183212 11.103182 -50.967125
v -134.057037 11.103182 -50.967125
v -134.057037 12.076764 -50.967125
v -134.183212 12.076764 -50.967125
v -133.573608 11.103182 -43.605568
v -133.427277 11.103182 -43.605568
v -133.427277 12.076764 -43.605568
v -133.573608 12.076764 -43.605568
v -132.516541 11.103182 -43.605568
v -132.419891 11.103182 -43.605568
v -132.419891 12.076764 -43.605568
v -132.516541 12.076764 -43.605568
v -132.231079 11.103182 -43.683998
v -132.231079 12.076764 -43.683998
v -132.231079 12.076764 -43.883675
v -132.231079 11.103182 -43.883675
v -132.231079 11.103182 -44.753613
v -132.231079 12.076764 -44.753613
v -132.231079 12.076764 -44.953293
v -132.231079 11.103182 -44.953293
v -132.231079 11.103182 -44.397076
v -132.231079 12.076764 -44.397076
v -132.231079 12.076764 -44.596752
v -132.231079 11.103182 -44.596752
v -132.231079 11.103182 -44.040535
v -132.231079 12.076764 -44.040535
v -132.231079 12.076764 -44.240211
v -132.231079 11.103182 -44.240211
v -131.412506 11.103182 -50.967125
v -131.286743 11.103182 -50.967125
v -131.286743 12.076764 -50.967125
v -131.412506 12.076764 -50.967125
v -131.664352 11.103182 -50.967125
v -131.538589 11.103182 -50.967125
v -131.538589 12.076764 -50.967125
v -131.664352 12.076764 -50.967125
v -131.916199 11.103182 -50.967125
v -131.790436 11.103182 -50.967125
v -131.790436 12.076764 -50.967125
v -131.916199 12.076764 -50.967125
v -132.042282 11.103182 -45.031723
v -132.168045 11.103182 -45.031723
v -132.168045 12.076764 -45.031723
v -132.042282 12.076764 -45.031723
v -131.790436 11.103182 -45.031723
v -131.916199 11.103182 -45.031723
v -131.916199 12.076764 -45.031723
v -131.790436 12.076764 -45.031723
v -131.538589 11.103182 -45.031723
v -131.664352 11.103182 -45.031723
v -131.664352 12.076764 -45.031723
v -131.538589 12.076764 -45.031723
v -135.064423 11.103182 -45.031723
v -135.190186 11.103182 -45.031723
v -135.190186 12.076764 -45.031723
v -135.064423 12.076764 -45.031723
v -134.812576 11.103182 -45.031723
v -134.938339 11.103182 -45.031723
v -134.938339 12.076764 -45.031723
v -134.812576 12.076764 -45.031723
v -134.560730 11.103182 -45.031723
v -134.686493 11.103182 -45.031723
v -134.686493 12.076764 -45.031723
v -134.560730 12.076764 -45.031723
v -134.434647 11.103182 -50.967125
v -134.308884 11.103182 -50.967125
v -134.308884 12.076764 -50.967125
v -134.434647 12.076764 -50.967125
v -134.686493 11.103182 -50.967125
v -134.560730 11.103182 -50.967125
v -134.560730 12.076764 -50.967125
v -134.686493 12.076764 -50.967125
v -134.938339 11.103182 -50.967125
v -134.812576 11.103182 -50.967125
v -134.812576 12.076764 -50.967125
v -134.938339 12.076764 -50.967125
v -133.805603 11.103182 -43.605568
v -133.951218 11.103182 -43.605568
v -133.951218 12.076764 -43.605568
v -133.805603 12.076764 -43.605568
v -133.427277 11.103182 -50.967125
v -133.573608 11.103182 -50.967125
v -133.573608 12.076764 -50.967125
v -133.427277 12.076764 -50.967125
v -134.057037 11.103182 -43.605568
v -134.183212 11.103182 -43.605568
v -134.183212 12.076764 -43.605568
v -134.057037 12.076764 -43.605568
v -133.951218 11.103182 -50.967125
v -133.805603 11.103182 -50.967125
v -133.805603 12.076764 -50.967125
v -133.951218 12.076764 -50.967125
v -133.049652 11.103182 -43.605568
v -132.894150 11.103182 -43.605568
v -132.894150 12.076764 -43.605568
v -133.049652 12.076764 -43.605568
v -132.419891 11.103182 -50.967125
v -132.516541 11.103182 -50.967125
v -132.516541 12.076764 -50.967125
v -132.419891 12.076764 -50.967125
v -134.245850 12.076764 -44.040535
v -134.245850 11.103182 -44.040535
v -134.245850 11.103182 -44.240211
v -134.245850 12.076764 -44.240211
v -134.245850 12.076764 -44.397076
v -134.245850 11.103182 -44.397076
v -134.245850 11.103182 -44.596752
v -134.245850 12.076764 -44.596752
v -134.245850 12.076764 -44.753613
v -134.245850 11.103182 -44.753613
v -134.245850 11.103182 -44.953293
v -134.245850 12.076764 -44.953293
v -134.245850 12.076764 -43.683998
v -134.245850 11.103182 -43.683998
v -134.245850 11.103182 -43.883675
v -134.245850 12.076764 -43.883675
v -135.253220 11.103182 -50.689018
v -135.253220 11.103182 -50.256001
v -135.253220 12.076764 -50.256001
v -135.253220 12.076764 -50.689018
v -135.253220 11.103182 -49.699783
v -135.253220 11.103182 -49.266766
v -135.253220 12.076764 -49.266766
v -135.253220 12.076764 -49.699783
v -135.253220 11.103182 -48.710548
v -135.253220 11.103182 -48.277531
v -135.253220 12.076764 -48.277531
v -135.253220 12.076764 -48.710548
v -135.253220 11.103182 -47.721317
v -135.253220 11.103182 -47.288300
v -135.253220 12.076764 -47.288300
v -135.253220 12.076764 -47.721317
v -135.253220 11.103182 -46.732082
v -135.253220 11.103182 -46.299065
v -135.253220 12.076764 -46.299065
v -135.253220 12.076764 -46.732082
v -131.223709 11.103182 -45.309830
v -131.223709 11.103182 -45.742847
v -131.223709 12.076764 -45.742847
v -131.223709 12.076764 -45.309830
v -131.223709 11.103182 -46.299065
v -131.223709 11.103182 -46.732082
v -131.223709 12.076764 -46.732082
v -131.223709 12.076764 -46.299065
v -131.223709 11.103182 -47.288300
v -131.223709 11.103182 -47.721317
v -131.223709 12.076764 -47.721317
v -131.223709 12.076764 -47.288300
v -131.223709 11.103182 -48.277531
v -131.223709 11.103182 -48.710548
v -131.223709 12.076764 -48.710548
v -131.223709 12.076764 -48.277531
v -131.223709 11.103182 -49.266766
v -131.223709 11.103182 -49.699783
v -131.223709 12.076764 -49.699783
v -131.223709 12.076764 -49.266766
v -135.253220 12.463389 -45.031723
v -131.223709 12.463389 -45.031723
v -135.253220 12.463389 -50.967125
v -131.223709 12.463389 -50.967125
v -135.253220 14.013931 -50.967125
v -135.253220 14.013931 -45.031723
v -131.223709 14.013931 -45.031723
v -131.223709 14.013931 -50.967125
v -134.245850 12.463389 -45.031723
v -133.238464 12.463389 -45.031723
v -132.231079 12.463389 -45.031723
v -132.231079 12.463389 -50.967125
v -133.238464 12.463389 -50.967125
v -134.245850 12.463389 -50.967125
v -134.245850 14.013931 -45.031723
v -132.231079 14.013931 -45.031723
v -132.231079 14.013931 -50.967125
v -133.238464 14.013931 -50.967125
v -134.245850 14.013931 -50.967125
v -134.245850 12.463389 -43.605568
v -133.238464 12.463389 -43.605568
v -132.231079 12.463389 -43.605568
v -134.245850 14.013931 -43.605568
v -133.238464 14.013931 -43.605568
v -132.231079 14.013931 -43.605568
v -135.253220 14.208986 -50.967125
v -135.253220 14.208986 -45.031723
v -132.231079 14.208986 -45.031723
v -131.223709 14.208986 -45.031723
v -131.223709 14.208986 -50.967125
v -134.245850 14.208986 -50.967125
v -134.245850 14.208986 -45.031723
v -133.238464 14.208986 -45.031723
v -132.231079 14.208986 -50.967125
v -133.238464 14.208986 -50.967125
v -133.238464 14.208986 -43.605568
v -134.245850 14.208986 -43.605568
v -132.231079 14.208986 -43.605568
v -135.398544 14.013931 -51.181187
v -135.398544 14.013931 -44.817661
v -131.018188 14.013931 -45.031723
v -131.078384 14.013931 -51.181187
v -134.245850 14.013931 -51.269852
v -134.391174 14.013931 -44.817661
v -135.398544 14.208986 -44.817661
v -135.398544 14.208986 -51.181187
v -132.231079 14.013931 -51.269852
v -133.238464 14.013931 -51.269852
v -133.238464 14.208986 -51.269852
v -134.245850 14.208986 -51.269852
v -131.018188 14.208986 -45.031723
v -131.078384 14.208986 -51.181187
v -134.391174 14.013931 -43.391506
v -133.238464 14.013931 -43.302837
v -132.085754 14.013931 -43.391506
v -132.025558 14.013931 -45.031723
v -134.391174 14.208986 -44.817661
v -132.231079 14.208986 -51.269852
v -134.391174 14.208986 -43.391506
v -133.238464 14.208986 -43.302837
v -132.085754 14.208986 -43.391506
v -132.025558 14.208986 -45.031723
v -132.231079 14.013931 -43.962105
v -132.231079 14.013931 -44.318645
v -132.231079 14.013931 -44.675182
v -132.231079 12.463389 -44.675182
v -132.231079 12.463389 -44.318645
v -132.231079 12.463389 -43.962105
v -133.238464 12.463389 -43.962105
v -133.238464 12.463389 -44.318645
v -133.238464 12.463389 -44.675182
v -134.245850 14.013931 -44.675182
v -134.245850 14.013931 -44.318645
v -134.245850 14.013931 -43.962105
v -134.245850 12.463389 -44.675182
v -134.245850 12.463389 -44.318645
v -134.245850 12.463389 -43.962105
v -133.238464 14.208986 -44.675182
v -133.238464 14.208986 -44.318645
v -133.238464 14.208986 -43.962105
v -132.231079 14.208986 -43.962105
v -132.231079 14.208986 -44.318645
v -132.231079 14.208986 -44.675182
v -134.245850 14.208986 -44.675182
v -134.245850 14.208986 -44.318645
v -134.245850 14.208986 -43.962105
v -132.070709 14.013931 -43.801559
v -132.055664 14.013931 -44.211613
v -132.040619 14.013931 -44.621666
v -134.391174 14.013931 -44.461121
v -134.391174 14.013931 -44.104584
v -134.391174 14.013931 -43.748043
v -132.070709 14.208986 -43.801559
v -132.055664 14.208986 -44.211613
v -132.040619 14.208986 -44.621666
v -134.391174 14.208986 -44.461121
v -134.391174 14.208986 -44.104584
v -134.391174 14.208986 -43.748043
v -131.979233 12.463389 -45.031723
v -131.727386 12.463389 -45.031723
v -131.475540 12.463389 -45.031723
v -131.979233 14.013931 -45.031723
v -131.727386 14.013931 -45.031723
v -131.475540 14.013931 -45.031723
v -131.475540 12.463389 -50.967125
v -131.727386 12.463389 -50.967125
v -131.979233 12.463389 -50.967125
v -131.475540 14.013931 -50.967125
v -131.727386 14.013931 -50.967125
v -131.979233 14.013931 -50.967125
v -131.979233 14.208986 -45.031723
v -131.727386 14.208986 -45.031723
v -131.475540 14.208986 -45.031723
v -131.475540 14.208986 -50.967125
v -131.727386 14.208986 -50.967125
v -131.979233 14.208986 -50.967125
v -131.366547 14.013931 -51.203354
v -131.654724 14.013931 -51.225521
v -131.942902 14.013931 -51.247684
v -131.366547 14.208986 -51.203354
v -131.654724 14.208986 -51.225521
v -131.942902 14.208986 -51.247684
v -134.497696 12.463389 -50.967125
v -134.749542 12.463389 -50.967125
v -135.001389 12.463389 -50.967125
v -134.497696 14.013931 -50.967125
v -134.749542 14.013931 -50.967125
v -135.001389 14.013931 -50.967125
v -135.001389 12.463389 -45.031723
v -134.749542 12.463389 -45.031723
v -134.497696 12.463389 -45.031723
v -135.001389 14.013931 -45.031723
v -134.749542 14.013931 -45.031723
v -134.497696 14.013931 -45.031723
v -134.497696 14.208986 -50.967125
v -134.749542 14.208986 -50.967125
v -135.001389 14.208986 -50.967125
v -135.001389 14.208986 -45.031723
v -134.749542 14.208986 -45.031723
v -134.497696 14.208986 -45.031723
v -134.534027 14.013931 -51.247688
v -134.822205 14.013931 -51.225521
v -135.110382 14.013931 -51.203354
v -135.146713 14.013931 -44.817661
v -134.894867 14.013931 -44.817661
v -134.643021 14.013931 -44.817661
v -134.534027 14.208986 -51.247688
v -134.822205 14.208986 -51.225521
v -135.110382 14.208986 -51.203354
v -135.146713 14.208986 -44.817661
v -134.894867 14.208986 -44.817661
v -134.643021 14.208986 -44.817661
v -133.762405 12.463389 -45.031723
v -133.762405 12.463389 -50.967125
v -133.762405 14.013931 -50.967125
v -133.762405 12.463389 -43.605568
v -133.762405 14.013931 -43.605568
v -133.762405 14.208986 -45.031723
v -133.762405 14.208986 -50.967125
v -133.762405 14.208986 -43.605568
v -133.762405 14.013931 -51.269852
v -133.837997 14.013931 -43.348953
v -133.762405 14.208986 -51.269852
v -133.837997 14.208986 -43.348953
v -133.762405 14.208986 -44.675182
v -133.762405 14.208986 -44.318645
v -133.762405 14.208986 -43.962105
v -133.762405 12.463389 -44.675182
v -133.762405 12.463389 -44.318645
v -133.762405 12.463389 -43.962105
v -133.994400 12.463389 -50.967125
v -133.994400 14.013931 -50.967125
v -133.994400 14.208986 -50.967125
v -133.994400 14.013931 -51.269852
v -133.994400 14.208986 -51.269852
v -133.994400 12.463389 -44.675182
v -133.994400 12.463389 -44.318645
v -133.994400 12.463389 -43.962105
v -133.994400 12.463389 -45.031723
v -133.994400 12.463389 -43.605568
v -133.994400 14.013931 -43.605568
v -133.994400 14.208986 -45.031723
v -133.994400 14.208986 -43.605568
v -134.103455 14.013931 -43.369373
v -134.103455 14.208986 -43.369373
v -133.994400 14.208986 -44.675182
v -133.994400 14.208986 -44.318645
v -133.994400 14.208986 -43.962105
v -132.705353 12.463389 -45.031723
v -132.705353 12.463389 -50.967125
v -132.705353 14.013931 -50.967125
v -132.705353 12.463389 -43.605568
v -132.705353 14.013931 -43.605568
v -132.705353 14.208986 -45.031723
v -132.705353 14.208986 -50.967125
v -132.705353 14.208986 -43.605568
v -132.705353 14.013931 -51.269852
v -132.628448 14.013931 -43.349762
v -132.705353 14.208986 -51.269852
v -132.628448 14.208986 -43.349762
v -132.705353 14.208986 -44.675182
v -132.705353 14.208986 -44.318645
v -132.705353 14.208986 -43.962105
v -132.705353 12.463389 -44.675182
v -132.705353 12.463389 -44.318645
v -132.705353 12.463389 -43.962105
v -135.253220 12.657207 -50.967125
v -131.223709 12.657207 -50.967125
v -131.223709 12.657207 -45.031723
v -135.253220 12.657207 -45.031723
v -134.245850 12.657207 -45.031723
v -132.231079 12.657207 -45.031723
v -132.231079 12.657207 -50.967125
v -133.238464 12.657207 -50.967125
v -134.245850 12.657207 -50.967125
v -134.245850 12.657207 -43.605568
v -133.238464 12.657207 -43.605568
v -132.231079 12.657207 -43.605568
v -134.245850 12.657207 -44.675182
v -134.245850 12.657207 -44.318645
v -134.245850 12.657207 -43.962105
v -132.231079 12.657207 -44.675182
v -132.231079 12.657207 -44.318645
v -132.231079 12.657207 -43.962105
v -131.475540 12.657207 -50.967125
v -131.727386 12.657207 -50.967125
v -131.979233 12.657207 -50.967125
v -131.979233 12.657207 -45.031723
v -131.727386 12.657207 -45.031723
v -131.475540 12.657207 -45.031723
v -135.001389 12.657207 -45.031723
v -134.749542 12.657207 -45.031723
v -134.497696 12.657207 -45.031723
v -134.497696 12.657207 -50.967125
v -134.749542 12.657207 -50.967125
v -135.001389 12.657207 -50.967125
v -133.762405 12.657207 -43.605568
v -133.762405 12.657207 -50.967125
v -133.994400 12.657207 -43.605568
v -133.994400 12.657207 -50.967125
v -132.705353 12.657207 -43.605568
v -132.705353 12.657207 -50.967125
v -135.253220 12.463389 -49.977890
v -135.253220 12.463389 -48.988659
v -135.253220 12.463389 -47.999424
v -135.253220 12.463389 -47.010189
v -135.253220 12.463389 -46.020958
v -131.223709 12.463389 -46.020958
v -131.223709 12.463389 -47.010189
v -131.223709 12.463389 -47.999424
v -131.223709 12.463389 -48.988659
v -131.223709 12.463389 -49.977890
v -135.253220 14.013931 -49.977890
v -135.253220 14.013931 -48.988659
v -135.253220 14.013931 -47.999424
v -135.253220 14.013931 -47.010189
v -135.253220 14.013931 -46.020958
v -131.223709 14.013931 -46.020958
v -131.223709 14.013931 -47.010189
v -131.223709 14.013931 -47.999424
v -131.223709 14.013931 -48.988659
v -131.223709 14.013931 -49.977890
v -134.245850 12.463389 -49.977890
v -134.245850 12.463389 -48.988659
v -134.245850 12.463389 -47.999424
v -134.245850 12.463389 -47.010189
v -134.245850 12.463389 -46.020958
v -133.238464 12.463389 -49.977890
v -133.238464 12.463389 -48.988659
v -133.238464 12.463389 -47.999424
v -133.238464 12.463389 -47.010189
v -133.238464 12.463389 -46.020958
v -132.231079 12.463389 -49.977890
v -132.231079 12.463389 -48.988659
v -132.231079 12.463389 -47.999424
v -132.231079 12.463389 -47.010189
v -132.231079 12.463389 -46.020958
v -135.253220 14.208986 -49.977890
v -135.253220 14.208986 -48.988659
v -135.253220 14.208986 -47.999424
v -135.253220 14.208986 -47.010189
v -135.253220 14.208986 -46.020958
v -131.223709 14.208986 -46.020958
v -131.223709 14.208986 -47.010189
v -131.223709 14.208986 -47.999424
v -131.223709 14.208986 -48.988659
v -131.223709 14.208986 -49.977890
v -134.245850 14.208986 -46.020958
v -134.245850 14.208986 -47.010189
v -134.245850 14.208986 -47.999424
v -134.245850 14.208986 -48.988659
v -134.245850 14.208986 -49.977890
v -133.238464 14.208986 -46.020958
v -133.238464 14.208986 -47.010189
v -133.238464 14.208986 -47.999424
v -133.238464 14.208986 -48.988659
v -133.238464 14.208986 -49.977890
v -132.231079 14.208986 -46.020958
v -132.231079 14.208986 -47.010189
v -132.231079 14.208986 -47.999424
v -132.231079 14.208986 -48.988659
v -132.231079 14.208986 -49.977890
v -135.398544 14.013931 -50.120598
v -135.398544 14.013931 -49.060013
v -135.398544 14.013931 -47.999424
v -135.398544 14.013931 -46.938835
v -135.398544 14.013931 -45.878250
v -131.028214 14.013931 -46.056633
v -131.038254 14.013931 -47.081543
v -131.048279 14.013931 -48.106453
v -131.058319 14.013931 -49.131367
v -131.068344 14.013931 -50.156277
v -135.398544 14.208986 -50.120598
v -135.398544 14.208986 -49.060013
v -135.398544 14.208986 -47.999424
v -135.398544 14.208986 -46.938835
v -135.398544 14.208986 -45.878250
v -131.028214 14.208986 -46.056633
v -131.038254 14.208986 -47.081543
v -131.048279 14.208986 -48.106453
v -131.058319 14.208986 -49.131367
v -131.068344 14.208986 -50.156277
v -131.979233 14.208986 -46.020958
v -131.979233 14.208986 -47.010189
v -131.979233 14.208986 -47.999424
v -131.979233 14.208986 -48.988659
v -131.979233 14.208986 -49.977890
v -131.727386 14.208986 -46.020958
v -131.727386 14.208986 -47.010189
v -131.727386 14.208986 -47.999424
v -131.727386 14.208986 -48.988659
v -131.727386 14.208986 -49.977890
v -131.475540 14.208986 -46.020958
v -131.475540 14.208986 -47.010189
v -131.475540 14.208986 -47.999424
v -131.475540 14.208986 -48.988659
v -131.475540 14.208986 -49.977890
v -131.979233 12.463389 -49.977890
v -131.979233 12.463389 -48.988659
v -131.979233 12.463389 -47.999424
v -131.979233 12.463389 -47.010189
v -131.979233 12.463389 -46.020958
v -131.727386 12.463389 -49.977890
v -131.727386 12.463389 -48.988659
v -131.727386 12.463389 -47.999424
v -131.727386 12.463389 -47.010189
v -131.727386 12.463389 -46.020958
v -131.475540 12.463389 -49.977890
v -131.475540 12.463389 -48.988659
v -131.475540 12.463389 -47.999424
v -131.475540 12.463389 -47.010189
v -131.475540 12.463389 -46.020958
v -135.001389 14.208986 -46.020958
v -135.001389 14.208986 -47.010189
v -135.001389 14.208986 -47.999424
v -135.001389 14.208986 -48.988659
v -135.001389 14.208986 -49.977890
v -134.749542 14.208986 -46.020958
v -134.749542 14.208986 -47.010189
v -134.749542 14.208986 -47.999424
v -134.749542 14.208986 -48.988659
v -134.749542 14.208986 -49.977890
v -134.497696 14.208986 -46.020958
v -134.497696 14.208986 -47.010189
v -134.497696 14.208986 -47.999424
v -134.497696 14.208986 -48.988659
v -134.497696 14.208986 -49.977890
v -135.001389 12.463389 -49.977890
v -135.001389 12.463389 -48.988659
v -135.001389 12.463389 -47.999424
v -135.001389 12.463389 -47.010189
v -135.001389 12.463389 -46.020958
v -134.749542 12.463389 -49.977890
v -134.749542 12.463389 -48.988659
v -134.749542 12.463389 -47.999424
v -134.749542 12.463389 -47.010189
v -134.749542 12.463389 -46.020958
v -134.497696 12.463389 -49.977890
v -134.497696 12.463389 -48.988659
v -134.497696 12.463389 -47.999424
v -134.497696 12.463389 -47.010189
v -134.497696 12.463389 -46.020958
v -133.762405 14.208986 -46.020958
v -133.762405 14.208986 -47.010189
v -133.762405 14.208986 -47.999424
v -133.762405 14.208986 -48.988659
v -133.762405 14.208986 -49.977890
v -133.762405 12.463389 -49.977890
v -133.762405 12.463389 -48.988659
v -133.762405 12.463389 -47.999424
v -133.762405 12.463389 -47.010189
v -133.762405 12.463389 -46.020958
v -133.994400 12.463389 -49.977890
v -133.994400 12.463389 -48.988659
v -133.994400 12.463389 -47.999424
v -133.994400 12.463389 -47.010189
v -133.994400 12.463389 -46.020958
v -133.994400 14.208986 -46.020958
v -133.994400 14.208986 -47.010189
v -133.994400 14.208986 -47.999424
v -133.994400 14.208986 -48.988659
v -133.994400 14.208986 -49.977890
v -132.705353 14.208986 -46.020958
v -132.705353 14.208986 -47.010189
v -132.705353 14.208986 -47.999424
v -132.705353 14.208986 -48.988659
v -132.705353 14.208986 -49.977890
v -132.705353 12.463389 -49.977890
v -132.705353 12.463389 -48.988659
v -132.705353 12.463389 -47.999424
v -132.705353 12.463389 -47.010189
v -132.705353 12.463389 -46.020958
v -135.253220 12.657207 -46.020958
v -135.253220 12.657207 -47.010189
v -135.253220 12.657207 -47.999424
v -135.253220 12.657207 -48.988659
v -135.253220 12.657207 -49.977890
v -131.223709 12.657207 -49.977890
v -131.223709 12.657207 -48.988659
v -131.223709 12.657207 -47.999424
v -131.223709 12.657207 -47.010189
v -131.223709 12.657207 -46.020958
v -135.190186 12.848779 -50.967125
v -135.064423 12.848779 -50.967125
v -135.064423 13.822361 -50.967125
v -135.190186 13.822361 -50.967125
v -131.286743 12.848779 -45.031723
v -131.412506 12.848779 -45.031723
v -131.412506 13.822361 -45.031723
v -131.286743 13.822361 -45.031723
v -131.223709 12.848779 -50.256001
v -131.223709 12.848779 -50.689018
v -131.223709 13.822361 -50.689018
v -131.223709 13.822361 -50.256001
v -135.253220 12.848779 -45.742847
v -135.253220 12.848779 -45.309830
v -135.253220 13.822361 -45.309830
v -135.253220 13.822361 -45.742847
v -134.308884 12.848779 -45.031723
v -134.434647 12.848779 -45.031723
v -134.434647 13.822361 -45.031723
v -134.308884 13.822361 -45.031723
v -132.168045 12.848779 -50.967125
v -132.042282 12.848779 -50.967125
v -132.042282 13.822361 -50.967125
v -132.168045 13.822361 -50.967125
v -132.894150 12.848779 -50.967125
v -133.049652 12.848779 -50.967125
v -133.049652 13.822361 -50.967125
v -132.894150 13.822361 -50.967125
v -134.183212 12.848779 -50.967125
v -134.057037 12.848779 -50.967125
v -134.057037 13.822361 -50.967125
v -134.183212 13.822361 -50.967125
v -133.573608 12.848779 -43.605568
v -133.427277 12.848779 -43.605568
v -133.427277 13.822361 -43.605568
v -133.573608 13.822361 -43.605568
v -132.516541 12.848779 -43.605568
v -132.419891 12.848779 -43.605568
v -132.419891 13.822361 -43.605568
v -132.516541 13.822361 -43.605568
v -132.231079 12.848779 -43.683998
v -132.231079 13.822361 -43.683998
v -132.231079 13.822361 -43.883675
v -132.231079 12.848779 -43.883675
v -132.231079 12.848779 -44.753613
v -132.231079 13.822361 -44.753613
v -132.231079 13.822361 -44.953293
v -132.231079 12.848779 -44.953293
v -132.231079 12.848779 -44.397076
v -132.231079 13.822361 -44.397076
v -132.231079 13.822361 -44.596752
v -132.231079 12.848779 -44.596752
v -132.231079 12.848779 -44.040535
v -132.231079 13.822361 -44.040535
v -132.231079 13.822361 -44.240211
v -132.231079 12.848779 -44.240211
v -131.412506 12.848779 -50.967125
v -131.286743 12.848779 -50.967125
v -131.286743 13.822361 -50.967125
v -131.412506 13.822361 -50.967125
v -131.664352 12.848779 -50.967125
v -131.538589 12.848779 -50.967125
v -131.538589 13.822361 -50.967125
v -131.664352 13.822361 -50.967125
v -131.916199 12.848779 -50.967125
v -131.790436 12.848779 -50.967125
v -131.790436 13.822361 -50.967125
v -131.916199 13.822361 -50.967125
v -132.042282 12.848779 -45.031723
v -132.168045 12.848779 -45.031723
v -132.168045 13.822361 -45.031723
v -132.042282 13.822361 -45.031723
v -131.790436 12.848779 -45.031723
v -131.916199 12.848779 -45.031723
v -131.916199 13.822361 -45.031723
v -131.790436 13.822361 -45.031723
v -131.538589 12.848779 -45.031723
v -131.664352 12.848779 -45.031723
v -131.664352 13.822361 -45.031723
v -131.538589 13.822361 -45.031723
v -135.064423 12.848779 -45.031723
v -135.190186 12.848779 -45.031723
v -135.190186 13.822361 -45.031723
v -135.064423 13.822361 -45.031723
v -134.812576 12.848779 -45.031723
v -134.938339 12.848779 -45.031723
v -134.938339 13.822361 -45.031723
v -134.812576 13.822361 -45.031723
v -134.560730 12.848779 -45.031723
v -134.686493 12.848779 -45.031723
v -134.686493 13.822361 -45.031723
v -134.560730 13.822361 -45.031723
v -134.434647 12.848779 -50.967125
v -134.308884 12.848779 -50.967125
v -134.308884 13.822361 -50.967125
v -134.434647 13.822361 -50.967125
v -134.686493 12.848779 -50.967125
v -134.560730 12.848779 -50.967125
v -134.560730 13.822361 -50.967125
v -134.686493 13.822361 -50.967125
v -134.938339 12.848779 -50.967125
v -134.812576 12.848779 -50.967125
v -134.812576 13.822361 -50.967125
v -134.938339 13.822361 -50.967125
v -133.805603 12.848779 -43.605568
v -133.951218 12.848779 -43.605568
v -133.951218 13.822361 -43.605568
v -133.805603 13.822361 -43.605568
v -133.427277 12.848779 -50.967125
v -133.573608 12.848779 -50.967125
v -133.573608 13.822361 -50.967125
v -133.427277 13.822361 -50.967125
v -134.057037 12.848779 -43.605568
v -134.183212 12.848779 -43.605568
v -134.183212 13.822361 -43.605568
v -134.057037 13.822361 -43.605568
v -133.951218 12.848779 -50.967125
v -133.805603 12.848779 -50.967125
v -133.805603 13.822361 -50.967125
v -133.951218 13.822361 -50.967125
v -133.049652 12.848779 -43.605568
v -132.894150 12.848779 -43.605568
v -132.894150 13.822361 -43.605568
v -133.049652 13.822361 -43.605568
v -132.419891 12.848779 -50.967125
v -132.516541 12.848779 -50.967125
v -132.516541 13.822361 -50.967125
v -132.419891 13.822361 -50.967125
v -134.245850 13.822361 -44.040535
v -134.245850 12.848779 -44.040535
v -134.245850 12.848779 -44.240211
v -134.245850 13.822361 -44.240211
v -134.245850 13.822361 -44.397076
v -134.245850 12.848779 -44.397076
v -134.245850 12.848779 -44.596752
v -134.245850 13.822361 -44.596752
v -134.245850 13.822361 -44.753613
v -134.245850 12.848779 -44.753613
v -134.245850 12.848779 -44.953293
v -134.245850 13.822361 -44.953293
v -134.245850 13.822361 -43.683998
v -134.245850 12.848779 -43.683998
v -134.245850 12.848779 -43.883675
v -134.245850 13.822361 -43.883675
v -135.253220 12.848779 -50.689018
v -135.253220 12.848779 -50.256001
v -135.253220 13.822361 -50.256001
v -135.253220 13.822361 -50.689018
v -135.253220 12.848779 -49.699783
v -135.253220 12.848779 -49.266766
v -135.253220 13.822361 -49.266766
v -135.253220 13.822361 -49.699783
v -135.253220 12.848779 -48.710548
v -135.253220 12.848779 -48.277531
v -135.253220 13.822361 -48.277531
v -135.253220 13.822361 -48.710548
v -135.253220 12.848779 -47.721317
v -135.253220 12.848779 -47.288300
v -135.253220 13.822361 -47.288300
v -135.253220 13.822361 -47.721317
v -135.253220 12.848779 -46.732082
v -135.253220 12.848779 -46.299065
v -135.253220 13.822361 -46.299065
v -135.253220 13.822361 -46.732082
v -131.223709 12.848779 -45.309830
v -131.223709 12.848779 -45.742847
v -131.223709 13.822361 -45.742847
v -131.223709 13.822361 -45.309830
v -131.223709 12.848779 -46.299065
v -131.223709 12.848779 -46.732082
v -131.223709 13.822361 -46.732082
v -131.223709 13.822361 -46.299065
v -131.223709 12.848779 -47.288300
v -131.223709 12.848779 -47.721317
v -131.223709 13.822361 -47.721317
v -131.223709 13.822361 -47.288300
v -131.223709 12.848779 -48.277531
v -131.223709 12.848779 -48.710548
v -131.223709 13.822361 -48.710548
v -131.223709 13.822361 -48.277531
v -131.223709 12.848779 -49.266766
v -131.223709 12.848779 -49.699783
v -131.223709 13.822361 -49.699783
v -131.223709 13.822361 -49.266766
vn -0.0000 -1.0000 -0.0000
vn -0.0000 1.0000 -0.0000
vn -0.0000 -0.0000 1.0000
vn -0.0000 -0.0000 -1.0000
vn 1.0000 -0.0000 -0.0000
vn -1.0000 -0.0000 -0.0000
vn -0.0767 -0.0000 0.9971
vn 0.0767 -0.0000 -0.9971
vn -0.0767 -0.0000 -0.9971
vn 1.0000 -0.0000 -0.0098
vn 0.0767 -0.0000 0.9971
vn 0.9993 -0.0000 0.0367
vt 0.937500 0.833333
vt 0.937500 1.000000
vt 1.000000 1.000000
vt 1.000000 0.833333
vt 0.312399 0.000000
vt 0.250000 0.000000
vt 0.312399 0.000000
vt 0.015644 1.000000
vt 0.046856 1.000000
vt 0.046856 1.000000
vt 0.015644 1.000000
vt 0.984356 0.000000
vt 0.953144 0.000000
vt 0.984356 0.000000
vt 1.000000 0.880189
vt 1.000000 0.953144
vt 1.000000 0.953144
vt 1.000000 0.880189
vt 0.000000 0.119811
vt 0.000000 0.046856
vt 0.000000 0.046856
vt 0.000000 0.119811
vt 0.234356 0.000000
vt 0.203144 0.000000
vt 0.632302 0.000000
vt 0.750000 0.000000
vt 0.632302 0.000000
vt 0.632302 0.000000
vt 0.765644 1.000000
vt 0.796856 1.000000
vt 0.796856 1.000000
vt 0.585446 1.000000
vt 0.546856 1.000000
vt 0.585446 1.000000
vt 0.265543 1.000000
vt 0.296856 1.000000
vt 0.296856 1.000000
vt 0.265543 1.000000
vt 1.000000 0.000000
vt 0.369973 0.000000
vt 0.500000 0.000000
vt 0.187500 0.833333
vt 0.187500 1.000000
vt 0.250000 1.000000
vt 0.250000 0.833333
vt 0.369973 0.833333
vt 0.369973 1.000000
vt 0.500000 1.000000
vt 0.500000 0.833333
vt 0.632302 0.833333
vt 0.632302 1.000000
vt 0.750000 1.000000
vt 0.750000 0.833333
vt 0.416829 0.000000
vt 0.453144 0.000000
vt 0.416829 0.000000
vt 0.679158 0.000000
vt 0.703144 0.000000
vt 0.703144 0.000000
vt 0.679158 0.000000
vt 0.312399 1.000000
vt 0.750000 0.000000
vt 0.369973 0.000000
vt 0.500000 0.000000
vt 1.000000 0.833333
vt 0.937500 1.000000
vt 0.187500 0.833333
vt 0.187500 1.000000
vt 0.062500 0.000000
vt 0.000000 0.000000
vt 0.632302 1.000000
vt 0.632302 1.000000
vt 0.062500 1.000000
vt 0.000000 1.000000
vt 0.062500 1.000000
vt 0.937500 0.000000
vt 0.812500 1.000000
vt 0.812500 1.000000
vt 0.369973 0.000000
vt 0.812500 1.000000
vt 0.000000 0.166667
vt 0.000000 0.166667
vt 0.062500 1.000000
vt 1.000000 0.833333
vt 1.000000 0.833333
vt 0.187500 0.000000
vt 0.750000 0.000000
vt 0.937500 1.000000
vt 0.000000 0.833333
vt 0.000000 0.833333
vt 1.000000 0.166667
vt 1.000000 0.166667
vt 0.875000 1.000000
vt 0.812500 0.000000
vt 0.875000 0.000000
vt 0.812500 0.833333
vt 0.875000 0.833333
vt 0.953144 1.000000
vt 0.984356 1.000000
vt 0.953144 1.000000
vt 0.890644 1.000000
vt 0.921856 1.000000
vt 0.890644 1.000000
vt 0.828144 1.000000
vt 0.859356 1.000000
vt 0.859356 1.000000
vt 0.828144 1.000000
vt 0.796856 0.000000
vt 0.765644 0.000000
vt 0.765644 0.000000
vt 0.859356 0.000000
vt 0.828144 0.000000
vt 0.921856 0.000000
vt 0.890644 0.000000
vt 0.890644 0.000000
vt 0.812500 0.833333
vt 0.875000 1.000000
vt 0.125000 0.000000
vt 0.125000 1.000000
vt 0.125000 1.000000
vt 0.125000 1.000000
vt 0.125000 1.000000
vt 0.062500 0.833333
vt 0.125000 0.833333
vt 0.062500 0.833333
vt 0.125000 0.833333
vt 0.046856 0.000000
vt 0.015644 0.000000
vt 0.109356 0.000000
vt 0.078144 0.000000
vt 0.078144 0.000000
vt 0.171856 0.000000
vt 0.140644 0.000000
vt 0.140644 0.000000
vt 0.171856 0.000000
vt 0.203144 1.000000
vt 0.234356 1.000000
vt 0.140644 1.000000
vt 0.171856 1.000000
vt 0.171856 1.000000
vt 0.078144 1.000000
vt 0.109356 1.000000
vt 0.078144 1.000000
vt 0.312399 0.833333
vt 0.359255 0.000000
vt 0.323117 0.000000
vt 0.323117 0.000000
vt 0.359255 0.000000
vt 0.312399 0.833333
vt 0.453144 1.000000
vt 0.416829 1.000000
vt 0.416829 1.000000
vt 0.453144 1.000000
vt 0.296856 0.000000
vt 0.265543 0.000000
vt 0.265543 0.000000
vt 0.296856 0.000000
vt 0.323117 1.000000
vt 0.359255 1.000000
vt 0.323117 1.000000
vt 0.546856 0.000000
vt 0.585446 0.000000
vt 0.585446 0.000000
vt 0.546856 0.000000
vt 0.703144 1.000000
vt 0.679158 1.000000
vt 0.250000 1.000000
vt 0.250000 0.000000
vt 1.000000 0.166667
vt 1.000000 0.333333
vt 1.000000 0.333333
vt 1.000000 0.500000
vt 1.000000 0.666667
vt 0.000000 0.666667
vt 0.000000 0.500000
vt 0.000000 0.333333
vt 0.000000 0.333333
vt 0.500000 0.166667
vt 0.632302 0.166667
vt 0.500000 0.333333
vt 0.632302 0.333333
vt 0.500000 0.500000
vt 0.632302 0.500000
vt 0.500000 0.666667
vt 0.632302 0.666667
vt 0.632302 0.166667
vt 0.500000 0.166667
vt 0.632302 0.333333
vt 0.500000 0.333333
vt 0.500000 0.500000
vt 0.632302 0.666667
vt 0.500000 0.666667
vt 0.312399 0.166667
vt 0.250000 0.166667
vt 0.312399 0.333333
vt 0.250000 0.333333
vt 0.312399 0.500000
vt 0.250000 0.500000
vt 0.312399 0.666667
vt 0.250000 0.666667
vt 0.250000 0.166667
vt 0.312399 0.166667
vt 0.250000 0.333333
vt 0.312399 0.333333
vt 0.250000 0.500000
vt 0.250000 0.666667
vt 0.312399 0.666667
vt 0.369973 0.166667
vt 0.369973 0.333333
vt 0.369973 0.500000
vt 0.369973 0.666667
vt 0.369973 0.166667
vt 0.369973 0.333333
vt 0.369973 0.500000
vt 0.369973 0.666667
vt 0.125000 0.166667
vt 0.187500 0.166667
vt 0.125000 0.333333
vt 0.187500 0.333333
vt 0.125000 0.500000
vt 0.187500 0.500000
vt 0.125000 0.666667
vt 0.187500 0.666667
vt 0.062500 0.166667
vt 0.062500 0.333333
vt 0.062500 0.500000
vt 0.062500 0.666667
vt 0.187500 0.166667
vt 0.125000 0.166667
vt 0.187500 0.333333
vt 0.125000 0.333333
vt 0.125000 0.500000
vt 0.187500 0.666667
vt 0.125000 0.666667
vt 0.062500 0.166667
vt 0.062500 0.333333
vt 0.062500 0.500000
vt 0.062500 0.666667
vt 0.875000 0.166667
vt 0.937500 0.166667
vt 0.875000 0.333333
vt 0.937500 0.333333
vt 0.875000 0.500000
vt 0.937500 0.500000
vt 0.875000 0.666667
vt 0.937500 0.666667
vt 0.812500 0.166667
vt 0.812500 0.333333
vt 0.812500 0.500000
vt 0.812500 0.666667
vt 0.750000 0.166667
vt 0.750000 0.333333
vt 0.750000 0.500000
vt 0.750000 0.666667
vt 0.937500 0.166667
vt 0.875000 0.166667
vt 0.937500 0.333333
vt 0.875000 0.333333
vt 0.937500 0.500000
vt 0.937500 0.666667
vt 0.875000 0.666667
vt 0.812500 0.166667
vt 0.812500 0.333333
vt 0.812500 0.666667
vt 0.750000 0.166667
vt 0.750000 0.333333
vt 0.750000 0.666667
vt 1.000000 0.333333
vt 1.000000 0.666667
vt 1.000000 0.500000
vt 1.000000 0.333333
vt 0.000000 0.833333
vt 0.000000 0.666667
vt 0.000000 0.500000
vt 0.000000 0.333333
vt 0.000000 0.666667
vt 0.000000 0.953144
vt 0.000000 0.880189
vt 0.000000 0.880189
vt 0.000000 0.953144
vt 0.000000 0.786478
vt 0.000000 0.713522
vt 0.000000 0.713523
vt 0.000000 0.786478
vt 0.000000 0.619811
vt 0.000000 0.546856
vt 0.000000 0.453144
vt 0.000000 0.380189
vt 0.000000 0.380189
vt 0.000000 0.453144
vt 0.000000 0.286477
vt 0.000000 0.213522
vt 1.000000 0.046856
vt 1.000000 0.119811
vt 1.000000 0.119811
vt 1.000000 0.046856
vt 1.000000 0.213522
vt 1.000000 0.286477
vt 1.000000 0.286478
vt 1.000000 0.213523
vt 1.000000 0.380189
vt 1.000000 0.453144
vt 1.000000 0.453144
vt 1.000000 0.380189
vt 1.000000 0.546856
vt 1.000000 0.619811
vt 1.000000 0.619811
vt 1.000000 0.546856
vt 1.000000 0.713522
vt 1.000000 0.786477
vt 1.000000 0.786478
vt 1.000000 0.713522
s 0
usemtl 2H
f 764/291/99 521/292/99 420/293/99 668/294/99
f 599/295/100 453/296/100 475/296/100 601/297/100
f 622/315/99 484/316/99 438/316/99 608/315/99
f 609/317/99 441/316/99 471/316/99 614/318/99
f 859/319/101 860/320/101 861/321/101 862/319/101
f 863/322/102 864/323/102 865/323/102 866/324/102
f 490/296/99 439/296/99 469/296/99 508/296/99
f 445/329/101 423/329/101 457/329/101 467/329/101
f 573/330/99 440/331/99 470/331/99 578/330/99
f 794/332/99 539/333/99 430/334/99 679/335/99
f 804/336/99 570/337/99 429/338/99 684/339/99
f 824/340/99 606/341/99 428/342/99 689/343/99
f 588/351/99 435/334/99 459/334/99 590/351/99
f 637/296/104 493/296/104 436/296/104 632/296/104
f 586/353/99 485/354/99 437/331/99 572/330/99
f 753/291/100 703/355/100 446/293/100 530/356/100
f 619/315/100 496/331/100 452/331/100 612/315/100
f 783/357/100 708/335/100 447/334/100 551/358/100
f 803/336/100 713/339/100 451/338/100 575/337/100
f 823/340/100 718/343/100 450/342/100 611/341/100
f 604/295/100 502/296/100 453/296/100 599/295/100
f 554/359/100 443/360/100 461/360/100 566/359/100
f 607/361/99 434/338/99 464/338/99 613/362/99
f 544/363/99 421/364/99 455/364/99 559/365/99
f 520/366/101 423/329/101 445/329/101 529/366/101
f 551/358/100 447/334/100 466/334/100 563/358/100
f 526/367/99 433/342/99 463/342/99 535/368/99
f 578/330/105 470/331/105 476/331/105 580/369/105
f 535/368/106 463/342/106 474/342/106 538/370/106
f 723/371/104 456/360/104 461/360/104 733/372/104
f 559/365/107 455/364/107 462/364/107 565/373/107
f 590/351/102 459/334/102 466/334/102 591/351/102
f 728/374/108 458/293/108 468/293/108 738/375/108
f 562/376/101 460/296/101 473/296/101 568/376/101
f 614/318/109 471/316/109 477/316/109 616/317/109
f 613/362/102 464/338/102 465/338/102 615/361/102
f 508/296/104 469/296/104 475/296/104 514/296/104
f 505/377/110 472/316/110 478/316/110 511/316/110
f 530/356/100 446/293/100 468/293/100 536/378/100
f 550/376/99 431/296/99 460/296/99 562/376/99
f 694/379/100 442/364/100 462/364/100 729/380/100
f 612/315/100 452/331/100 476/331/100 616/317/100
f 673/372/99 422/360/99 456/360/99 723/371/99
f 611/341/100 450/342/100 474/342/100 615/361/100
f 432/316/102 444/316/102 478/316/102 472/316/102
f 497/316/100 454/316/100 477/316/100 509/377/100
f 575/337/100 451/338/100 465/338/100 579/337/100
f 699/381/100 445/329/100 467/329/100 734/382/100
f 500/296/100 448/296/100 473/296/100 512/296/100
f 481/316/99 432/316/99 472/316/99 505/377/99
f 678/374/99 424/293/99 458/293/99 728/374/99
f 441/316/99 479/316/99 503/316/99 471/316/99
f 479/316/99 480/352/99 504/352/99 503/316/99
f 480/352/99 481/316/99 505/377/99 504/352/99
f 453/296/100 502/296/100 514/296/100 475/296/100
f 502/296/100 501/296/100 513/296/100 514/296/100
f 501/296/100 500/296/100 512/296/100 513/296/100
f 444/316/100 499/316/100 511/316/100 478/316/100
f 499/316/100 498/316/100 510/316/100 511/316/100
f 498/316/100 497/316/100 509/377/100 510/316/100
f 471/316/110 503/316/110 509/377/110 477/316/110
f 503/316/110 504/352/110 510/316/110 509/377/110
f 504/352/110 505/377/110 511/316/110 510/316/110
f 460/296/104 506/296/104 512/296/104 473/296/104
f 506/296/104 507/296/104 513/296/104 512/296/104
f 507/296/104 508/296/104 514/296/104 513/296/104
f 598/295/100 448/296/100 500/296/100 602/295/100
f 602/295/100 500/296/100 501/296/100 603/295/100
f 603/295/100 501/296/100 502/296/100 604/295/100
f 610/315/100 449/331/100 494/331/100 617/315/100
f 617/315/100 494/331/100 495/331/100 618/315/100
f 618/315/100 495/331/100 496/331/100 619/315/100
f 569/353/99 426/331/99 487/331/99 584/353/99
f 584/353/99 487/331/99 486/354/99 585/353/99
f 585/353/99 486/354/99 485/354/99 586/353/99
f 627/296/104 425/296/104 491/296/104 635/296/104
f 635/296/104 491/296/104 492/296/104 636/296/104
f 636/296/104 492/296/104 493/296/104 637/296/104
f 891/316/104 892/352/104 893/316/104 894/316/104
f 431/296/99 488/296/99 506/296/99 460/296/99
f 488/296/99 489/296/99 507/296/99 506/296/99
f 489/296/99 490/296/99 508/296/99 507/296/99
f 605/315/99 427/316/99 482/316/99 620/315/99
f 620/315/99 482/316/99 483/316/99 621/315/99
f 621/315/99 483/316/99 484/316/99 622/315/99
f 450/342/100 532/367/100 538/370/100 474/342/100
f 532/367/100 531/383/100 537/383/100 538/370/100
f 531/383/100 530/356/100 536/378/100 537/383/100
f 458/293/106 533/292/106 536/378/106 468/293/106
f 533/292/106 534/383/106 537/383/106 536/378/106
f 534/383/106 535/368/106 538/370/106 537/383/106
f 424/293/99 524/378/99 533/292/99 458/293/99
f 524/378/99 525/383/99 534/383/99 533/292/99
f 525/383/99 526/367/99 535/368/99 534/383/99
f 432/316/101 518/384/101 527/384/101 444/316/101
f 518/384/101 519/385/101 528/385/101 527/384/101
f 519/385/101 520/366/101 529/366/101 528/385/101
f 718/343/100 743/386/100 532/367/100 450/342/100
f 743/386/100 748/387/100 531/383/100 532/367/100
f 748/387/100 753/291/100 530/356/100 531/383/100
f 899/391/101 900/392/101 901/392/101 902/393/101
f 911/401/102 912/402/102 913/402/102 914/401/102
f 689/343/99 428/342/99 523/368/99 754/406/99
f 754/406/99 523/368/99 522/407/99 759/387/99
f 759/387/99 522/407/99 521/292/99 764/291/99
f 422/360/99 548/359/99 560/359/99 456/360/99
f 548/359/99 549/408/99 561/408/99 560/359/99
f 549/408/99 550/376/99 562/376/99 561/408/99
f 456/360/101 560/359/101 566/359/101 461/360/101
f 560/359/101 561/408/101 567/408/101 566/359/101
f 561/408/101 562/376/101 568/376/101 567/408/101
f 459/334/107 557/333/107 563/358/107 466/334/107
f 557/333/107 558/409/107 564/410/107 563/358/107
f 558/409/107 559/365/107 565/373/107 564/410/107
f 442/364/100 553/363/100 565/373/100 462/364/100
f 553/363/100 552/411/100 564/410/100 565/373/100
f 552/411/100 551/358/100 563/358/100 564/410/100
f 435/334/99 542/333/99 557/333/99 459/334/99
f 542/333/99 543/412/99 558/409/99 557/333/99
f 543/412/99 544/363/99 559/365/99 558/409/99
f 448/296/100 556/376/100 568/376/100 473/296/100
f 556/376/100 555/408/100 567/408/100 568/376/100
f 555/408/100 554/359/100 566/359/100 567/408/100
f 694/379/100 773/413/100 553/363/100 442/364/100
f 773/413/100 778/414/100 552/411/100 553/363/100
f 778/414/100 783/357/100 551/358/100 552/411/100
f 659/380/99 419/364/99 541/365/99 784/415/99
f 784/415/99 541/365/99 540/412/99 789/416/99
f 789/416/99 540/412/99 539/333/99 794/332/99
f 927/422/102 928/423/102 929/424/102 930/425/102
f 935/428/101 936/429/101 937/430/101 938/428/101
f 593/295/99 585/353/99 586/353/99 594/295/99
f 592/295/99 584/353/99 585/353/99 593/295/99
f 595/295/99 569/353/99 584/353/99 592/295/99
f 495/331/100 582/353/100 583/353/100 496/331/100
f 494/331/100 581/353/100 582/353/100 495/331/100
f 449/331/100 574/353/100 581/353/100 494/331/100
f 589/351/100 575/337/100 579/337/100 591/351/100
f 464/338/102 577/337/102 579/337/102 465/338/102
f 600/297/105 578/330/105 580/369/105 601/297/105
f 496/331/100 583/353/100 576/353/100 452/331/100
f 818/434/100 803/336/100 575/337/100 589/351/100
f 594/295/99 586/353/99 572/330/99 596/295/99
f 434/338/99 571/337/99 577/337/99 464/338/99
f 943/435/102 944/436/102 945/437/102 946/438/102
f 809/439/99 587/351/99 570/337/99 804/336/99
f 597/295/99 573/330/99 578/330/99 600/297/99
f 452/331/100 576/353/100 580/369/100 476/331/100
f 439/296/99 597/295/99 600/297/99 469/296/99
f 679/335/99 430/334/99 587/351/99 809/439/99
f 493/296/99 594/295/99 596/295/99 436/296/99
f 708/335/100 818/434/100 589/351/100 447/334/100
f 469/296/105 600/297/105 601/297/105 475/296/105
f 447/334/100 589/351/100 591/351/100 466/334/100
f 425/296/99 595/295/99 592/295/99 491/296/99
f 491/296/99 592/295/99 593/295/99 492/296/99
f 492/296/99 593/295/99 594/295/99 493/296/99
f 582/353/100 603/295/100 604/295/100 583/353/100
f 581/353/100 602/295/100 603/295/100 582/353/100
f 574/353/100 598/295/100 602/295/100 581/353/100
f 577/337/102 590/351/102 591/351/102 579/337/102
f 583/353/100 604/295/100 599/295/100 576/353/100
f 571/337/99 588/351/99 590/351/99 577/337/99
f 955/448/101 956/449/101 957/449/101 958/450/101
f 576/353/100 599/295/100 601/297/100 580/369/100
f 486/354/99 621/315/99 622/315/99 485/354/99
f 487/331/99 620/315/99 621/315/99 486/354/99
f 426/331/99 605/315/99 620/315/99 487/331/99
f 498/316/100 618/315/100 619/315/100 497/316/100
f 499/316/100 617/315/100 618/315/100 498/316/100
f 444/316/100 610/315/100 617/315/100 499/316/100
f 451/338/100 611/341/100 615/361/100 465/338/100
f 454/316/100 612/315/100 616/317/100 477/316/100
f 463/342/102 613/362/102 615/361/102 474/342/102
f 470/331/109 614/318/109 616/317/109 476/331/109
f 433/342/99 607/361/99 613/362/99 463/342/99
f 713/339/100 823/340/100 611/341/100 451/338/100
f 497/316/100 619/315/100 612/315/100 454/316/100
f 959/451/101 960/452/101 961/453/101 962/454/101
f 684/339/99 429/338/99 606/341/99 824/340/99
f 440/331/99 609/317/99 614/318/99 470/331/99
f 485/354/99 622/315/99 608/315/99 437/331/99
f 428/342/102 606/341/102 658/361/102 629/342/102
f 437/331/101 608/315/101 657/315/101 633/331/101
f 570/337/102 587/351/102 656/351/102 654/337/102
f 436/296/101 596/295/101 655/295/101 632/296/101
f 429/338/102 570/337/102 654/337/102 630/338/102
f 596/295/101 572/330/101 653/330/101 655/295/101
f 540/412/102 541/365/102 652/365/102 651/412/102
f 539/333/102 540/412/102 651/412/102 650/358/102
f 430/334/102 539/333/102 650/358/102 631/457/102
f 546/408/101 547/376/101 649/376/101 648/408/101
f 545/359/101 546/408/101 648/408/101 647/359/101
f 417/360/101 545/359/101 647/359/101 626/360/101
f 516/385/101 517/366/101 646/366/101 645/385/101
f 515/384/101 516/385/101 645/385/101 644/384/101
f 427/316/101 515/384/101 644/384/101 628/316/101
f 522/407/102 523/368/102 643/368/102 642/407/102
f 521/292/102 522/407/102 642/407/102 641/292/102
f 420/293/102 521/292/102 641/292/102 624/293/102
f 483/316/103 639/316/103 640/316/103 484/316/103
f 482/316/103 638/316/103 639/316/103 483/316/103
f 427/316/103 628/316/103 638/316/103 482/316/103
f 971/296/103 972/296/103 973/296/103 974/296/103
f 484/316/103 640/316/103 634/316/103 438/316/103
f 608/315/101 438/316/101 634/316/101 657/315/101
f 572/330/101 437/331/101 633/331/101 653/330/101
f 587/351/102 430/334/102 631/457/102 656/351/102
f 606/341/102 429/338/102 630/338/102 658/361/102
f 523/368/102 428/342/102 629/342/102 643/368/102
f 547/376/101 425/296/101 627/296/101 649/376/101
f 663/371/104 417/360/104 626/360/104 829/372/104
f 668/294/103 420/293/103 624/293/103 834/374/103
f 517/366/101 418/329/101 625/329/101 646/366/101
f 541/365/102 419/364/102 623/364/102 652/365/102
f 418/329/103 664/381/103 838/459/103 625/329/103
f 664/381/103 665/460/103 837/461/103 838/459/103
f 665/460/103 666/462/103 836/462/103 837/461/103
f 666/462/103 667/463/103 835/463/103 836/462/103
f 667/463/103 668/294/103 834/374/103 835/463/103
f 419/364/104 659/380/104 833/380/104 623/364/104
f 659/380/104 660/464/104 832/464/104 833/380/104
f 660/464/104 661/465/104 831/465/104 832/464/104
f 661/465/104 662/466/104 830/467/104 831/465/104
f 662/466/104 663/371/104 829/372/104 830/467/104
f 426/331/99 688/468/99 828/469/99 605/315/99
f 688/468/99 687/470/99 827/471/99 828/469/99
f 687/470/99 686/472/99 826/473/99 827/471/99
f 686/472/99 685/474/99 825/475/99 826/473/99
f 685/474/99 684/339/99 824/340/99 825/475/99
f 449/331/100 610/315/100 819/476/100 709/477/100
f 709/477/100 819/476/100 820/478/100 710/479/100
f 710/479/100 820/478/100 821/473/100 711/480/100
f 711/480/100 821/473/100 822/481/100 712/482/100
f 712/482/100 822/481/100 823/340/100 713/339/100
f 448/296/100 598/295/100 814/483/100 704/484/100
f 704/484/100 814/483/100 815/485/100 705/486/100
f 705/486/100 815/485/100 816/487/100 706/488/100
f 706/488/100 816/487/100 817/489/100 707/490/100
f 707/490/100 817/489/100 818/434/100 708/335/100
f 425/296/99 683/491/99 813/492/99 595/295/99
f 683/491/99 682/493/99 812/494/99 813/492/99
f 682/493/99 681/495/99 811/487/99 812/494/99
f 681/495/99 680/496/99 810/497/99 811/487/99
f 680/496/99 679/335/99 809/439/99 810/497/99
f 595/295/99 813/492/99 808/498/99 569/353/99
f 813/492/99 812/494/99 807/499/99 808/498/99
f 812/494/99 811/487/99 806/500/99 807/499/99
f 811/487/99 810/497/99 805/501/99 806/500/99
f 810/497/99 809/439/99 804/336/99 805/501/99
f 598/295/100 574/353/100 799/502/100 814/483/100
f 814/483/100 799/502/100 800/503/100 815/485/100
f 815/485/100 800/503/100 801/504/100 816/487/100
f 816/487/100 801/504/100 802/505/100 817/489/100
f 817/489/100 802/505/100 803/336/100 818/434/100
f 546/408/99 793/506/99 798/507/99 547/376/99
f 793/506/99 792/508/99 797/509/99 798/507/99
f 792/508/99 791/510/99 796/511/99 797/509/99
f 791/510/99 790/512/99 795/513/99 796/511/99
f 790/512/99 789/416/99 794/332/99 795/513/99
f 545/359/99 788/514/99 793/506/99 546/408/99
f 788/514/99 787/515/99 792/508/99 793/506/99
f 787/515/99 786/516/99 791/510/99 792/508/99
f 786/516/99 785/517/99 790/512/99 791/510/99
f 785/517/99 784/415/99 789/416/99 790/512/99
f 417/360/99 663/371/99 788/514/99 545/359/99
f 663/371/99 662/466/99 787/515/99 788/514/99
f 662/466/99 661/465/99 786/516/99 787/515/99
f 661/465/99 660/464/99 785/517/99 786/516/99
f 660/464/99 659/380/99 784/415/99 785/517/99
f 555/408/100 556/376/100 779/518/100 774/519/100
f 774/519/100 779/518/100 780/520/100 775/521/100
f 775/521/100 780/520/100 781/511/100 776/522/100
f 776/522/100 781/511/100 782/523/100 777/524/100
f 777/524/100 782/523/100 783/357/100 778/414/100
f 554/359/100 555/408/100 774/519/100 769/525/100
f 769/525/100 774/519/100 775/521/100 770/526/100
f 770/526/100 775/521/100 776/522/100 771/527/100
f 771/527/100 776/522/100 777/524/100 772/528/100
f 772/528/100 777/524/100 778/414/100 773/413/100
f 443/360/100 554/359/100 769/525/100 698/372/100
f 698/372/100 769/525/100 770/526/100 697/467/100
f 697/467/100 770/526/100 771/527/100 696/465/100
f 696/465/100 771/527/100 772/528/100 695/464/100
f 695/464/100 772/528/100 773/413/100 694/379/100
f 516/385/99 763/529/99 768/530/99 517/366/99
f 763/529/99 762/531/99 767/532/99 768/530/99
f 762/531/99 761/533/99 766/534/99 767/532/99
f 761/533/99 760/535/99 765/536/99 766/534/99
f 760/535/99 759/387/99 764/291/99 765/536/99
f 515/384/99 758/537/99 763/529/99 516/385/99
f 758/537/99 757/538/99 762/531/99 763/529/99
f 757/538/99 756/539/99 761/533/99 762/531/99
f 756/539/99 755/540/99 760/535/99 761/533/99
f 755/540/99 754/406/99 759/387/99 760/535/99
f 427/316/99 693/541/99 758/537/99 515/384/99
f 693/541/99 692/542/99 757/538/99 758/537/99
f 692/542/99 691/543/99 756/539/99 757/538/99
f 691/543/99 690/544/99 755/540/99 756/539/99
f 690/544/99 689/343/99 754/406/99 755/540/99
f 528/385/100 529/366/100 749/545/100 744/546/100
f 744/546/100 749/545/100 750/547/100 745/548/100
f 745/548/100 750/547/100 751/549/100 746/533/100
f 746/533/100 751/549/100 752/550/100 747/551/100
f 747/551/100 752/550/100 753/291/100 748/387/100
f 527/384/100 528/385/100 744/546/100 739/552/100
f 739/552/100 744/546/100 745/548/100 740/553/100
f 740/553/100 745/548/100 746/533/100 741/539/100
f 741/539/100 746/533/100 747/551/100 742/554/100
f 742/554/100 747/551/100 748/387/100 743/386/100
f 444/316/100 527/384/100 739/552/100 714/555/100
f 714/555/100 739/552/100 740/553/100 715/556/100
f 715/556/100 740/553/100 741/539/100 716/543/100
f 716/543/100 741/539/100 742/554/100 717/557/100
f 717/557/100 742/554/100 743/386/100 718/343/100
f 423/329/99 674/381/99 724/381/99 457/329/99
f 674/381/99 675/460/99 725/558/99 724/381/99
f 675/460/99 676/462/99 726/462/99 725/558/99
f 676/462/99 677/463/99 727/463/99 726/462/99
f 677/463/99 678/374/99 728/374/99 727/463/99
f 446/293/100 703/355/100 738/375/100 468/293/100
f 703/355/100 702/463/100 737/559/100 738/375/100
f 702/463/100 701/560/100 736/462/100 737/559/100
f 701/560/100 700/561/100 735/561/100 736/462/100
f 700/561/100 699/381/100 734/382/100 735/561/100
f 421/364/99 669/562/99 719/562/99 455/364/99
f 669/562/99 670/563/99 720/563/99 719/562/99
f 670/563/99 671/465/99 721/564/99 720/563/99
f 671/465/99 672/467/99 722/565/99 721/564/99
f 672/467/99 673/372/99 723/371/99 722/565/99
f 443/360/100 698/372/100 733/372/100 461/360/100
f 698/372/100 697/467/100 732/467/100 733/372/100
f 697/467/100 696/465/100 731/564/100 732/467/100
f 696/465/100 695/464/100 730/566/100 731/564/100
f 695/464/100 694/379/100 729/380/100 730/566/100
f 457/329/108 724/381/108 734/382/108 467/329/108
f 724/381/108 725/558/108 735/561/108 734/382/108
f 725/558/108 726/462/108 736/462/108 735/561/108
f 726/462/108 727/463/108 737/559/108 736/462/108
f 727/463/108 728/374/108 738/375/108 737/559/108
f 455/364/104 719/562/104 729/380/104 462/364/104
f 719/562/104 720/563/104 730/566/104 729/380/104
f 720/563/104 721/564/104 731/564/104 730/566/104
f 721/564/104 722/565/104 732/467/104 731/564/104
f 722/565/104 723/371/104 733/372/104 732/467/104
f 610/315/100 444/316/100 714/555/100 819/476/100
f 819/476/100 714/555/100 715/556/100 820/478/100
f 820/478/100 715/556/100 716/543/100 821/473/100
f 821/473/100 716/543/100 717/557/100 822/481/100
f 822/481/100 717/557/100 718/343/100 823/340/100
f 574/353/100 449/331/100 709/477/100 799/502/100
f 799/502/100 709/477/100 710/479/100 800/503/100
f 800/503/100 710/479/100 711/480/100 801/504/100
f 801/504/100 711/480/100 712/482/100 802/505/100
f 802/505/100 712/482/100 713/339/100 803/336/100
f 556/376/100 448/296/100 704/484/100 779/518/100
f 779/518/100 704/484/100 705/486/100 780/520/100
f 780/520/100 705/486/100 706/488/100 781/511/100
f 781/511/100 706/488/100 707/490/100 782/523/100
f 782/523/100 707/490/100 708/335/100 783/357/100
f 529/366/100 445/329/100 699/381/100 749/545/100
f 749/545/100 699/381/100 700/561/100 750/547/100
f 750/547/100 700/561/100 701/560/100 751/549/100
f 751/549/100 701/560/100 702/463/100 752/550/100
f 752/550/100 702/463/100 703/355/100 753/291/100
f 605/315/99 828/469/99 693/541/99 427/316/99
f 828/469/99 827/471/99 692/542/99 693/541/99
f 827/471/99 826/473/99 691/543/99 692/542/99
f 826/473/99 825/475/99 690/544/99 691/543/99
f 825/475/99 824/340/99 689/343/99 690/544/99
f 569/353/99 808/498/99 688/468/99 426/331/99
f 808/498/99 807/499/99 687/470/99 688/468/99
f 807/499/99 806/500/99 686/472/99 687/470/99
f 806/500/99 805/501/99 685/474/99 686/472/99
f 805/501/99 804/336/99 684/339/99 685/474/99
f 547/376/99 798/507/99 683/491/99 425/296/99
f 798/507/99 797/509/99 682/493/99 683/491/99
f 797/509/99 796/511/99 681/495/99 682/493/99
f 796/511/99 795/513/99 680/496/99 681/495/99
f 795/513/99 794/332/99 679/335/99 680/496/99
f 987/571/104 988/572/104 989/573/104 990/574/104
f 995/577/104 996/578/104 997/579/104 998/580/104
f 1007/587/103 1008/588/103 1009/589/103 1010/590/103
f 1019/599/103 1020/600/103 1021/601/103 1022/602/103
f 517/366/99 768/530/99 664/381/99 418/329/99
f 768/530/99 767/532/99 665/460/99 664/381/99
f 767/532/99 766/534/99 666/462/99 665/460/99
f 766/534/99 765/536/99 667/463/99 666/462/99
f 765/536/99 764/291/99 668/294/99 667/463/99
f 652/365/102 623/364/102 840/299/102 839/298/102
f 623/364/102 421/364/102 841/300/102 840/299/102
f 421/364/102 544/363/102 842/301/102 841/300/102
f 544/363/102 652/365/102 839/298/102 842/301/102
f 646/366/101 625/329/101 844/303/101 843/302/101
f 625/329/101 423/329/101 845/303/101 844/303/101
f 423/329/101 520/366/101 846/304/101 845/303/101
f 520/366/101 646/366/101 843/302/101 846/304/101
f 834/374/103 624/293/103 848/306/103 847/305/103
f 624/293/103 424/293/103 849/307/103 848/306/103
f 424/293/103 678/374/103 850/308/103 849/307/103
f 678/374/103 834/374/103 847/305/103 850/308/103
f 829/372/104 626/360/104 852/310/104 851/309/104
f 626/360/104 422/360/104 853/311/104 852/310/104
f 422/360/104 673/372/104 854/312/104 853/311/104
f 673/372/104 829/372/104 851/309/104 854/312/104
f 649/376/101 627/296/101 856/314/101 855/313/101
f 627/296/101 431/296/101 857/314/101 856/314/101
f 431/296/101 550/376/101 858/313/101 857/314/101
f 550/376/101 649/376/101 855/313/101 858/313/101
f 643/368/102 629/342/102 860/320/102 859/319/102
f 629/342/102 433/342/102 861/321/102 860/320/102
f 433/342/102 526/367/102 862/319/102 861/321/102
f 526/367/102 643/368/102 859/319/102 862/319/102
f 658/361/102 630/338/102 864/323/102 863/322/102
f 630/338/102 434/338/102 865/323/102 864/323/102
f 434/338/102 607/361/102 866/324/102 865/323/102
f 607/361/102 658/361/102 863/322/102 866/324/102
f 656/351/102 631/457/102 868/326/102 867/325/102
f 631/457/102 435/334/102 869/327/102 868/326/102
f 435/334/102 588/351/102 870/328/102 869/327/102
f 588/351/102 656/351/102 867/325/102 870/328/102
f 653/330/101 633/331/101 872/345/101 871/344/101
f 633/331/101 440/331/101 873/345/101 872/345/101
f 440/331/101 573/330/101 874/346/101 873/345/101
f 573/330/101 653/330/101 871/344/101 874/346/101
f 657/315/101 634/316/101 876/348/101 875/347/101
f 634/316/101 441/316/101 877/349/101 876/348/101
f 441/316/101 609/317/101 878/350/101 877/349/101
f 609/317/101 657/315/101 875/347/101 878/350/101
f 640/316/103 479/316/103 880/316/103 879/316/103
f 479/316/103 441/316/103 881/316/103 880/316/103
f 441/316/103 634/316/103 882/352/103 881/316/103
f 634/316/103 640/316/103 879/316/103 882/352/103
f 628/316/103 432/316/103 884/316/103 883/316/103
f 432/316/103 481/316/103 885/316/103 884/316/103
f 481/316/103 638/316/103 886/316/103 885/316/103
f 638/316/103 628/316/103 883/316/103 886/316/103
f 638/316/103 481/316/103 888/352/103 887/316/103
f 481/316/103 480/352/103 889/316/103 888/352/103
f 480/352/103 639/316/103 890/316/103 889/316/103
f 639/316/103 638/316/103 887/316/103 890/316/103
f 639/316/103 480/352/103 892/352/103 891/316/103
f 480/352/103 479/316/103 893/316/103 892/352/103
f 479/316/103 640/316/103 894/316/103 893/316/103
f 640/316/103 639/316/103 891/316/103 894/316/103
f 624/293/102 641/292/102 896/389/102 895/388/102
f 641/292/102 524/378/102 897/389/102 896/389/102
f 524/378/102 424/293/102 898/390/102 897/389/102
f 424/293/102 624/293/102 895/388/102 898/390/102
f 641/292/102 642/407/102 900/392/102 899/391/102
f 642/407/102 525/383/102 901/392/102 900/392/102
f 525/383/102 524/378/102 902/393/102 901/392/102
f 524/378/102 641/292/102 899/391/102 902/393/102
f 642/407/102 643/368/102 904/395/102 903/394/102
f 643/368/102 526/367/102 905/396/102 904/395/102
f 526/367/102 525/383/102 906/397/102 905/396/102
f 525/383/102 642/407/102 903/394/102 906/397/102
f 628/316/101 644/384/101 908/399/101 907/398/101
f 644/384/101 518/384/101 909/400/101 908/399/101
f 518/384/101 432/316/101 910/398/101 909/400/101
f 432/316/101 628/316/101 907/398/101 910/398/101
f 644/384/101 645/385/101 912/402/101 911/401/101
f 645/385/101 519/385/101 913/402/101 912/402/101
f 519/385/101 518/384/101 914/401/101 913/402/101
f 518/384/101 644/384/101 911/401/101 914/401/101
f 645/385/101 646/366/101 916/404/101 915/403/101
f 646/366/101 520/366/101 917/405/101 916/404/101
f 520/366/101 519/385/101 918/403/101 917/405/101
f 519/385/101 645/385/101 915/403/101 918/403/101
f 626/360/101 647/359/101 920/418/101 919/417/101
f 647/359/101 548/359/101 921/418/101 920/418/101
f 548/359/101 422/360/101 922/417/101 921/418/101
f 422/360/101 626/360/101 919/417/101 922/417/101
f 647/359/101 648/408/101 924/420/101 923/419/101
f 648/408/101 549/408/101 925/421/101 924/420/101
f 549/408/101 548/359/101 926/419/101 925/421/101
f 548/359/101 647/359/101 923/419/101 926/419/101
f 648/408/101 649/376/101 928/423/101 927/422/101
f 649/376/101 550/376/101 929/424/101 928/423/101
f 550/376/101 549/408/101 930/425/101 929/424/101
f 549/408/101 648/408/101 927/422/101 930/425/101
f 631/457/102 650/358/102 932/427/102 931/426/102
f 650/358/102 542/333/102 933/427/102 932/427/102
f 542/333/102 435/334/102 934/426/102 933/427/102
f 435/334/102 631/457/102 931/426/102 934/426/102
f 650/358/102 651/412/102 936/429/102 935/428/102
f 651/412/102 543/412/102 937/430/102 936/429/102
f 543/412/102 542/333/102 938/428/102 937/430/102
f 542/333/102 650/358/102 935/428/102 938/428/102
f 651/412/102 652/365/102 940/432/102 939/431/102
f 652/365/102 544/363/102 941/432/102 940/432/102
f 544/363/102 543/412/102 942/433/102 941/432/102
f 543/412/102 651/412/102 939/431/102 942/433/102
f 655/295/101 653/330/101 944/436/101 943/435/101
f 653/330/101 573/330/101 945/437/101 944/436/101
f 573/330/101 597/295/101 946/438/101 945/437/101
f 597/295/101 655/295/101 943/435/101 946/438/101
f 630/338/102 654/337/102 948/441/102 947/440/102
f 654/337/102 571/337/102 949/442/102 948/441/102
f 571/337/102 434/338/102 950/443/102 949/442/102
f 434/338/102 630/338/102 947/440/102 950/443/102
f 632/296/101 655/295/101 952/445/101 951/444/101
f 655/295/101 597/295/101 953/446/101 952/445/101
f 597/295/101 439/296/101 954/447/101 953/446/101
f 439/296/101 632/296/101 951/444/101 954/447/101
f 654/337/102 656/351/102 956/449/102 955/448/102
f 656/351/102 588/351/102 957/449/102 956/449/102
f 588/351/102 571/337/102 958/450/102 957/449/102
f 571/337/102 654/337/102 955/448/102 958/450/102
f 633/331/101 657/315/101 960/452/101 959/451/101
f 657/315/101 609/317/101 961/453/101 960/452/101
f 609/317/101 440/331/101 962/454/101 961/453/101
f 440/331/101 633/331/101 959/451/101 962/454/101
f 629/342/102 658/361/102 964/456/102 963/455/102
f 658/361/102 607/361/102 965/456/102 964/456/102
f 607/361/102 433/342/102 966/455/102 965/456/102
f 433/342/102 629/342/102 963/455/102 966/455/102
f 489/296/104 636/296/104 968/296/104 967/296/104
f 636/296/104 637/296/104 969/296/104 968/296/104
f 637/296/104 490/296/104 970/296/104 969/296/104
f 490/296/104 489/296/104 967/296/104 970/296/104
f 488/296/104 635/296/104 972/296/104 971/296/104
f 635/296/104 636/296/104 973/296/104 972/296/104
f 636/296/104 489/296/104 974/296/104 973/296/104
f 489/296/104 488/296/104 971/296/104 974/296/104
f 431/296/104 627/296/104 976/296/104 975/296/104
f 627/296/104 635/296/104 977/296/104 976/296/104
f 635/296/104 488/296/104 978/296/104 977/296/104
f 488/296/104 431/296/104 975/296/104 978/296/104
f 490/296/104 637/296/104 980/296/104 979/296/104
f 637/296/104 632/296/104 981/458/104 980/296/104
f 632/296/104 439/296/104 982/296/104 981/458/104
f 439/296/104 490/296/104 979/296/104 982/296/104
f 623/364/104 833/380/104 984/568/104 983/567/104
f 833/380/104 669/562/104 985/569/104 984/568/104
f 669/562/104 421/364/104 986/570/104 985/569/104
f 421/364/104 623/364/104 983/567/104 986/570/104
f 833/380/104 832/464/104 988/572/104 987/571/104
f 832/464/104 670/563/104 989/573/104 988/572/104
f 670/563/104 669/562/104 990/574/104 989/573/104
f 669/562/104 833/380/104 987/571/104 990/574/104
f 832/464/104 831/465/104 992/576/104 991/575/104
f 831/465/104 671/465/104 993/576/104 992/576/104
f 671/465/104 670/563/104 994/575/104 993/576/104
f 670/563/104 832/464/104 991/575/104 994/575/104
f 831/465/104 830/467/104 996/578/104 995/577/104
f 830/467/104 672/467/104 997/579/104 996/578/104
f 672/467/104 671/465/104 998/580/104 997/579/104
f 671/465/104 831/465/104 995/577/104 998/580/104
f 830/467/104 829/372/104 1000/582/104 999/581/104
f 829/372/104 673/372/104 1001/582/104 1000/582/104
f 673/372/104 672/467/104 1002/581/104 1001/582/104
f 672/467/104 830/467/104 999/581/104 1002/581/104
f 625/329/103 838/459/103 1004/584/103 1003/583/103
f 838/459/103 674/381/103 1005/585/103 1004/584/103
f 674/381/103 423/329/103 1006/586/103 1005/585/103
f 423/329/103 625/329/103 1003/583/103 1006/586/103
f 838/459/103 837/461/103 1008/588/103 1007/587/103
f 837/461/103 675/460/103 1009/589/103 1008/588/103
f 675/460/103 674/381/103 1010/590/103 1009/589/103
f 674/381/103 838/459/103 1007/587/103 1010/590/103
f 837/461/103 836/462/103 1012/592/103 1011/591/103
f 836/462/103 676/462/103 1013/593/103 1012/592/103
f 676/462/103 675/460/103 1014/594/103 1013/593/103
f 675/460/103 837/461/103 1011/591/103 1014/594/103
f 836/462/103 835/463/103 1016/596/103 1015/595/103
f 835/463/103 677/463/103 1017/597/103 1016/596/103
f 677/463/103 676/462/103 1018/598/103 1017/597/103
f 676/462/103 836/462/103 1015/595/103 1018/598/103
f 835/463/103 834/374/103 1020/600/103 1019/599/103
f 834/374/103 678/374/103 1021/601/103 1020/600/103
f 678/374/103 677/463/103 1022/602/103 1021/601/103
f 677/463/103 835/463/103 1019/599/103 1022/602/103
f 1370/291/99 1127/292/99 1026/293/99 1274/294/99
f 1205/295/100 1059/296/100 1081/296/100 1207/297/100
f 1228/315/99 1090/316/99 1044/316/99 1214/315/99
f 1215/317/99 1047/316/99 1077/316/99 1220/318/99
f 1465/319/101 1466/320/101 1467/321/101 1468/319/101
f 1469/322/102 1470/323/102 1471/323/102 1472/324/102
f 1096/296/99 1045/296/99 1075/296/99 1114/296/99
f 1051/329/101 1029/329/101 1063/329/101 1073/329/101
f 1179/330/99 1046/331/99 1076/331/99 1184/330/99
f 1400/332/99 1145/333/99 1036/334/99 1285/335/99
f 1410/336/99 1176/337/99 1035/338/99 1290/339/99
f 1430/340/99 1212/341/99 1034/342/99 1295/343/99
f 1194/351/99 1041/334/99 1065/334/99 1196/351/99
f 1243/296/104 1099/296/104 1042/296/104 1238/296/104
f 1192/353/99 1091/354/99 1043/331/99 1178/330/99
f 1359/291/100 1309/355/100 1052/293/100 1136/356/100
f 1225/315/100 1102/331/100 1058/331/100 1218/315/100
f 1389/357/100 1314/335/100 1053/334/100 1157/358/100
f 1409/336/100 1319/339/100 1057/338/100 1181/337/100
f 1429/340/100 1324/343/100 1056/342/100 1217/341/100
f 1210/295/100 1108/296/100 1059/296/100 1205/295/100
f 1160/359/100 1049/360/100 1067/360/100 1172/359/100
f 1213/361/99 1040/338/99 1070/338/99 1219/362/99
f 1150/363/99 1027/364/99 1061/364/99 1165/365/99
f 1126/366/101 1029/329/101 1051/329/101 1135/366/101
f 1157/358/100 1053/334/100 1072/334/100 1169/358/100
f 1132/367/99 1039/342/99 1069/342/99 1141/368/99
f 1184/330/105 1076/331/105 1082/331/105 1186/369/105
f 1141/368/106 1069/342/106 1080/342/106 1144/370/106
f 1329/371/104 1062/360/104 1067/360/104 1339/372/104
f 1165/365/107 1061/364/107 1068/364/107 1171/373/107
f 1196/351/102 1065/334/102 1072/334/102 1197/351/102
f 1334/374/108 1064/293/108 1074/293/108 1344/375/108
f 1168/376/101 1066/296/101 1079/296/101 1174/376/101
f 1220/318/109 1077/316/109 1083/316/109 1222/317/109
f 1219/362/102 1070/338/102 1071/338/102 1221/361/102
f 1114/296/104 1075/296/104 1081/296/104 1120/296/104
f 1111/377/110 1078/316/110 1084/316/110 1117/316/110
f 1136/356/100 1052/293/100 1074/293/100 1142/378/100
f 1156/376/99 1037/296/99 1066/296/99 1168/376/99
f 1300/379/100 1048/364/100 1068/364/100 1335/380/100
f 1218/315/100 1058/331/100 1082/331/100 1222/317/100
f 1279/372/99 1028/360/99 1062/360/99 1329/371/99
f 1217/341/100 1056/342/100 1080/342/100 1221/361/100
f 1038/316/102 1050/316/102 1084/316/102 1078/316/102
f 1103/316/100 1060/316/100 1083/316/100 1115/377/100
f 1181/337/100 1057/338/100 1071/338/100 1185/337/100
f 1305/381/100 1051/329/100 1073/329/100 1340/382/100
f 1106/296/100 1054/296/100 1079/296/100 1118/296/100
f 1087/316/99 1038/316/99 1078/316/99 1111/377/99
f 1284/374/99 1030/293/99 1064/293/99 1334/374/99
f 1047/316/99 1085/316/99 1109/316/99 1077/316/99
f 1085/316/99 1086/352/99 1110/352/99 1109/316/99
f 1086/352/99 1087/316/99 1111/377/99 1110/352/99
f 1059/296/100 1108/296/100 1120/296/100 1081/296/100
f 1108/296/100 1107/296/100 1119/296/100 1120/296/100
f 1107/296/100 1106/296/100 1118/296/100 1119/296/100
f 1050/316/100 1105/316/100 1117/316/100 1084/316/100
f 1105/316/100 1104/316/100 1116/316/100 1117/316/100
f 1104/316/100 1103/316/100 1115/377/100 1116/316/100
f 1077/316/110 1109/316/110 1115/377/110 1083/316/110
f 1109/316/110 1110/352/110 1116/316/110 1115/377/110
f 1110/352/110 1111/377/110 1117/316/110 1116/316/110
f 1066/296/104 1112/296/104 1118/296/104 1079/296/104
f 1112/296/104 1113/296/104 1119/296/104 1118/296/104
f 1113/296/104 1114/296/104 1120/296/104 1119/296/104
f 1204/295/100 1054/296/100 1106/296/100 1208/295/100
f 1208/295/100 1106/296/100 1107/296/100 1209/295/100
f 1209/295/100 1107/296/100 1108/296/100 1210/295/100
f 1216/315/100 1055/331/100 1100/331/100 1223/315/100
f 1223/315/100 1100/331/100 1101/331/100 1224/315/100
f 1224/315/100 1101/331/100 1102/331/100 1225/315/100
f 1175/353/99 1032/331/99 1093/331/99 1190/353/99
f 1190/353/99 1093/331/99 1092/354/99 1191/353/99
f 1191/353/99 1092/354/99 1091/354/99 1192/353/99
f 1233/296/104 1031/296/104 1097/296/104 1241/296/104
f 1241/296/104 1097/296/104 1098/296/104 1242/296/104
f 1242/296/104 1098/296/104 1099/296/104 1243/296/104
f 1497/316/104 1498/352/104 1499/316/104 1500/316/104
f 1037/296/99 1094/296/99 1112/296/99 1066/296/99
f 1094/296/99 1095/296/99 1113/296/99 1112/296/99
f 1095/296/99 1096/296/99 1114/296/99 1113/296/99
f 1211/315/99 1033/316/99 1088/316/99 1226/315/99
f 1226/315/99 1088/316/99 1089/316/99 1227/315/99
f 1227/315/99 1089/316/99 1090/316/99 1228/315/99
f 1056/342/100 1138/367/100 1144/370/100 1080/342/100
f 1138/367/100 1137/383/100 1143/383/100 1144/370/100
f 1137/383/100 1136/356/100 1142/378/100 1143/383/100
f 1064/293/106 1139/292/106 1142/378/106 1074/293/106
f 1139/292/106 1140/383/106 1143/383/106 1142/378/106
f 1140/383/106 1141/368/106 1144/370/106 1143/383/106
f 1030/293/99 1130/378/99 1139/292/99 1064/293/99
f 1130/378/99 1131/383/99 1140/383/99 1139/292/99
f 1131/383/99 1132/367/99 1141/368/99 1140/383/99
f 1038/316/101 1124/384/101 1133/384/101 1050/316/101
f 1124/384/101 1125/385/101 1134/385/101 1133/384/101
f 1125/385/101 1126/366/101 1135/366/101 1134/385/101
f 1324/343/100 1349/386/100 1138/367/100 1056/342/100
f 1349/386/100 1354/387/100 1137/383/100 1138/367/100
f 1354/387/100 1359/291/100 1136/356/100 1137/383/100
f 1505/391/101 1506/392/101 1507/392/101 1508/393/101
f 1517/401/102 1518/402/102 1519/402/102 1520/401/102
f 1295/343/99 1034/342/99 1129/368/99 1360/406/99
f 1360/406/99 1129/368/99 1128/407/99 1365/387/99
f 1365/387/99 1128/407/99 1127/292/99 1370/291/99
f 1028/360/99 1154/359/99 1166/359/99 1062/360/99
f 1154/359/99 1155/408/99 1167/408/99 1166/359/99
f 1155/408/99 1156/376/99 1168/376/99 1167/408/99
f 1062/360/101 1166/359/101 1172/359/101 1067/360/101
f 1166/359/101 1167/408/101 1173/408/101 1172/359/101
f 1167/408/101 1168/376/101 1174/376/101 1173/408/101
f 1065/334/107 1163/333/107 1169/358/107 1072/334/107
f 1163/333/107 1164/409/107 1170/410/107 1169/358/107
f 1164/409/107 1165/365/107 1171/373/107 1170/410/107
f 1048/364/100 1159/363/100 1171/373/100 1068/364/100
f 1159/363/100 1158/411/100 1170/410/100 1171/373/100
f 1158/411/100 1157/358/100 1169/358/100 1170/410/100
f 1041/334/99 1148/333/99 1163/333/99 1065/334/99
f 1148/333/99 1149/412/99 1164/409/99 1163/333/99
f 1149/412/99 1150/363/99 1165/365/99 1164/409/99
f 1054/296/100 1162/376/100 1174/376/100 1079/296/100
f 1162/376/100 1161/408/100 1173/408/100 1174/376/100
f 1161/408/100 1160/359/100 1172/359/100 1173/408/100
f 1300/379/100 1379/413/100 1159/363/100 1048/364/100
f 1379/413/100 1384/414/100 1158/411/100 1159/363/100
f 1384/414/100 1389/357/100 1157/358/100 1158/411/100
f 1265/380/99 1025/364/99 1147/365/99 1390/415/99
f 1390/415/99 1147/365/99 1146/412/99 1395/416/99
f 1395/416/99 1146/412/99 1145/333/99 1400/332/99
f 1533/422/102 1534/423/102 1535/424/102 1536/425/102
f 1541/428/101 1542/429/101 1543/430/101 1544/428/101
f 1199/295/99 1191/353/99 1192/353/99 1200/295/99
f 1198/295/99 1190/353/99 1191/353/99 1199/295/99
f 1201/295/99 1175/353/99 1190/353/99 1198/295/99
f 1101/331/100 1188/353/100 1189/353/100 1102/331/100
f 1100/331/100 1187/353/100 1188/353/100 1101/331/100
f 1055/331/100 1180/353/100 1187/353/100 1100/331/100
f 1195/351/100 1181/337/100 1185/337/100 1197/351/100
f 1070/338/102 1183/337/102 1185/337/102 1071/338/102
f 1206/297/105 1184/330/105 1186/369/105 1207/297/105
f 1102/331/100 1189/353/100 1182/353/100 1058/331/100
f 1424/434/100 1409/336/100 1181/337/100 1195/351/100
f 1200/295/99 1192/353/99 1178/330/99 1202/295/99
f 1040/338/99 1177/337/99 1183/337/99 1070/338/99
f 1549/435/102 1550/436/102 1551/437/102 1552/438/102
f 1415/439/99 1193/351/99 1176/337/99 1410/336/99
f 1203/295/99 1179/330/99 1184/330/99 1206/297/99
f 1058/331/100 1182/353/100 1186/369/100 1082/331/100
f 1045/296/99 1203/295/99 1206/297/99 1075/296/99
f 1285/335/99 1036/334/99 1193/351/99 1415/439/99
f 1099/296/99 1200/295/99 1202/295/99 1042/296/99
f 1314/335/100 1424/434/100 1195/351/100 1053/334/100
f 1075/296/105 1206/297/105 1207/297/105 1081/296/105
f 1053/334/100 1195/351/100 1197/351/100 1072/334/100
f 1031/296/99 1201/295/99 1198/295/99 1097/296/99
f 1097/296/99 1198/295/99 1199/295/99 1098/296/99
f 1098/296/99 1199/295/99 1200/295/99 1099/296/99
f 1188/353/100 1209/295/100 1210/295/100 1189/353/100
f 1187/353/100 1208/295/100 1209/295/100 1188/353/100
f 1180/353/100 1204/295/100 1208/295/100 1187/353/100
f 1183/337/102 1196/351/102 1197/351/102 1185/337/102
f 1189/353/100 1210/295/100 1205/295/100 1182/353/100
f 1177/337/99 1194/351/99 1196/351/99 1183/337/99
f 1561/448/101 1562/449/101 1563/449/101 1564/450/101
f 1182/353/100 1205/295/100 1207/297/100 1186/369/100
f 1092/354/99 1227/315/99 1228/315/99 1091/354/99
f 1093/331/99 1226/315/99 1227/315/99 1092/354/99
f 1032/331/99 1211/315/99 1226/315/99 1093/331/99
f 1104/316/100 1224/315/100 1225/315/100 1103/316/100
f 1105/316/100 1223/315/100 1224/315/100 1104/316/100
f 1050/316/100 1216/315/100 1223/315/100 1105/316/100
f 1057/338/100 1217/341/100 1221/361/100 1071/338/100
f 1060/316/100 1218/315/100 1222/317/100 1083/316/100
f 1069/342/102 1219/362/102 1221/361/102 1080/342/102
f 1076/331/109 1220/318/109 1222/317/109 1082/331/109
f 1039/342/99 1213/361/99 1219/362/99 1069/342/99
f 1319/339/100 1429/340/100 1217/341/100 1057/338/100
f 1103/316/100 1225/315/100 1218/315/100 1060/316/100
f 1565/451/101 1566/452/101 1567/453/101 1568/454/101
f 1290/339/99 1035/338/99 1212/341/99 1430/340/99
f 1046/331/99 1215/317/99 1220/318/99 1076/331/99
f 1091/354/99 1228/315/99 1214/315/99 1043/331/99
f 1034/342/102 1212/341/102 1264/361/102 1235/342/102
f 1043/331/101 1214/315/101 1263/315/101 1239/331/101
f 1176/337/102 1193/351/102 1262/351/102 1260/337/102
f 1042/296/101 1202/295/101 1261/295/101 1238/296/101
f 1035/338/102 1176/337/102 1260/337/102 1236/338/102
f 1202/295/101 1178/330/101 1259/330/101 1261/295/101
f 1146/412/102 1147/365/102 1258/365/102 1257/412/102
f 1145/333/102 1146/412/102 1257/412/102 1256/358/102
f 1036/334/102 1145/333/102 1256/358/102 1237/457/102
f 1152/408/101 1153/376/101 1255/376/101 1254/408/101
f 1151/359/101 1152/408/101 1254/408/101 1253/359/101
f 1023/360/101 1151/359/101 1253/359/101 1232/360/101
f 1122/385/101 1123/366/101 1252/366/101 1251/385/101
f 1121/384/101 1122/385/101 1251/385/101 1250/384/101
f 1033/316/101 1121/384/101 1250/384/101 1234/316/101
f 1128/407/102 1129/368/102 1249/368/102 1248/407/102
f 1127/292/102 1128/407/102 1248/407/102 1247/292/102
f 1026/293/102 1127/292/102 1247/292/102 1230/293/102
f 1089/316/103 1245/316/103 1246/316/103 1090/316/103
f 1088/316/103 1244/316/103 1245/316/103 1089/316/103
f 1033/316/103 1234/316/103 1244/316/103 1088/316/103
f 1577/296/103 1578/296/103 1579/296/103 1580/296/103
f 1090/316/103 1246/316/103 1240/316/103 1044/316/103
f 1214/315/101 1044/316/101 1240/316/101 1263/315/101
f 1178/330/101 1043/331/101 1239/331/101 1259/330/101
f 1193/351/102 1036/334/102 1237/457/102 1262/351/102
f 1212/341/102 1035/338/102 1236/338/102 1264/361/102
f 1129/368/102 1034/342/102 1235/342/102 1249/368/102
f 1153/376/101 1031/296/101 1233/296/101 1255/376/101
f 1269/371/104 1023/360/104 1232/360/104 1435/372/104
f 1274/294/103 1026/293/103 1230/293/103 1440/374/103
f 1123/366/101 1024/329/101 1231/329/101 1252/366/101
f 1147/365/102 1025/364/102 1229/364/102 1258/365/102
f 1024/329/103 1270/381/103 1444/459/103 1231/329/103
f 1270/381/103 1271/460/103 1443/461/103 1444/459/103
f 1271/460/103 1272/462/103 1442/462/103 1443/461/103
f 1272/462/103 1273/463/103 1441/463/103 1442/462/103
f 1273/463/103 1274/294/103 1440/374/103 1441/463/103
f 1025/364/104 1265/380/104 1439/380/104 1229/364/104
f 1265/380/104 1266/464/104 1438/464/104 1439/380/104
f 1266/464/104 1267/465/104 1437/465/104 1438/464/104
f 1267/465/104 1268/466/104 1436/467/104 1437/465/104
f 1268/466/104 1269/371/104 1435/372/104 1436/467/104
f 1032/331/99 1294/468/99 1434/469/99 1211/315/99
f 1294/468/99 1293/470/99 1433/471/99 1434/469/99
f 1293/470/99 1292/472/99 1432/473/99 1433/471/99
f 1292/472/99 1291/474/99 1431/475/99 1432/473/99
f 1291/474/99 1290/339/99 1430/340/99 1431/475/99
f 1055/331/100 1216/315/100 1425/476/100 1315/477/100
f 1315/477/100 1425/476/100 1426/478/100 1316/479/100
f 1316/479/100 1426/478/100 1427/473/100 1317/480/100
f 1317/480/100 1427/473/100 1428/481/100 1318/482/100
f 1318/482/100 1428/481/100 1429/340/100 1319/339/100
f 1054/296/100 1204/295/100 1420/483/100 1310/484/100
f 1310/484/100 1420/483/100 1421/485/100 1311/486/100
f 1311/486/100 1421/485/100 1422/487/100 1312/488/100
f 1312/488/100 1422/487/100 1423/489/100 1313/490/100
f 1313/490/100 1423/489/100 1424/434/100 1314/335/100
f 1031/296/99 1289/491/99 1419/492/99 1201/295/99
f 1289/491/99 1288/493/99 1418/494/99 1419/492/99
f 1288/493/99 1287/495/99 1417/487/99 1418/494/99
f 1287/495/99 1286/496/99 1416/497/99 1417/487/99
f 1286/496/99 1285/335/99 1415/439/99 1416/497/99
f 1201/295/99 1419/492/99 1414/498/99 1175/353/99
f 1419/492/99 1418/494/99 1413/499/99 1414/498/99
f 1418/494/99 1417/487/99 1412/500/99 1413/499/99
f 1417/487/99 1416/497/99 1411/501/99 1412/500/99
f 1416/497/99 1415/439/99 1410/336/99 1411/501/99
f 1204/295/100 1180/353/100 1405/502/100 1420/483/100
f 1420/483/100 1405/502/100 1406/503/100 1421/485/100
f 1421/485/100 1406/503/100 1407/504/100 1422/487/100
f 1422/487/100 1407/504/100 1408/505/100 1423/489/100
f 1423/489/100 1408/505/100 1409/336/100 1424/434/100
f 1152/408/99 1399/506/99 1404/507/99 1153/376/99
f 1399/506/99 1398/508/99 1403/509/99 1404/507/99
f 1398/508/99 1397/510/99 1402/511/99 1403/509/99
f 1397/510/99 1396/512/99 1401/513/99 1402/511/99
f 1396/512/99 1395/416/99 1400/332/99 1401/513/99
f 1151/359/99 1394/514/99 1399/506/99 1152/408/99
f 1394/514/99 1393/515/99 1398/508/99 1399/506/99
f 1393/515/99 1392/516/99 1397/510/99 1398/508/99
f 1392/516/99 1391/517/99 1396/512/99 1397/510/99
f 1391/517/99 1390/415/99 1395/416/99 1396/512/99
f 1023/360/99 1269/371/99 1394/514/99 1151/359/99
f 1269/371/99 1268/466/99 1393/515/99 1394/514/99
f 1268/466/99 1267/465/99 1392/516/99 1393/515/99
f 1267/465/99 1266/464/99 1391/517/99 1392/516/99
f 1266/464/99 1265/380/99 1390/415/99 1391/517/99
f 1161/408/100 1162/376/100 1385/518/100 1380/519/100
f 1380/519/100 1385/518/100 1386/520/100 1381/521/100
f 1381/521/100 1386/520/100 1387/511/100 1382/522/100
f 1382/522/100 1387/511/100 1388/523/100 1383/524/100
f 1383/524/100 1388/523/100 1389/357/100 1384/414/100
f 1160/359/100 1161/408/100 1380/519/100 1375/525/100
f 1375/525/100 1380/519/100 1381/521/100 1376/526/100
f 1376/526/100 1381/521/100 1382/522/100 1377/527/100
f 1377/527/100 1382/522/100 1383/524/100 1378/528/100
f 1378/528/100 1383/524/100 1384/414/100 1379/413/100
f 1049/360/100 1160/359/100 1375/525/100 1304/372/100
f 1304/372/100 1375/525/100 1376/526/100 1303/467/100
f 1303/467/100 1376/526/100 1377/527/100 1302/465/100
f 1302/465/100 1377/527/100 1378/528/100 1301/464/100
f 1301/464/100 1378/528/100 1379/413/100 1300/379/100
f 1122/385/99 1369/529/99 1374/530/99 1123/366/99
f 1369/529/99 1368/531/99 1373/532/99 1374/530/99
f 1368/531/99 1367/533/99 1372/534/99 1373/532/99
f 1367/533/99 1366/535/99 1371/536/99 1372/534/99
f 1366/535/99 1365/387/99 1370/291/99 1371/536/99
f 1121/384/99 1364/537/99 1369/529/99 1122/385/99
f 1364/537/99 1363/538/99 1368/531/99 1369/529/99
f 1363/538/99 1362/539/99 1367/533/99 1368/531/99
f 1362/539/99 1361/540/99 1366/535/99 1367/533/99
f 1361/540/99 1360/406/99 1365/387/99 1366/535/99
f 1033/316/99 1299/541/99 1364/537/99 1121/384/99
f 1299/541/99 1298/542/99 1363/538/99 1364/537/99
f 1298/542/99 1297/543/99 1362/539/99 1363/538/99
f 1297/543/99 1296/544/99 1361/540/99 1362/539/99
f 1296/544/99 1295/343/99 1360/406/99 1361/540/99
f 1134/385/100 1135/366/100 1355/545/100 1350/546/100
f 1350/546/100 1355/545/100 1356/547/100 1351/548/100
f 1351/548/100 1356/547/100 1357/549/100 1352/533/100
f 1352/533/100 1357/549/100 1358/550/100 1353/551/100
f 1353/551/100 1358/550/100 1359/291/100 1354/387/100
f 1133/384/100 1134/385/100 1350/546/100 1345/552/100
f 1345/552/100 1350/546/100 1351/548/100 1346/553/100
f 1346/553/100 1351/548/100 1352/533/100 1347/539/100
f 1347/539/100 1352/533/100 1353/551/100 1348/554/100
f 1348/554/100 1353/551/100 1354/387/100 1349/386/100
f 1050/316/100 1133/384/100 1345/552/100 1320/555/100
f 1320/555/100 1345/552/100 1346/553/100 1321/556/100
f 1321/556/100 1346/553/100 1347/539/100 1322/543/100
f 1322/543/100 1347/539/100 1348/554/100 1323/557/100
f 1323/557/100 1348/554/100 1349/386/100 1324/343/100
f 1029/329/99 1280/381/99 1330/381/99 1063/329/99
f 1280/381/99 1281/460/99 1331/558/99 1330/381/99
f 1281/460/99 1282/462/99 1332/462/99 1331/558/99
f 1282/462/99 1283/463/99 1333/463/99 1332/462/99
f 1283/463/99 1284/374/99 1334/374/99 1333/463/99
f 1052/293/100 1309/355/100 1344/375/100 1074/293/100
f 1309/355/100 1308/463/100 1343/559/100 1344/375/100
f 1308/463/100 1307/560/100 1342/462/100 1343/559/100
f 1307/560/100 1306/561/100 1341/561/100 1342/462/100
f 1306/561/100 1305/381/100 1340/382/100 1341/561/100
f 1027/364/99 1275/562/99 1325/562/99 1061/364/99
f 1275/562/99 1276/563/99 1326/563/99 1325/562/99
f 1276/563/99 1277/465/99 1327/564/99 1326/563/99
f 1277/465/99 1278/467/99 1328/565/99 1327/564/99
f 1278/467/99 1279/372/99 1329/371/99 1328/565/99
f 1049/360/100 1304/372/100 1339/372/100 1067/360/100
f 1304/372/100 1303/467/100 1338/467/100 1339/372/100
f 1303/467/100 1302/465/100 1337/564/100 1338/467/100
f 1302/465/100 1301/464/100 1336/566/100 1337/564/100
f 1301/464/100 1300/379/100 1335/380/100 1336/566/100
f 1063/329/108 1330/381/108 1340/382/108 1073/329/108
f 1330/381/108 1331/558/108 1341/561/108 1340/382/108
f 1331/558/108 1332/462/108 1342/462/108 1341/561/108
f 1332/462/108 1333/463/108 1343/559/108 1342/462/108
f 1333/463/108 1334/374/108 1344/375/108 1343/559/108
f 1061/364/104 1325/562/104 1335/380/104 1068/364/104
f 1325/562/104 1326/563/104 1336/566/104 1335/380/104
f 1326/563/104 1327/564/104 1337/564/104 1336/566/104
f 1327/564/104 1328/565/104 1338/467/104 1337/564/104
f 1328/565/104 1329/371/104 1339/372/104 1338/467/104
f 1216/315/100 1050/316/100 1320/555/100 1425/476/100
f 1425/476/100 1320/555/100 1321/556/100 1426/478/100
f 1426/478/100 1321/556/100 1322/543/100 1427/473/100
f 1427/473/100 1322/543/100 1323/557/100 1428/481/100
f 1428/481/100 1323/557/100 1324/343/100 1429/340/100
f 1180/353/100 1055/331/100 1315/477/100 1405/502/100
f 1405/502/100 1315/477/100 1316/479/100 1406/503/100
f 1406/503/100 1316/479/100 1317/480/100 1407/504/100
f 1407/504/100 1317/480/100 1318/482/100 1408/505/100
f 1408/505/100 1318/482/100 1319/339/100 1409/336/100
f 1162/376/100 1054/296/100 1310/484/100 1385/518/100
f 1385/518/100 1310/484/100 1311/486/100 1386/520/100
f 1386/520/100 1311/486/100 1312/488/100 1387/511/100
f 1387/511/100 1312/488/100 1313/490/100 1388/523/100
f 1388/523/100 1313/490/100 1314/335/100 1389/357/100
f 1135/366/100 1051/329/100 1305/381/100 1355/545/100
f 1355/545/100 1305/381/100 1306/561/100 1356/547/100
f 1356/547/100 1306/561/100 1307/560/100 1357/549/100
f 1357/549/100 1307/560/100 1308/463/100 1358/550/100
f 1358/550/100 1308/463/100 1309/355/100 1359/291/100
f 1211/315/99 1434/469/99 1299/541/99 1033/316/99
f 1434/469/99 1433/471/99 1298/542/99 1299/541/99
f 1433/471/99 1432/473/99 1297/543/99 1298/542/99
f 1432/473/99 1431/475/99 1296/544/99 1297/543/99
f 1431/475/99 1430/340/99 1295/343/99 1296/544/99
f 1175/353/99 1414/498/99 1294/468/99 1032/331/99
f 1414/498/99 1413/499/99 1293/470/99 1294/468/99
f 1413/499/99 1412/500/99 1292/472/99 1293/470/99
f 1412/500/99 1411/501/99 1291/474/99 1292/472/99
f 1411/501/99 1410/336/99 1290/339/99 1291/474/99
f 1153/376/99 1404/507/99 1289/491/99 1031/296/99
f 1404/507/99 1403/509/99 1288/493/99 1289/491/99
f 1403/509/99 1402/511/99 1287/495/99 1288/493/99
f 1402/511/99 1401/513/99 1286/496/99 1287/495/99
f 1401/513/99 1400/332/99 1285/335/99 1286/496/99
f 1593/571/104 1594/572/104 1595/573/104 1596/574/104
f 1601/577/104 1602/578/104 1603/579/104 1604/580/104
f 1613/587/103 1614/588/103 1615/589/103 1616/590/103
f 1625/599/103 1626/600/103 1627/601/103 1628/602/103
f 1123/366/99 1374/530/99 1270/381/99 1024/329/99
f 1374/530/99 1373/532/99 1271/460/99 1270/381/99
f 1373/532/99 1372/534/99 1272/462/99 1271/460/99
f 1372/534/99 1371/536/99 1273/463/99 1272/462/99
f 1371/536/99 1370/291/99 1274/294/99 1273/463/99
f 1258/365/102 1229/364/102 1446/299/102 1445/298/102
f 1229/364/102 1027/364/102 1447/300/102 1446/299/102
f 1027/364/102 1150/363/102 1448/301/102 1447/300/102
f 1150/363/102 1258/365/102 1445/298/102 1448/301/102
f 1252/366/101 1231/329/101 1450/303/101 1449/302/101
f 1231/329/101 1029/329/101 1451/303/101 1450/303/101
f 1029/329/101 1126/366/101 1452/304/101 1451/303/101
f 1126/366/101 1252/366/101 1449/302/101 1452/304/101
f 1440/374/103 1230/293/103 1454/306/103 1453/305/103
f 1230/293/103 1030/293/103 1455/307/103 1454/306/103
f 1030/293/103 1284/374/103 1456/308/103 1455/307/103
f 1284/374/103 1440/374/103 1453/305/103 1456/308/103
f 1435/372/104 1232/360/104 1458/310/104 1457/309/104
f 1232/360/104 1028/360/104 1459/311/104 1458/310/104
f 1028/360/104 1279/372/104 1460/312/104 1459/311/104
f 1279/372/104 1435/372/104 1457/309/104 1460/312/104
f 1255/376/101 1233/296/101 1462/314/101 1461/313/101
f 1233/296/101 1037/296/101 1463/314/101 1462/314/101
f 1037/296/101 1156/376/101 1464/313/101 1463/314/101
f 1156/376/101 1255/376/101 1461/313/101 1464/313/101
f 1249/368/102 1235/342/102 1466/320/102 1465/319/102
f 1235/342/102 1039/342/102 1467/321/102 1466/320/102
f 1039/342/102 1132/367/102 1468/319/102 1467/321/102
f 1132/367/102 1249/368/102 1465/319/102 1468/319/102
f 1264/361/102 1236/338/102 1470/323/102 1469/322/102
f 1236/338/102 1040/338/102 1471/323/102 1470/323/102
f 1040/338/102 1213/361/102 1472/324/102 1471/323/102
f 1213/361/102 1264/361/102 1469/322/102 1472/324/102
f 1262/351/102 1237/457/102 1474/326/102 1473/325/102
f 1237/457/102 1041/334/102 1475/327/102 1474/326/102
f 1041/334/102 1194/351/102 1476/328/102 1475/327/102
f 1194/351/102 1262/351/102 1473/325/102 1476/328/102
f 1259/330/101 1239/331/101 1478/345/101 1477/344/101
f 1239/331/101 1046/331/101 1479/345/101 1478/345/101
f 1046/331/101 1179/330/101 1480/346/101 1479/345/101
f 1179/330/101 1259/330/101 1477/344/101 1480/346/101
f 1263/315/101 1240/316/101 1482/348/101 1481/347/101
f 1240/316/101 1047/316/101 1483/349/101 1482/348/101
f 1047/316/101 1215/317/101 1484/350/101 1483/349/101
f 1215/317/101 1263/315/101 1481/347/101 1484/350/101
f 1246/316/103 1085/316/103 1486/316/103 1485/316/103
f 1085/316/103 1047/316/103 1487/316/103 1486/316/103
f 1047/316/103 1240/316/103 1488/352/103 1487/316/103
f 1240/316/103 1246/316/103 1485/316/103 1488/352/103
f 1234/316/103 1038/316/103 1490/316/103 1489/316/103
f 1038/316/103 1087/316/103 1491/316/103 1490/316/103
f 1087/316/103 1244/316/103 1492/316/103 1491/316/103
f 1244/316/103 1234/316/103 1489/316/103 1492/316/103
f 1244/316/103 1087/316/103 1494/352/103 1493/316/103
f 1087/316/103 1086/352/103 1495/316/103 1494/352/103
f 1086/352/103 1245/316/103 1496/316/103 1495/316/103
f 1245/316/103 1244/316/103 1493/316/103 1496/316/103
f 1245/316/103 1086/352/103 1498/352/103 1497/316/103
f 1086/352/103 1085/316/103 1499/316/103 1498/352/103
f 1085/316/103 1246/316/103 1500/316/103 1499/316/103
f 1246/316/103 1245/316/103 1497/316/103 1500/316/103
f 1230/293/102 1247/292/102 1502/389/102 1501/388/102
f 1247/292/102 1130/378/102 1503/389/102 1502/389/102
f 1130/378/102 1030/293/102 1504/390/102 1503/389/102
f 1030/293/102 1230/293/102 1501/388/102 1504/390/102
f 1247/292/102 1248/407/102 1506/392/102 1505/391/102
f 1248/407/102 1131/383/102 1507/392/102 1506/392/102
f 1131/383/102 1130/378/102 1508/393/102 1507/392/102
f 1130/378/102 1247/292/102 1505/391/102 1508/393/102
f 1248/407/102 1249/368/102 1510/395/102 1509/394/102
f 1249/368/102 1132/367/102 1511/396/102 1510/395/102
f 1132/367/102 1131/383/102 1512/397/102 1511/396/102
f 1131/383/102 1248/407/102 1509/394/102 1512/397/102
f 1234/316/101 1250/384/101 1514/399/101 1513/398/101
f 1250/384/101 1124/384/101 1515/400/101 1514/399/101
f 1124/384/101 1038/316/101 1516/398/101 1515/400/101
f 1038/316/101 1234/316/101 1513/398/101 1516/398/101
f 1250/384/101 1251/385/101 1518/402/101 1517/401/101
f 1251/385/101 1125/385/101 1519/402/101 1518/402/101
f 1125/385/101 1124/384/101 1520/401/101 1519/402/101
f 1124/384/101 1250/384/101 1517/401/101 1520/401/101
f 1251/385/101 1252/366/101 1522/404/101 1521/403/101
f 1252/366/101 1126/366/101 1523/405/101 1522/404/101
f 1126/366/101 1125/385/101 1524/403/101 1523/405/101
f 1125/385/101 1251/385/101 1521/403/101 1524/403/101
f 1232/360/101 1253/359/101 1526/418/101 1525/417/101
f 1253/359/101 1154/359/101 1527/418/101 1526/418/101
f 1154/359/101 1028/360/101 1528/417/101 1527/418/101
f 1028/360/101 1232/360/101 1525/417/101 1528/417/101
f 1253/359/101 1254/408/101 1530/420/101 1529/419/101
f 1254/408/101 1155/408/101 1531/421/101 1530/420/101
f 1155/408/101 1154/359/101 1532/419/101 1531/421/101
f 1154/359/101 1253/359/101 1529/419/101 1532/419/101
f 1254/408/101 1255/376/101 1534/423/101 1533/422/101
f 1255/376/101 1156/376/101 1535/424/101 1534/423/101
f 1156/376/101 1155/408/101 1536/425/101 1535/424/101
f 1155/408/101 1254/408/101 1533/422/101 1536/425/101
f 1237/457/102 1256/358/102 1538/427/102 1537/426/102
f 1256/358/102 1148/333/102 1539/427/102 1538/427/102
f 1148/333/102 1041/334/102 1540/426/102 1539/427/102
f 1041/334/102 1237/457/102 1537/426/102 1540/426/102
f 1256/358/102 1257/412/102 1542/429/102 1541/428/102
f 1257/412/102 1149/412/102 1543/430/102 1542/429/102
f 1149/412/102 1148/333/102 1544/428/102 1543/430/102
f 1148/333/102 1256/358/102 1541/428/102 1544/428/102
f 1257/412/102 1258/365/102 1546/432/102 1545/431/102
f 1258/365/102 1150/363/102 1547/432/102 1546/432/102
f 1150/363/102 1149/412/102 1548/433/102 1547/432/102
f 1149/412/102 1257/412/102 1545/431/102 1548/433/102
f 1261/295/101 1259/330/101 1550/436/101 1549/435/101
f 1259/330/101 1179/330/101 1551/437/101 1550/436/101
f 1179/330/101 1203/295/101 1552/438/101 1551/437/101
f 1203/295/101 1261/295/101 1549/435/101 1552/438/101
f 1236/338/102 1260/337/102 1554/441/102 1553/440/102
f 1260/337/102 1177/337/102 1555/442/102 1554/441/102
f 1177/337/102 1040/338/102 1556/443/102 1555/442/102
f 1040/338/102 1236/338/102 1553/440/102 1556/443/102
f 1238/296/101 1261/295/101 1558/445/101 1557/444/101
f 1261/295/101 1203/295/101 1559/446/101 1558/445/101
f 1203/295/101 1045/296/101 1560/447/101 1559/446/101
f 1045/296/101 1238/296/101 1557/444/101 1560/447/101
f 1260/337/102 1262/351/102 1562/449/102 1561/448/102
f 1262/351/102 1194/351/102 1563/449/102 1562/449/102
f 1194/351/102 1177/337/102 1564/450/102 1563/449/102
f 1177/337/102 1260/337/102 1561/448/102 1564/450/102
f 1239/331/101 1263/315/101 1566/452/101 1565/451/101
f 1263/315/101 1215/317/101 1567/453/101 1566/452/101
f 1215/317/101 1046/331/101 1568/454/101 1567/453/101
f 1046/331/101 1239/331/101 1565/451/101 1568/454/101
f 1235/342/102 1264/361/102 1570/456/102 1569/455/102
f 1264/361/102 1213/361/102 1571/456/102 1570/456/102
f 1213/361/102 1039/342/102 1572/455/102 1571/456/102
f 1039/342/102 1235/342/102 1569/455/102 1572/455/102
f 1095/296/104 1242/296/104 1574/296/104 1573/296/104
f 1242/296/104 1243/296/104 1575/296/104 1574/296/104
f 1243/296/104 1096/296/104 1576/296/104 1575/296/104
f 1096/296/104 1095/296/104 1573/296/104 1576/296/104
f 1094/296/104 1241/296/104 1578/296/104 1577/296/104
f 1241/296/104 1242/296/104 1579/296/104 1578/296/104
f 1242/296/104 1095/296/104 1580/296/104 1579/296/104
f 1095/296/104 1094/296/104 1577/296/104 1580/296/104
f 1037/296/104 1233/296/104 1582/296/104 1581/296/104
f 1233/296/104 1241/296/104 1583/296/104 1582/296/104
f 1241/296/104 1094/296/104 1584/296/104 1583/296/104
f 1094/296/104 1037/296/104 1581/296/104 1584/296/104
f 1096/296/104 1243/296/104 1586/296/104 1585/296/104
f 1243/296/104 1238/296/104 1587/458/104 1586/296/104
f 1238/296/104 1045/296/104 1588/296/104 1587/458/104
f 1045/296/104 1096/296/104 1585/296/104 1588/296/104
f 1229/364/104 1439/380/104 1590/568/104 1589/567/104
f 1439/380/104 1275/562/104 1591/569/104 1590/568/104
f 1275/562/104 1027/364/104 1592/570/104 1591/569/104
f 1027/364/104 1229/364/104 1589/567/104 1592/570/104
f 1439/380/104 1438/464/104 1594/572/104 1593/571/104
f 1438/464/104 1276/563/104 1595/573/104 1594/572/104
f 1276/563/104 1275/562/104 1596/574/104 1595/573/104
f 1275/562/104 1439/380/104 1593/571/104 1596/574/104
f 1438/464/104 1437/465/104 1598/576/104 1597/575/104
f 1437/465/104 1277/465/104 1599/576/104 1598/576/104
f 1277/465/104 1276/563/104 1600/575/104 1599/576/104
f 1276/563/104 1438/464/104 1597/575/104 1600/575/104
f 1437/465/104 1436/467/104 1602/578/104 1601/577/104
f 1436/467/104 1278/467/104 1603/579/104 1602/578/104
f 1278/467/104 1277/465/104 1604/580/104 1603/579/104
f 1277/465/104 1437/465/104 1601/577/104 1604/580/104
f 1436/467/104 1435/372/104 1606/582/104 1605/581/104
f 1435/372/104 1279/372/104 1607/582/104 1606/582/104
f 1279/372/104 1278/467/104 1608/581/104 1607/582/104
f 1278/467/104 1436/467/104 1605/581/104 1608/581/104
f 1231/329/103 1444/459/103 1610/584/103 1609/583/103
f 1444/459/103 1280/381/103 1611/585/103 1610/584/103
f 1280/381/103 1029/329/103 1612/586/103 1611/585/103
f 1029/329/103 1231/329/103 1609/583/103 1612/586/103
f 1444/459/103 1443/461/103 1614/588/103 1613/587/103
f 1443/461/103 1281/460/103 1615/589/103 1614/588/103
f 1281/460/103 1280/381/103 1616/590/103 1615/589/103
f 1280/381/103 1444/459/103 1613/587/103 1616/590/103
f 1443/461/103 1442/462/103 1618/592/103 1617/591/103
f 1442/462/103 1282/462/103 1619/593/103 1618/592/103
f 1282/462/103 1281/460/103 1620/594/103 1619/593/103
f 1281/460/103 1443/461/103 1617/591/103 1620/594/103
f 1442/462/103 1441/463/103 1622/596/103 1621/595/103
f 1441/463/103 1283/463/103 1623/597/103 1622/596/103
f 1283/463/103 1282/462/103 1624/598/103 1623/597/103
f 1282/462/103 1442/462/103 1621/595/103 1624/598/103
f 1441/463/103 1440/374/103 1626/600/103 1625/599/103
f 1440/374/103 1284/374/103 1627/601/103 1626/600/103
f 1284/374/103 1283/463/103 1628/602/103 1627/601/103
f 1283/463/103 1441/463/103 1625/599/103 1628/602/103
f 1976/291/99 1733/292/99 1632/293/99 1880/294/99
f 1811/295/100 1665/296/100 1687/296/100 1813/297/100
f 1834/315/99 1696/316/99 1650/316/99 1820/315/99
f 1821/317/99 1653/316/99 1683/316/99 1826/318/99
f 2071/319/101 2072/320/101 2073/321/101 2074/319/101
f 2075/322/102 2076/323/102 2077/323/102 2078/324/102
f 1702/296/99 1651/296/99 1681/296/99 1720/296/99
f 1657/329/101 1635/329/101 1669/329/101 1679/329/101
f 1785/330/99 1652/331/99 1682/331/99 1790/330/99
f 2006/332/99 1751/333/99 1642/334/99 1891/335/99
f 2016/336/99 1782/337/99 1641/338/99 1896/339/99
f 2036/340/99 1818/341/99 1640/342/99 1901/343/99
f 1800/351/99 1647/334/99 1671/334/99 1802/351/99
f 1849/296/104 1705/296/104 1648/296/104 1844/296/104
f 1798/353/99 1697/354/99 1649/331/99 1784/330/99
f 1965/291/100 1915/355/100 1658/293/100 1742/356/100
f 1831/315/100 1708/331/100 1664/331/100 1824/315/100
f 1995/357/100 1920/335/100 1659/334/100 1763/358/100
f 2015/336/100 1925/339/100 1663/338/100 1787/337/100
f 2035/340/100 1930/343/100 1662/342/100 1823/341/100
f 1816/295/100 1714/296/100 1665/296/100 1811/295/100
f 1766/359/100 1655/360/100 1673/360/100 1778/359/100
f 1819/361/99 1646/338/99 1676/338/99 1825/362/99
f 1756/363/99 1633/364/99 1667/364/99 1771/365/99
f 1732/366/101 1635/329/101 1657/329/101 1741/366/101
f 1763/358/100 1659/334/100 1678/334/100 1775/358/100
f 1738/367/99 1645/342/99 1675/342/99 1747/368/99
f 1790/330/105 1682/331/105 1688/331/105 1792/369/105
f 1747/368/106 1675/342/106 1686/342/106 1750/370/106
f 1935/371/104 1668/360/104 1673/360/104 1945/372/104
f 1771/365/107 1667/364/107 1674/364/107 1777/373/107
f 1802/351/102 1671/334/102 1678/334/102 1803/351/102
f 1940/374/108 1670/293/108 1680/293/108 1950/375/108
f 1774/376/101 1672/296/101 1685/296/101 1780/376/101
f 1826/318/109 1683/316/109 1689/316/109 1828/317/109
f 1825/362/102 1676/338/102 1677/338/102 1827/361/102
f 1720/296/104 1681/296/104 1687/296/104 1726/296/104
f 1717/377/110 1684/316/110 1690/316/110 1723/316/110
f 1742/356/100 1658/293/100 1680/293/100 1748/378/100
f 1762/376/99 1643/296/99 1672/296/99 1774/376/99
f 1906/379/100 1654/364/100 1674/364/100 1941/380/100
f 1824/315/100 1664/331/100 1688/331/100 1828/317/100
f 1885/372/99 1634/360/99 1668/360/99 1935/371/99
f 1823/341/100 1662/342/100 1686/342/100 1827/361/100
f 1644/316/102 1656/316/102 1690/316/102 1684/316/102
f 1709/316/100 1666/316/100 1689/316/100 1721/377/100
f 1787/337/100 1663/338/100 1677/338/100 1791/337/100
f 1911/381/100 1657/329/100 1679/329/100 1946/382/100
f 1712/296/100 1660/296/100 1685/296/100 1724/296/100
f 1693/316/99 1644/316/99 1684/316/99 1717/377/99
f 1890/374/99 1636/293/99 1670/293/99 1940/374/99
f 1653/316/99 1691/316/99 1715/316/99 1683/316/99
f 1691/316/99 1692/352/99 1716/352/99 1715/316/99
f 1692/352/99 1693/316/99 1717/377/99 1716/352/99
f 1665/296/100 1714/296/100 1726/296/100 1687/296/100
f 1714/296/100 1713/296/100 1725/296/100 1726/296/100
f 1713/296/100 1712/296/100 1724/296/100 1725/296/100
f 1656/316/100 1711/316/100 1723/316/100 1690/316/100
f 1711/316/100 1710/316/100 1722/316/100 1723/316/100
f 1710/316/100 1709/316/100 1721/377/100 1722/316/100
f 1683/316/110 1715/316/110 1721/377/110 1689/316/110
f 1715/316/110 1716/352/110 1722/316/110 1721/377/110
f 1716/352/110 1717/377/110 1723/316/110 1722/316/110
f 1672/296/104 1718/296/104 1724/296/104 1685/296/104
f 1718/296/104 1719/296/104 1725/296/104 1724/296/104
f 1719/296/104 1720/296/104 1726/296/104 1725/296/104
f 1810/295/100 1660/296/100 1712/296/100 1814/295/100
f 1814/295/100 1712/296/100 1713/296/100 1815/295/100
f 1815/295/100 1713/296/100 1714/296/100 1816/295/100
f 1822/315/100 1661/331/100 1706/331/100 1829/315/100
f 1829/315/100 1706/331/100 1707/331/100 1830/315/100
f 1830/315/100 1707/331/100 1708/331/100 1831/315/100
f 1781/353/99 1638/331/99 1699/331/99 1796/353/99
f 1796/353/99 1699/331/99 1698/354/99 1797/353/99
f 1797/353/99 1698/354/99 1697/354/99 1798/353/99
f 1839/296/104 1637/296/104 1703/296/104 1847/296/104
f 1847/296/104 1703/296/104 1704/296/104 1848/296/104
f 1848/296/104 1704/296/104 1705/296/104 1849/296/104
f 2103/316/104 2104/352/104 2105/316/104 2106/316/104
f 1643/296/99 1700/296/99 1718/296/99 1672/296/99
f 1700/296/99 1701/296/99 1719/296/99 1718/296/99
f 1701/296/99 1702/296/99 1720/296/99 1719/296/99
f 1817/315/99 1639/316/99 1694/316/99 1832/315/99
f 1832/315/99 1694/316/99 1695/316/99 1833/315/99
f 1833/315/99 1695/316/99 1696/316/99 1834/315/99
f 1662/342/100 1744/367/100 1750/370/100 1686/342/100
f 1744/367/100 1743/383/100 1749/383/100 1750/370/100
f 1743/383/100 1742/356/100 1748/378/100 1749/383/100
f 1670/293/106 1745/292/106 1748/378/106 1680/293/106
f 1745/292/106 1746/383/106 1749/383/106 1748/378/106
f 1746/383/106 1747/368/106 1750/370/106 1749/383/106
f 1636/293/99 1736/378/99 1745/292/99 1670/293/99
f 1736/378/99 1737/383/99 1746/383/99 1745/292/99
f 1737/383/99 1738/367/99 1747/368/99 1746/383/99
f 1644/316/101 1730/384/101 1739/384/101 1656/316/101
f 1730/384/101 1731/385/101 1740/385/101 1739/384/101
f 1731/385/101 1732/366/101 1741/366/101 1740/385/101
f 1930/343/100 1955/386/100 1744/367/100 1662/342/100
f 1955/386/100 1960/387/100 1743/383/100 1744/367/100
f 1960/387/100 1965/291/100 1742/356/100 1743/383/100
f 2111/391/101 2112/392/101 2113/392/101 2114/393/101
f 2123/401/102 2124/402/102 2125/402/102 2126/401/102
f 1901/343/99 1640/342/99 1735/368/99 1966/406/99
f 1966/406/99 1735/368/99 1734/407/99 1971/387/99
f 1971/387/99 1734/407/99 1733/292/99 1976/291/99
f 1634/360/99 1760/359/99 1772/359/99 1668/360/99
f 1760/359/99 1761/408/99 1773/408/99 1772/359/99
f 1761/408/99 1762/376/99 1774/376/99 1773/408/99
f 1668/360/101 1772/359/101 1778/359/101 1673/360/101
f 1772/359/101 1773/408/101 1779/408/101 1778/359/101
f 1773/408/101 1774/376/101 1780/376/101 1779/408/101
f 1671/334/107 1769/333/107 1775/358/107 1678/334/107
f 1769/333/107 1770/409/107 1776/410/107 1775/358/107
f 1770/409/107 1771/365/107 1777/373/107 1776/410/107
f 1654/364/100 1765/363/100 1777/373/100 1674/364/100
f 1765/363/100 1764/411/100 1776/410/100 1777/373/100
f 1764/411/100 1763/358/100 1775/358/100 1776/410/100
f 1647/334/99 1754/333/99 1769/333/99 1671/334/99
f 1754/333/99 1755/412/99 1770/409/99 1769/333/99
f 1755/412/99 1756/363/99 1771/365/99 1770/409/99
f 1660/296/100 1768/376/100 1780/376/100 1685/296/100
f 1768/376/100 1767/408/100 1779/408/100 1780/376/100
f 1767/408/100 1766/359/100 1778/359/100 1779/408/100
f 1906/379/100 1985/413/100 1765/363/100 1654/364/100
f 1985/413/100 1990/414/100 1764/411/100 1765/363/100
f 1990/414/100 1995/357/100 1763/358/100 1764/411/100
f 1871/380/99 1631/364/99 1753/365/99 1996/415/99
f 1996/415/99 1753/365/99 1752/412/99 2001/416/99
f 2001/416/99 1752/412/99 1751/333/99 2006/332/99
f 2139/422/102 2140/423/102 2141/424/102 2142/425/102
f 2147/428/101 2148/429/101 2149/430/101 2150/428/101
f 1805/295/99 1797/353/99 1798/353/99 1806/295/99
f 1804/295/99 1796/353/99 1797/353/99 1805/295/99
f 1807/295/99 1781/353/99 1796/353/99 1804/295/99
f 1707/331/100 1794/353/100 1795/353/100 1708/331/100
f 1706/331/100 1793/353/100 1794/353/100 1707/331/100
f 1661/331/100 1786/353/100 1793/353/100 1706/331/100
f 1801/351/100 1787/337/100 1791/337/100 1803/351/100
f 1676/338/102 1789/337/102 1791/337/102 1677/338/102
f 1812/297/105 1790/330/105 1792/369/105 1813/297/105
f 1708/331/100 1795/353/100 1788/353/100 1664/331/100
f 2030/434/100 2015/336/100 1787/337/100 1801/351/100
f 1806/295/99 1798/353/99 1784/330/99 1808/295/99
f 1646/338/99 1783/337/99 1789/337/99 1676/338/99
f 2155/435/102 2156/436/102 2157/437/102 2158/438/102
f 2021/439/99 1799/351/99 1782/337/99 2016/336/99
f 1809/295/99 1785/330/99 1790/330/99 1812/297/99
f 1664/331/100 1788/353/100 1792/369/100 1688/331/100
f 1651/296/99 1809/295/99 1812/297/99 1681/296/99
f 1891/335/99 1642/334/99 1799/351/99 2021/439/99
f 1705/296/99 1806/295/99 1808/295/99 1648/296/99
f 1920/335/100 2030/434/100 1801/351/100 1659/334/100
f 1681/296/105 1812/297/105 1813/297/105 1687/296/105
f 1659/334/100 1801/351/100 1803/351/100 1678/334/100
f 1637/296/99 1807/295/99 1804/295/99 1703/296/99
f 1703/296/99 1804/295/99 1805/295/99 1704/296/99
f 1704/296/99 1805/295/99 1806/295/99 1705/296/99
f 1794/353/100 1815/295/100 1816/295/100 1795/353/100
f 1793/353/100 1814/295/100 1815/295/100 1794/353/100
f 1786/353/100 1810/295/100 1814/295/100 1793/353/100
f 1789/337/102 1802/351/102 1803/351/102 1791/337/102
f 1795/353/100 1816/295/100 1811/295/100 1788/353/100
f 1783/337/99 1800/351/99 1802/351/99 1789/337/99
f 2167/448/101 2168/449/101 2169/449/101 2170/450/101
f 1788/353/100 1811/295/100 1813/297/100 1792/369/100
f 1698/354/99 1833/315/99 1834/315/99 1697/354/99
f 1699/331/99 1832/315/99 1833/315/99 1698/354/99
f 1638/331/99 1817/315/99 1832/315/99 1699/331/99
f 1710/316/100 1830/315/100 1831/315/100 1709/316/100
f 1711/316/100 1829/315/100 1830/315/100 1710/316/100
f 1656/316/100 1822/315/100 1829/315/100 1711/316/100
f 1663/338/100 1823/341/100 1827/361/100 1677/338/100
f 1666/316/100 1824/315/100 1828/317/100 1689/316/100
f 1675/342/102 1825/362/102 1827/361/102 1686/342/102
f 1682/331/109 1826/318/109 1828/317/109 1688/331/109
f 1645/342/99 1819/361/99 1825/362/99 1675/342/99
f 1925/339/100 2035/340/100 1823/341/100 1663/338/100
f 1709/316/100 1831/315/100 1824/315/100 1666/316/100
f 2171/451/101 2172/452/101 2173/453/101 2174/454/101
f 1896/339/99 1641/338/99 1818/341/99 2036/340/99
f 1652/331/99 1821/317/99 1826/318/99 1682/331/99
f 1697/354/99 1834/315/99 1820/315/99 1649/331/99
f 1640/342/102 1818/341/102 1870/361/102 1841/342/102
f 1649/331/101 1820/315/101 1869/315/101 1845/331/101
f 1782/337/102 1799/351/102 1868/351/102 1866/337/102
f 1648/296/101 1808/295/101 1867/295/101 1844/296/101
f 1641/338/102 1782/337/102 1866/337/102 1842/338/102
f 1808/295/101 1784/330/101 1865/330/101 1867/295/101
f 1752/412/102 1753/365/102 1864/365/102 1863/412/102
f 1751/333/102 1752/412/102 1863/412/102 1862/358/102
f 1642/334/102 1751/333/102 1862/358/102 1843/457/102
f 1758/408/101 1759/376/101 1861/376/101 1860/408/101
f 1757/359/101 1758/408/101 1860/408/101 1859/359/101
f 1629/360/101 1757/359/101 1859/359/101 1838/360/101
f 1728/385/101 1729/366/101 1858/366/101 1857/385/101
f 1727/384/101 1728/385/101 1857/385/101 1856/384/101
f 1639/316/101 1727/384/101 1856/384/101 1840/316/101
f 1734/407/102 1735/368/102 1855/368/102 1854/407/102
f 1733/292/102 1734/407/102 1854/407/102 1853/292/102
f 1632/293/102 1733/292/102 1853/292/102 1836/293/102
f 1695/316/103 1851/316/103 1852/316/103 1696/316/103
f 1694/316/103 1850/316/103 1851/316/103 1695/316/103
f 1639/316/103 1840/316/103 1850/316/103 1694/316/103
f 2183/296/103 2184/296/103 2185/296/103 2186/296/103
f 1696/316/103 1852/316/103 1846/316/103 1650/316/103
f 1820/315/101 1650/316/101 1846/316/101 1869/315/101
f 1784/330/101 1649/331/101 1845/331/101 1865/330/101
f 1799/351/102 1642/334/102 1843/457/102 1868/351/102
f 1818/341/102 1641/338/102 1842/338/102 1870/361/102
f 1735/368/102 1640/342/102 1841/342/102 1855/368/102
f 1759/376/101 1637/296/101 1839/296/101 1861/376/101
f 1875/371/104 1629/360/104 1838/360/104 2041/372/104
f 1880/294/103 1632/293/103 1836/293/103 2046/374/103
f 1729/366/101 1630/329/101 1837/329/101 1858/366/101
f 1753/365/102 1631/364/102 1835/364/102 1864/365/102
f 1630/329/103 1876/381/103 2050/459/103 1837/329/103
f 1876/381/103 1877/460/103 2049/461/103 2050/459/103
f 1877/460/103 1878/462/103 2048/462/103 2049/461/103
f 1878/462/103 1879/463/103 2047/463/103 2048/462/103
f 1879/463/103 1880/294/103 2046/374/103 2047/463/103
f 1631/364/104 1871/380/104 2045/380/104 1835/364/104
f 1871/380/104 1872/464/104 2044/464/104 2045/380/104
f 1872/464/104 1873/465/104 2043/465/104 2044/464/104
f 1873/465/104 1874/466/104 2042/467/104 2043/465/104
f 1874/466/104 1875/371/104 2041/372/104 2042/467/104
f 1638/331/99 1900/468/99 2040/469/99 1817/315/99
f 1900/468/99 1899/470/99 2039/471/99 2040/469/99
f 1899/470/99 1898/472/99 2038/473/99 2039/471/99
f 1898/472/99 1897/474/99 2037/475/99 2038/473/99
f 1897/474/99 1896/339/99 2036/340/99 2037/475/99
f 1661/331/100 1822/315/100 2031/476/100 1921/477/100
f 1921/477/100 2031/476/100 2032/478/100 1922/479/100
f 1922/479/100 2032/478/100 2033/473/100 1923/480/100
f 1923/480/100 2033/473/100 2034/481/100 1924/482/100
f 1924/482/100 2034/481/100 2035/340/100 1925/339/100
f 1660/296/100 1810/295/100 2026/483/100 1916/484/100
f 1916/484/100 2026/483/100 2027/485/100 1917/486/100
f 1917/486/100 2027/485/100 2028/487/100 1918/488/100
f 1918/488/100 2028/487/100 2029/489/100 1919/490/100
f 1919/490/100 2029/489/100 2030/434/100 1920/335/100
f 1637/296/99 1895/491/99 2025/492/99 1807/295/99
f 1895/491/99 1894/493/99 2024/494/99 2025/492/99
f 1894/493/99 1893/495/99 2023/487/99 2024/494/99
f 1893/495/99 1892/496/99 2022/497/99 2023/487/99
f 1892/496/99 1891/335/99 2021/439/99 2022/497/99
f 1807/295/99 2025/492/99 2020/498/99 1781/353/99
f 2025/492/99 2024/494/99 2019/499/99 2020/498/99
f 2024/494/99 2023/487/99 2018/500/99 2019/499/99
f 2023/487/99 2022/497/99 2017/501/99 2018/500/99
f 2022/497/99 2021/439/99 2016/336/99 2017/501/99
f 1810/295/100 1786/353/100 2011/502/100 2026/483/100
f 2026/483/100 2011/502/100 2012/503/100 2027/485/100
f 2027/485/100 2012/503/100 2013/504/100 2028/487/100
f 2028/487/100 2013/504/100 2014/505/100 2029/489/100
f 2029/489/100 2014/505/100 2015/336/100 2030/434/100
f 1758/408/99 2005/506/99 2010/507/99 1759/376/99
f 2005/506/99 2004/508/99 2009/509/99 2010/507/99
f 2004/508/99 2003/510/99 2008/511/99 2009/509/99
f 2003/510/99 2002/512/99 2007/513/99 2008/511/99
f 2002/512/99 2001/416/99 2006/332/99 2007/513/99
f 1757/359/99 2000/514/99 2005/506/99 1758/408/99
f 2000/514/99 1999/515/99 2004/508/99 2005/506/99
f 1999/515/99 1998/516/99 2003/510/99 2004/508/99
f 1998/516/99 1997/517/99 2002/512/99 2003/510/99
f 1997/517/99 1996/415/99 2001/416/99 2002/512/99
f 1629/360/99 1875/371/99 2000/514/99 1757/359/99
f 1875/371/99 1874/466/99 1999/515/99 2000/514/99
f 1874/466/99 1873/465/99 1998/516/99 1999/515/99
f 1873/465/99 1872/464/99 1997/517/99 1998/516/99
f 1872/464/99 1871/380/99 1996/415/99 1997/517/99
f 1767/408/100 1768/376/100 1991/518/100 1986/519/100
f 1986/519/100 1991/518/100 1992/520/100 1987/521/100
f 1987/521/100 1992/520/100 1993/511/100 1988/522/100
f 1988/522/100 1993/511/100 1994/523/100 1989/524/100
f 1989/524/100 1994/523/100 1995/357/100 1990/414/100
f 1766/359/100 1767/408/100 1986/519/100 1981/525/100
f 1981/525/100 1986/519/100 1987/521/100 1982/526/100
f 1982/526/100 1987/521/100 1988/522/100 1983/527/100
f 1983/527/100 1988/522/100 1989/524/100 1984/528/100
f 1984/528/100 1989/524/100 1990/414/100 1985/413/100
f 1655/360/100 1766/359/100 1981/525/100 1910/372/100
f 1910/372/100 1981/525/100 1982/526/100 1909/467/100
f 1909/467/100 1982/526/100 1983/527/100 1908/465/100
f 1908/465/100 1983/527/100 1984/528/100 1907/464/100
f 1907/464/100 1984/528/100 1985/413/100 1906/379/100
f 1728/385/99 1975/529/99 1980/530/99 1729/366/99
f 1975/529/99 1974/531/99 1979/532/99 1980/530/99
f 1974/531/99 1973/533/99 1978/534/99 1979/532/99
f 1973/533/99 1972/535/99 1977/536/99 1978/534/99
f 1972/535/99 1971/387/99 1976/291/99 1977/536/99
f 1727/384/99 1970/537/99 1975/529/99 1728/385/99
f 1970/537/99 1969/538/99 1974/531/99 1975/529/99
f 1969/538/99 1968/539/99 1973/533/99 1974/531/99
f 1968/539/99 1967/540/99 1972/535/99 1973/533/99
f 1967/540/99 1966/406/99 1971/387/99 1972/535/99
f 1639/316/99 1905/541/99 1970/537/99 1727/384/99
f 1905/541/99 1904/542/99 1969/538/99 1970/537/99
f 1904/542/99 1903/543/99 1968/539/99 1969/538/99
f 1903/543/99 1902/544/99 1967/540/99 1968/539/99
f 1902/544/99 1901/343/99 1966/406/99 1967/540/99
f 1740/385/100 1741/366/100 1961/545/100 1956/546/100
f 1956/546/100 1961/545/100 1962/547/100 1957/548/100
f 1957/548/100 1962/547/100 1963/549/100 1958/533/100
f 1958/533/100 1963/549/100 1964/550/100 1959/551/100
f 1959/551/100 1964/550/100 1965/291/100 1960/387/100
f 1739/384/100 1740/385/100 1956/546/100 1951/552/100
f 1951/552/100 1956/546/100 1957/548/100 1952/553/100
f 1952/553/100 1957/548/100 1958/533/100 1953/539/100
f 1953/539/100 1958/533/100 1959/551/100 1954/554/100
f 1954/554/100 1959/551/100 1960/387/100 1955/386/100
f 1656/316/100 1739/384/100 1951/552/100 1926/555/100
f 1926/555/100 1951/552/100 1952/553/100 1927/556/100
f 1927/556/100 1952/553/100 1953/539/100 1928/543/100
f 1928/543/100 1953/539/100 1954/554/100 1929/557/100
f 1929/557/100 1954/554/100 1955/386/100 1930/343/100
f 1635/329/99 1886/381/99 1936/381/99 1669/329/99
f 1886/381/99 1887/460/99 1937/558/99 1936/381/99
f 1887/460/99 1888/462/99 1938/462/99 1937/558/99
f 1888/462/99 1889/463/99 1939/463/99 1938/462/99
f 1889/463/99 1890/374/99 1940/374/99 1939/463/99
f 1658/293/100 1915/355/100 1950/375/100 1680/293/100
f 1915/355/100 1914/463/100 1949/559/100 1950/375/100
f 1914/463/100 1913/560/100 1948/462/100 1949/559/100
f 1913/560/100 1912/561/100 1947/561/100 1948/462/100
f 1912/561/100 1911/381/100 1946/382/100 1947/561/100
f 1633/364/99 1881/562/99 1931/562/99 1667/364/99
f 1881/562/99 1882/563/99 1932/563/99 1931/562/99
f 1882/563/99 1883/465/99 1933/564/99 1932/563/99
f 1883/465/99 1884/467/99 1934/565/99 1933/564/99
f 1884/467/99 1885/372/99 1935/371/99 1934/565/99
f 1655/360/100 1910/372/100 1945/372/100 1673/360/100
f 1910/372/100 1909/467/100 1944/467/100 1945/372/100
f 1909/467/100 1908/465/100 1943/564/100 1944/467/100
f 1908/465/100 1907/464/100 1942/566/100 1943/564/100
f 1907/464/100 1906/379/100 1941/380/100 1942/566/100
f 1669/329/108 1936/381/108 1946/382/108 1679/329/108
f 1936/381/108 1937/558/108 1947/561/108 1946/382/108
f 1937/558/108 1938/462/108 1948/462/108 1947/561/108
f 1938/462/108 1939/463/108 1949/559/108 1948/462/108
f 1939/463/108 1940/374/108 1950/375/108 1949/559/108
f 1667/364/104 1931/562/104 1941/380/104 1674/364/104
f 1931/562/104 1932/563/104 1942/566/104 1941/380/104
f 1932/563/104 1933/564/104 1943/564/104 1942/566/104
f 1933/564/104 1934/565/104 1944/467/104 1943/564/104
f 1934/565/104 1935/371/104 1945/372/104 1944/467/104
f 1822/315/100 1656/316/100 1926/555/100 2031/476/100
f 2031/476/100 1926/555/100 1927/556/100 2032/478/100
f 2032/478/100 1927/556/100 1928/543/100 2033/473/100
f 2033/473/100 1928/543/100 1929/557/100 2034/481/100
f 2034/481/100 1929/557/100 1930/343/100 2035/340/100
f 1786/353/100 1661/331/100 1921/477/100 2011/502/100
f 2011/502/100 1921/477/100 1922/479/100 2012/503/100
f 2012/503/100 1922/479/100 1923/480/100 2013/504/100
f 2013/504/100 1923/480/100 1924/482/100 2014/505/100
f 2014/505/100 1924/482/100 1925/339/100 2015/336/100
f 1768/376/100 1660/296/100 1916/484/100 1991/518/100
f 1991/518/100 1916/484/100 1917/486/100 1992/520/100
f 1992/520/100 1917/486/100 1918/488/100 1993/511/100
f 1993/511/100 1918/488/100 1919/490/100 1994/523/100
f 1994/523/100 1919/490/100 1920/335/100 1995/357/100
f 1741/366/100 1657/329/100 1911/381/100 1961/545/100
f 1961/545/100 1911/381/100 1912/561/100 1962/547/100
f 1962/547/100 1912/561/100 1913/560/100 1963/549/100
f 1963/549/100 1913/560/100 1914/463/100 1964/550/100
f 1964/550/100 1914/463/100 1915/355/100 1965/291/100
f 1817/315/99 2040/469/99 1905/541/99 1639/316/99
f 2040/469/99 2039/471/99 1904/542/99 1905/541/99
f 2039/471/99 2038/473/99 1903/543/99 1904/542/99
f 2038/473/99 2037/475/99 1902/544/99 1903/543/99
f 2037/475/99 2036/340/99 1901/343/99 1902/544/99
f 1781/353/99 2020/498/99 1900/468/99 1638/331/99
f 2020/498/99 2019/499/99 1899/470/99 1900/468/99
f 2019/499/99 2018/500/99 1898/472/99 1899/470/99
f 2018/500/99 2017/501/99 1897/474/99 1898/472/99
f 2017/501/99 2016/336/99 1896/339/99 1897/474/99
f 1759/376/99 2010/507/99 1895/491/99 1637/296/99
f 2010/507/99 2009/509/99 1894/493/99 1895/491/99
f 2009/509/99 2008/511/99 1893/495/99 1894/493/99
f 2008/511/99 2007/513/99 1892/496/99 1893/495/99
f 2007/513/99 2006/332/99 1891/335/99 1892/496/99
f 2199/571/104 2200/572/104 2201/573/104 2202/574/104
f 2207/577/104 2208/578/104 2209/579/104 2210/580/104
f 2219/587/103 2220/588/103 2221/589/103 2222/590/103
f 2231/599/103 2232/600/103 2233/601/103 2234/602/103
f 1729/366/99 1980/530/99 1876/381/99 1630/329/99
f 1980/530/99 1979/532/99 1877/460/99 1876/381/99
f 1979/532/99 1978/534/99 1878/462/99 1877/460/99
f 1978/534/99 1977/536/99 1879/463/99 1878/462/99
f 1977/536/99 1976/291/99 1880/294/99 1879/463/99
f 1864/365/102 1835/364/102 2052/299/102 2051/298/102
f 1835/364/102 1633/364/102 2053/300/102 2052/299/102
f 1633/364/102 1756/363/102 2054/301/102 2053/300/102
f 1756/363/102 1864/365/102 2051/298/102 2054/301/102
f 1858/366/101 1837/329/101 2056/303/101 2055/302/101
f 1837/329/101 1635/329/101 2057/303/101 2056/303/101
f 1635/329/101 1732/366/101 2058/304/101 2057/303/101
f 1732/366/101 1858/366/101 2055/302/101 2058/304/101
f 2046/374/103 1836/293/103 2060/306/103 2059/305/103
f 1836/293/103 1636/293/103 2061/307/103 2060/306/103
f 1636/293/103 1890/374/103 2062/308/103 2061/307/103
f 1890/374/103 2046/374/103 2059/305/103 2062/308/103
f 2041/372/104 1838/360/104 2064/310/104 2063/309/104
f 1838/360/104 1634/360/104 2065/311/104 2064/310/104
f 1634/360/104 1885/372/104 2066/312/104 2065/311/104
f 1885/372/104 2041/372/104 2063/309/104 2066/312/104
f 1861/376/101 1839/296/101 2068/314/101 2067/313/101
f 1839/296/101 1643/296/101 2069/314/101 2068/314/101
f 1643/296/101 1762/376/101 2070/313/101 2069/314/101
f 1762/376/101 1861/376/101 2067/313/101 2070/313/101
f 1855/368/102 1841/342/102 2072/320/102 2071/319/102
f 1841/342/102 1645/342/102 2073/321/102 2072/320/102
f 1645/342/102 1738/367/102 2074/319/102 2073/321/102
f 1738/367/102 1855/368/102 2071/319/102 2074/319/102
f 1870/361/102 1842/338/102 2076/323/102 2075/322/102
f 1842/338/102 1646/338/102 2077/323/102 2076/323/102
f 1646/338/102 1819/361/102 2078/324/102 2077/323/102
f 1819/361/102 1870/361/102 2075/322/102 2078/324/102
f 1868/351/102 1843/457/102 2080/326/102 2079/325/102
f 1843/457/102 1647/334/102 2081/327/102 2080/326/102
f 1647/334/102 1800/351/102 2082/328/102 2081/327/102
f 1800/351/102 1868/351/102 2079/325/102 2082/328/102
f 1865/330/101 1845/331/101 2084/345/101 2083/344/101
f 1845/331/101 1652/331/101 2085/345/101 2084/345/101
f 1652/331/101 1785/330/101 2086/346/101 2085/345/101
f 1785/330/101 1865/330/101 2083/344/101 2086/346/101
f 1869/315/101 1846/316/101 2088/348/101 2087/347/101
f 1846/316/101 1653/316/101 2089/349/101 2088/348/101
f 1653/316/101 1821/317/101 2090/350/101 2089/349/101
f 1821/317/101 1869/315/101 2087/347/101 2090/350/101
f 1852/316/103 1691/316/103 2092/316/103 2091/316/103
f 1691/316/103 1653/316/103 2093/316/103 2092/316/103
f 1653/316/103 1846/316/103 2094/352/103 2093/316/103
f 1846/316/103 1852/316/103 2091/316/103 2094/352/103
f 1840/316/103 1644/316/103 2096/316/103 2095/316/103
f 1644/316/103 1693/316/103 2097/316/103 2096/316/103
f 1693/316/103 1850/316/103 2098/316/103 2097/316/103
f 1850/316/103 1840/316/103 2095/316/103 2098/316/103
f 1850/316/103 1693/316/103 2100/352/103 2099/316/103
f 1693/316/103 1692/352/103 2101/316/103 2100/352/103
f 1692/352/103 1851/316/103 2102/316/103 2101/316/103
f 1851/316/103 1850/316/103 2099/316/103 2102/316/103
f 1851/316/103 1692/352/103 2104/352/103 2103/316/103
f 1692/352/103 1691/316/103 2105/316/103 2104/352/103
f 1691/316/103 1852/316/103 2106/316/103 2105/316/103
f 1852/316/103 1851/316/103 2103/316/103 2106/316/103
f 1836/293/102 1853/292/102 2108/389/102 2107/388/102
f 1853/292/102 1736/378/102 2109/389/102 2108/389/102
f 1736/378/102 1636/293/102 2110/390/102 2109/389/102
f 1636/293/102 1836/293/102 2107/388/102 2110/390/102
f 1853/292/102 1854/407/102 2112/392/102 2111/391/102
f 1854/407/102 1737/383/102 2113/392/102 2112/392/102
f 1737/383/102 1736/378/102 2114/393/102 2113/392/102
f 1736/378/102 1853/292/102 2111/391/102 2114/393/102
f 1854/407/102 1855/368/102 2116/395/102 2115/394/102
f 1855/368/102 1738/367/102 2117/396/102 2116/395/102
f 1738/367/102 1737/383/102 2118/397/102 2117/396/102
f 1737/383/102 1854/407/102 2115/394/102 2118/397/102
f 1840/316/101 1856/384/101 2120/399/101 2119/398/101
f 1856/384/101 1730/384/101 2121/400/101 2120/399/101
f 1730/384/101 1644/316/101 2122/398/101 2121/400/101
f 1644/316/101 1840/316/101 2119/398/101 2122/398/101
f 1856/384/101 1857/385/101 2124/402/101 2123/401/101
f 1857/385/101 1731/385/101 2125/402/101 2124/402/101
f 1731/385/101 1730/384/101 2126/401/101 2125/402/101
f 1730/384/101 1856/384/101 2123/401/101 2126/401/101
f 1857/385/101 1858/366/101 2128/404/101 2127/403/101
f 1858/366/101 1732/366/101 2129/405/101 2128/404/101
f 1732/366/101 1731/385/101 2130/403/101 2129/405/101
f 1731/385/101 1857/385/101 2127/403/101 2130/403/101
f 1838/360/101 1859/359/101 2132/418/101 2131/417/101
f 1859/359/101 1760/359/101 2133/418/101 2132/418/101
f 1760/359/101 1634/360/101 2134/417/101 2133/418/101
f 1634/360/101 1838/360/101 2131/417/101 2134/417/101
f 1859/359/101 1860/408/101 2136/420/101 2135/419/101
f 1860/408/101 1761/408/101 2137/421/101 2136/420/101
f 1761/408/101 1760/359/101 2138/419/101 2137/421/101
f 1760/359/101 1859/359/101 2135/419/101 2138/419/101
f 1860/408/101 1861/376/101 2140/423/101 2139/422/101
f 1861/376/101 1762/376/101 2141/424/101 2140/423/101
f 1762/376/101 1761/408/101 2142/425/101 2141/424/101
f 1761/408/101 1860/408/101 2139/422/101 2142/425/101
f 1843/457/102 1862/358/102 2144/427/102 2143/426/102
f 1862/358/102 1754/333/102 2145/427/102 2144/427/102
f 1754/333/102 1647/334/102 2146/426/102 2145/427/102
f 1647/334/102 1843/457/102 2143/426/102 2146/426/102
f 1862/358/102 1863/412/102 2148/429/102 2147/428/102
f 1863/412/102 1755/412/102 2149/430/102 2148/429/102
f 1755/412/102 1754/333/102 2150/428/102 2149/430/102
f 1754/333/102 1862/358/102 2147/428/102 2150/428/102
f 1863/412/102 1864/365/102 2152/432/102 2151/431/102
f 1864/365/102 1756/363/102 2153/432/102 2152/432/102
f 1756/363/102 1755/412/102 2154/433/102 2153/432/102
f 1755/412/102 1863/412/102 2151/431/102 2154/433/102
f 1867/295/101 1865/330/101 2156/436/101 2155/435/101
f 1865/330/101 1785/330/101 2157/437/101 2156/436/101
f 1785/330/101 1809/295/101 2158/438/101 2157/437/101
f 1809/295/101 1867/295/101 2155/435/101 2158/438/101
f 1842/338/102 1866/337/102 2160/441/102 2159/440/102
f 1866/337/102 1783/337/102 2161/442/102 2160/441/102
f 1783/337/102 1646/338/102 2162/443/102 2161/442/102
f 1646/338/102 1842/338/102 2159/440/102 2162/443/102
f 1844/296/101 1867/295/101 2164/445/101 2163/444/101
f 1867/295/101 1809/295/101 2165/446/101 2164/445/101
f 1809/295/101 1651/296/101 2166/447/101 2165/446/101
f 1651/296/101 1844/296/101 2163/444/101 2166/447/101
f 1866/337/102 1868/351/102 2168/449/102 2167/448/102
f 1868/351/102 1800/351/102 2169/449/102 2168/449/102
f 1800/351/102 1783/337/102 2170/450/102 2169/449/102
f 1783/337/102 1866/337/102 2167/448/102 2170/450/102
f 1845/331/101 1869/315/101 2172/452/101 2171/451/101
f 1869/315/101 1821/317/101 2173/453/101 2172/452/101
f 1821/317/101 1652/331/101 2174/454/101 2173/453/101
f 1652/331/101 1845/331/101 2171/451/101 2174/454/101
f 1841/342/102 1870/361/102 2176/456/102 2175/455/102
f 1870/361/102 1819/361/102 2177/456/102 2176/456/102
f 1819/361/102 1645/342/102 2178/455/102 2177/456/102
f 1645/342/102 1841/342/102 2175/455/102 2178/455/102
f 1701/296/104 1848/296/104 2180/296/104 2179/296/104
f 1848/296/104 1849/296/104 2181/296/104 2180/296/104
f 1849/296/104 1702/296/104 2182/296/104 2181/296/104
f 1702/296/104 1701/296/104 2179/296/104 2182/296/104
f 1700/296/104 1847/296/104 2184/296/104 2183/296/104
f 1847/296/104 1848/296/104 2185/296/104 2184/296/104
f 1848/296/104 1701/296/104 2186/296/104 2185/296/104
f 1701/296/104 1700/296/104 2183/296/104 2186/296/104
f 1643/296/104 1839/296/104 2188/296/104 2187/296/104
f 1839/296/104 1847/296/104 2189/296/104 2188/296/104
f 1847/296/104 1700/296/104 2190/296/104 2189/296/104
f 1700/296/104 1643/296/104 2187/296/104 2190/296/104
f 1702/296/104 1849/296/104 2192/296/104 2191/296/104
f 1849/296/104 1844/296/104 2193/458/104 2192/296/104
f 1844/296/104 1651/296/104 2194/296/104 2193/458/104
f 1651/296/104 1702/296/104 2191/296/104 2194/296/104
f 1835/364/104 2045/380/104 2196/568/104 2195/567/104
f 2045/380/104 1881/562/104 2197/569/104 2196/568/104
f 1881/562/104 1633/364/104 2198/570/104 2197/569/104
f 1633/364/104 1835/364/104 2195/567/104 2198/570/104
f 2045/380/104 2044/464/104 2200/572/104 2199/571/104
f 2044/464/104 1882/563/104 2201/573/104 2200/572/104
f 1882/563/104 1881/562/104 2202/574/104 2201/573/104
f 1881/562/104 2045/380/104 2199/571/104 2202/574/104
f 2044/464/104 2043/465/104 2204/576/104 2203/575/104
f 2043/465/104 1883/465/104 2205/576/104 2204/576/104
f 1883/465/104 1882/563/104 2206/575/104 2205/576/104
f 1882/563/104 2044/464/104 2203/575/104 2206/575/104
f 2043/465/104 2042/467/104 2208/578/104 2207/577/104
f 2042/467/104 1884/467/104 2209/579/104 2208/578/104
f 1884/467/104 1883/465/104 2210/580/104 2209/579/104
f 1883/465/104 2043/465/104 2207/577/104 2210/580/104
f 2042/467/104 2041/372/104 2212/582/104 2211/581/104
f 2041/372/104 1885/372/104 2213/582/104 2212/582/104
f 1885/372/104 1884/467/104 2214/581/104 2213/582/104
f 1884/467/104 2042/467/104 2211/581/104 2214/581/104
f 1837/329/103 2050/459/103 2216/584/103 2215/583/103
f 2050/459/103 1886/381/103 2217/585/103 2216/584/103
f 1886/381/103 1635/329/103 2218/586/103 2217/585/103
f 1635/329/103 1837/329/103 2215/583/103 2218/586/103
f 2050/459/103 2049/461/103 2220/588/103 2219/587/103
f 2049/461/103 1887/460/103 2221/589/103 2220/588/103
f 1887/460/103 1886/381/103 2222/590/103 2221/589/103
f 1886/381/103 2050/459/103 2219/587/103 2222/590/103
f 2049/461/103 2048/462/103 2224/592/103 2223/591/103
f 2048/462/103 1888/462/103 2225/593/103 2224/592/103
f 1888/462/103 1887/460/103 2226/594/103 2225/593/103
f 1887/460/103 2049/461/103 2223/591/103 2226/594/103
f 2048/462/103 2047/463/103 2228/596/103 2227/595/103
f 2047/463/103 1889/463/103 2229/597/103 2228/596/103
f 1889/463/103 1888/462/103 2230/598/103 2229/597/103
f 1888/462/103 2048/462/103 2227/595/103 2230/598/103
f 2047/463/103 2046/374/103 2232/600/103 2231/599/103
f 2046/374/103 1890/374/103 2233/601/103 2232/600/103
f 1890/374/103 1889/463/103 2234/602/103 2233/601/103
f 1889/463/103 2047/463/103 2231/599/103 2234/602/103
f 2582/291/99 2339/292/99 2238/293/99 2486/294/99
f 2417/295/100 2271/296/100 2293/296/100 2419/297/100
f 2440/315/99 2302/316/99 2256/316/99 2426/315/99
f 2427/317/99 2259/316/99 2289/316/99 2432/318/99
f 2677/319/101 2678/320/101 2679/321/101 2680/319/101
f 2681/322/102 2682/323/102 2683/323/102 2684/324/102
f 2308/296/99 2257/296/99 2287/296/99 2326/296/99
f 2263/329/101 2241/329/101 2275/329/101 2285/329/101
f 2391/330/99 2258/331/99 2288/331/99 2396/330/99
f 2612/332/99 2357/333/99 2248/334/99 2497/335/99
f 2622/336/99 2388/337/99 2247/338/99 2502/339/99
f 2642/340/99 2424/341/99 2246/342/99 2507/343/99
f 2406/351/99 2253/334/99 2277/334/99 2408/351/99
f 2455/296/104 2311/296/104 2254/296/104 2450/296/104
f 2404/353/99 2303/354/99 2255/331/99 2390/330/99
f 2571/291/100 2521/355/100 2264/293/100 2348/356/100
f 2437/315/100 2314/331/100 2270/331/100 2430/315/100
f 2601/357/100 2526/335/100 2265/334/100 2369/358/100
f 2621/336/100 2531/339/100 2269/338/100 2393/337/100
f 2641/340/100 2536/343/100 2268/342/100 2429/341/100
f 2422/295/100 2320/296/100 2271/296/100 2417/295/100
f 2372/359/100 2261/360/100 2279/360/100 2384/359/100
f 2425/361/99 2252/338/99 2282/338/99 2431/362/99
f 2362/363/99 2239/364/99 2273/364/99 2377/365/99
f 2338/366/101 2241/329/101 2263/329/101 2347/366/101
f 2369/358/100 2265/334/100 2284/334/100 2381/358/100
f 2344/367/99 2251/342/99 2281/342/99 2353/368/99
f 2396/330/105 2288/331/105 2294/331/105 2398/369/105
f 2353/368/106 2281/342/106 2292/342/106 2356/370/106
f 2541/371/104 2274/360/104 2279/360/104 2551/372/104
f 2377/365/107 2273/364/107 2280/364/107 2383/373/107
f 2408/351/102 2277/334/102 2284/334/102 2409/351/102
f 2546/374/108 2276/293/108 2286/293/108 2556/375/108
f 2380/376/101 2278/296/101 2291/296/101 2386/376/101
f 2432/318/109 2289/316/109 2295/316/109 2434/317/109
f 2431/362/102 2282/338/102 2283/338/102 2433/361/102
f 2326/296/104 2287/296/104 2293/296/104 2332/296/104
f 2323/377/110 2290/316/110 2296/316/110 2329/316/110
f 2348/356/100 2264/293/100 2286/293/100 2354/378/100
f 2368/376/99 2249/296/99 2278/296/99 2380/376/99
f 2512/379/100 2260/364/100 2280/364/100 2547/380/100
f 2430/315/100 2270/331/100 2294/331/100 2434/317/100
f 2491/372/99 2240/360/99 2274/360/99 2541/371/99
f 2429/341/100 2268/342/100 2292/342/100 2433/361/100
f 2250/316/102 2262/316/102 2296/316/102 2290/316/102
f 2315/316/100 2272/316/100 2295/316/100 2327/377/100
f 2393/337/100 2269/338/100 2283/338/100 2397/337/100
f 2517/381/100 2263/329/100 2285/329/100 2552/382/100
f 2318/296/100 2266/296/100 2291/296/100 2330/296/100
f 2299/316/99 2250/316/99 2290/316/99 2323/377/99
f 2496/374/99 2242/293/99 2276/293/99 2546/374/99
f 2259/316/99 2297/316/99 2321/316/99 2289/316/99
f 2297/316/99 2298/352/99 2322/352/99 2321/316/99
f 2298/352/99 2299/316/99 2323/377/99 2322/352/99
f 2271/296/100 2320/296/100 2332/296/100 2293/296/100
f 2320/296/100 2319/296/100 2331/296/100 2332/296/100
f 2319/296/100 2318/296/100 2330/296/100 2331/296/100
f 2262/316/100 2317/316/100 2329/316/100 2296/316/100
f 2317/316/100 2316/316/100 2328/316/100 2329/316/100
f 2316/316/100 2315/316/100 2327/377/100 2328/316/100
f 2289/316/110 2321/316/110 2327/377/110 2295/316/110
f 2321/316/110 2322/352/110 2328/316/110 2327/377/110
f 2322/352/110 2323/377/110 2329/316/110 2328/316/110
f 2278/296/104 2324/296/104 2330/296/104 2291/296/104
f 2324/296/104 2325/296/104 2331/296/104 2330/296/104
f 2325/296/104 2326/296/104 2332/296/104 2331/296/104
f 2416/295/100 2266/296/100 2318/296/100 2420/295/100
f 2420/295/100 2318/296/100 2319/296/100 2421/295/100
f 2421/295/100 2319/296/100 2320/296/100 2422/295/100
f 2428/315/100 2267/331/100 2312/331/100 2435/315/100
f 2435/315/100 2312/331/100 2313/331/100 2436/315/100
f 2436/315/100 2313/331/100 2314/331/100 2437/315/100
f 2387/353/99 2244/331/99 2305/331/99 2402/353/99
f 2402/353/99 2305/331/99 2304/354/99 2403/353/99
f 2403/353/99 2304/354/99 2303/354/99 2404/353/99
f 2445/296/104 2243/296/104 2309/296/104 2453/296/104
f 2453/296/104 2309/296/104 2310/296/104 2454/296/104
f 2454/296/104 2310/296/104 2311/296/104 2455/296/104
f 2709/316/104 2710/352/104 2711/316/104 2712/316/104
f 2249/296/99 2306/296/99 2324/296/99 2278/296/99
f 2306/296/99 2307/296/99 2325/296/99 2324/296/99
f 2307/296/99 2308/296/99 2326/296/99 2325/296/99
f 2423/315/99 2245/316/99 2300/316/99 2438/315/99
f 2438/315/99 2300/316/99 2301/316/99 2439/315/99
f 2439/315/99 2301/316/99 2302/316/99 2440/315/99
f 2268/342/100 2350/367/100 2356/370/100 2292/342/100
f 2350/367/100 2349/383/100 2355/383/100 2356/370/100
f 2349/383/100 2348/356/100 2354/378/100 2355/383/100
f 2276/293/106 2351/292/106 2354/378/106 2286/293/106
f 2351/292/106 2352/383/106 2355/383/106 2354/378/106
f 2352/383/106 2353/368/106 2356/370/106 2355/383/106
f 2242/293/99 2342/378/99 2351/292/99 2276/293/99
f 2342/378/99 2343/383/99 2352/383/99 2351/292/99
f 2343/383/99 2344/367/99 2353/368/99 2352/383/99
f 2250/316/101 2336/384/101 2345/384/101 2262/316/101
f 2336/384/101 2337/385/101 2346/385/101 2345/384/101
f 2337/385/101 2338/366/101 2347/366/101 2346/385/101
f 2536/343/100 2561/386/100 2350/367/100 2268/342/100
f 2561/386/100 2566/387/100 2349/383/100 2350/367/100
f 2566/387/100 2571/291/100 2348/356/100 2349/383/100
f 2717/391/101 2718/392/101 2719/392/101 2720/393/101
f 2729/401/102 2730/402/102 2731/402/102 2732/401/102
f 2507/343/99 2246/342/99 2341/368/99 2572/406/99
f 2572/406/99 2341/368/99 2340/407/99 2577/387/99
f 2577/387/99 2340/407/99 2339/292/99 2582/291/99
f 2240/360/99 2366/359/99 2378/359/99 2274/360/99
f 2366/359/99 2367/408/99 2379/408/99 2378/359/99
f 2367/408/99 2368/376/99 2380/376/99 2379/408/99
f 2274/360/101 2378/359/101 2384/359/101 2279/360/101
f 2378/359/101 2379/408/101 2385/408/101 2384/359/101
f 2379/408/101 2380/376/101 2386/376/101 2385/408/101
f 2277/334/107 2375/333/107 2381/358/107 2284/334/107
f 2375/333/107 2376/409/107 2382/410/107 2381/358/107
f 2376/409/107 2377/365/107 2383/373/107 2382/410/107
f 2260/364/100 2371/363/100 2383/373/100 2280/364/100
f 2371/363/100 2370/411/100 2382/410/100 2383/373/100
f 2370/411/100 2369/358/100 2381/358/100 2382/410/100
f 2253/334/99 2360/333/99 2375/333/99 2277/334/99
f 2360/333/99 2361/412/99 2376/409/99 2375/333/99
f 2361/412/99 2362/363/99 2377/365/99 2376/409/99
f 2266/296/100 2374/376/100 2386/376/100 2291/296/100
f 2374/376/100 2373/408/100 2385/408/100 2386/376/100
f 2373/408/100 2372/359/100 2384/359/100 2385/408/100
f 2512/379/100 2591/413/100 2371/363/100 2260/364/100
f 2591/413/100 2596/414/100 2370/411/100 2371/363/100
f 2596/414/100 2601/357/100 2369/358/100 2370/411/100
f 2477/380/99 2237/364/99 2359/365/99 2602/415/99
f 2602/415/99 2359/365/99 2358/412/99 2607/416/99
f 2607/416/99 2358/412/99 2357/333/99 2612/332/99
f 2745/422/102 2746/423/102 2747/424/102 2748/425/102
f 2753/428/101 2754/429/101 2755/430/101 2756/428/101
f 2411/295/99 2403/353/99 2404/353/99 2412/295/99
f 2410/295/99 2402/353/99 2403/353/99 2411/295/99
f 2413/295/99 2387/353/99 2402/353/99 2410/295/99
f 2313/331/100 2400/353/100 2401/353/100 2314/331/100
f 2312/331/100 2399/353/100 2400/353/100 2313/331/100
f 2267/331/100 2392/353/100 2399/353/100 2312/331/100
f 2407/351/100 2393/337/100 2397/337/100 2409/351/100
f 2282/338/102 2395/337/102 2397/337/102 2283/338/102
f 2418/297/105 2396/330/105 2398/369/105 2419/297/105
f 2314/331/100 2401/353/100 2394/353/100 2270/331/100
f 2636/434/100 2621/336/100 2393/337/100 2407/351/100
f 2412/295/99 2404/353/99 2390/330/99 2414/295/99
f 2252/338/99 2389/337/99 2395/337/99 2282/338/99
f 2761/435/102 2762/436/102 2763/437/102 2764/438/102
f 2627/439/99 2405/351/99 2388/337/99 2622/336/99
f 2415/295/99 2391/330/99 2396/330/99 2418/297/99
f 2270/331/100 2394/353/100 2398/369/100 2294/331/100
f 2257/296/99 2415/295/99 2418/297/99 2287/296/99
f 2497/335/99 2248/334/99 2405/351/99 2627/439/99
f 2311/296/99 2412/295/99 2414/295/99 2254/296/99
f 2526/335/100 2636/434/100 2407/351/100 2265/334/100
f 2287/296/105 2418/297/105 2419/297/105 2293/296/105
f 2265/334/100 2407/351/100 2409/351/100 2284/334/100
f 2243/296/99 2413/295/99 2410/295/99 2309/296/99
f 2309/296/99 2410/295/99 2411/295/99 2310/296/99
f 2310/296/99 2411/295/99 2412/295/99 2311/296/99
f 2400/353/100 2421/295/100 2422/295/100 2401/353/100
f 2399/353/100 2420/295/100 2421/295/100 2400/353/100
f 2392/353/100 2416/295/100 2420/295/100 2399/353/100
f 2395/337/102 2408/351/102 2409/351/102 2397/337/102
f 2401/353/100 2422/295/100 2417/295/100 2394/353/100
f 2389/337/99 2406/351/99 2408/351/99 2395/337/99
f 2773/448/101 2774/449/101 2775/449/101 2776/450/101
f 2394/353/100 2417/295/100 2419/297/100 2398/369/100
f 2304/354/99 2439/315/99 2440/315/99 2303/354/99
f 2305/331/99 2438/315/99 2439/315/99 2304/354/99
f 2244/331/99 2423/315/99 2438/315/99 2305/331/99
f 2316/316/100 2436/315/100 2437/315/100 2315/316/100
f 2317/316/100 2435/315/100 2436/315/100 2316/316/100
f 2262/316/100 2428/315/100 2435/315/100 2317/316/100
f 2269/338/100 2429/341/100 2433/361/100 2283/338/100
f 2272/316/100 2430/315/100 2434/317/100 2295/316/100
f 2281/342/102 2431/362/102 2433/361/102 2292/342/102
f 2288/331/109 2432/318/109 2434/317/109 2294/331/109
f 2251/342/99 2425/361/99 2431/362/99 2281/342/99
f 2531/339/100 2641/340/100 2429/341/100 2269/338/100
f 2315/316/100 2437/315/100 2430/315/100 2272/316/100
f 2777/451/101 2778/452/101 2779/453/101 2780/454/101
f 2502/339/99 2247/338/99 2424/341/99 2642/340/99
f 2258/331/99 2427/317/99 2432/318/99 2288/331/99
f 2303/354/99 2440/315/99 2426/315/99 2255/331/99
f 2246/342/102 2424/341/102 2476/361/102 2447/342/102
f 2255/331/101 2426/315/101 2475/315/101 2451/331/101
f 2388/337/102 2405/351/102 2474/351/102 2472/337/102
f 2254/296/101 2414/295/101 2473/295/101 2450/296/101
f 2247/338/102 2388/337/102 2472/337/102 2448/338/102
f 2414/295/101 2390/330/101 2471/330/101 2473/295/101
f 2358/412/102 2359/365/102 2470/365/102 2469/412/102
f 2357/333/102 2358/412/102 2469/412/102 2468/358/102
f 2248/334/102 2357/333/102 2468/358/102 2449/457/102
f 2364/408/101 2365/376/101 2467/376/101 2466/408/101
f 2363/359/101 2364/408/101 2466/408/101 2465/359/101
f 2235/360/101 2363/359/101 2465/359/101 2444/360/101
f 2334/385/101 2335/366/101 2464/366/101 2463/385/101
f 2333/384/101 2334/385/101 2463/385/101 2462/384/101
f 2245/316/101 2333/384/101 2462/384/101 2446/316/101
f 2340/407/102 2341/368/102 2461/368/102 2460/407/102
f 2339/292/102 2340/407/102 2460/407/102 2459/292/102
f 2238/293/102 2339/292/102 2459/292/102 2442/293/102
f 2301/316/103 2457/316/103 2458/316/103 2302/316/103
f 2300/316/103 2456/316/103 2457/316/103 2301/316/103
f 2245/316/103 2446/316/103 2456/316/103 2300/316/103
f 2789/296/103 2790/296/103 2791/296/103 2792/296/103
f 2302/316/103 2458/316/103 2452/316/103 2256/316/103
f 2426/315/101 2256/316/101 2452/316/101 2475/315/101
f 2390/330/101 2255/331/101 2451/331/101 2471/330/101
f 2405/351/102 2248/334/102 2449/457/102 2474/351/102
f 2424/341/102 2247/338/102 2448/338/102 2476/361/102
f 2341/368/102 2246/342/102 2447/342/102 2461/368/102
f 2365/376/101 2243/296/101 2445/296/101 2467/376/101
f 2481/371/104 2235/360/104 2444/360/104 2647/372/104
f 2486/294/103 2238/293/103 2442/293/103 2652/374/103
f 2335/366/101 2236/329/101 2443/329/101 2464/366/101
f 2359/365/102 2237/364/102 2441/364/102 2470/365/102
f 2236/329/103 2482/381/103 2656/459/103 2443/329/103
f 2482/381/103 2483/460/103 2655/461/103 2656/459/103
f 2483/460/103 2484/462/103 2654/462/103 2655/461/103
f 2484/462/103 2485/463/103 2653/463/103 2654/462/103
f 2485/463/103 2486/294/103 2652/374/103 2653/463/103
f 2237/364/104 2477/380/104 2651/380/104 2441/364/104
f 2477/380/104 2478/464/104 2650/464/104 2651/380/104
f 2478/464/104 2479/465/104 2649/465/104 2650/464/104
f 2479/465/104 2480/466/104 2648/467/104 2649/465/104
f 2480/466/104 2481/371/104 2647/372/104 2648/467/104
f 2244/331/99 2506/468/99 2646/469/99 2423/315/99
f 2506/468/99 2505/470/99 2645/471/99 2646/469/99
f 2505/470/99 2504/472/99 2644/473/99 2645/471/99
f 2504/472/99 2503/474/99 2643/475/99 2644/473/99
f 2503/474/99 2502/339/99 2642/340/99 2643/475/99
f 2267/331/100 2428/315/100 2637/476/100 2527/477/100
f 2527/477/100 2637/476/100 2638/478/100 2528/479/100
f 2528/479/100 2638/478/100 2639/473/100 2529/480/100
f 2529/480/100 2639/473/100 2640/481/100 2530/482/100
f 2530/482/100 2640/481/100 2641/340/100 2531/339/100
f 2266/296/100 2416/295/100 2632/483/100 2522/484/100
f 2522/484/100 2632/483/100 2633/485/100 2523/486/100
f 2523/486/100 2633/485/100 2634/487/100 2524/488/100
f 2524/488/100 2634/487/100 2635/489/100 2525/490/100
f 2525/490/100 2635/489/100 2636/434/100 2526/335/100
f 2243/296/99 2501/491/99 2631/492/99 2413/295/99
f 2501/491/99 2500/493/99 2630/494/99 2631/492/99
f 2500/493/99 2499/495/99 2629/487/99 2630/494/99
f 2499/495/99 2498/496/99 2628/497/99 2629/487/99
f 2498/496/99 2497/335/99 2627/439/99 2628/497/99
f 2413/295/99 2631/492/99 2626/498/99 2387/353/99
f 2631/492/99 2630/494/99 2625/499/99 2626/498/99
f 2630/494/99 2629/487/99 2624/500/99 2625/499/99
f 2629/487/99 2628/497/99 2623/501/99 2624/500/99
f 2628/497/99 2627/439/99 2622/336/99 2623/501/99
f 2416/295/100 2392/353/100 2617/502/100 2632/483/100
f 2632/483/100 2617/502/100 2618/503/100 2633/485/100
f 2633/485/100 2618/503/100 2619/504/100 2634/487/100
f 2634/487/100 2619/504/100 2620/505/100 2635/489/100
f 2635/489/100 2620/505/100 2621/336/100 2636/434/100
f 2364/408/99 2611/506/99 2616/507/99 2365/376/99
f 2611/506/99 2610/508/99 2615/509/99 2616/507/99
f 2610/508/99 2609/510/99 2614/511/99 2615/509/99
f 2609/510/99 2608/512/99 2613/513/99 2614/511/99
f 2608/512/99 2607/416/99 2612/332/99 2613/513/99
f 2363/359/99 2606/514/99 2611/506/99 2364/408/99
f 2606/514/99 2605/515/99 2610/508/99 2611/506/99
f 2605/515/99 2604/516/99 2609/510/99 2610/508/99
f 2604/516/99 2603/517/99 2608/512/99 2609/510/99
f 2603/517/99 2602/415/99 2607/416/99 2608/512/99
f 2235/360/99 2481/371/99 2606/514/99 2363/359/99
f 2481/371/99 2480/466/99 2605/515/99 2606/514/99
f 2480/466/99 2479/465/99 2604/516/99 2605/515/99
f 2479/465/99 2478/464/99 2603/517/99 2604/516/99
f 2478/464/99 2477/380/99 2602/415/99 2603/517/99
f 2373/408/100 2374/376/100 2597/518/100 2592/519/100
f 2592/519/100 2597/518/100 2598/520/100 2593/521/100
f 2593/521/100 2598/520/100 2599/511/100 2594/522/100
f 2594/522/100 2599/511/100 2600/523/100 2595/524/100
f 2595/524/100 2600/523/100 2601/357/100 2596/414/100
f 2372/359/100 2373/408/100 2592/519/100 2587/525/100
f 2587/525/100 2592/519/100 2593/521/100 2588/526/100
f 2588/526/100 2593/521/100 2594/522/100 2589/527/100
f 2589/527/100 2594/522/100 2595/524/100 2590/528/100
f 2590/528/100 2595/524/100 2596/414/100 2591/413/100
f 2261/360/100 2372/359/100 2587/525/100 2516/372/100
f 2516/372/100 2587/525/100 2588/526/100 2515/467/100
f 2515/467/100 2588/526/100 2589/527/100 2514/465/100
f 2514/465/100 2589/527/100 2590/528/100 2513/464/100
f 2513/464/100 2590/528/100 2591/413/100 2512/379/100
f 2334/385/99 2581/529/99 2586/530/99 2335/366/99
f 2581/529/99 2580/531/99 2585/532/99 2586/530/99
f 2580/531/99 2579/533/99 2584/534/99 2585/532/99
f 2579/533/99 2578/535/99 2583/536/99 2584/534/99
f 2578/535/99 2577/387/99 2582/291/99 2583/536/99
f 2333/384/99 2576/537/99 2581/529/99 2334/385/99
f 2576/537/99 2575/538/99 2580/531/99 2581/529/99
f 2575/538/99 2574/539/99 2579/533/99 2580/531/99
f 2574/539/99 2573/540/99 2578/535/99 2579/533/99
f 2573/540/99 2572/406/99 2577/387/99 2578/535/99
f 2245/316/99 2511/541/99 2576/537/99 2333/384/99
f 2511/541/99 2510/542/99 2575/538/99 2576/537/99
f 2510/542/99 2509/543/99 2574/539/99 2575/538/99
f 2509/543/99 2508/544/99 2573/540/99 2574/539/99
f 2508/544/99 2507/343/99 2572/406/99 2573/540/99
f 2346/385/100 2347/366/100 2567/545/100 2562/546/100
f 2562/546/100 2567/545/100 2568/547/100 2563/548/100
f 2563/548/100 2568/547/100 2569/549/100 2564/533/100
f 2564/533/100 2569/549/100 2570/550/100 2565/551/100
f 2565/551/100 2570/550/100 2571/291/100 2566/387/100
f 2345/384/100 2346/385/100 2562/546/100 2557/552/100
f 2557/552/100 2562/546/100 2563/548/100 2558/553/100
f 2558/553/100 2563/548/100 2564/533/100 2559/539/100
f 2559/539/100 2564/533/100 2565/551/100 2560/554/100
f 2560/554/100 2565/551/100 2566/387/100 2561/386/100
f 2262/316/100 2345/384/100 2557/552/100 2532/555/100
f 2532/555/100 2557/552/100 2558/553/100 2533/556/100
f 2533/556/100 2558/553/100 2559/539/100 2534/543/100
f 2534/543/100 2559/539/100 2560/554/100 2535/557/100
f 2535/557/100 2560/554/100 2561/386/100 2536/343/100
f 2241/329/99 2492/381/99 2542/381/99 2275/329/99
f 2492/381/99 2493/460/99 2543/558/99 2542/381/99
f 2493/460/99 2494/462/99 2544/462/99 2543/558/99
f 2494/462/99 2495/463/99 2545/463/99 2544/462/99
f 2495/463/99 2496/374/99 2546/374/99 2545/463/99
f 2264/293/100 2521/355/100 2556/375/100 2286/293/100
f 2521/355/100 2520/463/100 2555/559/100 2556/375/100
f 2520/463/100 2519/560/100 2554/462/100 2555/559/100
f 2519/560/100 2518/561/100 2553/561/100 2554/462/100
f 2518/561/100 2517/381/100 2552/382/100 2553/561/100
f 2239/364/99 2487/562/99 2537/562/99 2273/364/99
f 2487/562/99 2488/563/99 2538/563/99 2537/562/99
f 2488/563/99 2489/465/99 2539/564/99 2538/563/99
f 2489/465/99 2490/467/99 2540/565/99 2539/564/99
f 2490/467/99 2491/372/99 2541/371/99 2540/565/99
f 2261/360/100 2516/372/100 2551/372/100 2279/360/100
f 2516/372/100 2515/467/100 2550/467/100 2551/372/100
f 2515/467/100 2514/465/100 2549/564/100 2550/467/100
f 2514/465/100 2513/464/100 2548/566/100 2549/564/100
f 2513/464/100 2512/379/100 2547/380/100 2548/566/100
f 2275/329/108 2542/381/108 2552/382/108 2285/329/108
f 2542/381/108 2543/558/108 2553/561/108 2552/382/108
f 2543/558/108 2544/462/108 2554/462/108 2553/561/108
f 2544/462/108 2545/463/108 2555/559/108 2554/462/108
f 2545/463/108 2546/374/108 2556/375/108 2555/559/108
f 2273/364/104 2537/562/104 2547/380/104 2280/364/104
f 2537/562/104 2538/563/104 2548/566/104 2547/380/104
f 2538/563/104 2539/564/104 2549/564/104 2548/566/104
f 2539/564/104 2540/565/104 2550/467/104 2549/564/104
f 2540/565/104 2541/371/104 2551/372/104 2550/467/104
f 2428/315/100 2262/316/100 2532/555/100 2637/476/100
f 2637/476/100 2532/555/100 2533/556/100 2638/478/100
f 2638/478/100 2533/556/100 2534/543/100 2639/473/100
f 2639/473/100 2534/543/100 2535/557/100 2640/481/100
f 2640/481/100 2535/557/100 2536/343/100 2641/340/100
f 2392/353/100 2267/331/100 2527/477/100 2617/502/100
f 2617/502/100 2527/477/100 2528/479/100 2618/503/100
f 2618/503/100 2528/479/100 2529/480/100 2619/504/100
f 2619/504/100 2529/480/100 2530/482/100 2620/505/100
f 2620/505/100 2530/482/100 2531/339/100 2621/336/100
f 2374/376/100 2266/296/100 2522/484/100 2597/518/100
f 2597/518/100 2522/484/100 2523/486/100 2598/520/100
f 2598/520/100 2523/486/100 2524/488/100 2599/511/100
f 2599/511/100 2524/488/100 2525/490/100 2600/523/100
f 2600/523/100 2525/490/100 2526/335/100 2601/357/100
f 2347/366/100 2263/329/100 2517/381/100 2567/545/100
f 2567/545/100 2517/381/100 2518/561/100 2568/547/100
f 2568/547/100 2518/561/100 2519/560/100 2569/549/100
f 2569/549/100 2519/560/100 2520/463/100 2570/550/100
f 2570/550/100 2520/463/100 2521/355/100 2571/291/100
f 2423/315/99 2646/469/99 2511/541/99 2245/316/99
f 2646/469/99 2645/471/99 2510/542/99 2511/541/99
f 2645/471/99 2644/473/99 2509/543/99 2510/542/99
f 2644/473/99 2643/475/99 2508/544/99 2509/543/99
f 2643/475/99 2642/340/99 2507/343/99 2508/544/99
f 2387/353/99 2626/498/99 2506/468/99 2244/331/99
f 2626/498/99 2625/499/99 2505/470/99 2506/468/99
f 2625/499/99 2624/500/99 2504/472/99 2505/470/99
f 2624/500/99 2623/501/99 2503/474/99 2504/472/99
f 2623/501/99 2622/336/99 2502/339/99 2503/474/99
f 2365/376/99 2616/507/99 2501/491/99 2243/296/99
f 2616/507/99 2615/509/99 2500/493/99 2501/491/99
f 2615/509/99 2614/511/99 2499/495/99 2500/493/99
f 2614/511/99 2613/513/99 2498/496/99 2499/495/99
f 2613/513/99 2612/332/99 2497/335/99 2498/496/99
f 2805/571/104 2806/572/104 2807/573/104 2808/574/104
f 2813/577/104 2814/578/104 2815/579/104 2816/580/104
f 2825/587/103 2826/588/103 2827/589/103 2828/590/103
f 2837/599/103 2838/600/103 2839/601/103 2840/602/103
f 2335/366/99 2586/530/99 2482/381/99 2236/329/99
f 2586/530/99 2585/532/99 2483/460/99 2482/381/99
f 2585/532/99 2584/534/99 2484/462/99 2483/460/99
f 2584/534/99 2583/536/99 2485/463/99 2484/462/99
f 2583/536/99 2582/291/99 2486/294/99 2485/463/99
f 2470/365/102 2441/364/102 2658/299/102 2657/298/102
f 2441/364/102 2239/364/102 2659/300/102 2658/299/102
f 2239/364/102 2362/363/102 2660/301/102 2659/300/102
f 2362/363/102 2470/365/102 2657/298/102 2660/301/102
f 2464/366/101 2443/329/101 2662/303/101 2661/302/101
f 2443/329/101 2241/329/101 2663/303/101 2662/303/101
f 2241/329/101 2338/366/101 2664/304/101 2663/303/101
f 2338/366/101 2464/366/101 2661/302/101 2664/304/101
f 2652/374/103 2442/293/103 2666/306/103 2665/305/103
f 2442/293/103 2242/293/103 2667/307/103 2666/306/103
f 2242/293/103 2496/374/103 2668/308/103 2667/307/103
f 2496/374/103 2652/374/103 2665/305/103 2668/308/103
f 2647/372/104 2444/360/104 2670/310/104 2669/309/104
f 2444/360/104 2240/360/104 2671/311/104 2670/310/104
f 2240/360/104 2491/372/104 2672/312/104 2671/311/104
f 2491/372/104 2647/372/104 2669/309/104 2672/312/104
f 2467/376/101 2445/296/101 2674/314/101 2673/313/101
f 2445/296/101 2249/296/101 2675/314/101 2674/314/101
f 2249/296/101 2368/376/101 2676/313/101 2675/314/101
f 2368/376/101 2467/376/101 2673/313/101 2676/313/101
f 2461/368/102 2447/342/102 2678/320/102 2677/319/102
f 2447/342/102 2251/342/102 2679/321/102 2678/320/102
f 2251/342/102 2344/367/102 2680/319/102 2679/321/102
f 2344/367/102 2461/368/102 2677/319/102 2680/319/102
f 2476/361/102 2448/338/102 2682/323/102 2681/322/102
f 2448/338/102 2252/338/102 2683/323/102 2682/323/102
f 2252/338/102 2425/361/102 2684/324/102 2683/323/102
f 2425/361/102 2476/361/102 2681/322/102 2684/324/102
f 2474/351/102 2449/457/102 2686/326/102 2685/325/102
f 2449/457/102 2253/334/102 2687/327/102 2686/326/102
f 2253/334/102 2406/351/102 2688/328/102 2687/327/102
f 2406/351/102 2474/351/102 2685/325/102 2688/328/102
f 2471/330/101 2451/331/101 2690/345/101 2689/344/101
f 2451/331/101 2258/331/101 2691/345/101 2690/345/101
f 2258/331/101 2391/330/101 2692/346/101 2691/345/101
f 2391/330/101 2471/330/101 2689/344/101 2692/346/101
f 2475/315/101 2452/316/101 2694/348/101 2693/347/101
f 2452/316/101 2259/316/101 2695/349/101 2694/348/101
f 2259/316/101 2427/317/101 2696/350/101 2695/349/101
f 2427/317/101 2475/315/101 2693/347/101 2696/350/101
f 2458/316/103 2297/316/103 2698/316/103 2697/316/103
f 2297/316/103 2259/316/103 2699/316/103 2698/316/103
f 2259/316/103 2452/316/103 2700/352/103 2699/316/103
f 2452/316/103 2458/316/103 2697/316/103 2700/352/103
f 2446/316/103 2250/316/103 2702/316/103 2701/316/103
f 2250/316/103 2299/316/103 2703/316/103 2702/316/103
f 2299/316/103 2456/316/103 2704/316/103 2703/316/103
f 2456/316/103 2446/316/103 2701/316/103 2704/316/103
f 2456/316/103 2299/316/103 2706/352/103 2705/316/103
f 2299/316/103 2298/352/103 2707/316/103 2706/352/103
f 2298/352/103 2457/316/103 2708/316/103 2707/316/103
f 2457/316/103 2456/316/103 2705/316/103 2708/316/103
f 2457/316/103 2298/352/103 2710/352/103 2709/316/103
f 2298/352/103 2297/316/103 2711/316/103 2710/352/103
f 2297/316/103 2458/316/103 2712/316/103 2711/316/103
f 2458/316/103 2457/316/103 2709/316/103 2712/316/103
f 2442/293/102 2459/292/102 2714/389/102 2713/388/102
f 2459/292/102 2342/378/102 2715/389/102 2714/389/102
f 2342/378/102 2242/293/102 2716/390/102 2715/389/102
f 2242/293/102 2442/293/102 2713/388/102 2716/390/102
f 2459/292/102 2460/407/102 2718/392/102 2717/391/102
f 2460/407/102 2343/383/102 2719/392/102 2718/392/102
f 2343/383/102 2342/378/102 2720/393/102 2719/392/102
f 2342/378/102 2459/292/102 2717/391/102 2720/393/102
f 2460/407/102 2461/368/102 2722/395/102 2721/394/102
f 2461/368/102 2344/367/102 2723/396/102 2722/395/102
f 2344/367/102 2343/383/102 2724/397/102 2723/396/102
f 2343/383/102 2460/407/102 2721/394/102 2724/397/102
f 2446/316/101 2462/384/101 2726/399/101 2725/398/101
f 2462/384/101 2336/384/101 2727/400/101 2726/399/101
f 2336/384/101 2250/316/101 2728/398/101 2727/400/101
f 2250/316/101 2446/316/101 2725/398/101 2728/398/101
f 2462/384/101 2463/385/101 2730/402/101 2729/401/101
f 2463/385/101 2337/385/101 2731/402/101 2730/402/101
f 2337/385/101 2336/384/101 2732/401/101 2731/402/101
f 2336/384/101 2462/384/101 2729/401/101 2732/401/101
f 2463/385/101 2464/366/101 2734/404/101 2733/403/101
f 2464/366/101 2338/366/101 2735/405/101 2734/404/101
f 2338/366/101 2337/385/101 2736/403/101 2735/405/101
f 2337/385/101 2463/385/101 2733/403/101 2736/403/101
f 2444/360/101 2465/359/101 2738/418/101 2737/417/101
f 2465/359/101 2366/359/101 2739/418/101 2738/418/101
f 2366/359/101 2240/360/101 2740/417/101 2739/418/101
f 2240/360/101 2444/360/101 2737/417/101 2740/417/101
f 2465/359/101 2466/408/101 2742/420/101 2741/419/101
f 2466/408/101 2367/408/101 2743/421/101 2742/420/101
f 2367/408/101 2366/359/101 2744/419/101 2743/421/101
f 2366/359/101 2465/359/101 2741/419/101 2744/419/101
f 2466/408/101 2467/376/101 2746/423/101 2745/422/101
f 2467/376/101 2368/376/101 2747/424/101 2746/423/101
f 2368/376/101 2367/408/101 2748/425/101 2747/424/101
f 2367/408/101 2466/408/101 2745/422/101 2748/425/101
f 2449/457/102 2468/358/102 2750/427/102 2749/426/102
f 2468/358/102 2360/333/102 2751/427/102 2750/427/102
f 2360/333/102 2253/334/102 2752/426/102 2751/427/102
f 2253/334/102 2449/457/102 2749/426/102 2752/426/102
f 2468/358/102 2469/412/102 2754/429/102 2753/428/102
f 2469/412/102 2361/412/102 2755/430/102 2754/429/102
f 2361/412/102 2360/333/102 2756/428/102 2755/430/102
f 2360/333/102 2468/358/102 2753/428/102 2756/428/102
f 2469/412/102 2470/365/102 2758/432/102 2757/431/102
f 2470/365/102 2362/363/102 2759/432/102 2758/432/102
f 2362/363/102 2361/412/102 2760/433/102 2759/432/102
f 2361/412/102 2469/412/102 2757/431/102 2760/433/102
f 2473/295/101 2471/330/101 2762/436/101 2761/435/101
f 2471/330/101 2391/330/101 2763/437/101 2762/436/101
f 2391/330/101 2415/295/101 2764/438/101 2763/437/101
f 2415/295/101 2473/295/101 2761/435/101 2764/438/101
f 2448/338/102 2472/337/102 2766/441/102 2765/440/102
f 2472/337/102 2389/337/102 2767/442/102 2766/441/102
f 2389/337/102 2252/338/102 2768/443/102 2767/442/102
f 2252/338/102 2448/338/102 2765/440/102 2768/443/102
f 2450/296/101 2473/295/101 2770/445/101 2769/444/101
f 2473/295/101 2415/295/101 2771/446/101 2770/445/101
f 2415/295/101 2257/296/101 2772/447/101 2771/446/101
f 2257/296/101 2450/296/101 2769/444/101 2772/447/101
f 2472/337/102 2474/351/102 2774/449/102 2773/448/102
f 2474/351/102 2406/351/102 2775/449/102 2774/449/102
f 2406/351/102 2389/337/102 2776/450/102 2775/449/102
f 2389/337/102 2472/337/102 2773/448/102 2776/450/102
f 2451/331/101 2475/315/101 2778/452/101 2777/451/101
f 2475/315/101 2427/317/101 2779/453/101 2778/452/101
f 2427/317/101 2258/331/101 2780/454/101 2779/453/101
f 2258/331/101 2451/331/101 2777/451/101 2780/454/101
f 2447/342/102 2476/361/102 2782/456/102 2781/455/102
f 2476/361/102 2425/361/102 2783/456/102 2782/456/102
f 2425/361/102 2251/342/102 2784/455/102 2783/456/102
f 2251/342/102 2447/342/102 2781/455/102 2784/455/102
f 2307/296/104 2454/296/104 2786/296/104 2785/296/104
f 2454/296/104 2455/296/104 2787/296/104 2786/296/104
f 2455/296/104 2308/296/104 2788/296/104 2787/296/104
f 2308/296/104 2307/296/104 2785/296/104 2788/296/104
f 2306/296/104 2453/296/104 2790/296/104 2789/296/104
f 2453/296/104 2454/296/104 2791/296/104 2790/296/104
f 2454/296/104 2307/296/104 2792/296/104 2791/296/104
f 2307/296/104 2306/296/104 2789/296/104 2792/296/104
f 2249/296/104 2445/296/104 2794/296/104 2793/296/104
f 2445/296/104 2453/296/104 2795/296/104 2794/296/104
f 2453/296/104 2306/296/104 2796/296/104 2795/296/104
f 2306/296/104 2249/296/104 2793/296/104 2796/296/104
f 2308/296/104 2455/296/104 2798/296/104 2797/296/104
f 2455/296/104 2450/296/104 2799/458/104 2798/296/104
f 2450/296/104 2257/296/104 2800/296/104 2799/458/104
f 2257/296/104 2308/296/104 2797/296/104 2800/296/104
f 2441/364/104 2651/380/104 2802/568/104 2801/567/104
f 2651/380/104 2487/562/104 2803/569/104 2802/568/104
f 2487/562/104 2239/364/104 2804/570/104 2803/569/104
f 2239/364/104 2441/364/104 2801/567/104 2804/570/104
f 2651/380/104 2650/464/104 2806/572/104 2805/571/104
f 2650/464/104 2488/563/104 2807/573/104 2806/572/104
f 2488/563/104 2487/562/104 2808/574/104 2807/573/104
f 2487/562/104 2651/380/104 2805/571/104 2808/574/104
f 2650/464/104 2649/465/104 2810/576/104 2809/575/104
f 2649/465/104 2489/465/104 2811/576/104 2810/576/104
f 2489/465/104 2488/563/104 2812/575/104 2811/576/104
f 2488/563/104 2650/464/104 2809/575/104 2812/575/104
f 2649/465/104 2648/467/104 2814/578/104 2813/577/104
f 2648/467/104 2490/467/104 2815/579/104 2814/578/104
f 2490/467/104 2489/465/104 2816/580/104 2815/579/104
f 2489/465/104 2649/465/104 2813/577/104 2816/580/104
f 2648/467/104 2647/372/104 2818/582/104 2817/581/104
f 2647/372/104 2491/372/104 2819/582/104 2818/582/104
f 2491/372/104 2490/467/104 2820/581/104 2819/582/104
f 2490/467/104 2648/467/104 2817/581/104 2820/581/104
f 2443/329/103 2656/459/103 2822/584/103 2821/583/103
f 2656/459/103 2492/381/103 2823/585/103 2822/584/103
f 2492/381/103 2241/329/103 2824/586/103 2823/585/103
f 2241/329/103 2443/329/103 2821/583/103 2824/586/103
f 2656/459/103 2655/461/103 2826/588/103 2825/587/103
f 2655/461/103 2493/460/103 2827/589/103 2826/588/103
f 2493/460/103 2492/381/103 2828/590/103 2827/589/103
f 2492/381/103 2656/459/103 2825/587/103 2828/590/103
f 2655/461/103 2654/462/103 2830/592/103 2829/591/103
f 2654/462/103 2494/462/103 2831/593/103 2830/592/103
f 2494/462/103 2493/460/103 2832/594/103 2831/593/103
f 2493/460/103 2655/461/103 2829/591/103 2832/594/103
f 2654/462/103 2653/463/103 2834/596/103 2833/595/103
f 2653/463/103 2495/463/103 2835/597/103 2834/596/103
f 2495/463/103 2494/462/103 2836/598/103 2835/597/103
f 2494/462/103 2654/462/103 2833/595/103 2836/598/103
f 2653/463/103 2652/374/103 2838/600/103 2837/599/103
f 2652/374/103 2496/374/103 2839/601/103 2838/600/103
f 2496/374/103 2495/463/103 2840/602/103 2839/601/103
f 2495/463/103 2653/463/103 2837/599/103 2840/602/103
f 3188/291/99 2945/292/99 2844/293/99 3092/294/99
f 3023/295/100 2877/296/100 2899/296/100 3025/297/100
f 3046/315/99 2908/316/99 2862/316/99 3032/315/99
f 3033/317/99 2865/316/99 2895/316/99 3038/318/99
f 3283/319/101 3284/320/101 3285/321/101 3286/319/101
f 3287/322/102 3288/323/102 3289/323/102 3290/324/102
f 2914/296/99 2863/296/99 2893/296/99 2932/296/99
f 2869/329/101 2847/329/101 2881/329/101 2891/329/101
f 2997/330/99 2864/331/99 2894/331/99 3002/330/99
f 3218/332/99 2963/333/99 2854/334/99 3103/335/99
f 3228/336/99 2994/337/99 2853/338/99 3108/339/99
f 3248/340/99 3030/341/99 2852/342/99 3113/343/99
f 3012/351/99 2859/334/99 2883/334/99 3014/351/99
f 3061/296/104 2917/296/104 2860/296/104 3056/296/104
f 3010/353/99 2909/354/99 2861/331/99 2996/330/99
f 3177/291/100 3127/355/100 2870/293/100 2954/356/100
f 3043/315/100 2920/331/100 2876/331/100 3036/315/100
f 3207/357/100 3132/335/100 2871/334/100 2975/358/100
f 3227/336/100 3137/339/100 2875/338/100 2999/337/100
f 3247/340/100 3142/343/100 2874/342/100 3035/341/100
f 3028/295/100 2926/296/100 2877/296/100 3023/295/100
f 2978/359/100 2867/360/100 2885/360/100 2990/359/100
f 3031/361/99 2858/338/99 2888/338/99 3037/362/99
f 2968/363/99 2845/364/99 2879/364/99 2983/365/99
f 2944/366/101 2847/329/101 2869/329/101 2953/366/101
f 2975/358/100 2871/334/100 2890/334/100 2987/358/100
f 2950/367/99 2857/342/99 2887/342/99 2959/368/99
f 3002/330/105 2894/331/105 2900/331/105 3004/369/105
f 2959/368/106 2887/342/106 2898/342/106 2962/370/106
f 3147/371/104 2880/360/104 2885/360/104 3157/372/104
f 2983/365/107 2879/364/107 2886/364/107 2989/373/107
f 3014/351/102 2883/334/102 2890/334/102 3015/351/102
f 3152/374/108 2882/293/108 2892/293/108 3162/375/108
f 2986/376/101 2884/296/101 2897/296/101 2992/376/101
f 3038/318/109 2895/316/109 2901/316/109 3040/317/109
f 3037/362/102 2888/338/102 2889/338/102 3039/361/102
f 2932/296/104 2893/296/104 2899/296/104 2938/296/104
f 2929/377/110 2896/316/110 2902/316/110 2935/316/110
f 2954/356/100 2870/293/100 2892/293/100 2960/378/100
f 2974/376/99 2855/296/99 2884/296/99 2986/376/99
f 3118/379/100 2866/364/100 2886/364/100 3153/380/100
f 3036/315/100 2876/331/100 2900/331/100 3040/317/100
f 3097/372/99 2846/360/99 2880/360/99 3147/371/99
f 3035/341/100 2874/342/100 2898/342/100 3039/361/100
f 2856/316/102 2868/316/102 2902/316/102 2896/316/102
f 2921/316/100 2878/316/100 2901/316/100 2933/377/100
f 2999/337/100 2875/338/100 2889/338/100 3003/337/100
f 3123/381/100 2869/329/100 2891/329/100 3158/382/100
f 2924/296/100 2872/296/100 2897/296/100 2936/296/100
f 2905/316/99 2856/316/99 2896/316/99 2929/377/99
f 3102/374/99 2848/293/99 2882/293/99 3152/374/99
f 2865/316/99 2903/316/99 2927/316/99 2895/316/99
f 2903/316/99 2904/352/99 2928/352/99 2927/316/99
f 2904/352/99 2905/316/99 2929/377/99 2928/352/99
f 2877/296/100 2926/296/100 2938/296/100 2899/296/100
f 2926/296/100 2925/296/100 2937/296/100 2938/296/100
f 2925/296/100 2924/296/100 2936/296/100 2937/296/100
f 2868/316/100 2923/316/100 2935/316/100 2902/316/100
f 2923/316/100 2922/316/100 2934/316/100 2935/316/100
f 2922/316/100 2921/316/100 2933/377/100 2934/316/100
f 2895/316/110 2927/316/110 2933/377/110 2901/316/110
f 2927/316/110 2928/352/110 2934/316/110 2933/377/110
f 2928/352/110 2929/377/110 2935/316/110 2934/316/110
f 2884/296/104 2930/296/104 2936/296/104 2897/296/104
f 2930/296/104 2931/296/104 2937/296/104 2936/296/104
f 2931/296/104 2932/296/104 2938/296/104 2937/296/104
f 3022/295/100 2872/296/100 2924/296/100 3026/295/100
f 3026/295/100 2924/296/100 2925/296/100 3027/295/100
f 3027/295/100 2925/296/100 2926/296/100 3028/295/100
f 3034/315/100 2873/331/100 2918/331/100 3041/315/100
f 3041/315/100 2918/331/100 2919/331/100 3042/315/100
f 3042/315/100 2919/331/100 2920/331/100 3043/315/100
f 2993/353/99 2850/331/99 2911/331/99 3008/353/99
f 3008/353/99 2911/331/99 2910/354/99 3009/353/99
f 3009/353/99 2910/354/99 2909/354/99 3010/353/99
f 3051/296/104 2849/296/104 2915/296/104 3059/296/104
f 3059/296/104 2915/296/104 2916/296/104 3060/296/104
f 3060/296/104 2916/296/104 2917/296/104 3061/296/104
f 3315/316/104 3316/352/104 3317/316/104 3318/316/104
f 2855/296/99 2912/296/99 2930/296/99 2884/296/99
f 2912/296/99 2913/296/99 2931/296/99 2930/296/99
f 2913/296/99 2914/296/99 2932/296/99 2931/296/99
f 3029/315/99 2851/316/99 2906/316/99 3044/315/99
f 3044/315/99 2906/316/99 2907/316/99 3045/315/99
f 3045/315/99 2907/316/99 2908/316/99 3046/315/99
f 2874/342/100 2956/367/100 2962/370/100 2898/342/100
f 2956/367/100 2955/383/100 2961/383/100 2962/370/100
f 2955/383/100 2954/356/100 2960/378/100 2961/383/100
f 2882/293/106 2957/292/106 2960/378/106 2892/293/106
f 2957/292/106 2958/383/106 2961/383/106 2960/378/106
f 2958/383/106 2959/368/106 2962/370/106 2961/383/106
f 2848/293/99 2948/378/99 2957/292/99 2882/293/99
f 2948/378/99 2949/383/99 2958/383/99 2957/292/99
f 2949/383/99 2950/367/99 2959/368/99 2958/383/99
f 2856/316/101 2942/384/101 2951/384/101 2868/316/101
f 2942/384/101 2943/385/101 2952/385/101 2951/384/101
f 2943/385/101 2944/366/101 2953/366/101 2952/385/101
f 3142/343/100 3167/386/100 2956/367/100 2874/342/100
f 3167/386/100 3172/387/100 2955/383/100 2956/367/100
f 3172/387/100 3177/291/100 2954/356/100 2955/383/100
f 3323/391/101 3324/392/101 3325/392/101 3326/393/101
f 3335/401/102 3336/402/102 3337/402/102 3338/401/102
f 3113/343/99 2852/342/99 2947/368/99 3178/406/99
f 3178/406/99 2947/368/99 2946/407/99 3183/387/99
f 3183/387/99 2946/407/99 2945/292/99 3188/291/99
f 2846/360/99 2972/359/99 2984/359/99 2880/360/99
f 2972/359/99 2973/408/99 2985/408/99 2984/359/99
f 2973/408/99 2974/376/99 2986/376/99 2985/408/99
f 2880/360/101 2984/359/101 2990/359/101 2885/360/101
f 2984/359/101 2985/408/101 2991/408/101 2990/359/101
f 2985/408/101 2986/376/101 2992/376/101 2991/408/101
f 2883/334/107 2981/333/107 2987/358/107 2890/334/107
f 2981/333/107 2982/409/107 2988/410/107 2987/358/107
f 2982/409/107 2983/365/107 2989/373/107 2988/410/107
f 2866/364/100 2977/363/100 2989/373/100 2886/364/100
f 2977/363/100 2976/411/100 2988/410/100 2989/373/100
f 2976/411/100 2975/358/100 2987/358/100 2988/410/100
f 2859/334/99 2966/333/99 2981/333/99 2883/334/99
f 2966/333/99 2967/412/99 2982/409/99 2981/333/99
f 2967/412/99 2968/363/99 2983/365/99 2982/409/99
f 2872/296/100 2980/376/100 2992/376/100 2897/296/100
f 2980/376/100 2979/408/100 2991/408/100 2992/376/100
f 2979/408/100 2978/359/100 2990/359/100 2991/408/100
f 3118/379/100 3197/413/100 2977/363/100 2866/364/100
f 3197/413/100 3202/414/100 2976/411/100 2977/363/100
f 3202/414/100 3207/357/100 2975/358/100 2976/411/100
f 3083/380/99 2843/364/99 2965/365/99 3208/415/99
f 3208/415/99 2965/365/99 2964/412/99 3213/416/99
f 3213/416/99 2964/412/99 2963/333/99 3218/332/99
f 3351/422/102 3352/423/102 3353/424/102 3354/425/102
f 3359/428/101 3360/429/101 3361/430/101 3362/428/101
f 3017/295/99 3009/353/99 3010/353/99 3018/295/99
f 3016/295/99 3008/353/99 3009/353/99 3017/295/99
f 3019/295/99 2993/353/99 3008/353/99 3016/295/99
f 2919/331/100 3006/353/100 3007/353/100 2920/331/100
f 2918/331/100 3005/353/100 3006/353/100 2919/331/100
f 2873/331/100 2998/353/100 3005/353/100 2918/331/100
f 3013/351/100 2999/337/100 3003/337/100 3015/351/100
f 2888/338/102 3001/337/102 3003/337/102 2889/338/102
f 3024/297/105 3002/330/105 3004/369/105 3025/297/105
f 2920/331/100 3007/353/100 3000/353/100 2876/331/100
f 3242/434/100 3227/336/100 2999/337/100 3013/351/100
f 3018/295/99 3010/353/99 2996/330/99 3020/295/99
f 2858/338/99 2995/337/99 3001/337/99 2888/338/99
f 3367/435/102 3368/436/102 3369/437/102 3370/438/102
f 3233/439/99 3011/351/99 2994/337/99 3228/336/99
f 3021/295/99 2997/330/99 3002/330/99 3024/297/99
f 2876/331/100 3000/353/100 3004/369/100 2900/331/100
f 2863/296/99 3021/295/99 3024/297/99 2893/296/99
f 3103/335/99 2854/334/99 3011/351/99 3233/439/99
f 2917/296/99 3018/295/99 3020/295/99 2860/296/99
f 3132/335/100 3242/434/100 3013/351/100 2871/334/100
f 2893/296/105 3024/297/105 3025/297/105 2899/296/105
f 2871/334/100 3013/351/100 3015/351/100 2890/334/100
f 2849/296/99 3019/295/99 3016/295/99 2915/296/99
f 2915/296/99 3016/295/99 3017/295/99 2916/296/99
f 2916/296/99 3017/295/99 3018/295/99 2917/296/99
f 3006/353/100 3027/295/100 3028/295/100 3007/353/100
f 3005/353/100 3026/295/100 3027/295/100 3006/353/100
f 2998/353/100 3022/295/100 3026/295/100 3005/353/100
f 3001/337/102 3014/351/102 3015/351/102 3003/337/102
f 3007/353/100 3028/295/100 3023/295/100 3000/353/100
f 2995/337/99 3012/351/99 3014/351/99 3001/337/99
f 3379/448/101 3380/449/101 3381/449/101 3382/450/101
f 3000/353/100 3023/295/100 3025/297/100 3004/369/100
f 2910/354/99 3045/315/99 3046/315/99 2909/354/99
f 2911/331/99 3044/315/99 3045/315/99 2910/354/99
f 2850/331/99 3029/315/99 3044/315/99 2911/331/99
f 2922/316/100 3042/315/100 3043/315/100 2921/316/100
f 2923/316/100 3041/315/100 3042/315/100 2922/316/100
f 2868/316/100 3034/315/100 3041/315/100 2923/316/100
f 2875/338/100 3035/341/100 3039/361/100 2889/338/100
f 2878/316/100 3036/315/100 3040/317/100 2901/316/100
f 2887/342/102 3037/362/102 3039/361/102 2898/342/102
f 2894/331/109 3038/318/109 3040/317/109 2900/331/109
f 2857/342/99 3031/361/99 3037/362/99 2887/342/99
f 3137/339/100 3247/340/100 3035/341/100 2875/338/100
f 2921/316/100 3043/315/100 3036/315/100 2878/316/100
f 3383/451/101 3384/452/101 3385/453/101 3386/454/101
f 3108/339/99 2853/338/99 3030/341/99 3248/340/99
f 2864/331/99 3033/317/99 3038/318/99 2894/331/99
f 2909/354/99 3046/315/99 3032/315/99 2861/331/99
f 2852/342/102 3030/341/102 3082/361/102 3053/342/102
f 2861/331/101 3032/315/101 3081/315/101 3057/331/101
f 2994/337/102 3011/351/102 3080/351/102 3078/337/102
f 2860/296/101 3020/295/101 3079/295/101 3056/296/101
f 2853/338/102 2994/337/102 3078/337/102 3054/338/102
f 3020/295/101 2996/330/101 3077/330/101 3079/295/101
f 2964/412/102 2965/365/102 3076/365/102 3075/412/102
f 2963/333/102 2964/412/102 3075/412/102 3074/358/102
f 2854/334/102 2963/333/102 3074/358/102 3055/457/102
f 2970/408/101 2971/376/101 3073/376/101 3072/408/101
f 2969/359/101 2970/408/101 3072/408/101 3071/359/101
f 2841/360/101 2969/359/101 3071/359/101 3050/360/101
f 2940/385/101 2941/366/101 3070/366/101 3069/385/101
f 2939/384/101 2940/385/101 3069/385/101 3068/384/101
f 2851/316/101 2939/384/101 3068/384/101 3052/316/101
f 2946/407/102 2947/368/102 3067/368/102 3066/407/102
f 2945/292/102 2946/407/102 3066/407/102 3065/292/102
f 2844/293/102 2945/292/102 3065/292/102 3048/293/102
f 2907/316/103 3063/316/103 3064/316/103 2908/316/103
f 2906/316/103 3062/316/103 3063/316/103 2907/316/103
f 2851/316/103 3052/316/103 3062/316/103 2906/316/103
f 3395/296/103 3396/296/103 3397/296/103 3398/296/103
f 2908/316/103 3064/316/103 3058/316/103 2862/316/103
f 3032/315/101 2862/316/101 3058/316/101 3081/315/101
f 2996/330/101 2861/331/101 3057/331/101 3077/330/101
f 3011/351/102 2854/334/102 3055/457/102 3080/351/102
f 3030/341/102 2853/338/102 3054/338/102 3082/361/102
f 2947/368/102 2852/342/102 3053/342/102 3067/368/102
f 2971/376/101 2849/296/101 3051/296/101 3073/376/101
f 3087/371/104 2841/360/104 3050/360/104 3253/372/104
f 3092/294/103 2844/293/103 3048/293/103 3258/374/103
f 2941/366/101 2842/329/101 3049/329/101 3070/366/101
f 2965/365/102 2843/364/102 3047/364/102 3076/365/102
f 2842/329/103 3088/381/103 3262/459/103 3049/329/103
f 3088/381/103 3089/460/103 3261/461/103 3262/459/103
f 3089/460/103 3090/462/103 3260/462/103 3261/461/103
f 3090/462/103 3091/463/103 3259/463/103 3260/462/103
f 3091/463/103 3092/294/103 3258/374/103 3259/463/103
f 2843/364/104 3083/380/104 3257/380/104 3047/364/104
f 3083/380/104 3084/464/104 3256/464/104 3257/380/104
f 3084/464/104 3085/465/104 3255/465/104 3256/464/104
f 3085/465/104 3086/466/104 3254/467/104 3255/465/104
f 3086/466/104 3087/371/104 3253/372/104 3254/467/104
f 2850/331/99 3112/468/99 3252/469/99 3029/315/99
f 3112/468/99 3111/470/99 3251/471/99 3252/469/99
f 3111/470/99 3110/472/99 3250/473/99 3251/471/99
f 3110/472/99 3109/474/99 3249/475/99 3250/473/99
f 3109/474/99 3108/339/99 3248/340/99 3249/475/99
f 2873/331/100 3034/315/100 3243/476/100 3133/477/100
f 3133/477/100 3243/476/100 3244/478/100 3134/479/100
f 3134/479/100 3244/478/100 3245/473/100 3135/480/100
f 3135/480/100 3245/473/100 3246/481/100 3136/482/100
f 3136/482/100 3246/481/100 3247/340/100 3137/339/100
f 2872/296/100 3022/295/100 3238/483/100 3128/484/100
f 3128/484/100 3238/483/100 3239/485/100 3129/486/100
f 3129/486/100 3239/485/100 3240/487/100 3130/488/100
f 3130/488/100 3240/487/100 3241/489/100 3131/490/100
f 3131/490/100 3241/489/100 3242/434/100 3132/335/100
f 2849/296/99 3107/491/99 3237/492/99 3019/295/99
f 3107/491/99 3106/493/99 3236/494/99 3237/492/99
f 3106/493/99 3105/495/99 3235/487/99 3236/494/99
f 3105/495/99 3104/496/99 3234/497/99 3235/487/99
f 3104/496/99 3103/335/99 3233/439/99 3234/497/99
f 3019/295/99 3237/492/99 3232/498/99 2993/353/99
f 3237/492/99 3236/494/99 3231/499/99 3232/498/99
f 3236/494/99 3235/487/99 3230/500/99 3231/499/99
f 3235/487/99 3234/497/99 3229/501/99 3230/500/99
f 3234/497/99 3233/439/99 3228/336/99 3229/501/99
f 3022/295/100 2998/353/100 3223/502/100 3238/483/100
f 3238/483/100 3223/502/100 3224/503/100 3239/485/100
f 3239/485/100 3224/503/100 3225/504/100 3240/487/100
f 3240/487/100 3225/504/100 3226/505/100 3241/489/100
f 3241/489/100 3226/505/100 3227/336/100 3242/434/100
f 2970/408/99 3217/506/99 3222/507/99 2971/376/99
f 3217/506/99 3216/508/99 3221/509/99 3222/507/99
f 3216/508/99 3215/510/99 3220/511/99 3221/509/99
f 3215/510/99 3214/512/99 3219/513/99 3220/511/99
f 3214/512/99 3213/416/99 3218/332/99 3219/513/99
f 2969/359/99 3212/514/99 3217/506/99 2970/408/99
f 3212/514/99 3211/515/99 3216/508/99 3217/506/99
f 3211/515/99 3210/516/99 3215/510/99 3216/508/99
f 3210/516/99 3209/517/99 3214/512/99 3215/510/99
f 3209/517/99 3208/415/99 3213/416/99 3214/512/99
f 2841/360/99 3087/371/99 3212/514/99 2969/359/99
f 3087/371/99 3086/466/99 3211/515/99 3212/514/99
f 3086/466/99 3085/465/99 3210/516/99 3211/515/99
f 3085/465/99 3084/464/99 3209/517/99 3210/516/99
f 3084/464/99 3083/380/99 3208/415/99 3209/517/99
f 2979/408/100 2980/376/100 3203/518/100 3198/519/100
f 3198/519/100 3203/518/100 3204/520/100 3199/521/100
f 3199/521/100 3204/520/100 3205/511/100 3200/522/100
f 3200/522/100 3205/511/100 3206/523/100 3201/524/100
f 3201/524/100 3206/523/100 3207/357/100 3202/414/100
f 2978/359/100 2979/408/100 3198/519/100 3193/525/100
f 3193/525/100 3198/519/100 3199/521/100 3194/526/100
f 3194/526/100 3199/521/100 3200/522/100 3195/527/100
f 3195/527/100 3200/522/100 3201/524/100 3196/528/100
f 3196/528/100 3201/524/100 3202/414/100 3197/413/100
f 2867/360/100 2978/359/100 3193/525/100 3122/372/100
f 3122/372/100 3193/525/100 3194/526/100 3121/467/100
f 3121/467/100 3194/526/100 3195/527/100 3120/465/100
f 3120/465/100 3195/527/100 3196/528/100 3119/464/100
f 3119/464/100 3196/528/100 3197/413/100 3118/379/100
f 2940/385/99 3187/529/99 3192/530/99 2941/366/99
f 3187/529/99 3186/531/99 3191/532/99 3192/530/99
f 3186/531/99 3185/533/99 3190/534/99 3191/532/99
f 3185/533/99 3184/535/99 3189/536/99 3190/534/99
f 3184/535/99 3183/387/99 3188/291/99 3189/536/99
f 2939/384/99 3182/537/99 3187/529/99 2940/385/99
f 3182/537/99 3181/538/99 3186/531/99 3187/529/99
f 3181/538/99 3180/539/99 3185/533/99 3186/531/99
f 3180/539/99 3179/540/99 3184/535/99 3185/533/99
f 3179/540/99 3178/406/99 3183/387/99 3184/535/99
f 2851/316/99 3117/541/99 3182/537/99 2939/384/99
f 3117/541/99 3116/542/99 3181/538/99 3182/537/99
f 3116/542/99 3115/543/99 3180/539/99 3181/538/99
f 3115/543/99 3114/544/99 3179/540/99 3180/539/99
f 3114/544/99 3113/343/99 3178/406/99 3179/540/99
f 2952/385/100 2953/366/100 3173/545/100 3168/546/100
f 3168/546/100 3173/545/100 3174/547/100 3169/548/100
f 3169/548/100 3174/547/100 3175/549/100 3170/533/100
f 3170/533/100 3175/549/100 3176/550/100 3171/551/100
f 3171/551/100 3176/550/100 3177/291/100 3172/387/100
f 2951/384/100 2952/385/100 3168/546/100 3163/552/100
f 3163/552/100 3168/546/100 3169/548/100 3164/553/100
f 3164/553/100 3169/548/100 3170/533/100 3165/539/100
f 3165/539/100 3170/533/100 3171/551/100 3166/554/100
f 3166/554/100 3171/551/100 3172/387/100 3167/386/100
f 2868/316/100 2951/384/100 3163/552/100 3138/555/100
f 3138/555/100 3163/552/100 3164/553/100 3139/556/100
f 3139/556/100 3164/553/100 3165/539/100 3140/543/100
f 3140/543/100 3165/539/100 3166/554/100 3141/557/100
f 3141/557/100 3166/554/100 3167/386/100 3142/343/100
f 2847/329/99 3098/381/99 3148/381/99 2881/329/99
f 3098/381/99 3099/460/99 3149/558/99 3148/381/99
f 3099/460/99 3100/462/99 3150/462/99 3149/558/99
f 3100/462/99 3101/463/99 3151/463/99 3150/462/99
f 3101/463/99 3102/374/99 3152/374/99 3151/463/99
f 2870/293/100 3127/355/100 3162/375/100 2892/293/100
f 3127/355/100 3126/463/100 3161/559/100 3162/375/100
f 3126/463/100 3125/560/100 3160/462/100 3161/559/100
f 3125/560/100 3124/561/100 3159/561/100 3160/462/100
f 3124/561/100 3123/381/100 3158/382/100 3159/561/100
f 2845/364/99 3093/562/99 3143/562/99 2879/364/99
f 3093/562/99 3094/563/99 3144/563/99 3143/562/99
f 3094/563/99 3095/465/99 3145/564/99 3144/563/99
f 3095/465/99 3096/467/99 3146/565/99 3145/564/99
f 3096/467/99 3097/372/99 3147/371/99 3146/565/99
f 2867/360/100 3122/372/100 3157/372/100 2885/360/100
f 3122/372/100 3121/467/100 3156/467/100 3157/372/100
f 3121/467/100 3120/465/100 3155/564/100 3156/467/100
f 3120/465/100 3119/464/100 3154/566/100 3155/564/100
f 3119/464/100 3118/379/100 3153/380/100 3154/566/100
f 2881/329/108 3148/381/108 3158/382/108 2891/329/108
f 3148/381/108 3149/558/108 3159/561/108 3158/382/108
f 3149/558/108 3150/462/108 3160/462/108 3159/561/108
f 3150/462/108 3151/463/108 3161/559/108 3160/462/108
f 3151/463/108 3152/374/108 3162/375/108 3161/559/108
f 2879/364/104 3143/562/104 3153/380/104 2886/364/104
f 3143/562/104 3144/563/104 3154/566/104 3153/380/104
f 3144/563/104 3145/564/104 3155/564/104 3154/566/104
f 3145/564/104 3146/565/104 3156/467/104 3155/564/104
f 3146/565/104 3147/371/104 3157/372/104 3156/467/104
f 3034/315/100 2868/316/100 3138/555/100 3243/476/100
f 3243/476/100 3138/555/100 3139/556/100 3244/478/100
f 3244/478/100 3139/556/100 3140/543/100 3245/473/100
f 3245/473/100 3140/543/100 3141/557/100 3246/481/100
f 3246/481/100 3141/557/100 3142/343/100 3247/340/100
f 2998/353/100 2873/331/100 3133/477/100 3223/502/100
f 3223/502/100 3133/477/100 3134/479/100 3224/503/100
f 3224/503/100 3134/479/100 3135/480/100 3225/504/100
f 3225/504/100 3135/480/100 3136/482/100 3226/505/100
f 3226/505/100 3136/482/100 3137/339/100 3227/336/100
f 2980/376/100 2872/296/100 3128/484/100 3203/518/100
f 3203/518/100 3128/484/100 3129/486/100 3204/520/100
f 3204/520/100 3129/486/100 3130/488/100 3205/511/100
f 3205/511/100 3130/488/100 3131/490/100 3206/523/100
f 3206/523/100 3131/490/100 3132/335/100 3207/357/100
f 2953/366/100 2869/329/100 3123/381/100 3173/545/100
f 3173/545/100 3123/381/100 3124/561/100 3174/547/100
f 3174/547/100 3124/561/100 3125/560/100 3175/549/100
f 3175/549/100 3125/560/100 3126/463/100 3176/550/100
f 3176/550/100 3126/463/100 3127/355/100 3177/291/100
f 3029/315/99 3252/469/99 3117/541/99 2851/316/99
f 3252/469/99 3251/471/99 3116/542/99 3117/541/99
f 3251/471/99 3250/473/99 3115/543/99 3116/542/99
f 3250/473/99 3249/475/99 3114/544/99 3115/543/99
f 3249/475/99 3248/340/99 3113/343/99 3114/544/99
f 2993/353/99 3232/498/99 3112/468/99 2850/331/99
f 3232/498/99 3231/499/99 3111/470/99 3112/468/99
f 3231/499/99 3230/500/99 3110/472/99 3111/470/99
f 3230/500/99 3229/501/99 3109/474/99 3110/472/99
f 3229/501/99 3228/336/99 3108/339/99 3109/474/99
f 2971/376/99 3222/507/99 3107/491/99 2849/296/99
f 3222/507/99 3221/509/99 3106/493/99 3107/491/99
f 3221/509/99 3220/511/99 3105/495/99 3106/493/99
f 3220/511/99 3219/513/99 3104/496/99 3105/495/99
f 3219/513/99 3218/332/99 3103/335/99 3104/496/99
f 3411/571/104 3412/572/104 3413/573/104 3414/574/104
f 3419/577/104 3420/578/104 3421/579/104 3422/580/104
f 3431/587/103 3432/588/103 3433/589/103 3434/590/103
f 3443/599/103 3444/600/103 3445/601/103 3446/602/103
f 2941/366/99 3192/530/99 3088/381/99 2842/329/99
f 3192/530/99 3191/532/99 3089/460/99 3088/381/99
f 3191/532/99 3190/534/99 3090/462/99 3089/460/99
f 3190/534/99 3189/536/99 3091/463/99 3090/462/99
f 3189/536/99 3188/291/99 3092/294/99 3091/463/99
f 3076/365/102 3047/364/102 3264/299/102 3263/298/102
f 3047/364/102 2845/364/102 3265/300/102 3264/299/102
f 2845/364/102 2968/363/102 3266/301/102 3265/300/102
f 2968/363/102 3076/365/102 3263/298/102 3266/301/102
f 3070/366/101 3049/329/101 3268/303/101 3267/302/101
f 3049/329/101 2847/329/101 3269/303/101 3268/303/101
f 2847/329/101 2944/366/101 3270/304/101 3269/303/101
f 2944/366/101 3070/366/101 3267/302/101 3270/304/101
f 3258/374/103 3048/293/103 3272/306/103 3271/305/103
f 3048/293/103 2848/293/103 3273/307/103 3272/306/103
f 2848/293/103 3102/374/103 3274/308/103 3273/307/103
f 3102/374/103 3258/374/103 3271/305/103 3274/308/103
f 3253/372/104 3050/360/104 3276/310/104 3275/309/104
f 3050/360/104 2846/360/104 3277/311/104 3276/310/104
f 2846/360/104 3097/372/104 3278/312/104 3277/311/104
f 3097/372/104 3253/372/104 3275/309/104 3278/312/104
f 3073/376/101 3051/296/101 3280/314/101 3279/313/101
f 3051/296/101 2855/296/101 3281/314/101 3280/314/101
f 2855/296/101 2974/376/101 3282/313/101 3281/314/101
f 2974/376/101 3073/376/101 3279/313/101 3282/313/101
f 3067/368/102 3053/342/102 3284/320/102 3283/319/102
f 3053/342/102 2857/342/102 3285/321/102 3284/320/102
f 2857/342/102 2950/367/102 3286/319/102 3285/321/102
f 2950/367/102 3067/368/102 3283/319/102 3286/319/102
f 3082/361/102 3054/338/102 3288/323/102 3287/322/102
f 3054/338/102 2858/338/102 3289/323/102 3288/323/102
f 2858/338/102 3031/361/102 3290/324/102 3289/323/102
f 3031/361/102 3082/361/102 3287/322/102 3290/324/102
f 3080/351/102 3055/457/102 3292/326/102 3291/325/102
f 3055/457/102 2859/334/102 3293/327/102 3292/326/102
f 2859/334/102 3012/351/102 3294/328/102 3293/327/102
f 3012/351/102 3080/351/102 3291/325/102 3294/328/102
f 3077/330/101 3057/331/101 3296/345/101 3295/344/101
f 3057/331/101 2864/331/101 3297/345/101 3296/345/101
f 2864/331/101 2997/330/101 3298/346/101 3297/345/101
f 2997/330/101 3077/330/101 3295/344/101 3298/346/101
f 3081/315/101 3058/316/101 3300/348/101 3299/347/101
f 3058/316/101 2865/316/101 3301/349/101 3300/348/101
f 2865/316/101 3033/317/101 3302/350/101 3301/349/101
f 3033/317/101 3081/315/101 3299/347/101 3302/350/101
f 3064/316/103 2903/316/103 3304/316/103 3303/316/103
f 2903/316/103 2865/316/103 3305/316/103 3304/316/103
f 2865/316/103 3058/316/103 3306/352/103 3305/316/103
f 3058/316/103 3064/316/103 3303/316/103 3306/352/103
f 3052/316/103 2856/316/103 3308/316/103 3307/316/103
f 2856/316/103 2905/316/103 3309/316/103 3308/316/103
f 2905/316/103 3062/316/103 3310/316/103 3309/316/103
f 3062/316/103 3052/316/103 3307/316/103 3310/316/103
f 3062/316/103 2905/316/103 3312/352/103 3311/316/103
f 2905/316/103 2904/352/103 3313/316/103 3312/352/103
f 2904/352/103 3063/316/103 3314/316/103 3313/316/103
f 3063/316/103 3062/316/103 3311/316/103 3314/316/103
f 3063/316/103 2904/352/103 3316/352/103 3315/316/103
f 2904/352/103 2903/316/103 3317/316/103 3316/352/103
f 2903/316/103 3064/316/103 3318/316/103 3317/316/103
f 3064/316/103 3063/316/103 3315/316/103 3318/316/103
f 3048/293/102 3065/292/102 3320/389/102 3319/388/102
f 3065/292/102 2948/378/102 3321/389/102 3320/389/102
f 2948/378/102 2848/293/102 3322/390/102 3321/389/102
f 2848/293/102 3048/293/102 3319/388/102 3322/390/102
f 3065/292/102 3066/407/102 3324/392/102 3323/391/102
f 3066/407/102 2949/383/102 3325/392/102 3324/392/102
f 2949/383/102 2948/378/102 3326/393/102 3325/392/102
f 2948/378/102 3065/292/102 3323/391/102 3326/393/102
f 3066/407/102 3067/368/102 3328/395/102 3327/394/102
f 3067/368/102 2950/367/102 3329/396/102 3328/395/102
f 2950/367/102 2949/383/102 3330/397/102 3329/396/102
f 2949/383/102 3066/407/102 3327/394/102 3330/397/102
f 3052/316/101 3068/384/101 3332/399/101 3331/398/101
f 3068/384/101 2942/384/101 3333/400/101 3332/399/101
f 2942/384/101 2856/316/101 3334/398/101 3333/400/101
f 2856/316/101 3052/316/101 3331/398/101 3334/398/101
f 3068/384/101 3069/385/101 3336/402/101 3335/401/101
f 3069/385/101 2943/385/101 3337/402/101 3336/402/101
f 2943/385/101 2942/384/101 3338/401/101 3337/402/101
f 2942/384/101 3068/384/101 3335/401/101 3338/401/101
f 3069/385/101 3070/366/101 3340/404/101 3339/403/101
f 3070/366/101 2944/366/101 3341/405/101 3340/404/101
f 2944/366/101 2943/385/101 3342/403/101 3341/405/101
f 2943/385/101 3069/385/101 3339/403/101 3342/403/101
f 3050/360/101 3071/359/101 3344/418/101 3343/417/101
f 3071/359/101 2972/359/101 3345/418/101 3344/418/101
f 2972/359/101 2846/360/101 3346/417/101 3345/418/101
f 2846/360/101 3050/360/101 3343/417/101 3346/417/101
f 3071/359/101 3072/408/101 3348/420/101 3347/419/101
f 3072/408/101 2973/408/101 3349/421/101 3348/420/101
f 2973/408/101 2972/359/101 3350/419/101 3349/421/101
f 2972/359/101 3071/359/101 3347/419/101 3350/419/101
f 3072/408/101 3073/376/101 3352/423/101 3351/422/101
f 3073/376/101 2974/376/101 3353/424/101 3352/423/101
f 2974/376/101 2973/408/101 3354/425/101 3353/424/101
f 2973/408/101 3072/408/101 3351/422/101 3354/425/101
f 3055/457/102 3074/358/102 3356/427/102 3355/426/102
f 3074/358/102 2966/333/102 3357/427/102 3356/427/102
f 2966/333/102 2859/334/102 3358/426/102 3357/427/102
f 2859/334/102 3055/457/102 3355/426/102 3358/426/102
f 3074/358/102 3075/412/102 3360/429/102 3359/428/102
f 3075/412/102 2967/412/102 3361/430/102 3360/429/102
f 2967/412/102 2966/333/102 3362/428/102 3361/430/102
f 2966/333/102 3074/358/102 3359/428/102 3362/428/102
f 3075/412/102 3076/365/102 3364/432/102 3363/431/102
f 3076/365/102 2968/363/102 3365/432/102 3364/432/102
f 2968/363/102 2967/412/102 3366/433/102 3365/432/102
f 2967/412/102 3075/412/102 3363/431/102 3366/433/102
f 3079/295/101 3077/330/101 3368/436/101 3367/435/101
f 3077/330/101 2997/330/101 3369/437/101 3368/436/101
f 2997/330/101 3021/295/101 3370/438/101 3369/437/101
f 3021/295/101 3079/295/101 3367/435/101 3370/438/101
f 3054/338/102 3078/337/102 3372/441/102 3371/440/102
f 3078/337/102 2995/337/102 3373/442/102 3372/441/102
f 2995/337/102 2858/338/102 3374/443/102 3373/442/102
f 2858/338/102 3054/338/102 3371/440/102 3374/443/102
f 3056/296/101 3079/295/101 3376/445/101 3375/444/101
f 3079/295/101 3021/295/101 3377/446/101 3376/445/101
f 3021/295/101 2863/296/101 3378/447/101 3377/446/101
f 2863/296/101 3056/296/101 3375/444/101 3378/447/101
f 3078/337/102 3080/351/102 3380/449/102 3379/448/102
f 3080/351/102 3012/351/102 3381/449/102 3380/449/102
f 3012/351/102 2995/337/102 3382/450/102 3381/449/102
f 2995/337/102 3078/337/102 3379/448/102 3382/450/102
f 3057/331/101 3081/315/101 3384/452/101 3383/451/101
f 3081/315/101 3033/317/101 3385/453/101 3384/452/101
f 3033/317/101 2864/331/101 3386/454/101 3385/453/101
f 2864/331/101 3057/331/101 3383/451/101 3386/454/101
f 3053/342/102 3082/361/102 3388/456/102 3387/455/102
f 3082/361/102 3031/361/102 3389/456/102 3388/456/102
f 3031/361/102 2857/342/102 3390/455/102 3389/456/102
f 2857/342/102 3053/342/102 3387/455/102 3390/455/102
f 2913/296/104 3060/296/104 3392/296/104 3391/296/104
f 3060/296/104 3061/296/104 3393/296/104 3392/296/104
f 3061/296/104 2914/296/104 3394/296/104 3393/296/104
f 2914/296/104 2913/296/104 3391/296/104 3394/296/104
f 2912/296/104 3059/296/104 3396/296/104 3395/296/104
f 3059/296/104 3060/296/104 3397/296/104 3396/296/104
f 3060/296/104 2913/296/104 3398/296/104 3397/296/104
f 2913/296/104 2912/296/104 3395/296/104 3398/296/104
f 2855/296/104 3051/296/104 3400/296/104 3399/296/104
f 3051/296/104 3059/296/104 3401/296/104 3400/296/104
f 3059/296/104 2912/296/104 3402/296/104 3401/296/104
f 2912/296/104 2855/296/104 3399/296/104 3402/296/104
f 2914/296/104 3061/296/104 3404/296/104 3403/296/104
f 3061/296/104 3056/296/104 3405/458/104 3404/296/104
f 3056/296/104 2863/296/104 3406/296/104 3405/458/104
f 2863/296/104 2914/296/104 3403/296/104 3406/296/104
f 3047/364/104 3257/380/104 3408/568/104 3407/567/104
f 3257/380/104 3093/562/104 3409/569/104 3408/568/104
f 3093/562/104 2845/364/104 3410/570/104 3409/569/104
f 2845/364/104 3047/364/104 3407/567/104 3410/570/104
f 3257/380/104 3256/464/104 3412/572/104 3411/571/104
f 3256/464/104 3094/563/104 3413/573/104 3412/572/104
f 3094/563/104 3093/562/104 3414/574/104 3413/573/104
f 3093/562/104 3257/380/104 3411/571/104 3414/574/104
f 3256/464/104 3255/465/104 3416/576/104 3415/575/104
f 3255/465/104 3095/465/104 3417/576/104 3416/576/104
f 3095/465/104 3094/563/104 3418/575/104 3417/576/104
f 3094/563/104 3256/464/104 3415/575/104 3418/575/104
f 3255/465/104 3254/467/104 3420/578/104 3419/577/104
f 3254/467/104 3096/467/104 3421/579/104 3420/578/104
f 3096/467/104 3095/465/104 3422/580/104 3421/579/104
f 3095/465/104 3255/465/104 3419/577/104 3422/580/104
f 3254/467/104 3253/372/104 3424/582/104 3423/581/104
f 3253/372/104 3097/372/104 3425/582/104 3424/582/104
f 3097/372/104 3096/467/104 3426/581/104 3425/582/104
f 3096/467/104 3254/467/104 3423/581/104 3426/581/104
f 3049/329/103 3262/459/103 3428/584/103 3427/583/103
f 3262/459/103 3098/381/103 3429/585/103 3428/584/103
f 3098/381/103 2847/329/103 3430/586/103 3429/585/103
f 2847/329/103 3049/329/103 3427/583/103 3430/586/103
f 3262/459/103 3261/461/103 3432/588/103 3431/587/103
f 3261/461/103 3099/460/103 3433/589/103 3432/588/103
f 3099/460/103 3098/381/103 3434/590/103 3433/589/103
f 3098/381/103 3262/459/103 3431/587/103 3434/590/103
f 3261/461/103 3260/462/103 3436/592/103 3435/591/103
f 3260/462/103 3100/462/103 3437/593/103 3436/592/103
f 3100/462/103 3099/460/103 3438/594/103 3437/593/103
f 3099/460/103 3261/461/103 3435/591/103 3438/594/103
f 3260/462/103 3259/463/103 3440/596/103 3439/595/103
f 3259/463/103 3101/463/103 3441/597/103 3440/596/103
f 3101/463/103 3100/462/103 3442/598/103 3441/597/103
f 3100/462/103 3260/462/103 3439/595/103 3442/598/103
f 3259/463/103 3258/374/103 3444/600/103 3443/599/103
f 3258/374/103 3102/374/103 3445/601/103 3444/600/103
f 3102/374/103 3101/463/103 3446/602/103 3445/601/103
f 3101/463/103 3259/463/103 3443/599/103 3446/602/103
f 3794/291/99 3551/292/99 3450/293/99 3698/294/99
f 3629/295/100 3483/296/100 3505/296/100 3631/297/100
f 3652/315/99 3514/316/99 3468/316/99 3638/315/99
f 3639/317/99 3471/316/99 3501/316/99 3644/318/99
f 3889/319/101 3890/320/101 3891/321/101 3892/319/101
f 3893/322/102 3894/323/102 3895/323/102 3896/324/102
f 3520/296/99 3469/296/99 3499/296/99 3538/296/99
f 3475/329/101 3453/329/101 3487/329/101 3497/329/101
f 3603/330/99 3470/331/99 3500/331/99 3608/330/99
f 3824/332/99 3569/333/99 3460/334/99 3709/335/99
f 3834/336/99 3600/337/99 3459/338/99 3714/339/99
f 3854/340/99 3636/341/99 3458/342/99 3719/343/99
f 3618/351/99 3465/334/99 3489/334/99 3620/351/99
f 3667/296/104 3523/296/104 3466/296/104 3662/296/104
f 3616/353/99 3515/354/99 3467/331/99 3602/330/99
f 3783/291/100 3733/355/100 3476/293/100 3560/356/100
f 3649/315/100 3526/331/100 3482/331/100 3642/315/100
f 3813/357/100 3738/335/100 3477/334/100 3581/358/100
f 3833/336/100 3743/339/100 3481/338/100 3605/337/100
f 3853/340/100 3748/343/100 3480/342/100 3641/341/100
f 3634/295/100 3532/296/100 3483/296/100 3629/295/100
f 3584/359/100 3473/360/100 3491/360/100 3596/359/100
f 3637/361/99 3464/338/99 3494/338/99 3643/362/99
f 3574/363/99 3451/364/99 3485/364/99 3589/365/99
f 3550/366/101 3453/329/101 3475/329/101 3559/366/101
f 3581/358/100 3477/334/100 3496/334/100 3593/358/100
f 3556/367/99 3463/342/99 3493/342/99 3565/368/99
f 3608/330/105 3500/331/105 3506/331/105 3610/369/105
f 3565/368/106 3493/342/106 3504/342/106 3568/370/106
f 3753/371/104 3486/360/104 3491/360/104 3763/372/104
f 3589/365/107 3485/364/107 3492/364/107 3595/373/107
f 3620/351/102 3489/334/102 3496/334/102 3621/351/102
f 3758/374/108 3488/293/108 3498/293/108 3768/375/108
f 3592/376/101 3490/296/101 3503/296/101 3598/376/101
f 3644/318/109 3501/316/109 3507/316/109 3646/317/109
f 3643/362/102 3494/338/102 3495/338/102 3645/361/102
f 3538/296/104 3499/296/104 3505/296/104 3544/296/104
f 3535/377/110 3502/316/110 3508/316/110 3541/316/110
f 3560/356/100 3476/293/100 3498/293/100 3566/378/100
f 3580/376/99 3461/296/99 3490/296/99 3592/376/99
f 3724/379/100 3472/364/100 3492/364/100 3759/380/100
f 3642/315/100 3482/331/100 3506/331/100 3646/317/100
f 3703/372/99 3452/360/99 3486/360/99 3753/371/99
f 3641/341/100 3480/342/100 3504/342/100 3645/361/100
f 3462/316/102 3474/316/102 3508/316/102 3502/316/102
f 3527/316/100 3484/316/100 3507/316/100 3539/377/100
f 3605/337/100 3481/338/100 3495/338/100 3609/337/100
f 3729/381/100 3475/329/100 3497/329/100 3764/382/100
f 3530/296/100 3478/296/100 3503/296/100 3542/296/100
f 3511/316/99 3462/316/99 3502/316/99 3535/377/99
f 3708/374/99 3454/293/99 3488/293/99 3758/374/99
f 3471/316/99 3509/316/99 3533/316/99 3501/316/99
f 3509/316/99 3510/352/99 3534/352/99 3533/316/99
f 3510/352/99 3511/316/99 3535/377/99 3534/352/99
f 3483/296/100 3532/296/100 3544/296/100 3505/296/100
f 3532/296/100 3531/296/100 3543/296/100 3544/296/100
f 3531/296/100 3530/296/100 3542/296/100 3543/296/100
f 3474/316/100 3529/316/100 3541/316/100 3508/316/100
f 3529/316/100 3528/316/100 3540/316/100 3541/316/100
f 3528/316/100 3527/316/100 3539/377/100 3540/316/100
f 3501/316/110 3533/316/110 3539/377/110 3507/316/110
f 3533/316/110 3534/352/110 3540/316/110 3539/377/110
f 3534/352/110 3535/377/110 3541/316/110 3540/316/110
f 3490/296/104 3536/296/104 3542/296/104 3503/296/104
f 3536/296/104 3537/296/104 3543/296/104 3542/296/104
f 3537/296/104 3538/296/104 3544/296/104 3543/296/104
f 3628/295/100 3478/296/100 3530/296/100 3632/295/100
f 3632/295/100 3530/296/100 3531/296/100 3633/295/100
f 3633/295/100 3531/296/100 3532/296/100 3634/295/100
f 3640/315/100 3479/331/100 3524/331/100 3647/315/100
f 3647/315/100 3524/331/100 3525/331/100 3648/315/100
f 3648/315/100 3525/331/100 3526/331/100 3649/315/100
f 3599/353/99 3456/331/99 3517/331/99 3614/353/99
f 3614/353/99 3517/331/99 3516/354/99 3615/353/99
f 3615/353/99 3516/354/99 3515/354/99 3616/353/99
f 3657/296/104 3455/296/104 3521/296/104 3665/296/104
f 3665/296/104 3521/296/104 3522/296/104 3666/296/104
f 3666/296/104 3522/296/104 3523/296/104 3667/296/104
f 3921/316/104 3922/352/104 3923/316/104 3924/316/104
f 3461/296/99 3518/296/99 3536/296/99 3490/296/99
f 3518/296/99 3519/296/99 3537/296/99 3536/296/99
f 3519/296/99 3520/296/99 3538/296/99 3537/296/99
f 3635/315/99 3457/316/99 3512/316/99 3650/315/99
f 3650/315/99 3512/316/99 3513/316/99 3651/315/99
f 3651/315/99 3513/316/99 3514/316/99 3652/315/99
f 3480/342/100 3562/367/100 3568/370/100 3504/342/100
f 3562/367/100 3561/383/100 3567/383/100 3568/370/100
f 3561/383/100 3560/356/100 3566/378/100 3567/383/100
f 3488/293/106 3563/292/106 3566/378/106 3498/293/106
f 3563/292/106 3564/383/106 3567/383/106 3566/378/106
f 3564/383/106 3565/368/106 3568/370/106 3567/383/106
f 3454/293/99 3554/378/99 3563/292/99 3488/293/99
f 3554/378/99 3555/383/99 3564/383/99 3563/292/99
f 3555/383/99 3556/367/99 3565/368/99 3564/383/99
f 3462/316/101 3548/384/101 3557/384/101 3474/316/101
f 3548/384/101 3549/385/101 3558/385/101 3557/384/101
f 3549/385/101 3550/366/101 3559/366/101 3558/385/101
f 3748/343/100 3773/386/100 3562/367/100 3480/342/100
f 3773/386/100 3778/387/100 3561/383/100 3562/367/100
f 3778/387/100 3783/291/100 3560/356/100 3561/383/100
f 3929/391/101 3930/392/101 3931/392/101 3932/393/101
f 3941/401/102 3942/402/102 3943/402/102 3944/401/102
f 3719/343/99 3458/342/99 3553/368/99 3784/406/99
f 3784/406/99 3553/368/99 3552/407/99 3789/387/99
f 3789/387/99 3552/407/99 3551/292/99 3794/291/99
f 3452/360/99 3578/359/99 3590/359/99 3486/360/99
f 3578/359/99 3579/408/99 3591/408/99 3590/359/99
f 3579/408/99 3580/376/99 3592/376/99 3591/408/99
f 3486/360/101 3590/359/101 3596/359/101 3491/360/101
f 3590/359/101 3591/408/101 3597/408/101 3596/359/101
f 3591/408/101 3592/376/101 3598/376/101 3597/408/101
f 3489/334/107 3587/333/107 3593/358/107 3496/334/107
f 3587/333/107 3588/409/107 3594/410/107 3593/358/107
f 3588/409/107 3589/365/107 3595/373/107 3594/410/107
f 3472/364/100 3583/363/100 3595/373/100 3492/364/100
f 3583/363/100 3582/411/100 3594/410/100 3595/373/100
f 3582/411/100 3581/358/100 3593/358/100 3594/410/100
f 3465/334/99 3572/333/99 3587/333/99 3489/334/99
f 3572/333/99 3573/412/99 3588/409/99 3587/333/99
f 3573/412/99 3574/363/99 3589/365/99 3588/409/99
f 3478/296/100 3586/376/100 3598/376/100 3503/296/100
f 3586/376/100 3585/408/100 3597/408/100 3598/376/100
f 3585/408/100 3584/359/100 3596/359/100 3597/408/100
f 3724/379/100 3803/413/100 3583/363/100 3472/364/100
f 3803/413/100 3808/414/100 3582/411/100 3583/363/100
f 3808/414/100 3813/357/100 3581/358/100 3582/411/100
f 3689/380/99 3449/364/99 3571/365/99 3814/415/99
f 3814/415/99 3571/365/99 3570/412/99 3819/416/99
f 3819/416/99 3570/412/99 3569/333/99 3824/332/99
f 3957/422/102 3958/423/102 3959/424/102 3960/425/102
f 3965/428/101 3966/429/101 3967/430/101 3968/428/101
f 3623/295/99 3615/353/99 3616/353/99 3624/295/99
f 3622/295/99 3614/353/99 3615/353/99 3623/295/99
f 3625/295/99 3599/353/99 3614/353/99 3622/295/99
f 3525/331/100 3612/353/100 3613/353/100 3526/331/100
f 3524/331/100 3611/353/100 3612/353/100 3525/331/100
f 3479/331/100 3604/353/100 3611/353/100 3524/331/100
f 3619/351/100 3605/337/100 3609/337/100 3621/351/100
f 3494/338/102 3607/337/102 3609/337/102 3495/338/102
f 3630/297/105 3608/330/105 3610/369/105 3631/297/105
f 3526/331/100 3613/353/100 3606/353/100 3482/331/100
f 3848/434/100 3833/336/100 3605/337/100 3619/351/100
f 3624/295/99 3616/353/99 3602/330/99 3626/295/99
f 3464/338/99 3601/337/99 3607/337/99 3494/338/99
f 3973/435/102 3974/436/102 3975/437/102 3976/438/102
f 3839/439/99 3617/351/99 3600/337/99 3834/336/99
f 3627/295/99 3603/330/99 3608/330/99 3630/297/99
f 3482/331/100 3606/353/100 3610/369/100 3506/331/100
f 3469/296/99 3627/295/99 3630/297/99 3499/296/99
f 3709/335/99 3460/334/99 3617/351/99 3839/439/99
f 3523/296/99 3624/295/99 3626/295/99 3466/296/99
f 3738/335/100 3848/434/100 3619/351/100 3477/334/100
f 3499/296/105 3630/297/105 3631/297/105 3505/296/105
f 3477/334/100 3619/351/100 3621/351/100 3496/334/100
f 3455/296/99 3625/295/99 3622/295/99 3521/296/99
f 3521/296/99 3622/295/99 3623/295/99 3522/296/99
f 3522/296/99 3623/295/99 3624/295/99 3523/296/99
f 3612/353/100 3633/295/100 3634/295/100 3613/353/100
f 3611/353/100 3632/295/100 3633/295/100 3612/353/100
f 3604/353/100 3628/295/100 3632/295/100 3611/353/100
f 3607/337/102 3620/351/102 3621/351/102 3609/337/102
f 3613/353/100 3634/295/100 3629/295/100 3606/353/100
f 3601/337/99 3618/351/99 3620/351/99 3607/337/99
f 3985/448/101 3986/449/101 3987/449/101 3988/450/101
f 3606/353/100 3629/295/100 3631/297/100 3610/369/100
f 3516/354/99 3651/315/99 3652/315/99 3515/354/99
f 3517/331/99 3650/315/99 3651/315/99 3516/354/99
f 3456/331/99 3635/315/99 3650/315/99 3517/331/99
f 3528/316/100 3648/315/100 3649/315/100 3527/316/100
f 3529/316/100 3647/315/100 3648/315/100 3528/316/100
f 3474/316/100 3640/315/100 3647/315/100 3529/316/100
f 3481/338/100 3641/341/100 3645/361/100 3495/338/100
f 3484/316/100 3642/315/100 3646/317/100 3507/316/100
f 3493/342/102 3643/362/102 3645/361/102 3504/342/102
f 3500/331/109 3644/318/109 3646/317/109 3506/331/109
f 3463/342/99 3637/361/99 3643/362/99 3493/342/99
f 3743/339/100 3853/340/100 3641/341/100 3481/338/100
f 3527/316/100 3649/315/100 3642/315/100 3484/316/100
f 3989/451/101 3990/452/101 3991/453/101 3992/454/101
f 3714/339/99 3459/338/99 3636/341/99 3854/340/99
f 3470/331/99 3639/317/99 3644/318/99 3500/331/99
f 3515/354/99 3652/315/99 3638/315/99 3467/331/99
f 3458/342/102 3636/341/102 3688/361/102 3659/342/102
f 3467/331/101 3638/315/101 3687/315/101 3663/331/101
f 3600/337/102 3617/351/102 3686/351/102 3684/337/102
f 3466/296/101 3626/295/101 3685/295/101 3662/296/101
f 3459/338/102 3600/337/102 3684/337/102 3660/338/102
f 3626/295/101 3602/330/101 3683/330/101 3685/295/101
f 3570/412/102 3571/365/102 3682/365/102 3681/412/102
f 3569/333/102 3570/412/102 3681/412/102 3680/358/102
f 3460/334/102 3569/333/102 3680/358/102 3661/457/102
f 3576/408/101 3577/376/101 3679/376/101 3678/408/101
f 3575/359/101 3576/408/101 3678/408/101 3677/359/101
f 3447/360/101 3575/359/101 3677/359/101 3656/360/101
f 3546/385/101 3547/366/101 3676/366/101 3675/385/101
f 3545/384/101 3546/385/101 3675/385/101 3674/384/101
f 3457/316/101 3545/384/101 3674/384/101 3658/316/101
f 3552/407/102 3553/368/102 3673/368/102 3672/407/102
f 3551/292/102 3552/407/102 3672/407/102 3671/292/102
f 3450/293/102 3551/292/102 3671/292/102 3654/293/102
f 3513/316/103 3669/316/103 3670/316/103 3514/316/103
f 3512/316/103 3668/316/103 3669/316/103 3513/316/103
f 3457/316/103 3658/316/103 3668/316/103 3512/316/103
f 4001/296/103 4002/296/103 4003/296/103 4004/296/103
f 3514/316/103 3670/316/103 3664/316/103 3468/316/103
f 3638/315/101 3468/316/101 3664/316/101 3687/315/101
f 3602/330/101 3467/331/101 3663/331/101 3683/330/101
f 3617/351/102 3460/334/102 3661/457/102 3686/351/102
f 3636/341/102 3459/338/102 3660/338/102 3688/361/102
f 3553/368/102 3458/342/102 3659/342/102 3673/368/102
f 3577/376/101 3455/296/101 3657/296/101 3679/376/101
f 3693/371/104 3447/360/104 3656/360/104 3859/372/104
f 3698/294/103 3450/293/103 3654/293/103 3864/374/103
f 3547/366/101 3448/329/101 3655/329/101 3676/366/101
f 3571/365/102 3449/364/102 3653/364/102 3682/365/102
f 3448/329/103 3694/381/103 3868/459/103 3655/329/103
f 3694/381/103 3695/460/103 3867/461/103 3868/459/103
f 3695/460/103 3696/462/103 3866/462/103 3867/461/103
f 3696/462/103 3697/463/103 3865/463/103 3866/462/103
f 3697/463/103 3698/294/103 3864/374/103 3865/463/103
f 3449/364/104 3689/380/104 3863/380/104 3653/364/104
f 3689/380/104 3690/464/104 3862/464/104 3863/380/104
f 3690/464/104 3691/465/104 3861/465/104 3862/464/104
f 3691/465/104 3692/466/104 3860/467/104 3861/465/104
f 3692/466/104 3693/371/104 3859/372/104 3860/467/104
f 3456/331/99 3718/468/99 3858/469/99 3635/315/99
f 3718/468/99 3717/470/99 3857/471/99 3858/469/99
f 3717/470/99 3716/472/99 3856/473/99 3857/471/99
f 3716/472/99 3715/474/99 3855/475/99 3856/473/99
f 3715/474/99 3714/339/99 3854/340/99 3855/475/99
f 3479/331/100 3640/315/100 3849/476/100 3739/477/100
f 3739/477/100 3849/476/100 3850/478/100 3740/479/100
f 3740/479/100 3850/478/100 3851/473/100 3741/480/100
f 3741/480/100 3851/473/100 3852/481/100 3742/482/100
f 3742/482/100 3852/481/100 3853/340/100 3743/339/100
f 3478/296/100 3628/295/100 3844/483/100 3734/484/100
f 3734/484/100 3844/483/100 3845/485/100 3735/486/100
f 3735/486/100 3845/485/100 3846/487/100 3736/488/100
f 3736/488/100 3846/487/100 3847/489/100 3737/490/100
f 3737/490/100 3847/489/100 3848/434/100 3738/335/100
f 3455/296/99 3713/491/99 3843/492/99 3625/295/99
f 3713/491/99 3712/493/99 3842/494/99 3843/492/99
f 3712/493/99 3711/495/99 3841/487/99 3842/494/99
f 3711/495/99 3710/496/99 3840/497/99 3841/487/99
f 3710/496/99 3709/335/99 3839/439/99 3840/497/99
f 3625/295/99 3843/492/99 3838/498/99 3599/353/99
f 3843/492/99 3842/494/99 3837/499/99 3838/498/99
f 3842/494/99 3841/487/99 3836/500/99 3837/499/99
f 3841/487/99 3840/497/99 3835/501/99 3836/500/99
f 3840/497/99 3839/439/99 3834/336/99 3835/501/99
f 3628/295/100 3604/353/100 3829/502/100 3844/483/100
f 3844/483/100 3829/502/100 3830/503/100 3845/485/100
f 3845/485/100 3830/503/100 3831/504/100 3846/487/100
f 3846/487/100 3831/504/100 3832/505/100 3847/489/100
f 3847/489/100 3832/505/100 3833/336/100 3848/434/100
f 3576/408/99 3823/506/99 3828/507/99 3577/376/99
f 3823/506/99 3822/508/99 3827/509/99 3828/507/99
f 3822/508/99 3821/510/99 3826/511/99 3827/509/99
f 3821/510/99 3820/512/99 3825/513/99 3826/511/99
f 3820/512/99 3819/416/99 3824/332/99 3825/513/99
f 3575/359/99 3818/514/99 3823/506/99 3576/408/99
f 3818/514/99 3817/515/99 3822/508/99 3823/506/99
f 3817/515/99 3816/516/99 3821/510/99 3822/508/99
f 3816/516/99 3815/517/99 3820/512/99 3821/510/99
f 3815/517/99 3814/415/99 3819/416/99 3820/512/99
f 3447/360/99 3693/371/99 3818/514/99 3575/359/99
f 3693/371/99 3692/466/99 3817/515/99 3818/514/99
f 3692/466/99 3691/465/99 3816/516/99 3817/515/99
f 3691/465/99 3690/464/99 3815/517/99 3816/516/99
f 3690/464/99 3689/380/99 3814/415/99 3815/517/99
f 3585/408/100 3586/376/100 3809/518/100 3804/519/100
f 3804/519/100 3809/518/100 3810/520/100 3805/521/100
f 3805/521/100 3810/520/100 3811/511/100 3806/522/100
f 3806/522/100 3811/511/100 3812/523/100 3807/524/100
f 3807/524/100 3812/523/100 3813/357/100 3808/414/100
f 3584/359/100 3585/408/100 3804/519/100 3799/525/100
f 3799/525/100 3804/519/100 3805/521/100 3800/526/100
f 3800/526/100 3805/521/100 3806/522/100 3801/527/100
f 3801/527/100 3806/522/100 3807/524/100 3802/528/100
f 3802/528/100 3807/524/100 3808/414/100 3803/413/100
f 3473/360/100 3584/359/100 3799/525/100 3728/372/100
f 3728/372/100 3799/525/100 3800/526/100 3727/467/100
f 3727/467/100 3800/526/100 3801/527/100 3726/465/100
f 3726/465/100 3801/527/100 3802/528/100 3725/464/100
f 3725/464/100 3802/528/100 3803/413/100 3724/379/100
f 3546/385/99 3793/529/99 3798/530/99 3547/366/99
f 3793/529/99 3792/531/99 3797/532/99 3798/530/99
f 3792/531/99 3791/533/99 3796/534/99 3797/532/99
f 3791/533/99 3790/535/99 3795/536/99 3796/534/99
f 3790/535/99 3789/387/99 3794/291/99 3795/536/99
f 3545/384/99 3788/537/99 3793/529/99 3546/385/99
f 3788/537/99 3787/538/99 3792/531/99 3793/529/99
f 3787/538/99 3786/539/99 3791/533/99 3792/531/99
f 3786/539/99 3785/540/99 3790/535/99 3791/533/99
f 3785/540/99 3784/406/99 3789/387/99 3790/535/99
f 3457/316/99 3723/541/99 3788/537/99 3545/384/99
f 3723/541/99 3722/542/99 3787/538/99 3788/537/99
f 3722/542/99 3721/543/99 3786/539/99 3787/538/99
f 3721/543/99 3720/544/99 3785/540/99 3786/539/99
f 3720/544/99 3719/343/99 3784/406/99 3785/540/99
f 3558/385/100 3559/366/100 3779/545/100 3774/546/100
f 3774/546/100 3779/545/100 3780/547/100 3775/548/100
f 3775/548/100 3780/547/100 3781/549/100 3776/533/100
f 3776/533/100 3781/549/100 3782/550/100 3777/551/100
f 3777/551/100 3782/550/100 3783/291/100 3778/387/100
f 3557/384/100 3558/385/100 3774/546/100 3769/552/100
f 3769/552/100 3774/546/100 3775/548/100 3770/553/100
f 3770/553/100 3775/548/100 3776/533/100 3771/539/100
f 3771/539/100 3776/533/100 3777/551/100 3772/554/100
f 3772/554/100 3777/551/100 3778/387/100 3773/386/100
f 3474/316/100 3557/384/100 3769/552/100 3744/555/100
f 3744/555/100 3769/552/100 3770/553/100 3745/556/100
f 3745/556/100 3770/553/100 3771/539/100 3746/543/100
f 3746/543/100 3771/539/100 3772/554/100 3747/557/100
f 3747/557/100 3772/554/100 3773/386/100 3748/343/100
f 3453/329/99 3704/381/99 3754/381/99 3487/329/99
f 3704/381/99 3705/460/99 3755/558/99 3754/381/99
f 3705/460/99 3706/462/99 3756/462/99 3755/558/99
f 3706/462/99 3707/463/99 3757/463/99 3756/462/99
f 3707/463/99 3708/374/99 3758/374/99 3757/463/99
f 3476/293/100 3733/355/100 3768/375/100 3498/293/100
f 3733/355/100 3732/463/100 3767/559/100 3768/375/100
f 3732/463/100 3731/560/100 3766/462/100 3767/559/100
f 3731/560/100 3730/561/100 3765/561/100 3766/462/100
f 3730/561/100 3729/381/100 3764/382/100 3765/561/100
f 3451/364/99 3699/562/99 3749/562/99 3485/364/99
f 3699/562/99 3700/563/99 3750/563/99 3749/562/99
f 3700/563/99 3701/465/99 3751/564/99 3750/563/99
f 3701/465/99 3702/467/99 3752/565/99 3751/564/99
f 3702/467/99 3703/372/99 3753/371/99 3752/565/99
f 3473/360/100 3728/372/100 3763/372/100 3491/360/100
f 3728/372/100 3727/467/100 3762/467/100 3763/372/100
f 3727/467/100 3726/465/100 3761/564/100 3762/467/100
f 3726/465/100 3725/464/100 3760/566/100 3761/564/100
f 3725/464/100 3724/379/100 3759/380/100 3760/566/100
f 3487/329/108 3754/381/108 3764/382/108 3497/329/108
f 3754/381/108 3755/558/108 3765/561/108 3764/382/108
f 3755/558/108 3756/462/108 3766/462/108 3765/561/108
f 3756/462/108 3757/463/108 3767/559/108 3766/462/108
f 3757/463/108 3758/374/108 3768/375/108 3767/559/108
f 3485/364/104 3749/562/104 3759/380/104 3492/364/104
f 3749/562/104 3750/563/104 3760/566/104 3759/380/104
f 3750/563/104 3751/564/104 3761/564/104 3760/566/104
f 3751/564/104 3752/565/104 3762/467/104 3761/564/104
f 3752/565/104 3753/371/104 3763/372/104 3762/467/104
f 3640/315/100 3474/316/100 3744/555/100 3849/476/100
f 3849/476/100 3744/555/100 3745/556/100 3850/478/100
f 3850/478/100 3745/556/100 3746/543/100 3851/473/100
f 3851/473/100 3746/543/100 3747/557/100 3852/481/100
f 3852/481/100 3747/557/100 3748/343/100 3853/340/100
f 3604/353/100 3479/331/100 3739/477/100 3829/502/100
f 3829/502/100 3739/477/100 3740/479/100 3830/503/100
f 3830/503/100 3740/479/100 3741/480/100 3831/504/100
f 3831/504/100 3741/480/100 3742/482/100 3832/505/100
f 3832/505/100 3742/482/100 3743/339/100 3833/336/100
f 3586/376/100 3478/296/100 3734/484/100 3809/518/100
f 3809/518/100 3734/484/100 3735/486/100 3810/520/100
f 3810/520/100 3735/486/100 3736/488/100 3811/511/100
f 3811/511/100 3736/488/100 3737/490/100 3812/523/100
f 3812/523/100 3737/490/100 3738/335/100 3813/357/100
f 3559/366/100 3475/329/100 3729/381/100 3779/545/100
f 3779/545/100 3729/381/100 3730/561/100 3780/547/100
f 3780/547/100 3730/561/100 3731/560/100 3781/549/100
f 3781/549/100 3731/560/100 3732/463/100 3782/550/100
f 3782/550/100 3732/463/100 3733/355/100 3783/291/100
f 3635/315/99 3858/469/99 3723/541/99 3457/316/99
f 3858/469/99 3857/471/99 3722/542/99 3723/541/99
f 3857/471/99 3856/473/99 3721/543/99 3722/542/99
f 3856/473/99 3855/475/99 3720/544/99 3721/543/99
f 3855/475/99 3854/340/99 3719/343/99 3720/544/99
f 3599/353/99 3838/498/99 3718/468/99 3456/331/99
f 3838/498/99 3837/499/99 3717/470/99 3718/468/99
f 3837/499/99 3836/500/99 3716/472/99 3717/470/99
f 3836/500/99 3835/501/99 3715/474/99 3716/472/99
f 3835/501/99 3834/336/99 3714/339/99 3715/474/99
f 3577/376/99 3828/507/99 3713/491/99 3455/296/99
f 3828/507/99 3827/509/99 3712/493/99 3713/491/99
f 3827/509/99 3826/511/99 3711/495/99 3712/493/99
f 3826/511/99 3825/513/99 3710/496/99 3711/495/99
f 3825/513/99 3824/332/99 3709/335/99 3710/496/99
f 4017/571/104 4018/572/104 4019/573/104 4020/574/104
f 4025/577/104 4026/578/104 4027/579/104 4028/580/104
f 4037/587/103 4038/588/103 4039/589/103 4040/590/103
f 4049/599/103 4050/600/103 4051/601/103 4052/602/103
f 3547/366/99 3798/530/99 3694/381/99 3448/329/99
f 3798/530/99 3797/532/99 3695/460/99 3694/381/99
f 3797/532/99 3796/534/99 3696/462/99 3695/460/99
f 3796/534/99 3795/536/99 3697/463/99 3696/462/99
f 3795/536/99 3794/291/99 3698/294/99 3697/463/99
f 3682/365/102 3653/364/102 3870/299/102 3869/298/102
f 3653/364/102 3451/364/102 3871/300/102 3870/299/102
f 3451/364/102 3574/363/102 3872/301/102 3871/300/102
f 3574/363/102 3682/365/102 3869/298/102 3872/301/102
f 3676/366/101 3655/329/101 3874/303/101 3873/302/101
f 3655/329/101 3453/329/101 3875/303/101 3874/303/101
f 3453/329/101 3550/366/101 3876/304/101 3875/303/101
f 3550/366/101 3676/366/101 3873/302/101 3876/304/101
f 3864/374/103 3654/293/103 3878/306/103 3877/305/103
f 3654/293/103 3454/293/103 3879/307/103 3878/306/103
f 3454/293/103 3708/374/103 3880/308/103 3879/307/103
f 3708/374/103 3864/374/103 3877/305/103 3880/308/103
f 3859/372/104 3656/360/104 3882/310/104 3881/309/104
f 3656/360/104 3452/360/104 3883/311/104 3882/310/104
f 3452/360/104 3703/372/104 3884/312/104 3883/311/104
f 3703/372/104 3859/372/104 3881/309/104 3884/312/104
f 3679/376/101 3657/296/101 3886/314/101 3885/313/101
f 3657/296/101 3461/296/101 3887/314/101 3886/314/101
f 3461/296/101 3580/376/101 3888/313/101 3887/314/101
f 3580/376/101 3679/376/101 3885/313/101 3888/313/101
f 3673/368/102 3659/342/102 3890/320/102 3889/319/102
f 3659/342/102 3463/342/102 3891/321/102 3890/320/102
f 3463/342/102 3556/367/102 3892/319/102 3891/321/102
f 3556/367/102 3673/368/102 3889/319/102 3892/319/102
f 3688/361/102 3660/338/102 3894/323/102 3893/322/102
f 3660/338/102 3464/338/102 3895/323/102 3894/323/102
f 3464/338/102 3637/361/102 3896/324/102 3895/323/102
f 3637/361/102 3688/361/102 3893/322/102 3896/324/102
f 3686/351/102 3661/457/102 3898/326/102 3897/325/102
f 3661/457/102 3465/334/102 3899/327/102 3898/326/102
f 3465/334/102 3618/351/102 3900/328/102 3899/327/102
f 3618/351/102 3686/351/102 3897/325/102 3900/328/102
f 3683/330/101 3663/331/101 3902/345/101 3901/344/101
f 3663/331/101 3470/331/101 3903/345/101 3902/345/101
f 3470/331/101 3603/330/101 3904/346/101 3903/345/101
f 3603/330/101 3683/330/101 3901/344/101 3904/346/101
f 3687/315/101 3664/316/101 3906/348/101 3905/347/101
f 3664/316/101 3471/316/101 3907/349/101 3906/348/101
f 3471/316/101 3639/317/101 3908/350/101 3907/349/101
f 3639/317/101 3687/315/101 3905/347/101 3908/350/101
f 3670/316/103 3509/316/103 3910/316/103 3909/316/103
f 3509/316/103 3471/316/103 3911/316/103 3910/316/103
f 3471/316/103 3664/316/103 3912/352/103 3911/316/103
f 3664/316/103 3670/316/103 3909/316/103 3912/352/103
f 3658/316/103 3462/316/103 3914/316/103 3913/316/103
f 3462/316/103 3511/316/103 3915/316/103 3914/316/103
f 3511/316/103 3668/316/103 3916/316/103 3915/316/103
f 3668/316/103 3658/316/103 3913/316/103 3916/316/103
f 3668/316/103 3511/316/103 3918/352/103 3917/316/103
f 3511/316/103 3510/352/103 3919/316/103 3918/352/103
f 3510/352/103 3669/316/103 3920/316/103 3919/316/103
f 3669/316/103 3668/316/103 3917/316/103 3920/316/103
f 3669/316/103 3510/352/103 3922/352/103 3921/316/103
f 3510/352/103 3509/316/103 3923/316/103 3922/352/103
f 3509/316/103 3670/316/103 3924/316/103 3923/316/103
f 3670/316/103 3669/316/103 3921/316/103 3924/316/103
f 3654/293/102 3671/292/102 3926/389/102 3925/388/102
f 3671/292/102 3554/378/102 3927/389/102 3926/389/102
f 3554/378/102 3454/293/102 3928/390/102 3927/389/102
f 3454/293/102 3654/293/102 3925/388/102 3928/390/102
f 3671/292/102 3672/407/102 3930/392/102 3929/391/102
f 3672/407/102 3555/383/102 3931/392/102 3930/392/102
f 3555/383/102 3554/378/102 3932/393/102 3931/392/102
f 3554/378/102 3671/292/102 3929/391/102 3932/393/102
f 3672/407/102 3673/368/102 3934/395/102 3933/394/102
f 3673/368/102 3556/367/102 3935/396/102 3934/395/102
f 3556/367/102 3555/383/102 3936/397/102 3935/396/102
f 3555/383/102 3672/407/102 3933/394/102 3936/397/102
f 3658/316/101 3674/384/101 3938/399/101 3937/398/101
f 3674/384/101 3548/384/101 3939/400/101 3938/399/101
f 3548/384/101 3462/316/101 3940/398/101 3939/400/101
f 3462/316/101 3658/316/101 3937/398/101 3940/398/101
f 3674/384/101 3675/385/101 3942/402/101 3941/401/101
f 3675/385/101 3549/385/101 3943/402/101 3942/402/101
f 3549/385/101 3548/384/101 3944/401/101 3943/402/101
f 3548/384/101 3674/384/101 3941/401/101 3944/401/101
f 3675/385/101 3676/366/101 3946/404/101 3945/403/101
f 3676/366/101 3550/366/101 3947/405/101 3946/404/101
f 3550/366/101 3549/385/101 3948/403/101 3947/405/101
f 3549/385/101 3675/385/101 3945/403/101 3948/403/101
f 3656/360/101 3677/359/101 3950/418/101 3949/417/101
f 3677/359/101 3578/359/101 3951/418/101 3950/418/101
f 3578/359/101 3452/360/101 3952/417/101 3951/418/101
f 3452/360/101 3656/360/101 3949/417/101 3952/417/101
f 3677/359/101 3678/408/101 3954/420/101 3953/419/101
f 3678/408/101 3579/408/101 3955/421/101 3954/420/101
f 3579/408/101 3578/359/101 3956/419/101 3955/421/101
f 3578/359/101 3677/359/101 3953/419/101 3956/419/101
f 3678/408/101 3679/376/101 3958/423/101 3957/422/101
f 3679/376/101 3580/376/101 3959/424/101 3958/423/101
f 3580/376/101 3579/408/101 3960/425/101 3959/424/101
f 3579/408/101 3678/408/101 3957/422/101 3960/425/101
f 3661/457/102 3680/358/102 3962/427/102 3961/426/102
f 3680/358/102 3572/333/102 3963/427/102 3962/427/102
f 3572/333/102 3465/334/102 3964/426/102 3963/427/102
f 3465/334/102 3661/457/102 3961/426/102 3964/426/102
f 3680/358/102 3681/412/102 3966/429/102 3965/428/102
f 3681/412/102 3573/412/102 3967/430/102 3966/429/102
f 3573/412/102 3572/333/102 3968/428/102 3967/430/102
f 3572/333/102 3680/358/102 3965/428/102 3968/428/102
f 3681/412/102 3682/365/102 3970/432/102 3969/431/102
f 3682/365/102 3574/363/102 3971/432/102 3970/432/102
f 3574/363/102 3573/412/102 3972/433/102 3971/432/102
f 3573/412/102 3681/412/102 3969/431/102 3972/433/102
f 3685/295/101 3683/330/101 3974/436/101 3973/435/101
f 3683/330/101 3603/330/101 3975/437/101 3974/436/101
f 3603/330/101 3627/295/101 3976/438/101 3975/437/101
f 3627/295/101 3685/295/101 3973/435/101 3976/438/101
f 3660/338/102 3684/337/102 3978/441/102 3977/440/102
f 3684/337/102 3601/337/102 3979/442/102 3978/441/102
f 3601/337/102 3464/338/102 3980/443/102 3979/442/102
f 3464/338/102 3660/338/102 3977/440/102 3980/443/102
f 3662/296/101 3685/295/101 3982/445/101 3981/444/101
f 3685/295/101 3627/295/101 3983/446/101 3982/445/101
f 3627/295/101 3469/296/101 3984/447/101 3983/446/101
f 3469/296/101 3662/296/101 3981/444/101 3984/447/101
f 3684/337/102 3686/351/102 3986/449/102 3985/448/102
f 3686/351/102 3618/351/102 3987/449/102 3986/449/102
f 3618/351/102 3601/337/102 3988/450/102 3987/449/102
f 3601/337/102 3684/337/102 3985/448/102 3988/450/102
f 3663/331/101 3687/315/101 3990/452/101 3989/451/101
f 3687/315/101 3639/317/101 3991/453/101 3990/452/101
f 3639/317/101 3470/331/101 3992/454/101 3991/453/101
f 3470/331/101 3663/331/101 3989/451/101 3992/454/101
f 3659/342/102 3688/361/102 3994/456/102 3993/455/102
f 3688/361/102 3637/361/102 3995/456/102 3994/456/102
f 3637/361/102 3463/342/102 3996/455/102 3995/456/102
f 3463/342/102 3659/342/102 3993/455/102 3996/455/102
f 3519/296/104 3666/296/104 3998/296/104 3997/296/104
f 3666/296/104 3667/296/104 3999/296/104 3998/296/104
f 3667/296/104 3520/296/104 4000/296/104 3999/296/104
f 3520/296/104 3519/296/104 3997/296/104 4000/296/104
f 3518/296/104 3665/296/104 4002/296/104 4001/296/104
f 3665/296/104 3666/296/104 4003/296/104 4002/296/104
f 3666/296/104 3519/296/104 4004/296/104 4003/296/104
f 3519/296/104 3518/296/104 4001/296/104 4004/296/104
f 3461/296/104 3657/296/104 4006/296/104 4005/296/104
f 3657/296/104 3665/296/104 4007/296/104 4006/296/104
f 3665/296/104 3518/296/104 4008/296/104 4007/296/104
f 3518/296/104 3461/296/104 4005/296/104 4008/296/104
f 3520/296/104 3667/296/104 4010/296/104 4009/296/104
f 3667/296/104 3662/296/104 4011/458/104 4010/296/104
f 3662/296/104 3469/296/104 4012/296/104 4011/458/104
f 3469/296/104 3520/296/104 4009/296/104 4012/296/104
f 3653/364/104 3863/380/104 4014/568/104 4013/567/104
f 3863/380/104 3699/562/104 4015/569/104 4014/568/104
f 3699/562/104 3451/364/104 4016/570/104 4015/569/104
f 3451/364/104 3653/364/104 4013/567/104 4016/570/104
f 3863/380/104 3862/464/104 4018/572/104 4017/571/104
f 3862/464/104 3700/563/104 4019/573/104 4018/572/104
f 3700/563/104 3699/562/104 4020/574/104 4019/573/104
f 3699/562/104 3863/380/104 4017/571/104 4020/574/104
f 3862/464/104 3861/465/104 4022/576/104 4021/575/104
f 3861/465/104 3701/465/104 4023/576/104 4022/576/104
f 3701/465/104 3700/563/104 4024/575/104 4023/576/104
f 3700/563/104 3862/464/104 4021/575/104 4024/575/104
f 3861/465/104 3860/467/104 4026/578/104 4025/577/104
f 3860/467/104 3702/467/104 4027/579/104 4026/578/104
f 3702/467/104 3701/465/104 4028/580/104 4027/579/104
f 3701/465/104 3861/465/104 4025/577/104 4028/580/104
f 3860/467/104 3859/372/104 4030/582/104 4029/581/104
f 3859/372/104 3703/372/104 4031/582/104 4030/582/104
f 3703/372/104 3702/467/104 4032/581/104 4031/582/104
f 3702/467/104 3860/467/104 4029/581/104 4032/581/104
f 3655/329/103 3868/459/103 4034/584/103 4033/583/103
f 3868/459/103 3704/381/103 4035/585/103 4034/584/103
f 3704/381/103 3453/329/103 4036/586/103 4035/585/103
f 3453/329/103 3655/329/103 4033/583/103 4036/586/103
f 3868/459/103 3867/461/103 4038/588/103 4037/587/103
f 3867/461/103 3705/460/103 4039/589/103 4038/588/103
f 3705/460/103 3704/381/103 4040/590/103 4039/589/103
f 3704/381/103 3868/459/103 4037/587/103 4040/590/103
f 3867/461/103 3866/462/103 4042/592/103 4041/591/103
f 3866/462/103 3706/462/103 4043/593/103 4042/592/103
f 3706/462/103 3705/460/103 4044/594/103 4043/593/103
f 3705/460/103 3867/461/103 4041/591/103 4044/594/103
f 3866/462/103 3865/463/103 4046/596/103 4045/595/103
f 3865/463/103 3707/463/103 4047/597/103 4046/596/103
f 3707/463/103 3706/462/103 4048/598/103 4047/597/103
f 3706/462/103 3866/462/103 4045/595/103 4048/598/103
f 3865/463/103 3864/374/103 4050/600/103 4049/599/103
f 3864/374/103 3708/374/103 4051/601/103 4050/600/103
f 3708/374/103 3707/463/103 4052/602/103 4051/601/103
f 3707/463/103 3865/463/103 4049/599/103 4052/602/103
f 4400/291/99 4157/292/99 4056/293/99 4304/294/99
f 4235/295/100 4089/296/100 4111/296/100 4237/297/100
f 4258/315/99 4120/316/99 4074/316/99 4244/315/99
f 4245/317/99 4077/316/99 4107/316/99 4250/318/99
f 4495/319/101 4496/320/101 4497/321/101 4498/319/101
f 4499/322/102 4500/323/102 4501/323/102 4502/324/102
f 4126/296/99 4075/296/99 4105/296/99 4144/296/99
f 4081/329/101 4059/329/101 4093/329/101 4103/329/101
f 4209/330/99 4076/331/99 4106/331/99 4214/330/99
f 4430/332/99 4175/333/99 4066/334/99 4315/335/99
f 4440/336/99 4206/337/99 4065/338/99 4320/339/99
f 4460/340/99 4242/341/99 4064/342/99 4325/343/99
f 4224/351/99 4071/334/99 4095/334/99 4226/351/99
f 4273/296/104 4129/296/104 4072/296/104 4268/296/104
f 4222/353/99 4121/354/99 4073/331/99 4208/330/99
f 4389/291/100 4339/355/100 4082/293/100 4166/356/100
f 4255/315/100 4132/331/100 4088/331/100 4248/315/100
f 4419/357/100 4344/335/100 4083/334/100 4187/358/100
f 4439/336/100 4349/339/100 4087/338/100 4211/337/100
f 4459/340/100 4354/343/100 4086/342/100 4247/341/100
f 4240/295/100 4138/296/100 4089/296/100 4235/295/100
f 4190/359/100 4079/360/100 4097/360/100 4202/359/100
f 4243/361/99 4070/338/99 4100/338/99 4249/362/99
f 4180/363/99 4057/364/99 4091/364/99 4195/365/99
f 4156/366/101 4059/329/101 4081/329/101 4165/366/101
f 4187/358/100 4083/334/100 4102/334/100 4199/358/100
f 4162/367/99 4069/342/99 4099/342/99 4171/368/99
f 4214/330/105 4106/331/105 4112/331/105 4216/369/105
f 4171/368/106 4099/342/106 4110/342/106 4174/370/106
f 4359/371/104 4092/360/104 4097/360/104 4369/372/104
f 4195/365/107 4091/364/107 4098/364/107 4201/373/107
f 4226/351/102 4095/334/102 4102/334/102 4227/351/102
f 4364/374/108 4094/293/108 4104/293/108 4374/375/108
f 4198/376/101 4096/296/101 4109/296/101 4204/376/101
f 4250/318/109 4107/316/109 4113/316/109 4252/317/109
f 4249/362/102 4100/338/102 4101/338/102 4251/361/102
f 4144/296/104 4105/296/104 4111/296/104 4150/296/104
f 4141/377/110 4108/316/110 4114/316/110 4147/316/110
f 4166/356/100 4082/293/100 4104/293/100 4172/378/100
f 4186/376/99 4067/296/99 4096/296/99 4198/376/99
f 4330/379/100 4078/364/100 4098/364/100 4365/380/100
f 4248/315/100 4088/331/100 4112/331/100 4252/317/100
f 4309/372/99 4058/360/99 4092/360/99 4359/371/99
f 4247/341/100 4086/342/100 4110/342/100 4251/361/100
f 4068/316/102 4080/316/102 4114/316/102 4108/316/102
f 4133/316/100 4090/316/100 4113/316/100 4145/377/100
f 4211/337/100 4087/338/100 4101/338/100 4215/337/100
f 4335/381/100 4081/329/100 4103/329/100 4370/382/100
f 4136/296/100 4084/296/100 4109/296/100 4148/296/100
f 4117/316/99 4068/316/99 4108/316/99 4141/377/99
f 4314/374/99 4060/293/99 4094/293/99 4364/374/99
f 4077/316/99 4115/316/99 4139/316/99 4107/316/99
f 4115/316/99 4116/352/99 4140/352/99 4139/316/99
f 4116/352/99 4117/316/99 4141/377/99 4140/352/99
f 4089/296/100 4138/296/100 4150/296/100 4111/296/100
f 4138/296/100 4137/296/100 4149/296/100 4150/296/100
f 4137/296/100 4136/296/100 4148/296/100 4149/296/100
f 4080/316/100 4135/316/100 4147/316/100 4114/316/100
f 4135/316/100 4134/316/100 4146/316/100 4147/316/100
f 4134/316/100 4133/316/100 4145/377/100 4146/316/100
f 4107/316/110 4139/316/110 4145/377/110 4113/316/110
f 4139/316/110 4140/352/110 4146/316/110 4145/377/110
f 4140/352/110 4141/377/110 4147/316/110 4146/316/110
f 4096/296/104 4142/296/104 4148/296/104 4109/296/104
f 4142/296/104 4143/296/104 4149/296/104 4148/296/104
f 4143/296/104 4144/296/104 4150/296/104 4149/296/104
f 4234/295/100 4084/296/100 4136/296/100 4238/295/100
f 4238/295/100 4136/296/100 4137/296/100 4239/295/100
f 4239/295/100 4137/296/100 4138/296/100 4240/295/100
f 4246/315/100 4085/331/100 4130/331/100 4253/315/100
f 4253/315/100 4130/331/100 4131/331/100 4254/315/100
f 4254/315/100 4131/331/100 4132/331/100 4255/315/100
f 4205/353/99 4062/331/99 4123/331/99 4220/353/99
f 4220/353/99 4123/331/99 4122/354/99 4221/353/99
f 4221/353/99 4122/354/99 4121/354/99 4222/353/99
f 4263/296/104 4061/296/104 4127/296/104 4271/296/104
f 4271/296/104 4127/296/104 4128/296/104 4272/296/104
f 4272/296/104 4128/296/104 4129/296/104 4273/296/104
f 4527/316/104 4528/352/104 4529/316/104 4530/316/104
f 4067/296/99 4124/296/99 4142/296/99 4096/296/99
f 4124/296/99 4125/296/99 4143/296/99 4142/296/99
f 4125/296/99 4126/296/99 4144/296/99 4143/296/99
f 4241/315/99 4063/316/99 4118/316/99 4256/315/99
f 4256/315/99 4118/316/99 4119/316/99 4257/315/99
f 4257/315/99 4119/316/99 4120/316/99 4258/315/99
f 4086/342/100 4168/367/100 4174/370/100 4110/342/100
f 4168/367/100 4167/383/100 4173/383/100 4174/370/100
f 4167/383/100 4166/356/100 4172/378/100 4173/383/100
f 4094/293/106 4169/292/106 4172/378/106 4104/293/106
f 4169/292/106 4170/383/106 4173/383/106 4172/378/106
f 4170/383/106 4171/368/106 4174/370/106 4173/383/106
f 4060/293/99 4160/378/99 4169/292/99 4094/293/99
f 4160/378/99 4161/383/99 4170/383/99 4169/292/99
f 4161/383/99 4162/367/99 4171/368/99 4170/383/99
f 4068/316/101 4154/384/101 4163/384/101 4080/316/101
f 4154/384/101 4155/385/101 4164/385/101 4163/384/101
f 4155/385/101 4156/366/101 4165/366/101 4164/385/101
f 4354/343/100 4379/386/100 4168/367/100 4086/342/100
f 4379/386/100 4384/387/100 4167/383/100 4168/367/100
f 4384/387/100 4389/291/100 4166/356/100 4167/383/100
f 4535/391/101 4536/392/101 4537/392/101 4538/393/101
f 4547/401/102 4548/402/102 4549/402/102 4550/401/102
f 4325/343/99 4064/342/99 4159/368/99 4390/406/99
f 4390/406/99 4159/368/99 4158/407/99 4395/387/99
f 4395/387/99 4158/407/99 4157/292/99 4400/291/99
f 4058/360/99 4184/359/99 4196/359/99 4092/360/99
f 4184/359/99 4185/408/99 4197/408/99 4196/359/99
f 4185/408/99 4186/376/99 4198/376/99 4197/408/99
f 4092/360/101 4196/359/101 4202/359/101 4097/360/101
f 4196/359/101 4197/408/101 4203/408/101 4202/359/101
f 4197/408/101 4198/376/101 4204/376/101 4203/408/101
f 4095/334/107 4193/333/107 4199/358/107 4102/334/107
f 4193/333/107 4194/409/107 4200/410/107 4199/358/107
f 4194/409/107 4195/365/107 4201/373/107 4200/410/107
f 4078/364/100 4189/363/100 4201/373/100 4098/364/100
f 4189/363/100 4188/411/100 4200/410/100 4201/373/100
f 4188/411/100 4187/358/100 4199/358/100 4200/410/100
f 4071/334/99 4178/333/99 4193/333/99 4095/334/99
f 4178/333/99 4179/412/99 4194/409/99 4193/333/99
f 4179/412/99 4180/363/99 4195/365/99 4194/409/99
f 4084/296/100 4192/376/100 4204/376/100 4109/296/100
f 4192/376/100 4191/408/100 4203/408/100 4204/376/100
f 4191/408/100 4190/359/100 4202/359/100 4203/408/100
f 4330/379/100 4409/413/100 4189/363/100 4078/364/100
f 4409/413/100 4414/414/100 4188/411/100 4189/363/100
f 4414/414/100 4419/357/100 4187/358/100 4188/411/100
f 4295/380/99 4055/364/99 4177/365/99 4420/415/99
f 4420/415/99 4177/365/99 4176/412/99 4425/416/99
f 4425/416/99 4176/412/99 4175/333/99 4430/332/99
f 4563/422/102 4564/423/102 4565/424/102 4566/425/102
f 4571/428/101 4572/429/101 4573/430/101 4574/428/101
f 4229/295/99 4221/353/99 4222/353/99 4230/295/99
f 4228/295/99 4220/353/99 4221/353/99 4229/295/99
f 4231/295/99 4205/353/99 4220/353/99 4228/295/99
f 4131/331/100 4218/353/100 4219/353/100 4132/331/100
f 4130/331/100 4217/353/100 4218/353/100 4131/331/100
f 4085/331/100 4210/353/100 4217/353/100 4130/331/100
f 4225/351/100 4211/337/100 4215/337/100 4227/351/100
f 4100/338/102 4213/337/102 4215/337/102 4101/338/102
f 4236/297/105 4214/330/105 4216/369/105 4237/297/105
f 4132/331/100 4219/353/100 4212/353/100 4088/331/100
f 4454/434/100 4439/336/100 4211/337/100 4225/351/100
f 4230/295/99 4222/353/99 4208/330/99 4232/295/99
f 4070/338/99 4207/337/99 4213/337/99 4100/338/99
f 4579/435/102 4580/436/102 4581/437/102 4582/438/102
f 4445/439/99 4223/351/99 4206/337/99 4440/336/99
f 4233/295/99 4209/330/99 4214/330/99 4236/297/99
f 4088/331/100 4212/353/100 4216/369/100 4112/331/100
f 4075/296/99 4233/295/99 4236/297/99 4105/296/99
f 4315/335/99 4066/334/99 4223/351/99 4445/439/99
f 4129/296/99 4230/295/99 4232/295/99 4072/296/99
f 4344/335/100 4454/434/100 4225/351/100 4083/334/100
f 4105/296/105 4236/297/105 4237/297/105 4111/296/105
f 4083/334/100 4225/351/100 4227/351/100 4102/334/100
f 4061/296/99 4231/295/99 4228/295/99 4127/296/99
f 4127/296/99 4228/295/99 4229/295/99 4128/296/99
f 4128/296/99 4229/295/99 4230/295/99 4129/296/99
f 4218/353/100 4239/295/100 4240/295/100 4219/353/100
f 4217/353/100 4238/295/100 4239/295/100 4218/353/100
f 4210/353/100 4234/295/100 4238/295/100 4217/353/100
f 4213/337/102 4226/351/102 4227/351/102 4215/337/102
f 4219/353/100 4240/295/100 4235/295/100 4212/353/100
f 4207/337/99 4224/351/99 4226/351/99 4213/337/99
f 4591/448/101 4592/449/101 4593/449/101 4594/450/101
f 4212/353/100 4235/295/100 4237/297/100 4216/369/100
f 4122/354/99 4257/315/99 4258/315/99 4121/354/99
f 4123/331/99 4256/315/99 4257/315/99 4122/354/99
f 4062/331/99 4241/315/99 4256/315/99 4123/331/99
f 4134/316/100 4254/315/100 4255/315/100 4133/316/100
f 4135/316/100 4253/315/100 4254/315/100 4134/316/100
f 4080/316/100 4246/315/100 4253/315/100 4135/316/100
f 4087/338/100 4247/341/100 4251/361/100 4101/338/100
f 4090/316/100 4248/315/100 4252/317/100 4113/316/100
f 4099/342/102 4249/362/102 4251/361/102 4110/342/102
f 4106/331/109 4250/318/109 4252/317/109 4112/331/109
f 4069/342/99 4243/361/99 4249/362/99 4099/342/99
f 4349/339/100 4459/340/100 4247/341/100 4087/338/100
f 4133/316/100 4255/315/100 4248/315/100 4090/316/100
f 4595/451/101 4596/452/101 4597/453/101 4598/454/101
f 4320/339/99 4065/338/99 4242/341/99 4460/340/99
f 4076/331/99 4245/317/99 4250/318/99 4106/331/99
f 4121/354/99 4258/315/99 4244/315/99 4073/331/99
f 4064/342/102 4242/341/102 4294/361/102 4265/342/102
f 4073/331/101 4244/315/101 4293/315/101 4269/331/101
f 4206/337/102 4223/351/102 4292/351/102 4290/337/102
f 4072/296/101 4232/295/101 4291/295/101 4268/296/101
f 4065/338/102 4206/337/102 4290/337/102 4266/338/102
f 4232/295/101 4208/330/101 4289/330/101 4291/295/101
f 4176/412/102 4177/365/102 4288/365/102 4287/412/102
f 4175/333/102 4176/412/102 4287/412/102 4286/358/102
f 4066/334/102 4175/333/102 4286/358/102 4267/457/102
f 4182/408/101 4183/376/101 4285/376/101 4284/408/101
f 4181/359/101 4182/408/101 4284/408/101 4283/359/101
f 4053/360/101 4181/359/101 4283/359/101 4262/360/101
f 4152/385/101 4153/366/101 4282/366/101 4281/385/101
f 4151/384/101 4152/385/101 4281/385/101 4280/384/101
f 4063/316/101 4151/384/101 4280/384/101 4264/316/101
f 4158/407/102 4159/368/102 4279/368/102 4278/407/102
f 4157/292/102 4158/407/102 4278/407/102 4277/292/102
f 4056/293/102 4157/292/102 4277/292/102 4260/293/102
f 4119/316/103 4275/316/103 4276/316/103 4120/316/103
f 4118/316/103 4274/316/103 4275/316/103 4119/316/103
f 4063/316/103 4264/316/103 4274/316/103 4118/316/103
f 4607/296/103 4608/296/103 4609/296/103 4610/296/103
f 4120/316/103 4276/316/103 4270/316/103 4074/316/103
f 4244/315/101 4074/316/101 4270/316/101 4293/315/101
f 4208/330/101 4073/331/101 4269/331/101 4289/330/101
f 4223/351/102 4066/334/102 4267/457/102 4292/351/102
f 4242/341/102 4065/338/102 4266/338/102 4294/361/102
f 4159/368/102 4064/342/102 4265/342/102 4279/368/102
f 4183/376/101 4061/296/101 4263/296/101 4285/376/101
f 4299/371/104 4053/360/104 4262/360/104 4465/372/104
f 4304/294/103 4056/293/103 4260/293/103 4470/374/103
f 4153/366/101 4054/329/101 4261/329/101 4282/366/101
f 4177/365/102 4055/364/102 4259/364/102 4288/365/102
f 4054/329/103 4300/381/103 4474/459/103 4261/329/103
f 4300/381/103 4301/460/103 4473/461/103 4474/459/103
f 4301/460/103 4302/462/103 4472/462/103 4473/461/103
f 4302/462/103 4303/463/103 4471/463/103 4472/462/103
f 4303/463/103 4304/294/103 4470/374/103 4471/463/103
f 4055/364/104 4295/380/104 4469/380/104 4259/364/104
f 4295/380/104 4296/464/104 4468/464/104 4469/380/104
f 4296/464/104 4297/465/104 4467/465/104 4468/464/104
f 4297/465/104 4298/466/104 4466/467/104 4467/465/104
f 4298/466/104 4299/371/104 4465/372/104 4466/467/104
f 4062/331/99 4324/468/99 4464/469/99 4241/315/99
f 4324/468/99 4323/470/99 4463/471/99 4464/469/99
f 4323/470/99 4322/472/99 4462/473/99 4463/471/99
f 4322/472/99 4321/474/99 4461/475/99 4462/473/99
f 4321/474/99 4320/339/99 4460/340/99 4461/475/99
f 4085/331/100 4246/315/100 4455/476/100 4345/477/100
f 4345/477/100 4455/476/100 4456/478/100 4346/479/100
f 4346/479/100 4456/478/100 4457/473/100 4347/480/100
f 4347/480/100 4457/473/100 4458/481/100 4348/482/100
f 4348/482/100 4458/481/100 4459/340/100 4349/339/100
f 4084/296/100 4234/295/100 4450/483/100 4340/484/100
f 4340/484/100 4450/483/100 4451/485/100 4341/486/100
f 4341/486/100 4451/485/100 4452/487/100 4342/488/100
f 4342/488/100 4452/487/100 4453/489/100 4343/490/100
f 4343/490/100 4453/489/100 4454/434/100 4344/335/100
f 4061/296/99 4319/491/99 4449/492/99 4231/295/99
f 4319/491/99 4318/493/99 4448/494/99 4449/492/99
f 4318/493/99 4317/495/99 4447/487/99 4448/494/99
f 4317/495/99 4316/496/99 4446/497/99 4447/487/99
f 4316/496/99 4315/335/99 4445/439/99 4446/497/99
f 4231/295/99 4449/492/99 4444/498/99 4205/353/99
f 4449/492/99 4448/494/99 4443/499/99 4444/498/99
f 4448/494/99 4447/487/99 4442/500/99 4443/499/99
f 4447/487/99 4446/497/99 4441/501/99 4442/500/99
f 4446/497/99 4445/439/99 4440/336/99 4441/501/99
f 4234/295/100 4210/353/100 4435/502/100 4450/483/100
f 4450/483/100 4435/502/100 4436/503/100 4451/485/100
f 4451/485/100 4436/503/100 4437/504/100 4452/487/100
f 4452/487/100 4437/504/100 4438/505/100 4453/489/100
f 4453/489/100 4438/505/100 4439/336/100 4454/434/100
f 4182/408/99 4429/506/99 4434/507/99 4183/376/99
f 4429/506/99 4428/508/99 4433/509/99 4434/507/99
f 4428/508/99 4427/510/99 4432/511/99 4433/509/99
f 4427/510/99 4426/512/99 4431/513/99 4432/511/99
f 4426/512/99 4425/416/99 4430/332/99 4431/513/99
f 4181/359/99 4424/514/99 4429/506/99 4182/408/99
f 4424/514/99 4423/515/99 4428/508/99 4429/506/99
f 4423/515/99 4422/516/99 4427/510/99 4428/508/99
f 4422/516/99 4421/517/99 4426/512/99 4427/510/99
f 4421/517/99 4420/415/99 4425/416/99 4426/512/99
f 4053/360/99 4299/371/99 4424/514/99 4181/359/99
f 4299/371/99 4298/466/99 4423/515/99 4424/514/99
f 4298/466/99 4297/465/99 4422/516/99 4423/515/99
f 4297/465/99 4296/464/99 4421/517/99 4422/516/99
f 4296/464/99 4295/380/99 4420/415/99 4421/517/99
f 4191/408/100 4192/376/100 4415/518/100 4410/519/100
f 4410/519/100 4415/518/100 4416/520/100 4411/521/100
f 4411/521/100 4416/520/100 4417/511/100 4412/522/100
f 4412/522/100 4417/511/100 4418/523/100 4413/524/100
f 4413/524/100 4418/523/100 4419/357/100 4414/414/100
f 4190/359/100 4191/408/100 4410/519/100 4405/525/100
f 4405/525/100 4410/519/100 4411/521/100 4406/526/100
f 4406/526/100 4411/521/100 4412/522/100 4407/527/100
f 4407/527/100 4412/522/100 4413/524/100 4408/528/100
f 4408/528/100 4413/524/100 4414/414/100 4409/413/100
f 4079/360/100 4190/359/100 4405/525/100 4334/372/100
f 4334/372/100 4405/525/100 4406/526/100 4333/467/100
f 4333/467/100 4406/526/100 4407/527/100 4332/465/100
f 4332/465/100 4407/527/100 4408/528/100 4331/464/100
f 4331/464/100 4408/528/100 4409/413/100 4330/379/100
f 4152/385/99 4399/529/99 4404/530/99 4153/366/99
f 4399/529/99 4398/531/99 4403/532/99 4404/530/99
f 4398/531/99 4397/533/99 4402/534/99 4403/532/99
f 4397/533/99 4396/535/99 4401/536/99 4402/534/99
f 4396/535/99 4395/387/99 4400/291/99 4401/536/99
f 4151/384/99 4394/537/99 4399/529/99 4152/385/99
f 4394/537/99 4393/538/99 4398/531/99 4399/529/99
f 4393/538/99 4392/539/99 4397/533/99 4398/531/99
f 4392/539/99 4391/540/99 4396/535/99 4397/533/99
f 4391/540/99 4390/406/99 4395/387/99 4396/535/99
f 4063/316/99 4329/541/99 4394/537/99 4151/384/99
f 4329/541/99 4328/542/99 4393/538/99 4394/537/99
f 4328/542/99 4327/543/99 4392/539/99 4393/538/99
f 4327/543/99 4326/544/99 4391/540/99 4392/539/99
f 4326/544/99 4325/343/99 4390/406/99 4391/540/99
f 4164/385/100 4165/366/100 4385/545/100 4380/546/100
f 4380/546/100 4385/545/100 4386/547/100 4381/548/100
f 4381/548/100 4386/547/100 4387/549/100 4382/533/100
f 4382/533/100 4387/549/100 4388/550/100 4383/551/100
f 4383/551/100 4388/550/100 4389/291/100 4384/387/100
f 4163/384/100 4164/385/100 4380/546/100 4375/552/100
f 4375/552/100 4380/546/100 4381/548/100 4376/553/100
f 4376/553/100 4381/548/100 4382/533/100 4377/539/100
f 4377/539/100 4382/533/100 4383/551/100 4378/554/100
f 4378/554/100 4383/551/100 4384/387/100 4379/386/100
f 4080/316/100 4163/384/100 4375/552/100 4350/555/100
f 4350/555/100 4375/552/100 4376/553/100 4351/556/100
f 4351/556/100 4376/553/100 4377/539/100 4352/543/100
f 4352/543/100 4377/539/100 4378/554/100 4353/557/100
f 4353/557/100 4378/554/100 4379/386/100 4354/343/100
f 4059/329/99 4310/381/99 4360/381/99 4093/329/99
f 4310/381/99 4311/460/99 4361/558/99 4360/381/99
f 4311/460/99 4312/462/99 4362/462/99 4361/558/99
f 4312/462/99 4313/463/99 4363/463/99 4362/462/99
f 4313/463/99 4314/374/99 4364/374/99 4363/463/99
f 4082/293/100 4339/355/100 4374/375/100 4104/293/100
f 4339/355/100 4338/463/100 4373/559/100 4374/375/100
f 4338/463/100 4337/560/100 4372/462/100 4373/559/100
f 4337/560/100 4336/561/100 4371/561/100 4372/462/100
f 4336/561/100 4335/381/100 4370/382/100 4371/561/100
f 4057/364/99 4305/562/99 4355/562/99 4091/364/99
f 4305/562/99 4306/563/99 4356/563/99 4355/562/99
f 4306/563/99 4307/465/99 4357/564/99 4356/563/99
f 4307/465/99 4308/467/99 4358/565/99 4357/564/99
f 4308/467/99 4309/372/99 4359/371/99 4358/565/99
f 4079/360/100 4334/372/100 4369/372/100 4097/360/100
f 4334/372/100 4333/467/100 4368/467/100 4369/372/100
f 4333/467/100 4332/465/100 4367/564/100 4368/467/100
f 4332/465/100 4331/464/100 4366/566/100 4367/564/100
f 4331/464/100 4330/379/100 4365/380/100 4366/566/100
f 4093/329/108 4360/381/108 4370/382/108 4103/329/108
f 4360/381/108 4361/558/108 4371/561/108 4370/382/108
f 4361/558/108 4362/462/108 4372/462/108 4371/561/108
f 4362/462/108 4363/463/108 4373/559/108 4372/462/108
f 4363/463/108 4364/374/108 4374/375/108 4373/559/108
f 4091/364/104 4355/562/104 4365/380/104 4098/364/104
f 4355/562/104 4356/563/104 4366/566/104 4365/380/104
f 4356/563/104 4357/564/104 4367/564/104 4366/566/104
f 4357/564/104 4358/565/104 4368/467/104 4367/564/104
f 4358/565/104 4359/371/104 4369/372/104 4368/467/104
f 4246/315/100 4080/316/100 4350/555/100 4455/476/100
f 4455/476/100 4350/555/100 4351/556/100 4456/478/100
f 4456/478/100 4351/556/100 4352/543/100 4457/473/100
f 4457/473/100 4352/543/100 4353/557/100 4458/481/100
f 4458/481/100 4353/557/100 4354/343/100 4459/340/100
f 4210/353/100 4085/331/100 4345/477/100 4435/502/100
f 4435/502/100 4345/477/100 4346/479/100 4436/503/100
f 4436/503/100 4346/479/100 4347/480/100 4437/504/100
f 4437/504/100 4347/480/100 4348/482/100 4438/505/100
f 4438/505/100 4348/482/100 4349/339/100 4439/336/100
f 4192/376/100 4084/296/100 4340/484/100 4415/518/100
f 4415/518/100 4340/484/100 4341/486/100 4416/520/100
f 4416/520/100 4341/486/100 4342/488/100 4417/511/100
f 4417/511/100 4342/488/100 4343/490/100 4418/523/100
f 4418/523/100 4343/490/100 4344/335/100 4419/357/100
f 4165/366/100 4081/329/100 4335/381/100 4385/545/100
f 4385/545/100 4335/381/100 4336/561/100 4386/547/100
f 4386/547/100 4336/561/100 4337/560/100 4387/549/100
f 4387/549/100 4337/560/100 4338/463/100 4388/550/100
f 4388/550/100 4338/463/100 4339/355/100 4389/291/100
f 4241/315/99 4464/469/99 4329/541/99 4063/316/99
f 4464/469/99 4463/471/99 4328/542/99 4329/541/99
f 4463/471/99 4462/473/99 4327/543/99 4328/542/99
f 4462/473/99 4461/475/99 4326/544/99 4327/543/99
f 4461/475/99 4460/340/99 4325/343/99 4326/544/99
f 4205/353/99 4444/498/99 4324/468/99 4062/331/99
f 4444/498/99 4443/499/99 4323/470/99 4324/468/99
f 4443/499/99 4442/500/99 4322/472/99 4323/470/99
f 4442/500/99 4441/501/99 4321/474/99 4322/472/99
f 4441/501/99 4440/336/99 4320/339/99 4321/474/99
f 4183/376/99 4434/507/99 4319/491/99 4061/296/99
f 4434/507/99 4433/509/99 4318/493/99 4319/491/99
f 4433/509/99 4432/511/99 4317/495/99 4318/493/99
f 4432/511/99 4431/513/99 4316/496/99 4317/495/99
f 4431/513/99 4430/332/99 4315/335/99 4316/496/99
f 4623/571/104 4624/572/104 4625/573/104 4626/574/104
f 4631/577/104 4632/578/104 4633/579/104 4634/580/104
f 4643/587/103 4644/588/103 4645/589/103 4646/590/103
f 4655/599/103 4656/600/103 4657/601/103 4658/602/103
f 4153/366/99 4404/530/99 4300/381/99 4054/329/99
f 4404/530/99 4403/532/99 4301/460/99 4300/381/99
f 4403/532/99 4402/534/99 4302/462/99 4301/460/99
f 4402/534/99 4401/536/99 4303/463/99 4302/462/99
f 4401/536/99 4400/291/99 4304/294/99 4303/463/99
f 4288/365/102 4259/364/102 4476/299/102 4475/298/102
f 4259/364/102 4057/364/102 4477/300/102 4476/299/102
f 4057/364/102 4180/363/102 4478/301/102 4477/300/102
f 4180/363/102 4288/365/102 4475/298/102 4478/301/102
f 4282/366/101 4261/329/101 4480/303/101 4479/302/101
f 4261/329/101 4059/329/101 4481/303/101 4480/303/101
f 4059/329/101 4156/366/101 4482/304/101 4481/303/101
f 4156/366/101 4282/366/101 4479/302/101 4482/304/101
f 4470/374/103 4260/293/103 4484/306/103 4483/305/103
f 4260/293/103 4060/293/103 4485/307/103 4484/306/103
f 4060/293/103 4314/374/103 4486/308/103 4485/307/103
f 4314/374/103 4470/374/103 4483/305/103 4486/308/103
f 4465/372/104 4262/360/104 4488/310/104 4487/309/104
f 4262/360/104 4058/360/104 4489/311/104 4488/310/104
f 4058/360/104 4309/372/104 4490/312/104 4489/311/104
f 4309/372/104 4465/372/104 4487/309/104 4490/312/104
f 4285/376/101 4263/296/101 4492/314/101 4491/313/101
f 4263/296/101 4067/296/101 4493/314/101 4492/314/101
f 4067/296/101 4186/376/101 4494/313/101 4493/314/101
f 4186/376/101 4285/376/101 4491/313/101 4494/313/101
f 4279/368/102 4265/342/102 4496/320/102 4495/319/102
f 4265/342/102 4069/342/102 4497/321/102 4496/320/102
f 4069/342/102 4162/367/102 4498/319/102 4497/321/102
f 4162/367/102 4279/368/102 4495/319/102 4498/319/102
f 4294/361/102 4266/338/102 4500/323/102 4499/322/102
f 4266/338/102 4070/338/102 4501/323/102 4500/323/102
f 4070/338/102 4243/361/102 4502/324/102 4501/323/102
f 4243/361/102 4294/361/102 4499/322/102 4502/324/102
f 4292/351/102 4267/457/102 4504/326/102 4503/325/102
f 4267/457/102 4071/334/102 4505/327/102 4504/326/102
f 4071/334/102 4224/351/102 4506/328/102 4505/327/102
f 4224/351/102 4292/351/102 4503/325/102 4506/328/102
f 4289/330/101 4269/331/101 4508/345/101 4507/344/101
f 4269/331/101 4076/331/101 4509/345/101 4508/345/101
f 4076/331/101 4209/330/101 4510/346/101 4509/345/101
f 4209/330/101 4289/330/101 4507/344/101 4510/346/101
f 4293/315/101 4270/316/101 4512/348/101 4511/347/101
f 4270/316/101 4077/316/101 4513/349/101 4512/348/101
f 4077/316/101 4245/317/101 4514/350/101 4513/349/101
f 4245/317/101 4293/315/101 4511/347/101 4514/350/101
f 4276/316/103 4115/316/103 4516/316/103 4515/316/103
f 4115/316/103 4077/316/103 4517/316/103 4516/316/103
f 4077/316/103 4270/316/103 4518/352/103 4517/316/103
f 4270/316/103 4276/316/103 4515/316/103 4518/352/103
f 4264/316/103 4068/316/103 4520/316/103 4519/316/103
f 4068/316/103 4117/316/103 4521/316/103 4520/316/103
f 4117/316/103 4274/316/103 4522/316/103 4521/316/103
f 4274/316/103 4264/316/103 4519/316/103 4522/316/103
f 4274/316/103 4117/316/103 4524/352/103 4523/316/103
f 4117/316/103 4116/352/103 4525/316/103 4524/352/103
f 4116/352/103 4275/316/103 4526/316/103 4525/316/103
f 4275/316/103 4274/316/103 4523/316/103 4526/316/103
f 4275/316/103 4116/352/103 4528/352/103 4527/316/103
f 4116/352/103 4115/316/103 4529/316/103 4528/352/103
f 4115/316/103 4276/316/103 4530/316/103 4529/316/103
f 4276/316/103 4275/316/103 4527/316/103 4530/316/103
f 4260/293/102 4277/292/102 4532/389/102 4531/388/102
f 4277/292/102 4160/378/102 4533/389/102 4532/389/102
f 4160/378/102 4060/293/102 4534/390/102 4533/389/102
f 4060/293/102 4260/293/102 4531/388/102 4534/390/102
f 4277/292/102 4278/407/102 4536/392/102 4535/391/102
f 4278/407/102 4161/383/102 4537/392/102 4536/392/102
f 4161/383/102 4160/378/102 4538/393/102 4537/392/102
f 4160/378/102 4277/292/102 4535/391/102 4538/393/102
f 4278/407/102 4279/368/102 4540/395/102 4539/394/102
f 4279/368/102 4162/367/102 4541/396/102 4540/395/102
f 4162/367/102 4161/383/102 4542/397/102 4541/396/102
f 4161/383/102 4278/407/102 4539/394/102 4542/397/102
f 4264/316/101 4280/384/101 4544/399/101 4543/398/101
f 4280/384/101 4154/384/101 4545/400/101 4544/399/101
f 4154/384/101 4068/316/101 4546/398/101 4545/400/101
f 4068/316/101 4264/316/101 4543/398/101 4546/398/101
f 4280/384/101 4281/385/101 4548/402/101 4547/401/101
f 4281/385/101 4155/385/101 4549/402/101 4548/402/101
f 4155/385/101 4154/384/101 4550/401/101 4549/402/101
f 4154/384/101 4280/384/101 4547/401/101 4550/401/101
f 4281/385/101 4282/366/101 4552/404/101 4551/403/101
f 4282/366/101 4156/366/101 4553/405/101 4552/404/101
f 4156/366/101 4155/385/101 4554/403/101 4553/405/101
f 4155/385/101 4281/385/101 4551/403/101 4554/403/101
f 4262/360/101 4283/359/101 4556/418/101 4555/417/101
f 4283/359/101 4184/359/101 4557/418/101 4556/418/101
f 4184/359/101 4058/360/101 4558/417/101 4557/418/101
f 4058/360/101 4262/360/101 4555/417/101 4558/417/101
f 4283/359/101 4284/408/101 4560/420/101 4559/419/101
f 4284/408/101 4185/408/101 4561/421/101 4560/420/101
f 4185/408/101 4184/359/101 4562/419/101 4561/421/101
f 4184/359/101 4283/359/101 4559/419/101 4562/419/101
f 4284/408/101 4285/376/101 4564/423/101 4563/422/101
f 4285/376/101 4186/376/101 4565/424/101 4564/423/101
f 4186/376/101 4185/408/101 4566/425/101 4565/424/101
f 4185/408/101 4284/408/101 4563/422/101 4566/425/101
f 4267/457/102 4286/358/102 4568/427/102 4567/426/102
f 4286/358/102 4178/333/102 4569/427/102 4568/427/102
f 4178/333/102 4071/334/102 4570/426/102 4569/427/102
f 4071/334/102 4267/457/102 4567/426/102 4570/426/102
f 4286/358/102 4287/412/102 4572/429/102 4571/428/102
f 4287/412/102 4179/412/102 4573/430/102 4572/429/102
f 4179/412/102 4178/333/102 4574/428/102 4573/430/102
f 4178/333/102 4286/358/102 4571/428/102 4574/428/102
f 4287/412/102 4288/365/102 4576/432/102 4575/431/102
f 4288/365/102 4180/363/102 4577/432/102 4576/432/102
f 4180/363/102 4179/412/102 4578/433/102 4577/432/102
f 4179/412/102 4287/412/102 4575/431/102 4578/433/102
f 4291/295/101 4289/330/101 4580/436/101 4579/435/101
f 4289/330/101 4209/330/101 4581/437/101 4580/436/101
f 4209/330/101 4233/295/101 4582/438/101 4581/437/101
f 4233/295/101 4291/295/101 4579/435/101 4582/438/101
f 4266/338/102 4290/337/102 4584/441/102 4583/440/102
f 4290/337/102 4207/337/102 4585/442/102 4584/441/102
f 4207/337/102 4070/338/102 4586/443/102 4585/442/102
f 4070/338/102 4266/338/102 4583/440/102 4586/443/102
f 4268/296/101 4291/295/101 4588/445/101 4587/444/101
f 4291/295/101 4233/295/101 4589/446/101 4588/445/101
f 4233/295/101 4075/296/101 4590/447/101 4589/446/101
f 4075/296/101 4268/296/101 4587/444/101 4590/447/101
f 4290/337/102 4292/351/102 4592/449/102 4591/448/102
f 4292/351/102 4224/351/102 4593/449/102 4592/449/102
f 4224/351/102 4207/337/102 4594/450/102 4593/449/102
f 4207/337/102 4290/337/102 4591/448/102 4594/450/102
f 4269/331/101 4293/315/101 4596/452/101 4595/451/101
f 4293/315/101 4245/317/101 4597/453/101 4596/452/101
f 4245/317/101 4076/331/101 4598/454/101 4597/453/101
f 4076/331/101 4269/331/101 4595/451/101 4598/454/101
f 4265/342/102 4294/361/102 4600/456/102 4599/455/102
f 4294/361/102 4243/361/102 4601/456/102 4600/456/102
f 4243/361/102 4069/342/102 4602/455/102 4601/456/102
f 4069/342/102 4265/342/102 4599/455/102 4602/455/102
f 4125/296/104 4272/296/104 4604/296/104 4603/296/104
f 4272/296/104 4273/296/104 4605/296/104 4604/296/104
f 4273/296/104 4126/296/104 4606/296/104 4605/296/104
f 4126/296/104 4125/296/104 4603/296/104 4606/296/104
f 4124/296/104 4271/296/104 4608/296/104 4607/296/104
f 4271/296/104 4272/296/104 4609/296/104 4608/296/104
f 4272/296/104 4125/296/104 4610/296/104 4609/296/104
f 4125/296/104 4124/296/104 4607/296/104 4610/296/104
f 4067/296/104 4263/296/104 4612/296/104 4611/296/104
f 4263/296/104 4271/296/104 4613/296/104 4612/296/104
f 4271/296/104 4124/296/104 4614/296/104 4613/296/104
f 4124/296/104 4067/296/104 4611/296/104 4614/296/104
f 4126/296/104 4273/296/104 4616/296/104 4615/296/104
f 4273/296/104 4268/296/104 4617/458/104 4616/296/104
f 4268/296/104 4075/296/104 4618/296/104 4617/458/104
f 4075/296/104 4126/296/104 4615/296/104 4618/296/104
f 4259/364/104 4469/380/104 4620/568/104 4619/567/104
f 4469/380/104 4305/562/104 4621/569/104 4620/568/104
f 4305/562/104 4057/364/104 4622/570/104 4621/569/104
f 4057/364/104 4259/364/104 4619/567/104 4622/570/104
f 4469/380/104 4468/464/104 4624/572/104 4623/571/104
f 4468/464/104 4306/563/104 4625/573/104 4624/572/104
f 4306/563/104 4305/562/104 4626/574/104 4625/573/104
f 4305/562/104 4469/380/104 4623/571/104 4626/574/104
f 4468/464/104 4467/465/104 4628/576/104 4627/575/104
f 4467/465/104 4307/465/104 4629/576/104 4628/576/104
f 4307/465/104 4306/563/104 4630/575/104 4629/576/104
f 4306/563/104 4468/464/104 4627/575/104 4630/575/104
f 4467/465/104 4466/467/104 4632/578/104 4631/577/104
f 4466/467/104 4308/467/104 4633/579/104 4632/578/104
f 4308/467/104 4307/465/104 4634/580/104 4633/579/104
f 4307/465/104 4467/465/104 4631/577/104 4634/580/104
f 4466/467/104 4465/372/104 4636/582/104 4635/581/104
f 4465/372/104 4309/372/104 4637/582/104 4636/582/104
f 4309/372/104 4308/467/104 4638/581/104 4637/582/104
f 4308/467/104 4466/467/104 4635/581/104 4638/581/104
f 4261/329/103 4474/459/103 4640/584/103 4639/583/103
f 4474/459/103 4310/381/103 4641/585/103 4640/584/103
f 4310/381/103 4059/329/103 4642/586/103 4641/585/103
f 4059/329/103 4261/329/103 4639/583/103 4642/586/103
f 4474/459/103 4473/461/103 4644/588/103 4643/587/103
f 4473/461/103 4311/460/103 4645/589/103 4644/588/103
f 4311/460/103 4310/381/103 4646/590/103 4645/589/103
f 4310/381/103 4474/459/103 4643/587/103 4646/590/103
f 4473/461/103 4472/462/103 4648/592/103 4647/591/103
f 4472/462/103 4312/462/103 4649/593/103 4648/592/103
f 4312/462/103 4311/460/103 4650/594/103 4649/593/103
f 4311/460/103 4473/461/103 4647/591/103 4650/594/103
f 4472/462/103 4471/463/103 4652/596/103 4651/595/103
f 4471/463/103 4313/463/103 4653/597/103 4652/596/103
f 4313/463/103 4312/462/103 4654/598/103 4653/597/103
f 4312/462/103 4472/462/103 4651/595/103 4654/598/103
f 4471/463/103 4470/374/103 4656/600/103 4655/599/103
f 4470/374/103 4314/374/103 4657/601/103 4656/600/103
f 4314/374/103 4313/463/103 4658/602/103 4657/601/103
f 4313/463/103 4471/463/103 4655/599/103 4658/602/103
f 5006/291/99 4763/292/99 4662/293/99 4910/294/99
f 4841/295/100 4695/296/100 4717/296/100 4843/297/100
f 4864/315/99 4726/316/99 4680/316/99 4850/315/99
f 4851/317/99 4683/316/99 4713/316/99 4856/318/99
f 5101/319/101 5102/320/101 5103/321/101 5104/319/101
f 5105/322/102 5106/323/102 5107/323/102 5108/324/102
f 4732/296/99 4681/296/99 4711/296/99 4750/296/99
f 4687/329/101 4665/329/101 4699/329/101 4709/329/101
f 4815/330/99 4682/331/99 4712/331/99 4820/330/99
f 5036/332/99 4781/333/99 4672/334/99 4921/335/99
f 5046/336/99 4812/337/99 4671/338/99 4926/339/99
f 5066/340/99 4848/341/99 4670/342/99 4931/343/99
f 4830/351/99 4677/334/99 4701/334/99 4832/351/99
f 4879/296/104 4735/296/104 4678/296/104 4874/296/104
f 4828/353/99 4727/354/99 4679/331/99 4814/330/99
f 4995/291/100 4945/355/100 4688/293/100 4772/356/100
f 4861/315/100 4738/331/100 4694/331/100 4854/315/100
f 5025/357/100 4950/335/100 4689/334/100 4793/358/100
f 5045/336/100 4955/339/100 4693/338/100 4817/337/100
f 5065/340/100 4960/343/100 4692/342/100 4853/341/100
f 4846/295/100 4744/296/100 4695/296/100 4841/295/100
f 4796/359/100 4685/360/100 4703/360/100 4808/359/100
f 4849/361/99 4676/338/99 4706/338/99 4855/362/99
f 4786/363/99 4663/364/99 4697/364/99 4801/365/99
f 4762/366/101 4665/329/101 4687/329/101 4771/366/101
f 4793/358/100 4689/334/100 4708/334/100 4805/358/100
f 4768/367/99 4675/342/99 4705/342/99 4777/368/99
f 4820/330/105 4712/331/105 4718/331/105 4822/369/105
f 4777/368/106 4705/342/106 4716/342/106 4780/370/106
f 4965/371/104 4698/360/104 4703/360/104 4975/372/104
f 4801/365/107 4697/364/107 4704/364/107 4807/373/107
f 4832/351/102 4701/334/102 4708/334/102 4833/351/102
f 4970/374/108 4700/293/108 4710/293/108 4980/375/108
f 4804/376/101 4702/296/101 4715/296/101 4810/376/101
f 4856/318/109 4713/316/109 4719/316/109 4858/317/109
f 4855/362/102 4706/338/102 4707/338/102 4857/361/102
f 4750/296/104 4711/296/104 4717/296/104 4756/296/104
f 4747/377/110 4714/316/110 4720/316/110 4753/316/110
f 4772/356/100 4688/293/100 4710/293/100 4778/378/100
f 4792/376/99 4673/296/99 4702/296/99 4804/376/99
f 4936/379/100 4684/364/100 4704/364/100 4971/380/100
f 4854/315/100 4694/331/100 4718/331/100 4858/317/100
f 4915/372/99 4664/360/99 4698/360/99 4965/371/99
f 4853/341/100 4692/342/100 4716/342/100 4857/361/100
f 4674/316/102 4686/316/102 4720/316/102 4714/316/102
f 4739/316/100 4696/316/100 4719/316/100 4751/377/100
f 4817/337/100 4693/338/100 4707/338/100 4821/337/100
f 4941/381/100 4687/329/100 4709/329/100 4976/382/100
f 4742/296/100 4690/296/100 4715/296/100 4754/296/100
f 4723/316/99 4674/316/99 4714/316/99 4747/377/99
f 4920/374/99 4666/293/99 4700/293/99 4970/374/99
f 4683/316/99 4721/316/99 4745/316/99 4713/316/99
f 4721/316/99 4722/352/99 4746/352/99 4745/316/99
f 4722/352/99 4723/316/99 4747/377/99 4746/352/99
f 4695/296/100 4744/296/100 4756/296/100 4717/296/100
f 4744/296/100 4743/296/100 4755/296/100 4756/296/100
f 4743/296/100 4742/296/100 4754/296/100 4755/296/100
f 4686/316/100 4741/316/100 4753/316/100 4720/316/100
f 4741/316/100 4740/316/100 4752/316/100 4753/316/100
f 4740/316/100 4739/316/100 4751/377/100 4752/316/100
f 4713/316/110 4745/316/110 4751/377/110 4719/316/110
f 4745/316/110 4746/352/110 4752/316/110 4751/377/110
f 4746/352/110 4747/377/110 4753/316/110 4752/316/110
f 4702/296/104 4748/296/104 4754/296/104 4715/296/104
f 4748/296/104 4749/296/104 4755/296/104 4754/296/104
f 4749/296/104 4750/296/104 4756/296/104 4755/296/104
f 4840/295/100 4690/296/100 4742/296/100 4844/295/100
f 4844/295/100 4742/296/100 4743/296/100 4845/295/100
f 4845/295/100 4743/296/100 4744/296/100 4846/295/100
f 4852/315/100 4691/331/100 4736/331/100 4859/315/100
f 4859/315/100 4736/331/100 4737/331/100 4860/315/100
f 4860/315/100 4737/331/100 4738/331/100 4861/315/100
f 4811/353/99 4668/331/99 4729/331/99 4826/353/99
f 4826/353/99 4729/331/99 4728/354/99 4827/353/99
f 4827/353/99 4728/354/99 4727/354/99 4828/353/99
f 4869/296/104 4667/296/104 4733/296/104 4877/296/104
f 4877/296/104 4733/296/104 4734/296/104 4878/296/104
f 4878/296/104 4734/296/104 4735/296/104 4879/296/104
f 5133/316/104 5134/352/104 5135/316/104 5136/316/104
f 4673/296/99 4730/296/99 4748/296/99 4702/296/99
f 4730/296/99 4731/296/99 4749/296/99 4748/296/99
f 4731/296/99 4732/296/99 4750/296/99 4749/296/99
f 4847/315/99 4669/316/99 4724/316/99 4862/315/99
f 4862/315/99 4724/316/99 4725/316/99 4863/315/99
f 4863/315/99 4725/316/99 4726/316/99 4864/315/99
f 4692/342/100 4774/367/100 4780/370/100 4716/342/100
f 4774/367/100 4773/383/100 4779/383/100 4780/370/100
f 4773/383/100 4772/356/100 4778/378/100 4779/383/100
f 4700/293/106 4775/292/106 4778/378/106 4710/293/106
f 4775/292/106 4776/383/106 4779/383/106 4778/378/106
f 4776/383/106 4777/368/106 4780/370/106 4779/383/106
f 4666/293/99 4766/378/99 4775/292/99 4700/293/99
f 4766/378/99 4767/383/99 4776/383/99 4775/292/99
f 4767/383/99 4768/367/99 4777/368/99 4776/383/99
f 4674/316/101 4760/384/101 4769/384/101 4686/316/101
f 4760/384/101 4761/385/101 4770/385/101 4769/384/101
f 4761/385/101 4762/366/101 4771/366/101 4770/385/101
f 4960/343/100 4985/386/100 4774/367/100 4692/342/100
f 4985/386/100 4990/387/100 4773/383/100 4774/367/100
f 4990/387/100 4995/291/100 4772/356/100 4773/383/100
f 5141/391/101 5142/392/101 5143/392/101 5144/393/101
f 5153/401/102 5154/402/102 5155/402/102 5156/401/102
f 4931/343/99 4670/342/99 4765/368/99 4996/406/99
f 4996/406/99 4765/368/99 4764/407/99 5001/387/99
f 5001/387/99 4764/407/99 4763/292/99 5006/291/99
f 4664/360/99 4790/359/99 4802/359/99 4698/360/99
f 4790/359/99 4791/408/99 4803/408/99 4802/359/99
f 4791/408/99 4792/376/99 4804/376/99 4803/408/99
f 4698/360/101 4802/359/101 4808/359/101 4703/360/101
f 4802/359/101 4803/408/101 4809/408/101 4808/359/101
f 4803/408/101 4804/376/101 4810/376/101 4809/408/101
f 4701/334/107 4799/333/107 4805/358/107 4708/334/107
f 4799/333/107 4800/409/107 4806/410/107 4805/358/107
f 4800/409/107 4801/365/107 4807/373/107 4806/410/107
f 4684/364/100 4795/363/100 4807/373/100 4704/364/100
f 4795/363/100 4794/411/100 4806/410/100 4807/373/100
f 4794/411/100 4793/358/100 4805/358/100 4806/410/100
f 4677/334/99 4784/333/99 4799/333/99 4701/334/99
f 4784/333/99 4785/412/99 4800/409/99 4799/333/99
f 4785/412/99 4786/363/99 4801/365/99 4800/409/99
f 4690/296/100 4798/376/100 4810/376/100 4715/296/100
f 4798/376/100 4797/408/100 4809/408/100 4810/376/100
f 4797/408/100 4796/359/100 4808/359/100 4809/408/100
f 4936/379/100 5015/413/100 4795/363/100 4684/364/100
f 5015/413/100 5020/414/100 4794/411/100 4795/363/100
f 5020/414/100 5025/357/100 4793/358/100 4794/411/100
f 4901/380/99 4661/364/99 4783/365/99 5026/415/99
f 5026/415/99 4783/365/99 4782/412/99 5031/416/99
f 5031/416/99 4782/412/99 4781/333/99 5036/332/99
f 5169/422/102 5170/423/102 5171/424/102 5172/425/102
f 5177/428/101 5178/429/101 5179/430/101 5180/428/101
f 4835/295/99 4827/353/99 4828/353/99 4836/295/99
f 4834/295/99 4826/353/99 4827/353/99 4835/295/99
f 4837/295/99 4811/353/99 4826/353/99 4834/295/99
f 4737/331/100 4824/353/100 4825/353/100 4738/331/100
f 4736/331/100 4823/353/100 4824/353/100 4737/331/100
f 4691/331/100 4816/353/100 4823/353/100 4736/331/100
f 4831/351/100 4817/337/100 4821/337/100 4833/351/100
f 4706/338/102 4819/337/102 4821/337/102 4707/338/102
f 4842/297/105 4820/330/105 4822/369/105 4843/297/105
f 4738/331/100 4825/353/100 4818/353/100 4694/331/100
f 5060/434/100 5045/336/100 4817/337/100 4831/351/100
f 4836/295/99 4828/353/99 4814/330/99 4838/295/99
f 4676/338/99 4813/337/99 4819/337/99 4706/338/99
f 5185/435/102 5186/436/102 5187/437/102 5188/438/102
f 5051/439/99 4829/351/99 4812/337/99 5046/336/99
f 4839/295/99 4815/330/99 4820/330/99 4842/297/99
f 4694/331/100 4818/353/100 4822/369/100 4718/331/100
f 4681/296/99 4839/295/99 4842/297/99 4711/296/99
f 4921/335/99 4672/334/99 4829/351/99 5051/439/99
f 4735/296/99 4836/295/99 4838/295/99 4678/296/99
f 4950/335/100 5060/434/100 4831/351/100 4689/334/100
f 4711/296/105 4842/297/105 4843/297/105 4717/296/105
f 4689/334/100 4831/351/100 4833/351/100 4708/334/100
f 4667/296/99 4837/295/99 4834/295/99 4733/296/99
f 4733/296/99 4834/295/99 4835/295/99 4734/296/99
f 4734/296/99 4835/295/99 4836/295/99 4735/296/99
f 4824/353/100 4845/295/100 4846/295/100 4825/353/100
f 4823/353/100 4844/295/100 4845/295/100 4824/353/100
f 4816/353/100 4840/295/100 4844/295/100 4823/353/100
f 4819/337/102 4832/351/102 4833/351/102 4821/337/102
f 4825/353/100 4846/295/100 4841/295/100 4818/353/100
f 4813/337/99 4830/351/99 4832/351/99 4819/337/99
f 5197/448/101 5198/449/101 5199/449/101 5200/450/101
f 4818/353/100 4841/295/100 4843/297/100 4822/369/100
f 4728/354/99 4863/315/99 4864/315/99 4727/354/99
f 4729/331/99 4862/315/99 4863/315/99 4728/354/99
f 4668/331/99 4847/315/99 4862/315/99 4729/331/99
f 4740/316/100 4860/315/100 4861/315/100 4739/316/100
f 4741/316/100 4859/315/100 4860/315/100 4740/316/100
f 4686/316/100 4852/315/100 4859/315/100 4741/316/100
f 4693/338/100 4853/341/100 4857/361/100 4707/338/100
f 4696/316/100 4854/315/100 4858/317/100 4719/316/100
f 4705/342/102 4855/362/102 4857/361/102 4716/342/102
f 4712/331/109 4856/318/109 4858/317/109 4718/331/109
f 4675/342/99 4849/361/99 4855/362/99 4705/342/99
f 4955/339/100 5065/340/100 4853/341/100 4693/338/100
f 4739/316/100 4861/315/100 4854/315/100 4696/316/100
f 5201/451/101 5202/452/101 5203/453/101 5204/454/101
f 4926/339/99 4671/338/99 4848/341/99 5066/340/99
f 4682/331/99 4851/317/99 4856/318/99 4712/331/99
f 4727/354/99 4864/315/99 4850/315/99 4679/331/99
f 4670/342/102 4848/341/102 4900/361/102 4871/342/102
f 4679/331/101 4850/315/101 4899/315/101 4875/331/101
f 4812/337/102 4829/351/102 4898/351/102 4896/337/102
f 4678/296/101 4838/295/101 4897/295/101 4874/296/101
f 4671/338/102 4812/337/102 4896/337/102 4872/338/102
f 4838/295/101 4814/330/101 4895/330/101 4897/295/101
f 4782/412/102 4783/365/102 4894/365/102 4893/412/102
f 4781/333/102 4782/412/102 4893/412/102 4892/358/102
f 4672/334/102 4781/333/102 4892/358/102 4873/457/102
f 4788/408/101 4789/376/101 4891/376/101 4890/408/101
f 4787/359/101 4788/408/101 4890/408/101 4889/359/101
f 4659/360/101 4787/359/101 4889/359/101 4868/360/101
f 4758/385/101 4759/366/101 4888/366/101 4887/385/101
f 4757/384/101 4758/385/101 4887/385/101 4886/384/101
f 4669/316/101 4757/384/101 4886/384/101 4870/316/101
f 4764/407/102 4765/368/102 4885/368/102 4884/407/102
f 4763/292/102 4764/407/102 4884/407/102 4883/292/102
f 4662/293/102 4763/292/102 4883/292/102 4866/293/102
f 4725/316/103 4881/316/103 4882/316/103 4726/316/103
f 4724/316/103 4880/316/103 4881/316/103 4725/316/103
f 4669/316/103 4870/316/103 4880/316/103 4724/316/103
f 5213/296/103 5214/296/103 5215/296/103 5216/296/103
f 4726/316/103 4882/316/103 4876/316/103 4680/316/103
f 4850/315/101 4680/316/101 4876/316/101 4899/315/101
f 4814/330/101 4679/331/101 4875/331/101 4895/330/101
f 4829/351/102 4672/334/102 4873/457/102 4898/351/102
f 4848/341/102 4671/338/102 4872/338/102 4900/361/102
f 4765/368/102 4670/342/102 4871/342/102 4885/368/102
f 4789/376/101 4667/296/101 4869/296/101 4891/376/101
f 4905/371/104 4659/360/104 4868/360/104 5071/372/104
f 4910/294/103 4662/293/103 4866/293/103 5076/374/103
f 4759/366/101 4660/329/101 4867/329/101 4888/366/101
f 4783/365/102 4661/364/102 4865/364/102 4894/365/102
f 4660/329/103 4906/381/103 5080/459/103 4867/329/103
f 4906/381/103 4907/460/103 5079/461/103 5080/459/103
f 4907/460/103 4908/462/103 5078/462/103 5079/461/103
f 4908/462/103 4909/463/103 5077/463/103 5078/462/103
f 4909/463/103 4910/294/103 5076/374/103 5077/463/103
f 4661/364/104 4901/380/104 5075/380/104 4865/364/104
f 4901/380/104 4902/464/104 5074/464/104 5075/380/104
f 4902/464/104 4903/465/104 5073/465/104 5074/464/104
f 4903/465/104 4904/466/104 5072/467/104 5073/465/104
f 4904/466/104 4905/371/104 5071/372/104 5072/467/104
f 4668/331/99 4930/468/99 5070/469/99 4847/315/99
f 4930/468/99 4929/470/99 5069/471/99 5070/469/99
f 4929/470/99 4928/472/99 5068/473/99 5069/471/99
f 4928/472/99 4927/474/99 5067/475/99 5068/473/99
f 4927/474/99 4926/339/99 5066/340/99 5067/475/99
f 4691/331/100 4852/315/100 5061/476/100 4951/477/100
f 4951/477/100 5061/476/100 5062/478/100 4952/479/100
f 4952/479/100 5062/478/100 5063/473/100 4953/480/100
f 4953/480/100 5063/473/100 5064/481/100 4954/482/100
f 4954/482/100 5064/481/100 5065/340/100 4955/339/100
f 4690/296/100 4840/295/100 5056/483/100 4946/484/100
f 4946/484/100 5056/483/100 5057/485/100 4947/486/100
f 4947/486/100 5057/485/100 5058/487/100 4948/488/100
f 4948/488/100 5058/487/100 5059/489/100 4949/490/100
f 4949/490/100 5059/489/100 5060/434/100 4950/335/100
f 4667/296/99 4925/491/99 5055/492/99 4837/295/99
f 4925/491/99 4924/493/99 5054/494/99 5055/492/99
f 4924/493/99 4923/495/99 5053/487/99 5054/494/99
f 4923/495/99 4922/496/99 5052/497/99 5053/487/99
f 4922/496/99 4921/335/99 5051/439/99 5052/497/99
f 4837/295/99 5055/492/99 5050/498/99 4811/353/99
f 5055/492/99 5054/494/99 5049/499/99 5050/498/99
f 5054/494/99 5053/487/99 5048/500/99 5049/499/99
f 5053/487/99 5052/497/99 5047/501/99 5048/500/99
f 5052/497/99 5051/439/99 5046/336/99 5047/501/99
f 4840/295/100 4816/353/100 5041/502/100 5056/483/100
f 5056/483/100 5041/502/100 5042/503/100 5057/485/100
f 5057/485/100 5042/503/100 5043/504/100 5058/487/100
f 5058/487/100 5043/504/100 5044/505/100 5059/489/100
f 5059/489/100 5044/505/100 5045/336/100 5060/434/100
f 4788/408/99 5035/506/99 5040/507/99 4789/376/99
f 5035/506/99 5034/508/99 5039/509/99 5040/507/99
f 5034/508/99 5033/510/99 5038/511/99 5039/509/99
f 5033/510/99 5032/512/99 5037/513/99 5038/511/99
f 5032/512/99 5031/416/99 5036/332/99 5037/513/99
f 4787/359/99 5030/514/99 5035/506/99 4788/408/99
f 5030/514/99 5029/515/99 5034/508/99 5035/506/99
f 5029/515/99 5028/516/99 5033/510/99 5034/508/99
f 5028/516/99 5027/517/99 5032/512/99 5033/510/99
f 5027/517/99 5026/415/99 5031/416/99 5032/512/99
f 4659/360/99 4905/371/99 5030/514/99 4787/359/99
f 4905/371/99 4904/466/99 5029/515/99 5030/514/99
f 4904/466/99 4903/465/99 5028/516/99 5029/515/99
f 4903/465/99 4902/464/99 5027/517/99 5028/516/99
f 4902/464/99 4901/380/99 5026/415/99 5027/517/99
f 4797/408/100 4798/376/100 5021/518/100 5016/519/100
f 5016/519/100 5021/518/100 5022/520/100 5017/521/100
f 5017/521/100 5022/520/100 5023/511/100 5018/522/100
f 5018/522/100 5023/511/100 5024/523/100 5019/524/100
f 5019/524/100 5024/523/100 5025/357/100 5020/414/100
f 4796/359/100 4797/408/100 5016/519/100 5011/525/100
f 5011/525/100 5016/519/100 5017/521/100 5012/526/100
f 5012/526/100 5017/521/100 5018/522/100 5013/527/100
f 5013/527/100 5018/522/100 5019/524/100 5014/528/100
f 5014/528/100 5019/524/100 5020/414/100 5015/413/100
f 4685/360/100 4796/359/100 5011/525/100 4940/372/100
f 4940/372/100 5011/525/100 5012/526/100 4939/467/100
f 4939/467/100 5012/526/100 5013/527/100 4938/465/100
f 4938/465/100 5013/527/100 5014/528/100 4937/464/100
f 4937/464/100 5014/528/100 5015/413/100 4936/379/100
f 4758/385/99 5005/529/99 5010/530/99 4759/366/99
f 5005/529/99 5004/531/99 5009/532/99 5010/530/99
f 5004/531/99 5003/533/99 5008/534/99 5009/532/99
f 5003/533/99 5002/535/99 5007/536/99 5008/534/99
f 5002/535/99 5001/387/99 5006/291/99 5007/536/99
f 4757/384/99 5000/537/99 5005/529/99 4758/385/99
f 5000/537/99 4999/538/99 5004/531/99 5005/529/99
f 4999/538/99 4998/539/99 5003/533/99 5004/531/99
f 4998/539/99 4997/540/99 5002/535/99 5003/533/99
f 4997/540/99 4996/406/99 5001/387/99 5002/535/99
f 4669/316/99 4935/541/99 5000/537/99 4757/384/99
f 4935/541/99 4934/542/99 4999/538/99 5000/537/99
f 4934/542/99 4933/543/99 4998/539/99 4999/538/99
f 4933/543/99 4932/544/99 4997/540/99 4998/539/99
f 4932/544/99 4931/343/99 4996/406/99 4997/540/99
f 4770/385/100 4771/366/100 4991/545/100 4986/546/100
f 4986/546/100 4991/545/100 4992/547/100 4987/548/100
f 4987/548/100 4992/547/100 4993/549/100 4988/533/100
f 4988/533/100 4993/549/100 4994/550/100 4989/551/100
f 4989/551/100 4994/550/100 4995/291/100 4990/387/100
f 4769/384/100 4770/385/100 4986/546/100 4981/552/100
f 4981/552/100 4986/546/100 4987/548/100 4982/553/100
f 4982/553/100 4987/548/100 4988/533/100 4983/539/100
f 4983/539/100 4988/533/100 4989/551/100 4984/554/100
f 4984/554/100 4989/551/100 4990/387/100 4985/386/100
f 4686/316/100 4769/384/100 4981/552/100 4956/555/100
f 4956/555/100 4981/552/100 4982/553/100 4957/556/100
f 4957/556/100 4982/553/100 4983/539/100 4958/543/100
f 4958/543/100 4983/539/100 4984/554/100 4959/557/100
f 4959/557/100 4984/554/100 4985/386/100 4960/343/100
f 4665/329/99 4916/381/99 4966/381/99 4699/329/99
f 4916/381/99 4917/460/99 4967/558/99 4966/381/99
f 4917/460/99 4918/462/99 4968/462/99 4967/558/99
f 4918/462/99 4919/463/99 4969/463/99 4968/462/99
f 4919/463/99 4920/374/99 4970/374/99 4969/463/99
f 4688/293/100 4945/355/100 4980/375/100 4710/293/100
f 4945/355/100 4944/463/100 4979/559/100 4980/375/100
f 4944/463/100 4943/560/100 4978/462/100 4979/559/100
f 4943/560/100 4942/561/100 4977/561/100 4978/462/100
f 4942/561/100 4941/381/100 4976/382/100 4977/561/100
f 4663/364/99 4911/562/99 4961/562/99 4697/364/99
f 4911/562/99 4912/563/99 4962/563/99 4961/562/99
f 4912/563/99 4913/465/99 4963/564/99 4962/563/99
f 4913/465/99 4914/467/99 4964/565/99 4963/564/99
f 4914/467/99 4915/372/99 4965/371/99 4964/565/99
f 4685/360/100 4940/372/100 4975/372/100 4703/360/100
f 4940/372/100 4939/467/100 4974/467/100 4975/372/100
f 4939/467/100 4938/465/100 4973/564/100 4974/467/100
f 4938/465/100 4937/464/100 4972/566/100 4973/564/100
f 4937/464/100 4936/379/100 4971/380/100 4972/566/100
f 4699/329/108 4966/381/108 4976/382/108 4709/329/108
f 4966/381/108 4967/558/108 4977/561/108 4976/382/108
f 4967/558/108 4968/462/108 4978/462/108 4977/561/108
f 4968/462/108 4969/463/108 4979/559/108 4978/462/108
f 4969/463/108 4970/374/108 4980/375/108 4979/559/108
f 4697/364/104 4961/562/104 4971/380/104 4704/364/104
f 4961/562/104 4962/563/104 4972/566/104 4971/380/104
f 4962/563/104 4963/564/104 4973/564/104 4972/566/104
f 4963/564/104 4964/565/104 4974/467/104 4973/564/104
f 4964/565/104 4965/371/104 4975/372/104 4974/467/104
f 4852/315/100 4686/316/100 4956/555/100 5061/476/100
f 5061/476/100 4956/555/100 4957/556/100 5062/478/100
f 5062/478/100 4957/556/100 4958/543/100 5063/473/100
f 5063/473/100 4958/543/100 4959/557/100 5064/481/100
f 5064/481/100 4959/557/100 4960/343/100 5065/340/100
f 4816/353/100 4691/331/100 4951/477/100 5041/502/100
f 5041/502/100 4951/477/100 4952/479/100 5042/503/100
f 5042/503/100 4952/479/100 4953/480/100 5043/504/100
f 5043/504/100 4953/480/100 4954/482/100 5044/505/100
f 5044/505/100 4954/482/100 4955/339/100 5045/336/100
f 4798/376/100 4690/296/100 4946/484/100 5021/518/100
f 5021/518/100 4946/484/100 4947/486/100 5022/520/100
f 5022/520/100 4947/486/100 4948/488/100 5023/511/100
f 5023/511/100 4948/488/100 4949/490/100 5024/523/100
f 5024/523/100 4949/490/100 4950/335/100 5025/357/100
f 4771/366/100 4687/329/100 4941/381/100 4991/545/100
f 4991/545/100 4941/381/100 4942/561/100 4992/547/100
f 4992/547/100 4942/561/100 4943/560/100 4993/549/100
f 4993/549/100 4943/560/100 4944/463/100 4994/550/100
f 4994/550/100 4944/463/100 4945/355/100 4995/291/100
f 4847/315/99 5070/469/99 4935/541/99 4669/316/99
f 5070/469/99 5069/471/99 4934/542/99 4935/541/99
f 5069/471/99 5068/473/99 4933/543/99 4934/542/99
f 5068/473/99 5067/475/99 4932/544/99 4933/543/99
f 5067/475/99 5066/340/99 4931/343/99 4932/544/99
f 4811/353/99 5050/498/99 4930/468/99 4668/331/99
f 5050/498/99 5049/499/99 4929/470/99 4930/468/99
f 5049/499/99 5048/500/99 4928/472/99 4929/470/99
f 5048/500/99 5047/501/99 4927/474/99 4928/472/99
f 5047/501/99 5046/336/99 4926/339/99 4927/474/99
f 4789/376/99 5040/507/99 4925/491/99 4667/296/99
f 5040/507/99 5039/509/99 4924/493/99 4925/491/99
f 5039/509/99 5038/511/99 4923/495/99 4924/493/99
f 5038/511/99 5037/513/99 4922/496/99 4923/495/99
f 5037/513/99 5036/332/99 4921/335/99 4922/496/99
f 5229/571/104 5230/572/104 5231/573/104 5232/574/104
f 5237/577/104 5238/578/104 5239/579/104 5240/580/104
f 5249/587/103 5250/588/103 5251/589/103 5252/590/103
f 5261/599/103 5262/600/103 5263/601/103 5264/602/103
f 4759/366/99 5010/530/99 4906/381/99 4660/329/99
f 5010/530/99 5009/532/99 4907/460/99 4906/381/99
f 5009/532/99 5008/534/99 4908/462/99 4907/460/99
f 5008/534/99 5007/536/99 4909/463/99 4908/462/99
f 5007/536/99 5006/291/99 4910/294/99 4909/463/99
f 4894/365/102 4865/364/102 5082/299/102 5081/298/102
f 4865/364/102 4663/364/102 5083/300/102 5082/299/102
f 4663/364/102 4786/363/102 5084/301/102 5083/300/102
f 4786/363/102 4894/365/102 5081/298/102 5084/301/102
f 4888/366/101 4867/329/101 5086/303/101 5085/302/101
f 4867/329/101 4665/329/101 5087/303/101 5086/303/101
f 4665/329/101 4762/366/101 5088/304/101 5087/303/101
f 4762/366/101 4888/366/101 5085/302/101 5088/304/101
f 5076/374/103 4866/293/103 5090/306/103 5089/305/103
f 4866/293/103 4666/293/103 5091/307/103 5090/306/103
f 4666/293/103 4920/374/103 5092/308/103 5091/307/103
f 4920/374/103 5076/374/103 5089/305/103 5092/308/103
f 5071/372/104 4868/360/104 5094/310/104 5093/309/104
f 4868/360/104 4664/360/104 5095/311/104 5094/310/104
f 4664/360/104 4915/372/104 5096/312/104 5095/311/104
f 4915/372/104 5071/372/104 5093/309/104 5096/312/104
f 4891/376/101 4869/296/101 5098/314/101 5097/313/101
f 4869/296/101 4673/296/101 5099/314/101 5098/314/101
f 4673/296/101 4792/376/101 5100/313/101 5099/314/101
f 4792/376/101 4891/376/101 5097/313/101 5100/313/101
f 4885/368/102 4871/342/102 5102/320/102 5101/319/102
f 4871/342/102 4675/342/102 5103/321/102 5102/320/102
f 4675/342/102 4768/367/102 5104/319/102 5103/321/102
f 4768/367/102 4885/368/102 5101/319/102 5104/319/102
f 4900/361/102 4872/338/102 5106/323/102 5105/322/102
f 4872/338/102 4676/338/102 5107/323/102 5106/323/102
f 4676/338/102 4849/361/102 5108/324/102 5107/323/102
f 4849/361/102 4900/361/102 5105/322/102 5108/324/102
f 4898/351/102 4873/457/102 5110/326/102 5109/325/102
f 4873/457/102 4677/334/102 5111/327/102 5110/326/102
f 4677/334/102 4830/351/102 5112/328/102 5111/327/102
f 4830/351/102 4898/351/102 5109/325/102 5112/328/102
f 4895/330/101 4875/331/101 5114/345/101 5113/344/101
f 4875/331/101 4682/331/101 5115/345/101 5114/345/101
f 4682/331/101 4815/330/101 5116/346/101 5115/345/101
f 4815/330/101 4895/330/101 5113/344/101 5116/346/101
f 4899/315/101 4876/316/101 5118/348/101 5117/347/101
f 4876/316/101 4683/316/101 5119/349/101 5118/348/101
f 4683/316/101 4851/317/101 5120/350/101 5119/349/101
f 4851/317/101 4899/315/101 5117/347/101 5120/350/101
f 4882/316/103 4721/316/103 5122/316/103 5121/316/103
f 4721/316/103 4683/316/103 5123/316/103 5122/316/103
f 4683/316/103 4876/316/103 5124/352/103 5123/316/103
f 4876/316/103 4882/316/103 5121/316/103 5124/352/103
f 4870/316/103 4674/316/103 5126/316/103 5125/316/103
f 4674/316/103 4723/316/103 5127/316/103 5126/316/103
f 4723/316/103 4880/316/103 5128/316/103 5127/316/103
f 4880/316/103 4870/316/103 5125/316/103 5128/316/103
f 4880/316/103 4723/316/103 5130/352/103 5129/316/103
f 4723/316/103 4722/352/103 5131/316/103 5130/352/103
f 4722/352/103 4881/316/103 5132/316/103 5131/316/103
f 4881/316/103 4880/316/103 5129/316/103 5132/316/103
f 4881/316/103 4722/352/103 5134/352/103 5133/316/103
f 4722/352/103 4721/316/103 5135/316/103 5134/352/103
f 4721/316/103 4882/316/103 5136/316/103 5135/316/103
f 4882/316/103 4881/316/103 5133/316/103 5136/316/103
f 4866/293/102 4883/292/102 5138/389/102 5137/388/102
f 4883/292/102 4766/378/102 5139/389/102 5138/389/102
f 4766/378/102 4666/293/102 5140/390/102 5139/389/102
f 4666/293/102 4866/293/102 5137/388/102 5140/390/102
f 4883/292/102 4884/407/102 5142/392/102 5141/391/102
f 4884/407/102 4767/383/102 5143/392/102 5142/392/102
f 4767/383/102 4766/378/102 5144/393/102 5143/392/102
f 4766/378/102 4883/292/102 5141/391/102 5144/393/102
f 4884/407/102 4885/368/102 5146/395/102 5145/394/102
f 4885/368/102 4768/367/102 5147/396/102 5146/395/102
f 4768/367/102 4767/383/102 5148/397/102 5147/396/102
f 4767/383/102 4884/407/102 5145/394/102 5148/397/102
f 4870/316/101 4886/384/101 5150/399/101 5149/398/101
f 4886/384/101 4760/384/101 5151/400/101 5150/399/101
f 4760/384/101 4674/316/101 5152/398/101 5151/400/101
f 4674/316/101 4870/316/101 5149/398/101 5152/398/101
f 4886/384/101 4887/385/101 5154/402/101 5153/401/101
f 4887/385/101 4761/385/101 5155/402/101 5154/402/101
f 4761/385/101 4760/384/101 5156/401/101 5155/402/101
f 4760/384/101 4886/384/101 5153/401/101 5156/401/101
f 4887/385/101 4888/366/101 5158/404/101 5157/403/101
f 4888/366/101 4762/366/101 5159/405/101 5158/404/101
f 4762/366/101 4761/385/101 5160/403/101 5159/405/101
f 4761/385/101 4887/385/101 5157/403/101 5160/403/101
f 4868/360/101 4889/359/101 5162/418/101 5161/417/101
f 4889/359/101 4790/359/101 5163/418/101 5162/418/101
f 4790/359/101 4664/360/101 5164/417/101 5163/418/101
f 4664/360/101 4868/360/101 5161/417/101 5164/417/101
f 4889/359/101 4890/408/101 5166/420/101 5165/419/101
f 4890/408/101 4791/408/101 5167/421/101 5166/420/101
f 4791/408/101 4790/359/101 5168/419/101 5167/421/101
f 4790/359/101 4889/359/101 5165/419/101 5168/419/101
f 4890/408/101 4891/376/101 5170/423/101 5169/422/101
f 4891/376/101 4792/376/101 5171/424/101 5170/423/101
f 4792/376/101 4791/408/101 5172/425/101 5171/424/101
f 4791/408/101 4890/408/101 5169/422/101 5172/425/101
f 4873/457/102 4892/358/102 5174/427/102 5173/426/102
f 4892/358/102 4784/333/102 5175/427/102 5174/427/102
f 4784/333/102 4677/334/102 5176/426/102 5175/427/102
f 4677/334/102 4873/457/102 5173/426/102 5176/426/102
f 4892/358/102 4893/412/102 5178/429/102 5177/428/102
f 4893/412/102 4785/412/102 5179/430/102 5178/429/102
f 4785/412/102 4784/333/102 5180/428/102 5179/430/102
f 4784/333/102 4892/358/102 5177/428/102 5180/428/102
f 4893/412/102 4894/365/102 5182/432/102 5181/431/102
f 4894/365/102 4786/363/102 5183/432/102 5182/432/102
f 4786/363/102 4785/412/102 5184/433/102 5183/432/102
f 4785/412/102 4893/412/102 5181/431/102 5184/433/102
f 4897/295/101 4895/330/101 5186/436/101 5185/435/101
f 4895/330/101 4815/330/101 5187/437/101 5186/436/101
f 4815/330/101 4839/295/101 5188/438/101 5187/437/101
f 4839/295/101 4897/295/101 5185/435/101 5188/438/101
f 4872/338/102 4896/337/102 5190/441/102 5189/440/102
f 4896/337/102 4813/337/102 5191/442/102 5190/441/102
f 4813/337/102 4676/338/102 5192/443/102 5191/442/102
f 4676/338/102 4872/338/102 5189/440/102 5192/443/102
f 4874/296/101 4897/295/101 5194/445/101 5193/444/101
f 4897/295/101 4839/295/101 5195/446/101 5194/445/101
f 4839/295/101 4681/296/101 5196/447/101 5195/446/101
f 4681/296/101 4874/296/101 5193/444/101 5196/447/101
f 4896/337/102 4898/351/102 5198/449/102 5197/448/102
f 4898/351/102 4830/351/102 5199/449/102 5198/449/102
f 4830/351/102 4813/337/102 5200/450/102 5199/449/102
f 4813/337/102 4896/337/102 5197/448/102 5200/450/102
f 4875/331/101 4899/315/101 5202/452/101 5201/451/101
f 4899/315/101 4851/317/101 5203/453/101 5202/452/101
f 4851/317/101 4682/331/101 5204/454/101 5203/453/101
f 4682/331/101 4875/331/101 5201/451/101 5204/454/101
f 4871/342/102 4900/361/102 5206/456/102 5205/455/102
f 4900/361/102 4849/361/102 5207/456/102 5206/456/102
f 4849/361/102 4675/342/102 5208/455/102 5207/456/102
f 4675/342/102 4871/342/102 5205/455/102 5208/455/102
f 4731/296/104 4878/296/104 5210/296/104 5209/296/104
f 4878/296/104 4879/296/104 5211/296/104 5210/296/104
f 4879/296/104 4732/296/104 5212/296/104 5211/296/104
f 4732/296/104 4731/296/104 5209/296/104 5212/296/104
f 4730/296/104 4877/296/104 5214/296/104 5213/296/104
f 4877/296/104 4878/296/104 5215/296/104 5214/296/104
f 4878/296/104 4731/296/104 5216/296/104 5215/296/104
f 4731/296/104 4730/296/104 5213/296/104 5216/296/104
f 4673/296/104 4869/296/104 5218/296/104 5217/296/104
f 4869/296/104 4877/296/104 5219/296/104 5218/296/104
f 4877/296/104 4730/296/104 5220/296/104 5219/296/104
f 4730/296/104 4673/296/104 5217/296/104 5220/296/104
f 4732/296/104 4879/296/104 5222/296/104 5221/296/104
f 4879/296/104 4874/296/104 5223/458/104 5222/296/104
f 4874/296/104 4681/296/104 5224/296/104 5223/458/104
f 4681/296/104 4732/296/104 5221/296/104 5224/296/104
f 4865/364/104 5075/380/104 5226/568/104 5225/567/104
f 5075/380/104 4911/562/104 5227/569/104 5226/568/104
f 4911/562/104 4663/364/104 5228/570/104 5227/569/104
f 4663/364/104 4865/364/104 5225/567/104 5228/570/104
f 5075/380/104 5074/464/104 5230/572/104 5229/571/104
f 5074/464/104 4912/563/104 5231/573/104 5230/572/104
f 4912/563/104 4911/562/104 5232/574/104 5231/573/104
f 4911/562/104 5075/380/104 5229/571/104 5232/574/104
f 5074/464/104 5073/465/104 5234/576/104 5233/575/104
f 5073/465/104 4913/465/104 5235/576/104 5234/576/104
f 4913/465/104 4912/563/104 5236/575/104 5235/576/104
f 4912/563/104 5074/464/104 5233/575/104 5236/575/104
f 5073/465/104 5072/467/104 5238/578/104 5237/577/104
f 5072/467/104 4914/467/104 5239/579/104 5238/578/104
f 4914/467/104 4913/465/104 5240/580/104 5239/579/104
f 4913/465/104 5073/465/104 5237/577/104 5240/580/104
f 5072/467/104 5071/372/104 5242/582/104 5241/581/104
f 5071/372/104 4915/372/104 5243/582/104 5242/582/104
f 4915/372/104 4914/467/104 5244/581/104 5243/582/104
f 4914/467/104 5072/467/104 5241/581/104 5244/581/104
f 4867/329/103 5080/459/103 5246/584/103 5245/583/103
f 5080/459/103 4916/381/103 5247/585/103 5246/584/103
f 4916/381/103 4665/329/103 5248/586/103 5247/585/103
f 4665/329/103 4867/329/103 5245/583/103 5248/586/103
f 5080/459/103 5079/461/103 5250/588/103 5249/587/103
f 5079/461/103 4917/460/103 5251/589/103 5250/588/103
f 4917/460/103 4916/381/103 5252/590/103 5251/589/103
f 4916/381/103 5080/459/103 5249/587/103 5252/590/103
f 5079/461/103 5078/462/103 5254/592/103 5253/591/103
f 5078/462/103 4918/462/103 5255/593/103 5254/592/103
f 4918/462/103 4917/460/103 5256/594/103 5255/593/103
f 4917/460/103 5079/461/103 5253/591/103 5256/594/103
f 5078/462/103 5077/463/103 5258/596/103 5257/595/103
f 5077/463/103 4919/463/103 5259/597/103 5258/596/103
f 4919/463/103 4918/462/103 5260/598/103 5259/597/103
f 4918/462/103 5078/462/103 5257/595/103 5260/598/103
f 5077/463/103 5076/374/103 5262/600/103 5261/599/103
f 5076/374/103 4920/374/103 5263/601/103 5262/600/103
f 4920/374/103 4919/463/103 5264/602/103 5263/601/103
f 4919/463/103 5077/463/103 5261/599/103 5264/602/103
usemtl window_2H
f 839/298/101 840/299/101 841/300/101 842/301/101
f 843/302/102 844/303/102 845/303/102 846/304/102
f 847/305/103 848/306/103 849/307/103 850/308/103
f 851/309/104 852/310/104 853/311/104 854/312/104
f 855/313/102 856/314/102 857/314/102 858/313/102
f 867/325/101 868/326/101 869/327/101 870/328/101
f 871/344/101 872/345/101 873/345/101 874/346/101
f 875/347/101 876/348/101 877/349/101 878/350/101
f 879/316/104 880/316/104 881/316/104 882/352/104
f 883/316/104 884/316/104 885/316/104 886/316/104
f 887/316/104 888/352/104 889/316/104 890/316/104
f 895/388/101 896/389/101 897/389/101 898/390/101
f 903/394/101 904/395/101 905/396/101 906/397/101
f 907/398/102 908/399/102 909/400/102 910/398/102
f 915/403/102 916/404/102 917/405/102 918/403/102
f 919/417/102 920/418/102 921/418/102 922/417/102
f 923/419/102 924/420/102 925/421/102 926/419/102
f 931/426/101 932/427/101 933/427/101 934/426/101
f 939/431/101 940/432/101 941/432/101 942/433/101
f 947/440/102 948/441/102 949/442/102 950/443/102
f 951/444/102 952/445/102 953/446/102 954/447/102
f 963/455/102 964/456/102 965/456/102 966/455/102
f 967/296/103 968/296/103 969/296/103 970/296/103
f 975/296/103 976/296/103 977/296/103 978/296/103
f 979/296/103 980/296/103 981/458/103 982/296/103
f 983/567/104 984/568/104 985/569/104 986/570/104
f 991/575/104 992/576/104 993/576/104 994/575/104
f 999/581/104 1000/582/104 1001/582/104 1002/581/104
f 1003/583/103 1004/584/103 1005/585/103 1006/586/103
f 1011/591/103 1012/592/103 1013/593/103 1014/594/103
f 1015/595/103 1016/596/103 1017/597/103 1018/598/103
f 1445/298/101 1446/299/101 1447/300/101 1448/301/101
f 1449/302/102 1450/303/102 1451/303/102 1452/304/102
f 1453/305/103 1454/306/103 1455/307/103 1456/308/103
f 1457/309/104 1458/310/104 1459/311/104 1460/312/104
f 1461/313/102 1462/314/102 1463/314/102 1464/313/102
f 1473/325/101 1474/326/101 1475/327/101 1476/328/101
f 1477/344/101 1478/345/101 1479/345/101 1480/346/101
f 1481/347/101 1482/348/101 1483/349/101 1484/350/101
f 1485/316/104 1486/316/104 1487/316/104 1488/352/104
f 1489/316/104 1490/316/104 1491/316/104 1492/316/104
f 1493/316/104 1494/352/104 1495/316/104 1496/316/104
f 1501/388/101 1502/389/101 1503/389/101 1504/390/101
f 1509/394/101 1510/395/101 1511/396/101 1512/397/101
f 1513/398/102 1514/399/102 1515/400/102 1516/398/102
f 1521/403/102 1522/404/102 1523/405/102 1524/403/102
f 1525/417/102 1526/418/102 1527/418/102 1528/417/102
f 1529/419/102 1530/420/102 1531/421/102 1532/419/102
f 1537/426/101 1538/427/101 1539/427/101 1540/426/101
f 1545/431/101 1546/432/101 1547/432/101 1548/433/101
f 1553/440/102 1554/441/102 1555/442/102 1556/443/102
f 1557/444/102 1558/445/102 1559/446/102 1560/447/102
f 1569/455/102 1570/456/102 1571/456/102 1572/455/102
f 1573/296/103 1574/296/103 1575/296/103 1576/296/103
f 1581/296/103 1582/296/103 1583/296/103 1584/296/103
f 1585/296/103 1586/296/103 1587/458/103 1588/296/103
f 1589/567/104 1590/568/104 1591/569/104 1592/570/104
f 1597/575/104 1598/576/104 1599/576/104 1600/575/104
f 1605/581/104 1606/582/104 1607/582/104 1608/581/104
f 1609/583/103 1610/584/103 1611/585/103 1612/586/103
f 1617/591/103 1618/592/103 1619/593/103 1620/594/103
f 1621/595/103 1622/596/103 1623/597/103 1624/598/103
f 2051/298/101 2052/299/101 2053/300/101 2054/301/101
f 2055/302/102 2056/303/102 2057/303/102 2058/304/102
f 2059/305/103 2060/306/103 2061/307/103 2062/308/103
f 2063/309/104 2064/310/104 2065/311/104 2066/312/104
f 2067/313/102 2068/314/102 2069/314/102 2070/313/102
f 2079/325/101 2080/326/101 2081/327/101 2082/328/101
f 2083/344/101 2084/345/101 2085/345/101 2086/346/101
f 2087/347/101 2088/348/101 2089/349/101 2090/350/101
f 2091/316/104 2092/316/104 2093/316/104 2094/352/104
f 2095/316/104 2096/316/104 2097/316/104 2098/316/104
f 2099/316/104 2100/352/104 2101/316/104 2102/316/104
f 2107/388/101 2108/389/101 2109/389/101 2110/390/101
f 2115/394/101 2116/395/101 2117/396/101 2118/397/101
f 2119/398/102 2120/399/102 2121/400/102 2122/398/102
f 2127/403/102 2128/404/102 2129/405/102 2130/403/102
f 2131/417/102 2132/418/102 2133/418/102 2134/417/102
f 2135/419/102 2136/420/102 2137/421/102 2138/419/102
f 2143/426/101 2144/427/101 2145/427/101 2146/426/101
f 2151/431/101 2152/432/101 2153/432/101 2154/433/101
f 2159/440/102 2160/441/102 2161/442/102 2162/443/102
f 2163/444/102 2164/445/102 2165/446/102 2166/447/102
f 2175/455/102 2176/456/102 2177/456/102 2178/455/102
f 2179/296/103 2180/296/103 2181/296/103 2182/296/103
f 2187/296/103 2188/296/103 2189/296/103 2190/296/103
f 2191/296/103 2192/296/103 2193/458/103 2194/296/103
f 2195/567/104 2196/568/104 2197/569/104 2198/570/104
f 2203/575/104 2204/576/104 2205/576/104 2206/575/104
f 2211/581/104 2212/582/104 2213/582/104 2214/581/104
f 2215/583/103 2216/584/103 2217/585/103 2218/586/103
f 2223/591/103 2224/592/103 2225/593/103 2226/594/103
f 2227/595/103 2228/596/103 2229/597/103 2230/598/103
f 2657/298/101 2658/299/101 2659/300/101 2660/301/101
f 2661/302/102 2662/303/102 2663/303/102 2664/304/102
f 2665/305/103 2666/306/103 2667/307/103 2668/308/103
f 2669/309/104 2670/310/104 2671/311/104 2672/312/104
f 2673/313/102 2674/314/102 2675/314/102 2676/313/102
f 2685/325/101 2686/326/101 2687/327/101 2688/328/101
f 2689/344/101 2690/345/101 2691/345/101 2692/346/101
f 2693/347/101 2694/348/101 2695/349/101 2696/350/101
f 2697/316/104 2698/316/104 2699/316/104 2700/352/104
f 2701/316/104 2702/316/104 2703/316/104 2704/316/104
f 2705/316/104 2706/352/104 2707/316/104 2708/316/104
f 2713/388/101 2714/389/101 2715/389/101 2716/390/101
f 2721/394/101 2722/395/101 2723/396/101 2724/397/101
f 2725/398/102 2726/399/102 2727/400/102 2728/398/102
f 2733/403/102 2734/404/102 2735/405/102 2736/403/102
f 2737/417/102 2738/418/102 2739/418/102 2740/417/102
f 2741/419/102 2742/420/102 2743/421/102 2744/419/102
f 2749/426/101 2750/427/101 2751/427/101 2752/426/101
f 2757/431/101 2758/432/101 2759/432/101 2760/433/101
f 2765/440/102 2766/441/102 2767/442/102 2768/443/102
f 2769/444/102 2770/445/102 2771/446/102 2772/447/102
f 2781/455/102 2782/456/102 2783/456/102 2784/455/102
f 2785/296/103 2786/296/103 2787/296/103 2788/296/103
f 2793/296/103 2794/296/103 2795/296/103 2796/296/103
f 2797/296/103 2798/296/103 2799/458/103 2800/296/103
f 2801/567/104 2802/568/104 2803/569/104 2804/570/104
f 2809/575/104 2810/576/104 2811/576/104 2812/575/104
f 2817/581/104 2818/582/104 2819/582/104 2820/581/104
f 2821/583/103 2822/584/103 2823/585/103 2824/586/103
f 2829/591/103 2830/592/103 2831/593/103 2832/594/103
f 2833/595/103 2834/596/103 2835/597/103 2836/598/103
f 3263/298/101 3264/299/101 3265/300/101 3266/301/101
f 3267/302/102 3268/303/102 3269/303/102 3270/304/102
f 3271/305/103 3272/306/103 3273/307/103 3274/308/103
f 3275/309/104 3276/310/104 3277/311/104 3278/312/104
f 3279/313/102 3280/314/102 3281/314/102 3282/313/102
f 3291/325/101 3292/326/101 3293/327/101 3294/328/101
f 3295/344/101 3296/345/101 3297/345/101 3298/346/101
f 3299/347/101 3300/348/101 3301/349/101 3302/350/101
f 3303/316/104 3304/316/104 3305/316/104 3306/352/104
f 3307/316/104 3308/316/104 3309/316/104 3310/316/104
f 3311/316/104 3312/352/104 3313/316/104 3314/316/104
f 3319/388/101 3320/389/101 3321/389/101 3322/390/101
f 3327/394/101 3328/395/101 3329/396/101 3330/397/101
f 3331/398/102 3332/399/102 3333/400/102 3334/398/102
f 3339/403/102 3340/404/102 3341/405/102 3342/403/102
f 3343/417/102 3344/418/102 3345/418/102 3346/417/102
f 3347/419/102 3348/420/102 3349/421/102 3350/419/102
f 3355/426/101 3356/427/101 3357/427/101 3358/426/101
f 3363/431/101 3364/432/101 3365/432/101 3366/433/101
f 3371/440/102 3372/441/102 3373/442/102 3374/443/102
f 3375/444/102 3376/445/102 3377/446/102 3378/447/102
f 3387/455/102 3388/456/102 3389/456/102 3390/455/102
f 3391/296/103 3392/296/103 3393/296/103 3394/296/103
f 3399/296/103 3400/296/103 3401/296/103 3402/296/103
f 3403/296/103 3404/296/103 3405/458/103 3406/296/103
f 3407/567/104 3408/568/104 3409/569/104 3410/570/104
f 3415/575/104 3416/576/104 3417/576/104 3418/575/104
f 3423/581/104 3424/582/104 3425/582/104 3426/581/104
f 3427/583/103 3428/584/103 3429/585/103 3430/586/103
f 3435/591/103 3436/592/103 3437/593/103 3438/594/103
f 3439/595/103 3440/596/103 3441/597/103 3442/598/103
f 3869/298/101 3870/299/101 3871/300/101 3872/301/101
f 3873/302/102 3874/303/102 3875/303/102 3876/304/102
f 3877/305/103 3878/306/103 3879/307/103 3880/308/103
f 3881/309/104 3882/310/104 3883/311/104 3884/312/104
f 3885/313/102 3886/314/102 3887/314/102 3888/313/102
f 3897/325/101 3898/326/101 3899/327/101 3900/328/101
f 3901/344/101 3902/345/101 3903/345/101 3904/346/101
f 3905/347/101 3906/348/101 3907/349/101 3908/350/101
f 3909/316/104 3910/316/104 3911/316/104 3912/352/104
f 3913/316/104 3914/316/104 3915/316/104 3916/316/104
f 3917/316/104 3918/352/104 3919/316/104 3920/316/104
f 3925/388/101 3926/389/101 3927/389/101 3928/390/101
f 3933/394/101 3934/395/101 3935/396/101 3936/397/101
f 3937/398/102 3938/399/102 3939/400/102 3940/398/102
f 3945/403/102 3946/404/102 3947/405/102 3948/403/102
f 3949/417/102 3950/418/102 3951/418/102 3952/417/102
f 3953/419/102 3954/420/102 3955/421/102 3956/419/102
f 3961/426/101 3962/427/101 3963/427/101 3964/426/101
f 3969/431/101 3970/432/101 3971/432/101 3972/433/101
f 3977/440/102 3978/441/102 3979/442/102 3980/443/102
f 3981/444/102 3982/445/102 3983/446/102 3984/447/102
f 3993/455/102 3994/456/102 3995/456/102 3996/455/102
f 3997/296/103 3998/296/103 3999/296/103 4000/296/103
f 4005/296/103 4006/296/103 4007/296/103 4008/296/103
f 4009/296/103 4010/296/103 4011/458/103 4012/296/103
f 4013/567/104 4014/568/104 4015/569/104 4016/570/104
f 4021/575/104 4022/576/104 4023/576/104 4024/575/104
f 4029/581/104 4030/582/104 4031/582/104 4032/581/104
f 4033/583/103 4034/584/103 4035/585/103 4036/586/103
f 4041/591/103 4042/592/103 4043/593/103 4044/594/103
f 4045/595/103 4046/596/103 4047/597/103 4048/598/103
f 4475/298/101 4476/299/101 4477/300/101 4478/301/101
f 4479/302/102 4480/303/102 4481/303/102 4482/304/102
f 4483/305/103 4484/306/103 4485/307/103 4486/308/103
f 4487/309/104 4488/310/104 4489/311/104 4490/312/104
f 4491/313/102 4492/314/102 4493/314/102 4494/313/102
f 4503/325/101 4504/326/101 4505/327/101 4506/328/101
f 4507/344/101 4508/345/101 4509/345/101 4510/346/101
f 4511/347/101 4512/348/101 4513/349/101 4514/350/101
f 4515/316/104 4516/316/104 4517/316/104 4518/352/104
f 4519/316/104 4520/316/104 4521/316/104 4522/316/104
f 4523/316/104 4524/352/104 4525/316/104 4526/316/104
f 4531/388/101 4532/389/101 4533/389/101 4534/390/101
f 4539/394/101 4540/395/101 4541/396/101 4542/397/101
f 4543/398/102 4544/399/102 4545/400/102 4546/398/102
f 4551/403/102 4552/404/102 4553/405/102 4554/403/102
f 4555/417/102 4556/418/102 4557/418/102 4558/417/102
f 4559/419/102 4560/420/102 4561/421/102 4562/419/102
f 4567/426/101 4568/427/101 4569/427/101 4570/426/101
f 4575/431/101 4576/432/101 4577/432/101 4578/433/101
f 4583/440/102 4584/441/102 4585/442/102 4586/443/102
f 4587/444/102 4588/445/102 4589/446/102 4590/447/102
f 4599/455/102 4600/456/102 4601/456/102 4602/455/102
f 4603/296/103 4604/296/103 4605/296/103 4606/296/103
f 4611/296/103 4612/296/103 4613/296/103 4614/296/103
f 4615/296/103 4616/296/103 4617/458/103 4618/296/103
f 4619/567/104 4620/568/104 4621/569/104 4622/570/104
f 4627/575/104 4628/576/104 4629/576/104 4630/575/104
f 4635/581/104 4636/582/104 4637/582/104 4638/581/104
f 4639/583/103 4640/584/103 4641/585/103 4642/586/103
f 4647/591/103 4648/592/103 4649/593/103 4650/594/103
f 4651/595/103 4652/596/103 4653/597/103 4654/598/103
f 5081/298/101 5082/299/101 5083/300/101 5084/301/101
f 5085/302/102 5086/303/102 5087/303/102 5088/304/102
f 5089/305/103 5090/306/103 5091/307/103 5092/308/103
f 5093/309/104 5094/310/104 5095/311/104 5096/312/104
f 5097/313/102 5098/314/102 5099/314/102 5100/313/102
f 5109/325/101 5110/326/101 5111/327/101 5112/328/101
f 5113/344/101 5114/345/101 5115/345/101 5116/346/101
f 5117/347/101 5118/348/101 5119/349/101 5120/350/101
f 5121/316/104 5122/316/104 5123/316/104 5124/352/104
f 5125/316/104 5126/316/104 5127/316/104 5128/316/104
f 5129/316/104 5130/352/104 5131/316/104 5132/316/104
f 5137/388/101 5138/389/101 5139/389/101 5140/390/101
f 5145/394/101 5146/395/101 5147/396/101 5148/397/101
f 5149/398/102 5150/399/102 5151/400/102 5152/398/102
f 5157/403/102 5158/404/102 5159/405/102 5160/403/102
f 5161/417/102 5162/418/102 5163/418/102 5164/417/102
f 5165/419/102 5166/420/102 5167/421/102 5168/419/102
f 5173/426/101 5174/427/101 5175/427/101 5176/426/101
f 5181/431/101 5182/432/101 5183/432/101 5184/433/101
f 5189/440/102 5190/441/102 5191/442/102 5192/443/102
f 5193/444/102 5194/445/102 5195/446/102 5196/447/102
f 5205/455/102 5206/456/102 5207/456/102 5208/455/102
f 5209/296/103 5210/296/103 5211/296/103 5212/296/103
f 5217/296/103 5218/296/103 5219/296/103 5220/296/103
f 5221/296/103 5222/296/103 5223/458/103 5224/296/103
f 5225/567/104 5226/568/104 5227/569/104 5228/570/104
f 5233/575/104 5234/576/104 5235/576/104 5236/575/104
f 5241/581/104 5242/582/104 5243/582/104 5244/581/104
f 5245/583/103 5246/584/103 5247/585/103 5248/586/103
f 5253/591/103 5254/592/103 5255/593/103 5256/594/103
f 5257/595/103 5258/596/103 5259/597/103 5260/598/103
