# Blender 4.0.2
# www.blender.org
mtllib A13.mtl
o Text.045
v -9.550570 2.875139 11.184987
v -9.550570 2.875139 11.864493
v -9.551232 2.875139 11.876270
v -9.553219 2.875139 11.887681
v -9.556530 2.875139 11.898726
v -9.561167 2.875139 11.909404
v -9.567127 2.875139 11.919716
v -9.574411 2.875139 11.929662
v -9.583021 2.875139 11.939242
v -9.592955 2.875139 11.948456
v -9.604214 2.875139 11.957303
v -9.616796 2.875139 11.965785
v -9.630703 2.875139 11.973901
v -9.645935 2.875139 11.981650
v -9.662214 2.875139 11.988901
v -9.679262 2.875139 11.995522
v -9.697079 2.875139 12.001512
v -9.715664 2.875139 12.006871
v -9.735020 2.875139 12.011600
v -9.755144 2.875139 12.015698
v -9.776037 2.875139 12.019167
v -9.797699 2.875139 12.022004
v -9.820130 2.875139 12.024211
v -9.843331 2.875139 12.025787
v -9.867300 2.875139 12.026732
v -9.892038 2.875139 12.027048
v -11.131784 2.875139 12.027048
v -11.156524 2.875139 12.026732
v -11.180492 2.875139 12.025787
v -11.203693 2.875139 12.024211
v -11.226125 2.875139 12.022004
v -11.247787 2.875139 12.019167
v -11.268681 2.875139 12.015698
v -11.288804 2.875139 12.011600
v -11.308159 2.875139 12.006871
v -11.326745 2.875139 12.001512
v -11.344562 2.875139 11.995522
v -11.361609 2.875139 11.988901
v -11.377888 2.875139 11.981650
v -11.393120 2.875139 11.973901
v -11.407028 2.875139 11.965785
v -11.419611 2.875139 11.957303
v -11.430869 2.875139 11.948456
v -11.440804 2.875139 11.939242
v -11.449412 2.875139 11.929662
v -11.456697 2.875139 11.919716
v -11.462657 2.875139 11.909404
v -11.467293 2.875139 11.898726
v -11.470604 2.875139 11.887681
v -11.472591 2.875139 11.876270
v -11.473253 2.875139 11.864493
v -11.473253 2.875139 11.283106
v -11.045649 2.875139 11.283106
v -11.045649 2.875139 11.846920
v -9.981251 2.875139 11.846920
v -9.981251 2.875139 11.145447
v -10.830308 2.875139 10.842305
v -10.830308 2.875139 10.796907
v -9.987404 2.875139 10.498158
v -9.987404 2.875139 9.915306
v -11.039495 2.875139 9.915306
v -11.039495 2.875139 10.430794
v -11.467101 2.875139 10.430794
v -11.467101 2.875139 9.897732
v -11.466438 2.875139 9.885956
v -11.464453 2.875139 9.874545
v -11.461141 2.875139 9.863501
v -11.456505 2.875139 9.852822
v -11.450544 2.875139 9.842510
v -11.443260 2.875139 9.832563
v -11.434650 2.875139 9.822984
v -11.424717 2.875139 9.813770
v -11.413459 2.875139 9.804922
v -11.400876 2.875139 9.796441
v -11.386969 2.875139 9.788325
v -11.371737 2.875139 9.780576
v -11.355457 2.875139 9.773325
v -11.338409 2.875139 9.766705
v -11.320593 2.875139 9.760715
v -11.302007 2.875139 9.755355
v -11.282652 2.875139 9.750626
v -11.262527 2.875139 9.746528
v -11.241634 2.875139 9.743059
v -11.219973 2.875139 9.740222
v -11.197540 2.875139 9.738015
v -11.174340 2.875139 9.736439
v -11.150372 2.875139 9.735493
v -11.125632 2.875139 9.735178
v -9.898191 2.875139 9.735178
v -9.873453 2.875139 9.735493
v -9.849483 2.875139 9.736439
v -9.826283 2.875139 9.738015
v -9.803852 2.875139 9.740222
v -9.782189 2.875139 9.743059
v -9.761296 2.875139 9.746528
v -9.741172 2.875139 9.750626
v -9.721817 2.875139 9.755355
v -9.703232 2.875139 9.760715
v -9.685414 2.875139 9.766705
v -9.668366 2.875139 9.773325
v -9.652088 2.875139 9.780576
v -9.636856 2.875139 9.788325
v -9.622949 2.875139 9.796441
v -9.610366 2.875139 9.804922
v -9.599108 2.875139 9.813770
v -9.589173 2.875139 9.822985
v -9.580564 2.875139 9.832564
v -9.573279 2.875139 9.842510
v -9.567318 2.875139 9.852822
v -9.562683 2.875139 9.863501
v -9.559372 2.875139 9.874545
v -9.557384 2.875139 9.885956
v -9.556723 2.875139 9.897732
v -9.556723 2.875139 10.455689
v -9.558004 2.875139 10.473660
v -9.561850 2.875139 10.490958
v -9.568258 2.875139 10.507586
v -9.577231 2.875139 10.523542
v -9.588768 2.875139 10.538827
v -9.602867 2.875139 10.553441
v -9.619531 2.875139 10.567385
v -9.638758 2.875139 10.580656
v -9.660547 2.875139 10.593256
v -9.684902 2.875139 10.605186
v -9.711819 2.875139 10.616444
v -9.741301 2.875139 10.627030
v -10.313491 2.875139 10.818873
v -9.735147 2.875139 11.010717
v -9.705667 2.875139 11.021101
v -9.678749 2.875139 11.032236
v -9.654395 2.875139 11.044125
v -9.632605 2.875139 11.056767
v -9.613379 2.875139 11.070160
v -9.596714 2.875139 11.084306
v -9.582615 2.875139 11.099205
v -9.571079 2.875139 11.114856
v -9.562107 2.875139 11.131260
v -9.555698 2.875139 11.148417
v -9.551852 2.875139 11.166326
v -12.273090 2.875139 9.735178
v -12.273090 2.875139 12.027048
v -12.703772 2.875139 12.027048
v -12.703772 2.875139 10.438116
v -12.891425 2.875139 10.438116
v -12.891425 2.875139 10.430794
v -12.620711 2.875139 9.735178
v -14.183468 2.875139 9.729321
v -13.331335 2.875139 12.027048
v -13.755863 2.875139 12.027048
v -13.925059 2.875139 11.517418
v -14.881787 2.875139 11.517418
v -15.050983 2.875139 12.027048
v -15.463206 2.875139 12.027048
v -15.463206 2.875139 12.021191
v -14.604920 2.875139 9.729321
v -14.826414 2.875139 11.337291
v -13.980433 2.875139 11.337291
v -14.401885 2.875139 10.095433
v -9.550570 2.425344 11.184987
v -9.550570 2.425344 11.864493
v -9.551232 2.425344 11.876270
v -9.553219 2.425344 11.887681
v -9.556530 2.425344 11.898726
v -9.561167 2.425344 11.909404
v -9.567127 2.425344 11.919716
v -9.574411 2.425344 11.929662
v -9.583021 2.425344 11.939242
v -9.592955 2.425344 11.948456
v -9.604214 2.425344 11.957303
v -9.616796 2.425344 11.965785
v -9.630703 2.425344 11.973901
v -9.645935 2.425344 11.981650
v -9.662214 2.425344 11.988901
v -9.679262 2.425344 11.995522
v -9.697079 2.425344 12.001512
v -9.715664 2.425344 12.006871
v -9.735020 2.425344 12.011600
v -9.755144 2.425344 12.015698
v -9.776037 2.425344 12.019167
v -9.797699 2.425344 12.022004
v -9.820130 2.425344 12.024211
v -9.843331 2.425344 12.025787
v -9.867300 2.425344 12.026732
v -9.892038 2.425344 12.027048
v -11.131784 2.425344 12.027048
v -11.156524 2.425344 12.026732
v -11.180492 2.425344 12.025787
v -11.203693 2.425344 12.024211
v -11.226125 2.425344 12.022004
v -11.247787 2.425344 12.019167
v -11.268681 2.425344 12.015698
v -11.288804 2.425344 12.011600
v -11.308159 2.425344 12.006871
v -11.326745 2.425344 12.001512
v -11.344562 2.425344 11.995522
v -11.361609 2.425344 11.988901
v -11.377888 2.425344 11.981650
v -11.393120 2.425344 11.973901
v -11.407028 2.425344 11.965785
v -11.419611 2.425344 11.957303
v -11.430869 2.425344 11.948456
v -11.440804 2.425344 11.939242
v -11.449412 2.425344 11.929662
v -11.456697 2.425344 11.919716
v -11.462657 2.425344 11.909404
v -11.467293 2.425344 11.898726
v -11.470604 2.425344 11.887681
v -11.472591 2.425344 11.876270
v -11.473253 2.425344 11.864493
v -11.473253 2.425344 11.283106
v -11.045649 2.425344 11.283106
v -11.045649 2.425344 11.846920
v -9.981251 2.425344 11.846920
v -9.981251 2.425344 11.145447
v -10.830308 2.425344 10.842305
v -10.830308 2.425344 10.796907
v -9.987404 2.425344 10.498158
v -9.987404 2.425344 9.915306
v -11.039495 2.425344 9.915306
v -11.039495 2.425344 10.430794
v -11.467101 2.425344 10.430794
v -11.467101 2.425344 9.897732
v -11.466438 2.425344 9.885956
v -11.464453 2.425344 9.874545
v -11.461141 2.425344 9.863501
v -11.456505 2.425344 9.852822
v -11.450544 2.425344 9.842510
v -11.443260 2.425344 9.832563
v -11.434650 2.425344 9.822984
v -11.424717 2.425344 9.813770
v -11.413459 2.425344 9.804922
v -11.400876 2.425344 9.796441
v -11.386969 2.425344 9.788325
v -11.371737 2.425344 9.780576
v -11.355457 2.425344 9.773325
v -11.338409 2.425344 9.766705
v -11.320593 2.425344 9.760715
v -11.302007 2.425344 9.755355
v -11.282652 2.425344 9.750626
v -11.262527 2.425344 9.746528
v -11.241634 2.425344 9.743059
v -11.219973 2.425344 9.740222
v -11.197540 2.425344 9.738015
v -11.174340 2.425344 9.736439
v -11.150372 2.425344 9.735493
v -11.125632 2.425344 9.735178
v -9.898191 2.425344 9.735178
v -9.873453 2.425344 9.735493
v -9.849483 2.425344 9.736439
v -9.826283 2.425344 9.738015
v -9.803852 2.425344 9.740222
v -9.782189 2.425344 9.743059
v -9.761296 2.425344 9.746528
v -9.741172 2.425344 9.750626
v -9.721817 2.425344 9.755355
v -9.703232 2.425344 9.760715
v -9.685414 2.425344 9.766705
v -9.668366 2.425344 9.773325
v -9.652088 2.425344 9.780576
v -9.636856 2.425344 9.788325
v -9.622949 2.425344 9.796441
v -9.610366 2.425344 9.804922
v -9.599108 2.425344 9.813770
v -9.589173 2.425344 9.822985
v -9.580564 2.425344 9.832564
v -9.573279 2.425344 9.842510
v -9.567318 2.425344 9.852822
v -9.562683 2.425344 9.863501
v -9.559372 2.425344 9.874545
v -9.557384 2.425344 9.885956
v -9.556723 2.425344 9.897732
v -9.556723 2.425344 10.455689
v -9.558004 2.425344 10.473660
v -9.561850 2.425344 10.490958
v -9.568258 2.425344 10.507586
v -9.577231 2.425344 10.523542
v -9.588768 2.425344 10.538827
v -9.602867 2.425344 10.553441
v -9.619531 2.425344 10.567385
v -9.638758 2.425344 10.580656
v -9.660547 2.425344 10.593256
v -9.684902 2.425344 10.605186
v -9.711819 2.425344 10.616444
v -9.741301 2.425344 10.627030
v -10.313491 2.425344 10.818873
v -9.735147 2.425344 11.010717
v -9.705667 2.425344 11.021101
v -9.678749 2.425344 11.032236
v -9.654395 2.425344 11.044125
v -9.632605 2.425344 11.056767
v -9.613379 2.425344 11.070160
v -9.596714 2.425344 11.084306
v -9.582615 2.425344 11.099205
v -9.571079 2.425344 11.114856
v -9.562107 2.425344 11.131260
v -9.555698 2.425344 11.148417
v -9.551852 2.425344 11.166326
v -12.273090 2.425344 9.735178
v -12.273090 2.425344 12.027048
v -12.703772 2.425344 12.027048
v -12.703772 2.425344 10.438116
v -12.891425 2.425344 10.438116
v -12.891425 2.425344 10.430794
v -12.620711 2.425344 9.735178
v -14.183468 2.425344 9.729321
v -13.331335 2.425344 12.027048
v -13.755863 2.425344 12.027048
v -13.925059 2.425344 11.517418
v -14.881787 2.425344 11.517418
v -15.050983 2.425344 12.027048
v -15.463206 2.425344 12.027048
v -15.463206 2.425344 12.021191
v -14.604920 2.425344 9.729321
v -14.826414 2.425344 11.337291
v -13.980433 2.425344 11.337291
v -14.401885 2.425344 10.095433
v -14.183468 2.425344 9.729321
v -14.183468 2.875139 9.729321
v -13.331335 2.425344 12.027048
v -13.331335 2.875139 12.027048
v -13.755863 2.425344 12.027048
v -13.755863 2.875139 12.027048
v -13.925059 2.425344 11.517418
v -13.925059 2.875139 11.517418
v -14.881787 2.425344 11.517418
v -14.881787 2.875139 11.517418
v -15.050983 2.425344 12.027048
v -15.050983 2.875139 12.027048
v -15.463206 2.425344 12.027048
v -15.463206 2.875139 12.027048
v -15.463206 2.425344 12.021191
v -15.463206 2.875139 12.021191
v -14.604920 2.425344 9.729321
v -14.604920 2.875139 9.729321
v -14.826414 2.425344 11.337291
v -14.826414 2.875139 11.337291
v -13.980433 2.425344 11.337291
v -13.980433 2.875139 11.337291
v -14.401885 2.425344 10.095433
v -14.401885 2.875139 10.095433
v -12.273090 2.425344 9.735178
v -12.273090 2.875139 9.735178
v -12.273090 2.425344 12.027048
v -12.273090 2.875139 12.027048
v -12.703772 2.425344 12.027048
v -12.703772 2.875139 12.027048
v -12.703772 2.425344 10.438116
v -12.703772 2.875139 10.438116
v -12.891425 2.425344 10.438116
v -12.891425 2.875139 10.438116
v -12.891425 2.425344 10.430794
v -12.891425 2.875139 10.430794
v -12.620711 2.425344 9.735178
v -12.620711 2.875139 9.735178
v -9.550570 2.425344 11.184987
v -9.550570 2.875139 11.184987
v -9.550570 2.425344 11.864493
v -9.550570 2.875139 11.864493
v -9.551232 2.425344 11.876270
v -9.551232 2.875139 11.876270
v -9.553219 2.425344 11.887681
v -9.553219 2.875139 11.887681
v -9.556530 2.425344 11.898726
v -9.556530 2.875139 11.898726
v -9.561167 2.425344 11.909404
v -9.561167 2.875139 11.909404
v -9.567127 2.425344 11.919716
v -9.567127 2.875139 11.919716
v -9.574411 2.425344 11.929662
v -9.574411 2.875139 11.929662
v -9.583021 2.425344 11.939242
v -9.583021 2.875139 11.939242
v -9.592955 2.425344 11.948456
v -9.592955 2.875139 11.948456
v -9.604214 2.425344 11.957303
v -9.604214 2.875139 11.957303
v -9.616796 2.425344 11.965785
v -9.616796 2.875139 11.965785
v -9.630703 2.425344 11.973901
v -9.630703 2.875139 11.973901
v -9.645935 2.425344 11.981650
v -9.645935 2.875139 11.981650
v -9.662214 2.425344 11.988901
v -9.662214 2.875139 11.988901
v -9.679262 2.425344 11.995522
v -9.679262 2.875139 11.995522
v -9.697079 2.425344 12.001512
v -9.697079 2.875139 12.001512
v -9.715664 2.425344 12.006871
v -9.715664 2.875139 12.006871
v -9.735020 2.425344 12.011600
v -9.735020 2.875139 12.011600
v -9.755144 2.425344 12.015698
v -9.755144 2.875139 12.015698
v -9.776037 2.425344 12.019167
v -9.776037 2.875139 12.019167
v -9.797699 2.425344 12.022004
v -9.797699 2.875139 12.022004
v -9.820130 2.425344 12.024211
v -9.820130 2.875139 12.024211
v -9.843331 2.425344 12.025787
v -9.843331 2.875139 12.025787
v -9.867300 2.425344 12.026732
v -9.867300 2.875139 12.026732
v -9.892038 2.425344 12.027048
v -9.892038 2.875139 12.027048
v -11.131784 2.425344 12.027048
v -11.131784 2.875139 12.027048
v -11.156524 2.425344 12.026732
v -11.156524 2.875139 12.026732
v -11.180492 2.425344 12.025787
v -11.180492 2.875139 12.025787
v -11.203693 2.425344 12.024211
v -11.203693 2.875139 12.024211
v -11.226125 2.425344 12.022004
v -11.226125 2.875139 12.022004
v -11.247787 2.425344 12.019167
v -11.247787 2.875139 12.019167
v -11.268681 2.425344 12.015698
v -11.268681 2.875139 12.015698
v -11.288804 2.425344 12.011600
v -11.288804 2.875139 12.011600
v -11.308159 2.425344 12.006871
v -11.308159 2.875139 12.006871
v -11.326745 2.425344 12.001512
v -11.326745 2.875139 12.001512
v -11.344562 2.425344 11.995522
v -11.344562 2.875139 11.995522
v -11.361609 2.425344 11.988901
v -11.361609 2.875139 11.988901
v -11.377888 2.425344 11.981650
v -11.377888 2.875139 11.981650
v -11.393120 2.425344 11.973901
v -11.393120 2.875139 11.973901
v -11.407028 2.425344 11.965785
v -11.407028 2.875139 11.965785
v -11.419611 2.425344 11.957303
v -11.419611 2.875139 11.957303
v -11.430869 2.425344 11.948456
v -11.430869 2.875139 11.948456
v -11.440804 2.425344 11.939242
v -11.440804 2.875139 11.939242
v -11.449412 2.425344 11.929662
v -11.449412 2.875139 11.929662
v -11.456697 2.425344 11.919716
v -11.456697 2.875139 11.919716
v -11.462657 2.425344 11.909404
v -11.462657 2.875139 11.909404
v -11.467293 2.425344 11.898726
v -11.467293 2.875139 11.898726
v -11.470604 2.425344 11.887681
v -11.470604 2.875139 11.887681
v -11.472591 2.425344 11.876270
v -11.472591 2.875139 11.876270
v -11.473253 2.425344 11.864493
v -11.473253 2.875139 11.864493
v -11.473253 2.425344 11.283106
v -11.473253 2.875139 11.283106
v -11.045649 2.425344 11.283106
v -11.045649 2.875139 11.283106
v -11.045649 2.425344 11.846920
v -11.045649 2.875139 11.846920
v -9.981251 2.425344 11.846920
v -9.981251 2.875139 11.846920
v -9.981251 2.425344 11.145447
v -9.981251 2.875139 11.145447
v -10.830308 2.425344 10.842305
v -10.830308 2.875139 10.842305
v -10.830308 2.425344 10.796907
v -10.830308 2.875139 10.796907
v -9.987404 2.425344 10.498158
v -9.987404 2.875139 10.498158
v -9.987404 2.425344 9.915306
v -9.987404 2.875139 9.915306
v -11.039495 2.425344 9.915306
v -11.039495 2.875139 9.915306
v -11.039495 2.425344 10.430794
v -11.039495 2.875139 10.430794
v -11.467101 2.425344 10.430794
v -11.467101 2.875139 10.430794
v -11.467101 2.425344 9.897732
v -11.467101 2.875139 9.897732
v -11.466438 2.425344 9.885956
v -11.466438 2.875139 9.885956
v -11.464453 2.425344 9.874545
v -11.464453 2.875139 9.874545
v -11.461141 2.425344 9.863501
v -11.461141 2.875139 9.863501
v -11.456505 2.425344 9.852822
v -11.456505 2.875139 9.852822
v -11.450544 2.425344 9.842510
v -11.450544 2.875139 9.842510
v -11.443260 2.425344 9.832563
v -11.443260 2.875139 9.832563
v -11.434650 2.425344 9.822984
v -11.434650 2.875139 9.822984
v -11.424717 2.425344 9.813770
v -11.424717 2.875139 9.813770
v -11.413459 2.425344 9.804922
v -11.413459 2.875139 9.804922
v -11.400876 2.425344 9.796441
v -11.400876 2.875139 9.796441
v -11.386969 2.425344 9.788325
v -11.386969 2.875139 9.788325
v -11.371737 2.425344 9.780576
v -11.371737 2.875139 9.780576
v -11.355457 2.425344 9.773325
v -11.355457 2.875139 9.773325
v -11.338409 2.425344 9.766705
v -11.338409 2.875139 9.766705
v -11.320593 2.425344 9.760715
v -11.320593 2.875139 9.760715
v -11.302007 2.425344 9.755355
v -11.302007 2.875139 9.755355
v -11.282652 2.425344 9.750626
v -11.282652 2.875139 9.750626
v -11.262527 2.425344 9.746528
v -11.262527 2.875139 9.746528
v -11.241634 2.425344 9.743059
v -11.241634 2.875139 9.743059
v -11.219973 2.425344 9.740222
v -11.219973 2.875139 9.740222
v -11.197540 2.425344 9.738015
v -11.197540 2.875139 9.738015
v -11.174340 2.425344 9.736439
v -11.174340 2.875139 9.736439
v -11.150372 2.425344 9.735493
v -11.150372 2.875139 9.735493
v -11.125632 2.425344 9.735178
v -11.125632 2.875139 9.735178
v -9.898191 2.425344 9.735178
v -9.898191 2.875139 9.735178
v -9.873453 2.425344 9.735493
v -9.873453 2.875139 9.735493
v -9.849483 2.425344 9.736439
v -9.849483 2.875139 9.736439
v -9.826283 2.425344 9.738015
v -9.826283 2.875139 9.738015
v -9.803852 2.425344 9.740222
v -9.803852 2.875139 9.740222
v -9.782189 2.425344 9.743059
v -9.782189 2.875139 9.743059
v -9.761296 2.425344 9.746528
v -9.761296 2.875139 9.746528
v -9.741172 2.425344 9.750626
v -9.741172 2.875139 9.750626
v -9.721817 2.425344 9.755355
v -9.721817 2.875139 9.755355
v -9.703232 2.425344 9.760715
v -9.703232 2.875139 9.760715
v -9.685414 2.425344 9.766705
v -9.685414 2.875139 9.766705
v -9.668366 2.425344 9.773325
v -9.668366 2.875139 9.773325
v -9.652088 2.425344 9.780576
v -9.652088 2.875139 9.780576
v -9.636856 2.425344 9.788325
v -9.636856 2.875139 9.788325
v -9.622949 2.425344 9.796441
v -9.622949 2.875139 9.796441
v -9.610366 2.425344 9.804922
v -9.610366 2.875139 9.804922
v -9.599108 2.425344 9.813770
v -9.599108 2.875139 9.813770
v -9.589173 2.425344 9.822985
v -9.589173 2.875139 9.822985
v -9.580564 2.425344 9.832564
v -9.580564 2.875139 9.832564
v -9.573279 2.425344 9.842510
v -9.573279 2.875139 9.842510
v -9.567318 2.425344 9.852822
v -9.567318 2.875139 9.852822
v -9.562683 2.425344 9.863501
v -9.562683 2.875139 9.863501
v -9.559372 2.425344 9.874545
v -9.559372 2.875139 9.874545
v -9.557384 2.425344 9.885956
v -9.557384 2.875139 9.885956
v -9.556723 2.425344 9.897732
v -9.556723 2.875139 9.897732
v -9.556723 2.425344 10.455689
v -9.556723 2.875139 10.455689
v -9.558004 2.425344 10.473660
v -9.558004 2.875139 10.473660
v -9.561850 2.425344 10.490958
v -9.561850 2.875139 10.490958
v -9.568258 2.425344 10.507586
v -9.568258 2.875139 10.507586
v -9.577231 2.425344 10.523542
v -9.577231 2.875139 10.523542
v -9.588768 2.425344 10.538827
v -9.588768 2.875139 10.538827
v -9.602867 2.425344 10.553441
v -9.602867 2.875139 10.553441
v -9.619531 2.425344 10.567385
v -9.619531 2.875139 10.567385
v -9.638758 2.425344 10.580656
v -9.638758 2.875139 10.580656
v -9.660547 2.425344 10.593256
v -9.660547 2.875139 10.593256
v -9.684902 2.425344 10.605186
v -9.684902 2.875139 10.605186
v -9.711819 2.425344 10.616444
v -9.711819 2.875139 10.616444
v -9.741301 2.425344 10.627030
v -9.741301 2.875139 10.627030
v -10.313491 2.425344 10.818873
v -10.313491 2.875139 10.818873
v -9.735147 2.425344 11.010717
v -9.735147 2.875139 11.010717
v -9.705667 2.425344 11.021101
v -9.705667 2.875139 11.021101
v -9.678749 2.425344 11.032236
v -9.678749 2.875139 11.032236
v -9.654395 2.425344 11.044125
v -9.654395 2.875139 11.044125
v -9.632605 2.425344 11.056767
v -9.632605 2.875139 11.056767
v -9.613379 2.425344 11.070160
v -9.613379 2.875139 11.070160
v -9.596714 2.425344 11.084306
v -9.596714 2.875139 11.084306
v -9.582615 2.425344 11.099205
v -9.582615 2.875139 11.099205
v -9.571079 2.425344 11.114856
v -9.571079 2.875139 11.114856
v -9.562107 2.425344 11.131260
v -9.562107 2.875139 11.131260
v -9.555698 2.425344 11.148417
v -9.555698 2.875139 11.148417
v -9.551852 2.425344 11.166326
v -9.551852 2.875139 11.166326
vn -0.0000 1.0000 -0.0000
vn -0.0000 -1.0000 -0.0000
vn 0.3709 -0.0000 -0.9287
vn 0.4935 -0.0000 0.8697
vn -0.3767 -0.0000 0.9263
vn 0.3767 -0.0000 0.9263
vn -0.4298 -0.0000 0.9029
vn -0.9832 -0.0000 -0.1827
vn -0.3703 -0.0000 -0.9289
vn 0.4885 -0.0000 -0.8726
vn -0.4880 -0.0000 -0.8728
vn -0.0003 -0.0000 1.0000
vn 0.4298 -0.0000 -0.9029
vn 0.4298 -0.0000 0.9029
vn -0.9819 -0.0000 -0.1895
vn -0.3681 -0.0000 -0.9298
vn 0.9994 -0.0000 -0.0343
vn 0.9996 -0.0000 0.0281
vn 0.9934 -0.0000 0.1143
vn 0.9731 -0.0000 0.2304
vn 0.9389 -0.0000 0.3442
vn 0.8925 -0.0000 0.4511
vn 0.8368 -0.0000 0.5476
vn 0.7754 -0.0000 0.6315
vn 0.7117 -0.0000 0.7024
vn 0.6486 -0.0000 0.7611
vn 0.5880 -0.0000 0.8089
vn 0.5311 -0.0000 0.8473
vn 0.4783 -0.0000 0.8782
vn 0.3841 -0.0000 0.9233
vn 0.3400 -0.0000 0.9404
vn 0.2976 -0.0000 0.9547
vn 0.2570 -0.0000 0.9664
vn 0.2183 -0.0000 0.9759
vn 0.1815 -0.0000 0.9834
vn 0.1467 -0.0000 0.9892
vn 0.1138 -0.0000 0.9935
vn 0.0828 -0.0000 0.9966
vn 0.0536 -0.0000 0.9986
vn 0.0261 -0.0000 0.9997
vn 0.0064 -0.0000 1.0000
vn -0.0064 -0.0000 1.0000
vn -0.0261 -0.0000 0.9997
vn -0.0536 -0.0000 0.9986
vn -0.0828 -0.0000 0.9966
vn -0.1138 -0.0000 0.9935
vn -0.1467 -0.0000 0.9892
vn -0.1815 -0.0000 0.9834
vn -0.2183 -0.0000 0.9759
vn -0.2570 -0.0000 0.9664
vn -0.2976 -0.0000 0.9547
vn -0.3400 -0.0000 0.9404
vn -0.3841 -0.0000 0.9233
vn -0.4783 -0.0000 0.8782
vn -0.5311 -0.0000 0.8473
vn -0.5880 -0.0000 0.8089
vn -0.6486 -0.0000 0.7611
vn -0.7117 -0.0000 0.7024
vn -0.7754 -0.0000 0.6315
vn -0.8368 -0.0000 0.5476
vn -0.8925 -0.0000 0.4511
vn -0.9389 -0.0000 0.3442
vn -0.9731 -0.0000 0.2304
vn -0.9934 -0.0000 0.1143
vn -0.9996 -0.0000 0.0281
vn -0.4298 -0.0000 -0.9029
vn -0.6895 -0.0000 0.7242
vn -0.6880 -0.0000 -0.7258
vn -0.9996 -0.0000 -0.0281
vn -0.9934 -0.0000 -0.1143
vn -0.9731 -0.0000 -0.2304
vn -0.9389 -0.0000 -0.3442
vn -0.8925 -0.0000 -0.4511
vn -0.8368 -0.0000 -0.5476
vn -0.7754 -0.0000 -0.6315
vn -0.7117 -0.0000 -0.7024
vn -0.6486 -0.0000 -0.7611
vn -0.5880 -0.0000 -0.8088
vn -0.5311 -0.0000 -0.8473
vn -0.4783 -0.0000 -0.8782
vn -0.3841 -0.0000 -0.9233
vn -0.3400 -0.0000 -0.9404
vn -0.2976 -0.0000 -0.9547
vn -0.2570 -0.0000 -0.9664
vn -0.2183 -0.0000 -0.9759
vn -0.1815 -0.0000 -0.9834
vn -0.1467 -0.0000 -0.9892
vn -0.1138 -0.0000 -0.9935
vn -0.0828 -0.0000 -0.9966
vn -0.0536 -0.0000 -0.9986
vn -0.0261 -0.0000 -0.9997
vn -0.0064 -0.0000 -1.0000
vn 0.0064 -0.0000 -1.0000
vn 0.0261 -0.0000 -0.9997
vn 0.0536 -0.0000 -0.9986
vn 0.0828 -0.0000 -0.9966
vn 0.1138 -0.0000 -0.9935
vn 0.1467 -0.0000 -0.9892
vn 0.1815 -0.0000 -0.9834
vn 0.2183 -0.0000 -0.9759
vn 0.2570 -0.0000 -0.9664
vn 0.2976 -0.0000 -0.9547
vn 0.3400 -0.0000 -0.9404
vn 0.3841 -0.0000 -0.9233
vn 0.4783 -0.0000 -0.8782
vn 0.5311 -0.0000 -0.8473
vn 0.5880 -0.0000 -0.8089
vn 0.6486 -0.0000 -0.7611
vn 0.7117 -0.0000 -0.7024
vn 0.7754 -0.0000 -0.6315
vn 0.8368 -0.0000 -0.5476
vn 0.8924 -0.0000 -0.4512
vn 0.9389 -0.0000 -0.3442
vn 0.9731 -0.0000 -0.2304
vn 0.9934 -0.0000 -0.1143
vn 0.9996 -0.0000 -0.0281
vn 0.9994 -0.0000 0.0356
vn 0.9894 -0.0000 0.1451
vn 0.9569 -0.0000 0.2903
vn 0.9040 -0.0000 0.4276
vn 0.8357 -0.0000 0.5493
vn 0.7590 -0.0000 0.6511
vn 0.6803 -0.0000 0.7329
vn 0.6043 -0.0000 0.7968
vn 0.5337 -0.0000 0.8457
vn 0.4697 -0.0000 0.8828
vn 0.4124 -0.0000 0.9110
vn 0.3615 -0.0000 0.9324
vn 0.3279 -0.0000 0.9447
vn 1.0000 -0.0000 -0.0053
vn 0.3235 -0.0000 -0.9462
vn 0.3568 -0.0000 -0.9342
vn 0.4100 -0.0000 -0.9121
vn 0.4696 -0.0000 -0.8829
vn 0.5360 -0.0000 -0.8442
vn 0.6088 -0.0000 -0.7933
vn 0.6864 -0.0000 -0.7273
vn 0.7657 -0.0000 -0.6432
vn 0.8420 -0.0000 -0.5395
vn 0.9087 -0.0000 -0.4175
vn 0.9595 -0.0000 -0.2818
vn 0.9901 -0.0000 -0.1401
vt 0.623188 0.000000
vt 0.637681 0.000000
vt 0.630435 0.000000
vt 0.644928 0.000000
vt 0.615942 0.000000
vt 0.652174 0.000000
vt 0.608696 0.000000
vt 0.659420 0.000000
vt 0.601449 0.000000
vt 0.666667 0.000000
vt 0.594203 0.000000
vt 0.673913 0.000000
vt 0.586957 0.000000
vt 0.681159 0.000000
vt 0.579710 0.000000
vt 0.688406 0.000000
vt 0.572464 0.000000
vt 0.695652 0.000000
vt 0.565217 0.000000
vt 0.702899 0.000000
vt 0.557971 0.000000
vt 0.710145 0.000000
vt 0.550725 0.000000
vt 0.717391 0.000000
vt 0.543478 0.000000
vt 0.724638 0.000000
vt 0.536232 0.000000
vt 0.731884 0.000000
vt 0.528986 0.000000
vt 0.739130 0.000000
vt 0.521739 0.000000
vt 0.746377 0.000000
vt 0.514493 0.000000
vt 0.753623 0.000000
vt 0.507246 0.000000
vt 0.760870 0.000000
vt 0.500000 0.000000
vt 0.768116 0.000000
vt 0.492754 0.000000
vt 0.775362 0.000000
vt 0.485507 0.000000
vt 0.782609 0.000000
vt 0.478261 0.000000
vt 0.789855 0.000000
vt 0.471014 0.000000
vt 0.797101 0.000000
vt 0.463768 0.000000
vt 0.804348 0.000000
vt 0.456522 0.000000
vt 0.811594 0.000000
vt 0.449275 0.000000
vt 0.434783 0.000000
vt 0.427536 0.000000
vt 0.818841 0.000000
vt 0.442029 0.000000
vt 0.420290 0.000000
vt 0.826087 0.000000
vt 0.833333 0.000000
vt 0.840580 0.000000
vt 0.413043 0.000000
vt 0.847826 0.000000
vt 0.855072 0.000000
vt 0.862319 0.000000
vt 0.869565 0.000000
vt 0.876812 0.000000
vt 0.884058 0.000000
vt 0.891304 0.000000
vt 0.898551 0.000000
vt 0.905797 0.000000
vt 0.913043 0.000000
vt 0.405797 0.000000
vt 0.920290 0.000000
vt 0.398551 0.000000
vt 0.927536 0.000000
vt 0.934783 0.000000
vt 0.942029 0.000000
vt 0.949275 0.000000
vt 0.956522 0.000000
vt 0.963768 0.000000
vt 0.971014 0.000000
vt 0.978261 0.000000
vt 0.985507 0.000000
vt 0.992754 0.000000
vt 0.391304 0.000000
vt 1.000000 0.000000
vt 0.000000 0.000000
vt 0.007246 0.000000
vt 0.362319 0.000000
vt 0.376812 0.000000
vt 0.369565 0.000000
vt 0.384058 0.000000
vt 0.355072 0.000000
vt 0.014493 0.000000
vt 0.347826 0.000000
vt 0.021739 0.000000
vt 0.340580 0.000000
vt 0.028986 0.000000
vt 0.333333 0.000000
vt 0.036232 0.000000
vt 0.326087 0.000000
vt 0.043478 0.000000
vt 0.318841 0.000000
vt 0.050725 0.000000
vt 0.311594 0.000000
vt 0.057971 0.000000
vt 0.304348 0.000000
vt 0.065217 0.000000
vt 0.072464 0.000000
vt 0.297101 0.000000
vt 0.079710 0.000000
vt 0.289855 0.000000
vt 0.086957 0.000000
vt 0.282609 0.000000
vt 0.094203 0.000000
vt 0.275362 0.000000
vt 0.268116 0.000000
vt 0.101449 0.000000
vt 0.260870 0.000000
vt 0.108696 0.000000
vt 0.253623 0.000000
vt 0.115942 0.000000
vt 0.246377 0.000000
vt 0.123188 0.000000
vt 0.239130 0.000000
vt 0.130435 0.000000
vt 0.231884 0.000000
vt 0.137681 0.000000
vt 0.224638 0.000000
vt 0.144928 0.000000
vt 0.217391 0.000000
vt 0.152174 0.000000
vt 0.159420 0.000000
vt 0.210145 0.000000
vt 0.166667 0.000000
vt 0.202899 0.000000
vt 0.173913 0.000000
vt 0.195652 0.000000
vt 0.181159 0.000000
vt 0.188406 0.000000
vt 0.636364 0.000000
vt 0.727273 0.000000
vt 0.090909 0.000000
vt 0.818182 0.000000
vt 0.909091 0.000000
vt 0.363636 0.000000
vt 0.272727 0.000000
vt 0.454545 0.000000
vt 0.181818 0.000000
vt 0.545455 0.000000
vt 0.000000 1.000000
vt 0.111111 1.000000
vt 0.111111 0.000000
vt 0.222222 1.000000
vt 0.222222 0.000000
vt 0.333333 1.000000
vt 0.444444 1.000000
vt 0.444444 0.000000
vt 0.555556 1.000000
vt 0.555556 0.000000
vt 0.666667 1.000000
vt 0.777778 1.000000
vt 0.777778 0.000000
vt 0.888889 1.000000
vt 0.888889 0.000000
vt 1.000000 1.000000
vt 0.142857 1.000000
vt 0.142857 0.000000
vt 0.285714 1.000000
vt 0.285714 0.000000
vt 0.428571 1.000000
vt 0.428571 0.000000
vt 0.571429 1.000000
vt 0.571429 0.000000
vt 0.714286 1.000000
vt 0.714286 0.000000
vt 0.857143 1.000000
vt 0.857143 0.000000
vt 0.007194 1.000000
vt 0.007194 0.000000
vt 0.014388 1.000000
vt 0.014388 0.000000
vt 0.021583 1.000000
vt 0.021583 0.000000
vt 0.028777 1.000000
vt 0.028777 0.000000
vt 0.035971 1.000000
vt 0.035971 0.000000
vt 0.043165 1.000000
vt 0.043165 0.000000
vt 0.050360 1.000000
vt 0.050360 0.000000
vt 0.057554 1.000000
vt 0.057554 0.000000
vt 0.064748 1.000000
vt 0.064748 0.000000
vt 0.071942 1.000000
vt 0.071942 0.000000
vt 0.079137 1.000000
vt 0.079137 0.000000
vt 0.086331 1.000000
vt 0.086331 0.000000
vt 0.093525 1.000000
vt 0.093525 0.000000
vt 0.100719 1.000000
vt 0.100719 0.000000
vt 0.107914 1.000000
vt 0.107914 0.000000
vt 0.115108 1.000000
vt 0.115108 0.000000
vt 0.122302 1.000000
vt 0.122302 0.000000
vt 0.129496 1.000000
vt 0.129496 0.000000
vt 0.136691 1.000000
vt 0.136691 0.000000
vt 0.143885 1.000000
vt 0.143885 0.000000
vt 0.151079 1.000000
vt 0.151079 0.000000
vt 0.158273 1.000000
vt 0.158273 0.000000
vt 0.165468 1.000000
vt 0.165468 0.000000
vt 0.172662 1.000000
vt 0.172662 0.000000
vt 0.179856 1.000000
vt 0.179856 0.000000
vt 0.187050 1.000000
vt 0.187050 0.000000
vt 0.194245 1.000000
vt 0.194245 0.000000
vt 0.201439 1.000000
vt 0.201439 0.000000
vt 0.208633 1.000000
vt 0.208633 0.000000
vt 0.215827 1.000000
vt 0.215827 0.000000
vt 0.223022 1.000000
vt 0.223022 0.000000
vt 0.230216 1.000000
vt 0.230216 0.000000
vt 0.237410 1.000000
vt 0.237410 0.000000
vt 0.244604 1.000000
vt 0.244604 0.000000
vt 0.251799 1.000000
vt 0.251799 0.000000
vt 0.258993 1.000000
vt 0.258993 0.000000
vt 0.266187 1.000000
vt 0.266187 0.000000
vt 0.273381 1.000000
vt 0.273381 0.000000
vt 0.280576 1.000000
vt 0.280576 0.000000
vt 0.287770 1.000000
vt 0.287770 0.000000
vt 0.294964 1.000000
vt 0.294964 0.000000
vt 0.302158 1.000000
vt 0.302158 0.000000
vt 0.309353 1.000000
vt 0.309353 0.000000
vt 0.316547 1.000000
vt 0.316547 0.000000
vt 0.323741 1.000000
vt 0.323741 0.000000
vt 0.330935 1.000000
vt 0.330935 0.000000
vt 0.338129 1.000000
vt 0.338129 0.000000
vt 0.345324 1.000000
vt 0.345324 0.000000
vt 0.352518 1.000000
vt 0.352518 0.000000
vt 0.359712 1.000000
vt 0.359712 0.000000
vt 0.366906 1.000000
vt 0.366906 0.000000
vt 0.374101 1.000000
vt 0.374101 0.000000
vt 0.381295 1.000000
vt 0.381295 0.000000
vt 0.388489 1.000000
vt 0.388489 0.000000
vt 0.395683 1.000000
vt 0.395683 0.000000
vt 0.402878 1.000000
vt 0.402878 0.000000
vt 0.410072 1.000000
vt 0.410072 0.000000
vt 0.417266 1.000000
vt 0.417266 0.000000
vt 0.424460 1.000000
vt 0.424460 0.000000
vt 0.431655 1.000000
vt 0.431655 0.000000
vt 0.438849 1.000000
vt 0.438849 0.000000
vt 0.446043 1.000000
vt 0.446043 0.000000
vt 0.453237 1.000000
vt 0.453237 0.000000
vt 0.460432 1.000000
vt 0.460432 0.000000
vt 0.467626 1.000000
vt 0.467626 0.000000
vt 0.474820 1.000000
vt 0.474820 0.000000
vt 0.482014 1.000000
vt 0.482014 0.000000
vt 0.489209 1.000000
vt 0.489209 0.000000
vt 0.496403 1.000000
vt 0.496403 0.000000
vt 0.503597 1.000000
vt 0.503597 0.000000
vt 0.510791 1.000000
vt 0.510791 0.000000
vt 0.517986 1.000000
vt 0.517986 0.000000
vt 0.525180 1.000000
vt 0.525180 0.000000
vt 0.532374 1.000000
vt 0.532374 0.000000
vt 0.539568 1.000000
vt 0.539568 0.000000
vt 0.546763 1.000000
vt 0.546763 0.000000
vt 0.553957 1.000000
vt 0.553957 0.000000
vt 0.561151 1.000000
vt 0.561151 0.000000
vt 0.568345 1.000000
vt 0.568345 0.000000
vt 0.575540 1.000000
vt 0.575540 0.000000
vt 0.582734 1.000000
vt 0.582734 0.000000
vt 0.589928 1.000000
vt 0.589928 0.000000
vt 0.597122 1.000000
vt 0.597122 0.000000
vt 0.604317 1.000000
vt 0.604317 0.000000
vt 0.611511 1.000000
vt 0.611511 0.000000
vt 0.618705 1.000000
vt 0.618705 0.000000
vt 0.625899 1.000000
vt 0.625899 0.000000
vt 0.633094 1.000000
vt 0.633094 0.000000
vt 0.640288 1.000000
vt 0.640288 0.000000
vt 0.647482 1.000000
vt 0.647482 0.000000
vt 0.654676 1.000000
vt 0.654676 0.000000
vt 0.661870 1.000000
vt 0.661870 0.000000
vt 0.669065 1.000000
vt 0.669065 0.000000
vt 0.676259 1.000000
vt 0.676259 0.000000
vt 0.683453 1.000000
vt 0.683453 0.000000
vt 0.690647 1.000000
vt 0.690647 0.000000
vt 0.697842 1.000000
vt 0.697842 0.000000
vt 0.705036 1.000000
vt 0.705036 0.000000
vt 0.712230 1.000000
vt 0.712230 0.000000
vt 0.719424 1.000000
vt 0.719424 0.000000
vt 0.726619 1.000000
vt 0.726619 0.000000
vt 0.733813 1.000000
vt 0.733813 0.000000
vt 0.741007 1.000000
vt 0.741007 0.000000
vt 0.748201 1.000000
vt 0.748201 0.000000
vt 0.755396 1.000000
vt 0.755396 0.000000
vt 0.762590 1.000000
vt 0.762590 0.000000
vt 0.769784 1.000000
vt 0.769784 0.000000
vt 0.776978 1.000000
vt 0.776978 0.000000
vt 0.784173 1.000000
vt 0.784173 0.000000
vt 0.791367 1.000000
vt 0.791367 0.000000
vt 0.798561 1.000000
vt 0.798561 0.000000
vt 0.805755 1.000000
vt 0.805755 0.000000
vt 0.812950 1.000000
vt 0.812950 0.000000
vt 0.820144 1.000000
vt 0.820144 0.000000
vt 0.827338 1.000000
vt 0.827338 0.000000
vt 0.834532 1.000000
vt 0.834532 0.000000
vt 0.841727 1.000000
vt 0.841727 0.000000
vt 0.848921 1.000000
vt 0.848921 0.000000
vt 0.856115 1.000000
vt 0.856115 0.000000
vt 0.863309 1.000000
vt 0.863309 0.000000
vt 0.870504 1.000000
vt 0.870504 0.000000
vt 0.877698 1.000000
vt 0.877698 0.000000
vt 0.884892 1.000000
vt 0.884892 0.000000
vt 0.892086 1.000000
vt 0.892086 0.000000
vt 0.899281 1.000000
vt 0.899281 0.000000
vt 0.906475 1.000000
vt 0.906475 0.000000
vt 0.913669 1.000000
vt 0.913669 0.000000
vt 0.920863 1.000000
vt 0.920863 0.000000
vt 0.928058 1.000000
vt 0.928058 0.000000
vt 0.935252 1.000000
vt 0.935252 0.000000
vt 0.942446 1.000000
vt 0.942446 0.000000
vt 0.949640 1.000000
vt 0.949640 0.000000
vt 0.956835 1.000000
vt 0.956835 0.000000
vt 0.964029 1.000000
vt 0.964029 0.000000
vt 0.971223 1.000000
vt 0.971223 0.000000
vt 0.978417 1.000000
vt 0.978417 0.000000
vt 0.985611 1.000000
vt 0.985611 0.000000
vt 0.992806 1.000000
vt 0.992806 0.000000
s 0
usemtl A13_name
f 87/1/1 89/2/1 88/3/1
f 87/1/1 90/4/1 89/2/1
f 86/5/1 90/4/1 87/1/1
f 86/5/1 91/6/1 90/4/1
f 85/7/1 91/6/1 86/5/1
f 85/7/1 92/8/1 91/6/1
f 84/9/1 92/8/1 85/7/1
f 84/9/1 93/10/1 92/8/1
f 83/11/1 93/10/1 84/9/1
f 83/11/1 94/12/1 93/10/1
f 82/13/1 94/12/1 83/11/1
f 82/13/1 95/14/1 94/12/1
f 81/15/1 95/14/1 82/13/1
f 81/15/1 96/16/1 95/14/1
f 80/17/1 96/16/1 81/15/1
f 80/17/1 97/18/1 96/16/1
f 79/19/1 97/18/1 80/17/1
f 79/19/1 98/20/1 97/18/1
f 78/21/1 98/20/1 79/19/1
f 78/21/1 99/22/1 98/20/1
f 77/23/1 99/22/1 78/21/1
f 77/23/1 100/24/1 99/22/1
f 76/25/1 100/24/1 77/23/1
f 76/25/1 101/26/1 100/24/1
f 75/27/1 101/26/1 76/25/1
f 75/27/1 102/28/1 101/26/1
f 74/29/1 102/28/1 75/27/1
f 74/29/1 103/30/1 102/28/1
f 73/31/1 103/30/1 74/29/1
f 73/31/1 104/32/1 103/30/1
f 72/33/1 104/32/1 73/31/1
f 72/33/1 105/34/1 104/32/1
f 71/35/1 105/34/1 72/33/1
f 71/35/1 106/36/1 105/34/1
f 70/37/1 106/36/1 71/35/1
f 70/37/1 107/38/1 106/36/1
f 69/39/1 107/38/1 70/37/1
f 69/39/1 108/40/1 107/38/1
f 68/41/1 108/40/1 69/39/1
f 68/41/1 109/42/1 108/40/1
f 67/43/1 109/42/1 68/41/1
f 67/43/1 110/44/1 109/42/1
f 66/45/1 110/44/1 67/43/1
f 66/45/1 111/46/1 110/44/1
f 65/47/1 111/46/1 66/45/1
f 65/47/1 112/48/1 111/46/1
f 64/49/1 112/48/1 65/47/1
f 64/49/1 113/50/1 112/48/1
f 63/51/1 61/52/1 64/49/1
f 61/52/1 113/50/1 64/49/1
f 61/52/1 60/53/1 113/50/1
f 60/53/1 114/54/1 113/50/1
f 63/51/1 62/55/1 61/52/1
f 59/56/1 114/54/1 60/53/1
f 59/56/1 115/57/1 114/54/1
f 59/56/1 116/58/1 115/57/1
f 59/56/1 117/59/1 116/58/1
f 58/60/1 117/59/1 59/56/1
f 58/60/1 118/61/1 117/59/1
f 58/60/1 119/62/1 118/61/1
f 58/60/1 120/63/1 119/62/1
f 58/60/1 121/64/1 120/63/1
f 58/60/1 122/65/1 121/64/1
f 58/60/1 123/66/1 122/65/1
f 58/60/1 124/67/1 123/66/1
f 58/60/1 125/68/1 124/67/1
f 58/60/1 126/69/1 125/68/1
f 58/60/1 127/70/1 126/69/1
f 57/71/1 127/70/1 58/60/1
f 57/71/1 128/72/1 127/70/1
f 56/73/1 128/72/1 57/71/1
f 56/73/1 129/74/1 128/72/1
f 56/73/1 130/75/1 129/74/1
f 56/73/1 131/76/1 130/75/1
f 56/73/1 132/77/1 131/76/1
f 56/73/1 133/78/1 132/77/1
f 56/73/1 134/79/1 133/78/1
f 56/73/1 135/80/1 134/79/1
f 56/73/1 136/81/1 135/80/1
f 56/73/1 137/82/1 136/81/1
f 56/73/1 138/83/1 137/82/1
f 55/84/1 138/83/1 56/73/1
f 55/84/1 139/85/1 138/83/1
f 55/84/1 1/86/1 139/85/1
f 55/84/1 2/87/1 1/86/1
f 51/88/1 53/89/1 52/90/1
f 51/88/1 54/91/1 53/89/1
f 51/88/1 55/84/1 54/91/1
f 51/88/1 2/87/1 55/84/1
f 50/92/1 2/87/1 51/88/1
f 50/92/1 3/93/1 2/87/1
f 49/94/1 3/93/1 50/92/1
f 49/94/1 4/95/1 3/93/1
f 48/96/1 4/95/1 49/94/1
f 48/96/1 5/97/1 4/95/1
f 47/98/1 5/97/1 48/96/1
f 47/98/1 6/99/1 5/97/1
f 46/100/1 6/99/1 47/98/1
f 46/100/1 7/101/1 6/99/1
f 45/102/1 7/101/1 46/100/1
f 45/102/1 8/103/1 7/101/1
f 44/104/1 8/103/1 45/102/1
f 44/104/1 9/105/1 8/103/1
f 43/106/1 9/105/1 44/104/1
f 43/106/1 10/107/1 9/105/1
f 43/106/1 11/108/1 10/107/1
f 42/109/1 11/108/1 43/106/1
f 42/109/1 12/110/1 11/108/1
f 41/111/1 12/110/1 42/109/1
f 41/111/1 13/112/1 12/110/1
f 40/113/1 13/112/1 41/111/1
f 40/113/1 14/114/1 13/112/1
f 39/115/1 14/114/1 40/113/1
f 38/116/1 14/114/1 39/115/1
f 38/116/1 15/117/1 14/114/1
f 37/118/1 15/117/1 38/116/1
f 37/118/1 16/119/1 15/117/1
f 36/120/1 16/119/1 37/118/1
f 36/120/1 17/121/1 16/119/1
f 35/122/1 17/121/1 36/120/1
f 35/122/1 18/123/1 17/121/1
f 34/124/1 18/123/1 35/122/1
f 34/124/1 19/125/1 18/123/1
f 33/126/1 19/125/1 34/124/1
f 33/126/1 20/127/1 19/125/1
f 32/128/1 20/127/1 33/126/1
f 32/128/1 21/129/1 20/127/1
f 31/130/1 21/129/1 32/128/1
f 31/130/1 22/131/1 21/129/1
f 31/130/1 23/132/1 22/131/1
f 30/133/1 23/132/1 31/130/1
f 30/133/1 24/134/1 23/132/1
f 29/135/1 24/134/1 30/133/1
f 29/135/1 25/136/1 24/134/1
f 28/137/1 25/136/1 29/135/1
f 28/137/1 26/138/1 25/136/1
f 27/139/1 26/138/1 28/137/1
f 145/58/1 140/86/1 146/85/1
f 145/58/1 143/37/1 140/86/1
f 143/37/1 141/134/1 140/86/1
f 144/10/1 143/37/1 145/58/1
f 142/98/1 141/134/1 143/37/1
f 154/140/1 158/85/1 155/141/1
f 158/85/1 147/86/1 155/141/1
f 158/85/1 148/142/1 147/86/1
f 154/140/1 156/143/1 158/85/1
f 157/144/1 148/142/1 158/85/1
f 154/140/1 151/145/1 156/143/1
f 151/145/1 157/144/1 156/143/1
f 151/145/1 150/146/1 157/144/1
f 150/146/1 148/142/1 157/144/1
f 154/140/1 152/147/1 151/145/1
f 149/148/1 148/142/1 150/146/1
f 153/149/1 152/147/1 154/140/1
f 245/1/2 246/3/2 247/2/2
f 245/1/2 247/2/2 248/4/2
f 244/5/2 245/1/2 248/4/2
f 244/5/2 248/4/2 249/6/2
f 243/7/2 244/5/2 249/6/2
f 243/7/2 249/6/2 250/8/2
f 242/9/2 243/7/2 250/8/2
f 242/9/2 250/8/2 251/10/2
f 241/11/2 242/9/2 251/10/2
f 241/11/2 251/10/2 252/12/2
f 240/13/2 241/11/2 252/12/2
f 240/13/2 252/12/2 253/14/2
f 239/15/2 240/13/2 253/14/2
f 239/15/2 253/14/2 254/16/2
f 238/17/2 239/15/2 254/16/2
f 238/17/2 254/16/2 255/18/2
f 237/19/2 238/17/2 255/18/2
f 237/19/2 255/18/2 256/20/2
f 236/21/2 237/19/2 256/20/2
f 236/21/2 256/20/2 257/22/2
f 235/23/2 236/21/2 257/22/2
f 235/23/2 257/22/2 258/24/2
f 234/25/2 235/23/2 258/24/2
f 234/25/2 258/24/2 259/26/2
f 233/27/2 234/25/2 259/26/2
f 233/27/2 259/26/2 260/28/2
f 232/29/2 233/27/2 260/28/2
f 232/29/2 260/28/2 261/30/2
f 231/31/2 232/29/2 261/30/2
f 231/31/2 261/30/2 262/32/2
f 230/33/2 231/31/2 262/32/2
f 230/33/2 262/32/2 263/34/2
f 229/35/2 230/33/2 263/34/2
f 229/35/2 263/34/2 264/36/2
f 228/37/2 229/35/2 264/36/2
f 228/37/2 264/36/2 265/38/2
f 227/39/2 228/37/2 265/38/2
f 227/39/2 265/38/2 266/40/2
f 226/41/2 227/39/2 266/40/2
f 226/41/2 266/40/2 267/42/2
f 225/43/2 226/41/2 267/42/2
f 225/43/2 267/42/2 268/44/2
f 224/45/2 225/43/2 268/44/2
f 224/45/2 268/44/2 269/46/2
f 223/47/2 224/45/2 269/46/2
f 223/47/2 269/46/2 270/48/2
f 222/49/2 223/47/2 270/48/2
f 222/49/2 270/48/2 271/50/2
f 221/51/2 222/49/2 219/52/2
f 219/52/2 222/49/2 271/50/2
f 219/52/2 271/50/2 218/53/2
f 218/53/2 271/50/2 272/54/2
f 221/51/2 219/52/2 220/55/2
f 217/56/2 218/53/2 272/54/2
f 217/56/2 272/54/2 273/57/2
f 217/56/2 273/57/2 274/58/2
f 217/56/2 274/58/2 275/59/2
f 216/60/2 217/56/2 275/59/2
f 216/60/2 275/59/2 276/61/2
f 216/60/2 276/61/2 277/62/2
f 216/60/2 277/62/2 278/63/2
f 216/60/2 278/63/2 279/64/2
f 216/60/2 279/64/2 280/65/2
f 216/60/2 280/65/2 281/66/2
f 216/60/2 281/66/2 282/67/2
f 216/60/2 282/67/2 283/68/2
f 216/60/2 283/68/2 284/69/2
f 216/60/2 284/69/2 285/70/2
f 215/71/2 216/60/2 285/70/2
f 215/71/2 285/70/2 286/72/2
f 214/73/2 215/71/2 286/72/2
f 214/73/2 286/72/2 287/74/2
f 214/73/2 287/74/2 288/75/2
f 214/73/2 288/75/2 289/76/2
f 214/73/2 289/76/2 290/77/2
f 214/73/2 290/77/2 291/78/2
f 214/73/2 291/78/2 292/79/2
f 214/73/2 292/79/2 293/80/2
f 214/73/2 293/80/2 294/81/2
f 214/73/2 294/81/2 295/82/2
f 214/73/2 295/82/2 296/83/2
f 213/84/2 214/73/2 296/83/2
f 213/84/2 296/83/2 297/85/2
f 213/84/2 297/85/2 159/86/2
f 213/84/2 159/86/2 160/87/2
f 209/88/2 210/90/2 211/89/2
f 209/88/2 211/89/2 212/91/2
f 209/88/2 212/91/2 213/84/2
f 209/88/2 213/84/2 160/87/2
f 208/92/2 209/88/2 160/87/2
f 208/92/2 160/87/2 161/93/2
f 207/94/2 208/92/2 161/93/2
f 207/94/2 161/93/2 162/95/2
f 206/96/2 207/94/2 162/95/2
f 206/96/2 162/95/2 163/97/2
f 205/98/2 206/96/2 163/97/2
f 205/98/2 163/97/2 164/99/2
f 204/100/2 205/98/2 164/99/2
f 204/100/2 164/99/2 165/101/2
f 203/102/2 204/100/2 165/101/2
f 203/102/2 165/101/2 166/103/2
f 202/104/2 203/102/2 166/103/2
f 202/104/2 166/103/2 167/105/2
f 201/106/2 202/104/2 167/105/2
f 201/106/2 167/105/2 168/107/2
f 201/106/2 168/107/2 169/108/2
f 200/109/2 201/106/2 169/108/2
f 200/109/2 169/108/2 170/110/2
f 199/111/2 200/109/2 170/110/2
f 199/111/2 170/110/2 171/112/2
f 198/113/2 199/111/2 171/112/2
f 198/113/2 171/112/2 172/114/2
f 197/115/2 198/113/2 172/114/2
f 196/116/2 197/115/2 172/114/2
f 196/116/2 172/114/2 173/117/2
f 195/118/2 196/116/2 173/117/2
f 195/118/2 173/117/2 174/119/2
f 194/120/2 195/118/2 174/119/2
f 194/120/2 174/119/2 175/121/2
f 193/122/2 194/120/2 175/121/2
f 193/122/2 175/121/2 176/123/2
f 192/124/2 193/122/2 176/123/2
f 192/124/2 176/123/2 177/125/2
f 191/126/2 192/124/2 177/125/2
f 191/126/2 177/125/2 178/127/2
f 190/128/2 191/126/2 178/127/2
f 190/128/2 178/127/2 179/129/2
f 189/130/2 190/128/2 179/129/2
f 189/130/2 179/129/2 180/131/2
f 189/130/2 180/131/2 181/132/2
f 188/133/2 189/130/2 181/132/2
f 188/133/2 181/132/2 182/134/2
f 187/135/2 188/133/2 182/134/2
f 187/135/2 182/134/2 183/136/2
f 186/137/2 187/135/2 183/136/2
f 186/137/2 183/136/2 184/138/2
f 185/139/2 186/137/2 184/138/2
f 303/58/2 304/85/2 298/86/2
f 303/58/2 298/86/2 301/37/2
f 301/37/2 298/86/2 299/134/2
f 302/10/2 303/58/2 301/37/2
f 300/98/2 301/37/2 299/134/2
f 312/140/2 313/141/2 316/85/2
f 316/85/2 313/141/2 305/86/2
f 316/85/2 305/86/2 306/142/2
f 312/140/2 316/85/2 314/143/2
f 315/144/2 316/85/2 306/142/2
f 312/140/2 314/143/2 309/145/2
f 309/145/2 314/143/2 315/144/2
f 309/145/2 315/144/2 308/146/2
f 308/146/2 315/144/2 306/142/2
f 312/140/2 309/145/2 310/147/2
f 307/148/2 308/146/2 306/142/2
f 311/149/2 312/140/2 310/147/2
s 1
f 318/150/3 320/151/4 319/152/4 317/86/3
f 320/151/4 322/153/5 321/154/5 319/152/4
f 322/153/5 324/155/5 323/98/5 321/154/5
f 324/155/5 326/156/6 325/157/6 323/98/5
f 326/156/6 328/158/6 327/159/6 325/157/6
f 328/158/6 330/160/7 329/10/7 327/159/6
f 330/160/7 332/161/8 331/162/8 329/10/7
f 332/161/8 334/163/9 333/164/9 331/162/8
f 334/163/9 318/165/3 317/85/3 333/164/9
f 336/150/10 338/155/11 337/98/11 335/86/10
f 338/155/11 340/160/12 339/10/12 337/98/11
f 340/160/12 336/165/10 335/85/10 339/10/12
f 342/150/13 344/166/14 343/167/14 341/86/13
f 344/166/14 346/168/7 345/169/7 343/167/14
f 346/168/7 348/170/7 347/171/7 345/169/7
f 348/170/7 350/172/7 349/173/7 347/171/7
f 350/172/7 352/174/15 351/175/15 349/173/7
f 352/174/15 354/176/16 353/177/16 351/175/15
f 354/176/16 342/165/13 341/85/13 353/177/16
f 356/150/17 358/178/18 357/179/18 355/86/17
f 358/178/18 360/180/19 359/181/19 357/179/18
f 360/180/19 362/182/20 361/183/20 359/181/19
f 362/182/20 364/184/21 363/185/21 361/183/20
f 364/184/21 366/186/22 365/187/22 363/185/21
f 366/186/22 368/188/23 367/189/23 365/187/22
f 368/188/23 370/190/24 369/191/24 367/189/23
f 370/190/24 372/192/25 371/193/25 369/191/24
f 372/192/25 374/194/26 373/195/26 371/193/25
f 374/194/26 376/196/27 375/197/27 373/195/26
f 376/196/27 378/198/28 377/199/28 375/197/27
f 378/198/28 380/200/29 379/201/29 377/199/28
f 380/200/29 382/202/14 381/203/14 379/201/29
f 382/202/14 384/204/30 383/205/30 381/203/14
f 384/204/30 386/206/31 385/207/31 383/205/30
f 386/206/31 388/208/32 387/209/32 385/207/31
f 388/208/32 390/210/33 389/211/33 387/209/32
f 390/210/33 392/212/34 391/213/34 389/211/33
f 392/212/34 394/214/35 393/215/35 391/213/34
f 394/214/35 396/216/36 395/217/36 393/215/35
f 396/216/36 398/218/37 397/219/37 395/217/36
f 398/218/37 400/220/38 399/221/38 397/219/37
f 400/220/38 402/222/39 401/223/39 399/221/38
f 402/222/39 404/224/40 403/225/40 401/223/39
f 404/224/40 406/226/41 405/227/41 403/225/40
f 406/226/41 408/228/42 407/229/42 405/227/41
f 408/228/42 410/230/43 409/231/43 407/229/42
f 410/230/43 412/232/44 411/233/44 409/231/43
f 412/232/44 414/234/45 413/235/45 411/233/44
f 414/234/45 416/236/46 415/237/46 413/235/45
f 416/236/46 418/238/47 417/239/47 415/237/46
f 418/238/47 420/240/48 419/241/48 417/239/47
f 420/240/48 422/242/49 421/243/49 419/241/48
f 422/242/49 424/244/50 423/245/50 421/243/49
f 424/244/50 426/246/51 425/247/51 423/245/50
f 426/246/51 428/248/52 427/249/52 425/247/51
f 428/248/52 430/250/53 429/251/53 427/249/52
f 430/250/53 432/252/7 431/253/7 429/251/53
f 432/252/7 434/254/54 433/255/54 431/253/7
f 434/254/54 436/256/55 435/257/55 433/255/54
f 436/256/55 438/258/56 437/259/56 435/257/55
f 438/258/56 440/260/57 439/261/57 437/259/56
f 440/260/57 442/262/58 441/263/58 439/261/57
f 442/262/58 444/264/59 443/265/59 441/263/58
f 444/264/59 446/266/60 445/267/60 443/265/59
f 446/266/60 448/268/61 447/269/61 445/267/60
f 448/268/61 450/270/62 449/271/62 447/269/61
f 450/270/62 452/272/63 451/273/63 449/271/62
f 452/272/63 454/274/64 453/275/64 451/273/63
f 454/274/64 456/276/65 455/277/65 453/275/64
f 456/276/65 458/278/66 457/279/66 455/277/65
f 458/278/66 460/280/13 459/281/13 457/279/66
f 460/280/13 462/282/13 461/283/13 459/281/13
f 462/282/13 464/284/66 463/285/66 461/283/13
f 464/284/66 466/286/67 465/287/67 463/285/66
f 466/286/67 468/288/67 467/289/67 465/287/67
f 468/288/67 470/290/68 469/291/68 467/289/67
f 470/290/68 472/292/68 471/293/68 469/291/68
f 472/292/68 474/294/7 473/295/7 471/293/68
f 474/294/7 476/296/14 475/297/14 473/295/7
f 476/296/14 478/298/14 477/299/14 475/297/14
f 478/298/14 480/300/7 479/301/7 477/299/14
f 480/300/7 482/302/69 481/303/69 479/301/7
f 482/302/69 484/304/70 483/305/70 481/303/69
f 484/304/70 486/306/71 485/307/71 483/305/70
f 486/306/71 488/308/72 487/309/72 485/307/71
f 488/308/72 490/310/73 489/311/73 487/309/72
f 490/310/73 492/312/74 491/313/74 489/311/73
f 492/312/74 494/314/75 493/315/75 491/313/74
f 494/314/75 496/316/76 495/317/76 493/315/75
f 496/316/76 498/318/77 497/319/77 495/317/76
f 498/318/77 500/320/78 499/321/78 497/319/77
f 500/320/78 502/322/79 501/323/79 499/321/78
f 502/322/79 504/324/80 503/325/80 501/323/79
f 504/324/80 506/326/66 505/327/66 503/325/80
f 506/326/66 508/328/81 507/329/81 505/327/66
f 508/328/81 510/330/82 509/331/82 507/329/81
f 510/330/82 512/332/83 511/333/83 509/331/82
f 512/332/83 514/334/84 513/335/84 511/333/83
f 514/334/84 516/336/85 515/337/85 513/335/84
f 516/336/85 518/338/86 517/339/86 515/337/85
f 518/338/86 520/340/87 519/341/87 517/339/86
f 520/340/87 522/342/88 521/343/88 519/341/87
f 522/342/88 524/344/89 523/345/89 521/343/88
f 524/344/89 526/346/90 525/347/90 523/345/89
f 526/346/90 528/348/91 527/349/91 525/347/90
f 528/348/91 530/350/92 529/351/92 527/349/91
f 530/350/92 532/352/93 531/353/93 529/351/92
f 532/352/93 534/354/94 533/355/94 531/353/93
f 534/354/94 536/356/95 535/357/95 533/355/94
f 536/356/95 538/358/96 537/359/96 535/357/95
f 538/358/96 540/360/97 539/361/97 537/359/96
f 540/360/97 542/362/98 541/363/98 539/361/97
f 542/362/98 544/364/99 543/365/99 541/363/98
f 544/364/99 546/366/100 545/367/100 543/365/99
f 546/366/100 548/368/101 547/369/101 545/367/100
f 548/368/101 550/370/102 549/371/102 547/369/101
f 550/370/102 552/372/103 551/373/103 549/371/102
f 552/372/103 554/374/104 553/375/104 551/373/103
f 554/374/104 556/376/13 555/377/13 553/375/104
f 556/376/13 558/378/105 557/379/105 555/377/13
f 558/378/105 560/380/106 559/381/106 557/379/105
f 560/380/106 562/382/107 561/383/107 559/381/106
f 562/382/107 564/384/108 563/385/108 561/383/107
f 564/384/108 566/386/109 565/387/109 563/385/108
f 566/386/109 568/388/110 567/389/110 565/387/109
f 568/388/110 570/390/111 569/391/111 567/389/110
f 570/390/111 572/392/112 571/393/112 569/391/111
f 572/392/112 574/394/113 573/395/113 571/393/112
f 574/394/113 576/396/114 575/397/114 573/395/113
f 576/396/114 578/398/115 577/399/115 575/397/114
f 578/398/115 580/400/116 579/401/116 577/399/115
f 580/400/116 582/402/117 581/403/117 579/401/116
f 582/402/117 584/404/118 583/405/118 581/403/117
f 584/404/118 586/406/119 585/407/119 583/405/118
f 586/406/119 588/408/120 587/409/120 585/407/119
f 588/408/120 590/410/121 589/411/121 587/409/120
f 590/410/121 592/412/122 591/413/122 589/411/121
f 592/412/122 594/414/123 593/415/123 591/413/122
f 594/414/123 596/416/124 595/417/124 593/415/123
f 596/416/124 598/418/125 597/419/125 595/417/124
f 598/418/125 600/420/126 599/421/126 597/419/125
f 600/420/126 602/422/127 601/423/127 599/421/126
f 602/422/127 604/424/128 603/425/128 601/423/127
f 604/424/128 606/426/129 605/427/129 603/425/128
f 606/426/129 608/428/130 607/429/130 605/427/129
f 608/428/130 610/430/131 609/431/131 607/429/130
f 610/430/131 612/432/132 611/433/132 609/431/131
f 612/432/132 614/434/133 613/435/133 611/433/132
f 614/434/133 616/436/134 615/437/134 613/435/133
f 616/436/134 618/438/135 617/439/135 615/437/134
f 618/438/135 620/440/136 619/441/136 617/439/135
f 620/440/136 622/442/137 621/443/137 619/441/136
f 622/442/137 624/444/138 623/445/138 621/443/137
f 624/444/138 626/446/139 625/447/139 623/445/138
f 626/446/139 628/448/140 627/449/140 625/447/139
f 628/448/140 630/450/141 629/451/141 627/449/140
f 630/450/141 632/452/142 631/453/142 629/451/141
f 632/452/142 356/165/17 355/85/17 631/453/142
o Plane.038
v -19.887255 0.172294 12.317272
v -4.709868 0.172294 12.317272
v -19.887255 0.172294 9.235493
v -4.709868 0.172294 9.235493
v -19.887255 0.876933 9.235493
v -19.887255 0.876933 12.317272
v -4.709868 0.876933 12.317272
v -4.709868 0.876933 9.235493
v -19.887255 0.939769 9.235493
v -19.887255 0.939769 12.317272
v -4.709868 0.939769 12.317272
v -4.709868 0.939769 9.235493
v -20.073332 0.876933 9.197710
v -20.073332 0.876933 12.355055
v -4.523790 0.876933 12.355055
v -4.523790 0.876933 9.197710
v -20.073332 0.939769 9.197710
v -20.073332 0.939769 12.355055
v -4.523790 0.939769 12.355055
v -4.523790 0.939769 9.197710
v -18.938667 0.172294 12.317272
v -17.990082 0.172294 12.317272
v -17.041494 0.172294 12.317272
v -16.092907 0.172294 12.317272
v -15.144321 0.172294 12.317272
v -14.195734 0.172294 12.317272
v -13.247148 0.172294 12.317272
v -12.298561 0.172294 12.317272
v -11.349975 0.172294 12.317272
v -10.401388 0.172294 12.317272
v -9.452801 0.172294 12.317272
v -8.504214 0.172294 12.317272
v -7.555628 0.172294 12.317272
v -6.607041 0.172294 12.317272
v -5.658454 0.172294 12.317272
v -5.658454 0.172294 9.235493
v -6.607041 0.172294 9.235493
v -7.555628 0.172294 9.235493
v -8.504214 0.172294 9.235493
v -9.452801 0.172294 9.235493
v -10.401388 0.172294 9.235493
v -11.349975 0.172294 9.235493
v -12.298561 0.172294 9.235493
v -13.247148 0.172294 9.235493
v -14.195734 0.172294 9.235493
v -15.144321 0.172294 9.235493
v -16.092907 0.172294 9.235493
v -17.041494 0.172294 9.235493
v -17.990082 0.172294 9.235493
v -18.938667 0.172294 9.235493
v -18.938667 0.876933 12.317272
v -17.990082 0.876933 12.317272
v -17.041494 0.876933 12.317272
v -16.092907 0.876933 12.317272
v -15.144321 0.876933 12.317272
v -14.195734 0.876933 12.317272
v -13.247148 0.876933 12.317272
v -12.298561 0.876933 12.317272
v -11.349975 0.876933 12.317272
v -10.401388 0.876933 12.317272
v -9.452801 0.876933 12.317272
v -8.504214 0.876933 12.317272
v -7.555628 0.876933 12.317272
v -6.607041 0.876933 12.317272
v -5.658454 0.876933 12.317272
v -5.658454 0.876933 9.235493
v -6.607041 0.876933 9.235493
v -7.555628 0.876933 9.235493
v -8.504214 0.876933 9.235493
v -9.452801 0.876933 9.235493
v -10.401388 0.876933 9.235493
v -11.349975 0.876933 9.235493
v -12.298561 0.876933 9.235493
v -13.247148 0.876933 9.235493
v -14.195734 0.876933 9.235493
v -15.144321 0.876933 9.235493
v -16.092907 0.876933 9.235493
v -17.041494 0.876933 9.235493
v -17.990082 0.876933 9.235493
v -18.938667 0.876933 9.235493
v -18.938667 0.939769 12.317272
v -17.990082 0.939769 12.317272
v -17.041494 0.939769 12.317272
v -16.092907 0.939769 12.317272
v -15.144321 0.939769 12.317272
v -14.195734 0.939769 12.317272
v -13.247148 0.939769 12.317272
v -12.298561 0.939769 12.317272
v -11.349975 0.939769 12.317272
v -10.401388 0.939769 12.317272
v -9.452801 0.939769 12.317272
v -8.504214 0.939769 12.317272
v -7.555628 0.939769 12.317272
v -6.607041 0.939769 12.317272
v -5.658454 0.939769 12.317272
v -5.658454 0.939769 9.235493
v -6.607041 0.939769 9.235493
v -7.555628 0.939769 9.235493
v -8.504214 0.939769 9.235493
v -9.452801 0.939769 9.235493
v -10.401388 0.939769 9.235493
v -11.349975 0.939769 9.235493
v -12.298561 0.939769 9.235493
v -13.247148 0.939769 9.235493
v -14.195734 0.939769 9.235493
v -15.144321 0.939769 9.235493
v -16.092907 0.939769 9.235493
v -17.041494 0.939769 9.235493
v -17.990082 0.939769 9.235493
v -18.938667 0.939769 9.235493
v -19.101486 0.876933 12.355055
v -18.129639 0.876933 12.355055
v -17.157793 0.876933 12.355055
v -16.185947 0.876933 12.355055
v -15.214100 0.876933 12.355055
v -14.242254 0.876933 12.355055
v -13.270408 0.876933 12.355055
v -12.298561 0.876933 12.355055
v -11.326715 0.876933 12.355055
v -10.354868 0.876933 12.355055
v -9.383022 0.876933 12.355055
v -8.411176 0.876933 12.355055
v -7.439329 0.876933 12.355055
v -6.467483 0.876933 12.355055
v -5.495636 0.876933 12.355055
v -5.495636 0.876933 9.197710
v -6.467483 0.876933 9.197710
v -7.439329 0.876933 9.197710
v -8.411176 0.876933 9.197710
v -9.383022 0.876933 9.197710
v -10.354868 0.876933 9.197710
v -11.326715 0.876933 9.197710
v -12.298561 0.876933 9.197710
v -13.270408 0.876933 9.197710
v -14.242254 0.876933 9.197710
v -15.214100 0.876933 9.197710
v -16.185947 0.876933 9.197710
v -17.157793 0.876933 9.197710
v -18.129639 0.876933 9.197710
v -19.101486 0.876933 9.197710
v -19.101486 0.939769 12.355055
v -18.129639 0.939769 12.355055
v -17.157793 0.939769 12.355055
v -16.185947 0.939769 12.355055
v -15.214100 0.939769 12.355055
v -14.242254 0.939769 12.355055
v -13.270408 0.939769 12.355055
v -12.298561 0.939769 12.355055
v -11.326715 0.939769 12.355055
v -10.354868 0.939769 12.355055
v -9.383022 0.939769 12.355055
v -8.411176 0.939769 12.355055
v -7.439329 0.939769 12.355055
v -6.467483 0.939769 12.355055
v -5.495636 0.939769 12.355055
v -5.495636 0.939769 9.197710
v -6.467483 0.939769 9.197710
v -7.439329 0.939769 9.197710
v -8.411176 0.939769 9.197710
v -9.383022 0.939769 9.197710
v -10.354868 0.939769 9.197710
v -11.326715 0.939769 9.197710
v -12.298561 0.939769 9.197710
v -13.270408 0.939769 9.197710
v -14.242254 0.939769 9.197710
v -15.214100 0.939769 9.197710
v -16.185947 0.939769 9.197710
v -17.157793 0.939769 9.197710
v -18.129639 0.939769 9.197710
v -19.101486 0.939769 9.197710
v -4.709868 0.291965 9.235493
v -4.709868 0.291965 12.317272
v -19.887255 0.291965 12.317272
v -19.887255 0.291965 9.235493
v -18.938667 0.291965 12.317272
v -17.990082 0.291965 12.317272
v -17.041494 0.291965 12.317272
v -16.092907 0.291965 12.317272
v -15.144321 0.291965 12.317272
v -14.195734 0.291965 12.317272
v -13.247148 0.291965 12.317272
v -12.298561 0.291965 12.317272
v -11.349975 0.291965 12.317272
v -10.401388 0.291965 12.317272
v -9.452801 0.291965 12.317272
v -8.504214 0.291965 12.317272
v -7.555628 0.291965 12.317272
v -6.607041 0.291965 12.317272
v -5.658454 0.291965 12.317272
v -5.658454 0.291965 9.235493
v -6.607041 0.291965 9.235493
v -7.555628 0.291965 9.235493
v -8.504214 0.291965 9.235493
v -9.452801 0.291965 9.235493
v -10.401388 0.291965 9.235493
v -11.349975 0.291965 9.235493
v -12.298561 0.291965 9.235493
v -13.247148 0.291965 9.235493
v -14.195734 0.291965 9.235493
v -15.144321 0.291965 9.235493
v -16.092907 0.291965 9.235493
v -17.041494 0.291965 9.235493
v -17.990082 0.291965 9.235493
v -18.938667 0.291965 9.235493
v -4.709868 0.749193 9.235493
v -19.887255 0.749193 12.317272
v -18.938667 0.749193 12.317272
v -17.990082 0.749193 12.317272
v -17.041494 0.749193 12.317272
v -16.092907 0.749193 12.317272
v -15.144321 0.749193 12.317272
v -14.195734 0.749193 12.317272
v -13.247148 0.749193 12.317272
v -12.298561 0.749193 12.317272
v -11.349975 0.749193 12.317272
v -10.401388 0.749193 12.317272
v -9.452801 0.749193 12.317272
v -8.504214 0.749193 12.317272
v -7.555628 0.749193 12.317272
v -6.607041 0.749193 12.317272
v -5.658454 0.749193 12.317272
v -5.658454 0.749193 9.235493
v -6.607041 0.749193 9.235493
v -7.555628 0.749193 9.235493
v -8.504214 0.749193 9.235493
v -9.452801 0.749193 9.235493
v -10.401388 0.749193 9.235493
v -11.349975 0.749193 9.235493
v -12.298561 0.749193 9.235493
v -13.247148 0.749193 9.235493
v -14.195734 0.749193 9.235493
v -15.144321 0.749193 9.235493
v -16.092907 0.749193 9.235493
v -17.041494 0.749193 9.235493
v -17.990082 0.749193 9.235493
v -18.938667 0.749193 9.235493
v -4.709868 0.749193 12.317272
v -19.887255 0.749193 9.235493
v -19.887255 0.172294 9.749123
v -19.887255 0.172294 10.262753
v -19.887255 0.172294 10.776382
v -19.887255 0.172294 11.290012
v -19.887255 0.172294 11.803642
v -4.709868 0.172294 11.803642
v -4.709868 0.172294 11.290012
v -4.709868 0.172294 10.776382
v -4.709868 0.172294 10.262753
v -4.709868 0.172294 9.749123
v -19.887255 0.876933 9.749123
v -19.887255 0.876933 10.262753
v -19.887255 0.876933 10.776382
v -19.887255 0.876933 11.290012
v -19.887255 0.876933 11.803642
v -4.709868 0.876933 11.803642
v -4.709868 0.876933 11.290012
v -4.709868 0.876933 10.776382
v -4.709868 0.876933 10.262753
v -4.709868 0.876933 9.749123
v -19.887255 0.939769 9.749123
v -19.887255 0.939769 10.262753
v -19.887255 0.939769 10.776382
v -19.887255 0.939769 11.290012
v -19.887255 0.939769 11.803642
v -4.709868 0.939769 11.803642
v -4.709868 0.939769 11.290012
v -4.709868 0.939769 10.776382
v -4.709868 0.939769 10.262753
v -4.709868 0.939769 9.749123
v -20.073332 0.876933 9.723934
v -20.073332 0.876933 10.250158
v -20.073332 0.876933 10.776382
v -20.073332 0.876933 11.302607
v -20.073332 0.876933 11.828831
v -4.523790 0.876933 11.828831
v -4.523790 0.876933 11.302607
v -4.523790 0.876933 10.776382
v -4.523790 0.876933 10.250158
v -4.523790 0.876933 9.723934
v -20.073332 0.939769 9.723934
v -20.073332 0.939769 10.250158
v -20.073332 0.939769 10.776382
v -20.073332 0.939769 11.302607
v -20.073332 0.939769 11.828831
v -4.523790 0.939769 11.828831
v -4.523790 0.939769 11.302607
v -4.523790 0.939769 10.776382
v -4.523790 0.939769 10.250158
v -4.523790 0.939769 9.723934
v -18.938667 0.939769 11.803642
v -18.938667 0.939769 11.290012
v -18.938667 0.939769 10.776382
v -18.938667 0.939769 10.262753
v -18.938667 0.939769 9.749123
v -17.990082 0.939769 11.803642
v -17.990082 0.939769 11.290012
v -17.990082 0.939769 10.776382
v -17.990082 0.939769 10.262753
v -17.990082 0.939769 9.749123
v -17.041494 0.939769 11.803642
v -17.041494 0.939769 11.290012
v -17.041494 0.939769 10.776382
v -17.041494 0.939769 10.262753
v -17.041494 0.939769 9.749123
v -16.092907 0.939769 11.803642
v -16.092907 0.939769 11.290012
v -16.092907 0.939769 10.776382
v -16.092907 0.939769 10.262753
v -16.092907 0.939769 9.749123
v -15.144321 0.939769 11.803642
v -15.144321 0.939769 11.290012
v -15.144321 0.939769 10.776382
v -15.144321 0.939769 10.262753
v -15.144321 0.939769 9.749123
v -14.195734 0.939769 11.803642
v -14.195734 0.939769 11.290012
v -14.195734 0.939769 10.776382
v -14.195734 0.939769 10.262753
v -14.195734 0.939769 9.749123
v -13.247148 0.939769 11.803642
v -13.247148 0.939769 11.290012
v -13.247148 0.939769 10.776382
v -13.247148 0.939769 10.262753
v -13.247148 0.939769 9.749123
v -12.298561 0.939769 11.803642
v -12.298561 0.939769 11.290012
v -12.298561 0.939769 10.776382
v -12.298561 0.939769 10.262753
v -12.298561 0.939769 9.749123
v -11.349975 0.939769 11.803642
v -11.349975 0.939769 11.290012
v -11.349975 0.939769 10.776382
v -11.349975 0.939769 10.262753
v -11.349975 0.939769 9.749123
v -10.401388 0.939769 11.803642
v -10.401388 0.939769 11.290012
v -10.401388 0.939769 10.776382
v -10.401388 0.939769 10.262753
v -10.401388 0.939769 9.749123
v -9.452801 0.939769 11.803642
v -9.452801 0.939769 11.290012
v -9.452801 0.939769 10.776382
v -9.452801 0.939769 10.262753
v -9.452801 0.939769 9.749123
v -8.504214 0.939769 11.803642
v -8.504214 0.939769 11.290012
v -8.504214 0.939769 10.776382
v -8.504214 0.939769 10.262753
v -8.504214 0.939769 9.749123
v -7.555628 0.939769 11.803642
v -7.555628 0.939769 11.290012
v -7.555628 0.939769 10.776382
v -7.555628 0.939769 10.262753
v -7.555628 0.939769 9.749123
v -6.607041 0.939769 11.803642
v -6.607041 0.939769 11.290012
v -6.607041 0.939769 10.776382
v -6.607041 0.939769 10.262753
v -6.607041 0.939769 9.749123
v -5.658454 0.939769 11.803642
v -5.658454 0.939769 11.290012
v -5.658454 0.939769 10.776382
v -5.658454 0.939769 10.262753
v -5.658454 0.939769 9.749123
v -18.938667 0.172294 9.749123
v -18.938667 0.172294 10.262753
v -18.938667 0.172294 10.776382
v -18.938667 0.172294 11.290012
v -18.938667 0.172294 11.803642
v -17.990082 0.172294 9.749123
v -17.990082 0.172294 10.262753
v -17.990082 0.172294 10.776382
v -17.990082 0.172294 11.290012
v -17.990082 0.172294 11.803642
v -17.041494 0.172294 9.749123
v -17.041494 0.172294 10.262753
v -17.041494 0.172294 10.776382
v -17.041494 0.172294 11.290012
v -17.041494 0.172294 11.803642
v -16.092907 0.172294 9.749123
v -16.092907 0.172294 10.262753
v -16.092907 0.172294 10.776382
v -16.092907 0.172294 11.290012
v -16.092907 0.172294 11.803642
v -15.144321 0.172294 9.749123
v -15.144321 0.172294 10.262753
v -15.144321 0.172294 10.776382
v -15.144321 0.172294 11.290012
v -15.144321 0.172294 11.803642
v -14.195734 0.172294 9.749123
v -14.195734 0.172294 10.262753
v -14.195734 0.172294 10.776382
v -14.195734 0.172294 11.290012
v -14.195734 0.172294 11.803642
v -13.247148 0.172294 9.749123
v -13.247148 0.172294 10.262753
v -13.247148 0.172294 10.776382
v -13.247148 0.172294 11.290012
v -13.247148 0.172294 11.803642
v -12.298561 0.172294 9.749123
v -12.298561 0.172294 10.262753
v -12.298561 0.172294 10.776382
v -12.298561 0.172294 11.290012
v -12.298561 0.172294 11.803642
v -11.349975 0.172294 9.749123
v -11.349975 0.172294 10.262753
v -11.349975 0.172294 10.776382
v -11.349975 0.172294 11.290012
v -11.349975 0.172294 11.803642
v -10.401388 0.172294 9.749123
v -10.401388 0.172294 10.262753
v -10.401388 0.172294 10.776382
v -10.401388 0.172294 11.290012
v -10.401388 0.172294 11.803642
v -9.452801 0.172294 9.749123
v -9.452801 0.172294 10.262753
v -9.452801 0.172294 10.776382
v -9.452801 0.172294 11.290012
v -9.452801 0.172294 11.803642
v -8.504214 0.172294 9.749123
v -8.504214 0.172294 10.262753
v -8.504214 0.172294 10.776382
v -8.504214 0.172294 11.290012
v -8.504214 0.172294 11.803642
v -7.555628 0.172294 9.749123
v -7.555628 0.172294 10.262753
v -7.555628 0.172294 10.776382
v -7.555628 0.172294 11.290012
v -7.555628 0.172294 11.803642
v -6.607041 0.172294 9.749123
v -6.607041 0.172294 10.262753
v -6.607041 0.172294 10.776382
v -6.607041 0.172294 11.290012
v -6.607041 0.172294 11.803642
v -5.658454 0.172294 9.749123
v -5.658454 0.172294 10.262753
v -5.658454 0.172294 10.776382
v -5.658454 0.172294 11.290012
v -5.658454 0.172294 11.803642
v -19.887255 0.291965 11.803642
v -19.887255 0.291965 11.290012
v -19.887255 0.291965 10.776382
v -19.887255 0.291965 10.262753
v -19.887255 0.291965 9.749123
v -4.709868 0.291965 9.749123
v -4.709868 0.291965 10.262753
v -4.709868 0.291965 10.776382
v -4.709868 0.291965 11.290012
v -4.709868 0.291965 11.803642
v -19.887255 0.749193 11.803642
v -19.887255 0.749193 11.290012
v -19.887255 0.749193 10.776382
v -19.887255 0.749193 10.262753
v -19.887255 0.749193 9.749123
v -4.709868 0.749193 9.749123
v -4.709868 0.749193 10.262753
v -4.709868 0.749193 10.776382
v -4.709868 0.749193 11.290012
v -4.709868 0.749193 11.803642
v -19.887255 0.343481 9.314873
v -19.887255 0.343481 9.669744
v -19.887255 0.697678 9.669744
v -19.887255 0.697678 9.314873
v -19.887255 0.343481 10.342133
v -19.887255 0.343481 10.697002
v -19.887255 0.697678 10.697002
v -19.887255 0.697678 10.342133
v -19.887255 0.343481 11.369391
v -19.887255 0.343481 11.724262
v -19.887255 0.697678 11.724262
v -19.887255 0.697678 11.369391
v -4.709868 0.360841 12.211143
v -4.709868 0.360841 11.909772
v -4.709868 0.680317 11.909772
v -4.709868 0.680317 12.211143
v -4.709868 0.360841 11.183883
v -4.709868 0.360841 10.882512
v -4.709868 0.680317 10.882512
v -4.709868 0.680317 11.183883
v -4.709868 0.360841 10.156623
v -4.709868 0.360841 9.855252
v -4.709868 0.680317 9.855252
v -4.709868 0.680317 10.156623
v -19.887255 0.412356 9.421002
v -19.887255 0.412356 9.563614
v -19.887255 0.628802 9.563614
v -19.887255 0.628802 9.421002
v -19.887255 0.412356 10.448262
v -19.887255 0.412356 10.590873
v -19.887255 0.628802 10.590873
v -19.887255 0.628802 10.448262
v -19.887255 0.412356 11.475521
v -19.887255 0.412356 11.618133
v -19.887255 0.628802 11.618133
v -19.887255 0.628802 11.475521
v -6.375890 0.322425 12.317272
v -5.889606 0.322425 12.317272
v -5.889606 0.718733 12.317272
v -6.375890 0.718733 12.317272
v -7.324476 0.322425 12.317272
v -6.838193 0.322425 12.317272
v -6.838193 0.718733 12.317272
v -7.324476 0.718733 12.317272
v -8.273063 0.322425 12.317272
v -7.786779 0.322425 12.317272
v -7.786779 0.718733 12.317272
v -8.273063 0.718733 12.317272
v -9.221649 0.322425 12.317272
v -8.735367 0.322425 12.317272
v -8.735367 0.718733 12.317272
v -9.221649 0.718733 12.317272
v -10.170236 0.322425 12.317272
v -9.683953 0.322425 12.317272
v -9.683953 0.718733 12.317272
v -10.170236 0.718733 12.317272
v -11.118823 0.322425 12.317272
v -10.632540 0.322425 12.317272
v -10.632540 0.718733 12.317272
v -11.118823 0.718733 12.317272
v -12.067410 0.322425 12.317272
v -11.581126 0.322425 12.317272
v -11.581126 0.718733 12.317272
v -12.067410 0.718733 12.317272
v -13.015996 0.322425 12.317272
v -12.529713 0.322425 12.317272
v -12.529713 0.718733 12.317272
v -13.015996 0.718733 12.317272
v -13.964582 0.322425 12.317272
v -13.478299 0.322425 12.317272
v -13.478299 0.718733 12.317272
v -13.964582 0.718733 12.317272
v -14.913169 0.322425 12.317272
v -14.426887 0.322425 12.317272
v -14.426887 0.718733 12.317272
v -14.913169 0.718733 12.317272
v -15.861755 0.322425 12.317272
v -15.375473 0.322425 12.317272
v -15.375473 0.718733 12.317272
v -15.861755 0.718733 12.317272
v -16.810343 0.322425 12.317272
v -16.324059 0.322425 12.317272
v -16.324059 0.718733 12.317272
v -16.810343 0.718733 12.317272
v -17.758930 0.322425 12.317272
v -17.272646 0.322425 12.317272
v -17.272646 0.718733 12.317272
v -17.758930 0.718733 12.317272
v -18.707516 0.322425 12.317272
v -18.221233 0.322425 12.317272
v -18.221233 0.718733 12.317272
v -18.707516 0.718733 12.317272
v -19.656103 0.322425 12.317272
v -19.169819 0.322425 12.317272
v -19.169819 0.718733 12.317272
v -19.656103 0.718733 12.317272
v -5.427303 0.322425 12.317272
v -4.941020 0.322425 12.317272
v -4.941020 0.718733 12.317272
v -5.427303 0.718733 12.317272
v -18.180197 0.317018 9.235493
v -18.748552 0.317018 9.235493
v -18.748552 0.724140 9.235493
v -18.180197 0.724140 9.235493
v -17.231609 0.317018 9.235493
v -17.799965 0.317018 9.235493
v -17.799965 0.724140 9.235493
v -17.231609 0.724140 9.235493
v -16.283024 0.317018 9.235493
v -16.851379 0.317018 9.235493
v -16.851379 0.724140 9.235493
v -16.283024 0.724140 9.235493
v -15.334436 0.317018 9.235493
v -15.902792 0.317018 9.235493
v -15.902792 0.724140 9.235493
v -15.334436 0.724140 9.235493
v -14.385850 0.317018 9.235493
v -14.954206 0.317018 9.235493
v -14.954206 0.724140 9.235493
v -14.385850 0.724140 9.235493
v -13.437263 0.317018 9.235493
v -14.005619 0.317018 9.235493
v -14.005619 0.724140 9.235493
v -13.437263 0.724140 9.235493
v -12.488676 0.317018 9.235493
v -13.057033 0.317018 9.235493
v -13.057033 0.724140 9.235493
v -12.488676 0.724140 9.235493
v -11.540090 0.317018 9.235493
v -12.108446 0.317018 9.235493
v -12.108446 0.724140 9.235493
v -11.540090 0.724140 9.235493
v -10.591503 0.317018 9.235493
v -11.159859 0.317018 9.235493
v -11.159859 0.724140 9.235493
v -10.591503 0.724140 9.235493
v -9.642917 0.317018 9.235493
v -10.211272 0.317018 9.235493
v -10.211272 0.724140 9.235493
v -9.642917 0.724140 9.235493
v -8.694330 0.317018 9.235493
v -9.262686 0.317018 9.235493
v -9.262686 0.724140 9.235493
v -8.694330 0.724140 9.235493
v -7.745744 0.317018 9.235493
v -8.314098 0.317018 9.235493
v -8.314098 0.724140 9.235493
v -7.745744 0.724140 9.235493
v -6.797157 0.317018 9.235493
v -7.365512 0.317018 9.235493
v -7.365512 0.724140 9.235493
v -6.797157 0.724140 9.235493
v -5.848570 0.317018 9.235493
v -6.416925 0.317018 9.235493
v -6.416925 0.724140 9.235493
v -5.848570 0.724140 9.235493
v -4.899983 0.317018 9.235493
v -5.468339 0.317018 9.235493
v -5.468339 0.724140 9.235493
v -4.899983 0.724140 9.235493
v -19.128784 0.317018 9.235493
v -19.697140 0.317018 9.235493
v -19.697140 0.724140 9.235493
v -19.128784 0.724140 9.235493
v -18.748552 0.317018 9.288645
v -18.180197 0.317018 9.288645
v -18.180197 0.724140 9.288645
v -18.748552 0.724140 9.288645
v -17.799965 0.317018 9.288645
v -17.231609 0.317018 9.288645
v -17.231609 0.724140 9.288645
v -17.799965 0.724140 9.288645
v -16.851379 0.317018 9.288645
v -16.283024 0.317018 9.288645
v -16.283024 0.724140 9.288645
v -16.851379 0.724140 9.288645
v -15.902792 0.317018 9.288645
v -15.334436 0.317018 9.288645
v -15.334436 0.724140 9.288645
v -15.902792 0.724140 9.288645
v -14.954206 0.317018 9.288645
v -14.385850 0.317018 9.288645
v -14.385850 0.724140 9.288645
v -14.954206 0.724140 9.288645
v -14.005619 0.317018 9.288645
v -13.437263 0.317018 9.288645
v -13.437263 0.724140 9.288645
v -14.005619 0.724140 9.288645
v -13.057033 0.317018 9.288645
v -12.488676 0.317018 9.288645
v -12.488676 0.724140 9.288645
v -13.057033 0.724140 9.288645
v -12.108446 0.317018 9.288645
v -11.540090 0.317018 9.288645
v -11.540090 0.724140 9.288645
v -12.108446 0.724140 9.288645
v -11.159859 0.317018 9.288645
v -10.591503 0.317018 9.288645
v -10.591503 0.724140 9.288645
v -11.159859 0.724140 9.288645
v -10.211272 0.317018 9.288645
v -9.642917 0.317018 9.288645
v -9.642917 0.724140 9.288645
v -10.211272 0.724140 9.288645
v -9.262686 0.317018 9.288645
v -8.694330 0.317018 9.288645
v -8.694330 0.724140 9.288645
v -9.262686 0.724140 9.288645
v -8.314098 0.317018 9.288645
v -7.745744 0.317018 9.288645
v -7.745744 0.724140 9.288645
v -8.314098 0.724140 9.288645
v -7.365512 0.317018 9.288645
v -6.797157 0.317018 9.288645
v -6.797157 0.724140 9.288645
v -7.365512 0.724140 9.288645
v -6.416925 0.317018 9.288645
v -5.848570 0.317018 9.288645
v -5.848570 0.724140 9.288645
v -6.416925 0.724140 9.288645
v -5.468339 0.317018 9.288645
v -4.899983 0.317018 9.288645
v -4.899983 0.724140 9.288645
v -5.468339 0.724140 9.288645
v -19.697140 0.317018 9.288645
v -19.128784 0.317018 9.288645
v -19.128784 0.724140 9.288645
v -19.697140 0.724140 9.288645
v -19.887255 0.939769 12.317272
v -4.709868 0.939769 12.317272
v -19.887255 0.939769 9.235493
v -4.709868 0.939769 9.235493
v -19.887255 1.644408 9.235493
v -19.887255 1.644408 12.317272
v -4.709868 1.644408 12.317272
v -4.709868 1.644408 9.235493
v -19.887255 1.707244 9.235493
v -19.887255 1.707244 12.317272
v -4.709868 1.707244 12.317272
v -4.709868 1.707244 9.235493
v -20.073332 1.644408 9.197710
v -20.073332 1.644408 12.355055
v -4.523790 1.644408 12.355055
v -4.523790 1.644408 9.197710
v -20.073332 1.707244 9.197710
v -20.073332 1.707244 12.355055
v -4.523790 1.707244 12.355055
v -4.523790 1.707244 9.197710
v -18.938667 0.939769 12.317272
v -17.990082 0.939769 12.317272
v -17.041494 0.939769 12.317272
v -16.092907 0.939769 12.317272
v -15.144321 0.939769 12.317272
v -14.195734 0.939769 12.317272
v -13.247148 0.939769 12.317272
v -12.298561 0.939769 12.317272
v -11.349975 0.939769 12.317272
v -10.401388 0.939769 12.317272
v -9.452801 0.939769 12.317272
v -8.504214 0.939769 12.317272
v -7.555628 0.939769 12.317272
v -6.607041 0.939769 12.317272
v -5.658454 0.939769 12.317272
v -5.658454 0.939769 9.235493
v -6.607041 0.939769 9.235493
v -7.555628 0.939769 9.235493
v -8.504214 0.939769 9.235493
v -9.452801 0.939769 9.235493
v -10.401388 0.939769 9.235493
v -11.349975 0.939769 9.235493
v -12.298561 0.939769 9.235493
v -13.247148 0.939769 9.235493
v -14.195734 0.939769 9.235493
v -15.144321 0.939769 9.235493
v -16.092907 0.939769 9.235493
v -17.041494 0.939769 9.235493
v -17.990082 0.939769 9.235493
v -18.938667 0.939769 9.235493
v -18.938667 1.644408 12.317272
v -17.990082 1.644408 12.317272
v -17.041494 1.644408 12.317272
v -16.092907 1.644408 12.317272
v -15.144321 1.644408 12.317272
v -14.195734 1.644408 12.317272
v -13.247148 1.644408 12.317272
v -12.298561 1.644408 12.317272
v -11.349975 1.644408 12.317272
v -10.401388 1.644408 12.317272
v -9.452801 1.644408 12.317272
v -8.504214 1.644408 12.317272
v -7.555628 1.644408 12.317272
v -6.607041 1.644408 12.317272
v -5.658454 1.644408 12.317272
v -5.658454 1.644408 9.235493
v -6.607041 1.644408 9.235493
v -7.555628 1.644408 9.235493
v -8.504214 1.644408 9.235493
v -9.452801 1.644408 9.235493
v -10.401388 1.644408 9.235493
v -11.349975 1.644408 9.235493
v -12.298561 1.644408 9.235493
v -13.247148 1.644408 9.235493
v -14.195734 1.644408 9.235493
v -15.144321 1.644408 9.235493
v -16.092907 1.644408 9.235493
v -17.041494 1.644408 9.235493
v -17.990082 1.644408 9.235493
v -18.938667 1.644408 9.235493
v -18.938667 1.707244 12.317272
v -17.990082 1.707244 12.317272
v -17.041494 1.707244 12.317272
v -16.092907 1.707244 12.317272
v -15.144321 1.707244 12.317272
v -14.195734 1.707244 12.317272
v -13.247148 1.707244 12.317272
v -12.298561 1.707244 12.317272
v -11.349975 1.707244 12.317272
v -10.401388 1.707244 12.317272
v -9.452801 1.707244 12.317272
v -8.504214 1.707244 12.317272
v -7.555628 1.707244 12.317272
v -6.607041 1.707244 12.317272
v -5.658454 1.707244 12.317272
v -5.658454 1.707244 9.235493
v -6.607041 1.707244 9.235493
v -7.555628 1.707244 9.235493
v -8.504214 1.707244 9.235493
v -9.452801 1.707244 9.235493
v -10.401388 1.707244 9.235493
v -11.349975 1.707244 9.235493
v -12.298561 1.707244 9.235493
v -13.247148 1.707244 9.235493
v -14.195734 1.707244 9.235493
v -15.144321 1.707244 9.235493
v -16.092907 1.707244 9.235493
v -17.041494 1.707244 9.235493
v -17.990082 1.707244 9.235493
v -18.938667 1.707244 9.235493
v -19.101486 1.644408 12.355055
v -18.129639 1.644408 12.355055
v -17.157793 1.644408 12.355055
v -16.185947 1.644408 12.355055
v -15.214100 1.644408 12.355055
v -14.242254 1.644408 12.355055
v -13.270408 1.644408 12.355055
v -12.298561 1.644408 12.355055
v -11.326715 1.644408 12.355055
v -10.354868 1.644408 12.355055
v -9.383022 1.644408 12.355055
v -8.411176 1.644408 12.355055
v -7.439329 1.644408 12.355055
v -6.467483 1.644408 12.355055
v -5.495636 1.644408 12.355055
v -5.495636 1.644408 9.197710
v -6.467483 1.644408 9.197710
v -7.439329 1.644408 9.197710
v -8.411176 1.644408 9.197710
v -9.383022 1.644408 9.197710
v -10.354868 1.644408 9.197710
v -11.326715 1.644408 9.197710
v -12.298561 1.644408 9.197710
v -13.270408 1.644408 9.197710
v -14.242254 1.644408 9.197710
v -15.214100 1.644408 9.197710
v -16.185947 1.644408 9.197710
v -17.157793 1.644408 9.197710
v -18.129639 1.644408 9.197710
v -19.101486 1.644408 9.197710
v -19.101486 1.707244 12.355055
v -18.129639 1.707244 12.355055
v -17.157793 1.707244 12.355055
v -16.185947 1.707244 12.355055
v -15.214100 1.707244 12.355055
v -14.242254 1.707244 12.355055
v -13.270408 1.707244 12.355055
v -12.298561 1.707244 12.355055
v -11.326715 1.707244 12.355055
v -10.354868 1.707244 12.355055
v -9.383022 1.707244 12.355055
v -8.411176 1.707244 12.355055
v -7.439329 1.707244 12.355055
v -6.467483 1.707244 12.355055
v -5.495636 1.707244 12.355055
v -5.495636 1.707244 9.197710
v -6.467483 1.707244 9.197710
v -7.439329 1.707244 9.197710
v -8.411176 1.707244 9.197710
v -9.383022 1.707244 9.197710
v -10.354868 1.707244 9.197710
v -11.326715 1.707244 9.197710
v -12.298561 1.707244 9.197710
v -13.270408 1.707244 9.197710
v -14.242254 1.707244 9.197710
v -15.214100 1.707244 9.197710
v -16.185947 1.707244 9.197710
v -17.157793 1.707244 9.197710
v -18.129639 1.707244 9.197710
v -19.101486 1.707244 9.197710
v -4.709868 1.059440 9.235493
v -4.709868 1.059440 12.317272
v -19.887255 1.059440 12.317272
v -19.887255 1.059440 9.235493
v -18.938667 1.059440 12.317272
v -17.990082 1.059440 12.317272
v -17.041494 1.059440 12.317272
v -16.092907 1.059440 12.317272
v -15.144321 1.059440 12.317272
v -14.195734 1.059440 12.317272
v -13.247148 1.059440 12.317272
v -12.298561 1.059440 12.317272
v -11.349975 1.059440 12.317272
v -10.401388 1.059440 12.317272
v -9.452801 1.059440 12.317272
v -8.504214 1.059440 12.317272
v -7.555628 1.059440 12.317272
v -6.607041 1.059440 12.317272
v -5.658454 1.059440 12.317272
v -5.658454 1.059440 9.235493
v -6.607041 1.059440 9.235493
v -7.555628 1.059440 9.235493
v -8.504214 1.059440 9.235493
v -9.452801 1.059440 9.235493
v -10.401388 1.059440 9.235493
v -11.349975 1.059440 9.235493
v -12.298561 1.059440 9.235493
v -13.247148 1.059440 9.235493
v -14.195734 1.059440 9.235493
v -15.144321 1.059440 9.235493
v -16.092907 1.059440 9.235493
v -17.041494 1.059440 9.235493
v -17.990082 1.059440 9.235493
v -18.938667 1.059440 9.235493
v -4.709868 1.516668 9.235493
v -19.887255 1.516668 12.317272
v -18.938667 1.516668 12.317272
v -17.990082 1.516668 12.317272
v -17.041494 1.516668 12.317272
v -16.092907 1.516668 12.317272
v -15.144321 1.516668 12.317272
v -14.195734 1.516668 12.317272
v -13.247148 1.516668 12.317272
v -12.298561 1.516668 12.317272
v -11.349975 1.516668 12.317272
v -10.401388 1.516668 12.317272
v -9.452801 1.516668 12.317272
v -8.504214 1.516668 12.317272
v -7.555628 1.516668 12.317272
v -6.607041 1.516668 12.317272
v -5.658454 1.516668 12.317272
v -5.658454 1.516668 9.235493
v -6.607041 1.516668 9.235493
v -7.555628 1.516668 9.235493
v -8.504214 1.516668 9.235493
v -9.452801 1.516668 9.235493
v -10.401388 1.516668 9.235493
v -11.349975 1.516668 9.235493
v -12.298561 1.516668 9.235493
v -13.247148 1.516668 9.235493
v -14.195734 1.516668 9.235493
v -15.144321 1.516668 9.235493
v -16.092907 1.516668 9.235493
v -17.041494 1.516668 9.235493
v -17.990082 1.516668 9.235493
v -18.938667 1.516668 9.235493
v -4.709868 1.516668 12.317272
v -19.887255 1.516668 9.235493
v -19.887255 0.939769 9.749123
v -19.887255 0.939769 10.262753
v -19.887255 0.939769 10.776382
v -19.887255 0.939769 11.290012
v -19.887255 0.939769 11.803642
v -4.709868 0.939769 11.803642
v -4.709868 0.939769 11.290012
v -4.709868 0.939769 10.776382
v -4.709868 0.939769 10.262753
v -4.709868 0.939769 9.749123
v -19.887255 1.644408 9.749123
v -19.887255 1.644408 10.262753
v -19.887255 1.644408 10.776382
v -19.887255 1.644408 11.290012
v -19.887255 1.644408 11.803642
v -4.709868 1.644408 11.803642
v -4.709868 1.644408 11.290012
v -4.709868 1.644408 10.776382
v -4.709868 1.644408 10.262753
v -4.709868 1.644408 9.749123
v -19.887255 1.707244 9.749123
v -19.887255 1.707244 10.262753
v -19.887255 1.707244 10.776382
v -19.887255 1.707244 11.290012
v -19.887255 1.707244 11.803642
v -4.709868 1.707244 11.803642
v -4.709868 1.707244 11.290012
v -4.709868 1.707244 10.776382
v -4.709868 1.707244 10.262753
v -4.709868 1.707244 9.749123
v -20.073332 1.644408 9.723934
v -20.073332 1.644408 10.250158
v -20.073332 1.644408 10.776382
v -20.073332 1.644408 11.302607
v -20.073332 1.644408 11.828831
v -4.523790 1.644408 11.828831
v -4.523790 1.644408 11.302607
v -4.523790 1.644408 10.776382
v -4.523790 1.644408 10.250158
v -4.523790 1.644408 9.723934
v -20.073332 1.707244 9.723934
v -20.073332 1.707244 10.250158
v -20.073332 1.707244 10.776382
v -20.073332 1.707244 11.302607
v -20.073332 1.707244 11.828831
v -4.523790 1.707244 11.828831
v -4.523790 1.707244 11.302607
v -4.523790 1.707244 10.776382
v -4.523790 1.707244 10.250158
v -4.523790 1.707244 9.723934
v -18.938667 1.707244 11.803642
v -18.938667 1.707244 11.290012
v -18.938667 1.707244 10.776382
v -18.938667 1.707244 10.262753
v -18.938667 1.707244 9.749123
v -17.990082 1.707244 11.803642
v -17.990082 1.707244 11.290012
v -17.990082 1.707244 10.776382
v -17.990082 1.707244 10.262753
v -17.990082 1.707244 9.749123
v -17.041494 1.707244 11.803642
v -17.041494 1.707244 11.290012
v -17.041494 1.707244 10.776382
v -17.041494 1.707244 10.262753
v -17.041494 1.707244 9.749123
v -16.092907 1.707244 11.803642
v -16.092907 1.707244 11.290012
v -16.092907 1.707244 10.776382
v -16.092907 1.707244 10.262753
v -16.092907 1.707244 9.749123
v -15.144321 1.707244 11.803642
v -15.144321 1.707244 11.290012
v -15.144321 1.707244 10.776382
v -15.144321 1.707244 10.262753
v -15.144321 1.707244 9.749123
v -14.195734 1.707244 11.803642
v -14.195734 1.707244 11.290012
v -14.195734 1.707244 10.776382
v -14.195734 1.707244 10.262753
v -14.195734 1.707244 9.749123
v -13.247148 1.707244 11.803642
v -13.247148 1.707244 11.290012
v -13.247148 1.707244 10.776382
v -13.247148 1.707244 10.262753
v -13.247148 1.707244 9.749123
v -12.298561 1.707244 11.803642
v -12.298561 1.707244 11.290012
v -12.298561 1.707244 10.776382
v -12.298561 1.707244 10.262753
v -12.298561 1.707244 9.749123
v -11.349975 1.707244 11.803642
v -11.349975 1.707244 11.290012
v -11.349975 1.707244 10.776382
v -11.349975 1.707244 10.262753
v -11.349975 1.707244 9.749123
v -10.401388 1.707244 11.803642
v -10.401388 1.707244 11.290012
v -10.401388 1.707244 10.776382
v -10.401388 1.707244 10.262753
v -10.401388 1.707244 9.749123
v -9.452801 1.707244 11.803642
v -9.452801 1.707244 11.290012
v -9.452801 1.707244 10.776382
v -9.452801 1.707244 10.262753
v -9.452801 1.707244 9.749123
v -8.504214 1.707244 11.803642
v -8.504214 1.707244 11.290012
v -8.504214 1.707244 10.776382
v -8.504214 1.707244 10.262753
v -8.504214 1.707244 9.749123
v -7.555628 1.707244 11.803642
v -7.555628 1.707244 11.290012
v -7.555628 1.707244 10.776382
v -7.555628 1.707244 10.262753
v -7.555628 1.707244 9.749123
v -6.607041 1.707244 11.803642
v -6.607041 1.707244 11.290012
v -6.607041 1.707244 10.776382
v -6.607041 1.707244 10.262753
v -6.607041 1.707244 9.749123
v -5.658454 1.707244 11.803642
v -5.658454 1.707244 11.290012
v -5.658454 1.707244 10.776382
v -5.658454 1.707244 10.262753
v -5.658454 1.707244 9.749123
v -18.938667 0.939769 9.749123
v -18.938667 0.939769 10.262753
v -18.938667 0.939769 10.776382
v -18.938667 0.939769 11.290012
v -18.938667 0.939769 11.803642
v -17.990082 0.939769 9.749123
v -17.990082 0.939769 10.262753
v -17.990082 0.939769 10.776382
v -17.990082 0.939769 11.290012
v -17.990082 0.939769 11.803642
v -17.041494 0.939769 9.749123
v -17.041494 0.939769 10.262753
v -17.041494 0.939769 10.776382
v -17.041494 0.939769 11.290012
v -17.041494 0.939769 11.803642
v -16.092907 0.939769 9.749123
v -16.092907 0.939769 10.262753
v -16.092907 0.939769 10.776382
v -16.092907 0.939769 11.290012
v -16.092907 0.939769 11.803642
v -15.144321 0.939769 9.749123
v -15.144321 0.939769 10.262753
v -15.144321 0.939769 10.776382
v -15.144321 0.939769 11.290012
v -15.144321 0.939769 11.803642
v -14.195734 0.939769 9.749123
v -14.195734 0.939769 10.262753
v -14.195734 0.939769 10.776382
v -14.195734 0.939769 11.290012
v -14.195734 0.939769 11.803642
v -13.247148 0.939769 9.749123
v -13.247148 0.939769 10.262753
v -13.247148 0.939769 10.776382
v -13.247148 0.939769 11.290012
v -13.247148 0.939769 11.803642
v -12.298561 0.939769 9.749123
v -12.298561 0.939769 10.262753
v -12.298561 0.939769 10.776382
v -12.298561 0.939769 11.290012
v -12.298561 0.939769 11.803642
v -11.349975 0.939769 9.749123
v -11.349975 0.939769 10.262753
v -11.349975 0.939769 10.776382
v -11.349975 0.939769 11.290012
v -11.349975 0.939769 11.803642
v -10.401388 0.939769 9.749123
v -10.401388 0.939769 10.262753
v -10.401388 0.939769 10.776382
v -10.401388 0.939769 11.290012
v -10.401388 0.939769 11.803642
v -9.452801 0.939769 9.749123
v -9.452801 0.939769 10.262753
v -9.452801 0.939769 10.776382
v -9.452801 0.939769 11.290012
v -9.452801 0.939769 11.803642
v -8.504214 0.939769 9.749123
v -8.504214 0.939769 10.262753
v -8.504214 0.939769 10.776382
v -8.504214 0.939769 11.290012
v -8.504214 0.939769 11.803642
v -7.555628 0.939769 9.749123
v -7.555628 0.939769 10.262753
v -7.555628 0.939769 10.776382
v -7.555628 0.939769 11.290012
v -7.555628 0.939769 11.803642
v -6.607041 0.939769 9.749123
v -6.607041 0.939769 10.262753
v -6.607041 0.939769 10.776382
v -6.607041 0.939769 11.290012
v -6.607041 0.939769 11.803642
v -5.658454 0.939769 9.749123
v -5.658454 0.939769 10.262753
v -5.658454 0.939769 10.776382
v -5.658454 0.939769 11.290012
v -5.658454 0.939769 11.803642
v -19.887255 1.059440 11.803642
v -19.887255 1.059440 11.290012
v -19.887255 1.059440 10.776382
v -19.887255 1.059440 10.262753
v -19.887255 1.059440 9.749123
v -4.709868 1.059440 9.749123
v -4.709868 1.059440 10.262753
v -4.709868 1.059440 10.776382
v -4.709868 1.059440 11.290012
v -4.709868 1.059440 11.803642
v -19.887255 1.516668 11.803642
v -19.887255 1.516668 11.290012
v -19.887255 1.516668 10.776382
v -19.887255 1.516668 10.262753
v -19.887255 1.516668 9.749123
v -4.709868 1.516668 9.749123
v -4.709868 1.516668 10.262753
v -4.709868 1.516668 10.776382
v -4.709868 1.516668 11.290012
v -4.709868 1.516668 11.803642
v -19.887255 1.110956 9.314873
v -19.887255 1.110956 9.669744
v -19.887255 1.465153 9.669744
v -19.887255 1.465153 9.314873
v -19.887255 1.110956 10.342133
v -19.887255 1.110956 10.697002
v -19.887255 1.465153 10.697002
v -19.887255 1.465153 10.342133
v -19.887255 1.110956 11.369391
v -19.887255 1.110956 11.724262
v -19.887255 1.465153 11.724262
v -19.887255 1.465153 11.369391
v -4.709868 1.128316 12.211143
v -4.709868 1.128316 11.909772
v -4.709868 1.447792 11.909772
v -4.709868 1.447792 12.211143
v -4.709868 1.128316 11.183883
v -4.709868 1.128316 10.882512
v -4.709868 1.447792 10.882512
v -4.709868 1.447792 11.183883
v -4.709868 1.128316 10.156623
v -4.709868 1.128316 9.855252
v -4.709868 1.447792 9.855252
v -4.709868 1.447792 10.156623
v -19.887255 1.179831 9.421002
v -19.887255 1.179831 9.563614
v -19.887255 1.396277 9.563614
v -19.887255 1.396277 9.421002
v -19.887255 1.179831 10.448262
v -19.887255 1.179831 10.590873
v -19.887255 1.396277 10.590873
v -19.887255 1.396277 10.448262
v -19.887255 1.179831 11.475521
v -19.887255 1.179831 11.618133
v -19.887255 1.396277 11.618133
v -19.887255 1.396277 11.475521
v -6.375890 1.089900 12.317272
v -5.889606 1.089900 12.317272
v -5.889606 1.486208 12.317272
v -6.375890 1.486208 12.317272
v -7.324476 1.089900 12.317272
v -6.838193 1.089900 12.317272
v -6.838193 1.486208 12.317272
v -7.324476 1.486208 12.317272
v -8.273063 1.089900 12.317272
v -7.786779 1.089900 12.317272
v -7.786779 1.486208 12.317272
v -8.273063 1.486208 12.317272
v -9.221649 1.089900 12.317272
v -8.735367 1.089900 12.317272
v -8.735367 1.486208 12.317272
v -9.221649 1.486208 12.317272
v -10.170236 1.089900 12.317272
v -9.683953 1.089900 12.317272
v -9.683953 1.486208 12.317272
v -10.170236 1.486208 12.317272
v -11.118823 1.089900 12.317272
v -10.632540 1.089900 12.317272
v -10.632540 1.486208 12.317272
v -11.118823 1.486208 12.317272
v -12.067410 1.089900 12.317272
v -11.581126 1.089900 12.317272
v -11.581126 1.486208 12.317272
v -12.067410 1.486208 12.317272
v -13.015996 1.089900 12.317272
v -12.529713 1.089900 12.317272
v -12.529713 1.486208 12.317272
v -13.015996 1.486208 12.317272
v -13.964582 1.089900 12.317272
v -13.478299 1.089900 12.317272
v -13.478299 1.486208 12.317272
v -13.964582 1.486208 12.317272
v -14.913169 1.089900 12.317272
v -14.426887 1.089900 12.317272
v -14.426887 1.486208 12.317272
v -14.913169 1.486208 12.317272
v -15.861755 1.089900 12.317272
v -15.375473 1.089900 12.317272
v -15.375473 1.486208 12.317272
v -15.861755 1.486208 12.317272
v -16.810343 1.089900 12.317272
v -16.324059 1.089900 12.317272
v -16.324059 1.486208 12.317272
v -16.810343 1.486208 12.317272
v -17.758930 1.089900 12.317272
v -17.272646 1.089900 12.317272
v -17.272646 1.486208 12.317272
v -17.758930 1.486208 12.317272
v -18.707516 1.089900 12.317272
v -18.221233 1.089900 12.317272
v -18.221233 1.486208 12.317272
v -18.707516 1.486208 12.317272
v -19.656103 1.089900 12.317272
v -19.169819 1.089900 12.317272
v -19.169819 1.486208 12.317272
v -19.656103 1.486208 12.317272
v -5.427303 1.089900 12.317272
v -4.941020 1.089900 12.317272
v -4.941020 1.486208 12.317272
v -5.427303 1.486208 12.317272
v -18.180197 1.084493 9.235493
v -18.748552 1.084493 9.235493
v -18.748552 1.491616 9.235493
v -18.180197 1.491616 9.235493
v -17.231609 1.084493 9.235493
v -17.799965 1.084493 9.235493
v -17.799965 1.491616 9.235493
v -17.231609 1.491616 9.235493
v -16.283024 1.084493 9.235493
v -16.851379 1.084493 9.235493
v -16.851379 1.491616 9.235493
v -16.283024 1.491616 9.235493
v -15.334436 1.084493 9.235493
v -15.902792 1.084493 9.235493
v -15.902792 1.491616 9.235493
v -15.334436 1.491616 9.235493
v -14.385850 1.084493 9.235493
v -14.954206 1.084493 9.235493
v -14.954206 1.491616 9.235493
v -14.385850 1.491616 9.235493
v -13.437263 1.084493 9.235493
v -14.005619 1.084493 9.235493
v -14.005619 1.491616 9.235493
v -13.437263 1.491616 9.235493
v -12.488676 1.084493 9.235493
v -13.057033 1.084493 9.235493
v -13.057033 1.491616 9.235493
v -12.488676 1.491616 9.235493
v -11.540090 1.084493 9.235493
v -12.108446 1.084493 9.235493
v -12.108446 1.491616 9.235493
v -11.540090 1.491616 9.235493
v -10.591503 1.084493 9.235493
v -11.159859 1.084493 9.235493
v -11.159859 1.491616 9.235493
v -10.591503 1.491616 9.235493
v -9.642917 1.084493 9.235493
v -10.211272 1.084493 9.235493
v -10.211272 1.491616 9.235493
v -9.642917 1.491616 9.235493
v -8.694330 1.084493 9.235493
v -9.262686 1.084493 9.235493
v -9.262686 1.491616 9.235493
v -8.694330 1.491616 9.235493
v -7.745744 1.084493 9.235493
v -8.314098 1.084493 9.235493
v -8.314098 1.491616 9.235493
v -7.745744 1.491616 9.235493
v -6.797157 1.084493 9.235493
v -7.365512 1.084493 9.235493
v -7.365512 1.491616 9.235493
v -6.797157 1.491616 9.235493
v -5.848570 1.084493 9.235493
v -6.416925 1.084493 9.235493
v -6.416925 1.491616 9.235493
v -5.848570 1.491616 9.235493
v -4.899983 1.084493 9.235493
v -5.468339 1.084493 9.235493
v -5.468339 1.491616 9.235493
v -4.899983 1.491616 9.235493
v -19.128784 1.084493 9.235493
v -19.697140 1.084493 9.235493
v -19.697140 1.491616 9.235493
v -19.128784 1.491616 9.235493
v -18.748552 1.084493 9.288645
v -18.180197 1.084493 9.288645
v -18.180197 1.491616 9.288645
v -18.748552 1.491616 9.288645
v -17.799965 1.084493 9.288645
v -17.231609 1.084493 9.288645
v -17.231609 1.491616 9.288645
v -17.799965 1.491616 9.288645
v -16.851379 1.084493 9.288645
v -16.283024 1.084493 9.288645
v -16.283024 1.491616 9.288645
v -16.851379 1.491616 9.288645
v -15.902792 1.084493 9.288645
v -15.334436 1.084493 9.288645
v -15.334436 1.491616 9.288645
v -15.902792 1.491616 9.288645
v -14.954206 1.084493 9.288645
v -14.385850 1.084493 9.288645
v -14.385850 1.491616 9.288645
v -14.954206 1.491616 9.288645
v -14.005619 1.084493 9.288645
v -13.437263 1.084493 9.288645
v -13.437263 1.491616 9.288645
v -14.005619 1.491616 9.288645
v -13.057033 1.084493 9.288645
v -12.488676 1.084493 9.288645
v -12.488676 1.491616 9.288645
v -13.057033 1.491616 9.288645
v -12.108446 1.084493 9.288645
v -11.540090 1.084493 9.288645
v -11.540090 1.491616 9.288645
v -12.108446 1.491616 9.288645
v -11.159859 1.084493 9.288645
v -10.591503 1.084493 9.288645
v -10.591503 1.491616 9.288645
v -11.159859 1.491616 9.288645
v -10.211272 1.084493 9.288645
v -9.642917 1.084493 9.288645
v -9.642917 1.491616 9.288645
v -10.211272 1.491616 9.288645
v -9.262686 1.084493 9.288645
v -8.694330 1.084493 9.288645
v -8.694330 1.491616 9.288645
v -9.262686 1.491616 9.288645
v -8.314098 1.084493 9.288645
v -7.745744 1.084493 9.288645
v -7.745744 1.491616 9.288645
v -8.314098 1.491616 9.288645
v -7.365512 1.084493 9.288645
v -6.797157 1.084493 9.288645
v -6.797157 1.491616 9.288645
v -7.365512 1.491616 9.288645
v -6.416925 1.084493 9.288645
v -5.848570 1.084493 9.288645
v -5.848570 1.491616 9.288645
v -6.416925 1.491616 9.288645
v -5.468339 1.084493 9.288645
v -4.899983 1.084493 9.288645
v -4.899983 1.491616 9.288645
v -5.468339 1.491616 9.288645
v -19.697140 1.084493 9.288645
v -19.128784 1.084493 9.288645
v -19.128784 1.491616 9.288645
v -19.697140 1.491616 9.288645
v -19.887255 1.707244 12.317272
v -4.709868 1.707244 12.317272
v -19.887255 1.707244 9.235493
v -4.709868 1.707244 9.235493
v -19.887255 2.411883 9.235493
v -19.887255 2.411883 12.317272
v -4.709868 2.411883 12.317272
v -4.709868 2.411883 9.235493
v -19.887255 2.474719 9.235493
v -19.887255 2.474719 12.317272
v -4.709868 2.474719 12.317272
v -4.709868 2.474719 9.235493
v -20.073332 2.411883 9.197710
v -20.073332 2.411883 12.355055
v -4.523790 2.411883 12.355055
v -4.523790 2.411883 9.197710
v -20.073332 2.474719 9.197710
v -20.073332 2.474719 12.355055
v -4.523790 2.474719 12.355055
v -4.523790 2.474719 9.197710
v -18.938667 1.707244 12.317272
v -17.990082 1.707244 12.317272
v -17.041494 1.707244 12.317272
v -16.092907 1.707244 12.317272
v -15.144321 1.707244 12.317272
v -14.195734 1.707244 12.317272
v -13.247148 1.707244 12.317272
v -12.298561 1.707244 12.317272
v -11.349975 1.707244 12.317272
v -10.401388 1.707244 12.317272
v -9.452801 1.707244 12.317272
v -8.504214 1.707244 12.317272
v -7.555628 1.707244 12.317272
v -6.607041 1.707244 12.317272
v -5.658454 1.707244 12.317272
v -5.658454 1.707244 9.235493
v -6.607041 1.707244 9.235493
v -7.555628 1.707244 9.235493
v -8.504214 1.707244 9.235493
v -9.452801 1.707244 9.235493
v -10.401388 1.707244 9.235493
v -11.349975 1.707244 9.235493
v -12.298561 1.707244 9.235493
v -13.247148 1.707244 9.235493
v -14.195734 1.707244 9.235493
v -15.144321 1.707244 9.235493
v -16.092907 1.707244 9.235493
v -17.041494 1.707244 9.235493
v -17.990082 1.707244 9.235493
v -18.938667 1.707244 9.235493
v -18.938667 2.411883 12.317272
v -17.990082 2.411883 12.317272
v -17.041494 2.411883 12.317272
v -16.092907 2.411883 12.317272
v -15.144321 2.411883 12.317272
v -14.195734 2.411883 12.317272
v -13.247148 2.411883 12.317272
v -12.298561 2.411883 12.317272
v -11.349975 2.411883 12.317272
v -10.401388 2.411883 12.317272
v -9.452801 2.411883 12.317272
v -8.504214 2.411883 12.317272
v -7.555628 2.411883 12.317272
v -6.607041 2.411883 12.317272
v -5.658454 2.411883 12.317272
v -5.658454 2.411883 9.235493
v -6.607041 2.411883 9.235493
v -7.555628 2.411883 9.235493
v -8.504214 2.411883 9.235493
v -9.452801 2.411883 9.235493
v -10.401388 2.411883 9.235493
v -11.349975 2.411883 9.235493
v -12.298561 2.411883 9.235493
v -13.247148 2.411883 9.235493
v -14.195734 2.411883 9.235493
v -15.144321 2.411883 9.235493
v -16.092907 2.411883 9.235493
v -17.041494 2.411883 9.235493
v -17.990082 2.411883 9.235493
v -18.938667 2.411883 9.235493
v -18.938667 2.474719 12.317272
v -17.990082 2.474719 12.317272
v -17.041494 2.474719 12.317272
v -16.092907 2.474719 12.317272
v -15.144321 2.474719 12.317272
v -14.195734 2.474719 12.317272
v -13.247148 2.474719 12.317272
v -12.298561 2.474719 12.317272
v -11.349975 2.474719 12.317272
v -10.401388 2.474719 12.317272
v -9.452801 2.474719 12.317272
v -8.504214 2.474719 12.317272
v -7.555628 2.474719 12.317272
v -6.607041 2.474719 12.317272
v -5.658454 2.474719 12.317272
v -5.658454 2.474719 9.235493
v -6.607041 2.474719 9.235493
v -7.555628 2.474719 9.235493
v -8.504214 2.474719 9.235493
v -9.452801 2.474719 9.235493
v -10.401388 2.474719 9.235493
v -11.349975 2.474719 9.235493
v -12.298561 2.474719 9.235493
v -13.247148 2.474719 9.235493
v -14.195734 2.474719 9.235493
v -15.144321 2.474719 9.235493
v -16.092907 2.474719 9.235493
v -17.041494 2.474719 9.235493
v -17.990082 2.474719 9.235493
v -18.938667 2.474719 9.235493
v -19.101486 2.411883 12.355055
v -18.129639 2.411883 12.355055
v -17.157793 2.411883 12.355055
v -16.185947 2.411883 12.355055
v -15.214100 2.411883 12.355055
v -14.242254 2.411883 12.355055
v -13.270408 2.411883 12.355055
v -12.298561 2.411883 12.355055
v -11.326715 2.411883 12.355055
v -10.354868 2.411883 12.355055
v -9.383022 2.411883 12.355055
v -8.411176 2.411883 12.355055
v -7.439329 2.411883 12.355055
v -6.467483 2.411883 12.355055
v -5.495636 2.411883 12.355055
v -5.495636 2.411883 9.197710
v -6.467483 2.411883 9.197710
v -7.439329 2.411883 9.197710
v -8.411176 2.411883 9.197710
v -9.383022 2.411883 9.197710
v -10.354868 2.411883 9.197710
v -11.326715 2.411883 9.197710
v -12.298561 2.411883 9.197710
v -13.270408 2.411883 9.197710
v -14.242254 2.411883 9.197710
v -15.214100 2.411883 9.197710
v -16.185947 2.411883 9.197710
v -17.157793 2.411883 9.197710
v -18.129639 2.411883 9.197710
v -19.101486 2.411883 9.197710
v -19.101486 2.474719 12.355055
v -18.129639 2.474719 12.355055
v -17.157793 2.474719 12.355055
v -16.185947 2.474719 12.355055
v -15.214100 2.474719 12.355055
v -14.242254 2.474719 12.355055
v -13.270408 2.474719 12.355055
v -12.298561 2.474719 12.355055
v -11.326715 2.474719 12.355055
v -10.354868 2.474719 12.355055
v -9.383022 2.474719 12.355055
v -8.411176 2.474719 12.355055
v -7.439329 2.474719 12.355055
v -6.467483 2.474719 12.355055
v -5.495636 2.474719 12.355055
v -5.495636 2.474719 9.197710
v -6.467483 2.474719 9.197710
v -7.439329 2.474719 9.197710
v -8.411176 2.474719 9.197710
v -9.383022 2.474719 9.197710
v -10.354868 2.474719 9.197710
v -11.326715 2.474719 9.197710
v -12.298561 2.474719 9.197710
v -13.270408 2.474719 9.197710
v -14.242254 2.474719 9.197710
v -15.214100 2.474719 9.197710
v -16.185947 2.474719 9.197710
v -17.157793 2.474719 9.197710
v -18.129639 2.474719 9.197710
v -19.101486 2.474719 9.197710
v -4.709868 1.826915 9.235493
v -4.709868 1.826915 12.317272
v -19.887255 1.826915 12.317272
v -19.887255 1.826915 9.235493
v -18.938667 1.826915 12.317272
v -17.990082 1.826915 12.317272
v -17.041494 1.826915 12.317272
v -16.092907 1.826915 12.317272
v -15.144321 1.826915 12.317272
v -14.195734 1.826915 12.317272
v -13.247148 1.826915 12.317272
v -12.298561 1.826915 12.317272
v -11.349975 1.826915 12.317272
v -10.401388 1.826915 12.317272
v -9.452801 1.826915 12.317272
v -8.504214 1.826915 12.317272
v -7.555628 1.826915 12.317272
v -6.607041 1.826915 12.317272
v -5.658454 1.826915 12.317272
v -5.658454 1.826915 9.235493
v -6.607041 1.826915 9.235493
v -7.555628 1.826915 9.235493
v -8.504214 1.826915 9.235493
v -9.452801 1.826915 9.235493
v -10.401388 1.826915 9.235493
v -11.349975 1.826915 9.235493
v -12.298561 1.826915 9.235493
v -13.247148 1.826915 9.235493
v -14.195734 1.826915 9.235493
v -15.144321 1.826915 9.235493
v -16.092907 1.826915 9.235493
v -17.041494 1.826915 9.235493
v -17.990082 1.826915 9.235493
v -18.938667 1.826915 9.235493
v -4.709868 2.284143 9.235493
v -19.887255 2.284143 12.317272
v -18.938667 2.284143 12.317272
v -17.990082 2.284143 12.317272
v -17.041494 2.284143 12.317272
v -16.092907 2.284143 12.317272
v -15.144321 2.284143 12.317272
v -14.195734 2.284143 12.317272
v -13.247148 2.284143 12.317272
v -12.298561 2.284143 12.317272
v -11.349975 2.284143 12.317272
v -10.401388 2.284143 12.317272
v -9.452801 2.284143 12.317272
v -8.504214 2.284143 12.317272
v -7.555628 2.284143 12.317272
v -6.607041 2.284143 12.317272
v -5.658454 2.284143 12.317272
v -5.658454 2.284143 9.235493
v -6.607041 2.284143 9.235493
v -7.555628 2.284143 9.235493
v -8.504214 2.284143 9.235493
v -9.452801 2.284143 9.235493
v -10.401388 2.284143 9.235493
v -11.349975 2.284143 9.235493
v -12.298561 2.284143 9.235493
v -13.247148 2.284143 9.235493
v -14.195734 2.284143 9.235493
v -15.144321 2.284143 9.235493
v -16.092907 2.284143 9.235493
v -17.041494 2.284143 9.235493
v -17.990082 2.284143 9.235493
v -18.938667 2.284143 9.235493
v -4.709868 2.284143 12.317272
v -19.887255 2.284143 9.235493
v -19.887255 1.707244 9.749123
v -19.887255 1.707244 10.262753
v -19.887255 1.707244 10.776382
v -19.887255 1.707244 11.290012
v -19.887255 1.707244 11.803642
v -4.709868 1.707244 11.803642
v -4.709868 1.707244 11.290012
v -4.709868 1.707244 10.776382
v -4.709868 1.707244 10.262753
v -4.709868 1.707244 9.749123
v -19.887255 2.411883 9.749123
v -19.887255 2.411883 10.262753
v -19.887255 2.411883 10.776382
v -19.887255 2.411883 11.290012
v -19.887255 2.411883 11.803642
v -4.709868 2.411883 11.803642
v -4.709868 2.411883 11.290012
v -4.709868 2.411883 10.776382
v -4.709868 2.411883 10.262753
v -4.709868 2.411883 9.749123
v -19.887255 2.474719 9.749123
v -19.887255 2.474719 10.262753
v -19.887255 2.474719 10.776382
v -19.887255 2.474719 11.290012
v -19.887255 2.474719 11.803642
v -4.709868 2.474719 11.803642
v -4.709868 2.474719 11.290012
v -4.709868 2.474719 10.776382
v -4.709868 2.474719 10.262753
v -4.709868 2.474719 9.749123
v -20.073332 2.411883 9.723934
v -20.073332 2.411883 10.250158
v -20.073332 2.411883 10.776382
v -20.073332 2.411883 11.302607
v -20.073332 2.411883 11.828831
v -4.523790 2.411883 11.828831
v -4.523790 2.411883 11.302607
v -4.523790 2.411883 10.776382
v -4.523790 2.411883 10.250158
v -4.523790 2.411883 9.723934
v -20.073332 2.474719 9.723934
v -20.073332 2.474719 10.250158
v -20.073332 2.474719 10.776382
v -20.073332 2.474719 11.302607
v -20.073332 2.474719 11.828831
v -4.523790 2.474719 11.828831
v -4.523790 2.474719 11.302607
v -4.523790 2.474719 10.776382
v -4.523790 2.474719 10.250158
v -4.523790 2.474719 9.723934
v -18.938667 2.474719 11.803642
v -18.938667 2.474719 11.290012
v -18.938667 2.474719 10.776382
v -18.938667 2.474719 10.262753
v -18.938667 2.474719 9.749123
v -17.990082 2.474719 11.803642
v -17.990082 2.474719 11.290012
v -17.990082 2.474719 10.776382
v -17.990082 2.474719 10.262753
v -17.990082 2.474719 9.749123
v -17.041494 2.474719 11.803642
v -17.041494 2.474719 11.290012
v -17.041494 2.474719 10.776382
v -17.041494 2.474719 10.262753
v -17.041494 2.474719 9.749123
v -16.092907 2.474719 11.803642
v -16.092907 2.474719 11.290012
v -16.092907 2.474719 10.776382
v -16.092907 2.474719 10.262753
v -16.092907 2.474719 9.749123
v -15.144321 2.474719 11.803642
v -15.144321 2.474719 11.290012
v -15.144321 2.474719 10.776382
v -15.144321 2.474719 10.262753
v -15.144321 2.474719 9.749123
v -14.195734 2.474719 11.803642
v -14.195734 2.474719 11.290012
v -14.195734 2.474719 10.776382
v -14.195734 2.474719 10.262753
v -14.195734 2.474719 9.749123
v -13.247148 2.474719 11.803642
v -13.247148 2.474719 11.290012
v -13.247148 2.474719 10.776382
v -13.247148 2.474719 10.262753
v -13.247148 2.474719 9.749123
v -12.298561 2.474719 11.803642
v -12.298561 2.474719 11.290012
v -12.298561 2.474719 10.776382
v -12.298561 2.474719 10.262753
v -12.298561 2.474719 9.749123
v -11.349975 2.474719 11.803642
v -11.349975 2.474719 11.290012
v -11.349975 2.474719 10.776382
v -11.349975 2.474719 10.262753
v -11.349975 2.474719 9.749123
v -10.401388 2.474719 11.803642
v -10.401388 2.474719 11.290012
v -10.401388 2.474719 10.776382
v -10.401388 2.474719 10.262753
v -10.401388 2.474719 9.749123
v -9.452801 2.474719 11.803642
v -9.452801 2.474719 11.290012
v -9.452801 2.474719 10.776382
v -9.452801 2.474719 10.262753
v -9.452801 2.474719 9.749123
v -8.504214 2.474719 11.803642
v -8.504214 2.474719 11.290012
v -8.504214 2.474719 10.776382
v -8.504214 2.474719 10.262753
v -8.504214 2.474719 9.749123
v -7.555628 2.474719 11.803642
v -7.555628 2.474719 11.290012
v -7.555628 2.474719 10.776382
v -7.555628 2.474719 10.262753
v -7.555628 2.474719 9.749123
v -6.607041 2.474719 11.803642
v -6.607041 2.474719 11.290012
v -6.607041 2.474719 10.776382
v -6.607041 2.474719 10.262753
v -6.607041 2.474719 9.749123
v -5.658454 2.474719 11.803642
v -5.658454 2.474719 11.290012
v -5.658454 2.474719 10.776382
v -5.658454 2.474719 10.262753
v -5.658454 2.474719 9.749123
v -18.938667 1.707244 9.749123
v -18.938667 1.707244 10.262753
v -18.938667 1.707244 10.776382
v -18.938667 1.707244 11.290012
v -18.938667 1.707244 11.803642
v -17.990082 1.707244 9.749123
v -17.990082 1.707244 10.262753
v -17.990082 1.707244 10.776382
v -17.990082 1.707244 11.290012
v -17.990082 1.707244 11.803642
v -17.041494 1.707244 9.749123
v -17.041494 1.707244 10.262753
v -17.041494 1.707244 10.776382
v -17.041494 1.707244 11.290012
v -17.041494 1.707244 11.803642
v -16.092907 1.707244 9.749123
v -16.092907 1.707244 10.262753
v -16.092907 1.707244 10.776382
v -16.092907 1.707244 11.290012
v -16.092907 1.707244 11.803642
v -15.144321 1.707244 9.749123
v -15.144321 1.707244 10.262753
v -15.144321 1.707244 10.776382
v -15.144321 1.707244 11.290012
v -15.144321 1.707244 11.803642
v -14.195734 1.707244 9.749123
v -14.195734 1.707244 10.262753
v -14.195734 1.707244 10.776382
v -14.195734 1.707244 11.290012
v -14.195734 1.707244 11.803642
v -13.247148 1.707244 9.749123
v -13.247148 1.707244 10.262753
v -13.247148 1.707244 10.776382
v -13.247148 1.707244 11.290012
v -13.247148 1.707244 11.803642
v -12.298561 1.707244 9.749123
v -12.298561 1.707244 10.262753
v -12.298561 1.707244 10.776382
v -12.298561 1.707244 11.290012
v -12.298561 1.707244 11.803642
v -11.349975 1.707244 9.749123
v -11.349975 1.707244 10.262753
v -11.349975 1.707244 10.776382
v -11.349975 1.707244 11.290012
v -11.349975 1.707244 11.803642
v -10.401388 1.707244 9.749123
v -10.401388 1.707244 10.262753
v -10.401388 1.707244 10.776382
v -10.401388 1.707244 11.290012
v -10.401388 1.707244 11.803642
v -9.452801 1.707244 9.749123
v -9.452801 1.707244 10.262753
v -9.452801 1.707244 10.776382
v -9.452801 1.707244 11.290012
v -9.452801 1.707244 11.803642
v -8.504214 1.707244 9.749123
v -8.504214 1.707244 10.262753
v -8.504214 1.707244 10.776382
v -8.504214 1.707244 11.290012
v -8.504214 1.707244 11.803642
v -7.555628 1.707244 9.749123
v -7.555628 1.707244 10.262753
v -7.555628 1.707244 10.776382
v -7.555628 1.707244 11.290012
v -7.555628 1.707244 11.803642
v -6.607041 1.707244 9.749123
v -6.607041 1.707244 10.262753
v -6.607041 1.707244 10.776382
v -6.607041 1.707244 11.290012
v -6.607041 1.707244 11.803642
v -5.658454 1.707244 9.749123
v -5.658454 1.707244 10.262753
v -5.658454 1.707244 10.776382
v -5.658454 1.707244 11.290012
v -5.658454 1.707244 11.803642
v -19.887255 1.826915 11.803642
v -19.887255 1.826915 11.290012
v -19.887255 1.826915 10.776382
v -19.887255 1.826915 10.262753
v -19.887255 1.826915 9.749123
v -4.709868 1.826915 9.749123
v -4.709868 1.826915 10.262753
v -4.709868 1.826915 10.776382
v -4.709868 1.826915 11.290012
v -4.709868 1.826915 11.803642
v -19.887255 2.284143 11.803642
v -19.887255 2.284143 11.290012
v -19.887255 2.284143 10.776382
v -19.887255 2.284143 10.262753
v -19.887255 2.284143 9.749123
v -4.709868 2.284143 9.749123
v -4.709868 2.284143 10.262753
v -4.709868 2.284143 10.776382
v -4.709868 2.284143 11.290012
v -4.709868 2.284143 11.803642
v -19.887255 1.878431 9.314873
v -19.887255 1.878431 9.669744
v -19.887255 2.232628 9.669744
v -19.887255 2.232628 9.314873
v -19.887255 1.878431 10.342133
v -19.887255 1.878431 10.697002
v -19.887255 2.232628 10.697002
v -19.887255 2.232628 10.342133
v -19.887255 1.878431 11.369391
v -19.887255 1.878431 11.724262
v -19.887255 2.232628 11.724262
v -19.887255 2.232628 11.369391
v -4.709868 1.895791 12.211143
v -4.709868 1.895791 11.909772
v -4.709868 2.215267 11.909772
v -4.709868 2.215267 12.211143
v -4.709868 1.895791 11.183883
v -4.709868 1.895791 10.882512
v -4.709868 2.215267 10.882512
v -4.709868 2.215267 11.183883
v -4.709868 1.895791 10.156623
v -4.709868 1.895791 9.855252
v -4.709868 2.215267 9.855252
v -4.709868 2.215267 10.156623
v -19.887255 1.947306 9.421002
v -19.887255 1.947306 9.563614
v -19.887255 2.163752 9.563614
v -19.887255 2.163752 9.421002
v -19.887255 1.947306 10.448262
v -19.887255 1.947306 10.590873
v -19.887255 2.163752 10.590873
v -19.887255 2.163752 10.448262
v -19.887255 1.947306 11.475521
v -19.887255 1.947306 11.618133
v -19.887255 2.163752 11.618133
v -19.887255 2.163752 11.475521
v -6.375890 1.857375 12.317272
v -5.889606 1.857375 12.317272
v -5.889606 2.253683 12.317272
v -6.375890 2.253683 12.317272
v -7.324476 1.857375 12.317272
v -6.838193 1.857375 12.317272
v -6.838193 2.253683 12.317272
v -7.324476 2.253683 12.317272
v -8.273063 1.857375 12.317272
v -7.786779 1.857375 12.317272
v -7.786779 2.253683 12.317272
v -8.273063 2.253683 12.317272
v -9.221649 1.857375 12.317272
v -8.735367 1.857375 12.317272
v -8.735367 2.253683 12.317272
v -9.221649 2.253683 12.317272
v -10.170236 1.857375 12.317272
v -9.683953 1.857375 12.317272
v -9.683953 2.253683 12.317272
v -10.170236 2.253683 12.317272
v -11.118823 1.857375 12.317272
v -10.632540 1.857375 12.317272
v -10.632540 2.253683 12.317272
v -11.118823 2.253683 12.317272
v -12.067410 1.857375 12.317272
v -11.581126 1.857375 12.317272
v -11.581126 2.253683 12.317272
v -12.067410 2.253683 12.317272
v -13.015996 1.857375 12.317272
v -12.529713 1.857375 12.317272
v -12.529713 2.253683 12.317272
v -13.015996 2.253683 12.317272
v -13.964582 1.857375 12.317272
v -13.478299 1.857375 12.317272
v -13.478299 2.253683 12.317272
v -13.964582 2.253683 12.317272
v -14.913169 1.857375 12.317272
v -14.426887 1.857375 12.317272
v -14.426887 2.253683 12.317272
v -14.913169 2.253683 12.317272
v -15.861755 1.857375 12.317272
v -15.375473 1.857375 12.317272
v -15.375473 2.253683 12.317272
v -15.861755 2.253683 12.317272
v -16.810343 1.857375 12.317272
v -16.324059 1.857375 12.317272
v -16.324059 2.253683 12.317272
v -16.810343 2.253683 12.317272
v -17.758930 1.857375 12.317272
v -17.272646 1.857375 12.317272
v -17.272646 2.253683 12.317272
v -17.758930 2.253683 12.317272
v -18.707516 1.857375 12.317272
v -18.221233 1.857375 12.317272
v -18.221233 2.253683 12.317272
v -18.707516 2.253683 12.317272
v -19.656103 1.857375 12.317272
v -19.169819 1.857375 12.317272
v -19.169819 2.253683 12.317272
v -19.656103 2.253683 12.317272
v -5.427303 1.857375 12.317272
v -4.941020 1.857375 12.317272
v -4.941020 2.253683 12.317272
v -5.427303 2.253683 12.317272
v -18.180197 1.851968 9.235493
v -18.748552 1.851968 9.235493
v -18.748552 2.259090 9.235493
v -18.180197 2.259090 9.235493
v -17.231609 1.851968 9.235493
v -17.799965 1.851968 9.235493
v -17.799965 2.259090 9.235493
v -17.231609 2.259090 9.235493
v -16.283024 1.851968 9.235493
v -16.851379 1.851968 9.235493
v -16.851379 2.259090 9.235493
v -16.283024 2.259090 9.235493
v -15.334436 1.851968 9.235493
v -15.902792 1.851968 9.235493
v -15.902792 2.259090 9.235493
v -15.334436 2.259090 9.235493
v -14.385850 1.851968 9.235493
v -14.954206 1.851968 9.235493
v -14.954206 2.259090 9.235493
v -14.385850 2.259090 9.235493
v -13.437263 1.851968 9.235493
v -14.005619 1.851968 9.235493
v -14.005619 2.259090 9.235493
v -13.437263 2.259090 9.235493
v -12.488676 1.851968 9.235493
v -13.057033 1.851968 9.235493
v -13.057033 2.259090 9.235493
v -12.488676 2.259090 9.235493
v -11.540090 1.851968 9.235493
v -12.108446 1.851968 9.235493
v -12.108446 2.259090 9.235493
v -11.540090 2.259090 9.235493
v -10.591503 1.851968 9.235493
v -11.159859 1.851968 9.235493
v -11.159859 2.259090 9.235493
v -10.591503 2.259090 9.235493
v -9.642917 1.851968 9.235493
v -10.211272 1.851968 9.235493
v -10.211272 2.259090 9.235493
v -9.642917 2.259090 9.235493
v -8.694330 1.851968 9.235493
v -9.262686 1.851968 9.235493
v -9.262686 2.259090 9.235493
v -8.694330 2.259090 9.235493
v -7.745744 1.851968 9.235493
v -8.314098 1.851968 9.235493
v -8.314098 2.259090 9.235493
v -7.745744 2.259090 9.235493
v -6.797157 1.851968 9.235493
v -7.365512 1.851968 9.235493
v -7.365512 2.259090 9.235493
v -6.797157 2.259090 9.235493
v -5.848570 1.851968 9.235493
v -6.416925 1.851968 9.235493
v -6.416925 2.259090 9.235493
v -5.848570 2.259090 9.235493
v -4.899983 1.851968 9.235493
v -5.468339 1.851968 9.235493
v -5.468339 2.259090 9.235493
v -4.899983 2.259090 9.235493
v -19.128784 1.851968 9.235493
v -19.697140 1.851968 9.235493
v -19.697140 2.259090 9.235493
v -19.128784 2.259090 9.235493
v -18.748552 1.851968 9.288645
v -18.180197 1.851968 9.288645
v -18.180197 2.259090 9.288645
v -18.748552 2.259090 9.288645
v -17.799965 1.851968 9.288645
v -17.231609 1.851968 9.288645
v -17.231609 2.259090 9.288645
v -17.799965 2.259090 9.288645
v -16.851379 1.851968 9.288645
v -16.283024 1.851968 9.288645
v -16.283024 2.259090 9.288645
v -16.851379 2.259090 9.288645
v -15.902792 1.851968 9.288645
v -15.334436 1.851968 9.288645
v -15.334436 2.259090 9.288645
v -15.902792 2.259090 9.288645
v -14.954206 1.851968 9.288645
v -14.385850 1.851968 9.288645
v -14.385850 2.259090 9.288645
v -14.954206 2.259090 9.288645
v -14.005619 1.851968 9.288645
v -13.437263 1.851968 9.288645
v -13.437263 2.259090 9.288645
v -14.005619 2.259090 9.288645
v -13.057033 1.851968 9.288645
v -12.488676 1.851968 9.288645
v -12.488676 2.259090 9.288645
v -13.057033 2.259090 9.288645
v -12.108446 1.851968 9.288645
v -11.540090 1.851968 9.288645
v -11.540090 2.259090 9.288645
v -12.108446 2.259090 9.288645
v -11.159859 1.851968 9.288645
v -10.591503 1.851968 9.288645
v -10.591503 2.259090 9.288645
v -11.159859 2.259090 9.288645
v -10.211272 1.851968 9.288645
v -9.642917 1.851968 9.288645
v -9.642917 2.259090 9.288645
v -10.211272 2.259090 9.288645
v -9.262686 1.851968 9.288645
v -8.694330 1.851968 9.288645
v -8.694330 2.259090 9.288645
v -9.262686 2.259090 9.288645
v -8.314098 1.851968 9.288645
v -7.745744 1.851968 9.288645
v -7.745744 2.259090 9.288645
v -8.314098 2.259090 9.288645
v -7.365512 1.851968 9.288645
v -6.797157 1.851968 9.288645
v -6.797157 2.259090 9.288645
v -7.365512 2.259090 9.288645
v -6.416925 1.851968 9.288645
v -5.848570 1.851968 9.288645
v -5.848570 2.259090 9.288645
v -6.416925 2.259090 9.288645
v -5.468339 1.851968 9.288645
v -4.899983 1.851968 9.288645
v -4.899983 2.259090 9.288645
v -5.468339 2.259090 9.288645
v -19.697140 1.851968 9.288645
v -19.128784 1.851968 9.288645
v -19.128784 2.259090 9.288645
v -19.697140 2.259090 9.288645
vn -0.0000 -1.0000 -0.0000
vn -0.0000 1.0000 -0.0000
vn 1.0000 -0.0000 -0.0000
vn -1.0000 -0.0000 -0.0000
vn -0.0000 -0.0000 -1.0000
vn -0.0000 -0.0000 1.0000
vt 0.937500 0.833333
vt 0.937500 1.000000
vt 1.000000 1.000000
vt 1.000000 0.833333
vt 0.062500 0.000000
vt 0.000000 0.000000
vt 1.000000 0.833333
vt 0.000000 0.166667
vt 0.000000 0.166667
vt 0.062500 1.000000
vt 0.000000 1.000000
vt 0.937500 0.000000
vt 1.000000 0.000000
vt 0.937500 0.000000
vt 0.937500 0.833333
vt 1.000000 0.833333
vt 0.937500 1.000000
vt 0.000000 0.166667
vt 0.062500 1.000000
vt 0.062500 1.000000
vt 1.000000 0.166667
vt 1.000000 0.166667
vt 0.000000 0.833333
vt 0.000000 0.833333
vt 0.125000 0.000000
vt 0.187500 0.000000
vt 0.250000 0.000000
vt 0.312500 0.000000
vt 0.375000 0.000000
vt 0.437500 0.000000
vt 0.500000 0.000000
vt 0.562500 0.000000
vt 0.625000 0.000000
vt 0.687500 0.000000
vt 0.750000 0.000000
vt 0.812500 0.000000
vt 0.812500 0.000000
vt 0.875000 0.000000
vt 0.875000 0.000000
vt 0.875000 1.000000
vt 0.812500 1.000000
vt 0.750000 1.000000
vt 0.687500 1.000000
vt 0.625000 1.000000
vt 0.562500 1.000000
vt 0.500000 1.000000
vt 0.437500 1.000000
vt 0.375000 1.000000
vt 0.312500 1.000000
vt 0.250000 1.000000
vt 0.187500 1.000000
vt 0.187500 1.000000
vt 0.125000 1.000000
vt 0.125000 1.000000
vt 0.875000 0.000000
vt 0.875000 1.000000
vt 0.062500 0.833333
vt 0.125000 0.833333
vt 0.187500 0.833333
vt 0.250000 0.833333
vt 0.312500 0.833333
vt 0.375000 0.833333
vt 0.437500 0.833333
vt 0.500000 0.833333
vt 0.562500 0.833333
vt 0.625000 0.833333
vt 0.687500 0.833333
vt 0.750000 0.833333
vt 0.812500 0.833333
vt 0.875000 0.833333
vt 0.000000 0.833333
vt 0.062500 1.000000
vt 0.062500 0.833333
vt 0.125000 1.000000
vt 0.125000 0.833333
vt 0.437500 0.833333
vt 0.687500 0.833333
vt 0.500000 0.000000
vt 0.437500 0.000000
vt 0.000000 0.166667
vt 0.112474 1.000000
vt 0.075026 1.000000
vt 0.262526 1.000000
vt 0.262526 1.000000
vt 0.924974 1.000000
vt 0.887526 1.000000
vt 0.299974 1.000000
vt 0.450026 1.000000
vt 0.487474 1.000000
vt 0.450026 1.000000
vt 0.487474 1.000000
vt 0.637526 1.000000
vt 0.674974 1.000000
vt 0.637526 1.000000
vt 0.825026 1.000000
vt 0.862474 1.000000
vt 0.825026 1.000000
vt 0.890230 0.000000
vt 0.922270 0.000000
vt 0.922270 0.000000
vt 0.827730 0.000000
vt 0.859770 0.000000
vt 0.859770 0.000000
vt 0.827730 0.000000
vt 0.765230 0.000000
vt 0.797270 0.000000
vt 0.797270 0.000000
vt 0.765230 0.000000
vt 0.702730 0.000000
vt 0.734770 0.000000
vt 0.734770 0.000000
vt 0.702730 0.000000
vt 0.640230 0.000000
vt 0.672270 0.000000
vt 0.577730 0.000000
vt 0.609770 0.000000
vt 0.609770 0.000000
vt 0.515230 0.000000
vt 0.547270 0.000000
vt 0.452730 0.000000
vt 0.484770 0.000000
vt 0.484770 0.000000
vt 0.390230 0.000000
vt 0.422270 0.000000
vt 0.422270 0.000000
vt 0.327730 0.000000
vt 0.359770 0.000000
vt 0.359770 0.000000
vt 0.327730 0.000000
vt 0.265230 0.000000
vt 0.297270 0.000000
vt 0.265230 0.000000
vt 0.202730 0.000000
vt 0.234770 0.000000
vt 0.202730 0.000000
vt 0.140230 0.000000
vt 0.172270 0.000000
vt 0.140230 0.000000
vt 0.077730 0.000000
vt 0.109770 0.000000
vt 0.109770 0.000000
vt 0.077730 0.000000
vt 0.015230 0.000000
vt 0.047270 0.000000
vt 0.015230 0.000000
vt 0.952730 0.000000
vt 0.984770 0.000000
vt 0.952730 0.000000
vt 0.200026 1.000000
vt 0.237474 1.000000
vt 1.000000 0.034438
vt 1.000000 0.132229
vt 1.000000 0.034438
vt 1.000000 0.166667
vt 1.000000 0.333333
vt 1.000000 0.367771
vt 1.000000 0.465562
vt 1.000000 0.465562
vt 1.000000 0.500000
vt 1.000000 0.666667
vt 1.000000 0.666667
vt 1.000000 0.701104
vt 1.000000 0.798896
vt 1.000000 0.798895
vt 1.000000 0.701105
vt 0.000000 0.939804
vt 0.000000 0.893529
vt 0.000000 0.893529
vt 0.000000 0.666667
vt 0.000000 0.606471
vt 0.000000 0.560196
vt 0.000000 0.500000
vt 0.000000 0.333333
vt 0.000000 0.333333
vt 0.000000 0.273138
vt 0.000000 0.226862
vt 1.000000 0.166667
vt 1.000000 0.333333
vt 1.000000 0.666667
vt 0.000000 0.333333
vt 0.875000 0.166667
vt 0.937500 0.166667
vt 0.875000 0.333333
vt 0.937500 0.333333
vt 0.875000 0.500000
vt 0.937500 0.500000
vt 0.875000 0.666667
vt 0.937500 0.666667
vt 0.812500 0.166667
vt 0.812500 0.333333
vt 0.812500 0.500000
vt 0.812500 0.666667
vt 0.750000 0.166667
vt 0.750000 0.333333
vt 0.750000 0.500000
vt 0.750000 0.666667
vt 0.687500 0.166667
vt 0.687500 0.333333
vt 0.687500 0.500000
vt 0.687500 0.666667
vt 0.625000 0.166667
vt 0.625000 0.333333
vt 0.625000 0.500000
vt 0.625000 0.666667
vt 0.562500 0.166667
vt 0.562500 0.333333
vt 0.562500 0.500000
vt 0.562500 0.666667
vt 0.500000 0.166667
vt 0.500000 0.333333
vt 0.500000 0.500000
vt 0.500000 0.666667
vt 0.437500 0.166667
vt 0.437500 0.333333
vt 0.437500 0.500000
vt 0.437500 0.666667
vt 0.375000 0.166667
vt 0.375000 0.333333
vt 0.375000 0.500000
vt 0.375000 0.666667
vt 0.312500 0.166667
vt 0.312500 0.333333
vt 0.312500 0.500000
vt 0.312500 0.666667
vt 0.250000 0.166667
vt 0.250000 0.333333
vt 0.250000 0.500000
vt 0.250000 0.666667
vt 0.187500 0.166667
vt 0.187500 0.333333
vt 0.187500 0.500000
vt 0.187500 0.666667
vt 0.125000 0.166667
vt 0.125000 0.333333
vt 0.125000 0.500000
vt 0.125000 0.666667
vt 0.062500 0.166667
vt 0.062500 0.333333
vt 0.062500 0.500000
vt 0.062500 0.666667
vt 0.937500 0.166667
vt 0.875000 0.166667
vt 0.937500 0.333333
vt 0.875000 0.333333
vt 0.937500 0.666667
vt 0.875000 0.666667
vt 0.812500 0.166667
vt 0.812500 0.333333
vt 0.812500 0.666667
vt 0.750000 0.166667
vt 0.750000 0.333333
vt 0.750000 0.666667
vt 0.687500 0.166667
vt 0.687500 0.333333
vt 0.687500 0.666667
vt 0.625000 0.166667
vt 0.625000 0.333333
vt 0.625000 0.666667
vt 0.562500 0.166667
vt 0.562500 0.333333
vt 0.562500 0.666667
vt 0.500000 0.166667
vt 0.500000 0.333333
vt 0.500000 0.666667
vt 0.437500 0.166667
vt 0.437500 0.333333
vt 0.437500 0.666667
vt 0.375000 0.166667
vt 0.375000 0.333333
vt 0.375000 0.666667
vt 0.312500 0.166667
vt 0.312500 0.333333
vt 0.312500 0.666667
vt 0.250000 0.166667
vt 0.250000 0.333333
vt 0.250000 0.666667
vt 0.187500 0.166667
vt 0.187500 0.333333
vt 0.187500 0.666667
vt 0.125000 0.166667
vt 0.125000 0.333333
vt 0.125000 0.500000
vt 0.125000 0.666667
vt 0.062500 0.166667
vt 0.062500 0.333333
vt 0.062500 0.500000
vt 0.062500 0.666667
vt 0.000000 0.333333
vt 0.000000 0.666667
vt 1.000000 0.333333
vt 1.000000 0.166667
vt 1.000000 0.333333
vt 1.000000 0.666667
vt 0.000000 0.666667
vt 0.000000 0.859091
vt 0.000000 0.974242
vt 0.000000 0.859091
vt 0.000000 0.974242
vt 0.000000 0.525758
vt 0.000000 0.640909
vt 0.000000 0.192424
vt 0.000000 0.307576
vt 0.000000 0.192424
vt 0.000000 0.307576
vt 0.075026 1.000000
vt 0.137526 1.000000
vt 0.174974 1.000000
vt 0.137526 1.000000
vt 0.174974 1.000000
vt 0.200026 1.000000
vt 0.237474 1.000000
vt 0.325026 1.000000
vt 0.362474 1.000000
vt 0.325026 1.000000
vt 0.387526 1.000000
vt 0.424974 1.000000
vt 0.387526 1.000000
vt 0.424974 1.000000
vt 0.512526 1.000000
vt 0.549974 1.000000
vt 0.549974 1.000000
vt 0.575026 1.000000
vt 0.612474 1.000000
vt 0.575026 1.000000
vt 0.700026 1.000000
vt 0.737474 1.000000
vt 0.700026 1.000000
vt 0.762526 1.000000
vt 0.799974 1.000000
vt 0.762526 1.000000
vt 0.887526 1.000000
vt 0.924974 1.000000
vt 0.950026 1.000000
vt 0.987474 1.000000
vt 0.950026 1.000000
vt 0.987474 1.000000
vt 0.012526 1.000000
vt 0.049974 1.000000
vt 0.012526 1.000000
s 0
usemtl A13
f 1066/454/143 668/455/143 636/456/143 880/457/143
f 713/458/144 642/459/144 650/459/144 773/458/144
f 1086/460/145 837/456/145 640/456/145 890/457/145
f 1081/461/146 838/459/146 638/459/146 885/462/146
f 868/463/147 870/464/147 637/464/147 712/463/147
f 853/465/148 869/466/148 639/466/148 697/467/148
f 995/468/144 900/469/144 644/456/144 728/470/144
f 885/462/143 638/459/143 646/459/143 905/471/143
f 728/470/144 644/456/144 652/456/144 788/470/144
f 890/457/143 640/456/143 648/456/143 910/460/143
f 910/460/145 648/456/145 652/456/145 920/460/145
f 905/471/146 646/459/146 650/459/146 915/471/146
f 772/472/147 645/464/147 649/464/147 802/473/147
f 757/465/148 647/466/148 651/466/148 787/465/148
f 712/463/143 637/464/143 645/464/143 772/472/143
f 697/467/143 639/466/143 647/466/143 757/465/143
f 896/474/144 643/466/144 651/466/144 916/475/144
f 891/476/144 641/464/144 649/464/144 911/477/144
f 638/459/143 683/458/143 743/458/143 646/459/143
f 683/458/143 684/478/143 744/478/143 743/458/143
f 684/478/143 685/479/143 745/479/143 744/478/143
f 685/479/143 686/480/143 746/480/143 745/479/143
f 686/480/143 687/481/143 747/481/143 746/480/143
f 687/481/143 688/482/143 748/482/143 747/481/143
f 688/482/143 689/483/143 749/483/143 748/482/143
f 689/483/143 690/484/143 750/484/143 749/483/143
f 690/484/143 691/485/143 751/485/143 750/484/143
f 691/485/143 692/486/143 752/486/143 751/485/143
f 692/486/143 693/487/143 753/487/143 752/486/143
f 693/487/143 694/488/143 754/488/143 753/487/143
f 694/488/143 695/489/143 755/490/143 754/488/143
f 695/489/143 696/491/143 756/492/143 755/490/143
f 696/491/143 697/467/143 757/465/143 756/492/143
f 640/456/143 698/470/143 758/470/143 648/456/143
f 698/470/143 699/493/143 759/493/143 758/470/143
f 699/493/143 700/494/143 760/494/143 759/493/143
f 700/494/143 701/495/143 761/495/143 760/494/143
f 701/495/143 702/496/143 762/496/143 761/495/143
f 702/496/143 703/497/143 763/497/143 762/496/143
f 703/497/143 704/498/143 764/498/143 763/497/143
f 704/498/143 705/499/143 765/499/143 764/498/143
f 705/499/143 706/500/143 766/500/143 765/499/143
f 706/500/143 707/501/143 767/501/143 766/500/143
f 707/501/143 708/502/143 768/502/143 767/501/143
f 708/502/143 709/503/143 769/503/143 768/502/143
f 709/503/143 710/504/143 770/505/143 769/503/143
f 710/504/143 711/506/143 771/507/143 770/505/143
f 711/506/143 712/463/143 772/472/143 771/507/143
f 646/459/148 743/458/148 773/458/148 650/459/148
f 743/458/148 744/478/148 774/478/148 773/458/148
f 744/478/148 745/479/148 775/479/148 774/478/148
f 745/479/148 746/480/148 776/480/148 775/479/148
f 746/480/148 747/481/148 777/481/148 776/480/148
f 747/481/148 748/482/148 778/482/148 777/481/148
f 748/482/148 749/483/148 779/483/148 778/482/148
f 749/483/148 750/484/148 780/484/148 779/483/148
f 750/484/148 751/485/148 781/485/148 780/484/148
f 751/485/148 752/486/148 782/486/148 781/485/148
f 752/486/148 753/487/148 783/487/148 782/486/148
f 753/487/148 754/488/148 784/488/148 783/487/148
f 754/488/148 755/490/148 785/490/148 784/488/148
f 755/490/148 756/492/148 786/508/148 785/490/148
f 756/492/148 757/465/148 787/465/148 786/508/148
f 648/456/147 758/470/147 788/470/147 652/456/147
f 758/470/147 759/493/147 789/493/147 788/470/147
f 759/493/147 760/494/147 790/494/147 789/493/147
f 760/494/147 761/495/147 791/495/147 790/494/147
f 761/495/147 762/496/147 792/496/147 791/495/147
f 762/496/147 763/497/147 793/497/147 792/496/147
f 763/497/147 764/498/147 794/498/147 793/497/147
f 764/498/147 765/499/147 795/499/147 794/498/147
f 765/499/147 766/500/147 796/500/147 795/499/147
f 766/500/147 767/501/147 797/501/147 796/500/147
f 767/501/147 768/502/147 798/502/147 797/501/147
f 768/502/147 769/503/147 799/503/147 798/502/147
f 769/503/147 770/505/147 800/504/147 799/503/147
f 770/505/147 771/507/147 801/507/147 800/504/147
f 771/507/147 772/472/147 802/473/147 801/507/147
f 641/464/144 742/463/144 802/473/144 649/464/144
f 742/463/144 741/506/144 801/507/144 802/473/144
f 741/506/144 740/504/144 800/504/144 801/507/144
f 740/504/144 739/503/144 799/503/144 800/504/144
f 739/503/144 738/502/144 798/502/144 799/503/144
f 738/502/144 737/501/144 797/501/144 798/502/144
f 737/501/144 736/500/144 796/500/144 797/501/144
f 736/500/144 735/499/144 795/499/144 796/500/144
f 735/499/144 734/498/144 794/498/144 795/499/144
f 734/498/144 733/497/144 793/497/144 794/498/144
f 733/497/144 732/496/144 792/496/144 793/497/144
f 732/496/144 731/495/144 791/495/144 792/496/144
f 731/495/144 730/494/144 790/494/144 791/495/144
f 730/494/144 729/509/144 789/493/144 790/494/144
f 729/509/144 728/470/144 788/470/144 789/493/144
f 891/476/144 925/510/144 742/463/144 641/464/144
f 925/510/144 930/511/144 741/506/144 742/463/144
f 930/511/144 935/512/144 740/504/144 741/506/144
f 935/512/144 940/513/144 739/503/144 740/504/144
f 940/513/144 945/514/144 738/502/144 739/503/144
f 945/514/144 950/515/144 737/501/144 738/502/144
f 950/515/144 955/516/144 736/500/144 737/501/144
f 955/516/144 960/517/144 735/499/144 736/500/144
f 960/517/144 965/518/144 734/498/144 735/499/144
f 965/518/144 970/519/144 733/497/144 734/498/144
f 970/519/144 975/520/144 732/496/144 733/497/144
f 975/520/144 980/521/144 731/495/144 732/496/144
f 980/521/144 985/522/144 730/494/144 731/495/144
f 985/522/144 990/523/144 729/509/144 730/494/144
f 990/523/144 995/468/144 728/470/144 729/509/144
f 838/459/148 839/458/148 683/458/148 638/459/148
f 839/458/148 840/478/148 684/478/148 683/458/148
f 840/478/148 841/479/148 685/479/148 684/478/148
f 841/479/148 842/480/148 686/480/148 685/479/148
f 842/480/148 843/481/148 687/481/148 686/480/148
f 843/481/148 844/482/148 688/482/148 687/481/148
f 844/482/148 845/483/148 689/483/148 688/482/148
f 845/483/148 846/484/148 690/484/148 689/483/148
f 846/484/148 847/485/148 691/485/148 690/484/148
f 847/485/148 848/486/148 692/486/148 691/485/148
f 848/486/148 849/487/148 693/487/148 692/486/148
f 849/487/148 850/488/148 694/488/148 693/487/148
f 850/488/148 851/489/148 695/489/148 694/488/148
f 851/489/148 852/508/148 696/491/148 695/489/148
f 852/508/148 853/465/148 697/467/148 696/491/148
f 837/456/147 854/455/147 698/470/147 640/456/147
f 854/455/147 855/493/147 699/493/147 698/470/147
f 855/493/147 856/494/147 700/494/147 699/493/147
f 856/494/147 857/495/147 701/495/147 700/494/147
f 857/495/147 858/496/147 702/496/147 701/495/147
f 858/496/147 859/497/147 703/497/147 702/496/147
f 859/497/147 860/498/147 704/498/147 703/497/147
f 860/498/147 861/499/147 705/499/147 704/498/147
f 861/499/147 862/500/147 706/500/147 705/499/147
f 862/500/147 863/501/147 707/501/147 706/500/147
f 863/501/147 864/502/147 708/502/147 707/501/147
f 864/502/147 865/503/147 709/503/147 708/502/147
f 865/503/147 866/504/147 710/504/147 709/503/147
f 866/504/147 867/506/147 711/506/147 710/504/147
f 867/506/147 868/463/147 712/463/147 711/506/147
f 643/466/144 727/467/144 787/465/144 651/466/144
f 727/467/144 726/508/144 786/508/144 787/465/144
f 726/508/144 725/489/144 785/490/144 786/508/144
f 725/489/144 724/488/144 784/488/144 785/490/144
f 724/488/144 723/487/144 783/487/144 784/488/144
f 723/487/144 722/486/144 782/486/144 783/487/144
f 722/486/144 721/485/144 781/485/144 782/486/144
f 721/485/144 720/484/144 780/484/144 781/485/144
f 720/484/144 719/483/144 779/483/144 780/484/144
f 719/483/144 718/482/144 778/482/144 779/483/144
f 718/482/144 717/481/144 777/481/144 778/482/144
f 717/481/144 716/480/144 776/480/144 777/481/144
f 716/480/144 715/479/144 775/479/144 776/480/144
f 715/479/144 714/478/144 774/478/144 775/479/144
f 714/478/144 713/458/144 773/458/144 774/478/144
f 871/524/143 635/464/143 682/525/143 996/526/143
f 996/526/143 682/525/143 681/527/143 1001/528/143
f 1001/528/143 681/527/143 680/504/143 1006/512/143
f 1006/512/143 680/504/143 679/503/143 1011/513/143
f 1011/513/143 679/503/143 678/502/143 1016/514/143
f 1016/514/143 678/502/143 677/501/143 1021/515/143
f 1021/515/143 677/501/143 676/500/143 1026/529/143
f 1026/529/143 676/500/143 675/499/143 1031/517/143
f 1031/517/143 675/499/143 674/498/143 1036/518/143
f 1036/518/143 674/498/143 673/497/143 1041/519/143
f 1041/519/143 673/497/143 672/496/143 1046/530/143
f 1046/530/143 672/496/143 671/495/143 1051/521/143
f 1051/521/143 671/495/143 670/494/143 1056/522/143
f 1056/522/143 670/494/143 669/493/143 1061/523/143
f 1061/523/143 669/493/143 668/455/143 1066/454/143
f 681/527/147 682/525/147 836/525/147 835/527/147
f 680/504/147 681/527/147 835/527/147 834/504/147
f 679/503/147 680/504/147 834/504/147 833/503/147
f 678/502/147 679/503/147 833/503/147 832/502/147
f 677/501/147 678/502/147 832/502/147 831/501/147
f 676/500/147 677/501/147 831/501/147 830/500/147
f 675/499/147 676/500/147 830/500/147 829/499/147
f 674/498/147 675/499/147 829/499/147 828/498/147
f 673/497/147 674/498/147 828/498/147 827/497/147
f 672/496/147 673/497/147 827/497/147 826/496/147
f 671/495/147 672/496/147 826/496/147 825/495/147
f 670/494/147 671/495/147 825/495/147 824/494/147
f 669/493/147 670/494/147 824/494/147 823/493/147
f 668/455/147 669/493/147 823/493/147 822/455/147
f 636/456/147 668/455/147 822/455/147 803/456/147
f 666/508/148 667/465/148 821/465/148 820/508/148
f 665/489/148 666/508/148 820/508/148 819/489/148
f 664/488/148 665/489/148 819/489/148 818/488/148
f 663/487/148 664/488/148 818/488/148 817/487/148
f 662/486/148 663/487/148 817/487/148 816/486/148
f 661/485/148 662/486/148 816/486/148 815/485/148
f 660/531/148 661/485/148 815/485/148 814/531/148
f 659/532/148 660/531/148 814/531/148 813/483/148
f 658/482/148 659/532/148 813/483/148 812/482/148
f 657/481/148 658/482/148 812/482/148 811/481/148
f 656/480/148 657/481/148 811/481/148 810/480/148
f 655/479/148 656/480/148 810/480/148 809/479/148
f 654/478/148 655/479/148 809/479/148 808/478/148
f 653/458/148 654/478/148 808/478/148 807/458/148
f 633/459/148 653/458/148 807/458/148 805/459/148
f 667/465/148 634/466/148 804/466/148 821/465/148
f 682/525/147 635/464/147 806/464/147 836/525/147
f 875/533/146 633/459/146 805/459/146 1071/461/146
f 880/457/145 636/456/145 803/456/145 1076/460/145
f 1191/534/144 1192/535/144 1255/535/144 1256/534/144
f 1204/536/145 1205/537/145 1270/537/145 1267/536/145
f 1243/538/144 1244/539/144 1307/539/144 1308/538/144
f 1206/540/146 1203/540/146 1268/540/146 1269/540/146
f 1217/541/143 1218/542/143 1281/542/143 1282/541/143
f 1203/540/144 1204/536/144 1267/536/144 1268/540/144
f 1216/543/145 1217/541/145 1282/541/145 1279/543/145
f 1218/542/146 1215/544/146 1280/544/146 1281/542/146
f 1229/545/143 1230/546/143 1293/546/143 1294/545/143
f 1215/544/144 1216/543/144 1279/543/144 1280/544/144
f 1228/547/145 1229/545/145 1294/545/145 1291/547/145
f 1230/546/146 1227/546/146 1292/546/146 1293/546/146
f 1241/548/143 1242/549/143 1305/549/143 1306/548/143
f 1227/546/144 1228/547/144 1291/547/144 1292/546/144
f 1240/550/145 1241/548/145 1306/548/145 1303/550/145
f 1127/551/148 1128/552/148 1129/553/148 1130/551/148
f 1135/558/148 1136/559/148 1137/560/148 1138/561/148
f 1143/566/148 1144/567/148 1145/567/148 1146/566/148
f 1151/571/148 1152/572/148 1153/572/148 1154/571/148
f 1159/576/148 1160/577/148 1161/578/148 1162/576/148
f 1167/583/148 1168/584/148 1169/584/148 1170/585/148
f 1175/589/148 1176/590/148 1177/590/148 1178/591/148
f 1201/602/143 1202/603/143 1265/603/143 1266/602/143
f 1071/461/146 805/459/146 838/459/146 1081/461/146
f 1076/460/145 803/456/145 837/456/145 1086/460/145
f 1080/607/145 1079/608/145 1089/608/145 1090/607/145
f 1078/612/145 1077/613/145 1087/614/145 1088/612/145
f 1075/477/146 1074/622/146 1084/622/146 1085/477/146
f 1073/625/146 1072/626/146 1082/627/146 1083/625/146
f 634/466/145 876/630/145 1080/607/145 804/466/145
f 876/630/145 877/631/145 1079/608/145 1080/607/145
f 877/631/145 878/612/145 1078/612/145 1079/608/145
f 878/612/145 879/632/145 1077/613/145 1078/612/145
f 879/632/145 880/457/145 1076/460/145 1077/613/145
f 635/464/146 871/524/146 1075/477/146 806/464/146
f 871/524/146 872/622/146 1074/622/146 1075/477/146
f 872/622/146 873/625/146 1073/625/146 1074/622/146
f 873/625/146 874/633/146 1072/626/146 1073/625/146
f 874/633/146 875/533/146 1071/461/146 1072/626/146
f 666/508/143 1065/634/143 1070/635/143 667/465/143
f 1065/634/143 1064/636/143 1069/637/143 1070/635/143
f 1064/636/143 1063/638/143 1068/639/143 1069/637/143
f 1063/638/143 1062/640/143 1067/641/143 1068/639/143
f 1062/640/143 1061/523/143 1066/454/143 1067/641/143
f 665/489/143 1060/642/143 1065/634/143 666/508/143
f 1060/642/143 1059/643/143 1064/636/143 1065/634/143
f 1059/643/143 1058/644/143 1063/638/143 1064/636/143
f 1058/644/143 1057/645/143 1062/640/143 1063/638/143
f 1057/645/143 1056/522/143 1061/523/143 1062/640/143
f 664/488/143 1055/646/143 1060/642/143 665/489/143
f 1055/646/143 1054/647/143 1059/643/143 1060/642/143
f 1054/647/143 1053/648/143 1058/644/143 1059/643/143
f 1053/648/143 1052/649/143 1057/645/143 1058/644/143
f 1052/649/143 1051/521/143 1056/522/143 1057/645/143
f 663/487/143 1050/650/143 1055/646/143 664/488/143
f 1050/650/143 1049/651/143 1054/647/143 1055/646/143
f 1049/651/143 1048/652/143 1053/648/143 1054/647/143
f 1048/652/143 1047/653/143 1052/649/143 1053/648/143
f 1047/653/143 1046/530/143 1051/521/143 1052/649/143
f 662/486/143 1045/654/143 1050/650/143 663/487/143
f 1045/654/143 1044/655/143 1049/651/143 1050/650/143
f 1044/655/143 1043/656/143 1048/652/143 1049/651/143
f 1043/656/143 1042/657/143 1047/653/143 1048/652/143
f 1042/657/143 1041/519/143 1046/530/143 1047/653/143
f 661/485/143 1040/658/143 1045/654/143 662/486/143
f 1040/658/143 1039/659/143 1044/655/143 1045/654/143
f 1039/659/143 1038/660/143 1043/656/143 1044/655/143
f 1038/660/143 1037/661/143 1042/657/143 1043/656/143
f 1037/661/143 1036/518/143 1041/519/143 1042/657/143
f 660/531/143 1035/662/143 1040/658/143 661/485/143
f 1035/662/143 1034/663/143 1039/659/143 1040/658/143
f 1034/663/143 1033/664/143 1038/660/143 1039/659/143
f 1033/664/143 1032/665/143 1037/661/143 1038/660/143
f 1032/665/143 1031/517/143 1036/518/143 1037/661/143
f 659/532/143 1030/666/143 1035/662/143 660/531/143
f 1030/666/143 1029/667/143 1034/663/143 1035/662/143
f 1029/667/143 1028/668/143 1033/664/143 1034/663/143
f 1028/668/143 1027/669/143 1032/665/143 1033/664/143
f 1027/669/143 1026/529/143 1031/517/143 1032/665/143
f 658/482/143 1025/670/143 1030/666/143 659/532/143
f 1025/670/143 1024/671/143 1029/667/143 1030/666/143
f 1024/671/143 1023/672/143 1028/668/143 1029/667/143
f 1023/672/143 1022/673/143 1027/669/143 1028/668/143
f 1022/673/143 1021/515/143 1026/529/143 1027/669/143
f 657/481/143 1020/674/143 1025/670/143 658/482/143
f 1020/674/143 1019/675/143 1024/671/143 1025/670/143
f 1019/675/143 1018/676/143 1023/672/143 1024/671/143
f 1018/676/143 1017/677/143 1022/673/143 1023/672/143
f 1017/677/143 1016/514/143 1021/515/143 1022/673/143
f 656/480/143 1015/678/143 1020/674/143 657/481/143
f 1015/678/143 1014/679/143 1019/675/143 1020/674/143
f 1014/679/143 1013/680/143 1018/676/143 1019/675/143
f 1013/680/143 1012/681/143 1017/677/143 1018/676/143
f 1012/681/143 1011/513/143 1016/514/143 1017/677/143
f 655/479/143 1010/682/143 1015/678/143 656/480/143
f 1010/682/143 1009/683/143 1014/679/143 1015/678/143
f 1009/683/143 1008/684/143 1013/680/143 1014/679/143
f 1008/684/143 1007/685/143 1012/681/143 1013/680/143
f 1007/685/143 1006/512/143 1011/513/143 1012/681/143
f 654/478/143 1005/686/143 1010/682/143 655/479/143
f 1005/686/143 1004/687/143 1009/683/143 1010/682/143
f 1004/687/143 1003/688/143 1008/684/143 1009/683/143
f 1003/688/143 1002/689/143 1007/685/143 1008/684/143
f 1002/689/143 1001/528/143 1006/512/143 1007/685/143
f 653/458/143 1000/690/143 1005/686/143 654/478/143
f 1000/690/143 999/691/143 1004/687/143 1005/686/143
f 999/691/143 998/692/143 1003/688/143 1004/687/143
f 998/692/143 997/693/143 1002/689/143 1003/688/143
f 997/693/143 996/526/143 1001/528/143 1002/689/143
f 633/459/143 875/533/143 1000/690/143 653/458/143
f 875/533/143 874/633/143 999/691/143 1000/690/143
f 874/633/143 873/625/143 998/692/143 999/691/143
f 873/625/143 872/622/143 997/693/143 998/692/143
f 872/622/143 871/524/143 996/526/143 997/693/143
f 726/508/144 727/467/144 991/694/144 986/695/144
f 986/695/144 991/694/144 992/696/144 987/697/144
f 987/697/144 992/696/144 993/639/144 988/638/144
f 988/638/144 993/639/144 994/698/144 989/699/144
f 989/699/144 994/698/144 995/468/144 990/523/144
f 725/489/144 726/508/144 986/695/144 981/700/144
f 981/700/144 986/695/144 987/697/144 982/701/144
f 982/701/144 987/697/144 988/638/144 983/644/144
f 983/644/144 988/638/144 989/699/144 984/702/144
f 984/702/144 989/699/144 990/523/144 985/522/144
f 724/488/144 725/489/144 981/700/144 976/703/144
f 976/703/144 981/700/144 982/701/144 977/704/144
f 977/704/144 982/701/144 983/644/144 978/648/144
f 978/648/144 983/644/144 984/702/144 979/705/144
f 979/705/144 984/702/144 985/522/144 980/521/144
f 723/487/144 724/488/144 976/703/144 971/706/144
f 971/706/144 976/703/144 977/704/144 972/707/144
f 972/707/144 977/704/144 978/648/144 973/652/144
f 973/652/144 978/648/144 979/705/144 974/708/144
f 974/708/144 979/705/144 980/521/144 975/520/144
f 722/486/144 723/487/144 971/706/144 966/709/144
f 966/709/144 971/706/144 972/707/144 967/710/144
f 967/710/144 972/707/144 973/652/144 968/656/144
f 968/656/144 973/652/144 974/708/144 969/711/144
f 969/711/144 974/708/144 975/520/144 970/519/144
f 721/485/144 722/486/144 966/709/144 961/712/144
f 961/712/144 966/709/144 967/710/144 962/713/144
f 962/713/144 967/710/144 968/656/144 963/660/144
f 963/660/144 968/656/144 969/711/144 964/714/144
f 964/714/144 969/711/144 970/519/144 965/518/144
f 720/484/144 721/485/144 961/712/144 956/715/144
f 956/715/144 961/712/144 962/713/144 957/716/144
f 957/716/144 962/713/144 963/660/144 958/664/144
f 958/664/144 963/660/144 964/714/144 959/717/144
f 959/717/144 964/714/144 965/518/144 960/517/144
f 719/483/144 720/484/144 956/715/144 951/718/144
f 951/718/144 956/715/144 957/716/144 952/719/144
f 952/719/144 957/716/144 958/664/144 953/668/144
f 953/668/144 958/664/144 959/717/144 954/720/144
f 954/720/144 959/717/144 960/517/144 955/516/144
f 718/482/144 719/483/144 951/718/144 946/721/144
f 946/721/144 951/718/144 952/719/144 947/722/144
f 947/722/144 952/719/144 953/668/144 948/672/144
f 948/672/144 953/668/144 954/720/144 949/723/144
f 949/723/144 954/720/144 955/516/144 950/515/144
f 717/481/144 718/482/144 946/721/144 941/724/144
f 941/724/144 946/721/144 947/722/144 942/725/144
f 942/725/144 947/722/144 948/672/144 943/676/144
f 943/676/144 948/672/144 949/723/144 944/726/144
f 944/726/144 949/723/144 950/515/144 945/514/144
f 716/480/144 717/481/144 941/724/144 936/727/144
f 936/727/144 941/724/144 942/725/144 937/728/144
f 937/728/144 942/725/144 943/676/144 938/680/144
f 938/680/144 943/676/144 944/726/144 939/729/144
f 939/729/144 944/726/144 945/514/144 940/513/144
f 715/479/144 716/480/144 936/727/144 931/730/144
f 931/730/144 936/727/144 937/728/144 932/731/144
f 932/731/144 937/728/144 938/680/144 933/684/144
f 933/684/144 938/680/144 939/729/144 934/732/144
f 934/732/144 939/729/144 940/513/144 935/512/144
f 714/478/144 715/479/144 931/730/144 926/733/144
f 926/733/144 931/730/144 932/731/144 927/734/144
f 927/734/144 932/731/144 933/684/144 928/735/144
f 928/735/144 933/684/144 934/732/144 929/736/144
f 929/736/144 934/732/144 935/512/144 930/511/144
f 713/458/144 714/478/144 926/733/144 921/737/144
f 921/737/144 926/733/144 927/734/144 922/738/144
f 922/738/144 927/734/144 928/735/144 923/739/144
f 923/739/144 928/735/144 929/736/144 924/740/144
f 924/740/144 929/736/144 930/511/144 925/510/144
f 642/459/144 713/458/144 921/737/144 895/471/144
f 895/471/144 921/737/144 922/738/144 894/741/144
f 894/741/144 922/738/144 923/739/144 893/625/144
f 893/625/144 923/739/144 924/740/144 892/742/144
f 892/742/144 924/740/144 925/510/144 891/476/144
f 642/459/144 895/471/144 915/471/144 650/459/144
f 895/471/144 894/741/144 914/741/144 915/471/144
f 894/741/144 893/625/144 913/625/144 914/741/144
f 893/625/144 892/742/144 912/742/144 913/625/144
f 892/742/144 891/476/144 911/477/144 912/742/144
f 644/456/144 900/469/144 920/460/144 652/456/144
f 900/469/144 899/632/144 919/632/144 920/460/144
f 899/632/144 898/612/144 918/612/144 919/632/144
f 898/612/144 897/743/144 917/631/144 918/612/144
f 897/743/144 896/474/144 916/475/144 917/631/144
f 645/464/146 901/477/146 911/477/146 649/464/146
f 901/477/146 902/742/146 912/742/146 911/477/146
f 902/742/146 903/625/146 913/625/146 912/742/146
f 903/625/146 904/741/146 914/741/146 913/625/146
f 904/741/146 905/471/146 915/471/146 914/741/146
f 647/466/145 906/744/145 916/475/145 651/466/145
f 906/744/145 907/743/145 917/631/145 916/475/145
f 907/743/145 908/612/145 918/612/145 917/631/145
f 908/612/145 909/632/145 919/632/145 918/612/145
f 909/632/145 910/460/145 920/460/145 919/632/145
f 639/466/143 886/607/143 906/744/143 647/466/143
f 886/607/143 887/745/143 907/743/143 906/744/143
f 887/745/143 888/612/143 908/612/143 907/743/143
f 888/612/143 889/746/143 909/632/143 908/612/143
f 889/746/143 890/457/143 910/460/143 909/632/143
f 637/464/143 881/476/143 901/477/143 645/464/143
f 881/476/143 882/747/143 902/742/143 901/477/143
f 882/747/143 883/625/143 903/625/143 902/742/143
f 883/625/143 884/741/143 904/741/143 903/625/143
f 884/741/143 885/462/143 905/471/143 904/741/143
f 727/467/144 643/466/144 896/474/144 991/694/144
f 991/694/144 896/474/144 897/743/144 992/696/144
f 992/696/144 897/743/144 898/612/144 993/639/144
f 993/639/144 898/612/144 899/632/144 994/698/144
f 994/698/144 899/632/144 900/469/144 995/468/144
f 870/464/146 1085/477/146 881/476/146 637/464/146
f 1085/477/146 1084/622/146 882/747/146 881/476/146
f 1084/622/146 1083/625/146 883/625/146 882/747/146
f 1083/625/146 1082/627/146 884/741/146 883/625/146
f 1082/627/146 1081/461/146 885/462/146 884/741/146
f 869/466/145 1090/607/145 886/607/145 639/466/145
f 1090/607/145 1089/608/145 887/745/145 886/607/145
f 1089/608/145 1088/612/145 888/612/145 887/745/145
f 1088/612/145 1087/614/145 889/746/145 888/612/145
f 1087/614/145 1086/460/145 890/457/145 889/746/145
f 667/465/143 1070/635/143 876/630/143 634/466/143
f 1070/635/143 1069/637/143 877/631/143 876/630/143
f 1069/637/143 1068/639/143 878/612/143 877/631/143
f 1068/639/143 1067/641/143 879/632/143 878/612/143
f 1067/641/143 1066/454/143 880/457/143 879/632/143
f 806/464/146 1075/477/146 1092/748/146 1091/749/146
f 1075/477/146 1085/477/146 1093/750/146 1092/748/146
f 1085/477/146 870/464/146 1094/751/146 1093/750/146
f 870/464/146 806/464/146 1091/749/146 1094/751/146
f 1074/622/146 1073/625/146 1096/752/146 1095/753/146
f 1073/625/146 1083/625/146 1097/752/146 1096/752/146
f 1083/625/146 1084/622/146 1098/753/146 1097/752/146
f 1084/622/146 1074/622/146 1095/753/146 1098/753/146
f 1072/626/146 1071/461/146 1100/754/146 1099/755/146
f 1071/461/146 1081/461/146 1101/756/146 1100/754/146
f 1081/461/146 1082/627/146 1102/757/146 1101/756/146
f 1082/627/146 1072/626/146 1099/755/146 1102/757/146
f 804/466/145 1080/607/145 1104/605/145 1103/604/145
f 1080/607/145 1090/607/145 1105/605/145 1104/605/145
f 1090/607/145 869/466/145 1106/606/145 1105/605/145
f 869/466/145 804/466/145 1103/604/145 1106/606/145
f 1079/608/145 1078/612/145 1108/610/145 1107/609/145
f 1078/612/145 1088/612/145 1109/611/145 1108/610/145
f 1088/612/145 1089/608/145 1110/609/145 1109/611/145
f 1089/608/145 1079/608/145 1107/609/145 1110/609/145
f 1077/613/145 1076/460/145 1112/616/145 1111/615/145
f 1076/460/145 1086/460/145 1113/617/145 1112/616/145
f 1086/460/145 1087/614/145 1114/618/145 1113/617/145
f 1087/614/145 1077/613/145 1111/615/145 1114/618/145
f 820/508/148 821/465/148 1128/552/148 1127/551/148
f 821/465/148 853/465/148 1129/553/148 1128/552/148
f 853/465/148 852/508/148 1130/551/148 1129/553/148
f 852/508/148 820/508/148 1127/551/148 1130/551/148
f 819/489/148 820/508/148 1132/555/148 1131/554/148
f 820/508/148 852/508/148 1133/556/148 1132/555/148
f 852/508/148 851/489/148 1134/557/148 1133/556/148
f 851/489/148 819/489/148 1131/554/148 1134/557/148
f 818/488/148 819/489/148 1136/559/148 1135/558/148
f 819/489/148 851/489/148 1137/560/148 1136/559/148
f 851/489/148 850/488/148 1138/561/148 1137/560/148
f 850/488/148 818/488/148 1135/558/148 1138/561/148
f 817/487/148 818/488/148 1140/563/148 1139/562/148
f 818/488/148 850/488/148 1141/564/148 1140/563/148
f 850/488/148 849/487/148 1142/565/148 1141/564/148
f 849/487/148 817/487/148 1139/562/148 1142/565/148
f 816/486/148 817/487/148 1144/567/148 1143/566/148
f 817/487/148 849/487/148 1145/567/148 1144/567/148
f 849/487/148 848/486/148 1146/566/148 1145/567/148
f 848/486/148 816/486/148 1143/566/148 1146/566/148
f 815/485/148 816/486/148 1148/569/148 1147/568/148
f 816/486/148 848/486/148 1149/570/148 1148/569/148
f 848/486/148 847/485/148 1150/568/148 1149/570/148
f 847/485/148 815/485/148 1147/568/148 1150/568/148
f 814/531/148 815/485/148 1152/572/148 1151/571/148
f 815/485/148 847/485/148 1153/572/148 1152/572/148
f 847/485/148 846/484/148 1154/571/148 1153/572/148
f 846/484/148 814/531/148 1151/571/148 1154/571/148
f 813/483/148 814/531/148 1156/574/148 1155/573/148
f 814/531/148 846/484/148 1157/575/148 1156/574/148
f 846/484/148 845/483/148 1158/573/148 1157/575/148
f 845/483/148 813/483/148 1155/573/148 1158/573/148
f 812/482/148 813/483/148 1160/577/148 1159/576/148
f 813/483/148 845/483/148 1161/578/148 1160/577/148
f 845/483/148 844/482/148 1162/576/148 1161/578/148
f 844/482/148 812/482/148 1159/576/148 1162/576/148
f 811/481/148 812/482/148 1164/580/148 1163/579/148
f 812/482/148 844/482/148 1165/581/148 1164/580/148
f 844/482/148 843/481/148 1166/582/148 1165/581/148
f 843/481/148 811/481/148 1163/579/148 1166/582/148
f 810/480/148 811/481/148 1168/584/148 1167/583/148
f 811/481/148 843/481/148 1169/584/148 1168/584/148
f 843/481/148 842/480/148 1170/585/148 1169/584/148
f 842/480/148 810/480/148 1167/583/148 1170/585/148
f 809/479/148 810/480/148 1172/587/148 1171/586/148
f 810/480/148 842/480/148 1173/587/148 1172/587/148
f 842/480/148 841/479/148 1174/588/148 1173/587/148
f 841/479/148 809/479/148 1171/586/148 1174/588/148
f 808/478/148 809/479/148 1176/590/148 1175/589/148
f 809/479/148 841/479/148 1177/590/148 1176/590/148
f 841/479/148 840/478/148 1178/591/148 1177/590/148
f 840/478/148 808/478/148 1175/589/148 1178/591/148
f 807/458/148 808/478/148 1180/593/148 1179/592/148
f 808/478/148 840/478/148 1181/594/148 1180/593/148
f 840/478/148 839/458/148 1182/595/148 1181/594/148
f 839/458/148 807/458/148 1179/592/148 1182/595/148
f 805/459/148 807/458/148 1184/597/148 1183/596/148
f 807/458/148 839/458/148 1185/597/148 1184/597/148
f 839/458/148 838/459/148 1186/598/148 1185/597/148
f 838/459/148 805/459/148 1183/596/148 1186/598/148
f 821/465/148 804/466/148 1188/600/148 1187/599/148
f 804/466/148 869/466/148 1189/600/148 1188/600/148
f 869/466/148 853/465/148 1190/601/148 1189/600/148
f 853/465/148 821/465/148 1187/599/148 1190/601/148
f 835/527/147 836/525/147 1192/535/147 1191/534/147
f 836/525/147 868/463/147 1193/758/147 1192/535/147
f 868/463/147 867/506/147 1194/534/147 1193/758/147
f 867/506/147 835/527/147 1191/534/147 1194/534/147
f 834/504/147 835/527/147 1196/759/147 1195/760/147
f 835/527/147 867/506/147 1197/761/147 1196/759/147
f 867/506/147 866/504/147 1198/762/147 1197/761/147
f 866/504/147 834/504/147 1195/760/147 1198/762/147
f 833/503/147 834/504/147 1200/763/147 1199/764/147
f 834/504/147 866/504/147 1201/602/147 1200/763/147
f 866/504/147 865/503/147 1202/603/147 1201/602/147
f 865/503/147 833/503/147 1199/764/147 1202/603/147
f 832/502/147 833/503/147 1204/536/147 1203/540/147
f 833/503/147 865/503/147 1205/537/147 1204/536/147
f 865/503/147 864/502/147 1206/540/147 1205/537/147
f 864/502/147 832/502/147 1203/540/147 1206/540/147
f 831/501/147 832/502/147 1208/765/147 1207/766/147
f 832/502/147 864/502/147 1209/767/147 1208/765/147
f 864/502/147 863/501/147 1210/766/147 1209/767/147
f 863/501/147 831/501/147 1207/766/147 1210/766/147
f 830/500/147 831/501/147 1212/768/147 1211/769/147
f 831/501/147 863/501/147 1213/770/147 1212/768/147
f 863/501/147 862/500/147 1214/771/147 1213/770/147
f 862/500/147 830/500/147 1211/769/147 1214/771/147
f 829/499/147 830/500/147 1216/543/147 1215/544/147
f 830/500/147 862/500/147 1217/541/147 1216/543/147
f 862/500/147 861/499/147 1218/542/147 1217/541/147
f 861/499/147 829/499/147 1215/544/147 1218/542/147
f 828/498/147 829/499/147 1220/772/147 1219/773/147
f 829/499/147 861/499/147 1221/772/147 1220/772/147
f 861/499/147 860/498/147 1222/774/147 1221/772/147
f 860/498/147 828/498/147 1219/773/147 1222/774/147
f 827/497/147 828/498/147 1224/775/147 1223/776/147
f 828/498/147 860/498/147 1225/777/147 1224/775/147
f 860/498/147 859/497/147 1226/776/147 1225/777/147
f 859/497/147 827/497/147 1223/776/147 1226/776/147
f 826/496/147 827/497/147 1228/547/147 1227/546/147
f 827/497/147 859/497/147 1229/545/147 1228/547/147
f 859/497/147 858/496/147 1230/546/147 1229/545/147
f 858/496/147 826/496/147 1227/546/147 1230/546/147
f 825/495/147 826/496/147 1232/778/147 1231/779/147
f 826/496/147 858/496/147 1233/780/147 1232/778/147
f 858/496/147 857/495/147 1234/779/147 1233/780/147
f 857/495/147 825/495/147 1231/779/147 1234/779/147
f 824/494/147 825/495/147 1236/781/147 1235/782/147
f 825/495/147 857/495/147 1237/783/147 1236/781/147
f 857/495/147 856/494/147 1238/782/147 1237/783/147
f 856/494/147 824/494/147 1235/782/147 1238/782/147
f 823/493/147 824/494/147 1240/550/147 1239/549/147
f 824/494/147 856/494/147 1241/548/147 1240/550/147
f 856/494/147 855/493/147 1242/549/147 1241/548/147
f 855/493/147 823/493/147 1239/549/147 1242/549/147
f 822/455/147 823/493/147 1244/539/147 1243/538/147
f 823/493/147 855/493/147 1245/784/147 1244/539/147
f 855/493/147 854/455/147 1246/785/147 1245/784/147
f 854/455/147 822/455/147 1243/538/147 1246/785/147
f 803/456/147 822/455/147 1248/786/147 1247/787/147
f 822/455/147 854/455/147 1249/788/147 1248/786/147
f 854/455/147 837/456/147 1250/789/147 1249/788/147
f 837/456/147 803/456/147 1247/787/147 1250/789/147
f 836/525/147 806/464/147 1252/790/147 1251/791/147
f 806/464/147 870/464/147 1253/792/147 1252/790/147
f 870/464/147 868/463/147 1254/791/147 1253/792/147
f 868/463/147 836/525/147 1251/791/147 1254/791/147
f 1256/534/147 1255/535/147 1258/758/147 1257/534/147
f 1260/760/147 1259/759/147 1262/761/147 1261/762/147
f 1264/764/147 1263/763/147 1266/602/147 1265/603/147
f 1268/540/147 1267/536/147 1270/537/147 1269/540/147
f 1272/766/147 1271/765/147 1274/767/147 1273/766/147
f 1276/769/147 1275/768/147 1278/770/147 1277/771/147
f 1280/544/147 1279/543/147 1282/541/147 1281/542/147
f 1284/773/147 1283/772/147 1286/772/147 1285/774/147
f 1288/776/147 1287/775/147 1290/777/147 1289/776/147
f 1292/546/147 1291/547/147 1294/545/147 1293/546/147
f 1296/779/147 1295/778/147 1298/780/147 1297/779/147
f 1300/782/147 1299/781/147 1302/783/147 1301/782/147
f 1304/549/147 1303/550/147 1306/548/147 1305/549/147
f 1308/538/147 1307/539/147 1310/784/147 1309/785/147
f 1312/787/147 1311/786/147 1314/788/147 1313/789/147
f 1316/791/147 1315/790/147 1318/792/147 1317/791/147
f 1246/785/146 1243/538/146 1308/538/146 1309/785/146
f 1205/537/143 1206/540/143 1269/540/143 1270/537/143
f 1194/534/146 1191/534/146 1256/534/146 1257/534/146
f 1244/539/145 1245/784/145 1310/784/145 1307/539/145
f 1231/779/144 1232/778/144 1295/778/144 1296/779/144
f 1192/535/145 1193/758/145 1258/758/145 1255/535/145
f 1245/784/143 1246/785/143 1309/785/143 1310/784/143
f 1234/779/146 1231/779/146 1296/779/146 1297/779/146
f 1193/758/143 1194/534/143 1257/534/143 1258/758/143
f 1232/778/145 1233/780/145 1298/780/145 1295/778/145
f 1219/773/144 1220/772/144 1283/772/144 1284/773/144
f 1233/780/143 1234/779/143 1297/779/143 1298/780/143
f 1222/774/146 1219/773/146 1284/773/146 1285/774/146
f 1220/772/145 1221/772/145 1286/772/145 1283/772/145
f 1207/766/144 1208/765/144 1271/765/144 1272/766/144
f 1221/772/143 1222/774/143 1285/774/143 1286/772/143
f 1210/766/146 1207/766/146 1272/766/146 1273/766/146
f 1247/787/144 1248/786/144 1311/786/144 1312/787/144
f 1208/765/145 1209/767/145 1274/767/145 1271/765/145
f 1195/760/144 1196/759/144 1259/759/144 1260/760/144
f 1250/789/146 1247/787/146 1312/787/146 1313/789/146
f 1209/767/143 1210/766/143 1273/766/143 1274/767/143
f 1198/762/146 1195/760/146 1260/760/146 1261/762/146
f 1248/786/145 1249/788/145 1314/788/145 1311/786/145
f 1235/782/144 1236/781/144 1299/781/144 1300/782/144
f 1196/759/145 1197/761/145 1262/761/145 1259/759/145
f 1249/788/143 1250/789/143 1313/789/143 1314/788/143
f 1238/782/146 1235/782/146 1300/782/146 1301/782/146
f 1197/761/143 1198/762/143 1261/762/143 1262/761/143
f 1236/781/145 1237/783/145 1302/783/145 1299/781/145
f 1223/776/144 1224/775/144 1287/775/144 1288/776/144
f 1237/783/143 1238/782/143 1301/782/143 1302/783/143
f 1226/776/146 1223/776/146 1288/776/146 1289/776/146
f 1224/775/145 1225/777/145 1290/777/145 1287/775/145
f 1211/769/144 1212/768/144 1275/768/144 1276/769/144
f 1225/777/143 1226/776/143 1289/776/143 1290/777/143
f 1214/771/146 1211/769/146 1276/769/146 1277/771/146
f 1251/791/144 1252/790/144 1315/790/144 1316/791/144
f 1212/768/145 1213/770/145 1278/770/145 1275/768/145
f 1199/764/144 1200/763/144 1263/763/144 1264/764/144
f 1254/791/146 1251/791/146 1316/791/146 1317/791/146
f 1213/770/143 1214/771/143 1277/771/143 1278/770/143
f 1202/603/146 1199/764/146 1264/764/146 1265/603/146
f 1252/790/145 1253/792/145 1318/792/145 1315/790/145
f 1239/549/144 1240/550/144 1303/550/144 1304/549/144
f 1200/763/145 1201/602/145 1266/602/145 1263/763/145
f 1253/792/143 1254/791/143 1317/791/143 1318/792/143
f 1242/549/146 1239/549/146 1304/549/146 1305/549/146
f 1752/454/143 1354/455/143 1322/456/143 1566/457/143
f 1399/458/144 1328/459/144 1336/459/144 1459/458/144
f 1772/460/145 1523/456/145 1326/456/145 1576/457/145
f 1767/461/146 1524/459/146 1324/459/146 1571/462/146
f 1554/463/147 1556/464/147 1323/464/147 1398/463/147
f 1539/465/148 1555/466/148 1325/466/148 1383/467/148
f 1681/468/144 1586/469/144 1330/456/144 1414/470/144
f 1571/462/143 1324/459/143 1332/459/143 1591/471/143
f 1414/470/144 1330/456/144 1338/456/144 1474/470/144
f 1576/457/143 1326/456/143 1334/456/143 1596/460/143
f 1596/460/145 1334/456/145 1338/456/145 1606/460/145
f 1591/471/146 1332/459/146 1336/459/146 1601/471/146
f 1458/472/147 1331/464/147 1335/464/147 1488/473/147
f 1443/465/148 1333/466/148 1337/466/148 1473/465/148
f 1398/463/143 1323/464/143 1331/464/143 1458/472/143
f 1383/467/143 1325/466/143 1333/466/143 1443/465/143
f 1582/474/144 1329/466/144 1337/466/144 1602/475/144
f 1577/476/144 1327/464/144 1335/464/144 1597/477/144
f 1324/459/143 1369/458/143 1429/458/143 1332/459/143
f 1369/458/143 1370/478/143 1430/478/143 1429/458/143
f 1370/478/143 1371/479/143 1431/479/143 1430/478/143
f 1371/479/143 1372/480/143 1432/480/143 1431/479/143
f 1372/480/143 1373/481/143 1433/481/143 1432/480/143
f 1373/481/143 1374/482/143 1434/482/143 1433/481/143
f 1374/482/143 1375/483/143 1435/483/143 1434/482/143
f 1375/483/143 1376/484/143 1436/484/143 1435/483/143
f 1376/484/143 1377/485/143 1437/485/143 1436/484/143
f 1377/485/143 1378/486/143 1438/486/143 1437/485/143
f 1378/486/143 1379/487/143 1439/487/143 1438/486/143
f 1379/487/143 1380/488/143 1440/488/143 1439/487/143
f 1380/488/143 1381/489/143 1441/490/143 1440/488/143
f 1381/489/143 1382/491/143 1442/492/143 1441/490/143
f 1382/491/143 1383/467/143 1443/465/143 1442/492/143
f 1326/456/143 1384/470/143 1444/470/143 1334/456/143
f 1384/470/143 1385/493/143 1445/493/143 1444/470/143
f 1385/493/143 1386/494/143 1446/494/143 1445/493/143
f 1386/494/143 1387/495/143 1447/495/143 1446/494/143
f 1387/495/143 1388/496/143 1448/496/143 1447/495/143
f 1388/496/143 1389/497/143 1449/497/143 1448/496/143
f 1389/497/143 1390/498/143 1450/498/143 1449/497/143
f 1390/498/143 1391/499/143 1451/499/143 1450/498/143
f 1391/499/143 1392/500/143 1452/500/143 1451/499/143
f 1392/500/143 1393/501/143 1453/501/143 1452/500/143
f 1393/501/143 1394/502/143 1454/502/143 1453/501/143
f 1394/502/143 1395/503/143 1455/503/143 1454/502/143
f 1395/503/143 1396/504/143 1456/505/143 1455/503/143
f 1396/504/143 1397/506/143 1457/507/143 1456/505/143
f 1397/506/143 1398/463/143 1458/472/143 1457/507/143
f 1332/459/148 1429/458/148 1459/458/148 1336/459/148
f 1429/458/148 1430/478/148 1460/478/148 1459/458/148
f 1430/478/148 1431/479/148 1461/479/148 1460/478/148
f 1431/479/148 1432/480/148 1462/480/148 1461/479/148
f 1432/480/148 1433/481/148 1463/481/148 1462/480/148
f 1433/481/148 1434/482/148 1464/482/148 1463/481/148
f 1434/482/148 1435/483/148 1465/483/148 1464/482/148
f 1435/483/148 1436/484/148 1466/484/148 1465/483/148
f 1436/484/148 1437/485/148 1467/485/148 1466/484/148
f 1437/485/148 1438/486/148 1468/486/148 1467/485/148
f 1438/486/148 1439/487/148 1469/487/148 1468/486/148
f 1439/487/148 1440/488/148 1470/488/148 1469/487/148
f 1440/488/148 1441/490/148 1471/490/148 1470/488/148
f 1441/490/148 1442/492/148 1472/508/148 1471/490/148
f 1442/492/148 1443/465/148 1473/465/148 1472/508/148
f 1334/456/147 1444/470/147 1474/470/147 1338/456/147
f 1444/470/147 1445/493/147 1475/493/147 1474/470/147
f 1445/493/147 1446/494/147 1476/494/147 1475/493/147
f 1446/494/147 1447/495/147 1477/495/147 1476/494/147
f 1447/495/147 1448/496/147 1478/496/147 1477/495/147
f 1448/496/147 1449/497/147 1479/497/147 1478/496/147
f 1449/497/147 1450/498/147 1480/498/147 1479/497/147
f 1450/498/147 1451/499/147 1481/499/147 1480/498/147
f 1451/499/147 1452/500/147 1482/500/147 1481/499/147
f 1452/500/147 1453/501/147 1483/501/147 1482/500/147
f 1453/501/147 1454/502/147 1484/502/147 1483/501/147
f 1454/502/147 1455/503/147 1485/503/147 1484/502/147
f 1455/503/147 1456/505/147 1486/504/147 1485/503/147
f 1456/505/147 1457/507/147 1487/507/147 1486/504/147
f 1457/507/147 1458/472/147 1488/473/147 1487/507/147
f 1327/464/144 1428/463/144 1488/473/144 1335/464/144
f 1428/463/144 1427/506/144 1487/507/144 1488/473/144
f 1427/506/144 1426/504/144 1486/504/144 1487/507/144
f 1426/504/144 1425/503/144 1485/503/144 1486/504/144
f 1425/503/144 1424/502/144 1484/502/144 1485/503/144
f 1424/502/144 1423/501/144 1483/501/144 1484/502/144
f 1423/501/144 1422/500/144 1482/500/144 1483/501/144
f 1422/500/144 1421/499/144 1481/499/144 1482/500/144
f 1421/499/144 1420/498/144 1480/498/144 1481/499/144
f 1420/498/144 1419/497/144 1479/497/144 1480/498/144
f 1419/497/144 1418/496/144 1478/496/144 1479/497/144
f 1418/496/144 1417/495/144 1477/495/144 1478/496/144
f 1417/495/144 1416/494/144 1476/494/144 1477/495/144
f 1416/494/144 1415/509/144 1475/493/144 1476/494/144
f 1415/509/144 1414/470/144 1474/470/144 1475/493/144
f 1577/476/144 1611/510/144 1428/463/144 1327/464/144
f 1611/510/144 1616/511/144 1427/506/144 1428/463/144
f 1616/511/144 1621/512/144 1426/504/144 1427/506/144
f 1621/512/144 1626/513/144 1425/503/144 1426/504/144
f 1626/513/144 1631/514/144 1424/502/144 1425/503/144
f 1631/514/144 1636/515/144 1423/501/144 1424/502/144
f 1636/515/144 1641/516/144 1422/500/144 1423/501/144
f 1641/516/144 1646/517/144 1421/499/144 1422/500/144
f 1646/517/144 1651/518/144 1420/498/144 1421/499/144
f 1651/518/144 1656/519/144 1419/497/144 1420/498/144
f 1656/519/144 1661/520/144 1418/496/144 1419/497/144
f 1661/520/144 1666/521/144 1417/495/144 1418/496/144
f 1666/521/144 1671/522/144 1416/494/144 1417/495/144
f 1671/522/144 1676/523/144 1415/509/144 1416/494/144
f 1676/523/144 1681/468/144 1414/470/144 1415/509/144
f 1524/459/148 1525/458/148 1369/458/148 1324/459/148
f 1525/458/148 1526/478/148 1370/478/148 1369/458/148
f 1526/478/148 1527/479/148 1371/479/148 1370/478/148
f 1527/479/148 1528/480/148 1372/480/148 1371/479/148
f 1528/480/148 1529/481/148 1373/481/148 1372/480/148
f 1529/481/148 1530/482/148 1374/482/148 1373/481/148
f 1530/482/148 1531/483/148 1375/483/148 1374/482/148
f 1531/483/148 1532/484/148 1376/484/148 1375/483/148
f 1532/484/148 1533/485/148 1377/485/148 1376/484/148
f 1533/485/148 1534/486/148 1378/486/148 1377/485/148
f 1534/486/148 1535/487/148 1379/487/148 1378/486/148
f 1535/487/148 1536/488/148 1380/488/148 1379/487/148
f 1536/488/148 1537/489/148 1381/489/148 1380/488/148
f 1537/489/148 1538/508/148 1382/491/148 1381/489/148
f 1538/508/148 1539/465/148 1383/467/148 1382/491/148
f 1523/456/147 1540/455/147 1384/470/147 1326/456/147
f 1540/455/147 1541/493/147 1385/493/147 1384/470/147
f 1541/493/147 1542/494/147 1386/494/147 1385/493/147
f 1542/494/147 1543/495/147 1387/495/147 1386/494/147
f 1543/495/147 1544/496/147 1388/496/147 1387/495/147
f 1544/496/147 1545/497/147 1389/497/147 1388/496/147
f 1545/497/147 1546/498/147 1390/498/147 1389/497/147
f 1546/498/147 1547/499/147 1391/499/147 1390/498/147
f 1547/499/147 1548/500/147 1392/500/147 1391/499/147
f 1548/500/147 1549/501/147 1393/501/147 1392/500/147
f 1549/501/147 1550/502/147 1394/502/147 1393/501/147
f 1550/502/147 1551/503/147 1395/503/147 1394/502/147
f 1551/503/147 1552/504/147 1396/504/147 1395/503/147
f 1552/504/147 1553/506/147 1397/506/147 1396/504/147
f 1553/506/147 1554/463/147 1398/463/147 1397/506/147
f 1329/466/144 1413/467/144 1473/465/144 1337/466/144
f 1413/467/144 1412/508/144 1472/508/144 1473/465/144
f 1412/508/144 1411/489/144 1471/490/144 1472/508/144
f 1411/489/144 1410/488/144 1470/488/144 1471/490/144
f 1410/488/144 1409/487/144 1469/487/144 1470/488/144
f 1409/487/144 1408/486/144 1468/486/144 1469/487/144
f 1408/486/144 1407/485/144 1467/485/144 1468/486/144
f 1407/485/144 1406/484/144 1466/484/144 1467/485/144
f 1406/484/144 1405/483/144 1465/483/144 1466/484/144
f 1405/483/144 1404/482/144 1464/482/144 1465/483/144
f 1404/482/144 1403/481/144 1463/481/144 1464/482/144
f 1403/481/144 1402/480/144 1462/480/144 1463/481/144
f 1402/480/144 1401/479/144 1461/479/144 1462/480/144
f 1401/479/144 1400/478/144 1460/478/144 1461/479/144
f 1400/478/144 1399/458/144 1459/458/144 1460/478/144
f 1557/524/143 1321/464/143 1368/525/143 1682/526/143
f 1682/526/143 1368/525/143 1367/527/143 1687/528/143
f 1687/528/143 1367/527/143 1366/504/143 1692/512/143
f 1692/512/143 1366/504/143 1365/503/143 1697/513/143
f 1697/513/143 1365/503/143 1364/502/143 1702/514/143
f 1702/514/143 1364/502/143 1363/501/143 1707/515/143
f 1707/515/143 1363/501/143 1362/500/143 1712/529/143
f 1712/529/143 1362/500/143 1361/499/143 1717/517/143
f 1717/517/143 1361/499/143 1360/498/143 1722/518/143
f 1722/518/143 1360/498/143 1359/497/143 1727/519/143
f 1727/519/143 1359/497/143 1358/496/143 1732/530/143
f 1732/530/143 1358/496/143 1357/495/143 1737/521/143
f 1737/521/143 1357/495/143 1356/494/143 1742/522/143
f 1742/522/143 1356/494/143 1355/493/143 1747/523/143
f 1747/523/143 1355/493/143 1354/455/143 1752/454/143
f 1367/527/147 1368/525/147 1522/525/147 1521/527/147
f 1366/504/147 1367/527/147 1521/527/147 1520/504/147
f 1365/503/147 1366/504/147 1520/504/147 1519/503/147
f 1364/502/147 1365/503/147 1519/503/147 1518/502/147
f 1363/501/147 1364/502/147 1518/502/147 1517/501/147
f 1362/500/147 1363/501/147 1517/501/147 1516/500/147
f 1361/499/147 1362/500/147 1516/500/147 1515/499/147
f 1360/498/147 1361/499/147 1515/499/147 1514/498/147
f 1359/497/147 1360/498/147 1514/498/147 1513/497/147
f 1358/496/147 1359/497/147 1513/497/147 1512/496/147
f 1357/495/147 1358/496/147 1512/496/147 1511/495/147
f 1356/494/147 1357/495/147 1511/495/147 1510/494/147
f 1355/493/147 1356/494/147 1510/494/147 1509/493/147
f 1354/455/147 1355/493/147 1509/493/147 1508/455/147
f 1322/456/147 1354/455/147 1508/455/147 1489/456/147
f 1352/508/148 1353/465/148 1507/465/148 1506/508/148
f 1351/489/148 1352/508/148 1506/508/148 1505/489/148
f 1350/488/148 1351/489/148 1505/489/148 1504/488/148
f 1349/487/148 1350/488/148 1504/488/148 1503/487/148
f 1348/486/148 1349/487/148 1503/487/148 1502/486/148
f 1347/485/148 1348/486/148 1502/486/148 1501/485/148
f 1346/531/148 1347/485/148 1501/485/148 1500/531/148
f 1345/532/148 1346/531/148 1500/531/148 1499/483/148
f 1344/482/148 1345/532/148 1499/483/148 1498/482/148
f 1343/481/148 1344/482/148 1498/482/148 1497/481/148
f 1342/480/148 1343/481/148 1497/481/148 1496/480/148
f 1341/479/148 1342/480/148 1496/480/148 1495/479/148
f 1340/478/148 1341/479/148 1495/479/148 1494/478/148
f 1339/458/148 1340/478/148 1494/478/148 1493/458/148
f 1319/459/148 1339/458/148 1493/458/148 1491/459/148
f 1353/465/148 1320/466/148 1490/466/148 1507/465/148
f 1368/525/147 1321/464/147 1492/464/147 1522/525/147
f 1561/533/146 1319/459/146 1491/459/146 1757/461/146
f 1566/457/145 1322/456/145 1489/456/145 1762/460/145
f 1877/534/144 1878/535/144 1941/535/144 1942/534/144
f 1890/536/145 1891/537/145 1956/537/145 1953/536/145
f 1929/538/144 1930/539/144 1993/539/144 1994/538/144
f 1892/540/146 1889/540/146 1954/540/146 1955/540/146
f 1903/541/143 1904/542/143 1967/542/143 1968/541/143
f 1889/540/144 1890/536/144 1953/536/144 1954/540/144
f 1902/543/145 1903/541/145 1968/541/145 1965/543/145
f 1904/542/146 1901/544/146 1966/544/146 1967/542/146
f 1915/545/143 1916/546/143 1979/546/143 1980/545/143
f 1901/544/144 1902/543/144 1965/543/144 1966/544/144
f 1914/547/145 1915/545/145 1980/545/145 1977/547/145
f 1916/546/146 1913/546/146 1978/546/146 1979/546/146
f 1927/548/143 1928/549/143 1991/549/143 1992/548/143
f 1913/546/144 1914/547/144 1977/547/144 1978/546/144
f 1926/550/145 1927/548/145 1992/548/145 1989/550/145
f 1813/551/148 1814/552/148 1815/553/148 1816/551/148
f 1821/558/148 1822/559/148 1823/560/148 1824/561/148
f 1829/566/148 1830/567/148 1831/567/148 1832/566/148
f 1837/571/148 1838/572/148 1839/572/148 1840/571/148
f 1845/576/148 1846/577/148 1847/578/148 1848/576/148
f 1853/583/148 1854/584/148 1855/584/148 1856/585/148
f 1861/589/148 1862/590/148 1863/590/148 1864/591/148
f 1887/602/143 1888/603/143 1951/603/143 1952/602/143
f 1757/461/146 1491/459/146 1524/459/146 1767/461/146
f 1762/460/145 1489/456/145 1523/456/145 1772/460/145
f 1766/607/145 1765/608/145 1775/608/145 1776/607/145
f 1764/612/145 1763/613/145 1773/614/145 1774/612/145
f 1761/477/146 1760/622/146 1770/622/146 1771/477/146
f 1759/625/146 1758/626/146 1768/627/146 1769/625/146
f 1320/466/145 1562/630/145 1766/607/145 1490/466/145
f 1562/630/145 1563/631/145 1765/608/145 1766/607/145
f 1563/631/145 1564/612/145 1764/612/145 1765/608/145
f 1564/612/145 1565/632/145 1763/613/145 1764/612/145
f 1565/632/145 1566/457/145 1762/460/145 1763/613/145
f 1321/464/146 1557/524/146 1761/477/146 1492/464/146
f 1557/524/146 1558/622/146 1760/622/146 1761/477/146
f 1558/622/146 1559/625/146 1759/625/146 1760/622/146
f 1559/625/146 1560/633/146 1758/626/146 1759/625/146
f 1560/633/146 1561/533/146 1757/461/146 1758/626/146
f 1352/508/143 1751/634/143 1756/635/143 1353/465/143
f 1751/634/143 1750/636/143 1755/637/143 1756/635/143
f 1750/636/143 1749/638/143 1754/639/143 1755/637/143
f 1749/638/143 1748/640/143 1753/641/143 1754/639/143
f 1748/640/143 1747/523/143 1752/454/143 1753/641/143
f 1351/489/143 1746/642/143 1751/634/143 1352/508/143
f 1746/642/143 1745/643/143 1750/636/143 1751/634/143
f 1745/643/143 1744/644/143 1749/638/143 1750/636/143
f 1744/644/143 1743/645/143 1748/640/143 1749/638/143
f 1743/645/143 1742/522/143 1747/523/143 1748/640/143
f 1350/488/143 1741/646/143 1746/642/143 1351/489/143
f 1741/646/143 1740/647/143 1745/643/143 1746/642/143
f 1740/647/143 1739/648/143 1744/644/143 1745/643/143
f 1739/648/143 1738/649/143 1743/645/143 1744/644/143
f 1738/649/143 1737/521/143 1742/522/143 1743/645/143
f 1349/487/143 1736/650/143 1741/646/143 1350/488/143
f 1736/650/143 1735/651/143 1740/647/143 1741/646/143
f 1735/651/143 1734/652/143 1739/648/143 1740/647/143
f 1734/652/143 1733/653/143 1738/649/143 1739/648/143
f 1733/653/143 1732/530/143 1737/521/143 1738/649/143
f 1348/486/143 1731/654/143 1736/650/143 1349/487/143
f 1731/654/143 1730/655/143 1735/651/143 1736/650/143
f 1730/655/143 1729/656/143 1734/652/143 1735/651/143
f 1729/656/143 1728/657/143 1733/653/143 1734/652/143
f 1728/657/143 1727/519/143 1732/530/143 1733/653/143
f 1347/485/143 1726/658/143 1731/654/143 1348/486/143
f 1726/658/143 1725/659/143 1730/655/143 1731/654/143
f 1725/659/143 1724/660/143 1729/656/143 1730/655/143
f 1724/660/143 1723/661/143 1728/657/143 1729/656/143
f 1723/661/143 1722/518/143 1727/519/143 1728/657/143
f 1346/531/143 1721/662/143 1726/658/143 1347/485/143
f 1721/662/143 1720/663/143 1725/659/143 1726/658/143
f 1720/663/143 1719/664/143 1724/660/143 1725/659/143
f 1719/664/143 1718/665/143 1723/661/143 1724/660/143
f 1718/665/143 1717/517/143 1722/518/143 1723/661/143
f 1345/532/143 1716/666/143 1721/662/143 1346/531/143
f 1716/666/143 1715/667/143 1720/663/143 1721/662/143
f 1715/667/143 1714/668/143 1719/664/143 1720/663/143
f 1714/668/143 1713/669/143 1718/665/143 1719/664/143
f 1713/669/143 1712/529/143 1717/517/143 1718/665/143
f 1344/482/143 1711/670/143 1716/666/143 1345/532/143
f 1711/670/143 1710/671/143 1715/667/143 1716/666/143
f 1710/671/143 1709/672/143 1714/668/143 1715/667/143
f 1709/672/143 1708/673/143 1713/669/143 1714/668/143
f 1708/673/143 1707/515/143 1712/529/143 1713/669/143
f 1343/481/143 1706/674/143 1711/670/143 1344/482/143
f 1706/674/143 1705/675/143 1710/671/143 1711/670/143
f 1705/675/143 1704/676/143 1709/672/143 1710/671/143
f 1704/676/143 1703/677/143 1708/673/143 1709/672/143
f 1703/677/143 1702/514/143 1707/515/143 1708/673/143
f 1342/480/143 1701/678/143 1706/674/143 1343/481/143
f 1701/678/143 1700/679/143 1705/675/143 1706/674/143
f 1700/679/143 1699/680/143 1704/676/143 1705/675/143
f 1699/680/143 1698/681/143 1703/677/143 1704/676/143
f 1698/681/143 1697/513/143 1702/514/143 1703/677/143
f 1341/479/143 1696/682/143 1701/678/143 1342/480/143
f 1696/682/143 1695/683/143 1700/679/143 1701/678/143
f 1695/683/143 1694/684/143 1699/680/143 1700/679/143
f 1694/684/143 1693/685/143 1698/681/143 1699/680/143
f 1693/685/143 1692/512/143 1697/513/143 1698/681/143
f 1340/478/143 1691/686/143 1696/682/143 1341/479/143
f 1691/686/143 1690/687/143 1695/683/143 1696/682/143
f 1690/687/143 1689/688/143 1694/684/143 1695/683/143
f 1689/688/143 1688/689/143 1693/685/143 1694/684/143
f 1688/689/143 1687/528/143 1692/512/143 1693/685/143
f 1339/458/143 1686/690/143 1691/686/143 1340/478/143
f 1686/690/143 1685/691/143 1690/687/143 1691/686/143
f 1685/691/143 1684/692/143 1689/688/143 1690/687/143
f 1684/692/143 1683/693/143 1688/689/143 1689/688/143
f 1683/693/143 1682/526/143 1687/528/143 1688/689/143
f 1319/459/143 1561/533/143 1686/690/143 1339/458/143
f 1561/533/143 1560/633/143 1685/691/143 1686/690/143
f 1560/633/143 1559/625/143 1684/692/143 1685/691/143
f 1559/625/143 1558/622/143 1683/693/143 1684/692/143
f 1558/622/143 1557/524/143 1682/526/143 1683/693/143
f 1412/508/144 1413/467/144 1677/694/144 1672/695/144
f 1672/695/144 1677/694/144 1678/696/144 1673/697/144
f 1673/697/144 1678/696/144 1679/639/144 1674/638/144
f 1674/638/144 1679/639/144 1680/698/144 1675/699/144
f 1675/699/144 1680/698/144 1681/468/144 1676/523/144
f 1411/489/144 1412/508/144 1672/695/144 1667/700/144
f 1667/700/144 1672/695/144 1673/697/144 1668/701/144
f 1668/701/144 1673/697/144 1674/638/144 1669/644/144
f 1669/644/144 1674/638/144 1675/699/144 1670/702/144
f 1670/702/144 1675/699/144 1676/523/144 1671/522/144
f 1410/488/144 1411/489/144 1667/700/144 1662/703/144
f 1662/703/144 1667/700/144 1668/701/144 1663/704/144
f 1663/704/144 1668/701/144 1669/644/144 1664/648/144
f 1664/648/144 1669/644/144 1670/702/144 1665/705/144
f 1665/705/144 1670/702/144 1671/522/144 1666/521/144
f 1409/487/144 1410/488/144 1662/703/144 1657/706/144
f 1657/706/144 1662/703/144 1663/704/144 1658/707/144
f 1658/707/144 1663/704/144 1664/648/144 1659/652/144
f 1659/652/144 1664/648/144 1665/705/144 1660/708/144
f 1660/708/144 1665/705/144 1666/521/144 1661/520/144
f 1408/486/144 1409/487/144 1657/706/144 1652/709/144
f 1652/709/144 1657/706/144 1658/707/144 1653/710/144
f 1653/710/144 1658/707/144 1659/652/144 1654/656/144
f 1654/656/144 1659/652/144 1660/708/144 1655/711/144
f 1655/711/144 1660/708/144 1661/520/144 1656/519/144
f 1407/485/144 1408/486/144 1652/709/144 1647/712/144
f 1647/712/144 1652/709/144 1653/710/144 1648/713/144
f 1648/713/144 1653/710/144 1654/656/144 1649/660/144
f 1649/660/144 1654/656/144 1655/711/144 1650/714/144
f 1650/714/144 1655/711/144 1656/519/144 1651/518/144
f 1406/484/144 1407/485/144 1647/712/144 1642/715/144
f 1642/715/144 1647/712/144 1648/713/144 1643/716/144
f 1643/716/144 1648/713/144 1649/660/144 1644/664/144
f 1644/664/144 1649/660/144 1650/714/144 1645/717/144
f 1645/717/144 1650/714/144 1651/518/144 1646/517/144
f 1405/483/144 1406/484/144 1642/715/144 1637/718/144
f 1637/718/144 1642/715/144 1643/716/144 1638/719/144
f 1638/719/144 1643/716/144 1644/664/144 1639/668/144
f 1639/668/144 1644/664/144 1645/717/144 1640/720/144
f 1640/720/144 1645/717/144 1646/517/144 1641/516/144
f 1404/482/144 1405/483/144 1637/718/144 1632/721/144
f 1632/721/144 1637/718/144 1638/719/144 1633/722/144
f 1633/722/144 1638/719/144 1639/668/144 1634/672/144
f 1634/672/144 1639/668/144 1640/720/144 1635/723/144
f 1635/723/144 1640/720/144 1641/516/144 1636/515/144
f 1403/481/144 1404/482/144 1632/721/144 1627/724/144
f 1627/724/144 1632/721/144 1633/722/144 1628/725/144
f 1628/725/144 1633/722/144 1634/672/144 1629/676/144
f 1629/676/144 1634/672/144 1635/723/144 1630/726/144
f 1630/726/144 1635/723/144 1636/515/144 1631/514/144
f 1402/480/144 1403/481/144 1627/724/144 1622/727/144
f 1622/727/144 1627/724/144 1628/725/144 1623/728/144
f 1623/728/144 1628/725/144 1629/676/144 1624/680/144
f 1624/680/144 1629/676/144 1630/726/144 1625/729/144
f 1625/729/144 1630/726/144 1631/514/144 1626/513/144
f 1401/479/144 1402/480/144 1622/727/144 1617/730/144
f 1617/730/144 1622/727/144 1623/728/144 1618/731/144
f 1618/731/144 1623/728/144 1624/680/144 1619/684/144
f 1619/684/144 1624/680/144 1625/729/144 1620/732/144
f 1620/732/144 1625/729/144 1626/513/144 1621/512/144
f 1400/478/144 1401/479/144 1617/730/144 1612/733/144
f 1612/733/144 1617/730/144 1618/731/144 1613/734/144
f 1613/734/144 1618/731/144 1619/684/144 1614/735/144
f 1614/735/144 1619/684/144 1620/732/144 1615/736/144
f 1615/736/144 1620/732/144 1621/512/144 1616/511/144
f 1399/458/144 1400/478/144 1612/733/144 1607/737/144
f 1607/737/144 1612/733/144 1613/734/144 1608/738/144
f 1608/738/144 1613/734/144 1614/735/144 1609/739/144
f 1609/739/144 1614/735/144 1615/736/144 1610/740/144
f 1610/740/144 1615/736/144 1616/511/144 1611/510/144
f 1328/459/144 1399/458/144 1607/737/144 1581/471/144
f 1581/471/144 1607/737/144 1608/738/144 1580/741/144
f 1580/741/144 1608/738/144 1609/739/144 1579/625/144
f 1579/625/144 1609/739/144 1610/740/144 1578/742/144
f 1578/742/144 1610/740/144 1611/510/144 1577/476/144
f 1328/459/144 1581/471/144 1601/471/144 1336/459/144
f 1581/471/144 1580/741/144 1600/741/144 1601/471/144
f 1580/741/144 1579/625/144 1599/625/144 1600/741/144
f 1579/625/144 1578/742/144 1598/742/144 1599/625/144
f 1578/742/144 1577/476/144 1597/477/144 1598/742/144
f 1330/456/144 1586/469/144 1606/460/144 1338/456/144
f 1586/469/144 1585/632/144 1605/632/144 1606/460/144
f 1585/632/144 1584/612/144 1604/612/144 1605/632/144
f 1584/612/144 1583/743/144 1603/631/144 1604/612/144
f 1583/743/144 1582/474/144 1602/475/144 1603/631/144
f 1331/464/146 1587/477/146 1597/477/146 1335/464/146
f 1587/477/146 1588/742/146 1598/742/146 1597/477/146
f 1588/742/146 1589/625/146 1599/625/146 1598/742/146
f 1589/625/146 1590/741/146 1600/741/146 1599/625/146
f 1590/741/146 1591/471/146 1601/471/146 1600/741/146
f 1333/466/145 1592/744/145 1602/475/145 1337/466/145
f 1592/744/145 1593/743/145 1603/631/145 1602/475/145
f 1593/743/145 1594/612/145 1604/612/145 1603/631/145
f 1594/612/145 1595/632/145 1605/632/145 1604/612/145
f 1595/632/145 1596/460/145 1606/460/145 1605/632/145
f 1325/466/143 1572/607/143 1592/744/143 1333/466/143
f 1572/607/143 1573/745/143 1593/743/143 1592/744/143
f 1573/745/143 1574/612/143 1594/612/143 1593/743/143
f 1574/612/143 1575/746/143 1595/632/143 1594/612/143
f 1575/746/143 1576/457/143 1596/460/143 1595/632/143
f 1323/464/143 1567/476/143 1587/477/143 1331/464/143
f 1567/476/143 1568/747/143 1588/742/143 1587/477/143
f 1568/747/143 1569/625/143 1589/625/143 1588/742/143
f 1569/625/143 1570/741/143 1590/741/143 1589/625/143
f 1570/741/143 1571/462/143 1591/471/143 1590/741/143
f 1413/467/144 1329/466/144 1582/474/144 1677/694/144
f 1677/694/144 1582/474/144 1583/743/144 1678/696/144
f 1678/696/144 1583/743/144 1584/612/144 1679/639/144
f 1679/639/144 1584/612/144 1585/632/144 1680/698/144
f 1680/698/144 1585/632/144 1586/469/144 1681/468/144
f 1556/464/146 1771/477/146 1567/476/146 1323/464/146
f 1771/477/146 1770/622/146 1568/747/146 1567/476/146
f 1770/622/146 1769/625/146 1569/625/146 1568/747/146
f 1769/625/146 1768/627/146 1570/741/146 1569/625/146
f 1768/627/146 1767/461/146 1571/462/146 1570/741/146
f 1555/466/145 1776/607/145 1572/607/145 1325/466/145
f 1776/607/145 1775/608/145 1573/745/145 1572/607/145
f 1775/608/145 1774/612/145 1574/612/145 1573/745/145
f 1774/612/145 1773/614/145 1575/746/145 1574/612/145
f 1773/614/145 1772/460/145 1576/457/145 1575/746/145
f 1353/465/143 1756/635/143 1562/630/143 1320/466/143
f 1756/635/143 1755/637/143 1563/631/143 1562/630/143
f 1755/637/143 1754/639/143 1564/612/143 1563/631/143
f 1754/639/143 1753/641/143 1565/632/143 1564/612/143
f 1753/641/143 1752/454/143 1566/457/143 1565/632/143
f 1492/464/146 1761/477/146 1778/748/146 1777/749/146
f 1761/477/146 1771/477/146 1779/750/146 1778/748/146
f 1771/477/146 1556/464/146 1780/751/146 1779/750/146
f 1556/464/146 1492/464/146 1777/749/146 1780/751/146
f 1760/622/146 1759/625/146 1782/752/146 1781/753/146
f 1759/625/146 1769/625/146 1783/752/146 1782/752/146
f 1769/625/146 1770/622/146 1784/753/146 1783/752/146
f 1770/622/146 1760/622/146 1781/753/146 1784/753/146
f 1758/626/146 1757/461/146 1786/754/146 1785/755/146
f 1757/461/146 1767/461/146 1787/756/146 1786/754/146
f 1767/461/146 1768/627/146 1788/757/146 1787/756/146
f 1768/627/146 1758/626/146 1785/755/146 1788/757/146
f 1490/466/145 1766/607/145 1790/605/145 1789/604/145
f 1766/607/145 1776/607/145 1791/605/145 1790/605/145
f 1776/607/145 1555/466/145 1792/606/145 1791/605/145
f 1555/466/145 1490/466/145 1789/604/145 1792/606/145
f 1765/608/145 1764/612/145 1794/610/145 1793/609/145
f 1764/612/145 1774/612/145 1795/611/145 1794/610/145
f 1774/612/145 1775/608/145 1796/609/145 1795/611/145
f 1775/608/145 1765/608/145 1793/609/145 1796/609/145
f 1763/613/145 1762/460/145 1798/616/145 1797/615/145
f 1762/460/145 1772/460/145 1799/617/145 1798/616/145
f 1772/460/145 1773/614/145 1800/618/145 1799/617/145
f 1773/614/145 1763/613/145 1797/615/145 1800/618/145
f 1506/508/148 1507/465/148 1814/552/148 1813/551/148
f 1507/465/148 1539/465/148 1815/553/148 1814/552/148
f 1539/465/148 1538/508/148 1816/551/148 1815/553/148
f 1538/508/148 1506/508/148 1813/551/148 1816/551/148
f 1505/489/148 1506/508/148 1818/555/148 1817/554/148
f 1506/508/148 1538/508/148 1819/556/148 1818/555/148
f 1538/508/148 1537/489/148 1820/557/148 1819/556/148
f 1537/489/148 1505/489/148 1817/554/148 1820/557/148
f 1504/488/148 1505/489/148 1822/559/148 1821/558/148
f 1505/489/148 1537/489/148 1823/560/148 1822/559/148
f 1537/489/148 1536/488/148 1824/561/148 1823/560/148
f 1536/488/148 1504/488/148 1821/558/148 1824/561/148
f 1503/487/148 1504/488/148 1826/563/148 1825/562/148
f 1504/488/148 1536/488/148 1827/564/148 1826/563/148
f 1536/488/148 1535/487/148 1828/565/148 1827/564/148
f 1535/487/148 1503/487/148 1825/562/148 1828/565/148
f 1502/486/148 1503/487/148 1830/567/148 1829/566/148
f 1503/487/148 1535/487/148 1831/567/148 1830/567/148
f 1535/487/148 1534/486/148 1832/566/148 1831/567/148
f 1534/486/148 1502/486/148 1829/566/148 1832/566/148
f 1501/485/148 1502/486/148 1834/569/148 1833/568/148
f 1502/486/148 1534/486/148 1835/570/148 1834/569/148
f 1534/486/148 1533/485/148 1836/568/148 1835/570/148
f 1533/485/148 1501/485/148 1833/568/148 1836/568/148
f 1500/531/148 1501/485/148 1838/572/148 1837/571/148
f 1501/485/148 1533/485/148 1839/572/148 1838/572/148
f 1533/485/148 1532/484/148 1840/571/148 1839/572/148
f 1532/484/148 1500/531/148 1837/571/148 1840/571/148
f 1499/483/148 1500/531/148 1842/574/148 1841/573/148
f 1500/531/148 1532/484/148 1843/575/148 1842/574/148
f 1532/484/148 1531/483/148 1844/573/148 1843/575/148
f 1531/483/148 1499/483/148 1841/573/148 1844/573/148
f 1498/482/148 1499/483/148 1846/577/148 1845/576/148
f 1499/483/148 1531/483/148 1847/578/148 1846/577/148
f 1531/483/148 1530/482/148 1848/576/148 1847/578/148
f 1530/482/148 1498/482/148 1845/576/148 1848/576/148
f 1497/481/148 1498/482/148 1850/580/148 1849/579/148
f 1498/482/148 1530/482/148 1851/581/148 1850/580/148
f 1530/482/148 1529/481/148 1852/582/148 1851/581/148
f 1529/481/148 1497/481/148 1849/579/148 1852/582/148
f 1496/480/148 1497/481/148 1854/584/148 1853/583/148
f 1497/481/148 1529/481/148 1855/584/148 1854/584/148
f 1529/481/148 1528/480/148 1856/585/148 1855/584/148
f 1528/480/148 1496/480/148 1853/583/148 1856/585/148
f 1495/479/148 1496/480/148 1858/587/148 1857/586/148
f 1496/480/148 1528/480/148 1859/587/148 1858/587/148
f 1528/480/148 1527/479/148 1860/588/148 1859/587/148
f 1527/479/148 1495/479/148 1857/586/148 1860/588/148
f 1494/478/148 1495/479/148 1862/590/148 1861/589/148
f 1495/479/148 1527/479/148 1863/590/148 1862/590/148
f 1527/479/148 1526/478/148 1864/591/148 1863/590/148
f 1526/478/148 1494/478/148 1861/589/148 1864/591/148
f 1493/458/148 1494/478/148 1866/593/148 1865/592/148
f 1494/478/148 1526/478/148 1867/594/148 1866/593/148
f 1526/478/148 1525/458/148 1868/595/148 1867/594/148
f 1525/458/148 1493/458/148 1865/592/148 1868/595/148
f 1491/459/148 1493/458/148 1870/597/148 1869/596/148
f 1493/458/148 1525/458/148 1871/597/148 1870/597/148
f 1525/458/148 1524/459/148 1872/598/148 1871/597/148
f 1524/459/148 1491/459/148 1869/596/148 1872/598/148
f 1507/465/148 1490/466/148 1874/600/148 1873/599/148
f 1490/466/148 1555/466/148 1875/600/148 1874/600/148
f 1555/466/148 1539/465/148 1876/601/148 1875/600/148
f 1539/465/148 1507/465/148 1873/599/148 1876/601/148
f 1521/527/147 1522/525/147 1878/535/147 1877/534/147
f 1522/525/147 1554/463/147 1879/758/147 1878/535/147
f 1554/463/147 1553/506/147 1880/534/147 1879/758/147
f 1553/506/147 1521/527/147 1877/534/147 1880/534/147
f 1520/504/147 1521/527/147 1882/759/147 1881/760/147
f 1521/527/147 1553/506/147 1883/761/147 1882/759/147
f 1553/506/147 1552/504/147 1884/762/147 1883/761/147
f 1552/504/147 1520/504/147 1881/760/147 1884/762/147
f 1519/503/147 1520/504/147 1886/763/147 1885/764/147
f 1520/504/147 1552/504/147 1887/602/147 1886/763/147
f 1552/504/147 1551/503/147 1888/603/147 1887/602/147
f 1551/503/147 1519/503/147 1885/764/147 1888/603/147
f 1518/502/147 1519/503/147 1890/536/147 1889/540/147
f 1519/503/147 1551/503/147 1891/537/147 1890/536/147
f 1551/503/147 1550/502/147 1892/540/147 1891/537/147
f 1550/502/147 1518/502/147 1889/540/147 1892/540/147
f 1517/501/147 1518/502/147 1894/765/147 1893/766/147
f 1518/502/147 1550/502/147 1895/767/147 1894/765/147
f 1550/502/147 1549/501/147 1896/766/147 1895/767/147
f 1549/501/147 1517/501/147 1893/766/147 1896/766/147
f 1516/500/147 1517/501/147 1898/768/147 1897/769/147
f 1517/501/147 1549/501/147 1899/770/147 1898/768/147
f 1549/501/147 1548/500/147 1900/771/147 1899/770/147
f 1548/500/147 1516/500/147 1897/769/147 1900/771/147
f 1515/499/147 1516/500/147 1902/543/147 1901/544/147
f 1516/500/147 1548/500/147 1903/541/147 1902/543/147
f 1548/500/147 1547/499/147 1904/542/147 1903/541/147
f 1547/499/147 1515/499/147 1901/544/147 1904/542/147
f 1514/498/147 1515/499/147 1906/772/147 1905/773/147
f 1515/499/147 1547/499/147 1907/772/147 1906/772/147
f 1547/499/147 1546/498/147 1908/774/147 1907/772/147
f 1546/498/147 1514/498/147 1905/773/147 1908/774/147
f 1513/497/147 1514/498/147 1910/775/147 1909/776/147
f 1514/498/147 1546/498/147 1911/777/147 1910/775/147
f 1546/498/147 1545/497/147 1912/776/147 1911/777/147
f 1545/497/147 1513/497/147 1909/776/147 1912/776/147
f 1512/496/147 1513/497/147 1914/547/147 1913/546/147
f 1513/497/147 1545/497/147 1915/545/147 1914/547/147
f 1545/497/147 1544/496/147 1916/546/147 1915/545/147
f 1544/496/147 1512/496/147 1913/546/147 1916/546/147
f 1511/495/147 1512/496/147 1918/778/147 1917/779/147
f 1512/496/147 1544/496/147 1919/780/147 1918/778/147
f 1544/496/147 1543/495/147 1920/779/147 1919/780/147
f 1543/495/147 1511/495/147 1917/779/147 1920/779/147
f 1510/494/147 1511/495/147 1922/781/147 1921/782/147
f 1511/495/147 1543/495/147 1923/783/147 1922/781/147
f 1543/495/147 1542/494/147 1924/782/147 1923/783/147
f 1542/494/147 1510/494/147 1921/782/147 1924/782/147
f 1509/493/147 1510/494/147 1926/550/147 1925/549/147
f 1510/494/147 1542/494/147 1927/548/147 1926/550/147
f 1542/494/147 1541/493/147 1928/549/147 1927/548/147
f 1541/493/147 1509/493/147 1925/549/147 1928/549/147
f 1508/455/147 1509/493/147 1930/539/147 1929/538/147
f 1509/493/147 1541/493/147 1931/784/147 1930/539/147
f 1541/493/147 1540/455/147 1932/785/147 1931/784/147
f 1540/455/147 1508/455/147 1929/538/147 1932/785/147
f 1489/456/147 1508/455/147 1934/786/147 1933/787/147
f 1508/455/147 1540/455/147 1935/788/147 1934/786/147
f 1540/455/147 1523/456/147 1936/789/147 1935/788/147
f 1523/456/147 1489/456/147 1933/787/147 1936/789/147
f 1522/525/147 1492/464/147 1938/790/147 1937/791/147
f 1492/464/147 1556/464/147 1939/792/147 1938/790/147
f 1556/464/147 1554/463/147 1940/791/147 1939/792/147
f 1554/463/147 1522/525/147 1937/791/147 1940/791/147
f 1942/534/147 1941/535/147 1944/758/147 1943/534/147
f 1946/760/147 1945/759/147 1948/761/147 1947/762/147
f 1950/764/147 1949/763/147 1952/602/147 1951/603/147
f 1954/540/147 1953/536/147 1956/537/147 1955/540/147
f 1958/766/147 1957/765/147 1960/767/147 1959/766/147
f 1962/769/147 1961/768/147 1964/770/147 1963/771/147
f 1966/544/147 1965/543/147 1968/541/147 1967/542/147
f 1970/773/147 1969/772/147 1972/772/147 1971/774/147
f 1974/776/147 1973/775/147 1976/777/147 1975/776/147
f 1978/546/147 1977/547/147 1980/545/147 1979/546/147
f 1982/779/147 1981/778/147 1984/780/147 1983/779/147
f 1986/782/147 1985/781/147 1988/783/147 1987/782/147
f 1990/549/147 1989/550/147 1992/548/147 1991/549/147
f 1994/538/147 1993/539/147 1996/784/147 1995/785/147
f 1998/787/147 1997/786/147 2000/788/147 1999/789/147
f 2002/791/147 2001/790/147 2004/792/147 2003/791/147
f 1932/785/146 1929/538/146 1994/538/146 1995/785/146
f 1891/537/143 1892/540/143 1955/540/143 1956/537/143
f 1880/534/146 1877/534/146 1942/534/146 1943/534/146
f 1930/539/145 1931/784/145 1996/784/145 1993/539/145
f 1917/779/144 1918/778/144 1981/778/144 1982/779/144
f 1878/535/145 1879/758/145 1944/758/145 1941/535/145
f 1931/784/143 1932/785/143 1995/785/143 1996/784/143
f 1920/779/146 1917/779/146 1982/779/146 1983/779/146
f 1879/758/143 1880/534/143 1943/534/143 1944/758/143
f 1918/778/145 1919/780/145 1984/780/145 1981/778/145
f 1905/773/144 1906/772/144 1969/772/144 1970/773/144
f 1919/780/143 1920/779/143 1983/779/143 1984/780/143
f 1908/774/146 1905/773/146 1970/773/146 1971/774/146
f 1906/772/145 1907/772/145 1972/772/145 1969/772/145
f 1893/766/144 1894/765/144 1957/765/144 1958/766/144
f 1907/772/143 1908/774/143 1971/774/143 1972/772/143
f 1896/766/146 1893/766/146 1958/766/146 1959/766/146
f 1933/787/144 1934/786/144 1997/786/144 1998/787/144
f 1894/765/145 1895/767/145 1960/767/145 1957/765/145
f 1881/760/144 1882/759/144 1945/759/144 1946/760/144
f 1936/789/146 1933/787/146 1998/787/146 1999/789/146
f 1895/767/143 1896/766/143 1959/766/143 1960/767/143
f 1884/762/146 1881/760/146 1946/760/146 1947/762/146
f 1934/786/145 1935/788/145 2000/788/145 1997/786/145
f 1921/782/144 1922/781/144 1985/781/144 1986/782/144
f 1882/759/145 1883/761/145 1948/761/145 1945/759/145
f 1935/788/143 1936/789/143 1999/789/143 2000/788/143
f 1924/782/146 1921/782/146 1986/782/146 1987/782/146
f 1883/761/143 1884/762/143 1947/762/143 1948/761/143
f 1922/781/145 1923/783/145 1988/783/145 1985/781/145
f 1909/776/144 1910/775/144 1973/775/144 1974/776/144
f 1923/783/143 1924/782/143 1987/782/143 1988/783/143
f 1912/776/146 1909/776/146 1974/776/146 1975/776/146
f 1910/775/145 1911/777/145 1976/777/145 1973/775/145
f 1897/769/144 1898/768/144 1961/768/144 1962/769/144
f 1911/777/143 1912/776/143 1975/776/143 1976/777/143
f 1900/771/146 1897/769/146 1962/769/146 1963/771/146
f 1937/791/144 1938/790/144 2001/790/144 2002/791/144
f 1898/768/145 1899/770/145 1964/770/145 1961/768/145
f 1885/764/144 1886/763/144 1949/763/144 1950/764/144
f 1940/791/146 1937/791/146 2002/791/146 2003/791/146
f 1899/770/143 1900/771/143 1963/771/143 1964/770/143
f 1888/603/146 1885/764/146 1950/764/146 1951/603/146
f 1938/790/145 1939/792/145 2004/792/145 2001/790/145
f 1925/549/144 1926/550/144 1989/550/144 1990/549/144
f 1886/763/145 1887/602/145 1952/602/145 1949/763/145
f 1939/792/143 1940/791/143 2003/791/143 2004/792/143
f 1928/549/146 1925/549/146 1990/549/146 1991/549/146
f 2438/454/143 2040/455/143 2008/456/143 2252/457/143
f 2085/458/144 2014/459/144 2022/459/144 2145/458/144
f 2458/460/145 2209/456/145 2012/456/145 2262/457/145
f 2453/461/146 2210/459/146 2010/459/146 2257/462/146
f 2240/463/147 2242/464/147 2009/464/147 2084/463/147
f 2225/465/148 2241/466/148 2011/466/148 2069/467/148
f 2367/468/144 2272/469/144 2016/456/144 2100/470/144
f 2257/462/143 2010/459/143 2018/459/143 2277/471/143
f 2100/470/144 2016/456/144 2024/456/144 2160/470/144
f 2262/457/143 2012/456/143 2020/456/143 2282/460/143
f 2282/460/145 2020/456/145 2024/456/145 2292/460/145
f 2277/471/146 2018/459/146 2022/459/146 2287/471/146
f 2144/472/147 2017/464/147 2021/464/147 2174/473/147
f 2129/465/148 2019/466/148 2023/466/148 2159/465/148
f 2084/463/143 2009/464/143 2017/464/143 2144/472/143
f 2069/467/143 2011/466/143 2019/466/143 2129/465/143
f 2268/474/144 2015/466/144 2023/466/144 2288/475/144
f 2263/476/144 2013/464/144 2021/464/144 2283/477/144
f 2010/459/143 2055/458/143 2115/458/143 2018/459/143
f 2055/458/143 2056/478/143 2116/478/143 2115/458/143
f 2056/478/143 2057/479/143 2117/479/143 2116/478/143
f 2057/479/143 2058/480/143 2118/480/143 2117/479/143
f 2058/480/143 2059/481/143 2119/481/143 2118/480/143
f 2059/481/143 2060/482/143 2120/482/143 2119/481/143
f 2060/482/143 2061/483/143 2121/483/143 2120/482/143
f 2061/483/143 2062/484/143 2122/484/143 2121/483/143
f 2062/484/143 2063/485/143 2123/485/143 2122/484/143
f 2063/485/143 2064/486/143 2124/486/143 2123/485/143
f 2064/486/143 2065/487/143 2125/487/143 2124/486/143
f 2065/487/143 2066/488/143 2126/488/143 2125/487/143
f 2066/488/143 2067/489/143 2127/490/143 2126/488/143
f 2067/489/143 2068/491/143 2128/492/143 2127/490/143
f 2068/491/143 2069/467/143 2129/465/143 2128/492/143
f 2012/456/143 2070/470/143 2130/470/143 2020/456/143
f 2070/470/143 2071/493/143 2131/493/143 2130/470/143
f 2071/493/143 2072/494/143 2132/494/143 2131/493/143
f 2072/494/143 2073/495/143 2133/495/143 2132/494/143
f 2073/495/143 2074/496/143 2134/496/143 2133/495/143
f 2074/496/143 2075/497/143 2135/497/143 2134/496/143
f 2075/497/143 2076/498/143 2136/498/143 2135/497/143
f 2076/498/143 2077/499/143 2137/499/143 2136/498/143
f 2077/499/143 2078/500/143 2138/500/143 2137/499/143
f 2078/500/143 2079/501/143 2139/501/143 2138/500/143
f 2079/501/143 2080/502/143 2140/502/143 2139/501/143
f 2080/502/143 2081/503/143 2141/503/143 2140/502/143
f 2081/503/143 2082/504/143 2142/505/143 2141/503/143
f 2082/504/143 2083/506/143 2143/507/143 2142/505/143
f 2083/506/143 2084/463/143 2144/472/143 2143/507/143
f 2018/459/148 2115/458/148 2145/458/148 2022/459/148
f 2115/458/148 2116/478/148 2146/478/148 2145/458/148
f 2116/478/148 2117/479/148 2147/479/148 2146/478/148
f 2117/479/148 2118/480/148 2148/480/148 2147/479/148
f 2118/480/148 2119/481/148 2149/481/148 2148/480/148
f 2119/481/148 2120/482/148 2150/482/148 2149/481/148
f 2120/482/148 2121/483/148 2151/483/148 2150/482/148
f 2121/483/148 2122/484/148 2152/484/148 2151/483/148
f 2122/484/148 2123/485/148 2153/485/148 2152/484/148
f 2123/485/148 2124/486/148 2154/486/148 2153/485/148
f 2124/486/148 2125/487/148 2155/487/148 2154/486/148
f 2125/487/148 2126/488/148 2156/488/148 2155/487/148
f 2126/488/148 2127/490/148 2157/490/148 2156/488/148
f 2127/490/148 2128/492/148 2158/508/148 2157/490/148
f 2128/492/148 2129/465/148 2159/465/148 2158/508/148
f 2020/456/147 2130/470/147 2160/470/147 2024/456/147
f 2130/470/147 2131/493/147 2161/493/147 2160/470/147
f 2131/493/147 2132/494/147 2162/494/147 2161/493/147
f 2132/494/147 2133/495/147 2163/495/147 2162/494/147
f 2133/495/147 2134/496/147 2164/496/147 2163/495/147
f 2134/496/147 2135/497/147 2165/497/147 2164/496/147
f 2135/497/147 2136/498/147 2166/498/147 2165/497/147
f 2136/498/147 2137/499/147 2167/499/147 2166/498/147
f 2137/499/147 2138/500/147 2168/500/147 2167/499/147
f 2138/500/147 2139/501/147 2169/501/147 2168/500/147
f 2139/501/147 2140/502/147 2170/502/147 2169/501/147
f 2140/502/147 2141/503/147 2171/503/147 2170/502/147
f 2141/503/147 2142/505/147 2172/504/147 2171/503/147
f 2142/505/147 2143/507/147 2173/507/147 2172/504/147
f 2143/507/147 2144/472/147 2174/473/147 2173/507/147
f 2013/464/144 2114/463/144 2174/473/144 2021/464/144
f 2114/463/144 2113/506/144 2173/507/144 2174/473/144
f 2113/506/144 2112/504/144 2172/504/144 2173/507/144
f 2112/504/144 2111/503/144 2171/503/144 2172/504/144
f 2111/503/144 2110/502/144 2170/502/144 2171/503/144
f 2110/502/144 2109/501/144 2169/501/144 2170/502/144
f 2109/501/144 2108/500/144 2168/500/144 2169/501/144
f 2108/500/144 2107/499/144 2167/499/144 2168/500/144
f 2107/499/144 2106/498/144 2166/498/144 2167/499/144
f 2106/498/144 2105/497/144 2165/497/144 2166/498/144
f 2105/497/144 2104/496/144 2164/496/144 2165/497/144
f 2104/496/144 2103/495/144 2163/495/144 2164/496/144
f 2103/495/144 2102/494/144 2162/494/144 2163/495/144
f 2102/494/144 2101/509/144 2161/493/144 2162/494/144
f 2101/509/144 2100/470/144 2160/470/144 2161/493/144
f 2263/476/144 2297/510/144 2114/463/144 2013/464/144
f 2297/510/144 2302/511/144 2113/506/144 2114/463/144
f 2302/511/144 2307/512/144 2112/504/144 2113/506/144
f 2307/512/144 2312/513/144 2111/503/144 2112/504/144
f 2312/513/144 2317/514/144 2110/502/144 2111/503/144
f 2317/514/144 2322/515/144 2109/501/144 2110/502/144
f 2322/515/144 2327/516/144 2108/500/144 2109/501/144
f 2327/516/144 2332/517/144 2107/499/144 2108/500/144
f 2332/517/144 2337/518/144 2106/498/144 2107/499/144
f 2337/518/144 2342/519/144 2105/497/144 2106/498/144
f 2342/519/144 2347/520/144 2104/496/144 2105/497/144
f 2347/520/144 2352/521/144 2103/495/144 2104/496/144
f 2352/521/144 2357/522/144 2102/494/144 2103/495/144
f 2357/522/144 2362/523/144 2101/509/144 2102/494/144
f 2362/523/144 2367/468/144 2100/470/144 2101/509/144
f 2210/459/148 2211/458/148 2055/458/148 2010/459/148
f 2211/458/148 2212/478/148 2056/478/148 2055/458/148
f 2212/478/148 2213/479/148 2057/479/148 2056/478/148
f 2213/479/148 2214/480/148 2058/480/148 2057/479/148
f 2214/480/148 2215/481/148 2059/481/148 2058/480/148
f 2215/481/148 2216/482/148 2060/482/148 2059/481/148
f 2216/482/148 2217/483/148 2061/483/148 2060/482/148
f 2217/483/148 2218/484/148 2062/484/148 2061/483/148
f 2218/484/148 2219/485/148 2063/485/148 2062/484/148
f 2219/485/148 2220/486/148 2064/486/148 2063/485/148
f 2220/486/148 2221/487/148 2065/487/148 2064/486/148
f 2221/487/148 2222/488/148 2066/488/148 2065/487/148
f 2222/488/148 2223/489/148 2067/489/148 2066/488/148
f 2223/489/148 2224/508/148 2068/491/148 2067/489/148
f 2224/508/148 2225/465/148 2069/467/148 2068/491/148
f 2209/456/147 2226/455/147 2070/470/147 2012/456/147
f 2226/455/147 2227/493/147 2071/493/147 2070/470/147
f 2227/493/147 2228/494/147 2072/494/147 2071/493/147
f 2228/494/147 2229/495/147 2073/495/147 2072/494/147
f 2229/495/147 2230/496/147 2074/496/147 2073/495/147
f 2230/496/147 2231/497/147 2075/497/147 2074/496/147
f 2231/497/147 2232/498/147 2076/498/147 2075/497/147
f 2232/498/147 2233/499/147 2077/499/147 2076/498/147
f 2233/499/147 2234/500/147 2078/500/147 2077/499/147
f 2234/500/147 2235/501/147 2079/501/147 2078/500/147
f 2235/501/147 2236/502/147 2080/502/147 2079/501/147
f 2236/502/147 2237/503/147 2081/503/147 2080/502/147
f 2237/503/147 2238/504/147 2082/504/147 2081/503/147
f 2238/504/147 2239/506/147 2083/506/147 2082/504/147
f 2239/506/147 2240/463/147 2084/463/147 2083/506/147
f 2015/466/144 2099/467/144 2159/465/144 2023/466/144
f 2099/467/144 2098/508/144 2158/508/144 2159/465/144
f 2098/508/144 2097/489/144 2157/490/144 2158/508/144
f 2097/489/144 2096/488/144 2156/488/144 2157/490/144
f 2096/488/144 2095/487/144 2155/487/144 2156/488/144
f 2095/487/144 2094/486/144 2154/486/144 2155/487/144
f 2094/486/144 2093/485/144 2153/485/144 2154/486/144
f 2093/485/144 2092/484/144 2152/484/144 2153/485/144
f 2092/484/144 2091/483/144 2151/483/144 2152/484/144
f 2091/483/144 2090/482/144 2150/482/144 2151/483/144
f 2090/482/144 2089/481/144 2149/481/144 2150/482/144
f 2089/481/144 2088/480/144 2148/480/144 2149/481/144
f 2088/480/144 2087/479/144 2147/479/144 2148/480/144
f 2087/479/144 2086/478/144 2146/478/144 2147/479/144
f 2086/478/144 2085/458/144 2145/458/144 2146/478/144
f 2243/524/143 2007/464/143 2054/525/143 2368/526/143
f 2368/526/143 2054/525/143 2053/527/143 2373/528/143
f 2373/528/143 2053/527/143 2052/504/143 2378/512/143
f 2378/512/143 2052/504/143 2051/503/143 2383/513/143
f 2383/513/143 2051/503/143 2050/502/143 2388/514/143
f 2388/514/143 2050/502/143 2049/501/143 2393/515/143
f 2393/515/143 2049/501/143 2048/500/143 2398/529/143
f 2398/529/143 2048/500/143 2047/499/143 2403/517/143
f 2403/517/143 2047/499/143 2046/498/143 2408/518/143
f 2408/518/143 2046/498/143 2045/497/143 2413/519/143
f 2413/519/143 2045/497/143 2044/496/143 2418/530/143
f 2418/530/143 2044/496/143 2043/495/143 2423/521/143
f 2423/521/143 2043/495/143 2042/494/143 2428/522/143
f 2428/522/143 2042/494/143 2041/493/143 2433/523/143
f 2433/523/143 2041/493/143 2040/455/143 2438/454/143
f 2053/527/147 2054/525/147 2208/525/147 2207/527/147
f 2052/504/147 2053/527/147 2207/527/147 2206/504/147
f 2051/503/147 2052/504/147 2206/504/147 2205/503/147
f 2050/502/147 2051/503/147 2205/503/147 2204/502/147
f 2049/501/147 2050/502/147 2204/502/147 2203/501/147
f 2048/500/147 2049/501/147 2203/501/147 2202/500/147
f 2047/499/147 2048/500/147 2202/500/147 2201/499/147
f 2046/498/147 2047/499/147 2201/499/147 2200/498/147
f 2045/497/147 2046/498/147 2200/498/147 2199/497/147
f 2044/496/147 2045/497/147 2199/497/147 2198/496/147
f 2043/495/147 2044/496/147 2198/496/147 2197/495/147
f 2042/494/147 2043/495/147 2197/495/147 2196/494/147
f 2041/493/147 2042/494/147 2196/494/147 2195/493/147
f 2040/455/147 2041/493/147 2195/493/147 2194/455/147
f 2008/456/147 2040/455/147 2194/455/147 2175/456/147
f 2038/508/148 2039/465/148 2193/465/148 2192/508/148
f 2037/489/148 2038/508/148 2192/508/148 2191/489/148
f 2036/488/148 2037/489/148 2191/489/148 2190/488/148
f 2035/487/148 2036/488/148 2190/488/148 2189/487/148
f 2034/486/148 2035/487/148 2189/487/148 2188/486/148
f 2033/485/148 2034/486/148 2188/486/148 2187/485/148
f 2032/531/148 2033/485/148 2187/485/148 2186/531/148
f 2031/532/148 2032/531/148 2186/531/148 2185/483/148
f 2030/482/148 2031/532/148 2185/483/148 2184/482/148
f 2029/481/148 2030/482/148 2184/482/148 2183/481/148
f 2028/480/148 2029/481/148 2183/481/148 2182/480/148
f 2027/479/148 2028/480/148 2182/480/148 2181/479/148
f 2026/478/148 2027/479/148 2181/479/148 2180/478/148
f 2025/458/148 2026/478/148 2180/478/148 2179/458/148
f 2005/459/148 2025/458/148 2179/458/148 2177/459/148
f 2039/465/148 2006/466/148 2176/466/148 2193/465/148
f 2054/525/147 2007/464/147 2178/464/147 2208/525/147
f 2247/533/146 2005/459/146 2177/459/146 2443/461/146
f 2252/457/145 2008/456/145 2175/456/145 2448/460/145
f 2563/534/144 2564/535/144 2627/535/144 2628/534/144
f 2576/536/145 2577/537/145 2642/537/145 2639/536/145
f 2615/538/144 2616/539/144 2679/539/144 2680/538/144
f 2578/540/146 2575/540/146 2640/540/146 2641/540/146
f 2589/541/143 2590/542/143 2653/542/143 2654/541/143
f 2575/540/144 2576/536/144 2639/536/144 2640/540/144
f 2588/543/145 2589/541/145 2654/541/145 2651/543/145
f 2590/542/146 2587/544/146 2652/544/146 2653/542/146
f 2601/545/143 2602/546/143 2665/546/143 2666/545/143
f 2587/544/144 2588/543/144 2651/543/144 2652/544/144
f 2600/547/145 2601/545/145 2666/545/145 2663/547/145
f 2602/546/146 2599/546/146 2664/546/146 2665/546/146
f 2613/548/143 2614/549/143 2677/549/143 2678/548/143
f 2599/546/144 2600/547/144 2663/547/144 2664/546/144
f 2612/550/145 2613/548/145 2678/548/145 2675/550/145
f 2499/551/148 2500/552/148 2501/553/148 2502/551/148
f 2507/558/148 2508/559/148 2509/560/148 2510/561/148
f 2515/566/148 2516/567/148 2517/567/148 2518/566/148
f 2523/571/148 2524/572/148 2525/572/148 2526/571/148
f 2531/576/148 2532/577/148 2533/578/148 2534/576/148
f 2539/583/148 2540/584/148 2541/584/148 2542/585/148
f 2547/589/148 2548/590/148 2549/590/148 2550/591/148
f 2573/602/143 2574/603/143 2637/603/143 2638/602/143
f 2443/461/146 2177/459/146 2210/459/146 2453/461/146
f 2448/460/145 2175/456/145 2209/456/145 2458/460/145
f 2452/607/145 2451/608/145 2461/608/145 2462/607/145
f 2450/612/145 2449/613/145 2459/614/145 2460/612/145
f 2447/477/146 2446/622/146 2456/622/146 2457/477/146
f 2445/625/146 2444/626/146 2454/627/146 2455/625/146
f 2006/466/145 2248/630/145 2452/607/145 2176/466/145
f 2248/630/145 2249/631/145 2451/608/145 2452/607/145
f 2249/631/145 2250/612/145 2450/612/145 2451/608/145
f 2250/612/145 2251/632/145 2449/613/145 2450/612/145
f 2251/632/145 2252/457/145 2448/460/145 2449/613/145
f 2007/464/146 2243/524/146 2447/477/146 2178/464/146
f 2243/524/146 2244/622/146 2446/622/146 2447/477/146
f 2244/622/146 2245/625/146 2445/625/146 2446/622/146
f 2245/625/146 2246/633/146 2444/626/146 2445/625/146
f 2246/633/146 2247/533/146 2443/461/146 2444/626/146
f 2038/508/143 2437/634/143 2442/635/143 2039/465/143
f 2437/634/143 2436/636/143 2441/637/143 2442/635/143
f 2436/636/143 2435/638/143 2440/639/143 2441/637/143
f 2435/638/143 2434/640/143 2439/641/143 2440/639/143
f 2434/640/143 2433/523/143 2438/454/143 2439/641/143
f 2037/489/143 2432/642/143 2437/634/143 2038/508/143
f 2432/642/143 2431/643/143 2436/636/143 2437/634/143
f 2431/643/143 2430/644/143 2435/638/143 2436/636/143
f 2430/644/143 2429/645/143 2434/640/143 2435/638/143
f 2429/645/143 2428/522/143 2433/523/143 2434/640/143
f 2036/488/143 2427/646/143 2432/642/143 2037/489/143
f 2427/646/143 2426/647/143 2431/643/143 2432/642/143
f 2426/647/143 2425/648/143 2430/644/143 2431/643/143
f 2425/648/143 2424/649/143 2429/645/143 2430/644/143
f 2424/649/143 2423/521/143 2428/522/143 2429/645/143
f 2035/487/143 2422/650/143 2427/646/143 2036/488/143
f 2422/650/143 2421/651/143 2426/647/143 2427/646/143
f 2421/651/143 2420/652/143 2425/648/143 2426/647/143
f 2420/652/143 2419/653/143 2424/649/143 2425/648/143
f 2419/653/143 2418/530/143 2423/521/143 2424/649/143
f 2034/486/143 2417/654/143 2422/650/143 2035/487/143
f 2417/654/143 2416/655/143 2421/651/143 2422/650/143
f 2416/655/143 2415/656/143 2420/652/143 2421/651/143
f 2415/656/143 2414/657/143 2419/653/143 2420/652/143
f 2414/657/143 2413/519/143 2418/530/143 2419/653/143
f 2033/485/143 2412/658/143 2417/654/143 2034/486/143
f 2412/658/143 2411/659/143 2416/655/143 2417/654/143
f 2411/659/143 2410/660/143 2415/656/143 2416/655/143
f 2410/660/143 2409/661/143 2414/657/143 2415/656/143
f 2409/661/143 2408/518/143 2413/519/143 2414/657/143
f 2032/531/143 2407/662/143 2412/658/143 2033/485/143
f 2407/662/143 2406/663/143 2411/659/143 2412/658/143
f 2406/663/143 2405/664/143 2410/660/143 2411/659/143
f 2405/664/143 2404/665/143 2409/661/143 2410/660/143
f 2404/665/143 2403/517/143 2408/518/143 2409/661/143
f 2031/532/143 2402/666/143 2407/662/143 2032/531/143
f 2402/666/143 2401/667/143 2406/663/143 2407/662/143
f 2401/667/143 2400/668/143 2405/664/143 2406/663/143
f 2400/668/143 2399/669/143 2404/665/143 2405/664/143
f 2399/669/143 2398/529/143 2403/517/143 2404/665/143
f 2030/482/143 2397/670/143 2402/666/143 2031/532/143
f 2397/670/143 2396/671/143 2401/667/143 2402/666/143
f 2396/671/143 2395/672/143 2400/668/143 2401/667/143
f 2395/672/143 2394/673/143 2399/669/143 2400/668/143
f 2394/673/143 2393/515/143 2398/529/143 2399/669/143
f 2029/481/143 2392/674/143 2397/670/143 2030/482/143
f 2392/674/143 2391/675/143 2396/671/143 2397/670/143
f 2391/675/143 2390/676/143 2395/672/143 2396/671/143
f 2390/676/143 2389/677/143 2394/673/143 2395/672/143
f 2389/677/143 2388/514/143 2393/515/143 2394/673/143
f 2028/480/143 2387/678/143 2392/674/143 2029/481/143
f 2387/678/143 2386/679/143 2391/675/143 2392/674/143
f 2386/679/143 2385/680/143 2390/676/143 2391/675/143
f 2385/680/143 2384/681/143 2389/677/143 2390/676/143
f 2384/681/143 2383/513/143 2388/514/143 2389/677/143
f 2027/479/143 2382/682/143 2387/678/143 2028/480/143
f 2382/682/143 2381/683/143 2386/679/143 2387/678/143
f 2381/683/143 2380/684/143 2385/680/143 2386/679/143
f 2380/684/143 2379/685/143 2384/681/143 2385/680/143
f 2379/685/143 2378/512/143 2383/513/143 2384/681/143
f 2026/478/143 2377/686/143 2382/682/143 2027/479/143
f 2377/686/143 2376/687/143 2381/683/143 2382/682/143
f 2376/687/143 2375/688/143 2380/684/143 2381/683/143
f 2375/688/143 2374/689/143 2379/685/143 2380/684/143
f 2374/689/143 2373/528/143 2378/512/143 2379/685/143
f 2025/458/143 2372/690/143 2377/686/143 2026/478/143
f 2372/690/143 2371/691/143 2376/687/143 2377/686/143
f 2371/691/143 2370/692/143 2375/688/143 2376/687/143
f 2370/692/143 2369/693/143 2374/689/143 2375/688/143
f 2369/693/143 2368/526/143 2373/528/143 2374/689/143
f 2005/459/143 2247/533/143 2372/690/143 2025/458/143
f 2247/533/143 2246/633/143 2371/691/143 2372/690/143
f 2246/633/143 2245/625/143 2370/692/143 2371/691/143
f 2245/625/143 2244/622/143 2369/693/143 2370/692/143
f 2244/622/143 2243/524/143 2368/526/143 2369/693/143
f 2098/508/144 2099/467/144 2363/694/144 2358/695/144
f 2358/695/144 2363/694/144 2364/696/144 2359/697/144
f 2359/697/144 2364/696/144 2365/639/144 2360/638/144
f 2360/638/144 2365/639/144 2366/698/144 2361/699/144
f 2361/699/144 2366/698/144 2367/468/144 2362/523/144
f 2097/489/144 2098/508/144 2358/695/144 2353/700/144
f 2353/700/144 2358/695/144 2359/697/144 2354/701/144
f 2354/701/144 2359/697/144 2360/638/144 2355/644/144
f 2355/644/144 2360/638/144 2361/699/144 2356/702/144
f 2356/702/144 2361/699/144 2362/523/144 2357/522/144
f 2096/488/144 2097/489/144 2353/700/144 2348/703/144
f 2348/703/144 2353/700/144 2354/701/144 2349/704/144
f 2349/704/144 2354/701/144 2355/644/144 2350/648/144
f 2350/648/144 2355/644/144 2356/702/144 2351/705/144
f 2351/705/144 2356/702/144 2357/522/144 2352/521/144
f 2095/487/144 2096/488/144 2348/703/144 2343/706/144
f 2343/706/144 2348/703/144 2349/704/144 2344/707/144
f 2344/707/144 2349/704/144 2350/648/144 2345/652/144
f 2345/652/144 2350/648/144 2351/705/144 2346/708/144
f 2346/708/144 2351/705/144 2352/521/144 2347/520/144
f 2094/486/144 2095/487/144 2343/706/144 2338/709/144
f 2338/709/144 2343/706/144 2344/707/144 2339/710/144
f 2339/710/144 2344/707/144 2345/652/144 2340/656/144
f 2340/656/144 2345/652/144 2346/708/144 2341/711/144
f 2341/711/144 2346/708/144 2347/520/144 2342/519/144
f 2093/485/144 2094/486/144 2338/709/144 2333/712/144
f 2333/712/144 2338/709/144 2339/710/144 2334/713/144
f 2334/713/144 2339/710/144 2340/656/144 2335/660/144
f 2335/660/144 2340/656/144 2341/711/144 2336/714/144
f 2336/714/144 2341/711/144 2342/519/144 2337/518/144
f 2092/484/144 2093/485/144 2333/712/144 2328/715/144
f 2328/715/144 2333/712/144 2334/713/144 2329/716/144
f 2329/716/144 2334/713/144 2335/660/144 2330/664/144
f 2330/664/144 2335/660/144 2336/714/144 2331/717/144
f 2331/717/144 2336/714/144 2337/518/144 2332/517/144
f 2091/483/144 2092/484/144 2328/715/144 2323/718/144
f 2323/718/144 2328/715/144 2329/716/144 2324/719/144
f 2324/719/144 2329/716/144 2330/664/144 2325/668/144
f 2325/668/144 2330/664/144 2331/717/144 2326/720/144
f 2326/720/144 2331/717/144 2332/517/144 2327/516/144
f 2090/482/144 2091/483/144 2323/718/144 2318/721/144
f 2318/721/144 2323/718/144 2324/719/144 2319/722/144
f 2319/722/144 2324/719/144 2325/668/144 2320/672/144
f 2320/672/144 2325/668/144 2326/720/144 2321/723/144
f 2321/723/144 2326/720/144 2327/516/144 2322/515/144
f 2089/481/144 2090/482/144 2318/721/144 2313/724/144
f 2313/724/144 2318/721/144 2319/722/144 2314/725/144
f 2314/725/144 2319/722/144 2320/672/144 2315/676/144
f 2315/676/144 2320/672/144 2321/723/144 2316/726/144
f 2316/726/144 2321/723/144 2322/515/144 2317/514/144
f 2088/480/144 2089/481/144 2313/724/144 2308/727/144
f 2308/727/144 2313/724/144 2314/725/144 2309/728/144
f 2309/728/144 2314/725/144 2315/676/144 2310/680/144
f 2310/680/144 2315/676/144 2316/726/144 2311/729/144
f 2311/729/144 2316/726/144 2317/514/144 2312/513/144
f 2087/479/144 2088/480/144 2308/727/144 2303/730/144
f 2303/730/144 2308/727/144 2309/728/144 2304/731/144
f 2304/731/144 2309/728/144 2310/680/144 2305/684/144
f 2305/684/144 2310/680/144 2311/729/144 2306/732/144
f 2306/732/144 2311/729/144 2312/513/144 2307/512/144
f 2086/478/144 2087/479/144 2303/730/144 2298/733/144
f 2298/733/144 2303/730/144 2304/731/144 2299/734/144
f 2299/734/144 2304/731/144 2305/684/144 2300/735/144
f 2300/735/144 2305/684/144 2306/732/144 2301/736/144
f 2301/736/144 2306/732/144 2307/512/144 2302/511/144
f 2085/458/144 2086/478/144 2298/733/144 2293/737/144
f 2293/737/144 2298/733/144 2299/734/144 2294/738/144
f 2294/738/144 2299/734/144 2300/735/144 2295/739/144
f 2295/739/144 2300/735/144 2301/736/144 2296/740/144
f 2296/740/144 2301/736/144 2302/511/144 2297/510/144
f 2014/459/144 2085/458/144 2293/737/144 2267/471/144
f 2267/471/144 2293/737/144 2294/738/144 2266/741/144
f 2266/741/144 2294/738/144 2295/739/144 2265/625/144
f 2265/625/144 2295/739/144 2296/740/144 2264/742/144
f 2264/742/144 2296/740/144 2297/510/144 2263/476/144
f 2014/459/144 2267/471/144 2287/471/144 2022/459/144
f 2267/471/144 2266/741/144 2286/741/144 2287/471/144
f 2266/741/144 2265/625/144 2285/625/144 2286/741/144
f 2265/625/144 2264/742/144 2284/742/144 2285/625/144
f 2264/742/144 2263/476/144 2283/477/144 2284/742/144
f 2016/456/144 2272/469/144 2292/460/144 2024/456/144
f 2272/469/144 2271/632/144 2291/632/144 2292/460/144
f 2271/632/144 2270/612/144 2290/612/144 2291/632/144
f 2270/612/144 2269/743/144 2289/631/144 2290/612/144
f 2269/743/144 2268/474/144 2288/475/144 2289/631/144
f 2017/464/146 2273/477/146 2283/477/146 2021/464/146
f 2273/477/146 2274/742/146 2284/742/146 2283/477/146
f 2274/742/146 2275/625/146 2285/625/146 2284/742/146
f 2275/625/146 2276/741/146 2286/741/146 2285/625/146
f 2276/741/146 2277/471/146 2287/471/146 2286/741/146
f 2019/466/145 2278/744/145 2288/475/145 2023/466/145
f 2278/744/145 2279/743/145 2289/631/145 2288/475/145
f 2279/743/145 2280/612/145 2290/612/145 2289/631/145
f 2280/612/145 2281/632/145 2291/632/145 2290/612/145
f 2281/632/145 2282/460/145 2292/460/145 2291/632/145
f 2011/466/143 2258/607/143 2278/744/143 2019/466/143
f 2258/607/143 2259/745/143 2279/743/143 2278/744/143
f 2259/745/143 2260/612/143 2280/612/143 2279/743/143
f 2260/612/143 2261/746/143 2281/632/143 2280/612/143
f 2261/746/143 2262/457/143 2282/460/143 2281/632/143
f 2009/464/143 2253/476/143 2273/477/143 2017/464/143
f 2253/476/143 2254/747/143 2274/742/143 2273/477/143
f 2254/747/143 2255/625/143 2275/625/143 2274/742/143
f 2255/625/143 2256/741/143 2276/741/143 2275/625/143
f 2256/741/143 2257/462/143 2277/471/143 2276/741/143
f 2099/467/144 2015/466/144 2268/474/144 2363/694/144
f 2363/694/144 2268/474/144 2269/743/144 2364/696/144
f 2364/696/144 2269/743/144 2270/612/144 2365/639/144
f 2365/639/144 2270/612/144 2271/632/144 2366/698/144
f 2366/698/144 2271/632/144 2272/469/144 2367/468/144
f 2242/464/146 2457/477/146 2253/476/146 2009/464/146
f 2457/477/146 2456/622/146 2254/747/146 2253/476/146
f 2456/622/146 2455/625/146 2255/625/146 2254/747/146
f 2455/625/146 2454/627/146 2256/741/146 2255/625/146
f 2454/627/146 2453/461/146 2257/462/146 2256/741/146
f 2241/466/145 2462/607/145 2258/607/145 2011/466/145
f 2462/607/145 2461/608/145 2259/745/145 2258/607/145
f 2461/608/145 2460/612/145 2260/612/145 2259/745/145
f 2460/612/145 2459/614/145 2261/746/145 2260/612/145
f 2459/614/145 2458/460/145 2262/457/145 2261/746/145
f 2039/465/143 2442/635/143 2248/630/143 2006/466/143
f 2442/635/143 2441/637/143 2249/631/143 2248/630/143
f 2441/637/143 2440/639/143 2250/612/143 2249/631/143
f 2440/639/143 2439/641/143 2251/632/143 2250/612/143
f 2439/641/143 2438/454/143 2252/457/143 2251/632/143
f 2178/464/146 2447/477/146 2464/748/146 2463/749/146
f 2447/477/146 2457/477/146 2465/750/146 2464/748/146
f 2457/477/146 2242/464/146 2466/751/146 2465/750/146
f 2242/464/146 2178/464/146 2463/749/146 2466/751/146
f 2446/622/146 2445/625/146 2468/752/146 2467/753/146
f 2445/625/146 2455/625/146 2469/752/146 2468/752/146
f 2455/625/146 2456/622/146 2470/753/146 2469/752/146
f 2456/622/146 2446/622/146 2467/753/146 2470/753/146
f 2444/626/146 2443/461/146 2472/754/146 2471/755/146
f 2443/461/146 2453/461/146 2473/756/146 2472/754/146
f 2453/461/146 2454/627/146 2474/757/146 2473/756/146
f 2454/627/146 2444/626/146 2471/755/146 2474/757/146
f 2176/466/145 2452/607/145 2476/605/145 2475/604/145
f 2452/607/145 2462/607/145 2477/605/145 2476/605/145
f 2462/607/145 2241/466/145 2478/606/145 2477/605/145
f 2241/466/145 2176/466/145 2475/604/145 2478/606/145
f 2451/608/145 2450/612/145 2480/610/145 2479/609/145
f 2450/612/145 2460/612/145 2481/611/145 2480/610/145
f 2460/612/145 2461/608/145 2482/609/145 2481/611/145
f 2461/608/145 2451/608/145 2479/609/145 2482/609/145
f 2449/613/145 2448/460/145 2484/616/145 2483/615/145
f 2448/460/145 2458/460/145 2485/617/145 2484/616/145
f 2458/460/145 2459/614/145 2486/618/145 2485/617/145
f 2459/614/145 2449/613/145 2483/615/145 2486/618/145
f 2192/508/148 2193/465/148 2500/552/148 2499/551/148
f 2193/465/148 2225/465/148 2501/553/148 2500/552/148
f 2225/465/148 2224/508/148 2502/551/148 2501/553/148
f 2224/508/148 2192/508/148 2499/551/148 2502/551/148
f 2191/489/148 2192/508/148 2504/555/148 2503/554/148
f 2192/508/148 2224/508/148 2505/556/148 2504/555/148
f 2224/508/148 2223/489/148 2506/557/148 2505/556/148
f 2223/489/148 2191/489/148 2503/554/148 2506/557/148
f 2190/488/148 2191/489/148 2508/559/148 2507/558/148
f 2191/489/148 2223/489/148 2509/560/148 2508/559/148
f 2223/489/148 2222/488/148 2510/561/148 2509/560/148
f 2222/488/148 2190/488/148 2507/558/148 2510/561/148
f 2189/487/148 2190/488/148 2512/563/148 2511/562/148
f 2190/488/148 2222/488/148 2513/564/148 2512/563/148
f 2222/488/148 2221/487/148 2514/565/148 2513/564/148
f 2221/487/148 2189/487/148 2511/562/148 2514/565/148
f 2188/486/148 2189/487/148 2516/567/148 2515/566/148
f 2189/487/148 2221/487/148 2517/567/148 2516/567/148
f 2221/487/148 2220/486/148 2518/566/148 2517/567/148
f 2220/486/148 2188/486/148 2515/566/148 2518/566/148
f 2187/485/148 2188/486/148 2520/569/148 2519/568/148
f 2188/486/148 2220/486/148 2521/570/148 2520/569/148
f 2220/486/148 2219/485/148 2522/568/148 2521/570/148
f 2219/485/148 2187/485/148 2519/568/148 2522/568/148
f 2186/531/148 2187/485/148 2524/572/148 2523/571/148
f 2187/485/148 2219/485/148 2525/572/148 2524/572/148
f 2219/485/148 2218/484/148 2526/571/148 2525/572/148
f 2218/484/148 2186/531/148 2523/571/148 2526/571/148
f 2185/483/148 2186/531/148 2528/574/148 2527/573/148
f 2186/531/148 2218/484/148 2529/575/148 2528/574/148
f 2218/484/148 2217/483/148 2530/573/148 2529/575/148
f 2217/483/148 2185/483/148 2527/573/148 2530/573/148
f 2184/482/148 2185/483/148 2532/577/148 2531/576/148
f 2185/483/148 2217/483/148 2533/578/148 2532/577/148
f 2217/483/148 2216/482/148 2534/576/148 2533/578/148
f 2216/482/148 2184/482/148 2531/576/148 2534/576/148
f 2183/481/148 2184/482/148 2536/580/148 2535/579/148
f 2184/482/148 2216/482/148 2537/581/148 2536/580/148
f 2216/482/148 2215/481/148 2538/582/148 2537/581/148
f 2215/481/148 2183/481/148 2535/579/148 2538/582/148
f 2182/480/148 2183/481/148 2540/584/148 2539/583/148
f 2183/481/148 2215/481/148 2541/584/148 2540/584/148
f 2215/481/148 2214/480/148 2542/585/148 2541/584/148
f 2214/480/148 2182/480/148 2539/583/148 2542/585/148
f 2181/479/148 2182/480/148 2544/587/148 2543/586/148
f 2182/480/148 2214/480/148 2545/587/148 2544/587/148
f 2214/480/148 2213/479/148 2546/588/148 2545/587/148
f 2213/479/148 2181/479/148 2543/586/148 2546/588/148
f 2180/478/148 2181/479/148 2548/590/148 2547/589/148
f 2181/479/148 2213/479/148 2549/590/148 2548/590/148
f 2213/479/148 2212/478/148 2550/591/148 2549/590/148
f 2212/478/148 2180/478/148 2547/589/148 2550/591/148
f 2179/458/148 2180/478/148 2552/593/148 2551/592/148
f 2180/478/148 2212/478/148 2553/594/148 2552/593/148
f 2212/478/148 2211/458/148 2554/595/148 2553/594/148
f 2211/458/148 2179/458/148 2551/592/148 2554/595/148
f 2177/459/148 2179/458/148 2556/597/148 2555/596/148
f 2179/458/148 2211/458/148 2557/597/148 2556/597/148
f 2211/458/148 2210/459/148 2558/598/148 2557/597/148
f 2210/459/148 2177/459/148 2555/596/148 2558/598/148
f 2193/465/148 2176/466/148 2560/600/148 2559/599/148
f 2176/466/148 2241/466/148 2561/600/148 2560/600/148
f 2241/466/148 2225/465/148 2562/601/148 2561/600/148
f 2225/465/148 2193/465/148 2559/599/148 2562/601/148
f 2207/527/147 2208/525/147 2564/535/147 2563/534/147
f 2208/525/147 2240/463/147 2565/758/147 2564/535/147
f 2240/463/147 2239/506/147 2566/534/147 2565/758/147
f 2239/506/147 2207/527/147 2563/534/147 2566/534/147
f 2206/504/147 2207/527/147 2568/759/147 2567/760/147
f 2207/527/147 2239/506/147 2569/761/147 2568/759/147
f 2239/506/147 2238/504/147 2570/762/147 2569/761/147
f 2238/504/147 2206/504/147 2567/760/147 2570/762/147
f 2205/503/147 2206/504/147 2572/763/147 2571/764/147
f 2206/504/147 2238/504/147 2573/602/147 2572/763/147
f 2238/504/147 2237/503/147 2574/603/147 2573/602/147
f 2237/503/147 2205/503/147 2571/764/147 2574/603/147
f 2204/502/147 2205/503/147 2576/536/147 2575/540/147
f 2205/503/147 2237/503/147 2577/537/147 2576/536/147
f 2237/503/147 2236/502/147 2578/540/147 2577/537/147
f 2236/502/147 2204/502/147 2575/540/147 2578/540/147
f 2203/501/147 2204/502/147 2580/765/147 2579/766/147
f 2204/502/147 2236/502/147 2581/767/147 2580/765/147
f 2236/502/147 2235/501/147 2582/766/147 2581/767/147
f 2235/501/147 2203/501/147 2579/766/147 2582/766/147
f 2202/500/147 2203/501/147 2584/768/147 2583/769/147
f 2203/501/147 2235/501/147 2585/770/147 2584/768/147
f 2235/501/147 2234/500/147 2586/771/147 2585/770/147
f 2234/500/147 2202/500/147 2583/769/147 2586/771/147
f 2201/499/147 2202/500/147 2588/543/147 2587/544/147
f 2202/500/147 2234/500/147 2589/541/147 2588/543/147
f 2234/500/147 2233/499/147 2590/542/147 2589/541/147
f 2233/499/147 2201/499/147 2587/544/147 2590/542/147
f 2200/498/147 2201/499/147 2592/772/147 2591/773/147
f 2201/499/147 2233/499/147 2593/772/147 2592/772/147
f 2233/499/147 2232/498/147 2594/774/147 2593/772/147
f 2232/498/147 2200/498/147 2591/773/147 2594/774/147
f 2199/497/147 2200/498/147 2596/775/147 2595/776/147
f 2200/498/147 2232/498/147 2597/777/147 2596/775/147
f 2232/498/147 2231/497/147 2598/776/147 2597/777/147
f 2231/497/147 2199/497/147 2595/776/147 2598/776/147
f 2198/496/147 2199/497/147 2600/547/147 2599/546/147
f 2199/497/147 2231/497/147 2601/545/147 2600/547/147
f 2231/497/147 2230/496/147 2602/546/147 2601/545/147
f 2230/496/147 2198/496/147 2599/546/147 2602/546/147
f 2197/495/147 2198/496/147 2604/778/147 2603/779/147
f 2198/496/147 2230/496/147 2605/780/147 2604/778/147
f 2230/496/147 2229/495/147 2606/779/147 2605/780/147
f 2229/495/147 2197/495/147 2603/779/147 2606/779/147
f 2196/494/147 2197/495/147 2608/781/147 2607/782/147
f 2197/495/147 2229/495/147 2609/783/147 2608/781/147
f 2229/495/147 2228/494/147 2610/782/147 2609/783/147
f 2228/494/147 2196/494/147 2607/782/147 2610/782/147
f 2195/493/147 2196/494/147 2612/550/147 2611/549/147
f 2196/494/147 2228/494/147 2613/548/147 2612/550/147
f 2228/494/147 2227/493/147 2614/549/147 2613/548/147
f 2227/493/147 2195/493/147 2611/549/147 2614/549/147
f 2194/455/147 2195/493/147 2616/539/147 2615/538/147
f 2195/493/147 2227/493/147 2617/784/147 2616/539/147
f 2227/493/147 2226/455/147 2618/785/147 2617/784/147
f 2226/455/147 2194/455/147 2615/538/147 2618/785/147
f 2175/456/147 2194/455/147 2620/786/147 2619/787/147
f 2194/455/147 2226/455/147 2621/788/147 2620/786/147
f 2226/455/147 2209/456/147 2622/789/147 2621/788/147
f 2209/456/147 2175/456/147 2619/787/147 2622/789/147
f 2208/525/147 2178/464/147 2624/790/147 2623/791/147
f 2178/464/147 2242/464/147 2625/792/147 2624/790/147
f 2242/464/147 2240/463/147 2626/791/147 2625/792/147
f 2240/463/147 2208/525/147 2623/791/147 2626/791/147
f 2628/534/147 2627/535/147 2630/758/147 2629/534/147
f 2632/760/147 2631/759/147 2634/761/147 2633/762/147
f 2636/764/147 2635/763/147 2638/602/147 2637/603/147
f 2640/540/147 2639/536/147 2642/537/147 2641/540/147
f 2644/766/147 2643/765/147 2646/767/147 2645/766/147
f 2648/769/147 2647/768/147 2650/770/147 2649/771/147
f 2652/544/147 2651/543/147 2654/541/147 2653/542/147
f 2656/773/147 2655/772/147 2658/772/147 2657/774/147
f 2660/776/147 2659/775/147 2662/777/147 2661/776/147
f 2664/546/147 2663/547/147 2666/545/147 2665/546/147
f 2668/779/147 2667/778/147 2670/780/147 2669/779/147
f 2672/782/147 2671/781/147 2674/783/147 2673/782/147
f 2676/549/147 2675/550/147 2678/548/147 2677/549/147
f 2680/538/147 2679/539/147 2682/784/147 2681/785/147
f 2684/787/147 2683/786/147 2686/788/147 2685/789/147
f 2688/791/147 2687/790/147 2690/792/147 2689/791/147
f 2618/785/146 2615/538/146 2680/538/146 2681/785/146
f 2577/537/143 2578/540/143 2641/540/143 2642/537/143
f 2566/534/146 2563/534/146 2628/534/146 2629/534/146
f 2616/539/145 2617/784/145 2682/784/145 2679/539/145
f 2603/779/144 2604/778/144 2667/778/144 2668/779/144
f 2564/535/145 2565/758/145 2630/758/145 2627/535/145
f 2617/784/143 2618/785/143 2681/785/143 2682/784/143
f 2606/779/146 2603/779/146 2668/779/146 2669/779/146
f 2565/758/143 2566/534/143 2629/534/143 2630/758/143
f 2604/778/145 2605/780/145 2670/780/145 2667/778/145
f 2591/773/144 2592/772/144 2655/772/144 2656/773/144
f 2605/780/143 2606/779/143 2669/779/143 2670/780/143
f 2594/774/146 2591/773/146 2656/773/146 2657/774/146
f 2592/772/145 2593/772/145 2658/772/145 2655/772/145
f 2579/766/144 2580/765/144 2643/765/144 2644/766/144
f 2593/772/143 2594/774/143 2657/774/143 2658/772/143
f 2582/766/146 2579/766/146 2644/766/146 2645/766/146
f 2619/787/144 2620/786/144 2683/786/144 2684/787/144
f 2580/765/145 2581/767/145 2646/767/145 2643/765/145
f 2567/760/144 2568/759/144 2631/759/144 2632/760/144
f 2622/789/146 2619/787/146 2684/787/146 2685/789/146
f 2581/767/143 2582/766/143 2645/766/143 2646/767/143
f 2570/762/146 2567/760/146 2632/760/146 2633/762/146
f 2620/786/145 2621/788/145 2686/788/145 2683/786/145
f 2607/782/144 2608/781/144 2671/781/144 2672/782/144
f 2568/759/145 2569/761/145 2634/761/145 2631/759/145
f 2621/788/143 2622/789/143 2685/789/143 2686/788/143
f 2610/782/146 2607/782/146 2672/782/146 2673/782/146
f 2569/761/143 2570/762/143 2633/762/143 2634/761/143
f 2608/781/145 2609/783/145 2674/783/145 2671/781/145
f 2595/776/144 2596/775/144 2659/775/144 2660/776/144
f 2609/783/143 2610/782/143 2673/782/143 2674/783/143
f 2598/776/146 2595/776/146 2660/776/146 2661/776/146
f 2596/775/145 2597/777/145 2662/777/145 2659/775/145
f 2583/769/144 2584/768/144 2647/768/144 2648/769/144
f 2597/777/143 2598/776/143 2661/776/143 2662/777/143
f 2586/771/146 2583/769/146 2648/769/146 2649/771/146
f 2623/791/144 2624/790/144 2687/790/144 2688/791/144
f 2584/768/145 2585/770/145 2650/770/145 2647/768/145
f 2571/764/144 2572/763/144 2635/763/144 2636/764/144
f 2626/791/146 2623/791/146 2688/791/146 2689/791/146
f 2585/770/143 2586/771/143 2649/771/143 2650/770/143
f 2574/603/146 2571/764/146 2636/764/146 2637/603/146
f 2624/790/145 2625/792/145 2690/792/145 2687/790/145
f 2611/549/144 2612/550/144 2675/550/144 2676/549/144
f 2572/763/145 2573/602/145 2638/602/145 2635/763/145
f 2625/792/143 2626/791/143 2689/791/143 2690/792/143
f 2614/549/146 2611/549/146 2676/549/146 2677/549/146
usemtl A13_windows
f 1131/554/148 1132/555/148 1133/556/148 1134/557/148
f 1139/562/148 1140/563/148 1141/564/148 1142/565/148
f 1147/568/148 1148/569/148 1149/570/148 1150/568/148
f 1155/573/148 1156/574/148 1157/575/148 1158/573/148
f 1163/579/148 1164/580/148 1165/581/148 1166/582/148
f 1171/586/148 1172/587/148 1173/587/148 1174/588/148
f 1179/592/148 1180/593/148 1181/594/148 1182/595/148
f 1183/596/148 1184/597/148 1185/597/148 1186/598/148
f 1187/599/148 1188/600/148 1189/600/148 1190/601/148
f 1103/604/145 1104/605/145 1105/605/145 1106/606/145
f 1107/609/145 1108/610/145 1109/611/145 1110/609/145
f 1111/615/145 1112/616/145 1113/617/145 1114/618/145
f 1115/619/146 1116/620/146 1117/621/146 1118/619/146
f 1119/623/146 1120/624/146 1121/624/146 1122/623/146
f 1123/628/146 1124/629/146 1125/629/146 1126/628/146
f 1091/749/146 1092/748/146 1116/620/146 1115/619/146
f 1092/748/146 1093/750/146 1117/621/146 1116/620/146
f 1093/750/146 1094/751/146 1118/619/146 1117/621/146
f 1094/751/146 1091/749/146 1115/619/146 1118/619/146
f 1095/753/146 1096/752/146 1120/624/146 1119/623/146
f 1096/752/146 1097/752/146 1121/624/146 1120/624/146
f 1097/752/146 1098/753/146 1122/623/146 1121/624/146
f 1098/753/146 1095/753/146 1119/623/146 1122/623/146
f 1099/755/146 1100/754/146 1124/629/146 1123/628/146
f 1100/754/146 1101/756/146 1125/629/146 1124/629/146
f 1101/756/146 1102/757/146 1126/628/146 1125/629/146
f 1102/757/146 1099/755/146 1123/628/146 1126/628/146
f 1817/554/148 1818/555/148 1819/556/148 1820/557/148
f 1825/562/148 1826/563/148 1827/564/148 1828/565/148
f 1833/568/148 1834/569/148 1835/570/148 1836/568/148
f 1841/573/148 1842/574/148 1843/575/148 1844/573/148
f 1849/579/148 1850/580/148 1851/581/148 1852/582/148
f 1857/586/148 1858/587/148 1859/587/148 1860/588/148
f 1865/592/148 1866/593/148 1867/594/148 1868/595/148
f 1869/596/148 1870/597/148 1871/597/148 1872/598/148
f 1873/599/148 1874/600/148 1875/600/148 1876/601/148
f 1789/604/145 1790/605/145 1791/605/145 1792/606/145
f 1793/609/145 1794/610/145 1795/611/145 1796/609/145
f 1797/615/145 1798/616/145 1799/617/145 1800/618/145
f 1801/619/146 1802/620/146 1803/621/146 1804/619/146
f 1805/623/146 1806/624/146 1807/624/146 1808/623/146
f 1809/628/146 1810/629/146 1811/629/146 1812/628/146
f 1777/749/146 1778/748/146 1802/620/146 1801/619/146
f 1778/748/146 1779/750/146 1803/621/146 1802/620/146
f 1779/750/146 1780/751/146 1804/619/146 1803/621/146
f 1780/751/146 1777/749/146 1801/619/146 1804/619/146
f 1781/753/146 1782/752/146 1806/624/146 1805/623/146
f 1782/752/146 1783/752/146 1807/624/146 1806/624/146
f 1783/752/146 1784/753/146 1808/623/146 1807/624/146
f 1784/753/146 1781/753/146 1805/623/146 1808/623/146
f 1785/755/146 1786/754/146 1810/629/146 1809/628/146
f 1786/754/146 1787/756/146 1811/629/146 1810/629/146
f 1787/756/146 1788/757/146 1812/628/146 1811/629/146
f 1788/757/146 1785/755/146 1809/628/146 1812/628/146
f 2503/554/148 2504/555/148 2505/556/148 2506/557/148
f 2511/562/148 2512/563/148 2513/564/148 2514/565/148
f 2519/568/148 2520/569/148 2521/570/148 2522/568/148
f 2527/573/148 2528/574/148 2529/575/148 2530/573/148
f 2535/579/148 2536/580/148 2537/581/148 2538/582/148
f 2543/586/148 2544/587/148 2545/587/148 2546/588/148
f 2551/592/148 2552/593/148 2553/594/148 2554/595/148
f 2555/596/148 2556/597/148 2557/597/148 2558/598/148
f 2559/599/148 2560/600/148 2561/600/148 2562/601/148
f 2475/604/145 2476/605/145 2477/605/145 2478/606/145
f 2479/609/145 2480/610/145 2481/611/145 2482/609/145
f 2483/615/145 2484/616/145 2485/617/145 2486/618/145
f 2487/619/146 2488/620/146 2489/621/146 2490/619/146
f 2491/623/146 2492/624/146 2493/624/146 2494/623/146
f 2495/628/146 2496/629/146 2497/629/146 2498/628/146
f 2463/749/146 2464/748/146 2488/620/146 2487/619/146
f 2464/748/146 2465/750/146 2489/621/146 2488/620/146
f 2465/750/146 2466/751/146 2490/619/146 2489/621/146
f 2466/751/146 2463/749/146 2487/619/146 2490/619/146
f 2467/753/146 2468/752/146 2492/624/146 2491/623/146
f 2468/752/146 2469/752/146 2493/624/146 2492/624/146
f 2469/752/146 2470/753/146 2494/623/146 2493/624/146
f 2470/753/146 2467/753/146 2491/623/146 2494/623/146
f 2471/755/146 2472/754/146 2496/629/146 2495/628/146
f 2472/754/146 2473/756/146 2497/629/146 2496/629/146
f 2473/756/146 2474/757/146 2498/628/146 2497/629/146
f 2474/757/146 2471/755/146 2495/628/146 2498/628/146
