# Blender 4.0.2
# www.blender.org
mtllib A14.mtl
o Text.032
v -8.718877 4.369885 31.478434
v -8.718877 4.369885 31.834602
v -8.936340 4.369885 31.834602
v -8.936340 4.369885 33.066097
v -9.175734 4.369885 33.066097
v -9.175734 4.369885 31.834602
v -9.983454 4.369885 31.834602
v -9.983454 4.369885 31.620296
v -9.290861 4.369885 28.342346
v -9.051468 4.369885 28.342346
v -9.051468 4.369885 28.345238
v -9.051468 4.369885 28.347879
v -9.051468 4.369885 28.350269
v -9.051468 4.369885 28.352406
v -9.051468 4.369885 28.354294
v -9.051468 4.369885 28.355928
v -9.051468 4.369885 28.357311
v -9.051468 4.369885 28.358444
v -9.051468 4.369885 28.359324
v -9.051468 4.369885 28.359953
v -9.051468 4.369885 28.360331
v -9.051468 4.369885 28.360455
v -9.709341 4.369885 31.478434
v -9.175734 4.369885 31.478434
v -9.175734 4.369885 29.763998
v -8.936340 4.369885 29.763998
v -8.936340 4.369885 31.478434
v -10.308736 4.369885 28.342346
v -10.308736 4.369885 33.066097
v -10.564575 4.369885 33.066097
v -10.564575 4.369885 29.791164
v -10.676048 4.369885 29.791164
v -10.676048 4.369885 29.776072
v -10.515235 4.369885 28.342346
v -11.443566 4.369885 28.330273
v -10.937369 4.369885 33.066097
v -11.189554 4.369885 33.066097
v -11.290062 4.369885 32.015705
v -11.858391 4.369885 32.015705
v -11.958899 4.369885 33.066097
v -12.203774 4.369885 33.066097
v -12.203774 4.369885 33.054024
v -11.693923 4.369885 28.330273
v -11.825498 4.369885 31.644444
v -11.322956 4.369885 31.644444
v -11.573313 4.369885 29.084866
v -8.718877 3.681008 31.478434
v -8.718877 3.681008 31.834602
v -8.936340 3.681008 31.834602
v -8.936340 3.681008 33.066097
v -9.175734 3.681008 33.066097
v -9.175734 3.681008 31.834602
v -9.983454 3.681008 31.834602
v -9.983454 3.681008 31.620296
v -9.290861 3.681008 28.342346
v -9.051468 3.681008 28.342346
v -9.051468 3.681008 28.345238
v -9.051468 3.681008 28.347879
v -9.051468 3.681008 28.350269
v -9.051468 3.681008 28.352406
v -9.051468 3.681008 28.354294
v -9.051468 3.681008 28.355928
v -9.051468 3.681008 28.357311
v -9.051468 3.681008 28.358444
v -9.051468 3.681008 28.359324
v -9.051468 3.681008 28.359953
v -9.051468 3.681008 28.360331
v -9.051468 3.681008 28.360455
v -9.709341 3.681008 31.478434
v -9.175734 3.681008 31.478434
v -9.175734 3.681008 29.763998
v -8.936340 3.681008 29.763998
v -8.936340 3.681008 31.478434
v -10.308736 3.681008 28.342346
v -10.308736 3.681008 33.066097
v -10.564575 3.681008 33.066097
v -10.564575 3.681008 29.791164
v -10.676048 3.681008 29.791164
v -10.676048 3.681008 29.776072
v -10.515235 3.681008 28.342346
v -11.443566 3.681008 28.330273
v -10.937369 3.681008 33.066097
v -11.189554 3.681008 33.066097
v -11.290062 3.681008 32.015705
v -11.858391 3.681008 32.015705
v -11.958899 3.681008 33.066097
v -12.203774 3.681008 33.066097
v -12.203774 3.681008 33.054024
v -11.693923 3.681008 28.330273
v -11.825498 3.681008 31.644444
v -11.322956 3.681008 31.644444
v -11.573313 3.681008 29.084866
v -11.443566 3.681008 28.330273
v -11.443566 4.369885 28.330273
v -10.937369 3.681008 33.066097
v -10.937369 4.369885 33.066097
v -11.189554 3.681008 33.066097
v -11.189554 4.369885 33.066097
v -11.290062 3.681008 32.015705
v -11.290062 4.369885 32.015705
v -11.858391 3.681008 32.015705
v -11.858391 4.369885 32.015705
v -11.958899 3.681008 33.066097
v -11.958899 4.369885 33.066097
v -12.203774 3.681008 33.066097
v -12.203774 4.369885 33.066097
v -12.203774 3.681008 33.054024
v -12.203774 4.369885 33.054024
v -11.693923 3.681008 28.330273
v -11.693923 4.369885 28.330273
v -11.825498 3.681008 31.644444
v -11.825498 4.369885 31.644444
v -11.322956 3.681008 31.644444
v -11.322956 4.369885 31.644444
v -11.573313 3.681008 29.084866
v -11.573313 4.369885 29.084866
v -10.308736 3.681008 28.342346
v -10.308736 4.369885 28.342346
v -10.308736 3.681008 33.066097
v -10.308736 4.369885 33.066097
v -10.564575 3.681008 33.066097
v -10.564575 4.369885 33.066097
v -10.564575 3.681008 29.791164
v -10.564575 4.369885 29.791164
v -10.676048 3.681008 29.791164
v -10.676048 4.369885 29.791164
v -10.676048 3.681008 29.776072
v -10.676048 4.369885 29.776072
v -10.515235 3.681008 28.342346
v -10.515235 4.369885 28.342346
v -8.718877 3.681008 31.478434
v -8.718877 4.369885 31.478434
v -8.718877 3.681008 31.834602
v -8.718877 4.369885 31.834602
v -8.936340 3.681008 31.834602
v -8.936340 4.369885 31.834602
v -8.936340 3.681008 33.066097
v -8.936340 4.369885 33.066097
v -9.175734 3.681008 33.066097
v -9.175734 4.369885 33.066097
v -9.175734 3.681008 31.834602
v -9.175734 4.369885 31.834602
v -9.983454 3.681008 31.834602
v -9.983454 4.369885 31.834602
v -9.983454 3.681008 31.620296
v -9.983454 4.369885 31.620296
v -9.290861 3.681008 28.342346
v -9.290861 4.369885 28.342346
v -9.051468 3.681008 28.342346
v -9.051468 4.369885 28.342346
v -9.051468 3.681008 28.345238
v -9.051468 4.369885 28.345238
v -9.051468 3.681008 28.347879
v -9.051468 4.369885 28.347879
v -9.051468 3.681008 28.350269
v -9.051468 4.369885 28.350269
v -9.051468 3.681008 28.352406
v -9.051468 4.369885 28.352406
v -9.051468 3.681008 28.354294
v -9.051468 4.369885 28.354294
v -9.051468 3.681008 28.355928
v -9.051468 4.369885 28.355928
v -9.051468 3.681008 28.357311
v -9.051468 4.369885 28.357311
v -9.051468 3.681008 28.358444
v -9.051468 4.369885 28.358444
v -9.051468 3.681008 28.359324
v -9.051468 4.369885 28.359324
v -9.051468 3.681008 28.359953
v -9.051468 4.369885 28.359953
v -9.051468 3.681008 28.360331
v -9.051468 4.369885 28.360331
v -9.051468 3.681008 28.360455
v -9.051468 4.369885 28.360455
v -9.709341 3.681008 31.478434
v -9.709341 4.369885 31.478434
v -9.175734 3.681008 31.478434
v -9.175734 4.369885 31.478434
v -9.175734 3.681008 29.763998
v -9.175734 4.369885 29.763998
v -8.936340 3.681008 29.763998
v -8.936340 4.369885 29.763998
v -8.936340 3.681008 31.478434
v -8.936340 4.369885 31.478434
vn -0.0000 1.0000 -0.0000
vn -0.0001 1.0000 -0.0000
vn 0.0001 1.0000 -0.0000
vn -0.0013 1.0000 -0.0000
vn -0.0000 -1.0000 -0.0000
vn -0.0001 -1.0000 -0.0000
vn 0.0001 -1.0000 -0.0000
vn -0.0013 -1.0000 -0.0000
vn 0.8109 -0.0000 -0.5852
vn 0.8916 -0.0000 0.4528
vn -0.8159 -0.0000 0.5782
vn 0.8159 -0.0000 0.5782
vn -0.8554 -0.0000 0.5179
vn -0.9986 -0.0000 -0.0535
vn -0.8104 -0.0000 -0.5859
vn 0.8891 -0.0000 -0.4578
vn -0.8889 -0.0000 -0.4582
vn -0.0009 -0.0000 1.0000
vn 0.8554 -0.0000 -0.5179
vn 0.8554 -0.0000 0.5179
vn -0.9985 -0.0000 -0.0555
vn -0.8085 -0.0000 -0.5885
vn -0.9948 -0.0000 -0.1021
vn -0.7610 -0.0000 -0.6488
vn 1.0000 -0.0000 -0.0000
vn 0.9948 -0.0000 0.1019
vn 0.9186 -0.0000 -0.3951
vn -0.8554 -0.0000 -0.5179
vt 0.269231 0.000000
vt 0.346154 0.000000
vt 0.307692 0.000000
vt 0.384615 0.000000
vt 0.423077 0.000000
vt 0.461538 0.000000
vt 0.500000 0.000000
vt 0.538462 0.000000
vt 0.576923 0.000000
vt 0.615385 0.000000
vt 0.653846 0.000000
vt 0.692308 0.000000
vt 0.730769 0.000000
vt 0.769231 0.000000
vt 0.807692 0.000000
vt 0.846154 0.000000
vt 0.884615 0.000000
vt 0.961538 0.000000
vt 0.923077 0.000000
vt 1.000000 0.000000
vt 0.000000 0.000000
vt 0.038462 0.000000
vt 0.230769 0.000000
vt 0.192308 0.000000
vt 0.153846 0.000000
vt 0.076923 0.000000
vt 0.115385 0.000000
vt 0.833333 0.000000
vt 0.166667 0.000000
vt 0.666667 0.000000
vt 0.333333 0.000000
vt 0.636364 0.000000
vt 0.727273 0.000000
vt 0.090909 0.000000
vt 0.818182 0.000000
vt 0.909091 0.000000
vt 0.363636 0.000000
vt 0.272727 0.000000
vt 0.454545 0.000000
vt 0.181818 0.000000
vt 0.545455 0.000000
vt 0.000000 1.000000
vt 0.111111 1.000000
vt 0.111111 0.000000
vt 0.222222 1.000000
vt 0.222222 0.000000
vt 0.333333 1.000000
vt 0.444444 1.000000
vt 0.444444 0.000000
vt 0.555556 1.000000
vt 0.555556 0.000000
vt 0.666667 1.000000
vt 0.777778 1.000000
vt 0.777778 0.000000
vt 0.888889 1.000000
vt 0.888889 0.000000
vt 1.000000 1.000000
vt 0.142857 1.000000
vt 0.142857 0.000000
vt 0.285714 1.000000
vt 0.285714 0.000000
vt 0.428571 1.000000
vt 0.428571 0.000000
vt 0.571429 1.000000
vt 0.571429 0.000000
vt 0.714286 1.000000
vt 0.714286 0.000000
vt 0.857143 1.000000
vt 0.857143 0.000000
vt 0.037037 1.000000
vt 0.037037 0.000000
vt 0.074074 1.000000
vt 0.074074 0.000000
vt 0.148148 1.000000
vt 0.148148 0.000000
vt 0.185185 1.000000
vt 0.185185 0.000000
vt 0.259259 1.000000
vt 0.259259 0.000000
vt 0.296296 1.000000
vt 0.296296 0.000000
vt 0.370370 1.000000
vt 0.370370 0.000000
vt 0.407407 1.000000
vt 0.407407 0.000000
vt 0.481481 1.000000
vt 0.481481 0.000000
vt 0.518519 1.000000
vt 0.518519 0.000000
vt 0.592593 1.000000
vt 0.592593 0.000000
vt 0.629630 1.000000
vt 0.629630 0.000000
vt 0.703704 1.000000
vt 0.703704 0.000000
vt 0.740741 1.000000
vt 0.740741 0.000000
vt 0.814815 1.000000
vt 0.814815 0.000000
vt 0.851852 1.000000
vt 0.851852 0.000000
vt 0.925926 1.000000
vt 0.925926 0.000000
vt 0.962963 1.000000
vt 0.962963 0.000000
s 0
usemtl A14_name
f 8/1/1 10/2/1 9/3/1
f 8/1/1 11/4/1 10/2/1
f 8/1/1 12/5/1 11/4/1
f 8/1/2 13/6/2 12/5/2
f 8/1/1 14/7/1 13/6/1
f 8/1/1 15/8/1 14/7/1
f 8/1/3 16/9/3 15/8/3
f 8/1/1 17/10/1 16/9/1
f 8/1/2 18/11/2 17/10/2
f 8/1/3 19/12/3 18/11/3
f 8/1/3 20/13/3 19/12/3
f 8/1/3 21/14/3 20/13/3
f 8/1/4 22/15/4 21/14/4
f 8/1/1 23/16/1 22/15/1
f 24/17/1 26/18/1 25/19/1
f 24/17/1 27/20/1 26/18/1
f 8/1/1 24/17/1 23/16/1
f 8/1/1 27/20/1 24/17/1
f 8/1/1 1/21/1 27/20/1
f 8/1/1 2/22/1 1/21/1
f 7/23/1 2/22/1 8/1/1
f 6/24/1 2/22/1 7/23/1
f 5/25/1 3/26/1 6/24/1
f 3/26/5 2/22/5 6/24/5
f 5/25/1 4/27/1 3/26/1
f 33/28/1 28/21/1 34/20/1
f 33/28/1 31/7/1 28/21/1
f 31/7/1 29/29/1 28/21/1
f 32/30/1 31/7/1 33/28/1
f 30/31/1 29/29/1 31/7/1
f 42/32/1 46/20/1 43/33/1
f 46/20/1 35/21/1 43/33/1
f 46/20/1 36/34/1 35/21/1
f 42/32/1 44/35/1 46/20/1
f 45/36/1 36/34/1 46/20/1
f 42/32/1 39/37/1 44/35/1
f 39/37/1 45/36/1 44/35/1
f 39/37/1 38/38/1 45/36/1
f 38/38/1 36/34/1 45/36/1
f 42/32/1 40/39/1 39/37/1
f 37/40/1 36/34/1 38/38/1
f 41/41/1 40/39/1 42/32/1
f 54/1/5 55/3/5 56/2/5
f 54/1/5 56/2/5 57/4/5
f 54/1/5 57/4/5 58/5/5
f 54/1/6 58/5/6 59/6/6
f 54/1/5 59/6/5 60/7/5
f 54/1/5 60/7/5 61/8/5
f 54/1/7 61/8/7 62/9/7
f 54/1/5 62/9/5 63/10/5
f 54/1/6 63/10/6 64/11/6
f 54/1/7 64/11/7 65/12/7
f 54/1/7 65/12/7 66/13/7
f 54/1/7 66/13/7 67/14/7
f 54/1/8 67/14/8 68/15/8
f 54/1/5 68/15/5 69/16/5
f 70/17/5 71/19/5 72/18/5
f 70/17/5 72/18/5 73/20/5
f 54/1/5 69/16/5 70/17/5
f 54/1/5 70/17/5 73/20/5
f 54/1/5 73/20/5 47/21/5
f 54/1/5 47/21/5 48/22/5
f 53/23/5 54/1/5 48/22/5
f 52/24/1 53/23/1 48/22/1
f 51/25/5 52/24/5 49/26/5
f 49/26/1 52/24/1 48/22/1
f 51/25/5 49/26/5 50/27/5
f 79/28/5 80/20/5 74/21/5
f 79/28/5 74/21/5 77/7/5
f 77/7/5 74/21/5 75/29/5
f 78/30/5 79/28/5 77/7/5
f 76/31/5 77/7/5 75/29/5
f 88/32/5 89/33/5 92/20/5
f 92/20/5 89/33/5 81/21/5
f 92/20/5 81/21/5 82/34/5
f 88/32/5 92/20/5 90/35/5
f 91/36/5 92/20/5 82/34/5
f 88/32/5 90/35/5 85/37/5
f 85/37/5 90/35/5 91/36/5
f 85/37/5 91/36/5 84/38/5
f 84/38/5 91/36/5 82/34/5
f 88/32/5 85/37/5 86/39/5
f 83/40/5 84/38/5 82/34/5
f 87/41/5 88/32/5 86/39/5
s 1
f 94/42/9 96/43/10 95/44/10 93/21/9
f 96/43/10 98/45/11 97/46/11 95/44/10
f 98/45/11 100/47/11 99/31/11 97/46/11
f 100/47/11 102/48/12 101/49/12 99/31/11
f 102/48/12 104/50/12 103/51/12 101/49/12
f 104/50/12 106/52/13 105/30/13 103/51/12
f 106/52/13 108/53/14 107/54/14 105/30/13
f 108/53/14 110/55/15 109/56/15 107/54/14
f 110/55/15 94/57/9 93/20/9 109/56/15
f 112/42/16 114/47/17 113/31/17 111/21/16
f 114/47/17 116/52/18 115/30/18 113/31/17
f 116/52/18 112/57/16 111/20/16 115/30/18
f 118/42/19 120/58/20 119/59/20 117/21/19
f 120/58/20 122/60/13 121/61/13 119/59/20
f 122/60/13 124/62/13 123/63/13 121/61/13
f 124/62/13 126/64/13 125/65/13 123/63/13
f 126/64/13 128/66/21 127/67/21 125/65/13
f 128/66/21 130/68/22 129/69/22 127/67/21
f 130/68/22 118/57/19 117/20/19 129/69/22
f 132/42/19 134/70/20 133/71/20 131/21/19
f 134/70/20 136/72/20 135/73/20 133/71/20
f 136/72/20 138/43/20 137/44/20 135/73/20
f 138/43/20 140/74/13 139/75/13 137/44/20
f 140/74/13 142/76/13 141/77/13 139/75/13
f 142/76/13 144/45/13 143/46/13 141/77/13
f 144/45/13 146/78/23 145/79/23 143/46/13
f 146/78/23 148/80/24 147/81/24 145/79/23
f 148/80/24 150/47/19 149/31/19 147/81/24
f 150/47/19 152/82/25 151/83/25 149/31/19
f 152/82/25 154/84/25 153/85/25 151/83/25
f 154/84/25 156/48/25 155/49/25 153/85/25
f 156/48/25 158/86/25 157/87/25 155/49/25
f 158/86/25 160/88/25 159/89/25 157/87/25
f 160/88/25 162/50/25 161/51/25 159/89/25
f 162/50/25 164/90/25 163/91/25 161/51/25
f 164/90/25 166/92/25 165/93/25 163/91/25
f 166/92/25 168/52/25 167/30/25 165/93/25
f 168/52/25 170/94/25 169/95/25 167/30/25
f 170/94/25 172/96/25 171/97/25 169/95/25
f 172/96/25 174/53/26 173/54/26 171/97/25
f 174/53/26 176/98/27 175/99/27 173/54/26
f 176/98/27 178/100/28 177/101/28 175/99/27
f 178/100/28 180/55/28 179/56/28 177/101/28
f 180/55/28 182/102/19 181/103/19 179/56/28
f 182/102/19 184/104/19 183/105/19 181/103/19
f 184/104/19 132/57/19 131/20/19 183/105/19
o Plane.010
v -12.609269 0.147199 34.026222
v -8.621566 0.147199 34.026222
v -12.609269 0.147199 26.979591
v -8.621566 0.147199 26.979591
v -12.609269 0.950796 26.979591
v -12.609269 0.950796 34.026222
v -8.621566 0.950796 34.026222
v -8.621566 0.950796 26.979591
v -12.609269 1.033882 26.979591
v -12.609269 1.033882 34.026222
v -8.621566 1.033882 34.026222
v -8.621566 1.033882 26.979591
v -12.675985 0.950796 26.861698
v -12.675985 0.950796 34.144115
v -8.554850 0.950796 34.144115
v -8.554850 0.950796 26.861698
v -12.675985 1.033882 26.861698
v -12.675985 1.033882 34.144115
v -8.554850 1.033882 34.144115
v -8.554850 1.033882 26.861698
v -8.621566 0.257818 26.979591
v -8.621566 0.257818 34.026222
v -12.609269 0.257818 34.026222
v -12.609269 0.257818 26.979591
v -12.609269 0.147199 27.566811
v -12.609269 0.147199 28.154030
v -12.609269 0.147199 28.741249
v -12.609269 0.147199 29.328468
v -12.609269 0.147199 29.915688
v -12.609269 0.147199 30.502907
v -12.609269 0.147199 31.090126
v -12.609269 0.147199 31.677345
v -12.609269 0.147199 32.264565
v -12.609269 0.147199 32.851784
v -12.609269 0.147199 33.439003
v -8.621566 0.147199 33.439003
v -8.621566 0.147199 32.851784
v -8.621566 0.147199 32.264565
v -8.621566 0.147199 31.677345
v -8.621566 0.147199 31.090126
v -8.621566 0.147199 30.502907
v -8.621566 0.147199 29.915688
v -8.621566 0.147199 29.328468
v -8.621566 0.147199 28.741249
v -8.621566 0.147199 28.154030
v -8.621566 0.147199 27.566811
v -12.609269 0.950796 27.566811
v -12.609269 0.950796 28.154030
v -12.609269 0.950796 28.741249
v -12.609269 0.950796 29.328468
v -12.609269 0.950796 29.915688
v -12.609269 0.950796 30.502907
v -12.609269 0.950796 31.090126
v -12.609269 0.950796 31.677345
v -12.609269 0.950796 32.264565
v -12.609269 0.950796 32.851784
v -12.609269 0.950796 33.439003
v -8.621566 0.950796 33.439003
v -8.621566 0.950796 32.851784
v -8.621566 0.950796 32.264565
v -8.621566 0.950796 31.677345
v -8.621566 0.950796 31.090126
v -8.621566 0.950796 30.502907
v -8.621566 0.950796 29.915688
v -8.621566 0.950796 29.328468
v -8.621566 0.950796 28.741249
v -8.621566 0.950796 28.154030
v -8.621566 0.950796 27.566811
v -12.609269 1.033882 27.566811
v -12.609269 1.033882 28.154030
v -12.609269 1.033882 28.741249
v -12.609269 1.033882 29.328468
v -12.609269 1.033882 29.915688
v -12.609269 1.033882 30.502907
v -12.609269 1.033882 31.090126
v -12.609269 1.033882 31.677345
v -12.609269 1.033882 32.264565
v -12.609269 1.033882 32.851784
v -12.609269 1.033882 33.439003
v -8.621566 1.033882 33.439003
v -8.621566 1.033882 32.851784
v -8.621566 1.033882 32.264565
v -8.621566 1.033882 31.677345
v -8.621566 1.033882 31.090126
v -8.621566 1.033882 30.502907
v -8.621566 1.033882 29.915688
v -8.621566 1.033882 29.328468
v -8.621566 1.033882 28.741249
v -8.621566 1.033882 28.154030
v -8.621566 1.033882 27.566811
v -12.675985 0.950796 27.468567
v -12.675985 0.950796 28.075434
v -12.675985 0.950796 28.682302
v -12.675985 0.950796 29.289171
v -12.675985 0.950796 29.896038
v -12.675985 0.950796 30.502907
v -12.675985 0.950796 31.109776
v -12.675985 0.950796 31.716642
v -12.675985 0.950796 32.323513
v -12.675985 0.950796 32.930378
v -12.675985 0.950796 33.537247
v -8.554850 0.950796 33.537247
v -8.554850 0.950796 32.930378
v -8.554850 0.950796 32.323513
v -8.554850 0.950796 31.716642
v -8.554850 0.950796 31.109776
v -8.554850 0.950796 30.502907
v -8.554850 0.950796 29.896038
v -8.554850 0.950796 29.289171
v -8.554850 0.950796 28.682302
v -8.554850 0.950796 28.075434
v -8.554850 0.950796 27.468567
v -12.675985 1.033882 27.468567
v -12.675985 1.033882 28.075434
v -12.675985 1.033882 28.682302
v -12.675985 1.033882 29.289171
v -12.675985 1.033882 29.896038
v -12.675985 1.033882 30.502907
v -12.675985 1.033882 31.109776
v -12.675985 1.033882 31.716642
v -12.675985 1.033882 32.323513
v -12.675985 1.033882 32.930378
v -12.675985 1.033882 33.537247
v -8.554850 1.033882 33.537247
v -8.554850 1.033882 32.930378
v -8.554850 1.033882 32.323513
v -8.554850 1.033882 31.716642
v -8.554850 1.033882 31.109776
v -8.554850 1.033882 30.502907
v -8.554850 1.033882 29.896038
v -8.554850 1.033882 29.289171
v -8.554850 1.033882 28.682302
v -8.554850 1.033882 28.075434
v -8.554850 1.033882 27.468567
v -12.609269 0.257818 33.439003
v -12.609269 0.257818 32.851784
v -12.609269 0.257818 32.264565
v -12.609269 0.257818 31.677345
v -12.609269 0.257818 31.090126
v -12.609269 0.257818 30.502907
v -12.609269 0.257818 29.915688
v -12.609269 0.257818 29.328468
v -12.609269 0.257818 28.741249
v -12.609269 0.257818 28.154030
v -12.609269 0.257818 27.566811
v -8.621566 0.257818 27.566811
v -8.621566 0.257818 28.154030
v -8.621566 0.257818 28.741249
v -8.621566 0.257818 29.328468
v -8.621566 0.257818 29.915688
v -8.621566 0.257818 30.502907
v -8.621566 0.257818 31.090126
v -8.621566 0.257818 31.677345
v -8.621566 0.257818 32.264565
v -8.621566 0.257818 32.851784
v -8.621566 0.257818 33.439003
v -12.609269 0.303427 33.577629
v -12.609269 0.303427 33.887600
v -12.609269 0.905187 33.887600
v -12.609269 0.905187 33.577629
v -12.609269 0.303427 27.118216
v -12.609269 0.303427 27.428186
v -12.609269 0.905187 27.428186
v -12.609269 0.905187 27.118216
v -12.609269 0.303427 27.705435
v -12.609269 0.303427 28.015406
v -12.609269 0.905187 28.015406
v -12.609269 0.905187 27.705435
v -12.609269 0.303427 28.292654
v -12.609269 0.303427 28.602625
v -12.609269 0.905187 28.602625
v -12.609269 0.905187 28.292654
v -12.609269 0.303427 28.879873
v -12.609269 0.303427 29.189844
v -12.609269 0.905187 29.189844
v -12.609269 0.905187 28.879873
v -12.609269 0.303427 29.467093
v -12.609269 0.303427 29.777063
v -12.609269 0.905187 29.777063
v -12.609269 0.905187 29.467093
v -12.609269 0.303427 30.054312
v -12.609269 0.303427 30.364283
v -12.609269 0.905187 30.364283
v -12.609269 0.905187 30.054312
v -12.609269 0.303427 30.641531
v -12.609269 0.303427 30.951502
v -12.609269 0.905187 30.951502
v -12.609269 0.905187 30.641531
v -12.609269 0.303427 31.228750
v -12.609269 0.303427 31.538721
v -12.609269 0.905187 31.538721
v -12.609269 0.905187 31.228750
v -12.609269 0.303427 31.815969
v -12.609269 0.303427 32.125938
v -12.609269 0.905187 32.125942
v -12.609269 0.905187 31.815969
v -12.609269 0.303427 32.403191
v -12.609269 0.303427 32.713158
v -12.609269 0.905187 32.713161
v -12.609269 0.905187 32.403191
v -12.609269 0.303427 32.990410
v -12.609269 0.303427 33.300381
v -12.609269 0.905187 33.300381
v -12.609269 0.905187 32.990410
v -12.567150 0.303427 33.887600
v -12.567150 0.303427 33.577629
v -12.567150 0.905187 33.577629
v -12.567150 0.905187 33.887600
v -12.567150 0.303427 27.428186
v -12.567150 0.303427 27.118216
v -12.567150 0.905187 27.118216
v -12.567150 0.905187 27.428186
v -12.567150 0.303427 28.602625
v -12.567150 0.303427 28.292654
v -12.567150 0.905187 28.292654
v -12.567150 0.905187 28.602625
v -12.567150 0.303427 29.777063
v -12.567150 0.303427 29.467093
v -12.567150 0.905187 29.467093
v -12.567150 0.905187 29.777063
v -12.567150 0.303427 30.951502
v -12.567150 0.303427 30.641531
v -12.567150 0.905187 30.641531
v -12.567150 0.905187 30.951502
v -12.567150 0.303427 32.125938
v -12.567150 0.303427 31.815969
v -12.567150 0.905187 31.815969
v -12.567150 0.905187 32.125942
v -12.567150 0.303427 33.300381
v -12.567150 0.303427 32.990410
v -12.567150 0.905187 32.990410
v -12.567150 0.905187 33.300381
v -11.811728 0.147199 34.026222
v -11.014188 0.147199 34.026222
v -10.216647 0.147199 34.026222
v -9.419106 0.147199 34.026222
v -9.419106 0.147199 26.979591
v -10.216647 0.147199 26.979591
v -11.014188 0.147199 26.979591
v -11.811728 0.147199 26.979591
v -11.811728 0.950796 34.026222
v -11.014188 0.950796 34.026222
v -10.216647 0.950796 34.026222
v -9.419106 0.950796 34.026222
v -9.419106 0.950796 26.979591
v -10.216647 0.950796 26.979591
v -11.014188 0.950796 26.979591
v -11.811728 0.950796 26.979591
v -11.811728 1.033882 34.026222
v -11.014188 1.033882 34.026222
v -10.216647 1.033882 34.026222
v -9.419106 1.033882 34.026222
v -9.419106 1.033882 26.979591
v -10.216647 1.033882 26.979591
v -11.014188 1.033882 26.979591
v -11.811728 1.033882 26.979591
v -11.851758 0.950796 34.144115
v -11.027531 0.950796 34.144115
v -10.203304 0.950796 34.144115
v -9.379077 0.950796 34.144115
v -9.379077 0.950796 26.861698
v -10.203304 0.950796 26.861698
v -11.027531 0.950796 26.861698
v -11.851758 0.950796 26.861698
v -11.851758 1.033882 34.144115
v -11.027531 1.033882 34.144115
v -10.203304 1.033882 34.144115
v -9.379077 1.033882 34.144115
v -9.379077 1.033882 26.861698
v -10.203304 1.033882 26.861698
v -11.027531 1.033882 26.861698
v -11.851758 1.033882 26.861698
v -9.419106 0.257818 34.026222
v -10.216647 0.257818 34.026222
v -11.014188 0.257818 34.026222
v -11.811728 0.257818 34.026222
v -11.811728 0.257818 26.979591
v -11.014188 0.257818 26.979591
v -10.216647 0.257818 26.979591
v -9.419106 0.257818 26.979591
v -9.419106 1.033882 33.439003
v -10.216647 1.033882 33.439003
v -11.014188 1.033882 33.439003
v -11.811728 1.033882 33.439003
v -9.419106 1.033882 32.851784
v -10.216647 1.033882 32.851784
v -11.014188 1.033882 32.851784
v -11.811728 1.033882 32.851784
v -9.419106 1.033882 32.264565
v -10.216647 1.033882 32.264565
v -11.014188 1.033882 32.264565
v -11.811728 1.033882 32.264565
v -9.419106 1.033882 31.677345
v -10.216647 1.033882 31.677345
v -11.014188 1.033882 31.677345
v -11.811728 1.033882 31.677345
v -9.419106 1.033882 31.090126
v -10.216647 1.033882 31.090126
v -11.014188 1.033882 31.090126
v -11.811728 1.033882 31.090126
v -9.419106 1.033882 30.502907
v -10.216647 1.033882 30.502907
v -11.014188 1.033882 30.502907
v -11.811728 1.033882 30.502907
v -9.419106 1.033882 29.915688
v -10.216647 1.033882 29.915688
v -11.014188 1.033882 29.915688
v -11.811728 1.033882 29.915688
v -9.419106 1.033882 29.328468
v -10.216647 1.033882 29.328468
v -11.014188 1.033882 29.328468
v -11.811728 1.033882 29.328468
v -9.419106 1.033882 28.741249
v -10.216647 1.033882 28.741249
v -11.014188 1.033882 28.741249
v -11.811728 1.033882 28.741249
v -9.419106 1.033882 28.154030
v -10.216647 1.033882 28.154030
v -11.014188 1.033882 28.154030
v -11.811728 1.033882 28.154030
v -9.419106 1.033882 27.566811
v -10.216647 1.033882 27.566811
v -11.014188 1.033882 27.566811
v -11.811728 1.033882 27.566811
v -11.811728 0.147199 33.439003
v -11.014188 0.147199 33.439003
v -10.216647 0.147199 33.439003
v -9.419106 0.147199 33.439003
v -11.811728 0.147199 32.851784
v -11.014188 0.147199 32.851784
v -10.216647 0.147199 32.851784
v -9.419106 0.147199 32.851784
v -11.811728 0.147199 32.264565
v -11.014188 0.147199 32.264565
v -10.216647 0.147199 32.264565
v -9.419106 0.147199 32.264565
v -11.811728 0.147199 31.677345
v -11.014188 0.147199 31.677345
v -10.216647 0.147199 31.677345
v -9.419106 0.147199 31.677345
v -11.811728 0.147199 31.090126
v -11.014188 0.147199 31.090126
v -10.216647 0.147199 31.090126
v -9.419106 0.147199 31.090126
v -11.811728 0.147199 30.502907
v -11.014188 0.147199 30.502907
v -10.216647 0.147199 30.502907
v -9.419106 0.147199 30.502907
v -11.811728 0.147199 29.915688
v -11.014188 0.147199 29.915688
v -10.216647 0.147199 29.915688
v -9.419106 0.147199 29.915688
v -11.811728 0.147199 29.328468
v -11.014188 0.147199 29.328468
v -10.216647 0.147199 29.328468
v -9.419106 0.147199 29.328468
v -11.811728 0.147199 28.741249
v -11.014188 0.147199 28.741249
v -10.216647 0.147199 28.741249
v -9.419106 0.147199 28.741249
v -11.811728 0.147199 28.154030
v -11.014188 0.147199 28.154030
v -10.216647 0.147199 28.154030
v -9.419106 0.147199 28.154030
v -11.811728 0.147199 27.566811
v -11.014188 0.147199 27.566811
v -10.216647 0.147199 27.566811
v -9.419106 0.147199 27.566811
v -11.672168 0.338958 34.026222
v -11.153749 0.338958 34.026222
v -11.153749 0.869656 34.026222
v -11.672168 0.869656 34.026222
v -10.077085 0.338958 34.026222
v -9.558667 0.338958 34.026222
v -9.558667 0.869656 34.026222
v -10.077085 0.869656 34.026222
v -11.153749 0.338958 33.970032
v -11.672168 0.338958 33.970032
v -11.672168 0.869656 33.970032
v -11.153749 0.869656 33.970032
v -9.558667 0.338958 33.970032
v -10.077085 0.338958 33.970032
v -10.077085 0.869656 33.970032
v -9.558667 0.869656 33.970032
v -8.621566 0.308576 27.412537
v -8.621566 0.308576 27.133865
v -8.621566 0.900038 27.133865
v -8.621566 0.900038 27.412537
v -8.621566 0.308576 33.871948
v -8.621566 0.308576 33.593277
v -8.621566 0.900038 33.593277
v -8.621566 0.900038 33.871948
v -8.621566 0.308576 32.697510
v -8.621566 0.308576 32.418839
v -8.621566 0.900038 32.418839
v -8.621566 0.900038 32.697510
v -8.621566 0.308576 31.523071
v -8.621566 0.308576 31.244400
v -8.621566 0.900038 31.244400
v -8.621566 0.900038 31.523071
v -8.621566 0.308576 30.935852
v -8.621566 0.308576 30.657181
v -8.621566 0.900038 30.657181
v -8.621566 0.900038 30.935852
v -8.621566 0.308576 29.761414
v -8.621566 0.308576 29.482742
v -8.621566 0.900038 29.482742
v -8.621566 0.900038 29.761414
v -8.621566 0.308576 28.586975
v -8.621566 0.308576 28.308304
v -8.621566 0.900038 28.308304
v -8.621566 0.900038 28.586975
v -11.584864 0.389716 33.970032
v -11.241053 0.389716 33.970032
v -11.241054 0.818897 33.970032
v -11.584864 0.818897 33.970032
v -9.989781 0.389716 33.970032
v -9.645971 0.389716 33.970032
v -9.645971 0.818897 33.970032
v -9.989782 0.818897 33.970032
v -8.690913 0.308576 27.133865
v -8.690913 0.308576 27.412537
v -8.690913 0.900038 27.412537
v -8.690913 0.900038 27.133865
v -8.690913 0.308576 33.593277
v -8.690913 0.308576 33.871948
v -8.690913 0.900038 33.871948
v -8.690913 0.900038 33.593277
v -8.690913 0.308576 32.418839
v -8.690913 0.308576 32.697510
v -8.690913 0.900038 32.697510
v -8.690913 0.900038 32.418839
v -8.690913 0.308576 31.244400
v -8.690913 0.308576 31.523071
v -8.690913 0.900038 31.523071
v -8.690913 0.900038 31.244400
v -8.690913 0.308576 30.657181
v -8.690913 0.308576 30.935852
v -8.690913 0.900038 30.935852
v -8.690913 0.900038 30.657181
v -8.690913 0.308576 29.482742
v -8.690913 0.308576 29.761414
v -8.690913 0.900038 29.761414
v -8.690913 0.900038 29.482742
v -8.690913 0.308576 28.308304
v -8.690913 0.308576 28.586975
v -8.690913 0.900038 28.586975
v -8.690913 0.900038 28.308304
v -11.241053 0.389716 33.847488
v -11.584864 0.389716 33.847488
v -11.584864 0.818897 33.847488
v -11.241054 0.818897 33.847488
v -9.645971 0.389716 33.847488
v -9.989781 0.389716 33.847488
v -9.989782 0.818897 33.847488
v -9.645971 0.818897 33.847488
v -12.609269 1.033882 34.026222
v -8.621566 1.033882 34.026222
v -12.609269 1.033882 26.979591
v -8.621566 1.033882 26.979591
v -12.609269 1.837479 26.979591
v -12.609269 1.837479 34.026222
v -8.621566 1.837479 34.026222
v -8.621566 1.837479 26.979591
v -12.609269 1.920565 26.979591
v -12.609269 1.920565 34.026222
v -8.621566 1.920565 34.026222
v -8.621566 1.920565 26.979591
v -12.675985 1.837479 26.861698
v -12.675985 1.837479 34.144115
v -8.554850 1.837479 34.144115
v -8.554850 1.837479 26.861698
v -12.675985 1.920565 26.861698
v -12.675985 1.920565 34.144115
v -8.554850 1.920565 34.144115
v -8.554850 1.920565 26.861698
v -8.621566 1.144501 26.979591
v -8.621566 1.144501 34.026222
v -12.609269 1.144501 34.026222
v -12.609269 1.144501 26.979591
v -12.609269 1.033882 27.566811
v -12.609269 1.033882 28.154030
v -12.609269 1.033882 28.741249
v -12.609269 1.033882 29.328468
v -12.609269 1.033882 29.915688
v -12.609269 1.033882 30.502907
v -12.609269 1.033882 31.090126
v -12.609269 1.033882 31.677345
v -12.609269 1.033882 32.264565
v -12.609269 1.033882 32.851784
v -12.609269 1.033882 33.439003
v -8.621566 1.033882 33.439003
v -8.621566 1.033882 32.851784
v -8.621566 1.033882 32.264565
v -8.621566 1.033882 31.677345
v -8.621566 1.033882 31.090126
v -8.621566 1.033882 30.502907
v -8.621566 1.033882 29.915688
v -8.621566 1.033882 29.328468
v -8.621566 1.033882 28.741249
v -8.621566 1.033882 28.154030
v -8.621566 1.033882 27.566811
v -12.609269 1.837479 27.566811
v -12.609269 1.837479 28.154030
v -12.609269 1.837479 28.741249
v -12.609269 1.837479 29.328468
v -12.609269 1.837479 29.915688
v -12.609269 1.837479 30.502907
v -12.609269 1.837479 31.090126
v -12.609269 1.837479 31.677345
v -12.609269 1.837479 32.264565
v -12.609269 1.837479 32.851784
v -12.609269 1.837479 33.439003
v -8.621566 1.837479 33.439003
v -8.621566 1.837479 32.851784
v -8.621566 1.837479 32.264565
v -8.621566 1.837479 31.677345
v -8.621566 1.837479 31.090126
v -8.621566 1.837479 30.502907
v -8.621566 1.837479 29.915688
v -8.621566 1.837479 29.328468
v -8.621566 1.837479 28.741249
v -8.621566 1.837479 28.154030
v -8.621566 1.837479 27.566811
v -12.609269 1.920565 27.566811
v -12.609269 1.920565 28.154030
v -12.609269 1.920565 28.741249
v -12.609269 1.920565 29.328468
v -12.609269 1.920565 29.915688
v -12.609269 1.920565 30.502907
v -12.609269 1.920565 31.090126
v -12.609269 1.920565 31.677345
v -12.609269 1.920565 32.264565
v -12.609269 1.920565 32.851784
v -12.609269 1.920565 33.439003
v -8.621566 1.920565 33.439003
v -8.621566 1.920565 32.851784
v -8.621566 1.920565 32.264565
v -8.621566 1.920565 31.677345
v -8.621566 1.920565 31.090126
v -8.621566 1.920565 30.502907
v -8.621566 1.920565 29.915688
v -8.621566 1.920565 29.328468
v -8.621566 1.920565 28.741249
v -8.621566 1.920565 28.154030
v -8.621566 1.920565 27.566811
v -12.675985 1.837479 27.468567
v -12.675985 1.837479 28.075434
v -12.675985 1.837479 28.682302
v -12.675985 1.837479 29.289171
v -12.675985 1.837479 29.896038
v -12.675985 1.837479 30.502907
v -12.675985 1.837479 31.109776
v -12.675985 1.837479 31.716642
v -12.675985 1.837479 32.323513
v -12.675985 1.837479 32.930378
v -12.675985 1.837479 33.537247
v -8.554850 1.837479 33.537247
v -8.554850 1.837479 32.930378
v -8.554850 1.837479 32.323513
v -8.554850 1.837479 31.716642
v -8.554850 1.837479 31.109776
v -8.554850 1.837479 30.502907
v -8.554850 1.837479 29.896038
v -8.554850 1.837479 29.289171
v -8.554850 1.837479 28.682302
v -8.554850 1.837479 28.075434
v -8.554850 1.837479 27.468567
v -12.675985 1.920565 27.468567
v -12.675985 1.920565 28.075434
v -12.675985 1.920565 28.682302
v -12.675985 1.920565 29.289171
v -12.675985 1.920565 29.896038
v -12.675985 1.920565 30.502907
v -12.675985 1.920565 31.109776
v -12.675985 1.920565 31.716642
v -12.675985 1.920565 32.323513
v -12.675985 1.920565 32.930378
v -12.675985 1.920565 33.537247
v -8.554850 1.920565 33.537247
v -8.554850 1.920565 32.930378
v -8.554850 1.920565 32.323513
v -8.554850 1.920565 31.716642
v -8.554850 1.920565 31.109776
v -8.554850 1.920565 30.502907
v -8.554850 1.920565 29.896038
v -8.554850 1.920565 29.289171
v -8.554850 1.920565 28.682302
v -8.554850 1.920565 28.075434
v -8.554850 1.920565 27.468567
v -12.609269 1.144501 33.439003
v -12.609269 1.144501 32.851784
v -12.609269 1.144501 32.264565
v -12.609269 1.144501 31.677345
v -12.609269 1.144501 31.090126
v -12.609269 1.144501 30.502907
v -12.609269 1.144501 29.915688
v -12.609269 1.144501 29.328468
v -12.609269 1.144501 28.741249
v -12.609269 1.144501 28.154030
v -12.609269 1.144501 27.566811
v -8.621566 1.144501 27.566811
v -8.621566 1.144501 28.154030
v -8.621566 1.144501 28.741249
v -8.621566 1.144501 29.328468
v -8.621566 1.144501 29.915688
v -8.621566 1.144501 30.502907
v -8.621566 1.144501 31.090126
v -8.621566 1.144501 31.677345
v -8.621566 1.144501 32.264565
v -8.621566 1.144501 32.851784
v -8.621566 1.144501 33.439003
v -12.609269 1.190110 33.577629
v -12.609269 1.190110 33.887600
v -12.609269 1.791870 33.887600
v -12.609269 1.791870 33.577629
v -12.609269 1.190110 27.118216
v -12.609269 1.190110 27.428186
v -12.609269 1.791870 27.428186
v -12.609269 1.791870 27.118216
v -12.609269 1.190110 27.705435
v -12.609269 1.190110 28.015406
v -12.609269 1.791870 28.015406
v -12.609269 1.791870 27.705435
v -12.609269 1.190110 28.292654
v -12.609269 1.190110 28.602625
v -12.609269 1.791870 28.602625
v -12.609269 1.791870 28.292654
v -12.609269 1.190110 28.879873
v -12.609269 1.190110 29.189844
v -12.609269 1.791870 29.189844
v -12.609269 1.791870 28.879873
v -12.609269 1.190110 29.467093
v -12.609269 1.190110 29.777063
v -12.609269 1.791870 29.777063
v -12.609269 1.791870 29.467093
v -12.609269 1.190110 30.054312
v -12.609269 1.190110 30.364283
v -12.609269 1.791870 30.364283
v -12.609269 1.791870 30.054312
v -12.609269 1.190110 30.641531
v -12.609269 1.190110 30.951502
v -12.609269 1.791870 30.951502
v -12.609269 1.791870 30.641531
v -12.609269 1.190110 31.228750
v -12.609269 1.190110 31.538721
v -12.609269 1.791870 31.538721
v -12.609269 1.791870 31.228750
v -12.609269 1.190110 31.815969
v -12.609269 1.190110 32.125938
v -12.609269 1.791870 32.125942
v -12.609269 1.791870 31.815969
v -12.609269 1.190110 32.403191
v -12.609269 1.190110 32.713158
v -12.609269 1.791870 32.713161
v -12.609269 1.791870 32.403191
v -12.609269 1.190110 32.990410
v -12.609269 1.190110 33.300381
v -12.609269 1.791870 33.300381
v -12.609269 1.791870 32.990410
v -12.567150 1.190110 33.887600
v -12.567150 1.190110 33.577629
v -12.567150 1.791870 33.577629
v -12.567150 1.791870 33.887600
v -12.567150 1.190110 27.428186
v -12.567150 1.190110 27.118216
v -12.567150 1.791870 27.118216
v -12.567150 1.791870 27.428186
v -12.567150 1.190110 28.602625
v -12.567150 1.190110 28.292654
v -12.567150 1.791870 28.292654
v -12.567150 1.791870 28.602625
v -12.567150 1.190110 29.777063
v -12.567150 1.190110 29.467093
v -12.567150 1.791870 29.467093
v -12.567150 1.791870 29.777063
v -12.567150 1.190110 30.951502
v -12.567150 1.190110 30.641531
v -12.567150 1.791870 30.641531
v -12.567150 1.791870 30.951502
v -12.567150 1.190110 32.125938
v -12.567150 1.190110 31.815969
v -12.567150 1.791870 31.815969
v -12.567150 1.791870 32.125942
v -12.567150 1.190110 33.300381
v -12.567150 1.190110 32.990410
v -12.567150 1.791870 32.990410
v -12.567150 1.791870 33.300381
v -11.811728 1.033882 34.026222
v -11.014188 1.033882 34.026222
v -10.216647 1.033882 34.026222
v -9.419106 1.033882 34.026222
v -9.419106 1.033882 26.979591
v -10.216647 1.033882 26.979591
v -11.014188 1.033882 26.979591
v -11.811728 1.033882 26.979591
v -11.811728 1.837479 34.026222
v -11.014188 1.837479 34.026222
v -10.216647 1.837479 34.026222
v -9.419106 1.837479 34.026222
v -9.419106 1.837479 26.979591
v -10.216647 1.837479 26.979591
v -11.014188 1.837479 26.979591
v -11.811728 1.837479 26.979591
v -11.811728 1.920565 34.026222
v -11.014188 1.920565 34.026222
v -10.216647 1.920565 34.026222
v -9.419106 1.920565 34.026222
v -9.419106 1.920565 26.979591
v -10.216647 1.920565 26.979591
v -11.014188 1.920565 26.979591
v -11.811728 1.920565 26.979591
v -11.851758 1.837479 34.144115
v -11.027531 1.837479 34.144115
v -10.203304 1.837479 34.144115
v -9.379077 1.837479 34.144115
v -9.379077 1.837479 26.861698
v -10.203304 1.837479 26.861698
v -11.027531 1.837479 26.861698
v -11.851758 1.837479 26.861698
v -11.851758 1.920565 34.144115
v -11.027531 1.920565 34.144115
v -10.203304 1.920565 34.144115
v -9.379077 1.920565 34.144115
v -9.379077 1.920565 26.861698
v -10.203304 1.920565 26.861698
v -11.027531 1.920565 26.861698
v -11.851758 1.920565 26.861698
v -9.419106 1.144501 34.026222
v -10.216647 1.144501 34.026222
v -11.014188 1.144501 34.026222
v -11.811728 1.144501 34.026222
v -11.811728 1.144501 26.979591
v -11.014188 1.144501 26.979591
v -10.216647 1.144501 26.979591
v -9.419106 1.144501 26.979591
v -9.419106 1.920565 33.439003
v -10.216647 1.920565 33.439003
v -11.014188 1.920565 33.439003
v -11.811728 1.920565 33.439003
v -9.419106 1.920565 32.851784
v -10.216647 1.920565 32.851784
v -11.014188 1.920565 32.851784
v -11.811728 1.920565 32.851784
v -9.419106 1.920565 32.264565
v -10.216647 1.920565 32.264565
v -11.014188 1.920565 32.264565
v -11.811728 1.920565 32.264565
v -9.419106 1.920565 31.677345
v -10.216647 1.920565 31.677345
v -11.014188 1.920565 31.677345
v -11.811728 1.920565 31.677345
v -9.419106 1.920565 31.090126
v -10.216647 1.920565 31.090126
v -11.014188 1.920565 31.090126
v -11.811728 1.920565 31.090126
v -9.419106 1.920565 30.502907
v -10.216647 1.920565 30.502907
v -11.014188 1.920565 30.502907
v -11.811728 1.920565 30.502907
v -9.419106 1.920565 29.915688
v -10.216647 1.920565 29.915688
v -11.014188 1.920565 29.915688
v -11.811728 1.920565 29.915688
v -9.419106 1.920565 29.328468
v -10.216647 1.920565 29.328468
v -11.014188 1.920565 29.328468
v -11.811728 1.920565 29.328468
v -9.419106 1.920565 28.741249
v -10.216647 1.920565 28.741249
v -11.014188 1.920565 28.741249
v -11.811728 1.920565 28.741249
v -9.419106 1.920565 28.154030
v -10.216647 1.920565 28.154030
v -11.014188 1.920565 28.154030
v -11.811728 1.920565 28.154030
v -9.419106 1.920565 27.566811
v -10.216647 1.920565 27.566811
v -11.014188 1.920565 27.566811
v -11.811728 1.920565 27.566811
v -11.811728 1.033882 33.439003
v -11.014188 1.033882 33.439003
v -10.216647 1.033882 33.439003
v -9.419106 1.033882 33.439003
v -11.811728 1.033882 32.851784
v -11.014188 1.033882 32.851784
v -10.216647 1.033882 32.851784
v -9.419106 1.033882 32.851784
v -11.811728 1.033882 32.264565
v -11.014188 1.033882 32.264565
v -10.216647 1.033882 32.264565
v -9.419106 1.033882 32.264565
v -11.811728 1.033882 31.677345
v -11.014188 1.033882 31.677345
v -10.216647 1.033882 31.677345
v -9.419106 1.033882 31.677345
v -11.811728 1.033882 31.090126
v -11.014188 1.033882 31.090126
v -10.216647 1.033882 31.090126
v -9.419106 1.033882 31.090126
v -11.811728 1.033882 30.502907
v -11.014188 1.033882 30.502907
v -10.216647 1.033882 30.502907
v -9.419106 1.033882 30.502907
v -11.811728 1.033882 29.915688
v -11.014188 1.033882 29.915688
v -10.216647 1.033882 29.915688
v -9.419106 1.033882 29.915688
v -11.811728 1.033882 29.328468
v -11.014188 1.033882 29.328468
v -10.216647 1.033882 29.328468
v -9.419106 1.033882 29.328468
v -11.811728 1.033882 28.741249
v -11.014188 1.033882 28.741249
v -10.216647 1.033882 28.741249
v -9.419106 1.033882 28.741249
v -11.811728 1.033882 28.154030
v -11.014188 1.033882 28.154030
v -10.216647 1.033882 28.154030
v -9.419106 1.033882 28.154030
v -11.811728 1.033882 27.566811
v -11.014188 1.033882 27.566811
v -10.216647 1.033882 27.566811
v -9.419106 1.033882 27.566811
v -11.672168 1.225642 34.026222
v -11.153749 1.225642 34.026222
v -11.153749 1.756339 34.026222
v -11.672168 1.756339 34.026222
v -10.077085 1.225642 34.026222
v -9.558667 1.225642 34.026222
v -9.558667 1.756339 34.026222
v -10.077085 1.756339 34.026222
v -11.153749 1.225642 33.970032
v -11.672168 1.225642 33.970032
v -11.672168 1.756339 33.970032
v -11.153749 1.756339 33.970032
v -9.558667 1.225642 33.970032
v -10.077085 1.225642 33.970032
v -10.077085 1.756339 33.970032
v -9.558667 1.756339 33.970032
v -8.621566 1.195259 27.412537
v -8.621566 1.195259 27.133865
v -8.621566 1.786721 27.133865
v -8.621566 1.786721 27.412537
v -8.621566 1.195259 33.871948
v -8.621566 1.195259 33.593277
v -8.621566 1.786721 33.593277
v -8.621566 1.786721 33.871948
v -8.621566 1.195259 32.697510
v -8.621566 1.195259 32.418839
v -8.621566 1.786721 32.418839
v -8.621566 1.786721 32.697510
v -8.621566 1.195259 31.523071
v -8.621566 1.195259 31.244400
v -8.621566 1.786721 31.244400
v -8.621566 1.786721 31.523071
v -8.621566 1.195259 30.935852
v -8.621566 1.195259 30.657181
v -8.621566 1.786721 30.657181
v -8.621566 1.786721 30.935852
v -8.621566 1.195259 29.761414
v -8.621566 1.195259 29.482742
v -8.621566 1.786721 29.482742
v -8.621566 1.786721 29.761414
v -8.621566 1.195259 28.586975
v -8.621566 1.195259 28.308304
v -8.621566 1.786721 28.308304
v -8.621566 1.786721 28.586975
v -11.584864 1.276400 33.970032
v -11.241053 1.276400 33.970032
v -11.241054 1.705581 33.970032
v -11.584864 1.705581 33.970032
v -9.989781 1.276400 33.970032
v -9.645971 1.276400 33.970032
v -9.645971 1.705581 33.970032
v -9.989782 1.705581 33.970032
v -8.690913 1.195259 27.133865
v -8.690913 1.195259 27.412537
v -8.690913 1.786721 27.412537
v -8.690913 1.786721 27.133865
v -8.690913 1.195259 33.593277
v -8.690913 1.195259 33.871948
v -8.690913 1.786721 33.871948
v -8.690913 1.786721 33.593277
v -8.690913 1.195259 32.418839
v -8.690913 1.195259 32.697510
v -8.690913 1.786721 32.697510
v -8.690913 1.786721 32.418839
v -8.690913 1.195259 31.244400
v -8.690913 1.195259 31.523071
v -8.690913 1.786721 31.523071
v -8.690913 1.786721 31.244400
v -8.690913 1.195259 30.657181
v -8.690913 1.195259 30.935852
v -8.690913 1.786721 30.935852
v -8.690913 1.786721 30.657181
v -8.690913 1.195259 29.482742
v -8.690913 1.195259 29.761414
v -8.690913 1.786721 29.761414
v -8.690913 1.786721 29.482742
v -8.690913 1.195259 28.308304
v -8.690913 1.195259 28.586975
v -8.690913 1.786721 28.586975
v -8.690913 1.786721 28.308304
v -11.241053 1.276400 33.847488
v -11.584864 1.276400 33.847488
v -11.584864 1.705581 33.847488
v -11.241054 1.705581 33.847488
v -9.645971 1.276400 33.847488
v -9.989781 1.276400 33.847488
v -9.989782 1.705581 33.847488
v -9.645971 1.705581 33.847488
v -12.609269 1.920565 34.026222
v -8.621566 1.920565 34.026222
v -12.609269 1.920565 26.979591
v -8.621566 1.920565 26.979591
v -12.609269 2.724163 26.979591
v -12.609269 2.724163 34.026222
v -8.621566 2.724163 34.026222
v -8.621566 2.724163 26.979591
v -12.609269 2.807249 26.979591
v -12.609269 2.807249 34.026222
v -8.621566 2.807249 34.026222
v -8.621566 2.807249 26.979591
v -12.675985 2.724163 26.861698
v -12.675985 2.724163 34.144115
v -8.554850 2.724163 34.144115
v -8.554850 2.724163 26.861698
v -12.675985 2.807249 26.861698
v -12.675985 2.807249 34.144115
v -8.554850 2.807249 34.144115
v -8.554850 2.807249 26.861698
v -8.621566 2.031184 26.979591
v -8.621566 2.031184 34.026222
v -12.609269 2.031184 34.026222
v -12.609269 2.031184 26.979591
v -12.609269 1.920565 27.566811
v -12.609269 1.920565 28.154030
v -12.609269 1.920565 28.741249
v -12.609269 1.920565 29.328468
v -12.609269 1.920565 29.915688
v -12.609269 1.920565 30.502907
v -12.609269 1.920565 31.090126
v -12.609269 1.920565 31.677345
v -12.609269 1.920565 32.264565
v -12.609269 1.920565 32.851784
v -12.609269 1.920565 33.439003
v -8.621566 1.920565 33.439003
v -8.621566 1.920565 32.851784
v -8.621566 1.920565 32.264565
v -8.621566 1.920565 31.677345
v -8.621566 1.920565 31.090126
v -8.621566 1.920565 30.502907
v -8.621566 1.920565 29.915688
v -8.621566 1.920565 29.328468
v -8.621566 1.920565 28.741249
v -8.621566 1.920565 28.154030
v -8.621566 1.920565 27.566811
v -12.609269 2.724163 27.566811
v -12.609269 2.724163 28.154030
v -12.609269 2.724163 28.741249
v -12.609269 2.724163 29.328468
v -12.609269 2.724163 29.915688
v -12.609269 2.724163 30.502907
v -12.609269 2.724163 31.090126
v -12.609269 2.724163 31.677345
v -12.609269 2.724163 32.264565
v -12.609269 2.724163 32.851784
v -12.609269 2.724163 33.439003
v -8.621566 2.724163 33.439003
v -8.621566 2.724163 32.851784
v -8.621566 2.724163 32.264565
v -8.621566 2.724163 31.677345
v -8.621566 2.724163 31.090126
v -8.621566 2.724163 30.502907
v -8.621566 2.724163 29.915688
v -8.621566 2.724163 29.328468
v -8.621566 2.724163 28.741249
v -8.621566 2.724163 28.154030
v -8.621566 2.724163 27.566811
v -12.609269 2.807249 27.566811
v -12.609269 2.807249 28.154030
v -12.609269 2.807249 28.741249
v -12.609269 2.807249 29.328468
v -12.609269 2.807249 29.915688
v -12.609269 2.807249 30.502907
v -12.609269 2.807249 31.090126
v -12.609269 2.807249 31.677345
v -12.609269 2.807249 32.264565
v -12.609269 2.807249 32.851784
v -12.609269 2.807249 33.439003
v -8.621566 2.807249 33.439003
v -8.621566 2.807249 32.851784
v -8.621566 2.807249 32.264565
v -8.621566 2.807249 31.677345
v -8.621566 2.807249 31.090126
v -8.621566 2.807249 30.502907
v -8.621566 2.807249 29.915688
v -8.621566 2.807249 29.328468
v -8.621566 2.807249 28.741249
v -8.621566 2.807249 28.154030
v -8.621566 2.807249 27.566811
v -12.675985 2.724163 27.468567
v -12.675985 2.724163 28.075434
v -12.675985 2.724163 28.682302
v -12.675985 2.724163 29.289171
v -12.675985 2.724163 29.896038
v -12.675985 2.724163 30.502907
v -12.675985 2.724163 31.109776
v -12.675985 2.724163 31.716642
v -12.675985 2.724163 32.323513
v -12.675985 2.724163 32.930378
v -12.675985 2.724163 33.537247
v -8.554850 2.724163 33.537247
v -8.554850 2.724163 32.930378
v -8.554850 2.724163 32.323513
v -8.554850 2.724163 31.716642
v -8.554850 2.724163 31.109776
v -8.554850 2.724163 30.502907
v -8.554850 2.724163 29.896038
v -8.554850 2.724163 29.289171
v -8.554850 2.724163 28.682302
v -8.554850 2.724163 28.075434
v -8.554850 2.724163 27.468567
v -12.675985 2.807249 27.468567
v -12.675985 2.807249 28.075434
v -12.675985 2.807249 28.682302
v -12.675985 2.807249 29.289171
v -12.675985 2.807249 29.896038
v -12.675985 2.807249 30.502907
v -12.675985 2.807249 31.109776
v -12.675985 2.807249 31.716642
v -12.675985 2.807249 32.323513
v -12.675985 2.807249 32.930378
v -12.675985 2.807249 33.537247
v -8.554850 2.807249 33.537247
v -8.554850 2.807249 32.930378
v -8.554850 2.807249 32.323513
v -8.554850 2.807249 31.716642
v -8.554850 2.807249 31.109776
v -8.554850 2.807249 30.502907
v -8.554850 2.807249 29.896038
v -8.554850 2.807249 29.289171
v -8.554850 2.807249 28.682302
v -8.554850 2.807249 28.075434
v -8.554850 2.807249 27.468567
v -12.609269 2.031184 33.439003
v -12.609269 2.031184 32.851784
v -12.609269 2.031184 32.264565
v -12.609269 2.031184 31.677345
v -12.609269 2.031184 31.090126
v -12.609269 2.031184 30.502907
v -12.609269 2.031184 29.915688
v -12.609269 2.031184 29.328468
v -12.609269 2.031184 28.741249
v -12.609269 2.031184 28.154030
v -12.609269 2.031184 27.566811
v -8.621566 2.031184 27.566811
v -8.621566 2.031184 28.154030
v -8.621566 2.031184 28.741249
v -8.621566 2.031184 29.328468
v -8.621566 2.031184 29.915688
v -8.621566 2.031184 30.502907
v -8.621566 2.031184 31.090126
v -8.621566 2.031184 31.677345
v -8.621566 2.031184 32.264565
v -8.621566 2.031184 32.851784
v -8.621566 2.031184 33.439003
v -12.609269 2.076794 33.577629
v -12.609269 2.076794 33.887600
v -12.609269 2.678554 33.887600
v -12.609269 2.678554 33.577629
v -12.609269 2.076794 27.118216
v -12.609269 2.076794 27.428186
v -12.609269 2.678554 27.428186
v -12.609269 2.678554 27.118216
v -12.609269 2.076794 27.705435
v -12.609269 2.076794 28.015406
v -12.609269 2.678554 28.015406
v -12.609269 2.678554 27.705435
v -12.609269 2.076794 28.292654
v -12.609269 2.076794 28.602625
v -12.609269 2.678554 28.602625
v -12.609269 2.678554 28.292654
v -12.609269 2.076794 28.879873
v -12.609269 2.076794 29.189844
v -12.609269 2.678554 29.189844
v -12.609269 2.678554 28.879873
v -12.609269 2.076794 29.467093
v -12.609269 2.076794 29.777063
v -12.609269 2.678554 29.777063
v -12.609269 2.678554 29.467093
v -12.609269 2.076794 30.054312
v -12.609269 2.076794 30.364283
v -12.609269 2.678554 30.364283
v -12.609269 2.678554 30.054312
v -12.609269 2.076794 30.641531
v -12.609269 2.076794 30.951502
v -12.609269 2.678554 30.951502
v -12.609269 2.678554 30.641531
v -12.609269 2.076794 31.228750
v -12.609269 2.076794 31.538721
v -12.609269 2.678554 31.538721
v -12.609269 2.678554 31.228750
v -12.609269 2.076794 31.815969
v -12.609269 2.076794 32.125938
v -12.609269 2.678554 32.125942
v -12.609269 2.678554 31.815969
v -12.609269 2.076794 32.403191
v -12.609269 2.076794 32.713158
v -12.609269 2.678554 32.713161
v -12.609269 2.678554 32.403191
v -12.609269 2.076794 32.990410
v -12.609269 2.076794 33.300381
v -12.609269 2.678554 33.300381
v -12.609269 2.678554 32.990410
v -12.567150 2.076794 33.887600
v -12.567150 2.076794 33.577629
v -12.567150 2.678554 33.577629
v -12.567150 2.678554 33.887600
v -12.567150 2.076794 27.428186
v -12.567150 2.076794 27.118216
v -12.567150 2.678554 27.118216
v -12.567150 2.678554 27.428186
v -12.567150 2.076794 28.602625
v -12.567150 2.076794 28.292654
v -12.567150 2.678554 28.292654
v -12.567150 2.678554 28.602625
v -12.567150 2.076794 29.777063
v -12.567150 2.076794 29.467093
v -12.567150 2.678554 29.467093
v -12.567150 2.678554 29.777063
v -12.567150 2.076794 30.951502
v -12.567150 2.076794 30.641531
v -12.567150 2.678554 30.641531
v -12.567150 2.678554 30.951502
v -12.567150 2.076794 32.125938
v -12.567150 2.076794 31.815969
v -12.567150 2.678554 31.815969
v -12.567150 2.678554 32.125942
v -12.567150 2.076794 33.300381
v -12.567150 2.076794 32.990410
v -12.567150 2.678554 32.990410
v -12.567150 2.678554 33.300381
v -11.811728 1.920565 34.026222
v -11.014188 1.920565 34.026222
v -10.216647 1.920565 34.026222
v -9.419106 1.920565 34.026222
v -9.419106 1.920565 26.979591
v -10.216647 1.920565 26.979591
v -11.014188 1.920565 26.979591
v -11.811728 1.920565 26.979591
v -11.811728 2.724163 34.026222
v -11.014188 2.724163 34.026222
v -10.216647 2.724163 34.026222
v -9.419106 2.724163 34.026222
v -9.419106 2.724163 26.979591
v -10.216647 2.724163 26.979591
v -11.014188 2.724163 26.979591
v -11.811728 2.724163 26.979591
v -11.811728 2.807249 34.026222
v -11.014188 2.807249 34.026222
v -10.216647 2.807249 34.026222
v -9.419106 2.807249 34.026222
v -9.419106 2.807249 26.979591
v -10.216647 2.807249 26.979591
v -11.014188 2.807249 26.979591
v -11.811728 2.807249 26.979591
v -11.851758 2.724163 34.144115
v -11.027531 2.724163 34.144115
v -10.203304 2.724163 34.144115
v -9.379077 2.724163 34.144115
v -9.379077 2.724163 26.861698
v -10.203304 2.724163 26.861698
v -11.027531 2.724163 26.861698
v -11.851758 2.724163 26.861698
v -11.851758 2.807249 34.144115
v -11.027531 2.807249 34.144115
v -10.203304 2.807249 34.144115
v -9.379077 2.807249 34.144115
v -9.379077 2.807249 26.861698
v -10.203304 2.807249 26.861698
v -11.027531 2.807249 26.861698
v -11.851758 2.807249 26.861698
v -9.419106 2.031184 34.026222
v -10.216647 2.031184 34.026222
v -11.014188 2.031184 34.026222
v -11.811728 2.031184 34.026222
v -11.811728 2.031184 26.979591
v -11.014188 2.031184 26.979591
v -10.216647 2.031184 26.979591
v -9.419106 2.031184 26.979591
v -9.419106 2.807249 33.439003
v -10.216647 2.807249 33.439003
v -11.014188 2.807249 33.439003
v -11.811728 2.807249 33.439003
v -9.419106 2.807249 32.851784
v -10.216647 2.807249 32.851784
v -11.014188 2.807249 32.851784
v -11.811728 2.807249 32.851784
v -9.419106 2.807249 32.264565
v -10.216647 2.807249 32.264565
v -11.014188 2.807249 32.264565
v -11.811728 2.807249 32.264565
v -9.419106 2.807249 31.677345
v -10.216647 2.807249 31.677345
v -11.014188 2.807249 31.677345
v -11.811728 2.807249 31.677345
v -9.419106 2.807249 31.090126
v -10.216647 2.807249 31.090126
v -11.014188 2.807249 31.090126
v -11.811728 2.807249 31.090126
v -9.419106 2.807249 30.502907
v -10.216647 2.807249 30.502907
v -11.014188 2.807249 30.502907
v -11.811728 2.807249 30.502907
v -9.419106 2.807249 29.915688
v -10.216647 2.807249 29.915688
v -11.014188 2.807249 29.915688
v -11.811728 2.807249 29.915688
v -9.419106 2.807249 29.328468
v -10.216647 2.807249 29.328468
v -11.014188 2.807249 29.328468
v -11.811728 2.807249 29.328468
v -9.419106 2.807249 28.741249
v -10.216647 2.807249 28.741249
v -11.014188 2.807249 28.741249
v -11.811728 2.807249 28.741249
v -9.419106 2.807249 28.154030
v -10.216647 2.807249 28.154030
v -11.014188 2.807249 28.154030
v -11.811728 2.807249 28.154030
v -9.419106 2.807249 27.566811
v -10.216647 2.807249 27.566811
v -11.014188 2.807249 27.566811
v -11.811728 2.807249 27.566811
v -11.811728 1.920565 33.439003
v -11.014188 1.920565 33.439003
v -10.216647 1.920565 33.439003
v -9.419106 1.920565 33.439003
v -11.811728 1.920565 32.851784
v -11.014188 1.920565 32.851784
v -10.216647 1.920565 32.851784
v -9.419106 1.920565 32.851784
v -11.811728 1.920565 32.264565
v -11.014188 1.920565 32.264565
v -10.216647 1.920565 32.264565
v -9.419106 1.920565 32.264565
v -11.811728 1.920565 31.677345
v -11.014188 1.920565 31.677345
v -10.216647 1.920565 31.677345
v -9.419106 1.920565 31.677345
v -11.811728 1.920565 31.090126
v -11.014188 1.920565 31.090126
v -10.216647 1.920565 31.090126
v -9.419106 1.920565 31.090126
v -11.811728 1.920565 30.502907
v -11.014188 1.920565 30.502907
v -10.216647 1.920565 30.502907
v -9.419106 1.920565 30.502907
v -11.811728 1.920565 29.915688
v -11.014188 1.920565 29.915688
v -10.216647 1.920565 29.915688
v -9.419106 1.920565 29.915688
v -11.811728 1.920565 29.328468
v -11.014188 1.920565 29.328468
v -10.216647 1.920565 29.328468
v -9.419106 1.920565 29.328468
v -11.811728 1.920565 28.741249
v -11.014188 1.920565 28.741249
v -10.216647 1.920565 28.741249
v -9.419106 1.920565 28.741249
v -11.811728 1.920565 28.154030
v -11.014188 1.920565 28.154030
v -10.216647 1.920565 28.154030
v -9.419106 1.920565 28.154030
v -11.811728 1.920565 27.566811
v -11.014188 1.920565 27.566811
v -10.216647 1.920565 27.566811
v -9.419106 1.920565 27.566811
v -11.672168 2.112325 34.026222
v -11.153749 2.112325 34.026222
v -11.153749 2.643022 34.026222
v -11.672168 2.643022 34.026222
v -10.077085 2.112325 34.026222
v -9.558667 2.112325 34.026222
v -9.558667 2.643022 34.026222
v -10.077085 2.643022 34.026222
v -11.153749 2.112325 33.970032
v -11.672168 2.112325 33.970032
v -11.672168 2.643022 33.970032
v -11.153749 2.643022 33.970032
v -9.558667 2.112325 33.970032
v -10.077085 2.112325 33.970032
v -10.077085 2.643022 33.970032
v -9.558667 2.643022 33.970032
v -8.621566 2.081943 27.412537
v -8.621566 2.081943 27.133865
v -8.621566 2.673405 27.133865
v -8.621566 2.673405 27.412537
v -8.621566 2.081943 33.871948
v -8.621566 2.081943 33.593277
v -8.621566 2.673405 33.593277
v -8.621566 2.673405 33.871948
v -8.621566 2.081943 32.697510
v -8.621566 2.081943 32.418839
v -8.621566 2.673405 32.418839
v -8.621566 2.673405 32.697510
v -8.621566 2.081943 31.523071
v -8.621566 2.081943 31.244400
v -8.621566 2.673405 31.244400
v -8.621566 2.673405 31.523071
v -8.621566 2.081943 30.935852
v -8.621566 2.081943 30.657181
v -8.621566 2.673405 30.657181
v -8.621566 2.673405 30.935852
v -8.621566 2.081943 29.761414
v -8.621566 2.081943 29.482742
v -8.621566 2.673405 29.482742
v -8.621566 2.673405 29.761414
v -8.621566 2.081943 28.586975
v -8.621566 2.081943 28.308304
v -8.621566 2.673405 28.308304
v -8.621566 2.673405 28.586975
v -11.584864 2.163083 33.970032
v -11.241053 2.163083 33.970032
v -11.241054 2.592264 33.970032
v -11.584864 2.592264 33.970032
v -9.989781 2.163083 33.970032
v -9.645971 2.163083 33.970032
v -9.645971 2.592264 33.970032
v -9.989782 2.592264 33.970032
v -8.690913 2.081943 27.133865
v -8.690913 2.081943 27.412537
v -8.690913 2.673405 27.412537
v -8.690913 2.673405 27.133865
v -8.690913 2.081943 33.593277
v -8.690913 2.081943 33.871948
v -8.690913 2.673405 33.871948
v -8.690913 2.673405 33.593277
v -8.690913 2.081943 32.418839
v -8.690913 2.081943 32.697510
v -8.690913 2.673405 32.697510
v -8.690913 2.673405 32.418839
v -8.690913 2.081943 31.244400
v -8.690913 2.081943 31.523071
v -8.690913 2.673405 31.523071
v -8.690913 2.673405 31.244400
v -8.690913 2.081943 30.657181
v -8.690913 2.081943 30.935852
v -8.690913 2.673405 30.935852
v -8.690913 2.673405 30.657181
v -8.690913 2.081943 29.482742
v -8.690913 2.081943 29.761414
v -8.690913 2.673405 29.761414
v -8.690913 2.673405 29.482742
v -8.690913 2.081943 28.308304
v -8.690913 2.081943 28.586975
v -8.690913 2.673405 28.586975
v -8.690913 2.673405 28.308304
v -11.241053 2.163083 33.847488
v -11.584864 2.163083 33.847488
v -11.584864 2.592264 33.847488
v -11.241054 2.592264 33.847488
v -9.645971 2.163083 33.847488
v -9.989781 2.163083 33.847488
v -9.989782 2.592264 33.847488
v -9.645971 2.592264 33.847488
v -12.609269 2.807249 34.026222
v -8.621566 2.807249 34.026222
v -12.609269 2.807249 26.979591
v -8.621566 2.807249 26.979591
v -12.609269 3.610846 26.979591
v -12.609269 3.610846 34.026222
v -8.621566 3.610846 34.026222
v -8.621566 3.610846 26.979591
v -12.609269 3.693932 26.979591
v -12.609269 3.693932 34.026222
v -8.621566 3.693932 34.026222
v -8.621566 3.693932 26.979591
v -12.675985 3.610846 26.861698
v -12.675985 3.610846 34.144115
v -8.554850 3.610846 34.144115
v -8.554850 3.610846 26.861698
v -12.675985 3.693932 26.861698
v -12.675985 3.693932 34.144115
v -8.554850 3.693932 34.144115
v -8.554850 3.693932 26.861698
v -8.621566 2.917868 26.979591
v -8.621566 2.917868 34.026222
v -12.609269 2.917868 34.026222
v -12.609269 2.917868 26.979591
v -12.609269 2.807249 27.566811
v -12.609269 2.807249 28.154030
v -12.609269 2.807249 28.741249
v -12.609269 2.807249 29.328468
v -12.609269 2.807249 29.915688
v -12.609269 2.807249 30.502907
v -12.609269 2.807249 31.090126
v -12.609269 2.807249 31.677345
v -12.609269 2.807249 32.264565
v -12.609269 2.807249 32.851784
v -12.609269 2.807249 33.439003
v -8.621566 2.807249 33.439003
v -8.621566 2.807249 32.851784
v -8.621566 2.807249 32.264565
v -8.621566 2.807249 31.677345
v -8.621566 2.807249 31.090126
v -8.621566 2.807249 30.502907
v -8.621566 2.807249 29.915688
v -8.621566 2.807249 29.328468
v -8.621566 2.807249 28.741249
v -8.621566 2.807249 28.154030
v -8.621566 2.807249 27.566811
v -12.609269 3.610846 27.566811
v -12.609269 3.610846 28.154030
v -12.609269 3.610846 28.741249
v -12.609269 3.610846 29.328468
v -12.609269 3.610846 29.915688
v -12.609269 3.610846 30.502907
v -12.609269 3.610846 31.090126
v -12.609269 3.610846 31.677345
v -12.609269 3.610846 32.264565
v -12.609269 3.610846 32.851784
v -12.609269 3.610846 33.439003
v -8.621566 3.610846 33.439003
v -8.621566 3.610846 32.851784
v -8.621566 3.610846 32.264565
v -8.621566 3.610846 31.677345
v -8.621566 3.610846 31.090126
v -8.621566 3.610846 30.502907
v -8.621566 3.610846 29.915688
v -8.621566 3.610846 29.328468
v -8.621566 3.610846 28.741249
v -8.621566 3.610846 28.154030
v -8.621566 3.610846 27.566811
v -12.609269 3.693932 27.566811
v -12.609269 3.693932 28.154030
v -12.609269 3.693932 28.741249
v -12.609269 3.693932 29.328468
v -12.609269 3.693932 29.915688
v -12.609269 3.693932 30.502907
v -12.609269 3.693932 31.090126
v -12.609269 3.693932 31.677345
v -12.609269 3.693932 32.264565
v -12.609269 3.693932 32.851784
v -12.609269 3.693932 33.439003
v -8.621566 3.693932 33.439003
v -8.621566 3.693932 32.851784
v -8.621566 3.693932 32.264565
v -8.621566 3.693932 31.677345
v -8.621566 3.693932 31.090126
v -8.621566 3.693932 30.502907
v -8.621566 3.693932 29.915688
v -8.621566 3.693932 29.328468
v -8.621566 3.693932 28.741249
v -8.621566 3.693932 28.154030
v -8.621566 3.693932 27.566811
v -12.675985 3.610846 27.468567
v -12.675985 3.610846 28.075434
v -12.675985 3.610846 28.682302
v -12.675985 3.610846 29.289171
v -12.675985 3.610846 29.896038
v -12.675985 3.610846 30.502907
v -12.675985 3.610846 31.109776
v -12.675985 3.610846 31.716642
v -12.675985 3.610846 32.323513
v -12.675985 3.610846 32.930378
v -12.675985 3.610846 33.537247
v -8.554850 3.610846 33.537247
v -8.554850 3.610846 32.930378
v -8.554850 3.610846 32.323513
v -8.554850 3.610846 31.716642
v -8.554850 3.610846 31.109776
v -8.554850 3.610846 30.502907
v -8.554850 3.610846 29.896038
v -8.554850 3.610846 29.289171
v -8.554850 3.610846 28.682302
v -8.554850 3.610846 28.075434
v -8.554850 3.610846 27.468567
v -12.675985 3.693932 27.468567
v -12.675985 3.693932 28.075434
v -12.675985 3.693932 28.682302
v -12.675985 3.693932 29.289171
v -12.675985 3.693932 29.896038
v -12.675985 3.693932 30.502907
v -12.675985 3.693932 31.109776
v -12.675985 3.693932 31.716642
v -12.675985 3.693932 32.323513
v -12.675985 3.693932 32.930378
v -12.675985 3.693932 33.537247
v -8.554850 3.693932 33.537247
v -8.554850 3.693932 32.930378
v -8.554850 3.693932 32.323513
v -8.554850 3.693932 31.716642
v -8.554850 3.693932 31.109776
v -8.554850 3.693932 30.502907
v -8.554850 3.693932 29.896038
v -8.554850 3.693932 29.289171
v -8.554850 3.693932 28.682302
v -8.554850 3.693932 28.075434
v -8.554850 3.693932 27.468567
v -12.609269 2.917868 33.439003
v -12.609269 2.917868 32.851784
v -12.609269 2.917868 32.264565
v -12.609269 2.917868 31.677345
v -12.609269 2.917868 31.090126
v -12.609269 2.917868 30.502907
v -12.609269 2.917868 29.915688
v -12.609269 2.917868 29.328468
v -12.609269 2.917868 28.741249
v -12.609269 2.917868 28.154030
v -12.609269 2.917868 27.566811
v -8.621566 2.917868 27.566811
v -8.621566 2.917868 28.154030
v -8.621566 2.917868 28.741249
v -8.621566 2.917868 29.328468
v -8.621566 2.917868 29.915688
v -8.621566 2.917868 30.502907
v -8.621566 2.917868 31.090126
v -8.621566 2.917868 31.677345
v -8.621566 2.917868 32.264565
v -8.621566 2.917868 32.851784
v -8.621566 2.917868 33.439003
v -12.609269 2.963477 33.577629
v -12.609269 2.963477 33.887600
v -12.609269 3.565237 33.887600
v -12.609269 3.565237 33.577629
v -12.609269 2.963477 27.118216
v -12.609269 2.963477 27.428186
v -12.609269 3.565237 27.428186
v -12.609269 3.565237 27.118216
v -12.609269 2.963477 27.705435
v -12.609269 2.963477 28.015406
v -12.609269 3.565237 28.015406
v -12.609269 3.565237 27.705435
v -12.609269 2.963477 28.292654
v -12.609269 2.963477 28.602625
v -12.609269 3.565237 28.602625
v -12.609269 3.565237 28.292654
v -12.609269 2.963477 28.879873
v -12.609269 2.963477 29.189844
v -12.609269 3.565237 29.189844
v -12.609269 3.565237 28.879873
v -12.609269 2.963477 29.467093
v -12.609269 2.963477 29.777063
v -12.609269 3.565237 29.777063
v -12.609269 3.565237 29.467093
v -12.609269 2.963477 30.054312
v -12.609269 2.963477 30.364283
v -12.609269 3.565237 30.364283
v -12.609269 3.565237 30.054312
v -12.609269 2.963477 30.641531
v -12.609269 2.963477 30.951502
v -12.609269 3.565237 30.951502
v -12.609269 3.565237 30.641531
v -12.609269 2.963477 31.228750
v -12.609269 2.963477 31.538721
v -12.609269 3.565237 31.538721
v -12.609269 3.565237 31.228750
v -12.609269 2.963477 31.815969
v -12.609269 2.963477 32.125938
v -12.609269 3.565237 32.125942
v -12.609269 3.565237 31.815969
v -12.609269 2.963477 32.403191
v -12.609269 2.963477 32.713158
v -12.609269 3.565237 32.713161
v -12.609269 3.565237 32.403191
v -12.609269 2.963477 32.990410
v -12.609269 2.963477 33.300381
v -12.609269 3.565237 33.300381
v -12.609269 3.565237 32.990410
v -12.567150 2.963477 33.887600
v -12.567150 2.963477 33.577629
v -12.567150 3.565237 33.577629
v -12.567150 3.565237 33.887600
v -12.567150 2.963477 27.428186
v -12.567150 2.963477 27.118216
v -12.567150 3.565237 27.118216
v -12.567150 3.565237 27.428186
v -12.567150 2.963477 28.602625
v -12.567150 2.963477 28.292654
v -12.567150 3.565237 28.292654
v -12.567150 3.565237 28.602625
v -12.567150 2.963477 29.777063
v -12.567150 2.963477 29.467093
v -12.567150 3.565237 29.467093
v -12.567150 3.565237 29.777063
v -12.567150 2.963477 30.951502
v -12.567150 2.963477 30.641531
v -12.567150 3.565237 30.641531
v -12.567150 3.565237 30.951502
v -12.567150 2.963477 32.125938
v -12.567150 2.963477 31.815969
v -12.567150 3.565237 31.815969
v -12.567150 3.565237 32.125942
v -12.567150 2.963477 33.300381
v -12.567150 2.963477 32.990410
v -12.567150 3.565237 32.990410
v -12.567150 3.565237 33.300381
v -11.811728 2.807249 34.026222
v -11.014188 2.807249 34.026222
v -10.216647 2.807249 34.026222
v -9.419106 2.807249 34.026222
v -9.419106 2.807249 26.979591
v -10.216647 2.807249 26.979591
v -11.014188 2.807249 26.979591
v -11.811728 2.807249 26.979591
v -11.811728 3.610846 34.026222
v -11.014188 3.610846 34.026222
v -10.216647 3.610846 34.026222
v -9.419106 3.610846 34.026222
v -9.419106 3.610846 26.979591
v -10.216647 3.610846 26.979591
v -11.014188 3.610846 26.979591
v -11.811728 3.610846 26.979591
v -11.811728 3.693932 34.026222
v -11.014188 3.693932 34.026222
v -10.216647 3.693932 34.026222
v -9.419106 3.693932 34.026222
v -9.419106 3.693932 26.979591
v -10.216647 3.693932 26.979591
v -11.014188 3.693932 26.979591
v -11.811728 3.693932 26.979591
v -11.851758 3.610846 34.144115
v -11.027531 3.610846 34.144115
v -10.203304 3.610846 34.144115
v -9.379077 3.610846 34.144115
v -9.379077 3.610846 26.861698
v -10.203304 3.610846 26.861698
v -11.027531 3.610846 26.861698
v -11.851758 3.610846 26.861698
v -11.851758 3.693932 34.144115
v -11.027531 3.693932 34.144115
v -10.203304 3.693932 34.144115
v -9.379077 3.693932 34.144115
v -9.379077 3.693932 26.861698
v -10.203304 3.693932 26.861698
v -11.027531 3.693932 26.861698
v -11.851758 3.693932 26.861698
v -9.419106 2.917868 34.026222
v -10.216647 2.917868 34.026222
v -11.014188 2.917868 34.026222
v -11.811728 2.917868 34.026222
v -11.811728 2.917868 26.979591
v -11.014188 2.917868 26.979591
v -10.216647 2.917868 26.979591
v -9.419106 2.917868 26.979591
v -9.419106 3.693932 33.439003
v -10.216647 3.693932 33.439003
v -11.014188 3.693932 33.439003
v -11.811728 3.693932 33.439003
v -9.419106 3.693932 32.851784
v -10.216647 3.693932 32.851784
v -11.014188 3.693932 32.851784
v -11.811728 3.693932 32.851784
v -9.419106 3.693932 32.264565
v -10.216647 3.693932 32.264565
v -11.014188 3.693932 32.264565
v -11.811728 3.693932 32.264565
v -9.419106 3.693932 31.677345
v -10.216647 3.693932 31.677345
v -11.014188 3.693932 31.677345
v -11.811728 3.693932 31.677345
v -9.419106 3.693932 31.090126
v -10.216647 3.693932 31.090126
v -11.014188 3.693932 31.090126
v -11.811728 3.693932 31.090126
v -9.419106 3.693932 30.502907
v -10.216647 3.693932 30.502907
v -11.014188 3.693932 30.502907
v -11.811728 3.693932 30.502907
v -9.419106 3.693932 29.915688
v -10.216647 3.693932 29.915688
v -11.014188 3.693932 29.915688
v -11.811728 3.693932 29.915688
v -9.419106 3.693932 29.328468
v -10.216647 3.693932 29.328468
v -11.014188 3.693932 29.328468
v -11.811728 3.693932 29.328468
v -9.419106 3.693932 28.741249
v -10.216647 3.693932 28.741249
v -11.014188 3.693932 28.741249
v -11.811728 3.693932 28.741249
v -9.419106 3.693932 28.154030
v -10.216647 3.693932 28.154030
v -11.014188 3.693932 28.154030
v -11.811728 3.693932 28.154030
v -9.419106 3.693932 27.566811
v -10.216647 3.693932 27.566811
v -11.014188 3.693932 27.566811
v -11.811728 3.693932 27.566811
v -11.811728 2.807249 33.439003
v -11.014188 2.807249 33.439003
v -10.216647 2.807249 33.439003
v -9.419106 2.807249 33.439003
v -11.811728 2.807249 32.851784
v -11.014188 2.807249 32.851784
v -10.216647 2.807249 32.851784
v -9.419106 2.807249 32.851784
v -11.811728 2.807249 32.264565
v -11.014188 2.807249 32.264565
v -10.216647 2.807249 32.264565
v -9.419106 2.807249 32.264565
v -11.811728 2.807249 31.677345
v -11.014188 2.807249 31.677345
v -10.216647 2.807249 31.677345
v -9.419106 2.807249 31.677345
v -11.811728 2.807249 31.090126
v -11.014188 2.807249 31.090126
v -10.216647 2.807249 31.090126
v -9.419106 2.807249 31.090126
v -11.811728 2.807249 30.502907
v -11.014188 2.807249 30.502907
v -10.216647 2.807249 30.502907
v -9.419106 2.807249 30.502907
v -11.811728 2.807249 29.915688
v -11.014188 2.807249 29.915688
v -10.216647 2.807249 29.915688
v -9.419106 2.807249 29.915688
v -11.811728 2.807249 29.328468
v -11.014188 2.807249 29.328468
v -10.216647 2.807249 29.328468
v -9.419106 2.807249 29.328468
v -11.811728 2.807249 28.741249
v -11.014188 2.807249 28.741249
v -10.216647 2.807249 28.741249
v -9.419106 2.807249 28.741249
v -11.811728 2.807249 28.154030
v -11.014188 2.807249 28.154030
v -10.216647 2.807249 28.154030
v -9.419106 2.807249 28.154030
v -11.811728 2.807249 27.566811
v -11.014188 2.807249 27.566811
v -10.216647 2.807249 27.566811
v -9.419106 2.807249 27.566811
v -11.672168 2.999008 34.026222
v -11.153749 2.999008 34.026222
v -11.153749 3.529706 34.026222
v -11.672168 3.529706 34.026222
v -10.077085 2.999008 34.026222
v -9.558667 2.999008 34.026222
v -9.558667 3.529706 34.026222
v -10.077085 3.529706 34.026222
v -11.153749 2.999008 33.970032
v -11.672168 2.999008 33.970032
v -11.672168 3.529706 33.970032
v -11.153749 3.529706 33.970032
v -9.558667 2.999008 33.970032
v -10.077085 2.999008 33.970032
v -10.077085 3.529706 33.970032
v -9.558667 3.529706 33.970032
v -8.621566 2.968626 27.412537
v -8.621566 2.968626 27.133865
v -8.621566 3.560088 27.133865
v -8.621566 3.560088 27.412537
v -8.621566 2.968626 33.871948
v -8.621566 2.968626 33.593277
v -8.621566 3.560088 33.593277
v -8.621566 3.560088 33.871948
v -8.621566 2.968626 32.697510
v -8.621566 2.968626 32.418839
v -8.621566 3.560088 32.418839
v -8.621566 3.560088 32.697510
v -8.621566 2.968626 31.523071
v -8.621566 2.968626 31.244400
v -8.621566 3.560088 31.244400
v -8.621566 3.560088 31.523071
v -8.621566 2.968626 30.935852
v -8.621566 2.968626 30.657181
v -8.621566 3.560088 30.657181
v -8.621566 3.560088 30.935852
v -8.621566 2.968626 29.761414
v -8.621566 2.968626 29.482742
v -8.621566 3.560088 29.482742
v -8.621566 3.560088 29.761414
v -8.621566 2.968626 28.586975
v -8.621566 2.968626 28.308304
v -8.621566 3.560088 28.308304
v -8.621566 3.560088 28.586975
v -11.584864 3.049767 33.970032
v -11.241053 3.049767 33.970032
v -11.241054 3.478947 33.970032
v -11.584864 3.478947 33.970032
v -9.989781 3.049767 33.970032
v -9.645971 3.049767 33.970032
v -9.645971 3.478947 33.970032
v -9.989782 3.478947 33.970032
v -8.690913 2.968626 27.133865
v -8.690913 2.968626 27.412537
v -8.690913 3.560088 27.412537
v -8.690913 3.560088 27.133865
v -8.690913 2.968626 33.593277
v -8.690913 2.968626 33.871948
v -8.690913 3.560088 33.871948
v -8.690913 3.560088 33.593277
v -8.690913 2.968626 32.418839
v -8.690913 2.968626 32.697510
v -8.690913 3.560088 32.697510
v -8.690913 3.560088 32.418839
v -8.690913 2.968626 31.244400
v -8.690913 2.968626 31.523071
v -8.690913 3.560088 31.523071
v -8.690913 3.560088 31.244400
v -8.690913 2.968626 30.657181
v -8.690913 2.968626 30.935852
v -8.690913 3.560088 30.935852
v -8.690913 3.560088 30.657181
v -8.690913 2.968626 29.482742
v -8.690913 2.968626 29.761414
v -8.690913 3.560088 29.761414
v -8.690913 3.560088 29.482742
v -8.690913 2.968626 28.308304
v -8.690913 2.968626 28.586975
v -8.690913 3.560088 28.586975
v -8.690913 3.560088 28.308304
v -11.241053 3.049767 33.847488
v -11.584864 3.049767 33.847488
v -11.584864 3.478947 33.847488
v -11.241054 3.478947 33.847488
v -9.645971 3.049767 33.847488
v -9.989781 3.049767 33.847488
v -9.989782 3.478947 33.847488
v -9.645971 3.478947 33.847488
vn -0.0000 -1.0000 -0.0000
vn -0.0000 1.0000 -0.0000
vn -0.0000 -0.0000 1.0000
vn -0.0000 -0.0000 -1.0000
vn 1.0000 -0.0000 -0.0000
vn -1.0000 -0.0000 -0.0000
vt 0.800000 0.916667
vt 0.800000 1.000000
vt 1.000000 1.000000
vt 1.000000 0.916667
vt 0.200000 0.000000
vt 0.000000 0.000000
vt 1.000000 0.061440
vt 1.000000 0.061440
vt 0.000000 0.103006
vt 0.200000 1.000000
vt 0.000000 1.000000
vt 0.200000 1.000000
vt 0.800000 0.000000
vt 1.000000 0.000000
vt 0.800000 0.000000
vt 1.000000 0.916667
vt 0.800000 1.000000
vt 0.000000 0.083333
vt 0.000000 0.083333
vt 1.000000 0.916667
vt 1.000000 0.916667
vt 0.000000 0.083333
vt 1.000000 0.083333
vt 1.000000 0.083333
vt 0.000000 0.916667
vt 1.000000 0.083333
vt 1.000000 0.166667
vt 1.000000 0.166667
vt 1.000000 0.250000
vt 1.000000 0.333333
vt 1.000000 0.333333
vt 1.000000 0.416667
vt 1.000000 0.416667
vt 1.000000 0.500000
vt 1.000000 0.583333
vt 1.000000 0.583333
vt 1.000000 0.666667
vt 1.000000 0.666667
vt 1.000000 0.750000
vt 1.000000 0.750000
vt 1.000000 0.833333
vt 1.000000 0.833333
vt 0.000000 0.916667
vt 0.000000 0.833333
vt 0.000000 0.750000
vt 0.000000 0.750000
vt 0.000000 0.666667
vt 0.000000 0.583333
vt 0.000000 0.500000
vt 0.000000 0.416667
vt 0.000000 0.333333
vt 0.000000 0.333333
vt 0.000000 0.250000
vt 0.000000 0.166667
vt 0.000000 0.166667
vt 0.000000 0.333333
vt 0.000000 0.416667
vt 0.000000 0.500000
vt 0.000000 0.583333
vt 0.000000 0.833333
vt 1.000000 0.666667
vt 1.000000 0.583333
vt 1.000000 0.500000
vt 1.000000 0.416667
vt 1.000000 0.166667
vt 0.000000 0.666667
vt 0.000000 0.500000
vt 1.000000 0.416667
vt 1.000000 0.500000
vt 1.000000 0.583333
vt 0.000000 0.750000
vt 0.000000 0.500000
vt 0.800000 0.083333
vt 0.800000 0.166667
vt 0.800000 0.250000
vt 0.800000 0.333333
vt 0.800000 0.416667
vt 0.800000 0.500000
vt 0.800000 0.583333
vt 0.800000 0.666667
vt 0.800000 0.750000
vt 0.800000 0.833333
vt 0.000000 0.980328
vt 0.000000 0.980328
vt 0.000000 0.896994
vt 0.000000 0.853006
vt 0.000000 0.146994
vt 0.000000 0.730328
vt 0.000000 0.686339
vt 0.000000 0.730327
vt 0.000000 0.936339
vt 0.000000 0.563661
vt 0.000000 0.519672
vt 0.000000 0.563661
vt 0.000000 0.269672
vt 0.000000 0.313661
vt 0.000000 0.396994
vt 0.000000 0.353006
vt 0.000000 0.353006
vt 0.000000 0.396994
vt 0.000000 0.230328
vt 0.000000 0.186339
vt 0.000000 0.230328
vt 0.000000 0.269672
vt 1.000000 0.811440
vt 1.000000 0.811440
vt 1.000000 0.021893
vt 1.000000 0.021893
vt 1.000000 0.771893
vt 1.000000 0.771893
vt 1.000000 0.478107
vt 1.000000 0.438560
vt 0.800000 0.083333
vt 0.800000 0.166667
vt 0.800000 0.333333
vt 0.800000 0.500000
vt 0.800000 0.583333
vt 0.800000 0.666667
vt 0.000000 0.019672
vt 0.000000 0.063661
vt 0.000000 0.019672
vt 0.000000 0.063661
vt 0.000000 0.936339
vt 0.000000 0.769672
vt 0.000000 0.813661
vt 0.000000 0.769672
vt 0.000000 0.813661
vt 0.000000 0.603006
vt 0.000000 0.646994
vt 0.000000 0.603006
vt 0.000000 0.646994
vt 0.000000 0.436339
vt 0.000000 0.480328
vt 0.000000 0.436339
vt 0.000000 0.313661
vt 0.200000 0.916667
vt 0.200000 0.833333
vt 0.400000 0.916667
vt 0.400000 0.833333
vt 0.600000 0.916667
vt 0.600000 0.833333
vt 0.200000 0.750000
vt 0.400000 0.750000
vt 0.600000 0.750000
vt 0.200000 0.666667
vt 0.400000 0.666667
vt 0.600000 0.666667
vt 0.200000 0.583333
vt 0.400000 0.583333
vt 0.600000 0.583333
vt 0.200000 0.500000
vt 0.400000 0.500000
vt 0.600000 0.500000
vt 0.200000 0.416667
vt 0.400000 0.416667
vt 0.600000 0.416667
vt 0.200000 0.333333
vt 0.400000 0.333333
vt 0.600000 0.333333
vt 0.200000 0.250000
vt 0.400000 0.250000
vt 0.600000 0.250000
vt 0.200000 0.166667
vt 0.400000 0.166667
vt 0.600000 0.166667
vt 0.200000 0.083333
vt 0.400000 0.083333
vt 0.600000 0.083333
vt 0.400000 0.000000
vt 0.600000 0.000000
vt 0.200000 0.833333
vt 0.200000 0.916667
vt 0.400000 0.833333
vt 0.400000 0.916667
vt 0.600000 0.833333
vt 0.600000 0.916667
vt 0.400000 0.750000
vt 0.200000 0.666667
vt 0.400000 0.666667
vt 0.600000 0.666667
vt 0.200000 0.583333
vt 0.400000 0.583333
vt 0.600000 0.583333
vt 0.200000 0.500000
vt 0.400000 0.500000
vt 0.600000 0.500000
vt 0.200000 0.416667
vt 0.400000 0.416667
vt 0.200000 0.333333
vt 0.400000 0.250000
vt 0.200000 0.166667
vt 0.400000 0.166667
vt 0.200000 0.083333
vt 0.600000 0.000000
vt 0.600000 1.000000
vt 0.400000 1.000000
vt 0.400000 0.000000
vt 0.600000 1.000000
vt 0.400000 1.000000
vt 0.765002 0.000000
vt 0.634998 0.000000
vt 0.365002 0.000000
vt 0.365002 0.000000
vt 0.234998 0.000000
vt 0.765002 0.000000
vt 1.000000 0.478107
vt 1.000000 0.438560
vt 1.000000 0.978107
vt 1.000000 0.938560
vt 1.000000 0.228107
vt 1.000000 0.188560
vt 1.000000 0.228107
vt 1.000000 0.188560
vt 1.000000 0.394773
vt 1.000000 0.355227
vt 1.000000 0.394773
vt 1.000000 0.355227
vt 1.000000 0.644773
vt 1.000000 0.605227
vt 1.000000 0.644773
vt 1.000000 0.605227
vt 0.343109 0.000000
vt 0.256891 0.000000
vt 0.343109 0.000000
vt 0.743109 0.000000
vt 0.656891 0.000000
vt 0.656891 0.000000
s 0
usemtl A14
f 552/106/29 421/107/29 188/108/29 230/109/29
f 433/110/30 194/111/30 202/111/30 449/110/30
f 574/112/31 575/113/31 612/113/31 609/112/31
f 386/114/32 387/114/32 416/114/32 413/114/32
f 461/115/32 208/116/32 189/116/32 432/117/32
f 457/118/31 206/119/31 191/119/31 428/120/31
f 505/106/30 274/121/30 196/108/30 437/122/30
f 241/123/29 190/111/29 198/111/29 285/124/29
f 437/122/30 196/108/30 204/108/30 453/107/30
f 252/125/29 192/108/29 200/108/29 296/126/29
f 296/126/33 200/108/33 204/108/33 318/109/33
f 285/124/34 198/111/34 202/111/34 307/127/34
f 448/115/32 197/116/32 201/116/32 456/115/32
f 444/118/31 199/119/31 203/119/31 452/118/31
f 432/117/29 189/116/29 197/116/29 448/115/29
f 428/120/29 191/119/29 199/119/29 444/118/29
f 264/128/30 195/119/30 203/119/30 308/129/30
f 253/130/30 193/116/30 201/116/30 297/130/30
f 420/118/31 186/119/31 206/119/31 457/118/31
f 424/115/32 187/116/32 208/116/32 461/115/32
f 219/127/34 185/111/34 207/111/34 319/127/34
f 230/109/33 188/108/33 205/108/33 330/109/33
f 186/119/33 220/128/33 340/131/33 206/119/33
f 220/128/33 221/132/33 339/133/33 340/131/33
f 221/132/33 222/134/33 338/134/33 339/133/33
f 222/134/33 223/135/33 337/136/33 338/134/33
f 223/135/33 224/137/33 336/138/33 337/136/33
f 224/137/33 225/139/33 335/139/33 336/138/33
f 225/139/33 226/140/33 334/141/33 335/139/33
f 226/140/33 227/142/33 333/143/33 334/141/33
f 227/142/33 228/144/33 332/145/33 333/143/33
f 228/144/33 229/146/33 331/147/33 332/145/33
f 229/146/33 230/109/33 330/109/33 331/147/33
f 187/116/34 209/130/34 329/148/34 208/116/34
f 209/130/34 210/149/34 328/149/34 329/148/34
f 210/149/34 211/150/34 327/151/34 328/149/34
f 211/150/34 212/152/34 326/152/34 327/151/34
f 212/152/34 213/153/34 325/153/34 326/152/34
f 213/153/34 214/154/34 324/154/34 325/153/34
f 214/154/34 215/155/34 323/155/34 324/154/34
f 215/155/34 216/156/34 322/157/34 323/155/34
f 216/156/34 217/158/34 321/158/34 322/157/34
f 217/158/34 218/159/34 320/159/34 321/158/34
f 218/159/34 219/127/34 319/127/34 320/159/34
f 194/111/30 263/127/30 307/127/30 202/111/30
f 263/127/30 262/160/30 306/159/30 307/127/30
f 262/160/30 261/158/30 305/158/30 306/159/30
f 261/158/30 260/156/30 304/161/30 305/158/30
f 260/156/30 259/162/30 303/155/30 304/161/30
f 259/162/30 258/163/30 302/154/30 303/155/30
f 258/163/30 257/164/30 301/164/30 302/154/30
f 257/164/30 256/152/30 300/152/30 301/164/30
f 256/152/30 255/151/30 299/151/30 300/152/30
f 255/151/30 254/165/30 298/149/30 299/151/30
f 254/165/30 253/130/30 297/130/30 298/149/30
f 196/108/30 274/121/30 318/109/30 204/108/30
f 274/121/30 273/146/30 317/147/30 318/109/30
f 273/146/30 272/144/30 316/144/30 317/147/30
f 272/144/30 271/166/30 315/142/30 316/144/30
f 271/166/30 270/140/30 314/167/30 315/142/30
f 270/140/30 269/168/30 313/139/30 314/167/30
f 269/168/30 268/169/30 312/137/30 313/139/30
f 268/169/30 267/135/30 311/135/30 312/137/30
f 267/135/30 266/134/30 310/134/30 311/135/30
f 266/134/30 265/132/30 309/170/30 310/134/30
f 265/132/30 264/128/30 308/129/30 309/170/30
f 197/116/34 275/130/34 297/130/34 201/116/34
f 275/130/34 276/149/34 298/149/34 297/130/34
f 276/149/34 277/150/34 299/151/34 298/149/34
f 277/150/34 278/171/34 300/152/34 299/151/34
f 278/171/34 279/164/34 301/164/34 300/152/34
f 279/164/34 280/172/34 302/154/34 301/164/34
f 280/172/34 281/155/34 303/155/34 302/154/34
f 281/155/34 282/161/34 304/161/34 303/155/34
f 282/161/34 283/158/34 305/158/34 304/161/34
f 283/158/34 284/159/34 306/159/34 305/158/34
f 284/159/34 285/124/34 307/127/34 306/159/34
f 199/119/33 286/129/33 308/129/33 203/119/33
f 286/129/33 287/132/33 309/170/33 308/129/33
f 287/132/33 288/134/33 310/134/33 309/170/33
f 288/134/33 289/135/33 311/135/33 310/134/33
f 289/135/33 290/169/33 312/137/33 311/135/33
f 290/169/33 291/168/33 313/139/33 312/137/33
f 291/168/33 292/167/33 314/167/33 313/139/33
f 292/167/33 293/142/33 315/142/33 314/167/33
f 293/142/33 294/144/33 316/144/33 315/142/33
f 294/144/33 295/147/33 317/147/33 316/144/33
f 295/147/33 296/126/33 318/109/33 317/147/33
f 191/119/29 242/131/29 286/129/29 199/119/29
f 242/131/29 243/132/29 287/132/29 286/129/29
f 243/132/29 244/134/29 288/134/29 287/132/29
f 244/134/29 245/135/29 289/135/29 288/134/29
f 245/135/29 246/173/29 290/169/29 289/135/29
f 246/173/29 247/174/29 291/168/29 290/169/29
f 247/174/29 248/175/29 292/167/29 291/168/29
f 248/175/29 249/143/29 293/142/29 292/167/29
f 249/143/29 250/144/29 294/144/29 293/142/29
f 250/144/29 251/146/29 295/147/29 294/144/29
f 251/146/29 252/125/29 296/126/29 295/147/29
f 189/116/29 231/148/29 275/130/29 197/116/29
f 231/148/29 232/165/29 276/149/29 275/130/29
f 232/165/29 233/176/29 277/150/29 276/149/29
f 233/176/29 234/152/29 278/171/29 277/150/29
f 234/152/29 235/153/29 279/164/29 278/171/29
f 235/153/29 236/177/29 280/172/29 279/164/29
f 236/177/29 237/162/29 281/155/29 280/172/29
f 237/162/29 238/157/29 282/161/29 281/155/29
f 238/157/29 239/158/29 283/158/29 282/161/29
f 239/158/29 240/159/29 284/159/29 283/158/29
f 240/159/29 241/123/29 285/124/29 284/159/29
f 436/118/30 195/119/30 264/128/30 465/178/30
f 465/178/30 264/128/30 265/132/30 469/179/30
f 469/179/30 265/132/30 266/134/30 473/180/30
f 473/180/30 266/134/30 267/135/30 477/181/30
f 477/181/30 267/135/30 268/169/30 481/182/30
f 481/182/30 268/169/30 269/168/30 485/183/30
f 485/183/30 269/168/30 270/140/30 489/184/30
f 489/184/30 270/140/30 271/166/30 493/185/30
f 493/185/30 271/166/30 272/144/30 497/186/30
f 497/186/30 272/144/30 273/146/30 501/187/30
f 501/187/30 273/146/30 274/121/30 505/106/30
f 348/188/31 345/189/31 394/189/31 395/188/31
f 349/190/34 350/191/34 351/191/34 352/190/34
f 388/192/31 385/192/31 414/192/31 415/192/31
f 357/193/34 358/194/34 359/194/34 360/195/34
f 345/189/30 346/196/30 393/196/30 394/189/30
f 365/197/34 366/198/34 367/198/34 368/199/34
f 379/200/29 380/201/29 411/201/29 412/200/29
f 373/202/34 374/203/34 375/204/34 376/205/34
f 385/192/30 386/114/30 413/114/30 414/192/30
f 381/206/34 382/207/34 383/207/34 384/208/34
f 378/209/32 379/200/32 412/200/32 409/209/32
f 594/210/31 595/211/31 632/211/31 629/210/31
f 340/131/33 339/133/33 243/132/33 242/131/33
f 576/212/32 573/213/32 610/213/32 611/212/32
f 338/134/33 337/136/33 245/135/33 244/134/33
f 596/214/32 593/215/32 630/215/32 631/214/32
f 587/216/29 588/217/29 623/217/29 624/216/29
f 335/139/33 334/141/33 248/175/33 247/174/33
f 573/213/30 574/112/30 609/112/30 610/213/30
f 333/143/33 332/145/33 250/144/33 249/143/33
f 593/215/30 594/210/30 629/210/30 630/215/30
f 331/147/33 330/109/33 252/125/33 251/146/33
f 420/118/29 512/218/29 220/128/29 186/119/29
f 512/218/29 516/219/29 221/132/29 220/128/29
f 516/219/29 520/180/29 222/134/29 221/132/29
f 520/180/29 524/220/29 223/135/29 222/134/29
f 524/220/29 528/182/29 224/137/29 223/135/29
f 528/182/29 532/221/29 225/139/29 224/137/29
f 532/221/29 536/222/29 226/140/29 225/139/29
f 536/222/29 540/223/29 227/142/29 226/140/29
f 540/223/29 544/186/29 228/144/29 227/142/29
f 544/186/29 548/187/29 229/146/29 228/144/29
f 548/187/29 552/106/29 230/109/29 229/146/29
f 319/127/34 207/111/34 342/224/34 341/225/34
f 207/111/34 190/111/34 343/226/34 342/224/34
f 190/111/34 241/123/34 344/227/34 343/226/34
f 241/123/34 319/127/34 341/225/34 344/227/34
f 208/116/34 329/148/34 346/196/34 345/189/34
f 329/148/34 231/148/34 347/228/34 346/196/34
f 231/148/34 189/116/34 348/188/34 347/228/34
f 189/116/34 208/116/34 345/189/34 348/188/34
f 329/148/34 328/149/34 350/191/34 349/190/34
f 328/149/34 232/165/34 351/191/34 350/191/34
f 232/165/34 231/148/34 352/190/34 351/191/34
f 231/148/34 329/148/34 349/190/34 352/190/34
f 328/149/34 327/151/34 354/229/34 353/230/34
f 327/151/34 233/176/34 355/231/34 354/229/34
f 233/176/34 232/165/34 356/232/34 355/231/34
f 232/165/34 328/149/34 353/230/34 356/232/34
f 327/151/34 326/152/34 358/194/34 357/193/34
f 326/152/34 234/152/34 359/194/34 358/194/34
f 234/152/34 233/176/34 360/195/34 359/194/34
f 233/176/34 327/151/34 357/193/34 360/195/34
f 326/152/34 325/153/34 362/233/34 361/234/34
f 325/153/34 235/153/34 363/235/34 362/233/34
f 235/153/34 234/152/34 364/236/34 363/235/34
f 234/152/34 326/152/34 361/234/34 364/236/34
f 325/153/34 324/154/34 366/198/34 365/197/34
f 324/154/34 236/177/34 367/198/34 366/198/34
f 236/177/34 235/153/34 368/199/34 367/198/34
f 235/153/34 325/153/34 365/197/34 368/199/34
f 324/154/34 323/155/34 370/237/34 369/238/34
f 323/155/34 237/162/34 371/239/34 370/237/34
f 237/162/34 236/177/34 372/238/34 371/239/34
f 236/177/34 324/154/34 369/238/34 372/238/34
f 323/155/34 322/157/34 374/203/34 373/202/34
f 322/157/34 238/157/34 375/204/34 374/203/34
f 238/157/34 237/162/34 376/205/34 375/204/34
f 237/162/34 323/155/34 373/202/34 376/205/34
f 322/157/34 321/158/34 378/209/34 377/240/34
f 321/158/34 239/158/34 379/200/34 378/209/34
f 239/158/34 238/157/34 380/201/34 379/200/34
f 238/157/34 322/157/34 377/240/34 380/201/34
f 321/158/34 320/159/34 382/207/34 381/206/34
f 320/159/34 240/159/34 383/207/34 382/207/34
f 240/159/34 239/158/34 384/208/34 383/207/34
f 239/158/34 321/158/34 381/206/34 384/208/34
f 320/159/34 319/127/34 386/114/34 385/192/34
f 319/127/34 241/123/34 387/114/34 386/114/34
f 241/123/34 240/159/34 388/192/34 387/114/34
f 240/159/34 320/159/34 385/192/34 388/192/34
f 346/196/32 347/228/32 396/228/32 393/196/32
f 387/114/29 388/192/29 415/192/29 416/114/29
f 353/230/30 354/229/30 397/229/30 398/230/30
f 347/228/29 348/188/29 395/188/29 396/228/29
f 356/232/31 353/230/31 398/230/31 399/232/31
f 354/229/32 355/231/32 400/231/32 397/229/32
f 361/234/30 362/233/30 401/233/30 402/234/30
f 341/225/30 342/224/30 389/224/30 390/225/30
f 355/231/29 356/232/29 399/232/29 400/231/29
f 364/236/31 361/234/31 402/234/31 403/236/31
f 344/227/31 341/225/31 390/225/31 391/227/31
f 362/233/32 363/235/32 404/235/32 401/233/32
f 342/224/32 343/226/32 392/226/32 389/224/32
f 369/238/30 370/237/30 405/237/30 406/238/30
f 363/235/29 364/236/29 403/236/29 404/235/29
f 343/226/29 344/227/29 391/227/29 392/226/29
f 372/238/31 369/238/31 406/238/31 407/238/31
f 370/237/32 371/239/32 408/239/32 405/237/32
f 377/240/30 378/209/30 409/209/30 410/240/30
f 371/239/29 372/238/29 407/238/29 408/239/29
f 380/201/31 377/240/31 410/240/31 411/201/31
f 210/149/29 209/130/29 549/241/29 545/242/29
f 545/242/29 549/241/29 550/243/29 546/244/29
f 546/244/29 550/243/29 551/245/29 547/246/29
f 547/246/29 551/245/29 552/106/29 548/187/29
f 211/150/29 210/149/29 545/242/29 541/247/29
f 541/247/29 545/242/29 546/244/29 542/248/29
f 542/248/29 546/244/29 547/246/29 543/249/29
f 543/249/29 547/246/29 548/187/29 544/186/29
f 212/152/29 211/150/29 541/247/29 537/250/29
f 537/250/29 541/247/29 542/248/29 538/251/29
f 538/251/29 542/248/29 543/249/29 539/252/29
f 539/252/29 543/249/29 544/186/29 540/223/29
f 213/153/29 212/152/29 537/250/29 533/253/29
f 533/253/29 537/250/29 538/251/29 534/254/29
f 534/254/29 538/251/29 539/252/29 535/255/29
f 535/255/29 539/252/29 540/223/29 536/222/29
f 214/154/29 213/153/29 533/253/29 529/256/29
f 529/256/29 533/253/29 534/254/29 530/257/29
f 530/257/29 534/254/29 535/255/29 531/258/29
f 531/258/29 535/255/29 536/222/29 532/221/29
f 215/155/29 214/154/29 529/256/29 525/259/29
f 525/259/29 529/256/29 530/257/29 526/260/29
f 526/260/29 530/257/29 531/258/29 527/261/29
f 527/261/29 531/258/29 532/221/29 528/182/29
f 216/156/29 215/155/29 525/259/29 521/262/29
f 521/262/29 525/259/29 526/260/29 522/263/29
f 522/263/29 526/260/29 527/261/29 523/264/29
f 523/264/29 527/261/29 528/182/29 524/220/29
f 217/158/29 216/156/29 521/262/29 517/265/29
f 517/265/29 521/262/29 522/263/29 518/266/29
f 518/266/29 522/263/29 523/264/29 519/267/29
f 519/267/29 523/264/29 524/220/29 520/180/29
f 218/159/29 217/158/29 517/265/29 513/268/29
f 513/268/29 517/265/29 518/266/29 514/269/29
f 514/269/29 518/266/29 519/267/29 515/270/29
f 515/270/29 519/267/29 520/180/29 516/219/29
f 219/127/29 218/159/29 513/268/29 509/271/29
f 509/271/29 513/268/29 514/269/29 510/272/29
f 510/272/29 514/269/29 515/270/29 511/273/29
f 511/273/29 515/270/29 516/219/29 512/218/29
f 185/111/29 219/127/29 509/271/29 417/110/29
f 417/110/29 509/271/29 510/272/29 418/274/29
f 418/274/29 510/272/29 511/273/29 419/275/29
f 419/275/29 511/273/29 512/218/29 420/118/29
f 254/165/30 504/276/30 508/277/30 253/130/30
f 504/276/30 503/278/30 507/279/30 508/277/30
f 503/278/30 502/280/30 506/281/30 507/279/30
f 502/280/30 501/187/30 505/106/30 506/281/30
f 255/151/30 500/247/30 504/276/30 254/165/30
f 500/247/30 499/282/30 503/278/30 504/276/30
f 499/282/30 498/249/30 502/280/30 503/278/30
f 498/249/30 497/186/30 501/187/30 502/280/30
f 256/152/30 496/283/30 500/247/30 255/151/30
f 496/283/30 495/284/30 499/282/30 500/247/30
f 495/284/30 494/285/30 498/249/30 499/282/30
f 494/285/30 493/185/30 497/186/30 498/249/30
f 257/164/30 492/286/30 496/283/30 256/152/30
f 492/286/30 491/287/30 495/284/30 496/283/30
f 491/287/30 490/288/30 494/285/30 495/284/30
f 490/288/30 489/184/30 493/185/30 494/285/30
f 258/163/30 488/289/30 492/286/30 257/164/30
f 488/289/30 487/290/30 491/287/30 492/286/30
f 487/290/30 486/291/30 490/288/30 491/287/30
f 486/291/30 485/183/30 489/184/30 490/288/30
f 259/162/30 484/292/30 488/289/30 258/163/30
f 484/292/30 483/293/30 487/290/30 488/289/30
f 483/293/30 482/261/30 486/291/30 487/290/30
f 482/261/30 481/182/30 485/183/30 486/291/30
f 260/156/30 480/294/30 484/292/30 259/162/30
f 480/294/30 479/263/30 483/293/30 484/292/30
f 479/263/30 478/264/30 482/261/30 483/293/30
f 478/264/30 477/181/30 481/182/30 482/261/30
f 261/158/30 476/265/30 480/294/30 260/156/30
f 476/265/30 475/295/30 479/263/30 480/294/30
f 475/295/30 474/267/30 478/264/30 479/263/30
f 474/267/30 473/180/30 477/181/30 478/264/30
f 262/160/30 472/296/30 476/265/30 261/158/30
f 472/296/30 471/297/30 475/295/30 476/265/30
f 471/297/30 470/270/30 474/267/30 475/295/30
f 470/270/30 469/179/30 473/180/30 474/267/30
f 263/127/30 468/298/30 472/296/30 262/160/30
f 468/298/30 467/272/30 471/297/30 472/296/30
f 467/272/30 466/273/30 470/270/30 471/297/30
f 466/273/30 465/178/30 469/179/30 470/270/30
f 194/111/30 433/110/30 468/298/30 263/127/30
f 433/110/30 434/274/30 467/272/30 468/298/30
f 434/274/30 435/299/30 466/273/30 467/272/30
f 435/299/30 436/118/30 465/178/30 466/273/30
f 188/108/32 421/107/32 464/107/32 205/108/32
f 421/107/32 422/300/32 463/300/32 464/107/32
f 422/300/32 423/301/32 462/301/32 463/300/32
f 423/301/32 424/115/32 461/115/32 462/301/32
f 185/111/31 417/110/31 460/110/31 207/111/31
f 417/110/31 418/274/31 459/274/31 460/110/31
f 418/274/31 419/275/31 458/275/31 459/274/31
f 419/275/31 420/118/31 457/118/31 458/275/31
f 190/111/29 425/110/29 441/110/29 198/111/29
f 425/110/29 426/302/29 442/302/29 441/110/29
f 426/302/29 427/275/29 443/299/29 442/302/29
f 427/275/29 428/120/29 444/118/29 443/299/29
f 192/108/29 429/107/29 445/107/29 200/108/29
f 429/107/29 430/300/29 446/303/29 445/107/29
f 430/300/29 431/301/29 447/304/29 446/303/29
f 431/301/29 432/117/29 448/115/29 447/304/29
f 198/111/31 441/110/31 449/110/31 202/111/31
f 441/110/31 442/302/31 450/302/31 449/110/31
f 442/302/31 443/299/31 451/275/31 450/302/31
f 443/299/31 444/118/31 452/118/31 451/275/31
f 200/108/32 445/107/32 453/107/32 204/108/32
f 445/107/32 446/303/32 454/303/32 453/107/32
f 446/303/32 447/304/32 455/304/32 454/303/32
f 447/304/32 448/115/32 456/115/32 455/304/32
f 193/116/30 440/115/30 456/115/30 201/116/30
f 440/115/30 439/304/30 455/304/30 456/115/30
f 439/304/30 438/300/30 454/303/30 455/304/30
f 438/300/30 437/122/30 453/107/30 454/303/30
f 253/130/30 508/277/30 440/115/30 193/116/30
f 508/277/30 507/279/30 439/304/30 440/115/30
f 507/279/30 506/281/30 438/300/30 439/304/30
f 506/281/30 505/106/30 437/122/30 438/300/30
f 207/111/31 460/110/31 425/110/31 190/111/31
f 559/305/29 560/306/29 567/306/29 568/305/29
f 459/274/31 458/275/31 427/275/31 426/302/31
f 554/307/34 555/308/34 564/308/34 561/307/34
f 205/108/32 464/107/32 429/107/32 192/108/32
f 464/107/32 463/300/32 430/300/32 429/107/32
f 463/300/32 462/301/32 431/301/32 430/300/32
f 462/301/32 461/115/32 432/117/32 431/301/32
f 195/119/30 436/118/30 452/118/30 203/119/30
f 436/118/30 435/299/30 451/275/30 452/118/30
f 435/299/30 434/274/30 450/302/30 451/275/30
f 434/274/30 433/110/30 449/110/30 450/302/30
f 209/130/29 187/116/29 424/115/29 549/241/29
f 549/241/29 424/115/29 423/301/29 550/243/29
f 550/243/29 423/301/29 422/300/29 551/245/29
f 551/245/29 422/300/29 421/107/29 552/106/29
f 460/110/31 459/274/31 554/307/31 553/309/31
f 459/274/31 426/302/31 555/308/31 554/307/31
f 426/302/31 425/110/31 556/309/31 555/308/31
f 425/110/31 460/110/31 553/309/31 556/309/31
f 458/275/31 457/118/31 558/310/31 557/306/31
f 457/118/31 428/120/31 559/305/31 558/310/31
f 428/120/31 427/275/31 560/306/31 559/305/31
f 427/275/31 458/275/31 557/306/31 560/306/31
f 586/311/31 587/216/31 624/216/31 621/311/31
f 588/217/32 585/312/32 622/312/32 623/217/32
f 553/309/30 554/307/30 561/307/30 562/309/30
f 560/306/33 557/306/33 566/306/33 567/306/33
f 555/308/29 556/309/29 563/309/29 564/308/29
f 556/309/33 553/309/33 562/309/33 563/309/33
f 558/310/34 559/305/34 568/305/34 565/310/34
f 557/306/30 558/310/30 565/310/30 566/306/30
f 330/109/33 205/108/33 570/313/33 569/314/33
f 205/108/33 192/108/33 571/313/33 570/313/33
f 192/108/33 252/125/33 572/314/33 571/313/33
f 252/125/33 330/109/33 569/314/33 572/314/33
f 206/119/33 340/131/33 574/112/33 573/213/33
f 340/131/33 242/131/33 575/113/33 574/112/33
f 242/131/33 191/119/33 576/212/33 575/113/33
f 191/119/33 206/119/33 573/213/33 576/212/33
f 339/133/33 338/134/33 578/315/33 577/316/33
f 338/134/33 244/134/33 579/317/33 578/315/33
f 244/134/33 243/132/33 580/318/33 579/317/33
f 243/132/33 339/133/33 577/316/33 580/318/33
f 337/136/33 336/138/33 582/319/33 581/320/33
f 336/138/33 246/173/33 583/321/33 582/319/33
f 246/173/33 245/135/33 584/322/33 583/321/33
f 245/135/33 337/136/33 581/320/33 584/322/33
f 336/138/33 335/139/33 586/311/33 585/312/33
f 335/139/33 247/174/33 587/216/33 586/311/33
f 247/174/33 246/173/33 588/217/33 587/216/33
f 246/173/33 336/138/33 585/312/33 588/217/33
f 334/141/33 333/143/33 590/323/33 589/324/33
f 333/143/33 249/143/33 591/325/33 590/323/33
f 249/143/33 248/175/33 592/326/33 591/325/33
f 248/175/33 334/141/33 589/324/33 592/326/33
f 332/145/33 331/147/33 594/210/33 593/215/33
f 331/147/33 251/146/33 595/211/33 594/210/33
f 251/146/33 250/144/33 596/214/33 595/211/33
f 250/144/33 332/145/33 593/215/33 596/214/33
f 581/320/30 582/319/30 617/319/30 618/320/30
f 595/211/29 596/214/29 631/214/29 632/211/29
f 575/113/29 576/212/29 611/212/29 612/113/29
f 584/322/32 581/320/32 618/320/32 619/322/32
f 582/319/31 583/321/31 620/321/31 617/319/31
f 589/324/30 590/323/30 625/323/30 626/324/30
f 569/314/30 570/313/30 605/313/30 606/314/30
f 583/321/29 584/322/29 619/322/29 620/321/29
f 592/326/32 589/324/32 626/324/32 627/326/32
f 572/314/32 569/314/32 606/314/32 607/314/32
f 590/323/31 591/325/31 628/325/31 625/323/31
f 570/313/31 571/313/31 608/313/31 605/313/31
f 577/316/30 578/315/30 613/315/30 614/316/30
f 591/325/29 592/326/29 627/326/29 628/325/29
f 571/313/29 572/314/29 607/314/29 608/313/29
f 580/318/32 577/316/32 614/316/32 615/318/32
f 578/315/31 579/317/31 616/317/31 613/315/31
f 585/312/30 586/311/30 621/311/30 622/312/30
f 579/317/29 580/318/29 615/318/29 616/317/29
f 1008/106/29 877/107/29 644/108/29 686/109/29
f 889/110/30 650/111/30 658/111/30 905/110/30
f 1030/112/31 1031/113/31 1068/113/31 1065/112/31
f 842/114/32 843/114/32 872/114/32 869/114/32
f 917/115/32 664/116/32 645/116/32 888/117/32
f 913/118/31 662/119/31 647/119/31 884/120/31
f 961/106/30 730/121/30 652/108/30 893/122/30
f 697/123/29 646/111/29 654/111/29 741/124/29
f 893/122/30 652/108/30 660/108/30 909/107/30
f 708/125/29 648/108/29 656/108/29 752/126/29
f 752/126/33 656/108/33 660/108/33 774/109/33
f 741/124/34 654/111/34 658/111/34 763/127/34
f 904/115/32 653/116/32 657/116/32 912/115/32
f 900/118/31 655/119/31 659/119/31 908/118/31
f 888/117/29 645/116/29 653/116/29 904/115/29
f 884/120/29 647/119/29 655/119/29 900/118/29
f 720/128/30 651/119/30 659/119/30 764/129/30
f 709/130/30 649/116/30 657/116/30 753/130/30
f 876/118/31 642/119/31 662/119/31 913/118/31
f 880/115/32 643/116/32 664/116/32 917/115/32
f 675/127/34 641/111/34 663/111/34 775/127/34
f 686/109/33 644/108/33 661/108/33 786/109/33
f 642/119/33 676/128/33 796/131/33 662/119/33
f 676/128/33 677/132/33 795/133/33 796/131/33
f 677/132/33 678/134/33 794/134/33 795/133/33
f 678/134/33 679/135/33 793/136/33 794/134/33
f 679/135/33 680/137/33 792/138/33 793/136/33
f 680/137/33 681/139/33 791/139/33 792/138/33
f 681/139/33 682/140/33 790/141/33 791/139/33
f 682/140/33 683/142/33 789/143/33 790/141/33
f 683/142/33 684/144/33 788/145/33 789/143/33
f 684/144/33 685/146/33 787/147/33 788/145/33
f 685/146/33 686/109/33 786/109/33 787/147/33
f 643/116/34 665/130/34 785/148/34 664/116/34
f 665/130/34 666/149/34 784/149/34 785/148/34
f 666/149/34 667/150/34 783/151/34 784/149/34
f 667/150/34 668/152/34 782/152/34 783/151/34
f 668/152/34 669/153/34 781/153/34 782/152/34
f 669/153/34 670/154/34 780/154/34 781/153/34
f 670/154/34 671/155/34 779/155/34 780/154/34
f 671/155/34 672/156/34 778/157/34 779/155/34
f 672/156/34 673/158/34 777/158/34 778/157/34
f 673/158/34 674/159/34 776/159/34 777/158/34
f 674/159/34 675/127/34 775/127/34 776/159/34
f 650/111/30 719/127/30 763/127/30 658/111/30
f 719/127/30 718/160/30 762/159/30 763/127/30
f 718/160/30 717/158/30 761/158/30 762/159/30
f 717/158/30 716/156/30 760/161/30 761/158/30
f 716/156/30 715/162/30 759/155/30 760/161/30
f 715/162/30 714/163/30 758/154/30 759/155/30
f 714/163/30 713/164/30 757/164/30 758/154/30
f 713/164/30 712/152/30 756/152/30 757/164/30
f 712/152/30 711/151/30 755/151/30 756/152/30
f 711/151/30 710/165/30 754/149/30 755/151/30
f 710/165/30 709/130/30 753/130/30 754/149/30
f 652/108/30 730/121/30 774/109/30 660/108/30
f 730/121/30 729/146/30 773/147/30 774/109/30
f 729/146/30 728/144/30 772/144/30 773/147/30
f 728/144/30 727/166/30 771/142/30 772/144/30
f 727/166/30 726/140/30 770/167/30 771/142/30
f 726/140/30 725/168/30 769/139/30 770/167/30
f 725/168/30 724/169/30 768/137/30 769/139/30
f 724/169/30 723/135/30 767/135/30 768/137/30
f 723/135/30 722/134/30 766/134/30 767/135/30
f 722/134/30 721/132/30 765/170/30 766/134/30
f 721/132/30 720/128/30 764/129/30 765/170/30
f 653/116/34 731/130/34 753/130/34 657/116/34
f 731/130/34 732/149/34 754/149/34 753/130/34
f 732/149/34 733/150/34 755/151/34 754/149/34
f 733/150/34 734/171/34 756/152/34 755/151/34
f 734/171/34 735/164/34 757/164/34 756/152/34
f 735/164/34 736/172/34 758/154/34 757/164/34
f 736/172/34 737/155/34 759/155/34 758/154/34
f 737/155/34 738/161/34 760/161/34 759/155/34
f 738/161/34 739/158/34 761/158/34 760/161/34
f 739/158/34 740/159/34 762/159/34 761/158/34
f 740/159/34 741/124/34 763/127/34 762/159/34
f 655/119/33 742/129/33 764/129/33 659/119/33
f 742/129/33 743/132/33 765/170/33 764/129/33
f 743/132/33 744/134/33 766/134/33 765/170/33
f 744/134/33 745/135/33 767/135/33 766/134/33
f 745/135/33 746/169/33 768/137/33 767/135/33
f 746/169/33 747/168/33 769/139/33 768/137/33
f 747/168/33 748/167/33 770/167/33 769/139/33
f 748/167/33 749/142/33 771/142/33 770/167/33
f 749/142/33 750/144/33 772/144/33 771/142/33
f 750/144/33 751/147/33 773/147/33 772/144/33
f 751/147/33 752/126/33 774/109/33 773/147/33
f 647/119/29 698/131/29 742/129/29 655/119/29
f 698/131/29 699/132/29 743/132/29 742/129/29
f 699/132/29 700/134/29 744/134/29 743/132/29
f 700/134/29 701/135/29 745/135/29 744/134/29
f 701/135/29 702/173/29 746/169/29 745/135/29
f 702/173/29 703/174/29 747/168/29 746/169/29
f 703/174/29 704/175/29 748/167/29 747/168/29
f 704/175/29 705/143/29 749/142/29 748/167/29
f 705/143/29 706/144/29 750/144/29 749/142/29
f 706/144/29 707/146/29 751/147/29 750/144/29
f 707/146/29 708/125/29 752/126/29 751/147/29
f 645/116/29 687/148/29 731/130/29 653/116/29
f 687/148/29 688/165/29 732/149/29 731/130/29
f 688/165/29 689/176/29 733/150/29 732/149/29
f 689/176/29 690/152/29 734/171/29 733/150/29
f 690/152/29 691/153/29 735/164/29 734/171/29
f 691/153/29 692/177/29 736/172/29 735/164/29
f 692/177/29 693/162/29 737/155/29 736/172/29
f 693/162/29 694/157/29 738/161/29 737/155/29
f 694/157/29 695/158/29 739/158/29 738/161/29
f 695/158/29 696/159/29 740/159/29 739/158/29
f 696/159/29 697/123/29 741/124/29 740/159/29
f 892/118/30 651/119/30 720/128/30 921/178/30
f 921/178/30 720/128/30 721/132/30 925/179/30
f 925/179/30 721/132/30 722/134/30 929/180/30
f 929/180/30 722/134/30 723/135/30 933/181/30
f 933/181/30 723/135/30 724/169/30 937/182/30
f 937/182/30 724/169/30 725/168/30 941/183/30
f 941/183/30 725/168/30 726/140/30 945/184/30
f 945/184/30 726/140/30 727/166/30 949/185/30
f 949/185/30 727/166/30 728/144/30 953/186/30
f 953/186/30 728/144/30 729/146/30 957/187/30
f 957/187/30 729/146/30 730/121/30 961/106/30
f 804/188/31 801/189/31 850/189/31 851/188/31
f 805/190/34 806/191/34 807/191/34 808/190/34
f 844/192/31 841/192/31 870/192/31 871/192/31
f 813/193/34 814/194/34 815/194/34 816/195/34
f 801/189/30 802/196/30 849/196/30 850/189/30
f 821/197/34 822/198/34 823/198/34 824/199/34
f 835/200/29 836/201/29 867/201/29 868/200/29
f 829/202/34 830/203/34 831/204/34 832/205/34
f 841/192/30 842/114/30 869/114/30 870/192/30
f 837/206/34 838/207/34 839/207/34 840/208/34
f 834/209/32 835/200/32 868/200/32 865/209/32
f 1050/210/31 1051/211/31 1088/211/31 1085/210/31
f 796/131/33 795/133/33 699/132/33 698/131/33
f 1032/212/32 1029/213/32 1066/213/32 1067/212/32
f 794/134/33 793/136/33 701/135/33 700/134/33
f 1052/214/32 1049/215/32 1086/215/32 1087/214/32
f 1043/216/29 1044/217/29 1079/217/29 1080/216/29
f 791/139/33 790/141/33 704/175/33 703/174/33
f 1029/213/30 1030/112/30 1065/112/30 1066/213/30
f 789/143/33 788/145/33 706/144/33 705/143/33
f 1049/215/30 1050/210/30 1085/210/30 1086/215/30
f 787/147/33 786/109/33 708/125/33 707/146/33
f 876/118/29 968/218/29 676/128/29 642/119/29
f 968/218/29 972/219/29 677/132/29 676/128/29
f 972/219/29 976/180/29 678/134/29 677/132/29
f 976/180/29 980/220/29 679/135/29 678/134/29
f 980/220/29 984/182/29 680/137/29 679/135/29
f 984/182/29 988/221/29 681/139/29 680/137/29
f 988/221/29 992/222/29 682/140/29 681/139/29
f 992/222/29 996/223/29 683/142/29 682/140/29
f 996/223/29 1000/186/29 684/144/29 683/142/29
f 1000/186/29 1004/187/29 685/146/29 684/144/29
f 1004/187/29 1008/106/29 686/109/29 685/146/29
f 775/127/34 663/111/34 798/224/34 797/225/34
f 663/111/34 646/111/34 799/226/34 798/224/34
f 646/111/34 697/123/34 800/227/34 799/226/34
f 697/123/34 775/127/34 797/225/34 800/227/34
f 664/116/34 785/148/34 802/196/34 801/189/34
f 785/148/34 687/148/34 803/228/34 802/196/34
f 687/148/34 645/116/34 804/188/34 803/228/34
f 645/116/34 664/116/34 801/189/34 804/188/34
f 785/148/34 784/149/34 806/191/34 805/190/34
f 784/149/34 688/165/34 807/191/34 806/191/34
f 688/165/34 687/148/34 808/190/34 807/191/34
f 687/148/34 785/148/34 805/190/34 808/190/34
f 784/149/34 783/151/34 810/229/34 809/230/34
f 783/151/34 689/176/34 811/231/34 810/229/34
f 689/176/34 688/165/34 812/232/34 811/231/34
f 688/165/34 784/149/34 809/230/34 812/232/34
f 783/151/34 782/152/34 814/194/34 813/193/34
f 782/152/34 690/152/34 815/194/34 814/194/34
f 690/152/34 689/176/34 816/195/34 815/194/34
f 689/176/34 783/151/34 813/193/34 816/195/34
f 782/152/34 781/153/34 818/233/34 817/234/34
f 781/153/34 691/153/34 819/235/34 818/233/34
f 691/153/34 690/152/34 820/236/34 819/235/34
f 690/152/34 782/152/34 817/234/34 820/236/34
f 781/153/34 780/154/34 822/198/34 821/197/34
f 780/154/34 692/177/34 823/198/34 822/198/34
f 692/177/34 691/153/34 824/199/34 823/198/34
f 691/153/34 781/153/34 821/197/34 824/199/34
f 780/154/34 779/155/34 826/237/34 825/238/34
f 779/155/34 693/162/34 827/239/34 826/237/34
f 693/162/34 692/177/34 828/238/34 827/239/34
f 692/177/34 780/154/34 825/238/34 828/238/34
f 779/155/34 778/157/34 830/203/34 829/202/34
f 778/157/34 694/157/34 831/204/34 830/203/34
f 694/157/34 693/162/34 832/205/34 831/204/34
f 693/162/34 779/155/34 829/202/34 832/205/34
f 778/157/34 777/158/34 834/209/34 833/240/34
f 777/158/34 695/158/34 835/200/34 834/209/34
f 695/158/34 694/157/34 836/201/34 835/200/34
f 694/157/34 778/157/34 833/240/34 836/201/34
f 777/158/34 776/159/34 838/207/34 837/206/34
f 776/159/34 696/159/34 839/207/34 838/207/34
f 696/159/34 695/158/34 840/208/34 839/207/34
f 695/158/34 777/158/34 837/206/34 840/208/34
f 776/159/34 775/127/34 842/114/34 841/192/34
f 775/127/34 697/123/34 843/114/34 842/114/34
f 697/123/34 696/159/34 844/192/34 843/114/34
f 696/159/34 776/159/34 841/192/34 844/192/34
f 802/196/32 803/228/32 852/228/32 849/196/32
f 843/114/29 844/192/29 871/192/29 872/114/29
f 809/230/30 810/229/30 853/229/30 854/230/30
f 803/228/29 804/188/29 851/188/29 852/228/29
f 812/232/31 809/230/31 854/230/31 855/232/31
f 810/229/32 811/231/32 856/231/32 853/229/32
f 817/234/30 818/233/30 857/233/30 858/234/30
f 797/225/30 798/224/30 845/224/30 846/225/30
f 811/231/29 812/232/29 855/232/29 856/231/29
f 820/236/31 817/234/31 858/234/31 859/236/31
f 800/227/31 797/225/31 846/225/31 847/227/31
f 818/233/32 819/235/32 860/235/32 857/233/32
f 798/224/32 799/226/32 848/226/32 845/224/32
f 825/238/30 826/237/30 861/237/30 862/238/30
f 819/235/29 820/236/29 859/236/29 860/235/29
f 799/226/29 800/227/29 847/227/29 848/226/29
f 828/238/31 825/238/31 862/238/31 863/238/31
f 826/237/32 827/239/32 864/239/32 861/237/32
f 833/240/30 834/209/30 865/209/30 866/240/30
f 827/239/29 828/238/29 863/238/29 864/239/29
f 836/201/31 833/240/31 866/240/31 867/201/31
f 666/149/29 665/130/29 1005/241/29 1001/242/29
f 1001/242/29 1005/241/29 1006/243/29 1002/244/29
f 1002/244/29 1006/243/29 1007/245/29 1003/246/29
f 1003/246/29 1007/245/29 1008/106/29 1004/187/29
f 667/150/29 666/149/29 1001/242/29 997/247/29
f 997/247/29 1001/242/29 1002/244/29 998/248/29
f 998/248/29 1002/244/29 1003/246/29 999/249/29
f 999/249/29 1003/246/29 1004/187/29 1000/186/29
f 668/152/29 667/150/29 997/247/29 993/250/29
f 993/250/29 997/247/29 998/248/29 994/251/29
f 994/251/29 998/248/29 999/249/29 995/252/29
f 995/252/29 999/249/29 1000/186/29 996/223/29
f 669/153/29 668/152/29 993/250/29 989/253/29
f 989/253/29 993/250/29 994/251/29 990/254/29
f 990/254/29 994/251/29 995/252/29 991/255/29
f 991/255/29 995/252/29 996/223/29 992/222/29
f 670/154/29 669/153/29 989/253/29 985/256/29
f 985/256/29 989/253/29 990/254/29 986/257/29
f 986/257/29 990/254/29 991/255/29 987/258/29
f 987/258/29 991/255/29 992/222/29 988/221/29
f 671/155/29 670/154/29 985/256/29 981/259/29
f 981/259/29 985/256/29 986/257/29 982/260/29
f 982/260/29 986/257/29 987/258/29 983/261/29
f 983/261/29 987/258/29 988/221/29 984/182/29
f 672/156/29 671/155/29 981/259/29 977/262/29
f 977/262/29 981/259/29 982/260/29 978/263/29
f 978/263/29 982/260/29 983/261/29 979/264/29
f 979/264/29 983/261/29 984/182/29 980/220/29
f 673/158/29 672/156/29 977/262/29 973/265/29
f 973/265/29 977/262/29 978/263/29 974/266/29
f 974/266/29 978/263/29 979/264/29 975/267/29
f 975/267/29 979/264/29 980/220/29 976/180/29
f 674/159/29 673/158/29 973/265/29 969/268/29
f 969/268/29 973/265/29 974/266/29 970/269/29
f 970/269/29 974/266/29 975/267/29 971/270/29
f 971/270/29 975/267/29 976/180/29 972/219/29
f 675/127/29 674/159/29 969/268/29 965/271/29
f 965/271/29 969/268/29 970/269/29 966/272/29
f 966/272/29 970/269/29 971/270/29 967/273/29
f 967/273/29 971/270/29 972/219/29 968/218/29
f 641/111/29 675/127/29 965/271/29 873/110/29
f 873/110/29 965/271/29 966/272/29 874/274/29
f 874/274/29 966/272/29 967/273/29 875/275/29
f 875/275/29 967/273/29 968/218/29 876/118/29
f 710/165/30 960/276/30 964/277/30 709/130/30
f 960/276/30 959/278/30 963/279/30 964/277/30
f 959/278/30 958/280/30 962/281/30 963/279/30
f 958/280/30 957/187/30 961/106/30 962/281/30
f 711/151/30 956/247/30 960/276/30 710/165/30
f 956/247/30 955/282/30 959/278/30 960/276/30
f 955/282/30 954/249/30 958/280/30 959/278/30
f 954/249/30 953/186/30 957/187/30 958/280/30
f 712/152/30 952/283/30 956/247/30 711/151/30
f 952/283/30 951/284/30 955/282/30 956/247/30
f 951/284/30 950/285/30 954/249/30 955/282/30
f 950/285/30 949/185/30 953/186/30 954/249/30
f 713/164/30 948/286/30 952/283/30 712/152/30
f 948/286/30 947/287/30 951/284/30 952/283/30
f 947/287/30 946/288/30 950/285/30 951/284/30
f 946/288/30 945/184/30 949/185/30 950/285/30
f 714/163/30 944/289/30 948/286/30 713/164/30
f 944/289/30 943/290/30 947/287/30 948/286/30
f 943/290/30 942/291/30 946/288/30 947/287/30
f 942/291/30 941/183/30 945/184/30 946/288/30
f 715/162/30 940/292/30 944/289/30 714/163/30
f 940/292/30 939/293/30 943/290/30 944/289/30
f 939/293/30 938/261/30 942/291/30 943/290/30
f 938/261/30 937/182/30 941/183/30 942/291/30
f 716/156/30 936/294/30 940/292/30 715/162/30
f 936/294/30 935/263/30 939/293/30 940/292/30
f 935/263/30 934/264/30 938/261/30 939/293/30
f 934/264/30 933/181/30 937/182/30 938/261/30
f 717/158/30 932/265/30 936/294/30 716/156/30
f 932/265/30 931/295/30 935/263/30 936/294/30
f 931/295/30 930/267/30 934/264/30 935/263/30
f 930/267/30 929/180/30 933/181/30 934/264/30
f 718/160/30 928/296/30 932/265/30 717/158/30
f 928/296/30 927/297/30 931/295/30 932/265/30
f 927/297/30 926/270/30 930/267/30 931/295/30
f 926/270/30 925/179/30 929/180/30 930/267/30
f 719/127/30 924/298/30 928/296/30 718/160/30
f 924/298/30 923/272/30 927/297/30 928/296/30
f 923/272/30 922/273/30 926/270/30 927/297/30
f 922/273/30 921/178/30 925/179/30 926/270/30
f 650/111/30 889/110/30 924/298/30 719/127/30
f 889/110/30 890/274/30 923/272/30 924/298/30
f 890/274/30 891/299/30 922/273/30 923/272/30
f 891/299/30 892/118/30 921/178/30 922/273/30
f 644/108/32 877/107/32 920/107/32 661/108/32
f 877/107/32 878/300/32 919/300/32 920/107/32
f 878/300/32 879/301/32 918/301/32 919/300/32
f 879/301/32 880/115/32 917/115/32 918/301/32
f 641/111/31 873/110/31 916/110/31 663/111/31
f 873/110/31 874/274/31 915/274/31 916/110/31
f 874/274/31 875/275/31 914/275/31 915/274/31
f 875/275/31 876/118/31 913/118/31 914/275/31
f 646/111/29 881/110/29 897/110/29 654/111/29
f 881/110/29 882/302/29 898/302/29 897/110/29
f 882/302/29 883/275/29 899/299/29 898/302/29
f 883/275/29 884/120/29 900/118/29 899/299/29
f 648/108/29 885/107/29 901/107/29 656/108/29
f 885/107/29 886/300/29 902/303/29 901/107/29
f 886/300/29 887/301/29 903/304/29 902/303/29
f 887/301/29 888/117/29 904/115/29 903/304/29
f 654/111/31 897/110/31 905/110/31 658/111/31
f 897/110/31 898/302/31 906/302/31 905/110/31
f 898/302/31 899/299/31 907/275/31 906/302/31
f 899/299/31 900/118/31 908/118/31 907/275/31
f 656/108/32 901/107/32 909/107/32 660/108/32
f 901/107/32 902/303/32 910/303/32 909/107/32
f 902/303/32 903/304/32 911/304/32 910/303/32
f 903/304/32 904/115/32 912/115/32 911/304/32
f 649/116/30 896/115/30 912/115/30 657/116/30
f 896/115/30 895/304/30 911/304/30 912/115/30
f 895/304/30 894/300/30 910/303/30 911/304/30
f 894/300/30 893/122/30 909/107/30 910/303/30
f 709/130/30 964/277/30 896/115/30 649/116/30
f 964/277/30 963/279/30 895/304/30 896/115/30
f 963/279/30 962/281/30 894/300/30 895/304/30
f 962/281/30 961/106/30 893/122/30 894/300/30
f 663/111/31 916/110/31 881/110/31 646/111/31
f 1015/305/29 1016/306/29 1023/306/29 1024/305/29
f 915/274/31 914/275/31 883/275/31 882/302/31
f 1010/307/34 1011/308/34 1020/308/34 1017/307/34
f 661/108/32 920/107/32 885/107/32 648/108/32
f 920/107/32 919/300/32 886/300/32 885/107/32
f 919/300/32 918/301/32 887/301/32 886/300/32
f 918/301/32 917/115/32 888/117/32 887/301/32
f 651/119/30 892/118/30 908/118/30 659/119/30
f 892/118/30 891/299/30 907/275/30 908/118/30
f 891/299/30 890/274/30 906/302/30 907/275/30
f 890/274/30 889/110/30 905/110/30 906/302/30
f 665/130/29 643/116/29 880/115/29 1005/241/29
f 1005/241/29 880/115/29 879/301/29 1006/243/29
f 1006/243/29 879/301/29 878/300/29 1007/245/29
f 1007/245/29 878/300/29 877/107/29 1008/106/29
f 916/110/31 915/274/31 1010/307/31 1009/309/31
f 915/274/31 882/302/31 1011/308/31 1010/307/31
f 882/302/31 881/110/31 1012/309/31 1011/308/31
f 881/110/31 916/110/31 1009/309/31 1012/309/31
f 914/275/31 913/118/31 1014/310/31 1013/306/31
f 913/118/31 884/120/31 1015/305/31 1014/310/31
f 884/120/31 883/275/31 1016/306/31 1015/305/31
f 883/275/31 914/275/31 1013/306/31 1016/306/31
f 1042/311/31 1043/216/31 1080/216/31 1077/311/31
f 1044/217/32 1041/312/32 1078/312/32 1079/217/32
f 1009/309/30 1010/307/30 1017/307/30 1018/309/30
f 1016/306/33 1013/306/33 1022/306/33 1023/306/33
f 1011/308/29 1012/309/29 1019/309/29 1020/308/29
f 1012/309/33 1009/309/33 1018/309/33 1019/309/33
f 1014/310/34 1015/305/34 1024/305/34 1021/310/34
f 1013/306/30 1014/310/30 1021/310/30 1022/306/30
f 786/109/33 661/108/33 1026/313/33 1025/314/33
f 661/108/33 648/108/33 1027/313/33 1026/313/33
f 648/108/33 708/125/33 1028/314/33 1027/313/33
f 708/125/33 786/109/33 1025/314/33 1028/314/33
f 662/119/33 796/131/33 1030/112/33 1029/213/33
f 796/131/33 698/131/33 1031/113/33 1030/112/33
f 698/131/33 647/119/33 1032/212/33 1031/113/33
f 647/119/33 662/119/33 1029/213/33 1032/212/33
f 795/133/33 794/134/33 1034/315/33 1033/316/33
f 794/134/33 700/134/33 1035/317/33 1034/315/33
f 700/134/33 699/132/33 1036/318/33 1035/317/33
f 699/132/33 795/133/33 1033/316/33 1036/318/33
f 793/136/33 792/138/33 1038/319/33 1037/320/33
f 792/138/33 702/173/33 1039/321/33 1038/319/33
f 702/173/33 701/135/33 1040/322/33 1039/321/33
f 701/135/33 793/136/33 1037/320/33 1040/322/33
f 792/138/33 791/139/33 1042/311/33 1041/312/33
f 791/139/33 703/174/33 1043/216/33 1042/311/33
f 703/174/33 702/173/33 1044/217/33 1043/216/33
f 702/173/33 792/138/33 1041/312/33 1044/217/33
f 790/141/33 789/143/33 1046/323/33 1045/324/33
f 789/143/33 705/143/33 1047/325/33 1046/323/33
f 705/143/33 704/175/33 1048/326/33 1047/325/33
f 704/175/33 790/141/33 1045/324/33 1048/326/33
f 788/145/33 787/147/33 1050/210/33 1049/215/33
f 787/147/33 707/146/33 1051/211/33 1050/210/33
f 707/146/33 706/144/33 1052/214/33 1051/211/33
f 706/144/33 788/145/33 1049/215/33 1052/214/33
f 1037/320/30 1038/319/30 1073/319/30 1074/320/30
f 1051/211/29 1052/214/29 1087/214/29 1088/211/29
f 1031/113/29 1032/212/29 1067/212/29 1068/113/29
f 1040/322/32 1037/320/32 1074/320/32 1075/322/32
f 1038/319/31 1039/321/31 1076/321/31 1073/319/31
f 1045/324/30 1046/323/30 1081/323/30 1082/324/30
f 1025/314/30 1026/313/30 1061/313/30 1062/314/30
f 1039/321/29 1040/322/29 1075/322/29 1076/321/29
f 1048/326/32 1045/324/32 1082/324/32 1083/326/32
f 1028/314/32 1025/314/32 1062/314/32 1063/314/32
f 1046/323/31 1047/325/31 1084/325/31 1081/323/31
f 1026/313/31 1027/313/31 1064/313/31 1061/313/31
f 1033/316/30 1034/315/30 1069/315/30 1070/316/30
f 1047/325/29 1048/326/29 1083/326/29 1084/325/29
f 1027/313/29 1028/314/29 1063/314/29 1064/313/29
f 1036/318/32 1033/316/32 1070/316/32 1071/318/32
f 1034/315/31 1035/317/31 1072/317/31 1069/315/31
f 1041/312/30 1042/311/30 1077/311/30 1078/312/30
f 1035/317/29 1036/318/29 1071/318/29 1072/317/29
f 1464/106/29 1333/107/29 1100/108/29 1142/109/29
f 1345/110/30 1106/111/30 1114/111/30 1361/110/30
f 1486/112/31 1487/113/31 1524/113/31 1521/112/31
f 1298/114/32 1299/114/32 1328/114/32 1325/114/32
f 1373/115/32 1120/116/32 1101/116/32 1344/117/32
f 1369/118/31 1118/119/31 1103/119/31 1340/120/31
f 1417/106/30 1186/121/30 1108/108/30 1349/122/30
f 1153/123/29 1102/111/29 1110/111/29 1197/124/29
f 1349/122/30 1108/108/30 1116/108/30 1365/107/30
f 1164/125/29 1104/108/29 1112/108/29 1208/126/29
f 1208/126/33 1112/108/33 1116/108/33 1230/109/33
f 1197/124/34 1110/111/34 1114/111/34 1219/127/34
f 1360/115/32 1109/116/32 1113/116/32 1368/115/32
f 1356/118/31 1111/119/31 1115/119/31 1364/118/31
f 1344/117/29 1101/116/29 1109/116/29 1360/115/29
f 1340/120/29 1103/119/29 1111/119/29 1356/118/29
f 1176/128/30 1107/119/30 1115/119/30 1220/129/30
f 1165/130/30 1105/116/30 1113/116/30 1209/130/30
f 1332/118/31 1098/119/31 1118/119/31 1369/118/31
f 1336/115/32 1099/116/32 1120/116/32 1373/115/32
f 1131/127/34 1097/111/34 1119/111/34 1231/127/34
f 1142/109/33 1100/108/33 1117/108/33 1242/109/33
f 1098/119/33 1132/128/33 1252/131/33 1118/119/33
f 1132/128/33 1133/132/33 1251/133/33 1252/131/33
f 1133/132/33 1134/134/33 1250/134/33 1251/133/33
f 1134/134/33 1135/135/33 1249/136/33 1250/134/33
f 1135/135/33 1136/137/33 1248/138/33 1249/136/33
f 1136/137/33 1137/139/33 1247/139/33 1248/138/33
f 1137/139/33 1138/140/33 1246/141/33 1247/139/33
f 1138/140/33 1139/142/33 1245/143/33 1246/141/33
f 1139/142/33 1140/144/33 1244/145/33 1245/143/33
f 1140/144/33 1141/146/33 1243/147/33 1244/145/33
f 1141/146/33 1142/109/33 1242/109/33 1243/147/33
f 1099/116/34 1121/130/34 1241/148/34 1120/116/34
f 1121/130/34 1122/149/34 1240/149/34 1241/148/34
f 1122/149/34 1123/150/34 1239/151/34 1240/149/34
f 1123/150/34 1124/152/34 1238/152/34 1239/151/34
f 1124/152/34 1125/153/34 1237/153/34 1238/152/34
f 1125/153/34 1126/154/34 1236/154/34 1237/153/34
f 1126/154/34 1127/155/34 1235/155/34 1236/154/34
f 1127/155/34 1128/156/34 1234/157/34 1235/155/34
f 1128/156/34 1129/158/34 1233/158/34 1234/157/34
f 1129/158/34 1130/159/34 1232/159/34 1233/158/34
f 1130/159/34 1131/127/34 1231/127/34 1232/159/34
f 1106/111/30 1175/127/30 1219/127/30 1114/111/30
f 1175/127/30 1174/160/30 1218/159/30 1219/127/30
f 1174/160/30 1173/158/30 1217/158/30 1218/159/30
f 1173/158/30 1172/156/30 1216/161/30 1217/158/30
f 1172/156/30 1171/162/30 1215/155/30 1216/161/30
f 1171/162/30 1170/163/30 1214/154/30 1215/155/30
f 1170/163/30 1169/164/30 1213/164/30 1214/154/30
f 1169/164/30 1168/152/30 1212/152/30 1213/164/30
f 1168/152/30 1167/151/30 1211/151/30 1212/152/30
f 1167/151/30 1166/165/30 1210/149/30 1211/151/30
f 1166/165/30 1165/130/30 1209/130/30 1210/149/30
f 1108/108/30 1186/121/30 1230/109/30 1116/108/30
f 1186/121/30 1185/146/30 1229/147/30 1230/109/30
f 1185/146/30 1184/144/30 1228/144/30 1229/147/30
f 1184/144/30 1183/166/30 1227/142/30 1228/144/30
f 1183/166/30 1182/140/30 1226/167/30 1227/142/30
f 1182/140/30 1181/168/30 1225/139/30 1226/167/30
f 1181/168/30 1180/169/30 1224/137/30 1225/139/30
f 1180/169/30 1179/135/30 1223/135/30 1224/137/30
f 1179/135/30 1178/134/30 1222/134/30 1223/135/30
f 1178/134/30 1177/132/30 1221/170/30 1222/134/30
f 1177/132/30 1176/128/30 1220/129/30 1221/170/30
f 1109/116/34 1187/130/34 1209/130/34 1113/116/34
f 1187/130/34 1188/149/34 1210/149/34 1209/130/34
f 1188/149/34 1189/150/34 1211/151/34 1210/149/34
f 1189/150/34 1190/171/34 1212/152/34 1211/151/34
f 1190/171/34 1191/164/34 1213/164/34 1212/152/34
f 1191/164/34 1192/172/34 1214/154/34 1213/164/34
f 1192/172/34 1193/155/34 1215/155/34 1214/154/34
f 1193/155/34 1194/161/34 1216/161/34 1215/155/34
f 1194/161/34 1195/158/34 1217/158/34 1216/161/34
f 1195/158/34 1196/159/34 1218/159/34 1217/158/34
f 1196/159/34 1197/124/34 1219/127/34 1218/159/34
f 1111/119/33 1198/129/33 1220/129/33 1115/119/33
f 1198/129/33 1199/132/33 1221/170/33 1220/129/33
f 1199/132/33 1200/134/33 1222/134/33 1221/170/33
f 1200/134/33 1201/135/33 1223/135/33 1222/134/33
f 1201/135/33 1202/169/33 1224/137/33 1223/135/33
f 1202/169/33 1203/168/33 1225/139/33 1224/137/33
f 1203/168/33 1204/167/33 1226/167/33 1225/139/33
f 1204/167/33 1205/142/33 1227/142/33 1226/167/33
f 1205/142/33 1206/144/33 1228/144/33 1227/142/33
f 1206/144/33 1207/147/33 1229/147/33 1228/144/33
f 1207/147/33 1208/126/33 1230/109/33 1229/147/33
f 1103/119/29 1154/131/29 1198/129/29 1111/119/29
f 1154/131/29 1155/132/29 1199/132/29 1198/129/29
f 1155/132/29 1156/134/29 1200/134/29 1199/132/29
f 1156/134/29 1157/135/29 1201/135/29 1200/134/29
f 1157/135/29 1158/173/29 1202/169/29 1201/135/29
f 1158/173/29 1159/174/29 1203/168/29 1202/169/29
f 1159/174/29 1160/175/29 1204/167/29 1203/168/29
f 1160/175/29 1161/143/29 1205/142/29 1204/167/29
f 1161/143/29 1162/144/29 1206/144/29 1205/142/29
f 1162/144/29 1163/146/29 1207/147/29 1206/144/29
f 1163/146/29 1164/125/29 1208/126/29 1207/147/29
f 1101/116/29 1143/148/29 1187/130/29 1109/116/29
f 1143/148/29 1144/165/29 1188/149/29 1187/130/29
f 1144/165/29 1145/176/29 1189/150/29 1188/149/29
f 1145/176/29 1146/152/29 1190/171/29 1189/150/29
f 1146/152/29 1147/153/29 1191/164/29 1190/171/29
f 1147/153/29 1148/177/29 1192/172/29 1191/164/29
f 1148/177/29 1149/162/29 1193/155/29 1192/172/29
f 1149/162/29 1150/157/29 1194/161/29 1193/155/29
f 1150/157/29 1151/158/29 1195/158/29 1194/161/29
f 1151/158/29 1152/159/29 1196/159/29 1195/158/29
f 1152/159/29 1153/123/29 1197/124/29 1196/159/29
f 1348/118/30 1107/119/30 1176/128/30 1377/178/30
f 1377/178/30 1176/128/30 1177/132/30 1381/179/30
f 1381/179/30 1177/132/30 1178/134/30 1385/180/30
f 1385/180/30 1178/134/30 1179/135/30 1389/181/30
f 1389/181/30 1179/135/30 1180/169/30 1393/182/30
f 1393/182/30 1180/169/30 1181/168/30 1397/183/30
f 1397/183/30 1181/168/30 1182/140/30 1401/184/30
f 1401/184/30 1182/140/30 1183/166/30 1405/185/30
f 1405/185/30 1183/166/30 1184/144/30 1409/186/30
f 1409/186/30 1184/144/30 1185/146/30 1413/187/30
f 1413/187/30 1185/146/30 1186/121/30 1417/106/30
f 1260/188/31 1257/189/31 1306/189/31 1307/188/31
f 1261/190/34 1262/191/34 1263/191/34 1264/190/34
f 1300/192/31 1297/192/31 1326/192/31 1327/192/31
f 1269/193/34 1270/194/34 1271/194/34 1272/195/34
f 1257/189/30 1258/196/30 1305/196/30 1306/189/30
f 1277/197/34 1278/198/34 1279/198/34 1280/199/34
f 1291/200/29 1292/201/29 1323/201/29 1324/200/29
f 1285/202/34 1286/203/34 1287/204/34 1288/205/34
f 1297/192/30 1298/114/30 1325/114/30 1326/192/30
f 1293/206/34 1294/207/34 1295/207/34 1296/208/34
f 1290/209/32 1291/200/32 1324/200/32 1321/209/32
f 1506/210/31 1507/211/31 1544/211/31 1541/210/31
f 1252/131/33 1251/133/33 1155/132/33 1154/131/33
f 1488/212/32 1485/213/32 1522/213/32 1523/212/32
f 1250/134/33 1249/136/33 1157/135/33 1156/134/33
f 1508/214/32 1505/215/32 1542/215/32 1543/214/32
f 1499/216/29 1500/217/29 1535/217/29 1536/216/29
f 1247/139/33 1246/141/33 1160/175/33 1159/174/33
f 1485/213/30 1486/112/30 1521/112/30 1522/213/30
f 1245/143/33 1244/145/33 1162/144/33 1161/143/33
f 1505/215/30 1506/210/30 1541/210/30 1542/215/30
f 1243/147/33 1242/109/33 1164/125/33 1163/146/33
f 1332/118/29 1424/218/29 1132/128/29 1098/119/29
f 1424/218/29 1428/219/29 1133/132/29 1132/128/29
f 1428/219/29 1432/180/29 1134/134/29 1133/132/29
f 1432/180/29 1436/220/29 1135/135/29 1134/134/29
f 1436/220/29 1440/182/29 1136/137/29 1135/135/29
f 1440/182/29 1444/221/29 1137/139/29 1136/137/29
f 1444/221/29 1448/222/29 1138/140/29 1137/139/29
f 1448/222/29 1452/223/29 1139/142/29 1138/140/29
f 1452/223/29 1456/186/29 1140/144/29 1139/142/29
f 1456/186/29 1460/187/29 1141/146/29 1140/144/29
f 1460/187/29 1464/106/29 1142/109/29 1141/146/29
f 1231/127/34 1119/111/34 1254/224/34 1253/225/34
f 1119/111/34 1102/111/34 1255/226/34 1254/224/34
f 1102/111/34 1153/123/34 1256/227/34 1255/226/34
f 1153/123/34 1231/127/34 1253/225/34 1256/227/34
f 1120/116/34 1241/148/34 1258/196/34 1257/189/34
f 1241/148/34 1143/148/34 1259/228/34 1258/196/34
f 1143/148/34 1101/116/34 1260/188/34 1259/228/34
f 1101/116/34 1120/116/34 1257/189/34 1260/188/34
f 1241/148/34 1240/149/34 1262/191/34 1261/190/34
f 1240/149/34 1144/165/34 1263/191/34 1262/191/34
f 1144/165/34 1143/148/34 1264/190/34 1263/191/34
f 1143/148/34 1241/148/34 1261/190/34 1264/190/34
f 1240/149/34 1239/151/34 1266/229/34 1265/230/34
f 1239/151/34 1145/176/34 1267/231/34 1266/229/34
f 1145/176/34 1144/165/34 1268/232/34 1267/231/34
f 1144/165/34 1240/149/34 1265/230/34 1268/232/34
f 1239/151/34 1238/152/34 1270/194/34 1269/193/34
f 1238/152/34 1146/152/34 1271/194/34 1270/194/34
f 1146/152/34 1145/176/34 1272/195/34 1271/194/34
f 1145/176/34 1239/151/34 1269/193/34 1272/195/34
f 1238/152/34 1237/153/34 1274/233/34 1273/234/34
f 1237/153/34 1147/153/34 1275/235/34 1274/233/34
f 1147/153/34 1146/152/34 1276/236/34 1275/235/34
f 1146/152/34 1238/152/34 1273/234/34 1276/236/34
f 1237/153/34 1236/154/34 1278/198/34 1277/197/34
f 1236/154/34 1148/177/34 1279/198/34 1278/198/34
f 1148/177/34 1147/153/34 1280/199/34 1279/198/34
f 1147/153/34 1237/153/34 1277/197/34 1280/199/34
f 1236/154/34 1235/155/34 1282/237/34 1281/238/34
f 1235/155/34 1149/162/34 1283/239/34 1282/237/34
f 1149/162/34 1148/177/34 1284/238/34 1283/239/34
f 1148/177/34 1236/154/34 1281/238/34 1284/238/34
f 1235/155/34 1234/157/34 1286/203/34 1285/202/34
f 1234/157/34 1150/157/34 1287/204/34 1286/203/34
f 1150/157/34 1149/162/34 1288/205/34 1287/204/34
f 1149/162/34 1235/155/34 1285/202/34 1288/205/34
f 1234/157/34 1233/158/34 1290/209/34 1289/240/34
f 1233/158/34 1151/158/34 1291/200/34 1290/209/34
f 1151/158/34 1150/157/34 1292/201/34 1291/200/34
f 1150/157/34 1234/157/34 1289/240/34 1292/201/34
f 1233/158/34 1232/159/34 1294/207/34 1293/206/34
f 1232/159/34 1152/159/34 1295/207/34 1294/207/34
f 1152/159/34 1151/158/34 1296/208/34 1295/207/34
f 1151/158/34 1233/158/34 1293/206/34 1296/208/34
f 1232/159/34 1231/127/34 1298/114/34 1297/192/34
f 1231/127/34 1153/123/34 1299/114/34 1298/114/34
f 1153/123/34 1152/159/34 1300/192/34 1299/114/34
f 1152/159/34 1232/159/34 1297/192/34 1300/192/34
f 1258/196/32 1259/228/32 1308/228/32 1305/196/32
f 1299/114/29 1300/192/29 1327/192/29 1328/114/29
f 1265/230/30 1266/229/30 1309/229/30 1310/230/30
f 1259/228/29 1260/188/29 1307/188/29 1308/228/29
f 1268/232/31 1265/230/31 1310/230/31 1311/232/31
f 1266/229/32 1267/231/32 1312/231/32 1309/229/32
f 1273/234/30 1274/233/30 1313/233/30 1314/234/30
f 1253/225/30 1254/224/30 1301/224/30 1302/225/30
f 1267/231/29 1268/232/29 1311/232/29 1312/231/29
f 1276/236/31 1273/234/31 1314/234/31 1315/236/31
f 1256/227/31 1253/225/31 1302/225/31 1303/227/31
f 1274/233/32 1275/235/32 1316/235/32 1313/233/32
f 1254/224/32 1255/226/32 1304/226/32 1301/224/32
f 1281/238/30 1282/237/30 1317/237/30 1318/238/30
f 1275/235/29 1276/236/29 1315/236/29 1316/235/29
f 1255/226/29 1256/227/29 1303/227/29 1304/226/29
f 1284/238/31 1281/238/31 1318/238/31 1319/238/31
f 1282/237/32 1283/239/32 1320/239/32 1317/237/32
f 1289/240/30 1290/209/30 1321/209/30 1322/240/30
f 1283/239/29 1284/238/29 1319/238/29 1320/239/29
f 1292/201/31 1289/240/31 1322/240/31 1323/201/31
f 1122/149/29 1121/130/29 1461/241/29 1457/242/29
f 1457/242/29 1461/241/29 1462/243/29 1458/244/29
f 1458/244/29 1462/243/29 1463/245/29 1459/246/29
f 1459/246/29 1463/245/29 1464/106/29 1460/187/29
f 1123/150/29 1122/149/29 1457/242/29 1453/247/29
f 1453/247/29 1457/242/29 1458/244/29 1454/248/29
f 1454/248/29 1458/244/29 1459/246/29 1455/249/29
f 1455/249/29 1459/246/29 1460/187/29 1456/186/29
f 1124/152/29 1123/150/29 1453/247/29 1449/250/29
f 1449/250/29 1453/247/29 1454/248/29 1450/251/29
f 1450/251/29 1454/248/29 1455/249/29 1451/252/29
f 1451/252/29 1455/249/29 1456/186/29 1452/223/29
f 1125/153/29 1124/152/29 1449/250/29 1445/253/29
f 1445/253/29 1449/250/29 1450/251/29 1446/254/29
f 1446/254/29 1450/251/29 1451/252/29 1447/255/29
f 1447/255/29 1451/252/29 1452/223/29 1448/222/29
f 1126/154/29 1125/153/29 1445/253/29 1441/256/29
f 1441/256/29 1445/253/29 1446/254/29 1442/257/29
f 1442/257/29 1446/254/29 1447/255/29 1443/258/29
f 1443/258/29 1447/255/29 1448/222/29 1444/221/29
f 1127/155/29 1126/154/29 1441/256/29 1437/259/29
f 1437/259/29 1441/256/29 1442/257/29 1438/260/29
f 1438/260/29 1442/257/29 1443/258/29 1439/261/29
f 1439/261/29 1443/258/29 1444/221/29 1440/182/29
f 1128/156/29 1127/155/29 1437/259/29 1433/262/29
f 1433/262/29 1437/259/29 1438/260/29 1434/263/29
f 1434/263/29 1438/260/29 1439/261/29 1435/264/29
f 1435/264/29 1439/261/29 1440/182/29 1436/220/29
f 1129/158/29 1128/156/29 1433/262/29 1429/265/29
f 1429/265/29 1433/262/29 1434/263/29 1430/266/29
f 1430/266/29 1434/263/29 1435/264/29 1431/267/29
f 1431/267/29 1435/264/29 1436/220/29 1432/180/29
f 1130/159/29 1129/158/29 1429/265/29 1425/268/29
f 1425/268/29 1429/265/29 1430/266/29 1426/269/29
f 1426/269/29 1430/266/29 1431/267/29 1427/270/29
f 1427/270/29 1431/267/29 1432/180/29 1428/219/29
f 1131/127/29 1130/159/29 1425/268/29 1421/271/29
f 1421/271/29 1425/268/29 1426/269/29 1422/272/29
f 1422/272/29 1426/269/29 1427/270/29 1423/273/29
f 1423/273/29 1427/270/29 1428/219/29 1424/218/29
f 1097/111/29 1131/127/29 1421/271/29 1329/110/29
f 1329/110/29 1421/271/29 1422/272/29 1330/274/29
f 1330/274/29 1422/272/29 1423/273/29 1331/275/29
f 1331/275/29 1423/273/29 1424/218/29 1332/118/29
f 1166/165/30 1416/276/30 1420/277/30 1165/130/30
f 1416/276/30 1415/278/30 1419/279/30 1420/277/30
f 1415/278/30 1414/280/30 1418/281/30 1419/279/30
f 1414/280/30 1413/187/30 1417/106/30 1418/281/30
f 1167/151/30 1412/247/30 1416/276/30 1166/165/30
f 1412/247/30 1411/282/30 1415/278/30 1416/276/30
f 1411/282/30 1410/249/30 1414/280/30 1415/278/30
f 1410/249/30 1409/186/30 1413/187/30 1414/280/30
f 1168/152/30 1408/283/30 1412/247/30 1167/151/30
f 1408/283/30 1407/284/30 1411/282/30 1412/247/30
f 1407/284/30 1406/285/30 1410/249/30 1411/282/30
f 1406/285/30 1405/185/30 1409/186/30 1410/249/30
f 1169/164/30 1404/286/30 1408/283/30 1168/152/30
f 1404/286/30 1403/287/30 1407/284/30 1408/283/30
f 1403/287/30 1402/288/30 1406/285/30 1407/284/30
f 1402/288/30 1401/184/30 1405/185/30 1406/285/30
f 1170/163/30 1400/289/30 1404/286/30 1169/164/30
f 1400/289/30 1399/290/30 1403/287/30 1404/286/30
f 1399/290/30 1398/291/30 1402/288/30 1403/287/30
f 1398/291/30 1397/183/30 1401/184/30 1402/288/30
f 1171/162/30 1396/292/30 1400/289/30 1170/163/30
f 1396/292/30 1395/293/30 1399/290/30 1400/289/30
f 1395/293/30 1394/261/30 1398/291/30 1399/290/30
f 1394/261/30 1393/182/30 1397/183/30 1398/291/30
f 1172/156/30 1392/294/30 1396/292/30 1171/162/30
f 1392/294/30 1391/263/30 1395/293/30 1396/292/30
f 1391/263/30 1390/264/30 1394/261/30 1395/293/30
f 1390/264/30 1389/181/30 1393/182/30 1394/261/30
f 1173/158/30 1388/265/30 1392/294/30 1172/156/30
f 1388/265/30 1387/295/30 1391/263/30 1392/294/30
f 1387/295/30 1386/267/30 1390/264/30 1391/263/30
f 1386/267/30 1385/180/30 1389/181/30 1390/264/30
f 1174/160/30 1384/296/30 1388/265/30 1173/158/30
f 1384/296/30 1383/297/30 1387/295/30 1388/265/30
f 1383/297/30 1382/270/30 1386/267/30 1387/295/30
f 1382/270/30 1381/179/30 1385/180/30 1386/267/30
f 1175/127/30 1380/298/30 1384/296/30 1174/160/30
f 1380/298/30 1379/272/30 1383/297/30 1384/296/30
f 1379/272/30 1378/273/30 1382/270/30 1383/297/30
f 1378/273/30 1377/178/30 1381/179/30 1382/270/30
f 1106/111/30 1345/110/30 1380/298/30 1175/127/30
f 1345/110/30 1346/274/30 1379/272/30 1380/298/30
f 1346/274/30 1347/299/30 1378/273/30 1379/272/30
f 1347/299/30 1348/118/30 1377/178/30 1378/273/30
f 1100/108/32 1333/107/32 1376/107/32 1117/108/32
f 1333/107/32 1334/300/32 1375/300/32 1376/107/32
f 1334/300/32 1335/301/32 1374/301/32 1375/300/32
f 1335/301/32 1336/115/32 1373/115/32 1374/301/32
f 1097/111/31 1329/110/31 1372/110/31 1119/111/31
f 1329/110/31 1330/274/31 1371/274/31 1372/110/31
f 1330/274/31 1331/275/31 1370/275/31 1371/274/31
f 1331/275/31 1332/118/31 1369/118/31 1370/275/31
f 1102/111/29 1337/110/29 1353/110/29 1110/111/29
f 1337/110/29 1338/302/29 1354/302/29 1353/110/29
f 1338/302/29 1339/275/29 1355/299/29 1354/302/29
f 1339/275/29 1340/120/29 1356/118/29 1355/299/29
f 1104/108/29 1341/107/29 1357/107/29 1112/108/29
f 1341/107/29 1342/300/29 1358/303/29 1357/107/29
f 1342/300/29 1343/301/29 1359/304/29 1358/303/29
f 1343/301/29 1344/117/29 1360/115/29 1359/304/29
f 1110/111/31 1353/110/31 1361/110/31 1114/111/31
f 1353/110/31 1354/302/31 1362/302/31 1361/110/31
f 1354/302/31 1355/299/31 1363/275/31 1362/302/31
f 1355/299/31 1356/118/31 1364/118/31 1363/275/31
f 1112/108/32 1357/107/32 1365/107/32 1116/108/32
f 1357/107/32 1358/303/32 1366/303/32 1365/107/32
f 1358/303/32 1359/304/32 1367/304/32 1366/303/32
f 1359/304/32 1360/115/32 1368/115/32 1367/304/32
f 1105/116/30 1352/115/30 1368/115/30 1113/116/30
f 1352/115/30 1351/304/30 1367/304/30 1368/115/30
f 1351/304/30 1350/300/30 1366/303/30 1367/304/30
f 1350/300/30 1349/122/30 1365/107/30 1366/303/30
f 1165/130/30 1420/277/30 1352/115/30 1105/116/30
f 1420/277/30 1419/279/30 1351/304/30 1352/115/30
f 1419/279/30 1418/281/30 1350/300/30 1351/304/30
f 1418/281/30 1417/106/30 1349/122/30 1350/300/30
f 1119/111/31 1372/110/31 1337/110/31 1102/111/31
f 1471/305/29 1472/306/29 1479/306/29 1480/305/29
f 1371/274/31 1370/275/31 1339/275/31 1338/302/31
f 1466/307/34 1467/308/34 1476/308/34 1473/307/34
f 1117/108/32 1376/107/32 1341/107/32 1104/108/32
f 1376/107/32 1375/300/32 1342/300/32 1341/107/32
f 1375/300/32 1374/301/32 1343/301/32 1342/300/32
f 1374/301/32 1373/115/32 1344/117/32 1343/301/32
f 1107/119/30 1348/118/30 1364/118/30 1115/119/30
f 1348/118/30 1347/299/30 1363/275/30 1364/118/30
f 1347/299/30 1346/274/30 1362/302/30 1363/275/30
f 1346/274/30 1345/110/30 1361/110/30 1362/302/30
f 1121/130/29 1099/116/29 1336/115/29 1461/241/29
f 1461/241/29 1336/115/29 1335/301/29 1462/243/29
f 1462/243/29 1335/301/29 1334/300/29 1463/245/29
f 1463/245/29 1334/300/29 1333/107/29 1464/106/29
f 1372/110/31 1371/274/31 1466/307/31 1465/309/31
f 1371/274/31 1338/302/31 1467/308/31 1466/307/31
f 1338/302/31 1337/110/31 1468/309/31 1467/308/31
f 1337/110/31 1372/110/31 1465/309/31 1468/309/31
f 1370/275/31 1369/118/31 1470/310/31 1469/306/31
f 1369/118/31 1340/120/31 1471/305/31 1470/310/31
f 1340/120/31 1339/275/31 1472/306/31 1471/305/31
f 1339/275/31 1370/275/31 1469/306/31 1472/306/31
f 1498/311/31 1499/216/31 1536/216/31 1533/311/31
f 1500/217/32 1497/312/32 1534/312/32 1535/217/32
f 1465/309/30 1466/307/30 1473/307/30 1474/309/30
f 1472/306/33 1469/306/33 1478/306/33 1479/306/33
f 1467/308/29 1468/309/29 1475/309/29 1476/308/29
f 1468/309/33 1465/309/33 1474/309/33 1475/309/33
f 1470/310/34 1471/305/34 1480/305/34 1477/310/34
f 1469/306/30 1470/310/30 1477/310/30 1478/306/30
f 1242/109/33 1117/108/33 1482/313/33 1481/314/33
f 1117/108/33 1104/108/33 1483/313/33 1482/313/33
f 1104/108/33 1164/125/33 1484/314/33 1483/313/33
f 1164/125/33 1242/109/33 1481/314/33 1484/314/33
f 1118/119/33 1252/131/33 1486/112/33 1485/213/33
f 1252/131/33 1154/131/33 1487/113/33 1486/112/33
f 1154/131/33 1103/119/33 1488/212/33 1487/113/33
f 1103/119/33 1118/119/33 1485/213/33 1488/212/33
f 1251/133/33 1250/134/33 1490/315/33 1489/316/33
f 1250/134/33 1156/134/33 1491/317/33 1490/315/33
f 1156/134/33 1155/132/33 1492/318/33 1491/317/33
f 1155/132/33 1251/133/33 1489/316/33 1492/318/33
f 1249/136/33 1248/138/33 1494/319/33 1493/320/33
f 1248/138/33 1158/173/33 1495/321/33 1494/319/33
f 1158/173/33 1157/135/33 1496/322/33 1495/321/33
f 1157/135/33 1249/136/33 1493/320/33 1496/322/33
f 1248/138/33 1247/139/33 1498/311/33 1497/312/33
f 1247/139/33 1159/174/33 1499/216/33 1498/311/33
f 1159/174/33 1158/173/33 1500/217/33 1499/216/33
f 1158/173/33 1248/138/33 1497/312/33 1500/217/33
f 1246/141/33 1245/143/33 1502/323/33 1501/324/33
f 1245/143/33 1161/143/33 1503/325/33 1502/323/33
f 1161/143/33 1160/175/33 1504/326/33 1503/325/33
f 1160/175/33 1246/141/33 1501/324/33 1504/326/33
f 1244/145/33 1243/147/33 1506/210/33 1505/215/33
f 1243/147/33 1163/146/33 1507/211/33 1506/210/33
f 1163/146/33 1162/144/33 1508/214/33 1507/211/33
f 1162/144/33 1244/145/33 1505/215/33 1508/214/33
f 1493/320/30 1494/319/30 1529/319/30 1530/320/30
f 1507/211/29 1508/214/29 1543/214/29 1544/211/29
f 1487/113/29 1488/212/29 1523/212/29 1524/113/29
f 1496/322/32 1493/320/32 1530/320/32 1531/322/32
f 1494/319/31 1495/321/31 1532/321/31 1529/319/31
f 1501/324/30 1502/323/30 1537/323/30 1538/324/30
f 1481/314/30 1482/313/30 1517/313/30 1518/314/30
f 1495/321/29 1496/322/29 1531/322/29 1532/321/29
f 1504/326/32 1501/324/32 1538/324/32 1539/326/32
f 1484/314/32 1481/314/32 1518/314/32 1519/314/32
f 1502/323/31 1503/325/31 1540/325/31 1537/323/31
f 1482/313/31 1483/313/31 1520/313/31 1517/313/31
f 1489/316/30 1490/315/30 1525/315/30 1526/316/30
f 1503/325/29 1504/326/29 1539/326/29 1540/325/29
f 1483/313/29 1484/314/29 1519/314/29 1520/313/29
f 1492/318/32 1489/316/32 1526/316/32 1527/318/32
f 1490/315/31 1491/317/31 1528/317/31 1525/315/31
f 1497/312/30 1498/311/30 1533/311/30 1534/312/30
f 1491/317/29 1492/318/29 1527/318/29 1528/317/29
f 1920/106/29 1789/107/29 1556/108/29 1598/109/29
f 1801/110/30 1562/111/30 1570/111/30 1817/110/30
f 1942/112/31 1943/113/31 1980/113/31 1977/112/31
f 1754/114/32 1755/114/32 1784/114/32 1781/114/32
f 1829/115/32 1576/116/32 1557/116/32 1800/117/32
f 1825/118/31 1574/119/31 1559/119/31 1796/120/31
f 1873/106/30 1642/121/30 1564/108/30 1805/122/30
f 1609/123/29 1558/111/29 1566/111/29 1653/124/29
f 1805/122/30 1564/108/30 1572/108/30 1821/107/30
f 1620/125/29 1560/108/29 1568/108/29 1664/126/29
f 1664/126/33 1568/108/33 1572/108/33 1686/109/33
f 1653/124/34 1566/111/34 1570/111/34 1675/127/34
f 1816/115/32 1565/116/32 1569/116/32 1824/115/32
f 1812/118/31 1567/119/31 1571/119/31 1820/118/31
f 1800/117/29 1557/116/29 1565/116/29 1816/115/29
f 1796/120/29 1559/119/29 1567/119/29 1812/118/29
f 1632/128/30 1563/119/30 1571/119/30 1676/129/30
f 1621/130/30 1561/116/30 1569/116/30 1665/130/30
f 1788/118/31 1554/119/31 1574/119/31 1825/118/31
f 1792/115/32 1555/116/32 1576/116/32 1829/115/32
f 1587/127/34 1553/111/34 1575/111/34 1687/127/34
f 1598/109/33 1556/108/33 1573/108/33 1698/109/33
f 1554/119/33 1588/128/33 1708/131/33 1574/119/33
f 1588/128/33 1589/132/33 1707/133/33 1708/131/33
f 1589/132/33 1590/134/33 1706/134/33 1707/133/33
f 1590/134/33 1591/135/33 1705/136/33 1706/134/33
f 1591/135/33 1592/137/33 1704/138/33 1705/136/33
f 1592/137/33 1593/139/33 1703/139/33 1704/138/33
f 1593/139/33 1594/140/33 1702/141/33 1703/139/33
f 1594/140/33 1595/142/33 1701/143/33 1702/141/33
f 1595/142/33 1596/144/33 1700/145/33 1701/143/33
f 1596/144/33 1597/146/33 1699/147/33 1700/145/33
f 1597/146/33 1598/109/33 1698/109/33 1699/147/33
f 1555/116/34 1577/130/34 1697/148/34 1576/116/34
f 1577/130/34 1578/149/34 1696/149/34 1697/148/34
f 1578/149/34 1579/150/34 1695/151/34 1696/149/34
f 1579/150/34 1580/152/34 1694/152/34 1695/151/34
f 1580/152/34 1581/153/34 1693/153/34 1694/152/34
f 1581/153/34 1582/154/34 1692/154/34 1693/153/34
f 1582/154/34 1583/155/34 1691/155/34 1692/154/34
f 1583/155/34 1584/156/34 1690/157/34 1691/155/34
f 1584/156/34 1585/158/34 1689/158/34 1690/157/34
f 1585/158/34 1586/159/34 1688/159/34 1689/158/34
f 1586/159/34 1587/127/34 1687/127/34 1688/159/34
f 1562/111/30 1631/127/30 1675/127/30 1570/111/30
f 1631/127/30 1630/160/30 1674/159/30 1675/127/30
f 1630/160/30 1629/158/30 1673/158/30 1674/159/30
f 1629/158/30 1628/156/30 1672/161/30 1673/158/30
f 1628/156/30 1627/162/30 1671/155/30 1672/161/30
f 1627/162/30 1626/163/30 1670/154/30 1671/155/30
f 1626/163/30 1625/164/30 1669/164/30 1670/154/30
f 1625/164/30 1624/152/30 1668/152/30 1669/164/30
f 1624/152/30 1623/151/30 1667/151/30 1668/152/30
f 1623/151/30 1622/165/30 1666/149/30 1667/151/30
f 1622/165/30 1621/130/30 1665/130/30 1666/149/30
f 1564/108/30 1642/121/30 1686/109/30 1572/108/30
f 1642/121/30 1641/146/30 1685/147/30 1686/109/30
f 1641/146/30 1640/144/30 1684/144/30 1685/147/30
f 1640/144/30 1639/166/30 1683/142/30 1684/144/30
f 1639/166/30 1638/140/30 1682/167/30 1683/142/30
f 1638/140/30 1637/168/30 1681/139/30 1682/167/30
f 1637/168/30 1636/169/30 1680/137/30 1681/139/30
f 1636/169/30 1635/135/30 1679/135/30 1680/137/30
f 1635/135/30 1634/134/30 1678/134/30 1679/135/30
f 1634/134/30 1633/132/30 1677/170/30 1678/134/30
f 1633/132/30 1632/128/30 1676/129/30 1677/170/30
f 1565/116/34 1643/130/34 1665/130/34 1569/116/34
f 1643/130/34 1644/149/34 1666/149/34 1665/130/34
f 1644/149/34 1645/150/34 1667/151/34 1666/149/34
f 1645/150/34 1646/171/34 1668/152/34 1667/151/34
f 1646/171/34 1647/164/34 1669/164/34 1668/152/34
f 1647/164/34 1648/172/34 1670/154/34 1669/164/34
f 1648/172/34 1649/155/34 1671/155/34 1670/154/34
f 1649/155/34 1650/161/34 1672/161/34 1671/155/34
f 1650/161/34 1651/158/34 1673/158/34 1672/161/34
f 1651/158/34 1652/159/34 1674/159/34 1673/158/34
f 1652/159/34 1653/124/34 1675/127/34 1674/159/34
f 1567/119/33 1654/129/33 1676/129/33 1571/119/33
f 1654/129/33 1655/132/33 1677/170/33 1676/129/33
f 1655/132/33 1656/134/33 1678/134/33 1677/170/33
f 1656/134/33 1657/135/33 1679/135/33 1678/134/33
f 1657/135/33 1658/169/33 1680/137/33 1679/135/33
f 1658/169/33 1659/168/33 1681/139/33 1680/137/33
f 1659/168/33 1660/167/33 1682/167/33 1681/139/33
f 1660/167/33 1661/142/33 1683/142/33 1682/167/33
f 1661/142/33 1662/144/33 1684/144/33 1683/142/33
f 1662/144/33 1663/147/33 1685/147/33 1684/144/33
f 1663/147/33 1664/126/33 1686/109/33 1685/147/33
f 1559/119/29 1610/131/29 1654/129/29 1567/119/29
f 1610/131/29 1611/132/29 1655/132/29 1654/129/29
f 1611/132/29 1612/134/29 1656/134/29 1655/132/29
f 1612/134/29 1613/135/29 1657/135/29 1656/134/29
f 1613/135/29 1614/173/29 1658/169/29 1657/135/29
f 1614/173/29 1615/174/29 1659/168/29 1658/169/29
f 1615/174/29 1616/175/29 1660/167/29 1659/168/29
f 1616/175/29 1617/143/29 1661/142/29 1660/167/29
f 1617/143/29 1618/144/29 1662/144/29 1661/142/29
f 1618/144/29 1619/146/29 1663/147/29 1662/144/29
f 1619/146/29 1620/125/29 1664/126/29 1663/147/29
f 1557/116/29 1599/148/29 1643/130/29 1565/116/29
f 1599/148/29 1600/165/29 1644/149/29 1643/130/29
f 1600/165/29 1601/176/29 1645/150/29 1644/149/29
f 1601/176/29 1602/152/29 1646/171/29 1645/150/29
f 1602/152/29 1603/153/29 1647/164/29 1646/171/29
f 1603/153/29 1604/177/29 1648/172/29 1647/164/29
f 1604/177/29 1605/162/29 1649/155/29 1648/172/29
f 1605/162/29 1606/157/29 1650/161/29 1649/155/29
f 1606/157/29 1607/158/29 1651/158/29 1650/161/29
f 1607/158/29 1608/159/29 1652/159/29 1651/158/29
f 1608/159/29 1609/123/29 1653/124/29 1652/159/29
f 1804/118/30 1563/119/30 1632/128/30 1833/178/30
f 1833/178/30 1632/128/30 1633/132/30 1837/179/30
f 1837/179/30 1633/132/30 1634/134/30 1841/180/30
f 1841/180/30 1634/134/30 1635/135/30 1845/181/30
f 1845/181/30 1635/135/30 1636/169/30 1849/182/30
f 1849/182/30 1636/169/30 1637/168/30 1853/183/30
f 1853/183/30 1637/168/30 1638/140/30 1857/184/30
f 1857/184/30 1638/140/30 1639/166/30 1861/185/30
f 1861/185/30 1639/166/30 1640/144/30 1865/186/30
f 1865/186/30 1640/144/30 1641/146/30 1869/187/30
f 1869/187/30 1641/146/30 1642/121/30 1873/106/30
f 1716/188/31 1713/189/31 1762/189/31 1763/188/31
f 1717/190/34 1718/191/34 1719/191/34 1720/190/34
f 1756/192/31 1753/192/31 1782/192/31 1783/192/31
f 1725/193/34 1726/194/34 1727/194/34 1728/195/34
f 1713/189/30 1714/196/30 1761/196/30 1762/189/30
f 1733/197/34 1734/198/34 1735/198/34 1736/199/34
f 1747/200/29 1748/201/29 1779/201/29 1780/200/29
f 1741/202/34 1742/203/34 1743/204/34 1744/205/34
f 1753/192/30 1754/114/30 1781/114/30 1782/192/30
f 1749/206/34 1750/207/34 1751/207/34 1752/208/34
f 1746/209/32 1747/200/32 1780/200/32 1777/209/32
f 1962/210/31 1963/211/31 2000/211/31 1997/210/31
f 1708/131/33 1707/133/33 1611/132/33 1610/131/33
f 1944/212/32 1941/213/32 1978/213/32 1979/212/32
f 1706/134/33 1705/136/33 1613/135/33 1612/134/33
f 1964/214/32 1961/215/32 1998/215/32 1999/214/32
f 1955/216/29 1956/217/29 1991/217/29 1992/216/29
f 1703/139/33 1702/141/33 1616/175/33 1615/174/33
f 1941/213/30 1942/112/30 1977/112/30 1978/213/30
f 1701/143/33 1700/145/33 1618/144/33 1617/143/33
f 1961/215/30 1962/210/30 1997/210/30 1998/215/30
f 1699/147/33 1698/109/33 1620/125/33 1619/146/33
f 1788/118/29 1880/218/29 1588/128/29 1554/119/29
f 1880/218/29 1884/219/29 1589/132/29 1588/128/29
f 1884/219/29 1888/180/29 1590/134/29 1589/132/29
f 1888/180/29 1892/220/29 1591/135/29 1590/134/29
f 1892/220/29 1896/182/29 1592/137/29 1591/135/29
f 1896/182/29 1900/221/29 1593/139/29 1592/137/29
f 1900/221/29 1904/222/29 1594/140/29 1593/139/29
f 1904/222/29 1908/223/29 1595/142/29 1594/140/29
f 1908/223/29 1912/186/29 1596/144/29 1595/142/29
f 1912/186/29 1916/187/29 1597/146/29 1596/144/29
f 1916/187/29 1920/106/29 1598/109/29 1597/146/29
f 1687/127/34 1575/111/34 1710/224/34 1709/225/34
f 1575/111/34 1558/111/34 1711/226/34 1710/224/34
f 1558/111/34 1609/123/34 1712/227/34 1711/226/34
f 1609/123/34 1687/127/34 1709/225/34 1712/227/34
f 1576/116/34 1697/148/34 1714/196/34 1713/189/34
f 1697/148/34 1599/148/34 1715/228/34 1714/196/34
f 1599/148/34 1557/116/34 1716/188/34 1715/228/34
f 1557/116/34 1576/116/34 1713/189/34 1716/188/34
f 1697/148/34 1696/149/34 1718/191/34 1717/190/34
f 1696/149/34 1600/165/34 1719/191/34 1718/191/34
f 1600/165/34 1599/148/34 1720/190/34 1719/191/34
f 1599/148/34 1697/148/34 1717/190/34 1720/190/34
f 1696/149/34 1695/151/34 1722/229/34 1721/230/34
f 1695/151/34 1601/176/34 1723/231/34 1722/229/34
f 1601/176/34 1600/165/34 1724/232/34 1723/231/34
f 1600/165/34 1696/149/34 1721/230/34 1724/232/34
f 1695/151/34 1694/152/34 1726/194/34 1725/193/34
f 1694/152/34 1602/152/34 1727/194/34 1726/194/34
f 1602/152/34 1601/176/34 1728/195/34 1727/194/34
f 1601/176/34 1695/151/34 1725/193/34 1728/195/34
f 1694/152/34 1693/153/34 1730/233/34 1729/234/34
f 1693/153/34 1603/153/34 1731/235/34 1730/233/34
f 1603/153/34 1602/152/34 1732/236/34 1731/235/34
f 1602/152/34 1694/152/34 1729/234/34 1732/236/34
f 1693/153/34 1692/154/34 1734/198/34 1733/197/34
f 1692/154/34 1604/177/34 1735/198/34 1734/198/34
f 1604/177/34 1603/153/34 1736/199/34 1735/198/34
f 1603/153/34 1693/153/34 1733/197/34 1736/199/34
f 1692/154/34 1691/155/34 1738/237/34 1737/238/34
f 1691/155/34 1605/162/34 1739/239/34 1738/237/34
f 1605/162/34 1604/177/34 1740/238/34 1739/239/34
f 1604/177/34 1692/154/34 1737/238/34 1740/238/34
f 1691/155/34 1690/157/34 1742/203/34 1741/202/34
f 1690/157/34 1606/157/34 1743/204/34 1742/203/34
f 1606/157/34 1605/162/34 1744/205/34 1743/204/34
f 1605/162/34 1691/155/34 1741/202/34 1744/205/34
f 1690/157/34 1689/158/34 1746/209/34 1745/240/34
f 1689/158/34 1607/158/34 1747/200/34 1746/209/34
f 1607/158/34 1606/157/34 1748/201/34 1747/200/34
f 1606/157/34 1690/157/34 1745/240/34 1748/201/34
f 1689/158/34 1688/159/34 1750/207/34 1749/206/34
f 1688/159/34 1608/159/34 1751/207/34 1750/207/34
f 1608/159/34 1607/158/34 1752/208/34 1751/207/34
f 1607/158/34 1689/158/34 1749/206/34 1752/208/34
f 1688/159/34 1687/127/34 1754/114/34 1753/192/34
f 1687/127/34 1609/123/34 1755/114/34 1754/114/34
f 1609/123/34 1608/159/34 1756/192/34 1755/114/34
f 1608/159/34 1688/159/34 1753/192/34 1756/192/34
f 1714/196/32 1715/228/32 1764/228/32 1761/196/32
f 1755/114/29 1756/192/29 1783/192/29 1784/114/29
f 1721/230/30 1722/229/30 1765/229/30 1766/230/30
f 1715/228/29 1716/188/29 1763/188/29 1764/228/29
f 1724/232/31 1721/230/31 1766/230/31 1767/232/31
f 1722/229/32 1723/231/32 1768/231/32 1765/229/32
f 1729/234/30 1730/233/30 1769/233/30 1770/234/30
f 1709/225/30 1710/224/30 1757/224/30 1758/225/30
f 1723/231/29 1724/232/29 1767/232/29 1768/231/29
f 1732/236/31 1729/234/31 1770/234/31 1771/236/31
f 1712/227/31 1709/225/31 1758/225/31 1759/227/31
f 1730/233/32 1731/235/32 1772/235/32 1769/233/32
f 1710/224/32 1711/226/32 1760/226/32 1757/224/32
f 1737/238/30 1738/237/30 1773/237/30 1774/238/30
f 1731/235/29 1732/236/29 1771/236/29 1772/235/29
f 1711/226/29 1712/227/29 1759/227/29 1760/226/29
f 1740/238/31 1737/238/31 1774/238/31 1775/238/31
f 1738/237/32 1739/239/32 1776/239/32 1773/237/32
f 1745/240/30 1746/209/30 1777/209/30 1778/240/30
f 1739/239/29 1740/238/29 1775/238/29 1776/239/29
f 1748/201/31 1745/240/31 1778/240/31 1779/201/31
f 1578/149/29 1577/130/29 1917/241/29 1913/242/29
f 1913/242/29 1917/241/29 1918/243/29 1914/244/29
f 1914/244/29 1918/243/29 1919/245/29 1915/246/29
f 1915/246/29 1919/245/29 1920/106/29 1916/187/29
f 1579/150/29 1578/149/29 1913/242/29 1909/247/29
f 1909/247/29 1913/242/29 1914/244/29 1910/248/29
f 1910/248/29 1914/244/29 1915/246/29 1911/249/29
f 1911/249/29 1915/246/29 1916/187/29 1912/186/29
f 1580/152/29 1579/150/29 1909/247/29 1905/250/29
f 1905/250/29 1909/247/29 1910/248/29 1906/251/29
f 1906/251/29 1910/248/29 1911/249/29 1907/252/29
f 1907/252/29 1911/249/29 1912/186/29 1908/223/29
f 1581/153/29 1580/152/29 1905/250/29 1901/253/29
f 1901/253/29 1905/250/29 1906/251/29 1902/254/29
f 1902/254/29 1906/251/29 1907/252/29 1903/255/29
f 1903/255/29 1907/252/29 1908/223/29 1904/222/29
f 1582/154/29 1581/153/29 1901/253/29 1897/256/29
f 1897/256/29 1901/253/29 1902/254/29 1898/257/29
f 1898/257/29 1902/254/29 1903/255/29 1899/258/29
f 1899/258/29 1903/255/29 1904/222/29 1900/221/29
f 1583/155/29 1582/154/29 1897/256/29 1893/259/29
f 1893/259/29 1897/256/29 1898/257/29 1894/260/29
f 1894/260/29 1898/257/29 1899/258/29 1895/261/29
f 1895/261/29 1899/258/29 1900/221/29 1896/182/29
f 1584/156/29 1583/155/29 1893/259/29 1889/262/29
f 1889/262/29 1893/259/29 1894/260/29 1890/263/29
f 1890/263/29 1894/260/29 1895/261/29 1891/264/29
f 1891/264/29 1895/261/29 1896/182/29 1892/220/29
f 1585/158/29 1584/156/29 1889/262/29 1885/265/29
f 1885/265/29 1889/262/29 1890/263/29 1886/266/29
f 1886/266/29 1890/263/29 1891/264/29 1887/267/29
f 1887/267/29 1891/264/29 1892/220/29 1888/180/29
f 1586/159/29 1585/158/29 1885/265/29 1881/268/29
f 1881/268/29 1885/265/29 1886/266/29 1882/269/29
f 1882/269/29 1886/266/29 1887/267/29 1883/270/29
f 1883/270/29 1887/267/29 1888/180/29 1884/219/29
f 1587/127/29 1586/159/29 1881/268/29 1877/271/29
f 1877/271/29 1881/268/29 1882/269/29 1878/272/29
f 1878/272/29 1882/269/29 1883/270/29 1879/273/29
f 1879/273/29 1883/270/29 1884/219/29 1880/218/29
f 1553/111/29 1587/127/29 1877/271/29 1785/110/29
f 1785/110/29 1877/271/29 1878/272/29 1786/274/29
f 1786/274/29 1878/272/29 1879/273/29 1787/275/29
f 1787/275/29 1879/273/29 1880/218/29 1788/118/29
f 1622/165/30 1872/276/30 1876/277/30 1621/130/30
f 1872/276/30 1871/278/30 1875/279/30 1876/277/30
f 1871/278/30 1870/280/30 1874/281/30 1875/279/30
f 1870/280/30 1869/187/30 1873/106/30 1874/281/30
f 1623/151/30 1868/247/30 1872/276/30 1622/165/30
f 1868/247/30 1867/282/30 1871/278/30 1872/276/30
f 1867/282/30 1866/249/30 1870/280/30 1871/278/30
f 1866/249/30 1865/186/30 1869/187/30 1870/280/30
f 1624/152/30 1864/283/30 1868/247/30 1623/151/30
f 1864/283/30 1863/284/30 1867/282/30 1868/247/30
f 1863/284/30 1862/285/30 1866/249/30 1867/282/30
f 1862/285/30 1861/185/30 1865/186/30 1866/249/30
f 1625/164/30 1860/286/30 1864/283/30 1624/152/30
f 1860/286/30 1859/287/30 1863/284/30 1864/283/30
f 1859/287/30 1858/288/30 1862/285/30 1863/284/30
f 1858/288/30 1857/184/30 1861/185/30 1862/285/30
f 1626/163/30 1856/289/30 1860/286/30 1625/164/30
f 1856/289/30 1855/290/30 1859/287/30 1860/286/30
f 1855/290/30 1854/291/30 1858/288/30 1859/287/30
f 1854/291/30 1853/183/30 1857/184/30 1858/288/30
f 1627/162/30 1852/292/30 1856/289/30 1626/163/30
f 1852/292/30 1851/293/30 1855/290/30 1856/289/30
f 1851/293/30 1850/261/30 1854/291/30 1855/290/30
f 1850/261/30 1849/182/30 1853/183/30 1854/291/30
f 1628/156/30 1848/294/30 1852/292/30 1627/162/30
f 1848/294/30 1847/263/30 1851/293/30 1852/292/30
f 1847/263/30 1846/264/30 1850/261/30 1851/293/30
f 1846/264/30 1845/181/30 1849/182/30 1850/261/30
f 1629/158/30 1844/265/30 1848/294/30 1628/156/30
f 1844/265/30 1843/295/30 1847/263/30 1848/294/30
f 1843/295/30 1842/267/30 1846/264/30 1847/263/30
f 1842/267/30 1841/180/30 1845/181/30 1846/264/30
f 1630/160/30 1840/296/30 1844/265/30 1629/158/30
f 1840/296/30 1839/297/30 1843/295/30 1844/265/30
f 1839/297/30 1838/270/30 1842/267/30 1843/295/30
f 1838/270/30 1837/179/30 1841/180/30 1842/267/30
f 1631/127/30 1836/298/30 1840/296/30 1630/160/30
f 1836/298/30 1835/272/30 1839/297/30 1840/296/30
f 1835/272/30 1834/273/30 1838/270/30 1839/297/30
f 1834/273/30 1833/178/30 1837/179/30 1838/270/30
f 1562/111/30 1801/110/30 1836/298/30 1631/127/30
f 1801/110/30 1802/274/30 1835/272/30 1836/298/30
f 1802/274/30 1803/299/30 1834/273/30 1835/272/30
f 1803/299/30 1804/118/30 1833/178/30 1834/273/30
f 1556/108/32 1789/107/32 1832/107/32 1573/108/32
f 1789/107/32 1790/300/32 1831/300/32 1832/107/32
f 1790/300/32 1791/301/32 1830/301/32 1831/300/32
f 1791/301/32 1792/115/32 1829/115/32 1830/301/32
f 1553/111/31 1785/110/31 1828/110/31 1575/111/31
f 1785/110/31 1786/274/31 1827/274/31 1828/110/31
f 1786/274/31 1787/275/31 1826/275/31 1827/274/31
f 1787/275/31 1788/118/31 1825/118/31 1826/275/31
f 1558/111/29 1793/110/29 1809/110/29 1566/111/29
f 1793/110/29 1794/302/29 1810/302/29 1809/110/29
f 1794/302/29 1795/275/29 1811/299/29 1810/302/29
f 1795/275/29 1796/120/29 1812/118/29 1811/299/29
f 1560/108/29 1797/107/29 1813/107/29 1568/108/29
f 1797/107/29 1798/300/29 1814/303/29 1813/107/29
f 1798/300/29 1799/301/29 1815/304/29 1814/303/29
f 1799/301/29 1800/117/29 1816/115/29 1815/304/29
f 1566/111/31 1809/110/31 1817/110/31 1570/111/31
f 1809/110/31 1810/302/31 1818/302/31 1817/110/31
f 1810/302/31 1811/299/31 1819/275/31 1818/302/31
f 1811/299/31 1812/118/31 1820/118/31 1819/275/31
f 1568/108/32 1813/107/32 1821/107/32 1572/108/32
f 1813/107/32 1814/303/32 1822/303/32 1821/107/32
f 1814/303/32 1815/304/32 1823/304/32 1822/303/32
f 1815/304/32 1816/115/32 1824/115/32 1823/304/32
f 1561/116/30 1808/115/30 1824/115/30 1569/116/30
f 1808/115/30 1807/304/30 1823/304/30 1824/115/30
f 1807/304/30 1806/300/30 1822/303/30 1823/304/30
f 1806/300/30 1805/122/30 1821/107/30 1822/303/30
f 1621/130/30 1876/277/30 1808/115/30 1561/116/30
f 1876/277/30 1875/279/30 1807/304/30 1808/115/30
f 1875/279/30 1874/281/30 1806/300/30 1807/304/30
f 1874/281/30 1873/106/30 1805/122/30 1806/300/30
f 1575/111/31 1828/110/31 1793/110/31 1558/111/31
f 1927/305/29 1928/306/29 1935/306/29 1936/305/29
f 1827/274/31 1826/275/31 1795/275/31 1794/302/31
f 1922/307/34 1923/308/34 1932/308/34 1929/307/34
f 1573/108/32 1832/107/32 1797/107/32 1560/108/32
f 1832/107/32 1831/300/32 1798/300/32 1797/107/32
f 1831/300/32 1830/301/32 1799/301/32 1798/300/32
f 1830/301/32 1829/115/32 1800/117/32 1799/301/32
f 1563/119/30 1804/118/30 1820/118/30 1571/119/30
f 1804/118/30 1803/299/30 1819/275/30 1820/118/30
f 1803/299/30 1802/274/30 1818/302/30 1819/275/30
f 1802/274/30 1801/110/30 1817/110/30 1818/302/30
f 1577/130/29 1555/116/29 1792/115/29 1917/241/29
f 1917/241/29 1792/115/29 1791/301/29 1918/243/29
f 1918/243/29 1791/301/29 1790/300/29 1919/245/29
f 1919/245/29 1790/300/29 1789/107/29 1920/106/29
f 1828/110/31 1827/274/31 1922/307/31 1921/309/31
f 1827/274/31 1794/302/31 1923/308/31 1922/307/31
f 1794/302/31 1793/110/31 1924/309/31 1923/308/31
f 1793/110/31 1828/110/31 1921/309/31 1924/309/31
f 1826/275/31 1825/118/31 1926/310/31 1925/306/31
f 1825/118/31 1796/120/31 1927/305/31 1926/310/31
f 1796/120/31 1795/275/31 1928/306/31 1927/305/31
f 1795/275/31 1826/275/31 1925/306/31 1928/306/31
f 1954/311/31 1955/216/31 1992/216/31 1989/311/31
f 1956/217/32 1953/312/32 1990/312/32 1991/217/32
f 1921/309/30 1922/307/30 1929/307/30 1930/309/30
f 1928/306/33 1925/306/33 1934/306/33 1935/306/33
f 1923/308/29 1924/309/29 1931/309/29 1932/308/29
f 1924/309/33 1921/309/33 1930/309/33 1931/309/33
f 1926/310/34 1927/305/34 1936/305/34 1933/310/34
f 1925/306/30 1926/310/30 1933/310/30 1934/306/30
f 1698/109/33 1573/108/33 1938/313/33 1937/314/33
f 1573/108/33 1560/108/33 1939/313/33 1938/313/33
f 1560/108/33 1620/125/33 1940/314/33 1939/313/33
f 1620/125/33 1698/109/33 1937/314/33 1940/314/33
f 1574/119/33 1708/131/33 1942/112/33 1941/213/33
f 1708/131/33 1610/131/33 1943/113/33 1942/112/33
f 1610/131/33 1559/119/33 1944/212/33 1943/113/33
f 1559/119/33 1574/119/33 1941/213/33 1944/212/33
f 1707/133/33 1706/134/33 1946/315/33 1945/316/33
f 1706/134/33 1612/134/33 1947/317/33 1946/315/33
f 1612/134/33 1611/132/33 1948/318/33 1947/317/33
f 1611/132/33 1707/133/33 1945/316/33 1948/318/33
f 1705/136/33 1704/138/33 1950/319/33 1949/320/33
f 1704/138/33 1614/173/33 1951/321/33 1950/319/33
f 1614/173/33 1613/135/33 1952/322/33 1951/321/33
f 1613/135/33 1705/136/33 1949/320/33 1952/322/33
f 1704/138/33 1703/139/33 1954/311/33 1953/312/33
f 1703/139/33 1615/174/33 1955/216/33 1954/311/33
f 1615/174/33 1614/173/33 1956/217/33 1955/216/33
f 1614/173/33 1704/138/33 1953/312/33 1956/217/33
f 1702/141/33 1701/143/33 1958/323/33 1957/324/33
f 1701/143/33 1617/143/33 1959/325/33 1958/323/33
f 1617/143/33 1616/175/33 1960/326/33 1959/325/33
f 1616/175/33 1702/141/33 1957/324/33 1960/326/33
f 1700/145/33 1699/147/33 1962/210/33 1961/215/33
f 1699/147/33 1619/146/33 1963/211/33 1962/210/33
f 1619/146/33 1618/144/33 1964/214/33 1963/211/33
f 1618/144/33 1700/145/33 1961/215/33 1964/214/33
f 1949/320/30 1950/319/30 1985/319/30 1986/320/30
f 1963/211/29 1964/214/29 1999/214/29 2000/211/29
f 1943/113/29 1944/212/29 1979/212/29 1980/113/29
f 1952/322/32 1949/320/32 1986/320/32 1987/322/32
f 1950/319/31 1951/321/31 1988/321/31 1985/319/31
f 1957/324/30 1958/323/30 1993/323/30 1994/324/30
f 1937/314/30 1938/313/30 1973/313/30 1974/314/30
f 1951/321/29 1952/322/29 1987/322/29 1988/321/29
f 1960/326/32 1957/324/32 1994/324/32 1995/326/32
f 1940/314/32 1937/314/32 1974/314/32 1975/314/32
f 1958/323/31 1959/325/31 1996/325/31 1993/323/31
f 1938/313/31 1939/313/31 1976/313/31 1973/313/31
f 1945/316/30 1946/315/30 1981/315/30 1982/316/30
f 1959/325/29 1960/326/29 1995/326/29 1996/325/29
f 1939/313/29 1940/314/29 1975/314/29 1976/313/29
f 1948/318/32 1945/316/32 1982/316/32 1983/318/32
f 1946/315/31 1947/317/31 1984/317/31 1981/315/31
f 1953/312/30 1954/311/30 1989/311/30 1990/312/30
f 1947/317/29 1948/318/29 1983/318/29 1984/317/29
usemtl A14_windows
f 390/225/34 389/224/34 392/226/34 391/227/34
f 394/189/34 393/196/34 396/228/34 395/188/34
f 398/230/34 397/229/34 400/231/34 399/232/34
f 402/234/34 401/233/34 404/235/34 403/236/34
f 406/238/34 405/237/34 408/239/34 407/238/34
f 410/240/34 409/209/34 412/200/34 411/201/34
f 414/192/34 413/114/34 416/114/34 415/192/34
f 562/309/31 561/307/31 598/327/31 597/328/31
f 561/307/31 564/308/31 599/329/31 598/327/31
f 564/308/31 563/309/31 600/328/31 599/329/31
f 563/309/31 562/309/31 597/328/31 600/328/31
f 566/306/31 565/310/31 602/330/31 601/331/31
f 565/310/31 568/305/31 603/330/31 602/330/31
f 568/305/31 567/306/31 604/332/31 603/330/31
f 567/306/31 566/306/31 601/331/31 604/332/31
f 606/314/33 605/313/33 608/313/33 607/314/33
f 610/213/33 609/112/33 612/113/33 611/212/33
f 614/316/33 613/315/33 616/317/33 615/318/33
f 618/320/33 617/319/33 620/321/33 619/322/33
f 622/312/33 621/311/33 624/216/33 623/217/33
f 626/324/33 625/323/33 628/325/33 627/326/33
f 630/215/33 629/210/33 632/211/33 631/214/33
f 634/328/31 633/327/31 636/329/31 635/328/31
f 638/331/31 637/330/31 640/330/31 639/332/31
f 601/331/30 602/330/30 637/330/30 638/331/30
f 604/332/33 601/331/33 638/331/33 639/332/33
f 602/330/34 603/330/34 640/330/34 637/330/34
f 603/330/29 604/332/29 639/332/29 640/330/29
f 597/328/30 598/327/30 633/327/30 634/328/30
f 600/328/33 597/328/33 634/328/33 635/328/33
f 598/327/34 599/329/34 636/329/34 633/327/34
f 599/329/29 600/328/29 635/328/29 636/329/29
f 846/225/34 845/224/34 848/226/34 847/227/34
f 850/189/34 849/196/34 852/228/34 851/188/34
f 854/230/34 853/229/34 856/231/34 855/232/34
f 858/234/34 857/233/34 860/235/34 859/236/34
f 862/238/34 861/237/34 864/239/34 863/238/34
f 866/240/34 865/209/34 868/200/34 867/201/34
f 870/192/34 869/114/34 872/114/34 871/192/34
f 1018/309/31 1017/307/31 1054/327/31 1053/328/31
f 1017/307/31 1020/308/31 1055/329/31 1054/327/31
f 1020/308/31 1019/309/31 1056/328/31 1055/329/31
f 1019/309/31 1018/309/31 1053/328/31 1056/328/31
f 1022/306/31 1021/310/31 1058/330/31 1057/331/31
f 1021/310/31 1024/305/31 1059/330/31 1058/330/31
f 1024/305/31 1023/306/31 1060/332/31 1059/330/31
f 1023/306/31 1022/306/31 1057/331/31 1060/332/31
f 1062/314/33 1061/313/33 1064/313/33 1063/314/33
f 1066/213/33 1065/112/33 1068/113/33 1067/212/33
f 1070/316/33 1069/315/33 1072/317/33 1071/318/33
f 1074/320/33 1073/319/33 1076/321/33 1075/322/33
f 1078/312/33 1077/311/33 1080/216/33 1079/217/33
f 1082/324/33 1081/323/33 1084/325/33 1083/326/33
f 1086/215/33 1085/210/33 1088/211/33 1087/214/33
f 1090/328/31 1089/327/31 1092/329/31 1091/328/31
f 1094/331/31 1093/330/31 1096/330/31 1095/332/31
f 1057/331/30 1058/330/30 1093/330/30 1094/331/30
f 1060/332/33 1057/331/33 1094/331/33 1095/332/33
f 1058/330/34 1059/330/34 1096/330/34 1093/330/34
f 1059/330/29 1060/332/29 1095/332/29 1096/330/29
f 1053/328/30 1054/327/30 1089/327/30 1090/328/30
f 1056/328/33 1053/328/33 1090/328/33 1091/328/33
f 1054/327/34 1055/329/34 1092/329/34 1089/327/34
f 1055/329/29 1056/328/29 1091/328/29 1092/329/29
f 1302/225/34 1301/224/34 1304/226/34 1303/227/34
f 1306/189/34 1305/196/34 1308/228/34 1307/188/34
f 1310/230/34 1309/229/34 1312/231/34 1311/232/34
f 1314/234/34 1313/233/34 1316/235/34 1315/236/34
f 1318/238/34 1317/237/34 1320/239/34 1319/238/34
f 1322/240/34 1321/209/34 1324/200/34 1323/201/34
f 1326/192/34 1325/114/34 1328/114/34 1327/192/34
f 1474/309/31 1473/307/31 1510/327/31 1509/328/31
f 1473/307/31 1476/308/31 1511/329/31 1510/327/31
f 1476/308/31 1475/309/31 1512/328/31 1511/329/31
f 1475/309/31 1474/309/31 1509/328/31 1512/328/31
f 1478/306/31 1477/310/31 1514/330/31 1513/331/31
f 1477/310/31 1480/305/31 1515/330/31 1514/330/31
f 1480/305/31 1479/306/31 1516/332/31 1515/330/31
f 1479/306/31 1478/306/31 1513/331/31 1516/332/31
f 1518/314/33 1517/313/33 1520/313/33 1519/314/33
f 1522/213/33 1521/112/33 1524/113/33 1523/212/33
f 1526/316/33 1525/315/33 1528/317/33 1527/318/33
f 1530/320/33 1529/319/33 1532/321/33 1531/322/33
f 1534/312/33 1533/311/33 1536/216/33 1535/217/33
f 1538/324/33 1537/323/33 1540/325/33 1539/326/33
f 1542/215/33 1541/210/33 1544/211/33 1543/214/33
f 1546/328/31 1545/327/31 1548/329/31 1547/328/31
f 1550/331/31 1549/330/31 1552/330/31 1551/332/31
f 1513/331/30 1514/330/30 1549/330/30 1550/331/30
f 1516/332/33 1513/331/33 1550/331/33 1551/332/33
f 1514/330/34 1515/330/34 1552/330/34 1549/330/34
f 1515/330/29 1516/332/29 1551/332/29 1552/330/29
f 1509/328/30 1510/327/30 1545/327/30 1546/328/30
f 1512/328/33 1509/328/33 1546/328/33 1547/328/33
f 1510/327/34 1511/329/34 1548/329/34 1545/327/34
f 1511/329/29 1512/328/29 1547/328/29 1548/329/29
f 1758/225/34 1757/224/34 1760/226/34 1759/227/34
f 1762/189/34 1761/196/34 1764/228/34 1763/188/34
f 1766/230/34 1765/229/34 1768/231/34 1767/232/34
f 1770/234/34 1769/233/34 1772/235/34 1771/236/34
f 1774/238/34 1773/237/34 1776/239/34 1775/238/34
f 1778/240/34 1777/209/34 1780/200/34 1779/201/34
f 1782/192/34 1781/114/34 1784/114/34 1783/192/34
f 1930/309/31 1929/307/31 1966/327/31 1965/328/31
f 1929/307/31 1932/308/31 1967/329/31 1966/327/31
f 1932/308/31 1931/309/31 1968/328/31 1967/329/31
f 1931/309/31 1930/309/31 1965/328/31 1968/328/31
f 1934/306/31 1933/310/31 1970/330/31 1969/331/31
f 1933/310/31 1936/305/31 1971/330/31 1970/330/31
f 1936/305/31 1935/306/31 1972/332/31 1971/330/31
f 1935/306/31 1934/306/31 1969/331/31 1972/332/31
f 1974/314/33 1973/313/33 1976/313/33 1975/314/33
f 1978/213/33 1977/112/33 1980/113/33 1979/212/33
f 1982/316/33 1981/315/33 1984/317/33 1983/318/33
f 1986/320/33 1985/319/33 1988/321/33 1987/322/33
f 1990/312/33 1989/311/33 1992/216/33 1991/217/33
f 1994/324/33 1993/323/33 1996/325/33 1995/326/33
f 1998/215/33 1997/210/33 2000/211/33 1999/214/33
f 2002/328/31 2001/327/31 2004/329/31 2003/328/31
f 2006/331/31 2005/330/31 2008/330/31 2007/332/31
f 1969/331/30 1970/330/30 2005/330/30 2006/331/30
f 1972/332/33 1969/331/33 2006/331/33 2007/332/33
f 1970/330/34 1971/330/34 2008/330/34 2005/330/34
f 1971/330/29 1972/332/29 2007/332/29 2008/330/29
f 1965/328/30 1966/327/30 2001/327/30 2002/328/30
f 1968/328/33 1965/328/33 2002/328/33 2003/328/33
f 1966/327/34 1967/329/34 2004/329/34 2001/327/34
f 1967/329/29 1968/328/29 2003/328/29 2004/329/29
