# Blender 4.0.2
# www.blender.org
mtllib A21.mtl
o Text.013
v -31.844185 8.343590 -9.960632
v -31.844185 8.343590 -12.903767
v -31.620832 8.343590 -12.903767
v -31.620832 8.343590 -9.960632
v -33.366634 8.343590 -9.960632
v -33.366634 8.343590 -9.990841
v -33.322624 8.343590 -10.091839
v -33.276451 8.343590 -10.197902
v -33.228714 8.343590 -10.308161
v -33.180000 8.343590 -10.421745
v -33.130909 8.343590 -10.537788
v -33.082031 8.343590 -10.655419
v -33.033958 8.343590 -10.773769
v -32.987289 8.343590 -10.891970
v -32.942612 8.343590 -11.009151
v -32.900524 8.343590 -11.124444
v -32.861618 8.343590 -11.236980
v -32.826485 8.343590 -11.345890
v -32.809010 8.343590 -11.403450
v -32.793056 8.343590 -11.457892
v -32.778622 8.343590 -11.509877
v -32.765709 8.343590 -11.560064
v -32.754311 8.343590 -11.609113
v -32.744438 8.343590 -11.657681
v -32.736080 8.343590 -11.706429
v -32.729240 8.343590 -11.756018
v -32.723923 8.343590 -11.807104
v -32.720127 8.343590 -11.860348
v -32.717846 8.343590 -11.916409
v -32.717087 8.343590 -11.975945
v -32.719418 8.343590 -12.054804
v -32.726234 8.343590 -12.129243
v -32.737278 8.343590 -12.198797
v -32.752285 8.343590 -12.263002
v -32.771000 8.343590 -12.321393
v -32.793152 8.343590 -12.373506
v -32.818489 8.343590 -12.418875
v -32.846745 8.343590 -12.457037
v -32.877659 8.343590 -12.487528
v -32.910969 8.343590 -12.509882
v -32.946419 8.343590 -12.523635
v -32.983742 8.343590 -12.528322
v -33.011715 8.343590 -12.526279
v -33.039814 8.343590 -12.519892
v -33.068069 8.343590 -12.508768
v -33.096516 8.343590 -12.492520
v -33.125187 8.343590 -12.470758
v -33.154106 8.343590 -12.443092
v -33.183315 8.343590 -12.409133
v -33.212837 8.343590 -12.368491
v -33.242706 8.343590 -12.320776
v -33.272961 8.343590 -12.265600
v -33.303623 8.343590 -12.202571
v -33.334728 8.343590 -12.131302
v -33.334728 8.343590 -12.662102
v -33.303570 8.343590 -12.707508
v -33.272728 8.343590 -12.748810
v -33.242138 8.343590 -12.786036
v -33.211739 8.343590 -12.819216
v -33.181469 8.343590 -12.848380
v -33.151257 8.343590 -12.873558
v -33.121048 8.343590 -12.894781
v -33.090778 8.343590 -12.912078
v -33.060379 8.343590 -12.925478
v -33.029789 8.343590 -12.935014
v -32.998947 8.343590 -12.940712
v -32.967789 8.343590 -12.942605
v -32.899574 8.343590 -12.934904
v -32.835339 8.343590 -12.912277
v -32.775452 8.343590 -12.875446
v -32.720295 8.343590 -12.825130
v -32.670231 8.343590 -12.762046
v -32.625637 8.343590 -12.686915
v -32.586884 8.343590 -12.600456
v -32.554340 8.343590 -12.503389
v -32.528381 8.343590 -12.396432
v -32.509380 8.343590 -12.280304
v -32.497707 8.343590 -12.155725
v -32.493732 8.343590 -12.023416
v -32.496624 8.343590 -11.905016
v -32.505466 8.343590 -11.788263
v -32.520512 8.343590 -11.671572
v -32.542015 8.343590 -11.553351
v -32.570232 8.343590 -11.432014
v -32.605412 8.343590 -11.305973
v -32.647804 8.343590 -11.173637
v -32.697674 8.343590 -11.033421
v -32.755260 8.343590 -10.883733
v -32.820827 8.343590 -10.722988
v -32.894627 8.343590 -10.549596
v -32.976906 8.343590 -10.361969
v -32.382057 8.343590 -10.361969
v -32.382057 8.343590 -9.960632
v -33.672035 8.343590 -9.960632
v -33.879436 8.343590 -10.828037
v -34.540379 8.343590 -10.828037
v -34.736382 8.343590 -9.960632
v -34.964294 8.343590 -9.960632
v -34.296513 8.343590 -12.921028
v -34.139256 8.343590 -12.921028
v -33.444126 8.343590 -9.960632
v -33.970600 8.343590 -11.207796
v -34.221302 8.343590 -12.273711
v -34.453773 8.343590 -11.207796
v -31.844185 8.068714 -9.960632
v -31.844185 8.068714 -12.903767
v -31.620832 8.068714 -12.903767
v -31.620832 8.068714 -9.960632
v -33.366634 8.068714 -9.960632
v -33.366634 8.068714 -9.990841
v -33.322624 8.068714 -10.091839
v -33.276451 8.068714 -10.197902
v -33.228714 8.068714 -10.308161
v -33.180000 8.068714 -10.421745
v -33.130909 8.068714 -10.537788
v -33.082031 8.068714 -10.655419
v -33.033958 8.068714 -10.773769
v -32.987289 8.068714 -10.891970
v -32.942612 8.068714 -11.009151
v -32.900524 8.068714 -11.124444
v -32.861618 8.068714 -11.236980
v -32.826485 8.068714 -11.345890
v -32.809010 8.068714 -11.403450
v -32.793056 8.068714 -11.457892
v -32.778622 8.068714 -11.509877
v -32.765709 8.068714 -11.560064
v -32.754311 8.068714 -11.609113
v -32.744438 8.068714 -11.657681
v -32.736080 8.068714 -11.706429
v -32.729240 8.068714 -11.756018
v -32.723923 8.068714 -11.807104
v -32.720127 8.068714 -11.860348
v -32.717846 8.068714 -11.916409
v -32.717087 8.068714 -11.975945
v -32.719418 8.068714 -12.054804
v -32.726234 8.068714 -12.129243
v -32.737278 8.068714 -12.198797
v -32.752285 8.068714 -12.263002
v -32.771000 8.068714 -12.321393
v -32.793152 8.068714 -12.373506
v -32.818489 8.068714 -12.418875
v -32.846745 8.068714 -12.457037
v -32.877659 8.068714 -12.487528
v -32.910969 8.068714 -12.509882
v -32.946419 8.068714 -12.523635
v -32.983742 8.068714 -12.528322
v -33.011715 8.068714 -12.526279
v -33.039814 8.068714 -12.519892
v -33.068069 8.068714 -12.508768
v -33.096516 8.068714 -12.492520
v -33.125187 8.068714 -12.470758
v -33.154106 8.068714 -12.443092
v -33.183315 8.068714 -12.409133
v -33.212837 8.068714 -12.368491
v -33.242706 8.068714 -12.320776
v -33.272961 8.068714 -12.265600
v -33.303623 8.068714 -12.202571
v -33.334728 8.068714 -12.131302
v -33.334728 8.068714 -12.662102
v -33.303570 8.068714 -12.707508
v -33.272728 8.068714 -12.748810
v -33.242138 8.068714 -12.786036
v -33.211739 8.068714 -12.819216
v -33.181469 8.068714 -12.848380
v -33.151257 8.068714 -12.873558
v -33.121048 8.068714 -12.894781
v -33.090778 8.068714 -12.912078
v -33.060379 8.068714 -12.925478
v -33.029789 8.068714 -12.935014
v -32.998947 8.068714 -12.940712
v -32.967789 8.068714 -12.942605
v -32.899574 8.068714 -12.934904
v -32.835339 8.068714 -12.912277
v -32.775452 8.068714 -12.875446
v -32.720295 8.068714 -12.825130
v -32.670231 8.068714 -12.762046
v -32.625637 8.068714 -12.686915
v -32.586884 8.068714 -12.600456
v -32.554340 8.068714 -12.503389
v -32.528381 8.068714 -12.396432
v -32.509380 8.068714 -12.280304
v -32.497707 8.068714 -12.155725
v -32.493732 8.068714 -12.023416
v -32.496624 8.068714 -11.905016
v -32.505466 8.068714 -11.788263
v -32.520512 8.068714 -11.671572
v -32.542015 8.068714 -11.553351
v -32.570232 8.068714 -11.432014
v -32.605412 8.068714 -11.305973
v -32.647804 8.068714 -11.173637
v -32.697674 8.068714 -11.033421
v -32.755260 8.068714 -10.883733
v -32.820827 8.068714 -10.722988
v -32.894627 8.068714 -10.549596
v -32.976906 8.068714 -10.361969
v -32.382057 8.068714 -10.361969
v -32.382057 8.068714 -9.960632
v -33.672035 8.068714 -9.960632
v -33.879436 8.068714 -10.828037
v -34.540379 8.068714 -10.828037
v -34.736382 8.068714 -9.960632
v -34.964294 8.068714 -9.960632
v -34.296513 8.068714 -12.921028
v -34.139256 8.068714 -12.921028
v -33.444126 8.068714 -9.960632
v -33.970600 8.068714 -11.207796
v -34.221302 8.068714 -12.273711
v -34.453773 8.068714 -11.207796
v -33.672035 8.068714 -9.960632
v -33.672035 8.343590 -9.960632
v -33.879436 8.068714 -10.828037
v -33.879436 8.343590 -10.828037
v -34.540379 8.068714 -10.828037
v -34.540379 8.343590 -10.828037
v -34.736382 8.068714 -9.960632
v -34.736382 8.343590 -9.960632
v -34.964294 8.068714 -9.960632
v -34.964294 8.343590 -9.960632
v -34.296513 8.068714 -12.921028
v -34.296513 8.343590 -12.921028
v -34.139256 8.068714 -12.921028
v -34.139256 8.343590 -12.921028
v -33.444126 8.068714 -9.960632
v -33.444126 8.343590 -9.960632
v -33.970600 8.068714 -11.207796
v -33.970600 8.343590 -11.207796
v -34.221302 8.068714 -12.273711
v -34.221302 8.343590 -12.273711
v -34.453773 8.068714 -11.207796
v -34.453773 8.343590 -11.207796
v -33.366634 8.068714 -9.960632
v -33.366634 8.343590 -9.960632
v -33.366634 8.068714 -9.990841
v -33.366634 8.343590 -9.990841
v -33.322624 8.068714 -10.091839
v -33.322624 8.343590 -10.091839
v -33.276451 8.068714 -10.197902
v -33.276451 8.343590 -10.197902
v -33.228714 8.068714 -10.308161
v -33.228714 8.343590 -10.308161
v -33.180000 8.068714 -10.421745
v -33.180000 8.343590 -10.421745
v -33.130909 8.068714 -10.537788
v -33.130909 8.343590 -10.537788
v -33.082031 8.068714 -10.655419
v -33.082031 8.343590 -10.655419
v -33.033958 8.068714 -10.773769
v -33.033958 8.343590 -10.773769
v -32.987289 8.068714 -10.891970
v -32.987289 8.343590 -10.891970
v -32.942612 8.068714 -11.009151
v -32.942612 8.343590 -11.009151
v -32.900524 8.068714 -11.124444
v -32.900524 8.343590 -11.124444
v -32.861618 8.068714 -11.236980
v -32.861618 8.343590 -11.236980
v -32.826485 8.068714 -11.345890
v -32.826485 8.343590 -11.345890
v -32.809010 8.068714 -11.403450
v -32.809010 8.343590 -11.403450
v -32.793056 8.068714 -11.457892
v -32.793056 8.343590 -11.457892
v -32.778622 8.068714 -11.509877
v -32.778622 8.343590 -11.509877
v -32.765709 8.068714 -11.560064
v -32.765709 8.343590 -11.560064
v -32.754311 8.068714 -11.609113
v -32.754311 8.343590 -11.609113
v -32.744438 8.068714 -11.657681
v -32.744438 8.343590 -11.657681
v -32.736080 8.068714 -11.706429
v -32.736080 8.343590 -11.706429
v -32.729240 8.068714 -11.756018
v -32.729240 8.343590 -11.756018
v -32.723923 8.068714 -11.807104
v -32.723923 8.343590 -11.807104
v -32.720127 8.068714 -11.860348
v -32.720127 8.343590 -11.860348
v -32.717846 8.068714 -11.916409
v -32.717846 8.343590 -11.916409
v -32.717087 8.068714 -11.975945
v -32.717087 8.343590 -11.975945
v -32.719418 8.068714 -12.054804
v -32.719418 8.343590 -12.054804
v -32.726234 8.068714 -12.129243
v -32.726234 8.343590 -12.129243
v -32.737278 8.068714 -12.198797
v -32.737278 8.343590 -12.198797
v -32.752285 8.068714 -12.263002
v -32.752285 8.343590 -12.263002
v -32.771000 8.068714 -12.321393
v -32.771000 8.343590 -12.321393
v -32.793152 8.068714 -12.373506
v -32.793152 8.343590 -12.373506
v -32.818489 8.068714 -12.418875
v -32.818489 8.343590 -12.418875
v -32.846745 8.068714 -12.457037
v -32.846745 8.343590 -12.457037
v -32.877659 8.068714 -12.487528
v -32.877659 8.343590 -12.487528
v -32.910969 8.068714 -12.509882
v -32.910969 8.343590 -12.509882
v -32.946419 8.068714 -12.523635
v -32.946419 8.343590 -12.523635
v -32.983742 8.068714 -12.528322
v -32.983742 8.343590 -12.528322
v -33.011715 8.068714 -12.526279
v -33.011715 8.343590 -12.526279
v -33.039814 8.068714 -12.519892
v -33.039814 8.343590 -12.519892
v -33.068069 8.068714 -12.508768
v -33.068069 8.343590 -12.508768
v -33.096516 8.068714 -12.492520
v -33.096516 8.343590 -12.492520
v -33.125187 8.068714 -12.470758
v -33.125187 8.343590 -12.470758
v -33.154106 8.068714 -12.443092
v -33.154106 8.343590 -12.443092
v -33.183315 8.068714 -12.409133
v -33.183315 8.343590 -12.409133
v -33.212837 8.068714 -12.368491
v -33.212837 8.343590 -12.368491
v -33.242706 8.068714 -12.320776
v -33.242706 8.343590 -12.320776
v -33.272961 8.068714 -12.265600
v -33.272961 8.343590 -12.265600
v -33.303623 8.068714 -12.202571
v -33.303623 8.343590 -12.202571
v -33.334728 8.068714 -12.131302
v -33.334728 8.343590 -12.131302
v -33.334728 8.068714 -12.662102
v -33.334728 8.343590 -12.662102
v -33.303570 8.068714 -12.707508
v -33.303570 8.343590 -12.707508
v -33.272728 8.068714 -12.748810
v -33.272728 8.343590 -12.748810
v -33.242138 8.068714 -12.786036
v -33.242138 8.343590 -12.786036
v -33.211739 8.068714 -12.819216
v -33.211739 8.343590 -12.819216
v -33.181469 8.068714 -12.848380
v -33.181469 8.343590 -12.848380
v -33.151257 8.068714 -12.873558
v -33.151257 8.343590 -12.873558
v -33.121048 8.068714 -12.894781
v -33.121048 8.343590 -12.894781
v -33.090778 8.068714 -12.912078
v -33.090778 8.343590 -12.912078
v -33.060379 8.068714 -12.925478
v -33.060379 8.343590 -12.925478
v -33.029789 8.068714 -12.935014
v -33.029789 8.343590 -12.935014
v -32.998947 8.068714 -12.940712
v -32.998947 8.343590 -12.940712
v -32.967789 8.068714 -12.942605
v -32.967789 8.343590 -12.942605
v -32.899574 8.068714 -12.934904
v -32.899574 8.343590 -12.934904
v -32.835339 8.068714 -12.912277
v -32.835339 8.343590 -12.912277
v -32.775452 8.068714 -12.875446
v -32.775452 8.343590 -12.875446
v -32.720295 8.068714 -12.825130
v -32.720295 8.343590 -12.825130
v -32.670231 8.068714 -12.762046
v -32.670231 8.343590 -12.762046
v -32.625637 8.068714 -12.686915
v -32.625637 8.343590 -12.686915
v -32.586884 8.068714 -12.600456
v -32.586884 8.343590 -12.600456
v -32.554340 8.068714 -12.503389
v -32.554340 8.343590 -12.503389
v -32.528381 8.068714 -12.396432
v -32.528381 8.343590 -12.396432
v -32.509380 8.068714 -12.280304
v -32.509380 8.343590 -12.280304
v -32.497707 8.068714 -12.155725
v -32.497707 8.343590 -12.155725
v -32.493732 8.068714 -12.023416
v -32.493732 8.343590 -12.023416
v -32.496624 8.068714 -11.905016
v -32.496624 8.343590 -11.905016
v -32.505466 8.068714 -11.788263
v -32.505466 8.343590 -11.788263
v -32.520512 8.068714 -11.671572
v -32.520512 8.343590 -11.671572
v -32.542015 8.068714 -11.553351
v -32.542015 8.343590 -11.553351
v -32.570232 8.068714 -11.432014
v -32.570232 8.343590 -11.432014
v -32.605412 8.068714 -11.305973
v -32.605412 8.343590 -11.305973
v -32.647804 8.068714 -11.173637
v -32.647804 8.343590 -11.173637
v -32.697674 8.068714 -11.033421
v -32.697674 8.343590 -11.033421
v -32.755260 8.068714 -10.883733
v -32.755260 8.343590 -10.883733
v -32.820827 8.068714 -10.722988
v -32.820827 8.343590 -10.722988
v -32.894627 8.068714 -10.549596
v -32.894627 8.343590 -10.549596
v -32.976906 8.068714 -10.361969
v -32.976906 8.343590 -10.361969
v -32.382057 8.068714 -10.361969
v -32.382057 8.343590 -10.361969
v -32.382057 8.068714 -9.960632
v -32.382057 8.343590 -9.960632
v -31.844185 8.068714 -9.960632
v -31.844185 8.343590 -9.960632
v -31.844185 8.068714 -12.903767
v -31.844185 8.343590 -12.903767
v -31.620832 8.068714 -12.903767
v -31.620832 8.343590 -12.903767
v -31.620832 8.068714 -9.960632
v -31.620832 8.343590 -9.960632
vn -0.0000 1.0000 -0.0000
vn -0.0000 -1.0000 -0.0000
vn -0.7737 -0.0000 0.6335
vn 0.7807 -0.0000 0.6249
vn -0.9442 -0.0000 0.3293
vn -0.7809 -0.0000 -0.6246
vn 0.7760 -0.0000 -0.6307
vn 0.9459 -0.0000 0.3246
vn -0.9459 -0.0000 -0.3244
vn 0.0259 -0.0000 0.9997
vn 0.9429 -0.0000 -0.3331
vn -0.8843 -0.0000 0.4670
vn -0.9825 -0.0000 -0.1864
vn -0.9168 -0.0000 -0.3993
vn -0.9173 -0.0000 -0.3982
vn -0.9184 -0.0000 -0.3957
vn -0.9200 -0.0000 -0.3919
vn -0.9222 -0.0000 -0.3867
vn -0.9250 -0.0000 -0.3800
vn -0.9283 -0.0000 -0.3718
vn -0.9323 -0.0000 -0.3617
vn -0.9369 -0.0000 -0.3496
vn -0.9423 -0.0000 -0.3348
vn -0.9485 -0.0000 -0.3168
vn -0.9543 -0.0000 -0.2987
vn -0.9583 -0.0000 -0.2858
vn -0.9616 -0.0000 -0.2744
vn -0.9661 -0.0000 -0.2583
vn -0.9713 -0.0000 -0.2377
vn -0.9771 -0.0000 -0.2127
vn -0.9829 -0.0000 -0.1840
vn -0.9883 -0.0000 -0.1527
vn -0.9928 -0.0000 -0.1200
vn -0.9962 -0.0000 -0.0873
vn -0.9984 -0.0000 -0.0559
vn -0.9996 -0.0000 -0.0267
vn -1.0000 -0.0000 0.0084
vn -0.9982 -0.0000 0.0603
vn -0.9923 -0.0000 0.1237
vn -0.9814 -0.0000 0.1918
vn -0.9640 -0.0000 0.2657
vn -0.9378 -0.0000 0.3473
vn -0.8988 -0.0000 0.4383
vn -0.8416 -0.0000 0.5401
vn -0.7576 -0.0000 0.6527
vn -0.6359 -0.0000 0.7718
vn -0.4661 -0.0000 0.8848
vn -0.2476 -0.0000 0.9689
vn -0.0262 -0.0000 0.9997
vn 0.1483 -0.0000 0.9889
vn 0.2960 -0.0000 0.9552
vn 0.4338 -0.0000 0.9010
vn 0.5530 -0.0000 0.8332
vn 0.6503 -0.0000 0.7597
vn 0.7265 -0.0000 0.6872
vn 0.7849 -0.0000 0.6196
vn 0.8293 -0.0000 0.5589
vn 0.8629 -0.0000 0.5054
vn 0.8885 -0.0000 0.4589
vn 0.9082 -0.0000 0.4186
vn -0.5630 -0.0000 0.8265
vn -0.9678 -0.0000 -0.2516
vn -0.8132 -0.0000 -0.5820
vn -0.7874 -0.0000 -0.6165
vn -0.7555 -0.0000 -0.6551
vn -0.7163 -0.0000 -0.6978
vn -0.6680 -0.0000 -0.7442
vn -0.6087 -0.0000 -0.7934
vn -0.5368 -0.0000 -0.8437
vn -0.4512 -0.0000 -0.8924
vn -0.3518 -0.0000 -0.9361
vn -0.2407 -0.0000 -0.9706
vn -0.1217 -0.0000 -0.9926
vn 0.0260 -0.0000 -0.9997
vn 0.2257 -0.0000 -0.9742
vn 0.4338 -0.0000 -0.9010
vn 0.6049 -0.0000 -0.7963
vn 0.7335 -0.0000 -0.6796
vn 0.8252 -0.0000 -0.5648
vn 0.8887 -0.0000 -0.4585
vn 0.9320 -0.0000 -0.3624
vn 0.9611 -0.0000 -0.2761
vn 0.9802 -0.0000 -0.1982
vn 0.9919 -0.0000 -0.1271
vn 0.9981 -0.0000 -0.0615
vn 1.0000 -0.0000 -0.0028
vn 0.9988 -0.0000 0.0499
vn 0.9948 -0.0000 0.1016
vn 0.9882 -0.0000 0.1532
vn 0.9793 -0.0000 0.2025
vn 0.9689 -0.0000 0.2475
vn 0.9580 -0.0000 0.2868
vn 0.9474 -0.0000 0.3200
vn 0.9379 -0.0000 0.3470
vn 0.9297 -0.0000 0.3683
vn 0.9231 -0.0000 0.3846
vn 0.9180 -0.0000 0.3966
vn 0.9706 -0.0000 -0.2406
vn 0.8843 -0.0000 -0.4670
vn 0.8843 -0.0000 0.4670
vn -0.8843 -0.0000 -0.4670
vt 0.000000 0.000000
vt 0.666667 0.000000
vt 0.333333 0.000000
vt 1.000000 0.000000
vt 0.693182 0.000000
vt 0.715909 0.000000
vt 0.704545 0.000000
vt 0.681818 0.000000
vt 0.670455 0.000000
vt 0.727273 0.000000
vt 0.659091 0.000000
vt 0.738636 0.000000
vt 0.647727 0.000000
vt 0.636364 0.000000
vt 0.750000 0.000000
vt 0.625000 0.000000
vt 0.613636 0.000000
vt 0.761364 0.000000
vt 0.602273 0.000000
vt 0.590909 0.000000
vt 0.772727 0.000000
vt 0.579545 0.000000
vt 0.568182 0.000000
vt 0.784091 0.000000
vt 0.556818 0.000000
vt 0.545455 0.000000
vt 0.534091 0.000000
vt 0.522727 0.000000
vt 0.511364 0.000000
vt 0.500000 0.000000
vt 0.488636 0.000000
vt 0.477273 0.000000
vt 0.465909 0.000000
vt 0.454545 0.000000
vt 0.443182 0.000000
vt 0.431818 0.000000
vt 0.420455 0.000000
vt 0.795455 0.000000
vt 0.409091 0.000000
vt 0.397727 0.000000
vt 0.386364 0.000000
vt 0.806818 0.000000
vt 0.375000 0.000000
vt 0.363636 0.000000
vt 0.352273 0.000000
vt 0.818182 0.000000
vt 0.340909 0.000000
vt 0.329545 0.000000
vt 0.829545 0.000000
vt 0.318182 0.000000
vt 0.306818 0.000000
vt 0.840909 0.000000
vt 0.295455 0.000000
vt 0.284091 0.000000
vt 0.852273 0.000000
vt 0.272727 0.000000
vt 0.261364 0.000000
vt 0.863636 0.000000
vt 0.250000 0.000000
vt 0.238636 0.000000
vt 0.875000 0.000000
vt 0.227273 0.000000
vt 0.215909 0.000000
vt 0.886364 0.000000
vt 0.204545 0.000000
vt 0.193182 0.000000
vt 0.181818 0.000000
vt 0.897727 0.000000
vt 0.170455 0.000000
vt 0.159091 0.000000
vt 0.909091 0.000000
vt 0.147727 0.000000
vt 0.136364 0.000000
vt 0.920455 0.000000
vt 0.125000 0.000000
vt 0.931818 0.000000
vt 0.113636 0.000000
vt 0.943182 0.000000
vt 0.102273 0.000000
vt 0.090909 0.000000
vt 0.954545 0.000000
vt 0.079545 0.000000
vt 0.965909 0.000000
vt 0.068182 0.000000
vt 0.977273 0.000000
vt 0.056818 0.000000
vt 0.045455 0.000000
vt 0.988636 0.000000
vt 0.034091 0.000000
vt 0.022727 0.000000
vt 0.011364 0.000000
vt 0.400000 0.000000
vt 0.600000 0.000000
vt 0.900000 0.000000
vt 0.700000 0.000000
vt 0.800000 0.000000
vt 0.200000 0.000000
vt 0.100000 0.000000
vt 0.300000 0.000000
vt 0.000000 1.000000
vt 0.125000 1.000000
vt 0.250000 1.000000
vt 0.375000 1.000000
vt 0.500000 1.000000
vt 0.625000 1.000000
vt 0.750000 1.000000
vt 0.875000 1.000000
vt 1.000000 1.000000
vt 0.333333 1.000000
vt 0.666667 1.000000
vt 0.011236 1.000000
vt 0.011236 0.000000
vt 0.022472 1.000000
vt 0.022472 0.000000
vt 0.033708 1.000000
vt 0.033708 0.000000
vt 0.044944 1.000000
vt 0.044944 0.000000
vt 0.056180 1.000000
vt 0.056180 0.000000
vt 0.067416 1.000000
vt 0.067416 0.000000
vt 0.078652 1.000000
vt 0.078652 0.000000
vt 0.089888 1.000000
vt 0.089888 0.000000
vt 0.101124 1.000000
vt 0.101124 0.000000
vt 0.112360 1.000000
vt 0.112360 0.000000
vt 0.123596 1.000000
vt 0.123596 0.000000
vt 0.134831 1.000000
vt 0.134831 0.000000
vt 0.146067 1.000000
vt 0.146067 0.000000
vt 0.157303 1.000000
vt 0.157303 0.000000
vt 0.168539 1.000000
vt 0.168539 0.000000
vt 0.179775 1.000000
vt 0.179775 0.000000
vt 0.191011 1.000000
vt 0.191011 0.000000
vt 0.202247 1.000000
vt 0.202247 0.000000
vt 0.213483 1.000000
vt 0.213483 0.000000
vt 0.224719 1.000000
vt 0.224719 0.000000
vt 0.235955 1.000000
vt 0.235955 0.000000
vt 0.247191 1.000000
vt 0.247191 0.000000
vt 0.258427 1.000000
vt 0.258427 0.000000
vt 0.269663 1.000000
vt 0.269663 0.000000
vt 0.280899 1.000000
vt 0.280899 0.000000
vt 0.292135 1.000000
vt 0.292135 0.000000
vt 0.303371 1.000000
vt 0.303371 0.000000
vt 0.314607 1.000000
vt 0.314607 0.000000
vt 0.325843 1.000000
vt 0.325843 0.000000
vt 0.337079 1.000000
vt 0.337079 0.000000
vt 0.348315 1.000000
vt 0.348315 0.000000
vt 0.359551 1.000000
vt 0.359551 0.000000
vt 0.370787 1.000000
vt 0.370787 0.000000
vt 0.382022 1.000000
vt 0.382022 0.000000
vt 0.393258 1.000000
vt 0.393258 0.000000
vt 0.404494 1.000000
vt 0.404494 0.000000
vt 0.415730 1.000000
vt 0.415730 0.000000
vt 0.426966 1.000000
vt 0.426966 0.000000
vt 0.438202 1.000000
vt 0.438202 0.000000
vt 0.449438 1.000000
vt 0.449438 0.000000
vt 0.460674 1.000000
vt 0.460674 0.000000
vt 0.471910 1.000000
vt 0.471910 0.000000
vt 0.483146 1.000000
vt 0.483146 0.000000
vt 0.494382 1.000000
vt 0.494382 0.000000
vt 0.505618 1.000000
vt 0.505618 0.000000
vt 0.516854 1.000000
vt 0.516854 0.000000
vt 0.528090 1.000000
vt 0.528090 0.000000
vt 0.539326 1.000000
vt 0.539326 0.000000
vt 0.550562 1.000000
vt 0.550562 0.000000
vt 0.561798 1.000000
vt 0.561798 0.000000
vt 0.573034 1.000000
vt 0.573034 0.000000
vt 0.584270 1.000000
vt 0.584270 0.000000
vt 0.595506 1.000000
vt 0.595506 0.000000
vt 0.606742 1.000000
vt 0.606742 0.000000
vt 0.617977 1.000000
vt 0.617977 0.000000
vt 0.629214 1.000000
vt 0.629214 0.000000
vt 0.640449 1.000000
vt 0.640449 0.000000
vt 0.651685 1.000000
vt 0.651685 0.000000
vt 0.662921 1.000000
vt 0.662921 0.000000
vt 0.674157 1.000000
vt 0.674157 0.000000
vt 0.685393 1.000000
vt 0.685393 0.000000
vt 0.696629 1.000000
vt 0.696629 0.000000
vt 0.707865 1.000000
vt 0.707865 0.000000
vt 0.719101 1.000000
vt 0.719101 0.000000
vt 0.730337 1.000000
vt 0.730337 0.000000
vt 0.741573 1.000000
vt 0.741573 0.000000
vt 0.752809 1.000000
vt 0.752809 0.000000
vt 0.764045 1.000000
vt 0.764045 0.000000
vt 0.775281 1.000000
vt 0.775281 0.000000
vt 0.786517 1.000000
vt 0.786517 0.000000
vt 0.797753 1.000000
vt 0.797753 0.000000
vt 0.808989 1.000000
vt 0.808989 0.000000
vt 0.820225 1.000000
vt 0.820225 0.000000
vt 0.831461 1.000000
vt 0.831461 0.000000
vt 0.842697 1.000000
vt 0.842697 0.000000
vt 0.853933 1.000000
vt 0.853933 0.000000
vt 0.865169 1.000000
vt 0.865169 0.000000
vt 0.876405 1.000000
vt 0.876405 0.000000
vt 0.887640 1.000000
vt 0.887640 0.000000
vt 0.898876 1.000000
vt 0.898876 0.000000
vt 0.910112 1.000000
vt 0.910112 0.000000
vt 0.921348 1.000000
vt 0.921348 0.000000
vt 0.932584 1.000000
vt 0.932584 0.000000
vt 0.943820 1.000000
vt 0.943820 0.000000
vt 0.955056 1.000000
vt 0.955056 0.000000
vt 0.966292 1.000000
vt 0.966292 0.000000
vt 0.977528 1.000000
vt 0.977528 0.000000
vt 0.988764 1.000000
vt 0.988764 0.000000
s 0
usemtl A21_name.003
f 1/1/1 3/2/1 2/3/1
f 1/1/1 4/4/1 3/2/1
f 66/5/1 68/6/1 67/7/1
f 65/8/1 68/6/1 66/5/1
f 64/9/1 68/6/1 65/8/1
f 64/9/1 69/10/1 68/6/1
f 63/11/1 69/10/1 64/9/1
f 63/11/1 70/12/1 69/10/1
f 62/13/1 70/12/1 63/11/1
f 61/14/1 70/12/1 62/13/1
f 61/14/1 71/15/1 70/12/1
f 60/16/1 71/15/1 61/14/1
f 59/17/1 71/15/1 60/16/1
f 59/17/1 72/18/1 71/15/1
f 58/19/1 72/18/1 59/17/1
f 57/20/1 72/18/1 58/19/1
f 57/20/1 73/21/1 72/18/1
f 56/22/1 73/21/1 57/20/1
f 55/23/1 73/21/1 56/22/1
f 55/23/1 74/24/1 73/21/1
f 54/25/1 53/26/1 55/23/1
f 53/26/1 52/27/1 55/23/1
f 52/27/1 51/28/1 55/23/1
f 51/28/1 50/29/1 55/23/1
f 50/29/1 49/30/1 55/23/1
f 49/30/1 48/31/1 55/23/1
f 48/31/1 47/32/1 55/23/1
f 47/32/1 46/33/1 55/23/1
f 46/33/1 45/34/1 55/23/1
f 45/34/1 44/35/1 55/23/1
f 44/35/1 43/36/1 55/23/1
f 43/36/1 74/24/1 55/23/1
f 43/36/1 42/37/1 74/24/1
f 42/37/1 75/38/1 74/24/1
f 41/39/1 75/38/1 42/37/1
f 40/40/1 75/38/1 41/39/1
f 39/41/1 75/38/1 40/40/1
f 39/41/1 76/42/1 75/38/1
f 38/43/1 76/42/1 39/41/1
f 37/44/1 76/42/1 38/43/1
f 36/45/1 76/42/1 37/44/1
f 36/45/1 77/46/1 76/42/1
f 35/47/1 77/46/1 36/45/1
f 34/48/1 77/46/1 35/47/1
f 34/48/1 78/49/1 77/46/1
f 33/50/1 78/49/1 34/48/1
f 32/51/1 78/49/1 33/50/1
f 32/51/1 79/52/1 78/49/1
f 31/53/1 79/52/1 32/51/1
f 30/54/1 79/52/1 31/53/1
f 30/54/1 80/55/1 79/52/1
f 29/56/1 80/55/1 30/54/1
f 28/57/1 80/55/1 29/56/1
f 28/57/1 81/58/1 80/55/1
f 27/59/1 81/58/1 28/57/1
f 26/60/1 81/58/1 27/59/1
f 26/60/1 82/61/1 81/58/1
f 25/62/1 82/61/1 26/60/1
f 24/63/1 82/61/1 25/62/1
f 24/63/1 83/64/1 82/61/1
f 23/65/1 83/64/1 24/63/1
f 22/66/1 83/64/1 23/65/1
f 21/67/1 83/64/1 22/66/1
f 21/67/1 84/68/1 83/64/1
f 20/69/1 84/68/1 21/67/1
f 19/70/1 84/68/1 20/69/1
f 19/70/1 85/71/1 84/68/1
f 18/72/1 85/71/1 19/70/1
f 17/73/1 85/71/1 18/72/1
f 17/73/1 86/74/1 85/71/1
f 16/75/1 86/74/1 17/73/1
f 16/75/1 87/76/1 86/74/1
f 15/77/1 87/76/1 16/75/1
f 15/77/1 88/78/1 87/76/1
f 14/79/1 88/78/1 15/77/1
f 13/80/1 88/78/1 14/79/1
f 13/80/1 89/81/1 88/78/1
f 12/82/1 89/81/1 13/80/1
f 12/82/1 90/83/1 89/81/1
f 11/84/1 90/83/1 12/82/1
f 11/84/1 91/85/1 90/83/1
f 10/86/1 91/85/1 11/84/1
f 9/87/1 91/85/1 10/86/1
f 9/87/1 92/88/1 91/85/1
f 9/87/1 93/4/1 92/88/1
f 8/89/1 93/4/1 9/87/1
f 7/90/1 93/4/1 8/89/1
f 6/91/1 93/4/1 7/90/1
f 5/1/1 93/4/1 6/91/1
f 98/92/1 100/93/1 99/30/1
f 98/92/1 103/94/1 100/93/1
f 103/94/1 101/95/1 100/93/1
f 98/92/1 104/4/1 103/94/1
f 102/96/1 101/95/1 103/94/1
f 98/92/1 96/97/1 104/4/1
f 96/97/1 102/96/1 104/4/1
f 96/97/1 95/98/1 102/96/1
f 95/98/1 101/95/1 102/96/1
f 98/92/1 97/99/1 96/97/1
f 94/1/1 101/95/1 95/98/1
f 105/1/2 106/3/2 107/2/2
f 105/1/2 107/2/2 108/4/2
f 170/5/2 171/7/2 172/6/2
f 169/8/2 170/5/2 172/6/2
f 168/9/2 169/8/2 172/6/2
f 168/9/2 172/6/2 173/10/2
f 167/11/2 168/9/2 173/10/2
f 167/11/2 173/10/2 174/12/2
f 166/13/2 167/11/2 174/12/2
f 165/14/2 166/13/2 174/12/2
f 165/14/2 174/12/2 175/15/2
f 164/16/2 165/14/2 175/15/2
f 163/17/2 164/16/2 175/15/2
f 163/17/2 175/15/2 176/18/2
f 162/19/2 163/17/2 176/18/2
f 161/20/2 162/19/2 176/18/2
f 161/20/2 176/18/2 177/21/2
f 160/22/2 161/20/2 177/21/2
f 159/23/2 160/22/2 177/21/2
f 159/23/2 177/21/2 178/24/2
f 158/25/2 159/23/2 157/26/2
f 157/26/2 159/23/2 156/27/2
f 156/27/2 159/23/2 155/28/2
f 155/28/2 159/23/2 154/29/2
f 154/29/2 159/23/2 153/30/2
f 153/30/2 159/23/2 152/31/2
f 152/31/2 159/23/2 151/32/2
f 151/32/2 159/23/2 150/33/2
f 150/33/2 159/23/2 149/34/2
f 149/34/2 159/23/2 148/35/2
f 148/35/2 159/23/2 147/36/2
f 147/36/2 159/23/2 178/24/2
f 147/36/2 178/24/2 146/37/2
f 146/37/2 178/24/2 179/38/2
f 145/39/2 146/37/2 179/38/2
f 144/40/2 145/39/2 179/38/2
f 143/41/2 144/40/2 179/38/2
f 143/41/2 179/38/2 180/42/2
f 142/43/2 143/41/2 180/42/2
f 141/44/2 142/43/2 180/42/2
f 140/45/2 141/44/2 180/42/2
f 140/45/2 180/42/2 181/46/2
f 139/47/2 140/45/2 181/46/2
f 138/48/2 139/47/2 181/46/2
f 138/48/2 181/46/2 182/49/2
f 137/50/2 138/48/2 182/49/2
f 136/51/2 137/50/2 182/49/2
f 136/51/2 182/49/2 183/52/2
f 135/53/2 136/51/2 183/52/2
f 134/54/2 135/53/2 183/52/2
f 134/54/2 183/52/2 184/55/2
f 133/56/2 134/54/2 184/55/2
f 132/57/2 133/56/2 184/55/2
f 132/57/2 184/55/2 185/58/2
f 131/59/2 132/57/2 185/58/2
f 130/60/2 131/59/2 185/58/2
f 130/60/2 185/58/2 186/61/2
f 129/62/2 130/60/2 186/61/2
f 128/63/2 129/62/2 186/61/2
f 128/63/2 186/61/2 187/64/2
f 127/65/2 128/63/2 187/64/2
f 126/66/2 127/65/2 187/64/2
f 125/67/2 126/66/2 187/64/2
f 125/67/2 187/64/2 188/68/2
f 124/69/2 125/67/2 188/68/2
f 123/70/2 124/69/2 188/68/2
f 123/70/2 188/68/2 189/71/2
f 122/72/2 123/70/2 189/71/2
f 121/73/2 122/72/2 189/71/2
f 121/73/2 189/71/2 190/74/2
f 120/75/2 121/73/2 190/74/2
f 120/75/2 190/74/2 191/76/2
f 119/77/2 120/75/2 191/76/2
f 119/77/2 191/76/2 192/78/2
f 118/79/2 119/77/2 192/78/2
f 117/80/2 118/79/2 192/78/2
f 117/80/2 192/78/2 193/81/2
f 116/82/2 117/80/2 193/81/2
f 116/82/2 193/81/2 194/83/2
f 115/84/2 116/82/2 194/83/2
f 115/84/2 194/83/2 195/85/2
f 114/86/2 115/84/2 195/85/2
f 113/87/2 114/86/2 195/85/2
f 113/87/2 195/85/2 196/88/2
f 113/87/2 196/88/2 197/4/2
f 112/89/2 113/87/2 197/4/2
f 111/90/2 112/89/2 197/4/2
f 110/91/2 111/90/2 197/4/2
f 109/1/2 110/91/2 197/4/2
f 202/92/2 203/30/2 204/93/2
f 202/92/2 204/93/2 207/94/2
f 207/94/2 204/93/2 205/95/2
f 202/92/2 207/94/2 208/4/2
f 206/96/2 207/94/2 205/95/2
f 202/92/2 208/4/2 200/97/2
f 200/97/2 208/4/2 206/96/2
f 200/97/2 206/96/2 199/98/2
f 199/98/2 206/96/2 205/95/2
f 202/92/2 200/97/2 201/99/2
f 198/1/2 199/98/2 205/95/2
s 1
f 210/100/3 212/101/3 211/75/3 209/1/3
f 212/101/3 214/102/4 213/59/4 211/75/3
f 214/102/4 216/103/4 215/43/4 213/59/4
f 216/103/4 218/104/5 217/30/5 215/43/4
f 218/104/5 220/105/6 219/16/6 217/30/5
f 220/105/6 222/106/7 221/15/7 219/16/6
f 222/106/7 224/107/8 223/61/8 221/15/7
f 224/107/8 210/108/3 209/4/3 223/61/8
f 226/100/9 228/109/10 227/3/10 225/1/9
f 228/109/10 230/110/11 229/2/11 227/3/10
f 230/110/11 226/108/9 225/4/9 229/2/11
f 232/100/12 234/111/13 233/112/13 231/1/12
f 234/111/13 236/113/14 235/114/14 233/112/13
f 236/113/14 238/115/15 237/116/15 235/114/14
f 238/115/15 240/117/16 239/118/16 237/116/15
f 240/117/16 242/119/17 241/120/17 239/118/16
f 242/119/17 244/121/18 243/122/18 241/120/17
f 244/121/18 246/123/19 245/124/19 243/122/18
f 246/123/19 248/125/20 247/126/20 245/124/19
f 248/125/20 250/127/21 249/128/21 247/126/20
f 250/127/21 252/129/22 251/130/22 249/128/21
f 252/129/22 254/131/23 253/132/23 251/130/22
f 254/131/23 256/133/24 255/134/24 253/132/23
f 256/133/24 258/135/25 257/136/25 255/134/24
f 258/135/25 260/137/26 259/138/26 257/136/25
f 260/137/26 262/139/27 261/140/27 259/138/26
f 262/139/27 264/141/28 263/142/28 261/140/27
f 264/141/28 266/143/29 265/144/29 263/142/28
f 266/143/29 268/145/30 267/146/30 265/144/29
f 268/145/30 270/147/31 269/148/31 267/146/30
f 270/147/31 272/149/32 271/150/32 269/148/31
f 272/149/32 274/151/33 273/152/33 271/150/32
f 274/151/33 276/153/34 275/154/34 273/152/33
f 276/153/34 278/155/35 277/156/35 275/154/34
f 278/155/35 280/157/36 279/158/36 277/156/35
f 280/157/36 282/159/37 281/160/37 279/158/36
f 282/159/37 284/161/38 283/162/38 281/160/37
f 284/161/38 286/163/39 285/164/39 283/162/38
f 286/163/39 288/165/40 287/166/40 285/164/39
f 288/165/40 290/167/41 289/168/41 287/166/40
f 290/167/41 292/169/42 291/170/42 289/168/41
f 292/169/42 294/171/43 293/172/43 291/170/42
f 294/171/43 296/173/44 295/174/44 293/172/43
f 296/173/44 298/175/45 297/176/45 295/174/44
f 298/175/45 300/177/46 299/178/46 297/176/45
f 300/177/46 302/179/47 301/180/47 299/178/46
f 302/179/47 304/181/48 303/182/48 301/180/47
f 304/181/48 306/183/49 305/184/49 303/182/48
f 306/183/49 308/185/50 307/186/50 305/184/49
f 308/185/50 310/187/51 309/188/51 307/186/50
f 310/187/51 312/189/52 311/190/52 309/188/51
f 312/189/52 314/191/53 313/192/53 311/190/52
f 314/191/53 316/193/54 315/194/54 313/192/53
f 316/193/54 318/195/55 317/196/55 315/194/54
f 318/195/55 320/197/56 319/198/56 317/196/55
f 320/197/56 322/199/57 321/200/57 319/198/56
f 322/199/57 324/201/58 323/202/58 321/200/57
f 324/201/58 326/203/59 325/204/59 323/202/58
f 326/203/59 328/205/60 327/206/60 325/204/59
f 328/205/60 330/207/61 329/208/61 327/206/60
f 330/207/61 332/209/62 331/210/62 329/208/61
f 332/209/62 334/211/63 333/212/63 331/210/62
f 334/211/63 336/213/64 335/214/64 333/212/63
f 336/213/64 338/215/65 337/216/65 335/214/64
f 338/215/65 340/217/66 339/218/66 337/216/65
f 340/217/66 342/219/67 341/220/67 339/218/66
f 342/219/67 344/221/68 343/222/68 341/220/67
f 344/221/68 346/223/69 345/224/69 343/222/68
f 346/223/69 348/225/70 347/226/70 345/224/69
f 348/225/70 350/227/71 349/228/71 347/226/70
f 350/227/71 352/229/72 351/230/72 349/228/71
f 352/229/72 354/231/73 353/232/73 351/230/72
f 354/231/73 356/233/74 355/234/74 353/232/73
f 356/233/74 358/235/75 357/236/75 355/234/74
f 358/235/75 360/237/76 359/238/76 357/236/75
f 360/237/76 362/239/77 361/240/77 359/238/76
f 362/239/77 364/241/78 363/242/78 361/240/77
f 364/241/78 366/243/79 365/244/79 363/242/78
f 366/243/79 368/245/80 367/246/80 365/244/79
f 368/245/80 370/247/81 369/248/81 367/246/80
f 370/247/81 372/249/82 371/250/82 369/248/81
f 372/249/82 374/251/83 373/252/83 371/250/82
f 374/251/83 376/253/84 375/254/84 373/252/83
f 376/253/84 378/255/85 377/256/85 375/254/84
f 378/255/85 380/257/86 379/258/86 377/256/85
f 380/257/86 382/259/87 381/260/87 379/258/86
f 382/259/87 384/261/88 383/262/88 381/260/87
f 384/261/88 386/263/89 385/264/89 383/262/88
f 386/263/89 388/265/90 387/266/90 385/264/89
f 388/265/90 390/267/91 389/268/91 387/266/90
f 390/267/91 392/269/92 391/270/92 389/268/91
f 392/269/92 394/271/93 393/272/93 391/270/92
f 394/271/93 396/273/94 395/274/94 393/272/93
f 396/273/94 398/275/95 397/276/95 395/274/94
f 398/275/95 400/277/96 399/278/96 397/276/95
f 400/277/96 402/279/97 401/280/97 399/278/96
f 402/279/97 404/281/98 403/282/98 401/280/97
f 404/281/98 406/283/99 405/284/99 403/282/98
f 406/283/99 408/285/100 407/286/100 405/284/99
f 408/285/100 232/108/12 231/4/12 407/286/100
f 410/100/12 412/102/101 411/59/101 409/1/12
f 412/102/101 414/104/99 413/30/99 411/59/101
f 414/104/99 416/106/100 415/15/100 413/30/99
f 416/106/100 410/108/12 409/4/12 415/15/100
o Plane.002
v -35.222427 7.984433 -9.453251
v -31.134109 7.984433 -9.453251
v -35.222427 7.984433 -13.627598
v -31.134109 7.984433 -13.627598
v -35.222427 8.656158 -13.627598
v -35.222427 8.656158 -9.453251
v -31.134109 8.656158 -9.453251
v -31.134109 8.656158 -13.627598
v -35.222427 8.124454 -13.627598
v -35.222427 8.124454 -9.453251
v -31.134109 8.124454 -9.453251
v -31.134109 8.124454 -13.627598
vn -0.0000 -1.0000 -0.0000
vn -0.0000 -0.0000 1.0000
vn -1.0000 -0.0000 -0.0000
vn -0.0000 -0.0000 -1.0000
vn 1.0000 -0.0000 -0.0000
vn -0.0000 1.0000 -0.0000
vt 0.000000 0.000000
vt 0.000000 1.000000
vt 1.000000 1.000000
vt 1.000000 0.000000
s 0
usemtl Rooftop
f 417/287/102 419/288/102 420/289/102 418/290/102
f 424/289/103 421/288/103 425/288/103 428/289/103
f 419/288/104 417/287/104 422/287/104 421/288/104
f 420/289/105 419/288/105 421/288/105 424/289/105
f 417/287/103 418/290/103 423/290/103 422/287/103
f 418/290/106 420/289/106 424/289/106 423/290/106
f 426/287/107 427/290/107 428/289/107 425/288/107
f 422/287/105 423/290/105 427/290/105 426/287/105
f 423/290/104 424/289/104 428/289/104 427/290/104
f 421/288/106 422/287/106 426/287/106 425/288/106
o Plane.001
v -35.056252 1.312326 -9.553603
v -31.181984 1.312326 -9.553603
v -35.056252 1.312326 -13.527246
v -31.181984 1.312326 -13.527246
v -35.056252 1.953151 -13.527246
v -35.056252 1.953151 -9.553603
v -31.181984 1.953151 -9.553603
v -31.181984 1.953151 -13.527246
v -35.056252 2.148472 -13.527246
v -35.056252 2.148472 -9.553603
v -31.181984 2.148472 -9.553603
v -31.181984 2.148472 -13.527246
v -35.173744 2.058646 -13.644740
v -35.173744 2.058646 -9.436109
v -31.064489 2.058646 -9.436109
v -31.064489 2.058646 -13.644740
v -35.173744 2.148472 -13.644740
v -35.173744 2.148472 -9.436109
v -31.064489 2.148472 -9.436109
v -31.064489 2.148472 -13.644740
v -31.181984 1.396477 -13.527246
v -31.181984 1.501972 -9.553603
v -35.056252 1.396477 -9.553603
v -35.056252 1.501972 -13.527246
v -34.571968 1.312326 -9.553603
v -34.087685 1.312326 -9.553603
v -33.603401 1.312326 -9.553603
v -33.119118 1.312326 -9.553603
v -32.634834 1.312326 -9.553603
v -32.150551 1.312326 -9.553603
v -31.666267 1.312326 -9.553603
v -31.666267 1.312326 -13.527246
v -32.150551 1.312326 -13.527246
v -32.634834 1.312326 -13.527246
v -33.119118 1.312326 -13.527246
v -33.603401 1.312326 -13.527246
v -34.087685 1.312326 -13.527246
v -34.571968 1.312326 -13.527246
v -34.571968 1.953151 -9.553603
v -34.087685 1.953151 -9.553603
v -33.603401 1.953151 -9.553603
v -33.119118 1.953151 -9.553603
v -32.634834 1.953151 -9.553603
v -32.150551 1.953151 -9.553603
v -31.666267 1.953151 -9.553603
v -31.666267 1.953151 -13.527246
v -32.150551 1.953151 -13.527246
v -32.634834 1.953151 -13.527246
v -33.119118 1.953151 -13.527246
v -33.603401 1.953151 -13.527246
v -34.087685 1.953151 -13.527246
v -34.571968 1.953151 -13.527246
v -34.571968 2.148472 -9.553603
v -34.087685 2.148472 -9.553603
v -33.603401 2.148472 -9.553603
v -33.119118 2.148472 -9.553603
v -32.634834 2.148472 -9.553603
v -32.150551 2.148472 -9.553603
v -31.666267 2.148472 -9.553603
v -31.666267 2.148472 -13.527246
v -32.150551 2.148472 -13.527246
v -32.634834 2.148472 -13.527246
v -33.119118 2.148472 -13.527246
v -33.603401 2.148472 -13.527246
v -34.087685 2.148472 -13.527246
v -34.571968 2.148472 -13.527246
v -34.660088 2.058646 -9.436109
v -34.146431 2.058646 -9.436109
v -33.632774 2.058646 -9.436109
v -33.119118 2.058646 -9.436109
v -32.605461 2.058646 -9.436109
v -32.091805 2.058646 -9.436109
v -31.578148 2.058646 -9.436109
v -31.578148 2.058646 -13.644740
v -32.091805 2.058646 -13.644740
v -32.605461 2.058646 -13.644740
v -33.119118 2.058646 -13.644740
v -33.632774 2.058646 -13.644740
v -34.146431 2.058646 -13.644740
v -34.660088 2.058646 -13.644740
v -34.660088 2.148472 -9.436109
v -34.146431 2.148472 -9.436109
v -33.632774 2.148472 -9.436109
v -33.119118 2.148472 -9.436109
v -32.605461 2.148472 -9.436109
v -32.091805 2.148472 -9.436109
v -31.578148 2.148472 -9.436109
v -31.578148 2.148472 -13.644740
v -32.091805 2.148472 -13.644740
v -32.605461 2.148472 -13.644740
v -33.119118 2.148472 -13.644740
v -33.632774 2.148472 -13.644740
v -34.146431 2.148472 -13.644740
v -34.660088 2.148472 -13.644740
v -31.666267 1.501972 -9.553603
v -32.150551 1.501972 -9.553603
v -32.634834 1.501972 -9.553603
v -33.119118 1.501972 -9.553603
v -33.603401 1.501972 -9.553603
v -34.087685 1.501972 -9.553603
v -34.571968 1.501972 -9.553603
v -34.571968 1.501972 -13.527246
v -34.087685 1.501972 -13.527246
v -33.603401 1.501972 -13.527246
v -33.119118 1.501972 -13.527246
v -32.634834 1.501972 -13.527246
v -32.150551 1.501972 -13.527246
v -31.666267 1.501972 -13.527246
v -35.056252 1.312326 -13.129882
v -35.056252 1.312326 -12.732517
v -35.056252 1.312326 -12.335153
v -35.056252 1.312326 -11.937789
v -35.056252 1.312326 -11.540424
v -35.056252 1.312326 -11.143060
v -35.056252 1.312326 -10.745696
v -35.056252 1.312326 -10.348331
v -35.056252 1.312326 -9.950967
v -31.181984 1.312326 -9.950967
v -31.181984 1.312326 -10.348331
v -31.181984 1.312326 -10.745696
v -31.181984 1.312326 -11.143060
v -31.181984 1.312326 -11.540424
v -31.181984 1.312326 -11.937789
v -31.181984 1.312326 -12.335153
v -31.181984 1.312326 -12.732517
v -31.181984 1.312326 -13.129882
v -35.056252 1.953151 -13.129882
v -35.056252 1.953151 -12.732517
v -35.056252 1.953151 -12.335153
v -35.056252 1.953151 -11.937789
v -35.056252 1.953151 -11.540424
v -35.056252 1.953151 -11.143060
v -35.056252 1.953151 -10.745696
v -35.056252 1.953151 -10.348331
v -35.056252 1.953151 -9.950967
v -31.181984 1.953151 -9.950967
v -31.181984 1.953151 -10.348331
v -31.181984 1.953151 -10.745696
v -31.181984 1.953151 -11.143060
v -31.181984 1.953151 -11.540424
v -31.181984 1.953151 -11.937789
v -31.181984 1.953151 -12.335153
v -31.181984 1.953151 -12.732517
v -31.181984 1.953151 -13.129882
v -35.056252 2.148472 -13.129882
v -35.056252 2.148472 -12.732517
v -35.056252 2.148472 -12.335153
v -35.056252 2.148472 -11.937789
v -35.056252 2.148472 -11.540424
v -35.056252 2.148472 -11.143060
v -35.056252 2.148472 -10.745696
v -35.056252 2.148472 -10.348331
v -35.056252 2.148472 -9.950967
v -31.181984 2.148472 -9.950967
v -31.181984 2.148472 -10.348331
v -31.181984 2.148472 -10.745696
v -31.181984 2.148472 -11.143060
v -31.181984 2.148472 -11.540424
v -31.181984 2.148472 -11.937789
v -31.181984 2.148472 -12.335153
v -31.181984 2.148472 -12.732517
v -31.181984 2.148472 -13.129882
v -35.173744 2.058646 -13.223877
v -35.173744 2.058646 -12.803014
v -35.173744 2.058646 -12.382151
v -35.173744 2.058646 -11.961287
v -35.173744 2.058646 -11.540424
v -35.173744 2.058646 -11.119561
v -35.173744 2.058646 -10.698698
v -35.173744 2.058646 -10.277835
v -35.173744 2.058646 -9.856972
v -31.064489 2.058646 -9.856972
v -31.064489 2.058646 -10.277835
v -31.064489 2.058646 -10.698698
v -31.064489 2.058646 -11.119561
v -31.064489 2.058646 -11.540424
v -31.064489 2.058646 -11.961287
v -31.064489 2.058646 -12.382151
v -31.064489 2.058646 -12.803014
v -31.064489 2.058646 -13.223877
v -35.173744 2.148472 -13.223877
v -35.173744 2.148472 -12.803014
v -35.173744 2.148472 -12.382151
v -35.173744 2.148472 -11.961287
v -35.173744 2.148472 -11.540424
v -35.173744 2.148472 -11.119561
v -35.173744 2.148472 -10.698698
v -35.173744 2.148472 -10.277835
v -35.173744 2.148472 -9.856972
v -31.064489 2.148472 -9.856972
v -31.064489 2.148472 -10.277835
v -31.064489 2.148472 -10.698698
v -31.064489 2.148472 -11.119561
v -31.064489 2.148472 -11.540424
v -31.064489 2.148472 -11.961287
v -31.064489 2.148472 -12.382151
v -31.064489 2.148472 -12.803014
v -31.064489 2.148472 -13.223877
v -35.056252 1.501972 -9.950967
v -35.056252 1.501972 -10.348331
v -35.056252 1.501972 -10.745696
v -35.056252 1.501972 -11.143060
v -35.056252 1.501972 -11.540424
v -35.056252 1.501972 -11.937789
v -35.056252 1.501972 -12.335153
v -35.056252 1.501972 -12.732517
v -35.056252 1.501972 -13.129882
v -31.181984 1.501972 -13.129882
v -31.181984 1.501972 -12.732517
v -31.181984 1.501972 -12.335153
v -31.181984 1.501972 -11.937789
v -31.181984 1.501972 -11.540424
v -31.181984 1.501972 -11.143060
v -31.181984 1.501972 -10.745696
v -31.181984 1.501972 -10.348331
v -31.181984 1.501972 -9.950967
v -34.571968 2.148472 -9.950967
v -34.571968 2.148472 -10.348331
v -34.571968 2.148472 -10.745696
v -34.571968 2.148472 -11.143060
v -34.571968 2.148472 -11.540424
v -34.571968 2.148472 -11.937789
v -34.571968 2.148472 -12.335153
v -34.571968 2.148472 -12.732517
v -34.571968 2.148472 -13.129882
v -34.087685 2.148472 -9.950967
v -34.087685 2.148472 -10.348331
v -34.087685 2.148472 -10.745696
v -34.087685 2.148472 -11.143060
v -34.087685 2.148472 -11.540424
v -34.087685 2.148472 -11.937789
v -34.087685 2.148472 -12.335153
v -34.087685 2.148472 -12.732517
v -34.087685 2.148472 -13.129882
v -33.603401 2.148472 -9.950967
v -33.603401 2.148472 -10.348331
v -33.603401 2.148472 -10.745696
v -33.603401 2.148472 -11.143060
v -33.603401 2.148472 -11.540424
v -33.603401 2.148472 -11.937789
v -33.603401 2.148472 -12.335153
v -33.603401 2.148472 -12.732517
v -33.603401 2.148472 -13.129882
v -33.119118 2.148472 -9.950967
v -33.119118 2.148472 -10.348331
v -33.119118 2.148472 -10.745696
v -33.119118 2.148472 -11.143060
v -33.119118 2.148472 -11.540424
v -33.119118 2.148472 -11.937789
v -33.119118 2.148472 -12.335153
v -33.119118 2.148472 -12.732517
v -33.119118 2.148472 -13.129882
v -32.634834 2.148472 -9.950967
v -32.634834 2.148472 -10.348331
v -32.634834 2.148472 -10.745696
v -32.634834 2.148472 -11.143060
v -32.634834 2.148472 -11.540424
v -32.634834 2.148472 -11.937789
v -32.634834 2.148472 -12.335153
v -32.634834 2.148472 -12.732517
v -32.634834 2.148472 -13.129882
v -32.150551 2.148472 -9.950967
v -32.150551 2.148472 -10.348331
v -32.150551 2.148472 -10.745696
v -32.150551 2.148472 -11.143060
v -32.150551 2.148472 -11.540424
v -32.150551 2.148472 -11.937789
v -32.150551 2.148472 -12.335153
v -32.150551 2.148472 -12.732517
v -32.150551 2.148472 -13.129882
v -31.666267 2.148472 -9.950967
v -31.666267 2.148472 -10.348331
v -31.666267 2.148472 -10.745696
v -31.666267 2.148472 -11.143060
v -31.666267 2.148472 -11.540424
v -31.666267 2.148472 -11.937789
v -31.666267 2.148472 -12.335153
v -31.666267 2.148472 -12.732517
v -31.666267 2.148472 -13.129882
v -34.571968 1.312326 -13.129882
v -34.571968 1.312326 -12.732517
v -34.571968 1.312326 -12.335153
v -34.571968 1.312326 -11.937789
v -34.571968 1.312326 -11.540424
v -34.571968 1.312326 -11.143060
v -34.571968 1.312326 -10.745696
v -34.571968 1.312326 -10.348331
v -34.571968 1.312326 -9.950967
v -34.087685 1.312326 -13.129882
v -34.087685 1.312326 -12.732517
v -34.087685 1.312326 -12.335153
v -34.087685 1.312326 -11.937789
v -34.087685 1.312326 -11.540424
v -34.087685 1.312326 -11.143060
v -34.087685 1.312326 -10.745696
v -34.087685 1.312326 -10.348331
v -34.087685 1.312326 -9.950967
v -33.603401 1.312326 -13.129882
v -33.603401 1.312326 -12.732517
v -33.603401 1.312326 -12.335153
v -33.603401 1.312326 -11.937789
v -33.603401 1.312326 -11.540424
v -33.603401 1.312326 -11.143060
v -33.603401 1.312326 -10.745696
v -33.603401 1.312326 -10.348331
v -33.603401 1.312326 -9.950967
v -33.119118 1.312326 -13.129882
v -33.119118 1.312326 -12.732517
v -33.119118 1.312326 -12.335153
v -33.119118 1.312326 -11.937789
v -33.119118 1.312326 -11.540424
v -33.119118 1.312326 -11.143060
v -33.119118 1.312326 -10.745696
v -33.119118 1.312326 -10.348331
v -33.119118 1.312326 -9.950967
v -32.634834 1.312326 -13.129882
v -32.634834 1.312326 -12.732517
v -32.634834 1.312326 -12.335153
v -32.634834 1.312326 -11.937789
v -32.634834 1.312326 -11.540424
v -32.634834 1.312326 -11.143060
v -32.634834 1.312326 -10.745696
v -32.634834 1.312326 -10.348331
v -32.634834 1.312326 -9.950967
v -32.150551 1.312326 -13.129882
v -32.150551 1.312326 -12.732517
v -32.150551 1.312326 -12.335153
v -32.150551 1.312326 -11.937789
v -32.150551 1.312326 -11.540424
v -32.150551 1.312326 -11.143060
v -32.150551 1.312326 -10.745696
v -32.150551 1.312326 -10.348331
v -32.150551 1.312326 -9.950967
v -31.666267 1.312326 -13.129882
v -31.666267 1.312326 -12.732517
v -31.666267 1.312326 -12.335153
v -31.666267 1.312326 -11.937789
v -31.666267 1.312326 -11.540424
v -31.666267 1.312326 -11.143060
v -31.666267 1.312326 -10.745696
v -31.666267 1.312326 -10.348331
v -31.666267 1.312326 -9.950967
v -35.056252 2.058646 -9.950967
v -35.056252 2.058646 -9.553603
v -31.666267 2.058646 -9.553603
v -31.181984 2.058646 -9.553603
v -31.181984 2.058646 -13.129882
v -31.181984 2.058646 -13.527246
v -34.571968 2.058646 -13.527246
v -35.056252 2.058646 -13.527246
v -34.571968 1.396477 -9.553603
v -35.056252 1.501972 -9.553603
v -31.666267 1.396477 -13.527246
v -31.181984 1.501972 -13.527246
v -35.056252 1.396477 -13.129882
v -35.056252 1.396477 -13.527246
v -31.181984 1.396477 -9.950967
v -31.181984 1.396477 -9.553603
v -34.571968 2.058646 -9.553603
v -34.087685 2.058646 -9.553603
v -33.603401 2.058646 -9.553603
v -33.119118 2.058646 -9.553603
v -32.634834 2.058646 -9.553603
v -32.150551 2.058646 -9.553603
v -31.666267 2.058646 -13.527246
v -32.150551 2.058646 -13.527246
v -32.634834 2.058646 -13.527246
v -33.119118 2.058646 -13.527246
v -33.603401 2.058646 -13.527246
v -34.087685 2.058646 -13.527246
v -31.666267 1.396477 -9.553603
v -32.150551 1.396477 -9.553603
v -32.634834 1.396477 -9.553603
v -33.119118 1.396477 -9.553603
v -33.603401 1.396477 -9.553603
v -34.087685 1.396477 -9.553603
v -34.571968 1.396477 -13.527246
v -34.087685 1.396477 -13.527246
v -33.603401 1.396477 -13.527246
v -33.119118 1.396477 -13.527246
v -32.634834 1.396477 -13.527246
v -32.150551 1.396477 -13.527246
v -35.056252 2.058646 -13.129882
v -35.056252 2.058646 -12.732517
v -35.056252 2.058646 -12.335153
v -35.056252 2.058646 -11.937789
v -35.056252 2.058646 -11.540424
v -35.056252 2.058646 -11.143060
v -35.056252 2.058646 -10.745696
v -35.056252 2.058646 -10.348331
v -31.181984 2.058646 -9.950967
v -31.181984 2.058646 -10.348331
v -31.181984 2.058646 -10.745696
v -31.181984 2.058646 -11.143060
v -31.181984 2.058646 -11.540424
v -31.181984 2.058646 -11.937789
v -31.181984 2.058646 -12.335153
v -31.181984 2.058646 -12.732517
v -35.056252 1.396477 -9.950967
v -35.056252 1.396477 -10.348331
v -35.056252 1.396477 -10.745696
v -35.056252 1.396477 -11.143060
v -35.056252 1.396477 -11.540424
v -35.056252 1.396477 -11.937789
v -35.056252 1.396477 -12.335153
v -35.056252 1.396477 -12.732517
v -31.181984 1.396477 -13.129882
v -31.181984 1.396477 -12.732517
v -31.181984 1.396477 -12.335153
v -31.181984 1.396477 -11.937789
v -31.181984 1.396477 -11.540424
v -31.181984 1.396477 -11.143060
v -31.181984 1.396477 -10.745696
v -31.181984 1.396477 -10.348331
v -31.181984 1.604284 -13.232193
v -31.181984 1.604284 -13.424934
v -31.181984 1.850839 -13.424934
v -31.181984 1.850839 -13.232193
v -35.056252 1.604284 -9.848656
v -35.056252 1.604284 -9.655914
v -35.056252 1.850839 -9.655914
v -35.056252 1.850839 -9.848656
v -34.674278 1.604284 -13.527246
v -34.953938 1.604284 -13.527246
v -34.953938 1.850839 -13.527246
v -34.674278 1.850839 -13.527246
v -31.563955 1.604284 -9.553603
v -31.284296 1.604284 -9.553603
v -31.284296 1.850839 -9.553603
v -31.563955 1.850839 -9.553603
v -34.953938 1.604284 -9.553603
v -34.674278 1.604284 -9.553603
v -34.674278 1.850839 -9.553603
v -34.953938 1.850839 -9.553603
v -34.469654 1.604284 -9.553603
v -34.189995 1.604284 -9.553603
v -34.189995 1.850839 -9.553603
v -34.469654 1.850839 -9.553603
v -33.985374 1.604284 -9.553603
v -33.705711 1.604284 -9.553603
v -33.705711 1.850839 -9.553603
v -33.985371 1.850839 -9.553603
v -33.501091 1.604284 -9.553603
v -33.221428 1.604284 -9.553603
v -33.221428 1.850839 -9.553603
v -33.501091 1.850839 -9.553603
v -33.016808 1.604284 -9.553603
v -32.737144 1.604284 -9.553603
v -32.737144 1.850839 -9.553603
v -33.016808 1.850839 -9.553603
v -32.532524 1.604284 -9.553603
v -32.252865 1.604284 -9.553603
v -32.252861 1.850839 -9.553603
v -32.532524 1.850839 -9.553603
v -32.048241 1.604284 -9.553603
v -31.768579 1.604284 -9.553603
v -31.768579 1.850839 -9.553603
v -32.048241 1.850839 -9.553603
v -31.284296 1.604284 -13.527246
v -31.563955 1.604284 -13.527246
v -31.563955 1.850839 -13.527246
v -31.284296 1.850839 -13.527246
v -31.768579 1.604284 -13.527246
v -32.048241 1.604284 -13.527246
v -32.048241 1.850839 -13.527246
v -31.768579 1.850839 -13.527246
v -32.252861 1.604284 -13.527246
v -32.532524 1.604284 -13.527246
v -32.532524 1.850839 -13.527246
v -32.252865 1.850839 -13.527246
v -32.737144 1.604284 -13.527246
v -33.016808 1.604284 -13.527246
v -33.016808 1.850839 -13.527246
v -32.737144 1.850839 -13.527246
v -33.221428 1.604284 -13.527246
v -33.501091 1.604284 -13.527246
v -33.501091 1.850839 -13.527246
v -33.221428 1.850839 -13.527246
v -33.705711 1.604284 -13.527246
v -33.985371 1.604284 -13.527246
v -33.985374 1.850839 -13.527246
v -33.705711 1.850839 -13.527246
v -34.189995 1.604284 -13.527246
v -34.469654 1.604284 -13.527246
v -34.469654 1.850839 -13.527246
v -34.189995 1.850839 -13.527246
v -35.056252 1.604284 -13.424934
v -35.056252 1.604284 -13.232193
v -35.056252 1.850839 -13.232193
v -35.056252 1.850839 -13.424934
v -35.056252 1.604284 -13.027570
v -35.056252 1.604284 -12.834829
v -35.056252 1.850839 -12.834829
v -35.056252 1.850839 -13.027570
v -35.056252 1.604284 -12.630205
v -35.056252 1.604284 -12.437465
v -35.056252 1.850839 -12.437465
v -35.056252 1.850839 -12.630205
v -35.056252 1.604284 -12.232841
v -35.056252 1.604284 -12.040100
v -35.056252 1.850839 -12.040100
v -35.056252 1.850839 -12.232841
v -35.056252 1.604284 -11.835477
v -35.056252 1.604284 -11.642736
v -35.056252 1.850839 -11.642736
v -35.056252 1.850839 -11.835477
v -35.056252 1.604284 -11.438112
v -35.056252 1.604284 -11.245372
v -35.056252 1.850839 -11.245372
v -35.056252 1.850839 -11.438112
v -35.056252 1.604284 -11.040749
v -35.056252 1.604284 -10.848007
v -35.056252 1.850839 -10.848007
v -35.056252 1.850839 -11.040749
v -35.056252 1.604284 -10.643384
v -35.056252 1.604284 -10.450644
v -35.056252 1.850839 -10.450644
v -35.056252 1.850839 -10.643384
v -35.056252 1.604284 -10.246019
v -35.056252 1.604284 -10.053279
v -35.056252 1.850839 -10.053279
v -35.056252 1.850839 -10.246019
v -31.181984 1.604284 -9.655914
v -31.181984 1.604284 -9.848656
v -31.181984 1.850839 -9.848656
v -31.181984 1.850839 -9.655914
v -31.181984 1.604284 -10.053279
v -31.181984 1.604284 -10.246019
v -31.181984 1.850839 -10.246019
v -31.181984 1.850839 -10.053279
v -31.181984 1.604284 -10.450644
v -31.181984 1.604284 -10.643384
v -31.181984 1.850839 -10.643384
v -31.181984 1.850839 -10.450644
v -31.181984 1.604284 -10.848007
v -31.181984 1.604284 -11.040749
v -31.181984 1.850839 -11.040749
v -31.181984 1.850839 -10.848007
v -31.181984 1.604284 -11.245372
v -31.181984 1.604284 -11.438112
v -31.181984 1.850839 -11.438112
v -31.181984 1.850839 -11.245372
v -31.181984 1.604284 -11.642736
v -31.181984 1.604284 -11.835477
v -31.181984 1.850839 -11.835477
v -31.181984 1.850839 -11.642736
v -31.181984 1.604284 -12.040100
v -31.181984 1.604284 -12.232841
v -31.181984 1.850839 -12.232841
v -31.181984 1.850839 -12.040100
v -31.181984 1.604284 -12.437465
v -31.181984 1.604284 -12.630205
v -31.181984 1.850839 -12.630205
v -31.181984 1.850839 -12.437465
v -31.181984 1.604284 -12.834829
v -31.181984 1.604284 -13.027570
v -31.181984 1.850839 -13.027570
v -31.181984 1.850839 -12.834829
v -31.208317 1.604284 -13.424934
v -31.208317 1.604284 -13.232193
v -31.208317 1.850839 -13.232193
v -31.208317 1.850839 -13.424934
v -35.029919 1.604284 -9.655914
v -35.029919 1.604284 -9.848656
v -35.029919 1.850839 -9.848656
v -35.029919 1.850839 -9.655914
v -34.953938 1.604284 -13.500913
v -34.674278 1.604284 -13.500913
v -34.674278 1.850839 -13.500913
v -34.953938 1.850839 -13.500913
v -31.284296 1.604284 -9.579936
v -31.563955 1.604284 -9.579936
v -31.563955 1.850839 -9.579936
v -31.284296 1.850839 -9.579936
v -34.674278 1.604284 -9.579936
v -34.953938 1.604284 -9.579936
v -34.953938 1.850839 -9.579936
v -34.674278 1.850839 -9.579936
v -34.189995 1.604284 -9.579936
v -34.469654 1.604284 -9.579936
v -34.469654 1.850839 -9.579936
v -34.189995 1.850839 -9.579936
v -33.705711 1.604284 -9.579936
v -33.985374 1.604284 -9.579936
v -33.985371 1.850839 -9.579936
v -33.705711 1.850839 -9.579936
v -33.221428 1.604284 -9.579936
v -33.501091 1.604284 -9.579936
v -33.501091 1.850839 -9.579936
v -33.221428 1.850839 -9.579936
v -32.737144 1.604284 -9.579936
v -33.016808 1.604284 -9.579936
v -33.016808 1.850839 -9.579936
v -32.737144 1.850839 -9.579936
v -32.252865 1.604284 -9.579936
v -32.532524 1.604284 -9.579936
v -32.532524 1.850839 -9.579936
v -32.252861 1.850839 -9.579936
v -31.768579 1.604284 -9.579936
v -32.048241 1.604284 -9.579936
v -32.048241 1.850839 -9.579936
v -31.768579 1.850839 -9.579936
v -31.563955 1.604284 -13.500913
v -31.284296 1.604284 -13.500913
v -31.284296 1.850839 -13.500913
v -31.563955 1.850839 -13.500913
v -32.048241 1.604284 -13.500913
v -31.768579 1.604284 -13.500913
v -31.768579 1.850839 -13.500913
v -32.048241 1.850839 -13.500913
v -32.532524 1.604284 -13.500913
v -32.252861 1.604284 -13.500913
v -32.252865 1.850839 -13.500913
v -32.532524 1.850839 -13.500913
v -33.016808 1.604284 -13.500913
v -32.737144 1.604284 -13.500913
v -32.737144 1.850839 -13.500913
v -33.016808 1.850839 -13.500913
v -33.501091 1.604284 -13.500913
v -33.221428 1.604284 -13.500913
v -33.221428 1.850839 -13.500913
v -33.501091 1.850839 -13.500913
v -33.985371 1.604284 -13.500913
v -33.705711 1.604284 -13.500913
v -33.705711 1.850839 -13.500913
v -33.985374 1.850839 -13.500913
v -34.469654 1.604284 -13.500913
v -34.189995 1.604284 -13.500913
v -34.189995 1.850839 -13.500913
v -34.469654 1.850839 -13.500913
v -35.029919 1.604284 -13.232193
v -35.029919 1.604284 -13.424934
v -35.029919 1.850839 -13.424934
v -35.029919 1.850839 -13.232193
v -35.029919 1.604284 -12.834829
v -35.029919 1.604284 -13.027570
v -35.029919 1.850839 -13.027570
v -35.029919 1.850839 -12.834829
v -35.029919 1.604284 -12.437465
v -35.029919 1.604284 -12.630205
v -35.029919 1.850839 -12.630205
v -35.029919 1.850839 -12.437465
v -35.029919 1.604284 -12.040100
v -35.029919 1.604284 -12.232841
v -35.029919 1.850839 -12.232841
v -35.029919 1.850839 -12.040100
v -35.029919 1.604284 -11.642736
v -35.029919 1.604284 -11.835477
v -35.029919 1.850839 -11.835477
v -35.029919 1.850839 -11.642736
v -35.029919 1.604284 -11.245372
v -35.029919 1.604284 -11.438112
v -35.029919 1.850839 -11.438112
v -35.029919 1.850839 -11.245372
v -35.029919 1.604284 -10.848007
v -35.029919 1.604284 -11.040749
v -35.029919 1.850839 -11.040749
v -35.029919 1.850839 -10.848007
v -35.029919 1.604284 -10.450644
v -35.029919 1.604284 -10.643384
v -35.029919 1.850839 -10.643384
v -35.029919 1.850839 -10.450644
v -35.029919 1.604284 -10.053279
v -35.029919 1.604284 -10.246019
v -35.029919 1.850839 -10.246019
v -35.029919 1.850839 -10.053279
v -31.208317 1.604284 -9.848656
v -31.208317 1.604284 -9.655914
v -31.208317 1.850839 -9.655914
v -31.208317 1.850839 -9.848656
v -31.208317 1.604284 -10.246019
v -31.208317 1.604284 -10.053279
v -31.208317 1.850839 -10.053279
v -31.208317 1.850839 -10.246019
v -31.208317 1.604284 -10.643384
v -31.208317 1.604284 -10.450644
v -31.208317 1.850839 -10.450644
v -31.208317 1.850839 -10.643384
v -31.208317 1.604284 -11.040749
v -31.208317 1.604284 -10.848007
v -31.208317 1.850839 -10.848007
v -31.208317 1.850839 -11.040749
v -31.208317 1.604284 -11.438112
v -31.208317 1.604284 -11.245372
v -31.208317 1.850839 -11.245372
v -31.208317 1.850839 -11.438112
v -31.208317 1.604284 -11.835477
v -31.208317 1.604284 -11.642736
v -31.208317 1.850839 -11.642736
v -31.208317 1.850839 -11.835477
v -31.208317 1.604284 -12.232841
v -31.208317 1.604284 -12.040100
v -31.208317 1.850839 -12.040100
v -31.208317 1.850839 -12.232841
v -31.208317 1.604284 -12.630205
v -31.208317 1.604284 -12.437465
v -31.208317 1.850839 -12.437465
v -31.208317 1.850839 -12.630205
v -31.208317 1.604284 -13.027570
v -31.208317 1.604284 -12.834829
v -31.208317 1.850839 -12.834829
v -31.208317 1.850839 -13.027570
v -35.056252 2.148472 -9.553603
v -31.181984 2.148472 -9.553603
v -35.056252 2.148472 -13.527246
v -31.181984 2.148472 -13.527246
v -35.056252 2.789297 -13.527246
v -35.056252 2.789297 -9.553603
v -31.181984 2.789297 -9.553603
v -31.181984 2.789297 -13.527246
v -35.056252 2.984618 -13.527246
v -35.056252 2.984618 -9.553603
v -31.181984 2.984618 -9.553603
v -31.181984 2.984618 -13.527246
v -35.173744 2.894792 -13.644740
v -35.173744 2.894792 -9.436109
v -31.064489 2.894792 -9.436109
v -31.064489 2.894792 -13.644740
v -35.173744 2.984618 -13.644740
v -35.173744 2.984618 -9.436109
v -31.064489 2.984618 -9.436109
v -31.064489 2.984618 -13.644740
v -31.181984 2.232623 -13.527246
v -31.181984 2.338119 -9.553603
v -35.056252 2.232623 -9.553603
v -35.056252 2.338119 -13.527246
v -34.571968 2.148472 -9.553603
v -34.087685 2.148472 -9.553603
v -33.603401 2.148472 -9.553603
v -33.119118 2.148472 -9.553603
v -32.634834 2.148472 -9.553603
v -32.150551 2.148472 -9.553603
v -31.666267 2.148472 -9.553603
v -31.666267 2.148472 -13.527246
v -32.150551 2.148472 -13.527246
v -32.634834 2.148472 -13.527246
v -33.119118 2.148472 -13.527246
v -33.603401 2.148472 -13.527246
v -34.087685 2.148472 -13.527246
v -34.571968 2.148472 -13.527246
v -34.571968 2.789297 -9.553603
v -34.087685 2.789297 -9.553603
v -33.603401 2.789297 -9.553603
v -33.119118 2.789297 -9.553603
v -32.634834 2.789297 -9.553603
v -32.150551 2.789297 -9.553603
v -31.666267 2.789297 -9.553603
v -31.666267 2.789297 -13.527246
v -32.150551 2.789297 -13.527246
v -32.634834 2.789297 -13.527246
v -33.119118 2.789297 -13.527246
v -33.603401 2.789297 -13.527246
v -34.087685 2.789297 -13.527246
v -34.571968 2.789297 -13.527246
v -34.571968 2.984618 -9.553603
v -34.087685 2.984618 -9.553603
v -33.603401 2.984618 -9.553603
v -33.119118 2.984618 -9.553603
v -32.634834 2.984618 -9.553603
v -32.150551 2.984618 -9.553603
v -31.666267 2.984618 -9.553603
v -31.666267 2.984618 -13.527246
v -32.150551 2.984618 -13.527246
v -32.634834 2.984618 -13.527246
v -33.119118 2.984618 -13.527246
v -33.603401 2.984618 -13.527246
v -34.087685 2.984618 -13.527246
v -34.571968 2.984618 -13.527246
v -34.660088 2.894792 -9.436109
v -34.146431 2.894792 -9.436109
v -33.632774 2.894792 -9.436109
v -33.119118 2.894792 -9.436109
v -32.605461 2.894792 -9.436109
v -32.091805 2.894792 -9.436109
v -31.578148 2.894792 -9.436109
v -31.578148 2.894792 -13.644740
v -32.091805 2.894792 -13.644740
v -32.605461 2.894792 -13.644740
v -33.119118 2.894792 -13.644740
v -33.632774 2.894792 -13.644740
v -34.146431 2.894792 -13.644740
v -34.660088 2.894792 -13.644740
v -34.660088 2.984618 -9.436109
v -34.146431 2.984618 -9.436109
v -33.632774 2.984618 -9.436109
v -33.119118 2.984618 -9.436109
v -32.605461 2.984618 -9.436109
v -32.091805 2.984618 -9.436109
v -31.578148 2.984618 -9.436109
v -31.578148 2.984618 -13.644740
v -32.091805 2.984618 -13.644740
v -32.605461 2.984618 -13.644740
v -33.119118 2.984618 -13.644740
v -33.632774 2.984618 -13.644740
v -34.146431 2.984618 -13.644740
v -34.660088 2.984618 -13.644740
v -31.666267 2.338119 -9.553603
v -32.150551 2.338119 -9.553603
v -32.634834 2.338119 -9.553603
v -33.119118 2.338119 -9.553603
v -33.603401 2.338119 -9.553603
v -34.087685 2.338119 -9.553603
v -34.571968 2.338119 -9.553603
v -34.571968 2.338119 -13.527246
v -34.087685 2.338119 -13.527246
v -33.603401 2.338119 -13.527246
v -33.119118 2.338119 -13.527246
v -32.634834 2.338119 -13.527246
v -32.150551 2.338119 -13.527246
v -31.666267 2.338119 -13.527246
v -35.056252 2.148472 -13.129882
v -35.056252 2.148472 -12.732517
v -35.056252 2.148472 -12.335153
v -35.056252 2.148472 -11.937789
v -35.056252 2.148472 -11.540424
v -35.056252 2.148472 -11.143060
v -35.056252 2.148472 -10.745696
v -35.056252 2.148472 -10.348331
v -35.056252 2.148472 -9.950967
v -31.181984 2.148472 -9.950967
v -31.181984 2.148472 -10.348331
v -31.181984 2.148472 -10.745696
v -31.181984 2.148472 -11.143060
v -31.181984 2.148472 -11.540424
v -31.181984 2.148472 -11.937789
v -31.181984 2.148472 -12.335153
v -31.181984 2.148472 -12.732517
v -31.181984 2.148472 -13.129882
v -35.056252 2.789297 -13.129882
v -35.056252 2.789297 -12.732517
v -35.056252 2.789297 -12.335153
v -35.056252 2.789297 -11.937789
v -35.056252 2.789297 -11.540424
v -35.056252 2.789297 -11.143060
v -35.056252 2.789297 -10.745696
v -35.056252 2.789297 -10.348331
v -35.056252 2.789297 -9.950967
v -31.181984 2.789297 -9.950967
v -31.181984 2.789297 -10.348331
v -31.181984 2.789297 -10.745696
v -31.181984 2.789297 -11.143060
v -31.181984 2.789297 -11.540424
v -31.181984 2.789297 -11.937789
v -31.181984 2.789297 -12.335153
v -31.181984 2.789297 -12.732517
v -31.181984 2.789297 -13.129882
v -35.056252 2.984618 -13.129882
v -35.056252 2.984618 -12.732517
v -35.056252 2.984618 -12.335153
v -35.056252 2.984618 -11.937789
v -35.056252 2.984618 -11.540424
v -35.056252 2.984618 -11.143060
v -35.056252 2.984618 -10.745696
v -35.056252 2.984618 -10.348331
v -35.056252 2.984618 -9.950967
v -31.181984 2.984618 -9.950967
v -31.181984 2.984618 -10.348331
v -31.181984 2.984618 -10.745696
v -31.181984 2.984618 -11.143060
v -31.181984 2.984618 -11.540424
v -31.181984 2.984618 -11.937789
v -31.181984 2.984618 -12.335153
v -31.181984 2.984618 -12.732517
v -31.181984 2.984618 -13.129882
v -35.173744 2.894792 -13.223877
v -35.173744 2.894792 -12.803014
v -35.173744 2.894792 -12.382151
v -35.173744 2.894792 -11.961287
v -35.173744 2.894792 -11.540424
v -35.173744 2.894792 -11.119561
v -35.173744 2.894792 -10.698698
v -35.173744 2.894792 -10.277835
v -35.173744 2.894792 -9.856972
v -31.064489 2.894792 -9.856972
v -31.064489 2.894792 -10.277835
v -31.064489 2.894792 -10.698698
v -31.064489 2.894792 -11.119561
v -31.064489 2.894792 -11.540424
v -31.064489 2.894792 -11.961287
v -31.064489 2.894792 -12.382151
v -31.064489 2.894792 -12.803014
v -31.064489 2.894792 -13.223877
v -35.173744 2.984618 -13.223877
v -35.173744 2.984618 -12.803014
v -35.173744 2.984618 -12.382151
v -35.173744 2.984618 -11.961287
v -35.173744 2.984618 -11.540424
v -35.173744 2.984618 -11.119561
v -35.173744 2.984618 -10.698698
v -35.173744 2.984618 -10.277835
v -35.173744 2.984618 -9.856972
v -31.064489 2.984618 -9.856972
v -31.064489 2.984618 -10.277835
v -31.064489 2.984618 -10.698698
v -31.064489 2.984618 -11.119561
v -31.064489 2.984618 -11.540424
v -31.064489 2.984618 -11.961287
v -31.064489 2.984618 -12.382151
v -31.064489 2.984618 -12.803014
v -31.064489 2.984618 -13.223877
v -35.056252 2.338119 -9.950967
v -35.056252 2.338119 -10.348331
v -35.056252 2.338119 -10.745696
v -35.056252 2.338119 -11.143060
v -35.056252 2.338119 -11.540424
v -35.056252 2.338119 -11.937789
v -35.056252 2.338119 -12.335153
v -35.056252 2.338119 -12.732517
v -35.056252 2.338119 -13.129882
v -31.181984 2.338119 -13.129882
v -31.181984 2.338119 -12.732517
v -31.181984 2.338119 -12.335153
v -31.181984 2.338119 -11.937789
v -31.181984 2.338119 -11.540424
v -31.181984 2.338119 -11.143060
v -31.181984 2.338119 -10.745696
v -31.181984 2.338119 -10.348331
v -31.181984 2.338119 -9.950967
v -34.571968 2.984618 -9.950967
v -34.571968 2.984618 -10.348331
v -34.571968 2.984618 -10.745696
v -34.571968 2.984618 -11.143060
v -34.571968 2.984618 -11.540424
v -34.571968 2.984618 -11.937789
v -34.571968 2.984618 -12.335153
v -34.571968 2.984618 -12.732517
v -34.571968 2.984618 -13.129882
v -34.087685 2.984618 -9.950967
v -34.087685 2.984618 -10.348331
v -34.087685 2.984618 -10.745696
v -34.087685 2.984618 -11.143060
v -34.087685 2.984618 -11.540424
v -34.087685 2.984618 -11.937789
v -34.087685 2.984618 -12.335153
v -34.087685 2.984618 -12.732517
v -34.087685 2.984618 -13.129882
v -33.603401 2.984618 -9.950967
v -33.603401 2.984618 -10.348331
v -33.603401 2.984618 -10.745696
v -33.603401 2.984618 -11.143060
v -33.603401 2.984618 -11.540424
v -33.603401 2.984618 -11.937789
v -33.603401 2.984618 -12.335153
v -33.603401 2.984618 -12.732517
v -33.603401 2.984618 -13.129882
v -33.119118 2.984618 -9.950967
v -33.119118 2.984618 -10.348331
v -33.119118 2.984618 -10.745696
v -33.119118 2.984618 -11.143060
v -33.119118 2.984618 -11.540424
v -33.119118 2.984618 -11.937789
v -33.119118 2.984618 -12.335153
v -33.119118 2.984618 -12.732517
v -33.119118 2.984618 -13.129882
v -32.634834 2.984618 -9.950967
v -32.634834 2.984618 -10.348331
v -32.634834 2.984618 -10.745696
v -32.634834 2.984618 -11.143060
v -32.634834 2.984618 -11.540424
v -32.634834 2.984618 -11.937789
v -32.634834 2.984618 -12.335153
v -32.634834 2.984618 -12.732517
v -32.634834 2.984618 -13.129882
v -32.150551 2.984618 -9.950967
v -32.150551 2.984618 -10.348331
v -32.150551 2.984618 -10.745696
v -32.150551 2.984618 -11.143060
v -32.150551 2.984618 -11.540424
v -32.150551 2.984618 -11.937789
v -32.150551 2.984618 -12.335153
v -32.150551 2.984618 -12.732517
v -32.150551 2.984618 -13.129882
v -31.666267 2.984618 -9.950967
v -31.666267 2.984618 -10.348331
v -31.666267 2.984618 -10.745696
v -31.666267 2.984618 -11.143060
v -31.666267 2.984618 -11.540424
v -31.666267 2.984618 -11.937789
v -31.666267 2.984618 -12.335153
v -31.666267 2.984618 -12.732517
v -31.666267 2.984618 -13.129882
v -34.571968 2.148472 -13.129882
v -34.571968 2.148472 -12.732517
v -34.571968 2.148472 -12.335153
v -34.571968 2.148472 -11.937789
v -34.571968 2.148472 -11.540424
v -34.571968 2.148472 -11.143060
v -34.571968 2.148472 -10.745696
v -34.571968 2.148472 -10.348331
v -34.571968 2.148472 -9.950967
v -34.087685 2.148472 -13.129882
v -34.087685 2.148472 -12.732517
v -34.087685 2.148472 -12.335153
v -34.087685 2.148472 -11.937789
v -34.087685 2.148472 -11.540424
v -34.087685 2.148472 -11.143060
v -34.087685 2.148472 -10.745696
v -34.087685 2.148472 -10.348331
v -34.087685 2.148472 -9.950967
v -33.603401 2.148472 -13.129882
v -33.603401 2.148472 -12.732517
v -33.603401 2.148472 -12.335153
v -33.603401 2.148472 -11.937789
v -33.603401 2.148472 -11.540424
v -33.603401 2.148472 -11.143060
v -33.603401 2.148472 -10.745696
v -33.603401 2.148472 -10.348331
v -33.603401 2.148472 -9.950967
v -33.119118 2.148472 -13.129882
v -33.119118 2.148472 -12.732517
v -33.119118 2.148472 -12.335153
v -33.119118 2.148472 -11.937789
v -33.119118 2.148472 -11.540424
v -33.119118 2.148472 -11.143060
v -33.119118 2.148472 -10.745696
v -33.119118 2.148472 -10.348331
v -33.119118 2.148472 -9.950967
v -32.634834 2.148472 -13.129882
v -32.634834 2.148472 -12.732517
v -32.634834 2.148472 -12.335153
v -32.634834 2.148472 -11.937789
v -32.634834 2.148472 -11.540424
v -32.634834 2.148472 -11.143060
v -32.634834 2.148472 -10.745696
v -32.634834 2.148472 -10.348331
v -32.634834 2.148472 -9.950967
v -32.150551 2.148472 -13.129882
v -32.150551 2.148472 -12.732517
v -32.150551 2.148472 -12.335153
v -32.150551 2.148472 -11.937789
v -32.150551 2.148472 -11.540424
v -32.150551 2.148472 -11.143060
v -32.150551 2.148472 -10.745696
v -32.150551 2.148472 -10.348331
v -32.150551 2.148472 -9.950967
v -31.666267 2.148472 -13.129882
v -31.666267 2.148472 -12.732517
v -31.666267 2.148472 -12.335153
v -31.666267 2.148472 -11.937789
v -31.666267 2.148472 -11.540424
v -31.666267 2.148472 -11.143060
v -31.666267 2.148472 -10.745696
v -31.666267 2.148472 -10.348331
v -31.666267 2.148472 -9.950967
v -35.056252 2.894792 -9.950967
v -35.056252 2.894792 -9.553603
v -31.666267 2.894792 -9.553603
v -31.181984 2.894792 -9.553603
v -31.181984 2.894792 -13.129882
v -31.181984 2.894792 -13.527246
v -34.571968 2.894792 -13.527246
v -35.056252 2.894792 -13.527246
v -34.571968 2.232623 -9.553603
v -35.056252 2.338119 -9.553603
v -31.666267 2.232623 -13.527246
v -31.181984 2.338119 -13.527246
v -35.056252 2.232623 -13.129882
v -35.056252 2.232623 -13.527246
v -31.181984 2.232623 -9.950967
v -31.181984 2.232623 -9.553603
v -34.571968 2.894792 -9.553603
v -34.087685 2.894792 -9.553603
v -33.603401 2.894792 -9.553603
v -33.119118 2.894792 -9.553603
v -32.634834 2.894792 -9.553603
v -32.150551 2.894792 -9.553603
v -31.666267 2.894792 -13.527246
v -32.150551 2.894792 -13.527246
v -32.634834 2.894792 -13.527246
v -33.119118 2.894792 -13.527246
v -33.603401 2.894792 -13.527246
v -34.087685 2.894792 -13.527246
v -31.666267 2.232623 -9.553603
v -32.150551 2.232623 -9.553603
v -32.634834 2.232623 -9.553603
v -33.119118 2.232623 -9.553603
v -33.603401 2.232623 -9.553603
v -34.087685 2.232623 -9.553603
v -34.571968 2.232623 -13.527246
v -34.087685 2.232623 -13.527246
v -33.603401 2.232623 -13.527246
v -33.119118 2.232623 -13.527246
v -32.634834 2.232623 -13.527246
v -32.150551 2.232623 -13.527246
v -35.056252 2.894792 -13.129882
v -35.056252 2.894792 -12.732517
v -35.056252 2.894792 -12.335153
v -35.056252 2.894792 -11.937789
v -35.056252 2.894792 -11.540424
v -35.056252 2.894792 -11.143060
v -35.056252 2.894792 -10.745696
v -35.056252 2.894792 -10.348331
v -31.181984 2.894792 -9.950967
v -31.181984 2.894792 -10.348331
v -31.181984 2.894792 -10.745696
v -31.181984 2.894792 -11.143060
v -31.181984 2.894792 -11.540424
v -31.181984 2.894792 -11.937789
v -31.181984 2.894792 -12.335153
v -31.181984 2.894792 -12.732517
v -35.056252 2.232623 -9.950967
v -35.056252 2.232623 -10.348331
v -35.056252 2.232623 -10.745696
v -35.056252 2.232623 -11.143060
v -35.056252 2.232623 -11.540424
v -35.056252 2.232623 -11.937789
v -35.056252 2.232623 -12.335153
v -35.056252 2.232623 -12.732517
v -31.181984 2.232623 -13.129882
v -31.181984 2.232623 -12.732517
v -31.181984 2.232623 -12.335153
v -31.181984 2.232623 -11.937789
v -31.181984 2.232623 -11.540424
v -31.181984 2.232623 -11.143060
v -31.181984 2.232623 -10.745696
v -31.181984 2.232623 -10.348331
v -31.181984 2.440430 -13.232193
v -31.181984 2.440430 -13.424934
v -31.181984 2.686985 -13.424934
v -31.181984 2.686985 -13.232193
v -35.056252 2.440430 -9.848656
v -35.056252 2.440430 -9.655914
v -35.056252 2.686985 -9.655914
v -35.056252 2.686985 -9.848656
v -34.674278 2.440430 -13.527246
v -34.953938 2.440430 -13.527246
v -34.953938 2.686985 -13.527246
v -34.674278 2.686985 -13.527246
v -31.563955 2.440430 -9.553603
v -31.284296 2.440430 -9.553603
v -31.284296 2.686985 -9.553603
v -31.563955 2.686985 -9.553603
v -34.953938 2.440430 -9.553603
v -34.674278 2.440430 -9.553603
v -34.674278 2.686985 -9.553603
v -34.953938 2.686985 -9.553603
v -34.469654 2.440430 -9.553603
v -34.189995 2.440430 -9.553603
v -34.189995 2.686985 -9.553603
v -34.469654 2.686985 -9.553603
v -33.985374 2.440430 -9.553603
v -33.705711 2.440430 -9.553603
v -33.705711 2.686985 -9.553603
v -33.985371 2.686985 -9.553603
v -33.501091 2.440430 -9.553603
v -33.221428 2.440430 -9.553603
v -33.221428 2.686985 -9.553603
v -33.501091 2.686985 -9.553603
v -33.016808 2.440430 -9.553603
v -32.737144 2.440430 -9.553603
v -32.737144 2.686985 -9.553603
v -33.016808 2.686985 -9.553603
v -32.532524 2.440430 -9.553603
v -32.252865 2.440430 -9.553603
v -32.252861 2.686985 -9.553603
v -32.532524 2.686985 -9.553603
v -32.048241 2.440430 -9.553603
v -31.768579 2.440430 -9.553603
v -31.768579 2.686985 -9.553603
v -32.048241 2.686985 -9.553603
v -31.284296 2.440430 -13.527246
v -31.563955 2.440430 -13.527246
v -31.563955 2.686985 -13.527246
v -31.284296 2.686985 -13.527246
v -31.768579 2.440430 -13.527246
v -32.048241 2.440430 -13.527246
v -32.048241 2.686985 -13.527246
v -31.768579 2.686985 -13.527246
v -32.252861 2.440430 -13.527246
v -32.532524 2.440430 -13.527246
v -32.532524 2.686985 -13.527246
v -32.252865 2.686985 -13.527246
v -32.737144 2.440430 -13.527246
v -33.016808 2.440430 -13.527246
v -33.016808 2.686985 -13.527246
v -32.737144 2.686985 -13.527246
v -33.221428 2.440430 -13.527246
v -33.501091 2.440430 -13.527246
v -33.501091 2.686985 -13.527246
v -33.221428 2.686985 -13.527246
v -33.705711 2.440430 -13.527246
v -33.985371 2.440430 -13.527246
v -33.985374 2.686985 -13.527246
v -33.705711 2.686985 -13.527246
v -34.189995 2.440430 -13.527246
v -34.469654 2.440430 -13.527246
v -34.469654 2.686985 -13.527246
v -34.189995 2.686985 -13.527246
v -35.056252 2.440430 -13.424934
v -35.056252 2.440430 -13.232193
v -35.056252 2.686985 -13.232193
v -35.056252 2.686985 -13.424934
v -35.056252 2.440430 -13.027570
v -35.056252 2.440430 -12.834829
v -35.056252 2.686985 -12.834829
v -35.056252 2.686985 -13.027570
v -35.056252 2.440430 -12.630205
v -35.056252 2.440430 -12.437465
v -35.056252 2.686985 -12.437465
v -35.056252 2.686985 -12.630205
v -35.056252 2.440430 -12.232841
v -35.056252 2.440430 -12.040100
v -35.056252 2.686985 -12.040100
v -35.056252 2.686985 -12.232841
v -35.056252 2.440430 -11.835477
v -35.056252 2.440430 -11.642736
v -35.056252 2.686985 -11.642736
v -35.056252 2.686985 -11.835477
v -35.056252 2.440430 -11.438112
v -35.056252 2.440430 -11.245372
v -35.056252 2.686985 -11.245372
v -35.056252 2.686985 -11.438112
v -35.056252 2.440430 -11.040749
v -35.056252 2.440430 -10.848007
v -35.056252 2.686985 -10.848007
v -35.056252 2.686985 -11.040749
v -35.056252 2.440430 -10.643384
v -35.056252 2.440430 -10.450644
v -35.056252 2.686985 -10.450644
v -35.056252 2.686985 -10.643384
v -35.056252 2.440430 -10.246019
v -35.056252 2.440430 -10.053279
v -35.056252 2.686985 -10.053279
v -35.056252 2.686985 -10.246019
v -31.181984 2.440430 -9.655914
v -31.181984 2.440430 -9.848656
v -31.181984 2.686985 -9.848656
v -31.181984 2.686985 -9.655914
v -31.181984 2.440430 -10.053279
v -31.181984 2.440430 -10.246019
v -31.181984 2.686985 -10.246019
v -31.181984 2.686985 -10.053279
v -31.181984 2.440430 -10.450644
v -31.181984 2.440430 -10.643384
v -31.181984 2.686985 -10.643384
v -31.181984 2.686985 -10.450644
v -31.181984 2.440430 -10.848007
v -31.181984 2.440430 -11.040749
v -31.181984 2.686985 -11.040749
v -31.181984 2.686985 -10.848007
v -31.181984 2.440430 -11.245372
v -31.181984 2.440430 -11.438112
v -31.181984 2.686985 -11.438112
v -31.181984 2.686985 -11.245372
v -31.181984 2.440430 -11.642736
v -31.181984 2.440430 -11.835477
v -31.181984 2.686985 -11.835477
v -31.181984 2.686985 -11.642736
v -31.181984 2.440430 -12.040100
v -31.181984 2.440430 -12.232841
v -31.181984 2.686985 -12.232841
v -31.181984 2.686985 -12.040100
v -31.181984 2.440430 -12.437465
v -31.181984 2.440430 -12.630205
v -31.181984 2.686985 -12.630205
v -31.181984 2.686985 -12.437465
v -31.181984 2.440430 -12.834829
v -31.181984 2.440430 -13.027570
v -31.181984 2.686985 -13.027570
v -31.181984 2.686985 -12.834829
v -31.208317 2.440430 -13.424934
v -31.208317 2.440430 -13.232193
v -31.208317 2.686985 -13.232193
v -31.208317 2.686985 -13.424934
v -35.029919 2.440430 -9.655914
v -35.029919 2.440430 -9.848656
v -35.029919 2.686985 -9.848656
v -35.029919 2.686985 -9.655914
v -34.953938 2.440430 -13.500913
v -34.674278 2.440430 -13.500913
v -34.674278 2.686985 -13.500913
v -34.953938 2.686985 -13.500913
v -31.284296 2.440430 -9.579936
v -31.563955 2.440430 -9.579936
v -31.563955 2.686985 -9.579936
v -31.284296 2.686985 -9.579936
v -34.674278 2.440430 -9.579936
v -34.953938 2.440430 -9.579936
v -34.953938 2.686985 -9.579936
v -34.674278 2.686985 -9.579936
v -34.189995 2.440430 -9.579936
v -34.469654 2.440430 -9.579936
v -34.469654 2.686985 -9.579936
v -34.189995 2.686985 -9.579936
v -33.705711 2.440430 -9.579936
v -33.985374 2.440430 -9.579936
v -33.985371 2.686985 -9.579936
v -33.705711 2.686985 -9.579936
v -33.221428 2.440430 -9.579936
v -33.501091 2.440430 -9.579936
v -33.501091 2.686985 -9.579936
v -33.221428 2.686985 -9.579936
v -32.737144 2.440430 -9.579936
v -33.016808 2.440430 -9.579936
v -33.016808 2.686985 -9.579936
v -32.737144 2.686985 -9.579936
v -32.252865 2.440430 -9.579936
v -32.532524 2.440430 -9.579936
v -32.532524 2.686985 -9.579936
v -32.252861 2.686985 -9.579936
v -31.768579 2.440430 -9.579936
v -32.048241 2.440430 -9.579936
v -32.048241 2.686985 -9.579936
v -31.768579 2.686985 -9.579936
v -31.563955 2.440430 -13.500913
v -31.284296 2.440430 -13.500913
v -31.284296 2.686985 -13.500913
v -31.563955 2.686985 -13.500913
v -32.048241 2.440430 -13.500913
v -31.768579 2.440430 -13.500913
v -31.768579 2.686985 -13.500913
v -32.048241 2.686985 -13.500913
v -32.532524 2.440430 -13.500913
v -32.252861 2.440430 -13.500913
v -32.252865 2.686985 -13.500913
v -32.532524 2.686985 -13.500913
v -33.016808 2.440430 -13.500913
v -32.737144 2.440430 -13.500913
v -32.737144 2.686985 -13.500913
v -33.016808 2.686985 -13.500913
v -33.501091 2.440430 -13.500913
v -33.221428 2.440430 -13.500913
v -33.221428 2.686985 -13.500913
v -33.501091 2.686985 -13.500913
v -33.985371 2.440430 -13.500913
v -33.705711 2.440430 -13.500913
v -33.705711 2.686985 -13.500913
v -33.985374 2.686985 -13.500913
v -34.469654 2.440430 -13.500913
v -34.189995 2.440430 -13.500913
v -34.189995 2.686985 -13.500913
v -34.469654 2.686985 -13.500913
v -35.029919 2.440430 -13.232193
v -35.029919 2.440430 -13.424934
v -35.029919 2.686985 -13.424934
v -35.029919 2.686985 -13.232193
v -35.029919 2.440430 -12.834829
v -35.029919 2.440430 -13.027570
v -35.029919 2.686985 -13.027570
v -35.029919 2.686985 -12.834829
v -35.029919 2.440430 -12.437465
v -35.029919 2.440430 -12.630205
v -35.029919 2.686985 -12.630205
v -35.029919 2.686985 -12.437465
v -35.029919 2.440430 -12.040100
v -35.029919 2.440430 -12.232841
v -35.029919 2.686985 -12.232841
v -35.029919 2.686985 -12.040100
v -35.029919 2.440430 -11.642736
v -35.029919 2.440430 -11.835477
v -35.029919 2.686985 -11.835477
v -35.029919 2.686985 -11.642736
v -35.029919 2.440430 -11.245372
v -35.029919 2.440430 -11.438112
v -35.029919 2.686985 -11.438112
v -35.029919 2.686985 -11.245372
v -35.029919 2.440430 -10.848007
v -35.029919 2.440430 -11.040749
v -35.029919 2.686985 -11.040749
v -35.029919 2.686985 -10.848007
v -35.029919 2.440430 -10.450644
v -35.029919 2.440430 -10.643384
v -35.029919 2.686985 -10.643384
v -35.029919 2.686985 -10.450644
v -35.029919 2.440430 -10.053279
v -35.029919 2.440430 -10.246019
v -35.029919 2.686985 -10.246019
v -35.029919 2.686985 -10.053279
v -31.208317 2.440430 -9.848656
v -31.208317 2.440430 -9.655914
v -31.208317 2.686985 -9.655914
v -31.208317 2.686985 -9.848656
v -31.208317 2.440430 -10.246019
v -31.208317 2.440430 -10.053279
v -31.208317 2.686985 -10.053279
v -31.208317 2.686985 -10.246019
v -31.208317 2.440430 -10.643384
v -31.208317 2.440430 -10.450644
v -31.208317 2.686985 -10.450644
v -31.208317 2.686985 -10.643384
v -31.208317 2.440430 -11.040749
v -31.208317 2.440430 -10.848007
v -31.208317 2.686985 -10.848007
v -31.208317 2.686985 -11.040749
v -31.208317 2.440430 -11.438112
v -31.208317 2.440430 -11.245372
v -31.208317 2.686985 -11.245372
v -31.208317 2.686985 -11.438112
v -31.208317 2.440430 -11.835477
v -31.208317 2.440430 -11.642736
v -31.208317 2.686985 -11.642736
v -31.208317 2.686985 -11.835477
v -31.208317 2.440430 -12.232841
v -31.208317 2.440430 -12.040100
v -31.208317 2.686985 -12.040100
v -31.208317 2.686985 -12.232841
v -31.208317 2.440430 -12.630205
v -31.208317 2.440430 -12.437465
v -31.208317 2.686985 -12.437465
v -31.208317 2.686985 -12.630205
v -31.208317 2.440430 -13.027570
v -31.208317 2.440430 -12.834829
v -31.208317 2.686985 -12.834829
v -31.208317 2.686985 -13.027570
v -35.056252 2.984618 -9.553603
v -31.181984 2.984618 -9.553603
v -35.056252 2.984618 -13.527246
v -31.181984 2.984618 -13.527246
v -35.056252 3.625443 -13.527246
v -35.056252 3.625443 -9.553603
v -31.181984 3.625443 -9.553603
v -31.181984 3.625443 -13.527246
v -35.056252 3.820764 -13.527246
v -35.056252 3.820764 -9.553603
v -31.181984 3.820764 -9.553603
v -31.181984 3.820764 -13.527246
v -35.173744 3.730938 -13.644740
v -35.173744 3.730938 -9.436109
v -31.064489 3.730938 -9.436109
v -31.064489 3.730938 -13.644740
v -35.173744 3.820764 -13.644740
v -35.173744 3.820764 -9.436109
v -31.064489 3.820764 -9.436109
v -31.064489 3.820764 -13.644740
v -31.181984 3.068769 -13.527246
v -31.181984 3.174264 -9.553603
v -35.056252 3.068769 -9.553603
v -35.056252 3.174264 -13.527246
v -34.571968 2.984618 -9.553603
v -34.087685 2.984618 -9.553603
v -33.603401 2.984618 -9.553603
v -33.119118 2.984618 -9.553603
v -32.634834 2.984618 -9.553603
v -32.150551 2.984618 -9.553603
v -31.666267 2.984618 -9.553603
v -31.666267 2.984618 -13.527246
v -32.150551 2.984618 -13.527246
v -32.634834 2.984618 -13.527246
v -33.119118 2.984618 -13.527246
v -33.603401 2.984618 -13.527246
v -34.087685 2.984618 -13.527246
v -34.571968 2.984618 -13.527246
v -34.571968 3.625443 -9.553603
v -34.087685 3.625443 -9.553603
v -33.603401 3.625443 -9.553603
v -33.119118 3.625443 -9.553603
v -32.634834 3.625443 -9.553603
v -32.150551 3.625443 -9.553603
v -31.666267 3.625443 -9.553603
v -31.666267 3.625443 -13.527246
v -32.150551 3.625443 -13.527246
v -32.634834 3.625443 -13.527246
v -33.119118 3.625443 -13.527246
v -33.603401 3.625443 -13.527246
v -34.087685 3.625443 -13.527246
v -34.571968 3.625443 -13.527246
v -34.571968 3.820764 -9.553603
v -34.087685 3.820764 -9.553603
v -33.603401 3.820764 -9.553603
v -33.119118 3.820764 -9.553603
v -32.634834 3.820764 -9.553603
v -32.150551 3.820764 -9.553603
v -31.666267 3.820764 -9.553603
v -31.666267 3.820764 -13.527246
v -32.150551 3.820764 -13.527246
v -32.634834 3.820764 -13.527246
v -33.119118 3.820764 -13.527246
v -33.603401 3.820764 -13.527246
v -34.087685 3.820764 -13.527246
v -34.571968 3.820764 -13.527246
v -34.660088 3.730938 -9.436109
v -34.146431 3.730938 -9.436109
v -33.632774 3.730938 -9.436109
v -33.119118 3.730938 -9.436109
v -32.605461 3.730938 -9.436109
v -32.091805 3.730938 -9.436109
v -31.578148 3.730938 -9.436109
v -31.578148 3.730938 -13.644740
v -32.091805 3.730938 -13.644740
v -32.605461 3.730938 -13.644740
v -33.119118 3.730938 -13.644740
v -33.632774 3.730938 -13.644740
v -34.146431 3.730938 -13.644740
v -34.660088 3.730938 -13.644740
v -34.660088 3.820764 -9.436109
v -34.146431 3.820764 -9.436109
v -33.632774 3.820764 -9.436109
v -33.119118 3.820764 -9.436109
v -32.605461 3.820764 -9.436109
v -32.091805 3.820764 -9.436109
v -31.578148 3.820764 -9.436109
v -31.578148 3.820764 -13.644740
v -32.091805 3.820764 -13.644740
v -32.605461 3.820764 -13.644740
v -33.119118 3.820764 -13.644740
v -33.632774 3.820764 -13.644740
v -34.146431 3.820764 -13.644740
v -34.660088 3.820764 -13.644740
v -31.666267 3.174264 -9.553603
v -32.150551 3.174264 -9.553603
v -32.634834 3.174264 -9.553603
v -33.119118 3.174264 -9.553603
v -33.603401 3.174264 -9.553603
v -34.087685 3.174264 -9.553603
v -34.571968 3.174264 -9.553603
v -34.571968 3.174264 -13.527246
v -34.087685 3.174264 -13.527246
v -33.603401 3.174264 -13.527246
v -33.119118 3.174264 -13.527246
v -32.634834 3.174264 -13.527246
v -32.150551 3.174264 -13.527246
v -31.666267 3.174264 -13.527246
v -35.056252 2.984618 -13.129882
v -35.056252 2.984618 -12.732517
v -35.056252 2.984618 -12.335153
v -35.056252 2.984618 -11.937789
v -35.056252 2.984618 -11.540424
v -35.056252 2.984618 -11.143060
v -35.056252 2.984618 -10.745696
v -35.056252 2.984618 -10.348331
v -35.056252 2.984618 -9.950967
v -31.181984 2.984618 -9.950967
v -31.181984 2.984618 -10.348331
v -31.181984 2.984618 -10.745696
v -31.181984 2.984618 -11.143060
v -31.181984 2.984618 -11.540424
v -31.181984 2.984618 -11.937789
v -31.181984 2.984618 -12.335153
v -31.181984 2.984618 -12.732517
v -31.181984 2.984618 -13.129882
v -35.056252 3.625443 -13.129882
v -35.056252 3.625443 -12.732517
v -35.056252 3.625443 -12.335153
v -35.056252 3.625443 -11.937789
v -35.056252 3.625443 -11.540424
v -35.056252 3.625443 -11.143060
v -35.056252 3.625443 -10.745696
v -35.056252 3.625443 -10.348331
v -35.056252 3.625443 -9.950967
v -31.181984 3.625443 -9.950967
v -31.181984 3.625443 -10.348331
v -31.181984 3.625443 -10.745696
v -31.181984 3.625443 -11.143060
v -31.181984 3.625443 -11.540424
v -31.181984 3.625443 -11.937789
v -31.181984 3.625443 -12.335153
v -31.181984 3.625443 -12.732517
v -31.181984 3.625443 -13.129882
v -35.056252 3.820764 -13.129882
v -35.056252 3.820764 -12.732517
v -35.056252 3.820764 -12.335153
v -35.056252 3.820764 -11.937789
v -35.056252 3.820764 -11.540424
v -35.056252 3.820764 -11.143060
v -35.056252 3.820764 -10.745696
v -35.056252 3.820764 -10.348331
v -35.056252 3.820764 -9.950967
v -31.181984 3.820764 -9.950967
v -31.181984 3.820764 -10.348331
v -31.181984 3.820764 -10.745696
v -31.181984 3.820764 -11.143060
v -31.181984 3.820764 -11.540424
v -31.181984 3.820764 -11.937789
v -31.181984 3.820764 -12.335153
v -31.181984 3.820764 -12.732517
v -31.181984 3.820764 -13.129882
v -35.173744 3.730938 -13.223877
v -35.173744 3.730938 -12.803014
v -35.173744 3.730938 -12.382151
v -35.173744 3.730938 -11.961287
v -35.173744 3.730938 -11.540424
v -35.173744 3.730938 -11.119561
v -35.173744 3.730938 -10.698698
v -35.173744 3.730938 -10.277835
v -35.173744 3.730938 -9.856972
v -31.064489 3.730938 -9.856972
v -31.064489 3.730938 -10.277835
v -31.064489 3.730938 -10.698698
v -31.064489 3.730938 -11.119561
v -31.064489 3.730938 -11.540424
v -31.064489 3.730938 -11.961287
v -31.064489 3.730938 -12.382151
v -31.064489 3.730938 -12.803014
v -31.064489 3.730938 -13.223877
v -35.173744 3.820764 -13.223877
v -35.173744 3.820764 -12.803014
v -35.173744 3.820764 -12.382151
v -35.173744 3.820764 -11.961287
v -35.173744 3.820764 -11.540424
v -35.173744 3.820764 -11.119561
v -35.173744 3.820764 -10.698698
v -35.173744 3.820764 -10.277835
v -35.173744 3.820764 -9.856972
v -31.064489 3.820764 -9.856972
v -31.064489 3.820764 -10.277835
v -31.064489 3.820764 -10.698698
v -31.064489 3.820764 -11.119561
v -31.064489 3.820764 -11.540424
v -31.064489 3.820764 -11.961287
v -31.064489 3.820764 -12.382151
v -31.064489 3.820764 -12.803014
v -31.064489 3.820764 -13.223877
v -35.056252 3.174264 -9.950967
v -35.056252 3.174264 -10.348331
v -35.056252 3.174264 -10.745696
v -35.056252 3.174264 -11.143060
v -35.056252 3.174264 -11.540424
v -35.056252 3.174264 -11.937789
v -35.056252 3.174264 -12.335153
v -35.056252 3.174264 -12.732517
v -35.056252 3.174264 -13.129882
v -31.181984 3.174264 -13.129882
v -31.181984 3.174264 -12.732517
v -31.181984 3.174264 -12.335153
v -31.181984 3.174264 -11.937789
v -31.181984 3.174264 -11.540424
v -31.181984 3.174264 -11.143060
v -31.181984 3.174264 -10.745696
v -31.181984 3.174264 -10.348331
v -31.181984 3.174264 -9.950967
v -34.571968 3.820764 -9.950967
v -34.571968 3.820764 -10.348331
v -34.571968 3.820764 -10.745696
v -34.571968 3.820764 -11.143060
v -34.571968 3.820764 -11.540424
v -34.571968 3.820764 -11.937789
v -34.571968 3.820764 -12.335153
v -34.571968 3.820764 -12.732517
v -34.571968 3.820764 -13.129882
v -34.087685 3.820764 -9.950967
v -34.087685 3.820764 -10.348331
v -34.087685 3.820764 -10.745696
v -34.087685 3.820764 -11.143060
v -34.087685 3.820764 -11.540424
v -34.087685 3.820764 -11.937789
v -34.087685 3.820764 -12.335153
v -34.087685 3.820764 -12.732517
v -34.087685 3.820764 -13.129882
v -33.603401 3.820764 -9.950967
v -33.603401 3.820764 -10.348331
v -33.603401 3.820764 -10.745696
v -33.603401 3.820764 -11.143060
v -33.603401 3.820764 -11.540424
v -33.603401 3.820764 -11.937789
v -33.603401 3.820764 -12.335153
v -33.603401 3.820764 -12.732517
v -33.603401 3.820764 -13.129882
v -33.119118 3.820764 -9.950967
v -33.119118 3.820764 -10.348331
v -33.119118 3.820764 -10.745696
v -33.119118 3.820764 -11.143060
v -33.119118 3.820764 -11.540424
v -33.119118 3.820764 -11.937789
v -33.119118 3.820764 -12.335153
v -33.119118 3.820764 -12.732517
v -33.119118 3.820764 -13.129882
v -32.634834 3.820764 -9.950967
v -32.634834 3.820764 -10.348331
v -32.634834 3.820764 -10.745696
v -32.634834 3.820764 -11.143060
v -32.634834 3.820764 -11.540424
v -32.634834 3.820764 -11.937789
v -32.634834 3.820764 -12.335153
v -32.634834 3.820764 -12.732517
v -32.634834 3.820764 -13.129882
v -32.150551 3.820764 -9.950967
v -32.150551 3.820764 -10.348331
v -32.150551 3.820764 -10.745696
v -32.150551 3.820764 -11.143060
v -32.150551 3.820764 -11.540424
v -32.150551 3.820764 -11.937789
v -32.150551 3.820764 -12.335153
v -32.150551 3.820764 -12.732517
v -32.150551 3.820764 -13.129882
v -31.666267 3.820764 -9.950967
v -31.666267 3.820764 -10.348331
v -31.666267 3.820764 -10.745696
v -31.666267 3.820764 -11.143060
v -31.666267 3.820764 -11.540424
v -31.666267 3.820764 -11.937789
v -31.666267 3.820764 -12.335153
v -31.666267 3.820764 -12.732517
v -31.666267 3.820764 -13.129882
v -34.571968 2.984618 -13.129882
v -34.571968 2.984618 -12.732517
v -34.571968 2.984618 -12.335153
v -34.571968 2.984618 -11.937789
v -34.571968 2.984618 -11.540424
v -34.571968 2.984618 -11.143060
v -34.571968 2.984618 -10.745696
v -34.571968 2.984618 -10.348331
v -34.571968 2.984618 -9.950967
v -34.087685 2.984618 -13.129882
v -34.087685 2.984618 -12.732517
v -34.087685 2.984618 -12.335153
v -34.087685 2.984618 -11.937789
v -34.087685 2.984618 -11.540424
v -34.087685 2.984618 -11.143060
v -34.087685 2.984618 -10.745696
v -34.087685 2.984618 -10.348331
v -34.087685 2.984618 -9.950967
v -33.603401 2.984618 -13.129882
v -33.603401 2.984618 -12.732517
v -33.603401 2.984618 -12.335153
v -33.603401 2.984618 -11.937789
v -33.603401 2.984618 -11.540424
v -33.603401 2.984618 -11.143060
v -33.603401 2.984618 -10.745696
v -33.603401 2.984618 -10.348331
v -33.603401 2.984618 -9.950967
v -33.119118 2.984618 -13.129882
v -33.119118 2.984618 -12.732517
v -33.119118 2.984618 -12.335153
v -33.119118 2.984618 -11.937789
v -33.119118 2.984618 -11.540424
v -33.119118 2.984618 -11.143060
v -33.119118 2.984618 -10.745696
v -33.119118 2.984618 -10.348331
v -33.119118 2.984618 -9.950967
v -32.634834 2.984618 -13.129882
v -32.634834 2.984618 -12.732517
v -32.634834 2.984618 -12.335153
v -32.634834 2.984618 -11.937789
v -32.634834 2.984618 -11.540424
v -32.634834 2.984618 -11.143060
v -32.634834 2.984618 -10.745696
v -32.634834 2.984618 -10.348331
v -32.634834 2.984618 -9.950967
v -32.150551 2.984618 -13.129882
v -32.150551 2.984618 -12.732517
v -32.150551 2.984618 -12.335153
v -32.150551 2.984618 -11.937789
v -32.150551 2.984618 -11.540424
v -32.150551 2.984618 -11.143060
v -32.150551 2.984618 -10.745696
v -32.150551 2.984618 -10.348331
v -32.150551 2.984618 -9.950967
v -31.666267 2.984618 -13.129882
v -31.666267 2.984618 -12.732517
v -31.666267 2.984618 -12.335153
v -31.666267 2.984618 -11.937789
v -31.666267 2.984618 -11.540424
v -31.666267 2.984618 -11.143060
v -31.666267 2.984618 -10.745696
v -31.666267 2.984618 -10.348331
v -31.666267 2.984618 -9.950967
v -35.056252 3.730938 -9.950967
v -35.056252 3.730938 -9.553603
v -31.666267 3.730938 -9.553603
v -31.181984 3.730938 -9.553603
v -31.181984 3.730938 -13.129882
v -31.181984 3.730938 -13.527246
v -34.571968 3.730938 -13.527246
v -35.056252 3.730938 -13.527246
v -34.571968 3.068769 -9.553603
v -35.056252 3.174264 -9.553603
v -31.666267 3.068769 -13.527246
v -31.181984 3.174264 -13.527246
v -35.056252 3.068769 -13.129882
v -35.056252 3.068769 -13.527246
v -31.181984 3.068769 -9.950967
v -31.181984 3.068769 -9.553603
v -34.571968 3.730938 -9.553603
v -34.087685 3.730938 -9.553603
v -33.603401 3.730938 -9.553603
v -33.119118 3.730938 -9.553603
v -32.634834 3.730938 -9.553603
v -32.150551 3.730938 -9.553603
v -31.666267 3.730938 -13.527246
v -32.150551 3.730938 -13.527246
v -32.634834 3.730938 -13.527246
v -33.119118 3.730938 -13.527246
v -33.603401 3.730938 -13.527246
v -34.087685 3.730938 -13.527246
v -31.666267 3.068769 -9.553603
v -32.150551 3.068769 -9.553603
v -32.634834 3.068769 -9.553603
v -33.119118 3.068769 -9.553603
v -33.603401 3.068769 -9.553603
v -34.087685 3.068769 -9.553603
v -34.571968 3.068769 -13.527246
v -34.087685 3.068769 -13.527246
v -33.603401 3.068769 -13.527246
v -33.119118 3.068769 -13.527246
v -32.634834 3.068769 -13.527246
v -32.150551 3.068769 -13.527246
v -35.056252 3.730938 -13.129882
v -35.056252 3.730938 -12.732517
v -35.056252 3.730938 -12.335153
v -35.056252 3.730938 -11.937789
v -35.056252 3.730938 -11.540424
v -35.056252 3.730938 -11.143060
v -35.056252 3.730938 -10.745696
v -35.056252 3.730938 -10.348331
v -31.181984 3.730938 -9.950967
v -31.181984 3.730938 -10.348331
v -31.181984 3.730938 -10.745696
v -31.181984 3.730938 -11.143060
v -31.181984 3.730938 -11.540424
v -31.181984 3.730938 -11.937789
v -31.181984 3.730938 -12.335153
v -31.181984 3.730938 -12.732517
v -35.056252 3.068769 -9.950967
v -35.056252 3.068769 -10.348331
v -35.056252 3.068769 -10.745696
v -35.056252 3.068769 -11.143060
v -35.056252 3.068769 -11.540424
v -35.056252 3.068769 -11.937789
v -35.056252 3.068769 -12.335153
v -35.056252 3.068769 -12.732517
v -31.181984 3.068769 -13.129882
v -31.181984 3.068769 -12.732517
v -31.181984 3.068769 -12.335153
v -31.181984 3.068769 -11.937789
v -31.181984 3.068769 -11.540424
v -31.181984 3.068769 -11.143060
v -31.181984 3.068769 -10.745696
v -31.181984 3.068769 -10.348331
v -31.181984 3.276576 -13.232193
v -31.181984 3.276576 -13.424934
v -31.181984 3.523130 -13.424934
v -31.181984 3.523130 -13.232193
v -35.056252 3.276576 -9.848656
v -35.056252 3.276576 -9.655914
v -35.056252 3.523130 -9.655914
v -35.056252 3.523130 -9.848656
v -34.674278 3.276576 -13.527246
v -34.953938 3.276576 -13.527246
v -34.953938 3.523130 -13.527246
v -34.674278 3.523130 -13.527246
v -31.563955 3.276576 -9.553603
v -31.284296 3.276576 -9.553603
v -31.284296 3.523130 -9.553603
v -31.563955 3.523130 -9.553603
v -34.953938 3.276576 -9.553603
v -34.674278 3.276576 -9.553603
v -34.674278 3.523130 -9.553603
v -34.953938 3.523130 -9.553603
v -34.469654 3.276576 -9.553603
v -34.189995 3.276576 -9.553603
v -34.189995 3.523130 -9.553603
v -34.469654 3.523130 -9.553603
v -33.985374 3.276576 -9.553603
v -33.705711 3.276576 -9.553603
v -33.705711 3.523130 -9.553603
v -33.985371 3.523130 -9.553603
v -33.501091 3.276576 -9.553603
v -33.221428 3.276576 -9.553603
v -33.221428 3.523130 -9.553603
v -33.501091 3.523130 -9.553603
v -33.016808 3.276576 -9.553603
v -32.737144 3.276576 -9.553603
v -32.737144 3.523130 -9.553603
v -33.016808 3.523130 -9.553603
v -32.532524 3.276576 -9.553603
v -32.252865 3.276576 -9.553603
v -32.252861 3.523130 -9.553603
v -32.532524 3.523130 -9.553603
v -32.048241 3.276576 -9.553603
v -31.768579 3.276576 -9.553603
v -31.768579 3.523130 -9.553603
v -32.048241 3.523130 -9.553603
v -31.284296 3.276576 -13.527246
v -31.563955 3.276576 -13.527246
v -31.563955 3.523130 -13.527246
v -31.284296 3.523130 -13.527246
v -31.768579 3.276576 -13.527246
v -32.048241 3.276576 -13.527246
v -32.048241 3.523130 -13.527246
v -31.768579 3.523130 -13.527246
v -32.252861 3.276576 -13.527246
v -32.532524 3.276576 -13.527246
v -32.532524 3.523130 -13.527246
v -32.252865 3.523130 -13.527246
v -32.737144 3.276576 -13.527246
v -33.016808 3.276576 -13.527246
v -33.016808 3.523130 -13.527246
v -32.737144 3.523130 -13.527246
v -33.221428 3.276576 -13.527246
v -33.501091 3.276576 -13.527246
v -33.501091 3.523130 -13.527246
v -33.221428 3.523130 -13.527246
v -33.705711 3.276576 -13.527246
v -33.985371 3.276576 -13.527246
v -33.985374 3.523130 -13.527246
v -33.705711 3.523130 -13.527246
v -34.189995 3.276576 -13.527246
v -34.469654 3.276576 -13.527246
v -34.469654 3.523130 -13.527246
v -34.189995 3.523130 -13.527246
v -35.056252 3.276576 -13.424934
v -35.056252 3.276576 -13.232193
v -35.056252 3.523130 -13.232193
v -35.056252 3.523130 -13.424934
v -35.056252 3.276576 -13.027570
v -35.056252 3.276576 -12.834829
v -35.056252 3.523130 -12.834829
v -35.056252 3.523130 -13.027570
v -35.056252 3.276576 -12.630205
v -35.056252 3.276576 -12.437465
v -35.056252 3.523130 -12.437465
v -35.056252 3.523130 -12.630205
v -35.056252 3.276576 -12.232841
v -35.056252 3.276576 -12.040100
v -35.056252 3.523130 -12.040100
v -35.056252 3.523130 -12.232841
v -35.056252 3.276576 -11.835477
v -35.056252 3.276576 -11.642736
v -35.056252 3.523130 -11.642736
v -35.056252 3.523130 -11.835477
v -35.056252 3.276576 -11.438112
v -35.056252 3.276576 -11.245372
v -35.056252 3.523130 -11.245372
v -35.056252 3.523130 -11.438112
v -35.056252 3.276576 -11.040749
v -35.056252 3.276576 -10.848007
v -35.056252 3.523130 -10.848007
v -35.056252 3.523130 -11.040749
v -35.056252 3.276576 -10.643384
v -35.056252 3.276576 -10.450644
v -35.056252 3.523130 -10.450644
v -35.056252 3.523130 -10.643384
v -35.056252 3.276576 -10.246019
v -35.056252 3.276576 -10.053279
v -35.056252 3.523130 -10.053279
v -35.056252 3.523130 -10.246019
v -31.181984 3.276576 -9.655914
v -31.181984 3.276576 -9.848656
v -31.181984 3.523130 -9.848656
v -31.181984 3.523130 -9.655914
v -31.181984 3.276576 -10.053279
v -31.181984 3.276576 -10.246019
v -31.181984 3.523130 -10.246019
v -31.181984 3.523130 -10.053279
v -31.181984 3.276576 -10.450644
v -31.181984 3.276576 -10.643384
v -31.181984 3.523130 -10.643384
v -31.181984 3.523130 -10.450644
v -31.181984 3.276576 -10.848007
v -31.181984 3.276576 -11.040749
v -31.181984 3.523130 -11.040749
v -31.181984 3.523130 -10.848007
v -31.181984 3.276576 -11.245372
v -31.181984 3.276576 -11.438112
v -31.181984 3.523130 -11.438112
v -31.181984 3.523130 -11.245372
v -31.181984 3.276576 -11.642736
v -31.181984 3.276576 -11.835477
v -31.181984 3.523130 -11.835477
v -31.181984 3.523130 -11.642736
v -31.181984 3.276576 -12.040100
v -31.181984 3.276576 -12.232841
v -31.181984 3.523130 -12.232841
v -31.181984 3.523130 -12.040100
v -31.181984 3.276576 -12.437465
v -31.181984 3.276576 -12.630205
v -31.181984 3.523130 -12.630205
v -31.181984 3.523130 -12.437465
v -31.181984 3.276576 -12.834829
v -31.181984 3.276576 -13.027570
v -31.181984 3.523130 -13.027570
v -31.181984 3.523130 -12.834829
v -31.208317 3.276576 -13.424934
v -31.208317 3.276576 -13.232193
v -31.208317 3.523130 -13.232193
v -31.208317 3.523130 -13.424934
v -35.029919 3.276576 -9.655914
v -35.029919 3.276576 -9.848656
v -35.029919 3.523130 -9.848656
v -35.029919 3.523130 -9.655914
v -34.953938 3.276576 -13.500913
v -34.674278 3.276576 -13.500913
v -34.674278 3.523130 -13.500913
v -34.953938 3.523130 -13.500913
v -31.284296 3.276576 -9.579936
v -31.563955 3.276576 -9.579936
v -31.563955 3.523130 -9.579936
v -31.284296 3.523130 -9.579936
v -34.674278 3.276576 -9.579936
v -34.953938 3.276576 -9.579936
v -34.953938 3.523130 -9.579936
v -34.674278 3.523130 -9.579936
v -34.189995 3.276576 -9.579936
v -34.469654 3.276576 -9.579936
v -34.469654 3.523130 -9.579936
v -34.189995 3.523130 -9.579936
v -33.705711 3.276576 -9.579936
v -33.985374 3.276576 -9.579936
v -33.985371 3.523130 -9.579936
v -33.705711 3.523130 -9.579936
v -33.221428 3.276576 -9.579936
v -33.501091 3.276576 -9.579936
v -33.501091 3.523130 -9.579936
v -33.221428 3.523130 -9.579936
v -32.737144 3.276576 -9.579936
v -33.016808 3.276576 -9.579936
v -33.016808 3.523130 -9.579936
v -32.737144 3.523130 -9.579936
v -32.252865 3.276576 -9.579936
v -32.532524 3.276576 -9.579936
v -32.532524 3.523130 -9.579936
v -32.252861 3.523130 -9.579936
v -31.768579 3.276576 -9.579936
v -32.048241 3.276576 -9.579936
v -32.048241 3.523130 -9.579936
v -31.768579 3.523130 -9.579936
v -31.563955 3.276576 -13.500913
v -31.284296 3.276576 -13.500913
v -31.284296 3.523130 -13.500913
v -31.563955 3.523130 -13.500913
v -32.048241 3.276576 -13.500913
v -31.768579 3.276576 -13.500913
v -31.768579 3.523130 -13.500913
v -32.048241 3.523130 -13.500913
v -32.532524 3.276576 -13.500913
v -32.252861 3.276576 -13.500913
v -32.252865 3.523130 -13.500913
v -32.532524 3.523130 -13.500913
v -33.016808 3.276576 -13.500913
v -32.737144 3.276576 -13.500913
v -32.737144 3.523130 -13.500913
v -33.016808 3.523130 -13.500913
v -33.501091 3.276576 -13.500913
v -33.221428 3.276576 -13.500913
v -33.221428 3.523130 -13.500913
v -33.501091 3.523130 -13.500913
v -33.985371 3.276576 -13.500913
v -33.705711 3.276576 -13.500913
v -33.705711 3.523130 -13.500913
v -33.985374 3.523130 -13.500913
v -34.469654 3.276576 -13.500913
v -34.189995 3.276576 -13.500913
v -34.189995 3.523130 -13.500913
v -34.469654 3.523130 -13.500913
v -35.029919 3.276576 -13.232193
v -35.029919 3.276576 -13.424934
v -35.029919 3.523130 -13.424934
v -35.029919 3.523130 -13.232193
v -35.029919 3.276576 -12.834829
v -35.029919 3.276576 -13.027570
v -35.029919 3.523130 -13.027570
v -35.029919 3.523130 -12.834829
v -35.029919 3.276576 -12.437465
v -35.029919 3.276576 -12.630205
v -35.029919 3.523130 -12.630205
v -35.029919 3.523130 -12.437465
v -35.029919 3.276576 -12.040100
v -35.029919 3.276576 -12.232841
v -35.029919 3.523130 -12.232841
v -35.029919 3.523130 -12.040100
v -35.029919 3.276576 -11.642736
v -35.029919 3.276576 -11.835477
v -35.029919 3.523130 -11.835477
v -35.029919 3.523130 -11.642736
v -35.029919 3.276576 -11.245372
v -35.029919 3.276576 -11.438112
v -35.029919 3.523130 -11.438112
v -35.029919 3.523130 -11.245372
v -35.029919 3.276576 -10.848007
v -35.029919 3.276576 -11.040749
v -35.029919 3.523130 -11.040749
v -35.029919 3.523130 -10.848007
v -35.029919 3.276576 -10.450644
v -35.029919 3.276576 -10.643384
v -35.029919 3.523130 -10.643384
v -35.029919 3.523130 -10.450644
v -35.029919 3.276576 -10.053279
v -35.029919 3.276576 -10.246019
v -35.029919 3.523130 -10.246019
v -35.029919 3.523130 -10.053279
v -31.208317 3.276576 -9.848656
v -31.208317 3.276576 -9.655914
v -31.208317 3.523130 -9.655914
v -31.208317 3.523130 -9.848656
v -31.208317 3.276576 -10.246019
v -31.208317 3.276576 -10.053279
v -31.208317 3.523130 -10.053279
v -31.208317 3.523130 -10.246019
v -31.208317 3.276576 -10.643384
v -31.208317 3.276576 -10.450644
v -31.208317 3.523130 -10.450644
v -31.208317 3.523130 -10.643384
v -31.208317 3.276576 -11.040749
v -31.208317 3.276576 -10.848007
v -31.208317 3.523130 -10.848007
v -31.208317 3.523130 -11.040749
v -31.208317 3.276576 -11.438112
v -31.208317 3.276576 -11.245372
v -31.208317 3.523130 -11.245372
v -31.208317 3.523130 -11.438112
v -31.208317 3.276576 -11.835477
v -31.208317 3.276576 -11.642736
v -31.208317 3.523130 -11.642736
v -31.208317 3.523130 -11.835477
v -31.208317 3.276576 -12.232841
v -31.208317 3.276576 -12.040100
v -31.208317 3.523130 -12.040100
v -31.208317 3.523130 -12.232841
v -31.208317 3.276576 -12.630205
v -31.208317 3.276576 -12.437465
v -31.208317 3.523130 -12.437465
v -31.208317 3.523130 -12.630205
v -31.208317 3.276576 -13.027570
v -31.208317 3.276576 -12.834829
v -31.208317 3.523130 -12.834829
v -31.208317 3.523130 -13.027570
v -35.056252 3.820764 -9.553603
v -31.181984 3.820764 -9.553603
v -35.056252 3.820764 -13.527246
v -31.181984 3.820764 -13.527246
v -35.056252 4.461588 -13.527246
v -35.056252 4.461588 -9.553603
v -31.181984 4.461588 -9.553603
v -31.181984 4.461588 -13.527246
v -35.056252 4.656909 -13.527246
v -35.056252 4.656909 -9.553603
v -31.181984 4.656909 -9.553603
v -31.181984 4.656909 -13.527246
v -35.173744 4.567084 -13.644740
v -35.173744 4.567084 -9.436109
v -31.064489 4.567084 -9.436109
v -31.064489 4.567084 -13.644740
v -35.173744 4.656909 -13.644740
v -35.173744 4.656909 -9.436109
v -31.064489 4.656909 -9.436109
v -31.064489 4.656909 -13.644740
v -31.181984 3.904915 -13.527246
v -31.181984 4.010410 -9.553603
v -35.056252 3.904915 -9.553603
v -35.056252 4.010410 -13.527246
v -34.571968 3.820764 -9.553603
v -34.087685 3.820764 -9.553603
v -33.603401 3.820764 -9.553603
v -33.119118 3.820764 -9.553603
v -32.634834 3.820764 -9.553603
v -32.150551 3.820764 -9.553603
v -31.666267 3.820764 -9.553603
v -31.666267 3.820764 -13.527246
v -32.150551 3.820764 -13.527246
v -32.634834 3.820764 -13.527246
v -33.119118 3.820764 -13.527246
v -33.603401 3.820764 -13.527246
v -34.087685 3.820764 -13.527246
v -34.571968 3.820764 -13.527246
v -34.571968 4.461588 -9.553603
v -34.087685 4.461588 -9.553603
v -33.603401 4.461588 -9.553603
v -33.119118 4.461588 -9.553603
v -32.634834 4.461588 -9.553603
v -32.150551 4.461588 -9.553603
v -31.666267 4.461588 -9.553603
v -31.666267 4.461588 -13.527246
v -32.150551 4.461588 -13.527246
v -32.634834 4.461588 -13.527246
v -33.119118 4.461588 -13.527246
v -33.603401 4.461588 -13.527246
v -34.087685 4.461588 -13.527246
v -34.571968 4.461588 -13.527246
v -34.571968 4.656909 -9.553603
v -34.087685 4.656909 -9.553603
v -33.603401 4.656909 -9.553603
v -33.119118 4.656909 -9.553603
v -32.634834 4.656909 -9.553603
v -32.150551 4.656909 -9.553603
v -31.666267 4.656909 -9.553603
v -31.666267 4.656909 -13.527246
v -32.150551 4.656909 -13.527246
v -32.634834 4.656909 -13.527246
v -33.119118 4.656909 -13.527246
v -33.603401 4.656909 -13.527246
v -34.087685 4.656909 -13.527246
v -34.571968 4.656909 -13.527246
v -34.660088 4.567084 -9.436109
v -34.146431 4.567084 -9.436109
v -33.632774 4.567084 -9.436109
v -33.119118 4.567084 -9.436109
v -32.605461 4.567084 -9.436109
v -32.091805 4.567084 -9.436109
v -31.578148 4.567084 -9.436109
v -31.578148 4.567084 -13.644740
v -32.091805 4.567084 -13.644740
v -32.605461 4.567084 -13.644740
v -33.119118 4.567084 -13.644740
v -33.632774 4.567084 -13.644740
v -34.146431 4.567084 -13.644740
v -34.660088 4.567084 -13.644740
v -34.660088 4.656909 -9.436109
v -34.146431 4.656909 -9.436109
v -33.632774 4.656909 -9.436109
v -33.119118 4.656909 -9.436109
v -32.605461 4.656909 -9.436109
v -32.091805 4.656909 -9.436109
v -31.578148 4.656909 -9.436109
v -31.578148 4.656909 -13.644740
v -32.091805 4.656909 -13.644740
v -32.605461 4.656909 -13.644740
v -33.119118 4.656909 -13.644740
v -33.632774 4.656909 -13.644740
v -34.146431 4.656909 -13.644740
v -34.660088 4.656909 -13.644740
v -31.666267 4.010411 -9.553603
v -32.150551 4.010411 -9.553603
v -32.634834 4.010410 -9.553603
v -33.119118 4.010410 -9.553603
v -33.603401 4.010411 -9.553603
v -34.087685 4.010411 -9.553603
v -34.571968 4.010411 -9.553603
v -34.571968 4.010411 -13.527246
v -34.087685 4.010411 -13.527246
v -33.603401 4.010410 -13.527246
v -33.119118 4.010410 -13.527246
v -32.634834 4.010411 -13.527246
v -32.150551 4.010411 -13.527246
v -31.666267 4.010411 -13.527246
v -35.056252 3.820764 -13.129882
v -35.056252 3.820764 -12.732517
v -35.056252 3.820764 -12.335153
v -35.056252 3.820764 -11.937789
v -35.056252 3.820764 -11.540424
v -35.056252 3.820764 -11.143060
v -35.056252 3.820764 -10.745696
v -35.056252 3.820764 -10.348331
v -35.056252 3.820764 -9.950967
v -31.181984 3.820764 -9.950967
v -31.181984 3.820764 -10.348331
v -31.181984 3.820764 -10.745696
v -31.181984 3.820764 -11.143060
v -31.181984 3.820764 -11.540424
v -31.181984 3.820764 -11.937789
v -31.181984 3.820764 -12.335153
v -31.181984 3.820764 -12.732517
v -31.181984 3.820764 -13.129882
v -35.056252 4.461588 -13.129882
v -35.056252 4.461588 -12.732517
v -35.056252 4.461588 -12.335153
v -35.056252 4.461588 -11.937789
v -35.056252 4.461588 -11.540424
v -35.056252 4.461588 -11.143060
v -35.056252 4.461588 -10.745696
v -35.056252 4.461588 -10.348331
v -35.056252 4.461588 -9.950967
v -31.181984 4.461588 -9.950967
v -31.181984 4.461588 -10.348331
v -31.181984 4.461588 -10.745696
v -31.181984 4.461588 -11.143060
v -31.181984 4.461588 -11.540424
v -31.181984 4.461588 -11.937789
v -31.181984 4.461588 -12.335153
v -31.181984 4.461588 -12.732517
v -31.181984 4.461588 -13.129882
v -35.056252 4.656909 -13.129882
v -35.056252 4.656909 -12.732517
v -35.056252 4.656909 -12.335153
v -35.056252 4.656909 -11.937789
v -35.056252 4.656909 -11.540424
v -35.056252 4.656909 -11.143060
v -35.056252 4.656909 -10.745696
v -35.056252 4.656909 -10.348331
v -35.056252 4.656909 -9.950967
v -31.181984 4.656909 -9.950967
v -31.181984 4.656909 -10.348331
v -31.181984 4.656909 -10.745696
v -31.181984 4.656909 -11.143060
v -31.181984 4.656909 -11.540424
v -31.181984 4.656909 -11.937789
v -31.181984 4.656909 -12.335153
v -31.181984 4.656909 -12.732517
v -31.181984 4.656909 -13.129882
v -35.173744 4.567084 -13.223877
v -35.173744 4.567084 -12.803014
v -35.173744 4.567084 -12.382151
v -35.173744 4.567084 -11.961287
v -35.173744 4.567084 -11.540424
v -35.173744 4.567084 -11.119561
v -35.173744 4.567084 -10.698698
v -35.173744 4.567084 -10.277835
v -35.173744 4.567084 -9.856972
v -31.064489 4.567084 -9.856972
v -31.064489 4.567084 -10.277835
v -31.064489 4.567084 -10.698698
v -31.064489 4.567084 -11.119561
v -31.064489 4.567084 -11.540424
v -31.064489 4.567084 -11.961287
v -31.064489 4.567084 -12.382151
v -31.064489 4.567084 -12.803014
v -31.064489 4.567084 -13.223877
v -35.173744 4.656909 -13.223877
v -35.173744 4.656909 -12.803014
v -35.173744 4.656909 -12.382151
v -35.173744 4.656909 -11.961287
v -35.173744 4.656909 -11.540424
v -35.173744 4.656909 -11.119561
v -35.173744 4.656909 -10.698698
v -35.173744 4.656909 -10.277835
v -35.173744 4.656909 -9.856972
v -31.064489 4.656909 -9.856972
v -31.064489 4.656909 -10.277835
v -31.064489 4.656909 -10.698698
v -31.064489 4.656909 -11.119561
v -31.064489 4.656909 -11.540424
v -31.064489 4.656909 -11.961287
v -31.064489 4.656909 -12.382151
v -31.064489 4.656909 -12.803014
v -31.064489 4.656909 -13.223877
v -35.056252 4.010410 -9.950967
v -35.056252 4.010410 -10.348331
v -35.056252 4.010411 -10.745696
v -35.056252 4.010410 -11.143060
v -35.056252 4.010410 -11.540424
v -35.056252 4.010410 -11.937789
v -35.056252 4.010410 -12.335153
v -35.056252 4.010410 -12.732517
v -35.056252 4.010410 -13.129882
v -31.181984 4.010410 -13.129882
v -31.181984 4.010410 -12.732517
v -31.181984 4.010411 -12.335153
v -31.181984 4.010410 -11.937789
v -31.181984 4.010410 -11.540424
v -31.181984 4.010410 -11.143060
v -31.181984 4.010410 -10.745696
v -31.181984 4.010410 -10.348331
v -31.181984 4.010410 -9.950967
v -34.571968 4.656909 -9.950967
v -34.571968 4.656909 -10.348331
v -34.571968 4.656909 -10.745696
v -34.571968 4.656909 -11.143060
v -34.571968 4.656909 -11.540424
v -34.571968 4.656909 -11.937789
v -34.571968 4.656909 -12.335153
v -34.571968 4.656909 -12.732517
v -34.571968 4.656909 -13.129882
v -34.087685 4.656909 -9.950967
v -34.087685 4.656909 -10.348331
v -34.087685 4.656909 -10.745696
v -34.087685 4.656909 -11.143060
v -34.087685 4.656909 -11.540424
v -34.087685 4.656909 -11.937789
v -34.087685 4.656909 -12.335153
v -34.087685 4.656909 -12.732517
v -34.087685 4.656909 -13.129882
v -33.603401 4.656909 -9.950967
v -33.603401 4.656909 -10.348331
v -33.603401 4.656909 -10.745696
v -33.603401 4.656909 -11.143060
v -33.603401 4.656909 -11.540424
v -33.603401 4.656909 -11.937789
v -33.603401 4.656909 -12.335153
v -33.603401 4.656909 -12.732517
v -33.603401 4.656909 -13.129882
v -33.119118 4.656909 -9.950967
v -33.119118 4.656909 -10.348331
v -33.119118 4.656909 -10.745696
v -33.119118 4.656909 -11.143060
v -33.119118 4.656909 -11.540424
v -33.119118 4.656909 -11.937789
v -33.119118 4.656909 -12.335153
v -33.119118 4.656909 -12.732517
v -33.119118 4.656909 -13.129882
v -32.634834 4.656909 -9.950967
v -32.634834 4.656909 -10.348331
v -32.634834 4.656909 -10.745696
v -32.634834 4.656909 -11.143060
v -32.634834 4.656909 -11.540424
v -32.634834 4.656909 -11.937789
v -32.634834 4.656909 -12.335153
v -32.634834 4.656909 -12.732517
v -32.634834 4.656909 -13.129882
v -32.150551 4.656909 -9.950967
v -32.150551 4.656909 -10.348331
v -32.150551 4.656909 -10.745696
v -32.150551 4.656909 -11.143060
v -32.150551 4.656909 -11.540424
v -32.150551 4.656909 -11.937789
v -32.150551 4.656909 -12.335153
v -32.150551 4.656909 -12.732517
v -32.150551 4.656909 -13.129882
v -31.666267 4.656909 -9.950967
v -31.666267 4.656909 -10.348331
v -31.666267 4.656909 -10.745696
v -31.666267 4.656909 -11.143060
v -31.666267 4.656909 -11.540424
v -31.666267 4.656909 -11.937789
v -31.666267 4.656909 -12.335153
v -31.666267 4.656909 -12.732517
v -31.666267 4.656909 -13.129882
v -34.571968 3.820764 -13.129882
v -34.571968 3.820764 -12.732517
v -34.571968 3.820764 -12.335153
v -34.571968 3.820764 -11.937789
v -34.571968 3.820764 -11.540424
v -34.571968 3.820764 -11.143060
v -34.571968 3.820764 -10.745696
v -34.571968 3.820764 -10.348331
v -34.571968 3.820764 -9.950967
v -34.087685 3.820764 -13.129882
v -34.087685 3.820764 -12.732517
v -34.087685 3.820764 -12.335153
v -34.087685 3.820764 -11.937789
v -34.087685 3.820764 -11.540424
v -34.087685 3.820764 -11.143060
v -34.087685 3.820764 -10.745696
v -34.087685 3.820764 -10.348331
v -34.087685 3.820764 -9.950967
v -33.603401 3.820764 -13.129882
v -33.603401 3.820764 -12.732517
v -33.603401 3.820764 -12.335153
v -33.603401 3.820764 -11.937789
v -33.603401 3.820764 -11.540424
v -33.603401 3.820764 -11.143060
v -33.603401 3.820764 -10.745696
v -33.603401 3.820764 -10.348331
v -33.603401 3.820764 -9.950967
v -33.119118 3.820764 -13.129882
v -33.119118 3.820764 -12.732517
v -33.119118 3.820764 -12.335153
v -33.119118 3.820764 -11.937789
v -33.119118 3.820764 -11.540424
v -33.119118 3.820764 -11.143060
v -33.119118 3.820764 -10.745696
v -33.119118 3.820764 -10.348331
v -33.119118 3.820764 -9.950967
v -32.634834 3.820764 -13.129882
v -32.634834 3.820764 -12.732517
v -32.634834 3.820764 -12.335153
v -32.634834 3.820764 -11.937789
v -32.634834 3.820764 -11.540424
v -32.634834 3.820764 -11.143060
v -32.634834 3.820764 -10.745696
v -32.634834 3.820764 -10.348331
v -32.634834 3.820764 -9.950967
v -32.150551 3.820764 -13.129882
v -32.150551 3.820764 -12.732517
v -32.150551 3.820764 -12.335153
v -32.150551 3.820764 -11.937789
v -32.150551 3.820764 -11.540424
v -32.150551 3.820764 -11.143060
v -32.150551 3.820764 -10.745696
v -32.150551 3.820764 -10.348331
v -32.150551 3.820764 -9.950967
v -31.666267 3.820764 -13.129882
v -31.666267 3.820764 -12.732517
v -31.666267 3.820764 -12.335153
v -31.666267 3.820764 -11.937789
v -31.666267 3.820764 -11.540424
v -31.666267 3.820764 -11.143060
v -31.666267 3.820764 -10.745696
v -31.666267 3.820764 -10.348331
v -31.666267 3.820764 -9.950967
v -35.056252 4.567084 -9.950967
v -35.056252 4.567084 -9.553603
v -31.666267 4.567084 -9.553603
v -31.181984 4.567084 -9.553603
v -31.181984 4.567084 -13.129882
v -31.181984 4.567084 -13.527246
v -34.571968 4.567084 -13.527246
v -35.056252 4.567084 -13.527246
v -34.571968 3.904915 -9.553603
v -35.056252 4.010411 -9.553603
v -31.666267 3.904915 -13.527246
v -31.181984 4.010411 -13.527246
v -35.056252 3.904915 -13.129882
v -35.056252 3.904915 -13.527246
v -31.181984 3.904915 -9.950967
v -31.181984 3.904915 -9.553603
v -34.571968 4.567084 -9.553603
v -34.087685 4.567084 -9.553603
v -33.603401 4.567084 -9.553603
v -33.119118 4.567084 -9.553603
v -32.634834 4.567084 -9.553603
v -32.150551 4.567084 -9.553603
v -31.666267 4.567084 -13.527246
v -32.150551 4.567084 -13.527246
v -32.634834 4.567084 -13.527246
v -33.119118 4.567084 -13.527246
v -33.603401 4.567084 -13.527246
v -34.087685 4.567084 -13.527246
v -31.666267 3.904915 -9.553603
v -32.150551 3.904915 -9.553603
v -32.634834 3.904915 -9.553603
v -33.119118 3.904915 -9.553603
v -33.603401 3.904915 -9.553603
v -34.087685 3.904915 -9.553603
v -34.571968 3.904915 -13.527246
v -34.087685 3.904915 -13.527246
v -33.603401 3.904915 -13.527246
v -33.119118 3.904915 -13.527246
v -32.634834 3.904915 -13.527246
v -32.150551 3.904915 -13.527246
v -35.056252 4.567084 -13.129882
v -35.056252 4.567084 -12.732517
v -35.056252 4.567084 -12.335153
v -35.056252 4.567084 -11.937789
v -35.056252 4.567084 -11.540424
v -35.056252 4.567084 -11.143060
v -35.056252 4.567084 -10.745696
v -35.056252 4.567084 -10.348331
v -31.181984 4.567084 -9.950967
v -31.181984 4.567084 -10.348331
v -31.181984 4.567084 -10.745696
v -31.181984 4.567084 -11.143060
v -31.181984 4.567084 -11.540424
v -31.181984 4.567084 -11.937789
v -31.181984 4.567084 -12.335153
v -31.181984 4.567084 -12.732517
v -35.056252 3.904915 -9.950967
v -35.056252 3.904915 -10.348331
v -35.056252 3.904915 -10.745696
v -35.056252 3.904915 -11.143060
v -35.056252 3.904915 -11.540424
v -35.056252 3.904915 -11.937789
v -35.056252 3.904915 -12.335153
v -35.056252 3.904915 -12.732517
v -31.181984 3.904915 -13.129882
v -31.181984 3.904915 -12.732517
v -31.181984 3.904915 -12.335153
v -31.181984 3.904915 -11.937789
v -31.181984 3.904915 -11.540424
v -31.181984 3.904915 -11.143060
v -31.181984 3.904915 -10.745696
v -31.181984 3.904915 -10.348331
v -31.181984 4.112722 -13.232193
v -31.181984 4.112722 -13.424934
v -31.181984 4.359277 -13.424934
v -31.181984 4.359277 -13.232193
v -35.056252 4.112722 -9.848656
v -35.056252 4.112722 -9.655914
v -35.056252 4.359277 -9.655914
v -35.056252 4.359277 -9.848656
v -34.674278 4.112722 -13.527246
v -34.953938 4.112722 -13.527246
v -34.953938 4.359277 -13.527246
v -34.674278 4.359277 -13.527246
v -31.563955 4.112722 -9.553603
v -31.284296 4.112722 -9.553603
v -31.284296 4.359277 -9.553603
v -31.563955 4.359277 -9.553603
v -34.953938 4.112722 -9.553603
v -34.674278 4.112722 -9.553603
v -34.674278 4.359277 -9.553603
v -34.953938 4.359277 -9.553603
v -34.469654 4.112722 -9.553603
v -34.189995 4.112722 -9.553603
v -34.189995 4.359277 -9.553603
v -34.469654 4.359277 -9.553603
v -33.985374 4.112722 -9.553603
v -33.705711 4.112722 -9.553603
v -33.705711 4.359277 -9.553603
v -33.985371 4.359277 -9.553603
v -33.501091 4.112722 -9.553603
v -33.221428 4.112722 -9.553603
v -33.221428 4.359277 -9.553603
v -33.501091 4.359277 -9.553603
v -33.016808 4.112722 -9.553603
v -32.737144 4.112722 -9.553603
v -32.737144 4.359277 -9.553603
v -33.016808 4.359277 -9.553603
v -32.532524 4.112722 -9.553603
v -32.252865 4.112722 -9.553603
v -32.252861 4.359277 -9.553603
v -32.532524 4.359277 -9.553603
v -32.048241 4.112722 -9.553603
v -31.768579 4.112722 -9.553603
v -31.768579 4.359277 -9.553603
v -32.048241 4.359277 -9.553603
v -31.284296 4.112722 -13.527246
v -31.563955 4.112722 -13.527246
v -31.563955 4.359277 -13.527246
v -31.284296 4.359277 -13.527246
v -31.768579 4.112722 -13.527246
v -32.048241 4.112722 -13.527246
v -32.048241 4.359277 -13.527246
v -31.768579 4.359277 -13.527246
v -32.252861 4.112722 -13.527246
v -32.532524 4.112722 -13.527246
v -32.532524 4.359277 -13.527246
v -32.252865 4.359277 -13.527246
v -32.737144 4.112722 -13.527246
v -33.016808 4.112722 -13.527246
v -33.016808 4.359277 -13.527246
v -32.737144 4.359277 -13.527246
v -33.221428 4.112722 -13.527246
v -33.501091 4.112722 -13.527246
v -33.501091 4.359277 -13.527246
v -33.221428 4.359277 -13.527246
v -33.705711 4.112722 -13.527246
v -33.985371 4.112722 -13.527246
v -33.985374 4.359277 -13.527246
v -33.705711 4.359277 -13.527246
v -34.189995 4.112722 -13.527246
v -34.469654 4.112722 -13.527246
v -34.469654 4.359277 -13.527246
v -34.189995 4.359277 -13.527246
v -35.056252 4.112722 -13.424934
v -35.056252 4.112722 -13.232193
v -35.056252 4.359277 -13.232193
v -35.056252 4.359277 -13.424934
v -35.056252 4.112722 -13.027570
v -35.056252 4.112722 -12.834829
v -35.056252 4.359277 -12.834829
v -35.056252 4.359277 -13.027570
v -35.056252 4.112722 -12.630205
v -35.056252 4.112722 -12.437465
v -35.056252 4.359277 -12.437465
v -35.056252 4.359277 -12.630205
v -35.056252 4.112722 -12.232841
v -35.056252 4.112722 -12.040100
v -35.056252 4.359277 -12.040100
v -35.056252 4.359277 -12.232841
v -35.056252 4.112722 -11.835477
v -35.056252 4.112722 -11.642736
v -35.056252 4.359277 -11.642736
v -35.056252 4.359277 -11.835477
v -35.056252 4.112722 -11.438112
v -35.056252 4.112722 -11.245372
v -35.056252 4.359277 -11.245372
v -35.056252 4.359277 -11.438112
v -35.056252 4.112722 -11.040749
v -35.056252 4.112722 -10.848007
v -35.056252 4.359277 -10.848007
v -35.056252 4.359277 -11.040749
v -35.056252 4.112722 -10.643384
v -35.056252 4.112722 -10.450644
v -35.056252 4.359277 -10.450644
v -35.056252 4.359277 -10.643384
v -35.056252 4.112722 -10.246019
v -35.056252 4.112722 -10.053279
v -35.056252 4.359277 -10.053279
v -35.056252 4.359277 -10.246019
v -31.181984 4.112722 -9.655914
v -31.181984 4.112722 -9.848656
v -31.181984 4.359277 -9.848656
v -31.181984 4.359277 -9.655914
v -31.181984 4.112722 -10.053279
v -31.181984 4.112722 -10.246019
v -31.181984 4.359277 -10.246019
v -31.181984 4.359277 -10.053279
v -31.181984 4.112722 -10.450644
v -31.181984 4.112722 -10.643384
v -31.181984 4.359277 -10.643384
v -31.181984 4.359277 -10.450644
v -31.181984 4.112722 -10.848007
v -31.181984 4.112722 -11.040749
v -31.181984 4.359277 -11.040749
v -31.181984 4.359277 -10.848007
v -31.181984 4.112722 -11.245372
v -31.181984 4.112722 -11.438112
v -31.181984 4.359277 -11.438112
v -31.181984 4.359277 -11.245372
v -31.181984 4.112722 -11.642736
v -31.181984 4.112722 -11.835477
v -31.181984 4.359277 -11.835477
v -31.181984 4.359277 -11.642736
v -31.181984 4.112722 -12.040100
v -31.181984 4.112722 -12.232841
v -31.181984 4.359277 -12.232841
v -31.181984 4.359277 -12.040100
v -31.181984 4.112722 -12.437465
v -31.181984 4.112722 -12.630205
v -31.181984 4.359277 -12.630205
v -31.181984 4.359277 -12.437465
v -31.181984 4.112722 -12.834829
v -31.181984 4.112722 -13.027570
v -31.181984 4.359277 -13.027570
v -31.181984 4.359277 -12.834829
v -31.208317 4.112722 -13.424934
v -31.208317 4.112722 -13.232193
v -31.208317 4.359277 -13.232193
v -31.208317 4.359277 -13.424934
v -35.029919 4.112722 -9.655914
v -35.029919 4.112722 -9.848656
v -35.029919 4.359277 -9.848656
v -35.029919 4.359277 -9.655914
v -34.953938 4.112722 -13.500913
v -34.674278 4.112722 -13.500913
v -34.674278 4.359277 -13.500913
v -34.953938 4.359277 -13.500913
v -31.284296 4.112722 -9.579936
v -31.563955 4.112722 -9.579936
v -31.563955 4.359277 -9.579936
v -31.284296 4.359277 -9.579936
v -34.674278 4.112722 -9.579936
v -34.953938 4.112722 -9.579936
v -34.953938 4.359277 -9.579936
v -34.674278 4.359277 -9.579936
v -34.189995 4.112722 -9.579936
v -34.469654 4.112722 -9.579936
v -34.469654 4.359277 -9.579936
v -34.189995 4.359277 -9.579936
v -33.705711 4.112722 -9.579936
v -33.985374 4.112722 -9.579936
v -33.985371 4.359277 -9.579936
v -33.705711 4.359277 -9.579936
v -33.221428 4.112722 -9.579936
v -33.501091 4.112722 -9.579936
v -33.501091 4.359277 -9.579936
v -33.221428 4.359277 -9.579936
v -32.737144 4.112722 -9.579936
v -33.016808 4.112722 -9.579936
v -33.016808 4.359277 -9.579936
v -32.737144 4.359277 -9.579936
v -32.252865 4.112722 -9.579936
v -32.532524 4.112722 -9.579936
v -32.532524 4.359277 -9.579936
v -32.252861 4.359277 -9.579936
v -31.768579 4.112722 -9.579936
v -32.048241 4.112722 -9.579936
v -32.048241 4.359277 -9.579936
v -31.768579 4.359277 -9.579936
v -31.563955 4.112722 -13.500913
v -31.284296 4.112722 -13.500913
v -31.284296 4.359277 -13.500913
v -31.563955 4.359277 -13.500913
v -32.048241 4.112722 -13.500913
v -31.768579 4.112722 -13.500913
v -31.768579 4.359277 -13.500913
v -32.048241 4.359277 -13.500913
v -32.532524 4.112722 -13.500913
v -32.252861 4.112722 -13.500913
v -32.252865 4.359277 -13.500913
v -32.532524 4.359277 -13.500913
v -33.016808 4.112722 -13.500913
v -32.737144 4.112722 -13.500913
v -32.737144 4.359277 -13.500913
v -33.016808 4.359277 -13.500913
v -33.501091 4.112722 -13.500913
v -33.221428 4.112722 -13.500913
v -33.221428 4.359277 -13.500913
v -33.501091 4.359277 -13.500913
v -33.985371 4.112722 -13.500913
v -33.705711 4.112722 -13.500913
v -33.705711 4.359277 -13.500913
v -33.985374 4.359277 -13.500913
v -34.469654 4.112722 -13.500913
v -34.189995 4.112722 -13.500913
v -34.189995 4.359277 -13.500913
v -34.469654 4.359277 -13.500913
v -35.029919 4.112722 -13.232193
v -35.029919 4.112722 -13.424934
v -35.029919 4.359277 -13.424934
v -35.029919 4.359277 -13.232193
v -35.029919 4.112722 -12.834829
v -35.029919 4.112722 -13.027570
v -35.029919 4.359277 -13.027570
v -35.029919 4.359277 -12.834829
v -35.029919 4.112722 -12.437465
v -35.029919 4.112722 -12.630205
v -35.029919 4.359277 -12.630205
v -35.029919 4.359277 -12.437465
v -35.029919 4.112722 -12.040100
v -35.029919 4.112722 -12.232841
v -35.029919 4.359277 -12.232841
v -35.029919 4.359277 -12.040100
v -35.029919 4.112722 -11.642736
v -35.029919 4.112722 -11.835477
v -35.029919 4.359277 -11.835477
v -35.029919 4.359277 -11.642736
v -35.029919 4.112722 -11.245372
v -35.029919 4.112722 -11.438112
v -35.029919 4.359277 -11.438112
v -35.029919 4.359277 -11.245372
v -35.029919 4.112722 -10.848007
v -35.029919 4.112722 -11.040749
v -35.029919 4.359277 -11.040749
v -35.029919 4.359277 -10.848007
v -35.029919 4.112722 -10.450644
v -35.029919 4.112722 -10.643384
v -35.029919 4.359277 -10.643384
v -35.029919 4.359277 -10.450644
v -35.029919 4.112722 -10.053279
v -35.029919 4.112722 -10.246019
v -35.029919 4.359277 -10.246019
v -35.029919 4.359277 -10.053279
v -31.208317 4.112722 -9.848656
v -31.208317 4.112722 -9.655914
v -31.208317 4.359277 -9.655914
v -31.208317 4.359277 -9.848656
v -31.208317 4.112722 -10.246019
v -31.208317 4.112722 -10.053279
v -31.208317 4.359277 -10.053279
v -31.208317 4.359277 -10.246019
v -31.208317 4.112722 -10.643384
v -31.208317 4.112722 -10.450644
v -31.208317 4.359277 -10.450644
v -31.208317 4.359277 -10.643384
v -31.208317 4.112722 -11.040749
v -31.208317 4.112722 -10.848007
v -31.208317 4.359277 -10.848007
v -31.208317 4.359277 -11.040749
v -31.208317 4.112722 -11.438112
v -31.208317 4.112722 -11.245372
v -31.208317 4.359277 -11.245372
v -31.208317 4.359277 -11.438112
v -31.208317 4.112722 -11.835477
v -31.208317 4.112722 -11.642736
v -31.208317 4.359277 -11.642736
v -31.208317 4.359277 -11.835477
v -31.208317 4.112722 -12.232841
v -31.208317 4.112722 -12.040100
v -31.208317 4.359277 -12.040100
v -31.208317 4.359277 -12.232841
v -31.208317 4.112722 -12.630205
v -31.208317 4.112722 -12.437465
v -31.208317 4.359277 -12.437465
v -31.208317 4.359277 -12.630205
v -31.208317 4.112722 -13.027570
v -31.208317 4.112722 -12.834829
v -31.208317 4.359277 -12.834829
v -31.208317 4.359277 -13.027570
v -35.056252 4.656909 -9.553603
v -31.181984 4.656909 -9.553603
v -35.056252 4.656909 -13.527246
v -31.181984 4.656909 -13.527246
v -35.056252 5.297734 -13.527246
v -35.056252 5.297734 -9.553603
v -31.181984 5.297734 -9.553603
v -31.181984 5.297734 -13.527246
v -35.056252 5.493055 -13.527246
v -35.056252 5.493055 -9.553603
v -31.181984 5.493055 -9.553603
v -31.181984 5.493055 -13.527246
v -35.173744 5.403230 -13.644740
v -35.173744 5.403230 -9.436109
v -31.064489 5.403230 -9.436109
v -31.064489 5.403230 -13.644740
v -35.173744 5.493055 -13.644740
v -35.173744 5.493055 -9.436109
v -31.064489 5.493055 -9.436109
v -31.064489 5.493055 -13.644740
v -31.181984 4.741061 -13.527246
v -31.181984 4.846556 -9.553603
v -35.056252 4.741061 -9.553603
v -35.056252 4.846556 -13.527246
v -34.571968 4.656909 -9.553603
v -34.087685 4.656909 -9.553603
v -33.603401 4.656909 -9.553603
v -33.119118 4.656909 -9.553603
v -32.634834 4.656909 -9.553603
v -32.150551 4.656909 -9.553603
v -31.666267 4.656909 -9.553603
v -31.666267 4.656909 -13.527246
v -32.150551 4.656909 -13.527246
v -32.634834 4.656909 -13.527246
v -33.119118 4.656909 -13.527246
v -33.603401 4.656909 -13.527246
v -34.087685 4.656909 -13.527246
v -34.571968 4.656909 -13.527246
v -34.571968 5.297734 -9.553603
v -34.087685 5.297734 -9.553603
v -33.603401 5.297734 -9.553603
v -33.119118 5.297734 -9.553603
v -32.634834 5.297734 -9.553603
v -32.150551 5.297734 -9.553603
v -31.666267 5.297734 -9.553603
v -31.666267 5.297734 -13.527246
v -32.150551 5.297734 -13.527246
v -32.634834 5.297734 -13.527246
v -33.119118 5.297734 -13.527246
v -33.603401 5.297734 -13.527246
v -34.087685 5.297734 -13.527246
v -34.571968 5.297734 -13.527246
v -34.571968 5.493055 -9.553603
v -34.087685 5.493055 -9.553603
v -33.603401 5.493055 -9.553603
v -33.119118 5.493055 -9.553603
v -32.634834 5.493055 -9.553603
v -32.150551 5.493055 -9.553603
v -31.666267 5.493055 -9.553603
v -31.666267 5.493055 -13.527246
v -32.150551 5.493055 -13.527246
v -32.634834 5.493055 -13.527246
v -33.119118 5.493055 -13.527246
v -33.603401 5.493055 -13.527246
v -34.087685 5.493055 -13.527246
v -34.571968 5.493055 -13.527246
v -34.660088 5.403230 -9.436109
v -34.146431 5.403230 -9.436109
v -33.632774 5.403230 -9.436109
v -33.119118 5.403230 -9.436109
v -32.605461 5.403230 -9.436109
v -32.091805 5.403230 -9.436109
v -31.578148 5.403230 -9.436109
v -31.578148 5.403230 -13.644740
v -32.091805 5.403230 -13.644740
v -32.605461 5.403230 -13.644740
v -33.119118 5.403230 -13.644740
v -33.632774 5.403230 -13.644740
v -34.146431 5.403230 -13.644740
v -34.660088 5.403230 -13.644740
v -34.660088 5.493055 -9.436109
v -34.146431 5.493055 -9.436109
v -33.632774 5.493055 -9.436109
v -33.119118 5.493055 -9.436109
v -32.605461 5.493055 -9.436109
v -32.091805 5.493055 -9.436109
v -31.578148 5.493055 -9.436109
v -31.578148 5.493055 -13.644740
v -32.091805 5.493055 -13.644740
v -32.605461 5.493055 -13.644740
v -33.119118 5.493055 -13.644740
v -33.632774 5.493055 -13.644740
v -34.146431 5.493055 -13.644740
v -34.660088 5.493055 -13.644740
v -31.666267 4.846557 -9.553603
v -32.150551 4.846557 -9.553603
v -32.634834 4.846556 -9.553603
v -33.119118 4.846556 -9.553603
v -33.603401 4.846557 -9.553603
v -34.087685 4.846557 -9.553603
v -34.571968 4.846557 -9.553603
v -34.571968 4.846557 -13.527246
v -34.087685 4.846557 -13.527246
v -33.603401 4.846556 -13.527246
v -33.119118 4.846556 -13.527246
v -32.634834 4.846557 -13.527246
v -32.150551 4.846557 -13.527246
v -31.666267 4.846557 -13.527246
v -35.056252 4.656909 -13.129882
v -35.056252 4.656909 -12.732517
v -35.056252 4.656909 -12.335153
v -35.056252 4.656909 -11.937789
v -35.056252 4.656909 -11.540424
v -35.056252 4.656909 -11.143060
v -35.056252 4.656909 -10.745696
v -35.056252 4.656909 -10.348331
v -35.056252 4.656909 -9.950967
v -31.181984 4.656909 -9.950967
v -31.181984 4.656909 -10.348331
v -31.181984 4.656909 -10.745696
v -31.181984 4.656909 -11.143060
v -31.181984 4.656909 -11.540424
v -31.181984 4.656909 -11.937789
v -31.181984 4.656909 -12.335153
v -31.181984 4.656909 -12.732517
v -31.181984 4.656909 -13.129882
v -35.056252 5.297734 -13.129882
v -35.056252 5.297734 -12.732517
v -35.056252 5.297734 -12.335153
v -35.056252 5.297734 -11.937789
v -35.056252 5.297734 -11.540424
v -35.056252 5.297734 -11.143060
v -35.056252 5.297734 -10.745696
v -35.056252 5.297734 -10.348331
v -35.056252 5.297734 -9.950967
v -31.181984 5.297734 -9.950967
v -31.181984 5.297734 -10.348331
v -31.181984 5.297734 -10.745696
v -31.181984 5.297734 -11.143060
v -31.181984 5.297734 -11.540424
v -31.181984 5.297734 -11.937789
v -31.181984 5.297734 -12.335153
v -31.181984 5.297734 -12.732517
v -31.181984 5.297734 -13.129882
v -35.056252 5.493055 -13.129882
v -35.056252 5.493055 -12.732517
v -35.056252 5.493055 -12.335153
v -35.056252 5.493055 -11.937789
v -35.056252 5.493055 -11.540424
v -35.056252 5.493055 -11.143060
v -35.056252 5.493055 -10.745696
v -35.056252 5.493055 -10.348331
v -35.056252 5.493055 -9.950967
v -31.181984 5.493055 -9.950967
v -31.181984 5.493055 -10.348331
v -31.181984 5.493055 -10.745696
v -31.181984 5.493055 -11.143060
v -31.181984 5.493055 -11.540424
v -31.181984 5.493055 -11.937789
v -31.181984 5.493055 -12.335153
v -31.181984 5.493055 -12.732517
v -31.181984 5.493055 -13.129882
v -35.173744 5.403230 -13.223877
v -35.173744 5.403230 -12.803014
v -35.173744 5.403230 -12.382151
v -35.173744 5.403230 -11.961287
v -35.173744 5.403230 -11.540424
v -35.173744 5.403230 -11.119561
v -35.173744 5.403230 -10.698698
v -35.173744 5.403230 -10.277835
v -35.173744 5.403230 -9.856972
v -31.064489 5.403230 -9.856972
v -31.064489 5.403230 -10.277835
v -31.064489 5.403230 -10.698698
v -31.064489 5.403230 -11.119561
v -31.064489 5.403230 -11.540424
v -31.064489 5.403230 -11.961287
v -31.064489 5.403230 -12.382151
v -31.064489 5.403230 -12.803014
v -31.064489 5.403230 -13.223877
v -35.173744 5.493055 -13.223877
v -35.173744 5.493055 -12.803014
v -35.173744 5.493055 -12.382151
v -35.173744 5.493055 -11.961287
v -35.173744 5.493055 -11.540424
v -35.173744 5.493055 -11.119561
v -35.173744 5.493055 -10.698698
v -35.173744 5.493055 -10.277835
v -35.173744 5.493055 -9.856972
v -31.064489 5.493055 -9.856972
v -31.064489 5.493055 -10.277835
v -31.064489 5.493055 -10.698698
v -31.064489 5.493055 -11.119561
v -31.064489 5.493055 -11.540424
v -31.064489 5.493055 -11.961287
v -31.064489 5.493055 -12.382151
v -31.064489 5.493055 -12.803014
v -31.064489 5.493055 -13.223877
v -35.056252 4.846556 -9.950967
v -35.056252 4.846556 -10.348331
v -35.056252 4.846557 -10.745696
v -35.056252 4.846556 -11.143060
v -35.056252 4.846556 -11.540424
v -35.056252 4.846556 -11.937789
v -35.056252 4.846556 -12.335153
v -35.056252 4.846556 -12.732517
v -35.056252 4.846556 -13.129882
v -31.181984 4.846556 -13.129882
v -31.181984 4.846556 -12.732517
v -31.181984 4.846557 -12.335153
v -31.181984 4.846556 -11.937789
v -31.181984 4.846556 -11.540424
v -31.181984 4.846556 -11.143060
v -31.181984 4.846556 -10.745696
v -31.181984 4.846556 -10.348331
v -31.181984 4.846556 -9.950967
v -34.571968 5.493055 -9.950967
v -34.571968 5.493055 -10.348331
v -34.571968 5.493055 -10.745696
v -34.571968 5.493055 -11.143060
v -34.571968 5.493055 -11.540424
v -34.571968 5.493055 -11.937789
v -34.571968 5.493055 -12.335153
v -34.571968 5.493055 -12.732517
v -34.571968 5.493055 -13.129882
v -34.087685 5.493055 -9.950967
v -34.087685 5.493055 -10.348331
v -34.087685 5.493055 -10.745696
v -34.087685 5.493055 -11.143060
v -34.087685 5.493055 -11.540424
v -34.087685 5.493055 -11.937789
v -34.087685 5.493055 -12.335153
v -34.087685 5.493055 -12.732517
v -34.087685 5.493055 -13.129882
v -33.603401 5.493055 -9.950967
v -33.603401 5.493055 -10.348331
v -33.603401 5.493055 -10.745696
v -33.603401 5.493055 -11.143060
v -33.603401 5.493055 -11.540424
v -33.603401 5.493055 -11.937789
v -33.603401 5.493055 -12.335153
v -33.603401 5.493055 -12.732517
v -33.603401 5.493055 -13.129882
v -33.119118 5.493055 -9.950967
v -33.119118 5.493055 -10.348331
v -33.119118 5.493055 -10.745696
v -33.119118 5.493055 -11.143060
v -33.119118 5.493055 -11.540424
v -33.119118 5.493055 -11.937789
v -33.119118 5.493055 -12.335153
v -33.119118 5.493055 -12.732517
v -33.119118 5.493055 -13.129882
v -32.634834 5.493055 -9.950967
v -32.634834 5.493055 -10.348331
v -32.634834 5.493055 -10.745696
v -32.634834 5.493055 -11.143060
v -32.634834 5.493055 -11.540424
v -32.634834 5.493055 -11.937789
v -32.634834 5.493055 -12.335153
v -32.634834 5.493055 -12.732517
v -32.634834 5.493055 -13.129882
v -32.150551 5.493055 -9.950967
v -32.150551 5.493055 -10.348331
v -32.150551 5.493055 -10.745696
v -32.150551 5.493055 -11.143060
v -32.150551 5.493055 -11.540424
v -32.150551 5.493055 -11.937789
v -32.150551 5.493055 -12.335153
v -32.150551 5.493055 -12.732517
v -32.150551 5.493055 -13.129882
v -31.666267 5.493055 -9.950967
v -31.666267 5.493055 -10.348331
v -31.666267 5.493055 -10.745696
v -31.666267 5.493055 -11.143060
v -31.666267 5.493055 -11.540424
v -31.666267 5.493055 -11.937789
v -31.666267 5.493055 -12.335153
v -31.666267 5.493055 -12.732517
v -31.666267 5.493055 -13.129882
v -34.571968 4.656909 -13.129882
v -34.571968 4.656909 -12.732517
v -34.571968 4.656909 -12.335153
v -34.571968 4.656909 -11.937789
v -34.571968 4.656909 -11.540424
v -34.571968 4.656909 -11.143060
v -34.571968 4.656909 -10.745696
v -34.571968 4.656909 -10.348331
v -34.571968 4.656909 -9.950967
v -34.087685 4.656909 -13.129882
v -34.087685 4.656909 -12.732517
v -34.087685 4.656909 -12.335153
v -34.087685 4.656909 -11.937789
v -34.087685 4.656909 -11.540424
v -34.087685 4.656909 -11.143060
v -34.087685 4.656909 -10.745696
v -34.087685 4.656909 -10.348331
v -34.087685 4.656909 -9.950967
v -33.603401 4.656909 -13.129882
v -33.603401 4.656909 -12.732517
v -33.603401 4.656909 -12.335153
v -33.603401 4.656909 -11.937789
v -33.603401 4.656909 -11.540424
v -33.603401 4.656909 -11.143060
v -33.603401 4.656909 -10.745696
v -33.603401 4.656909 -10.348331
v -33.603401 4.656909 -9.950967
v -33.119118 4.656909 -13.129882
v -33.119118 4.656909 -12.732517
v -33.119118 4.656909 -12.335153
v -33.119118 4.656909 -11.937789
v -33.119118 4.656909 -11.540424
v -33.119118 4.656909 -11.143060
v -33.119118 4.656909 -10.745696
v -33.119118 4.656909 -10.348331
v -33.119118 4.656909 -9.950967
v -32.634834 4.656909 -13.129882
v -32.634834 4.656909 -12.732517
v -32.634834 4.656909 -12.335153
v -32.634834 4.656909 -11.937789
v -32.634834 4.656909 -11.540424
v -32.634834 4.656909 -11.143060
v -32.634834 4.656909 -10.745696
v -32.634834 4.656909 -10.348331
v -32.634834 4.656909 -9.950967
v -32.150551 4.656909 -13.129882
v -32.150551 4.656909 -12.732517
v -32.150551 4.656909 -12.335153
v -32.150551 4.656909 -11.937789
v -32.150551 4.656909 -11.540424
v -32.150551 4.656909 -11.143060
v -32.150551 4.656909 -10.745696
v -32.150551 4.656909 -10.348331
v -32.150551 4.656909 -9.950967
v -31.666267 4.656909 -13.129882
v -31.666267 4.656909 -12.732517
v -31.666267 4.656909 -12.335153
v -31.666267 4.656909 -11.937789
v -31.666267 4.656909 -11.540424
v -31.666267 4.656909 -11.143060
v -31.666267 4.656909 -10.745696
v -31.666267 4.656909 -10.348331
v -31.666267 4.656909 -9.950967
v -35.056252 5.403230 -9.950967
v -35.056252 5.403230 -9.553603
v -31.666267 5.403230 -9.553603
v -31.181984 5.403230 -9.553603
v -31.181984 5.403230 -13.129882
v -31.181984 5.403230 -13.527246
v -34.571968 5.403230 -13.527246
v -35.056252 5.403230 -13.527246
v -34.571968 4.741061 -9.553603
v -35.056252 4.846557 -9.553603
v -31.666267 4.741061 -13.527246
v -31.181984 4.846557 -13.527246
v -35.056252 4.741061 -13.129882
v -35.056252 4.741061 -13.527246
v -31.181984 4.741061 -9.950967
v -31.181984 4.741061 -9.553603
v -34.571968 5.403230 -9.553603
v -34.087685 5.403230 -9.553603
v -33.603401 5.403230 -9.553603
v -33.119118 5.403230 -9.553603
v -32.634834 5.403230 -9.553603
v -32.150551 5.403230 -9.553603
v -31.666267 5.403230 -13.527246
v -32.150551 5.403230 -13.527246
v -32.634834 5.403230 -13.527246
v -33.119118 5.403230 -13.527246
v -33.603401 5.403230 -13.527246
v -34.087685 5.403230 -13.527246
v -31.666267 4.741061 -9.553603
v -32.150551 4.741061 -9.553603
v -32.634834 4.741061 -9.553603
v -33.119118 4.741061 -9.553603
v -33.603401 4.741061 -9.553603
v -34.087685 4.741061 -9.553603
v -34.571968 4.741061 -13.527246
v -34.087685 4.741061 -13.527246
v -33.603401 4.741061 -13.527246
v -33.119118 4.741061 -13.527246
v -32.634834 4.741061 -13.527246
v -32.150551 4.741061 -13.527246
v -35.056252 5.403230 -13.129882
v -35.056252 5.403230 -12.732517
v -35.056252 5.403230 -12.335153
v -35.056252 5.403230 -11.937789
v -35.056252 5.403230 -11.540424
v -35.056252 5.403230 -11.143060
v -35.056252 5.403230 -10.745696
v -35.056252 5.403230 -10.348331
v -31.181984 5.403230 -9.950967
v -31.181984 5.403230 -10.348331
v -31.181984 5.403230 -10.745696
v -31.181984 5.403230 -11.143060
v -31.181984 5.403230 -11.540424
v -31.181984 5.403230 -11.937789
v -31.181984 5.403230 -12.335153
v -31.181984 5.403230 -12.732517
v -35.056252 4.741061 -9.950967
v -35.056252 4.741061 -10.348331
v -35.056252 4.741061 -10.745696
v -35.056252 4.741061 -11.143060
v -35.056252 4.741061 -11.540424
v -35.056252 4.741061 -11.937789
v -35.056252 4.741061 -12.335153
v -35.056252 4.741061 -12.732517
v -31.181984 4.741061 -13.129882
v -31.181984 4.741061 -12.732517
v -31.181984 4.741061 -12.335153
v -31.181984 4.741061 -11.937789
v -31.181984 4.741061 -11.540424
v -31.181984 4.741061 -11.143060
v -31.181984 4.741061 -10.745696
v -31.181984 4.741061 -10.348331
v -31.181984 4.948868 -13.232193
v -31.181984 4.948868 -13.424934
v -31.181984 5.195423 -13.424934
v -31.181984 5.195423 -13.232193
v -35.056252 4.948868 -9.848656
v -35.056252 4.948868 -9.655914
v -35.056252 5.195423 -9.655914
v -35.056252 5.195423 -9.848656
v -34.674278 4.948868 -13.527246
v -34.953938 4.948868 -13.527246
v -34.953938 5.195423 -13.527246
v -34.674278 5.195423 -13.527246
v -31.563955 4.948868 -9.553603
v -31.284296 4.948868 -9.553603
v -31.284296 5.195423 -9.553603
v -31.563955 5.195423 -9.553603
v -34.953938 4.948868 -9.553603
v -34.674278 4.948868 -9.553603
v -34.674278 5.195423 -9.553603
v -34.953938 5.195423 -9.553603
v -34.469654 4.948868 -9.553603
v -34.189995 4.948868 -9.553603
v -34.189995 5.195423 -9.553603
v -34.469654 5.195423 -9.553603
v -33.985374 4.948868 -9.553603
v -33.705711 4.948868 -9.553603
v -33.705711 5.195423 -9.553603
v -33.985371 5.195423 -9.553603
v -33.501091 4.948868 -9.553603
v -33.221428 4.948868 -9.553603
v -33.221428 5.195423 -9.553603
v -33.501091 5.195423 -9.553603
v -33.016808 4.948868 -9.553603
v -32.737144 4.948868 -9.553603
v -32.737144 5.195423 -9.553603
v -33.016808 5.195423 -9.553603
v -32.532524 4.948868 -9.553603
v -32.252865 4.948868 -9.553603
v -32.252861 5.195423 -9.553603
v -32.532524 5.195423 -9.553603
v -32.048241 4.948868 -9.553603
v -31.768579 4.948868 -9.553603
v -31.768579 5.195423 -9.553603
v -32.048241 5.195423 -9.553603
v -31.284296 4.948868 -13.527246
v -31.563955 4.948868 -13.527246
v -31.563955 5.195423 -13.527246
v -31.284296 5.195423 -13.527246
v -31.768579 4.948868 -13.527246
v -32.048241 4.948868 -13.527246
v -32.048241 5.195423 -13.527246
v -31.768579 5.195423 -13.527246
v -32.252861 4.948868 -13.527246
v -32.532524 4.948868 -13.527246
v -32.532524 5.195423 -13.527246
v -32.252865 5.195423 -13.527246
v -32.737144 4.948868 -13.527246
v -33.016808 4.948868 -13.527246
v -33.016808 5.195423 -13.527246
v -32.737144 5.195423 -13.527246
v -33.221428 4.948868 -13.527246
v -33.501091 4.948868 -13.527246
v -33.501091 5.195423 -13.527246
v -33.221428 5.195423 -13.527246
v -33.705711 4.948868 -13.527246
v -33.985371 4.948868 -13.527246
v -33.985374 5.195423 -13.527246
v -33.705711 5.195423 -13.527246
v -34.189995 4.948868 -13.527246
v -34.469654 4.948868 -13.527246
v -34.469654 5.195423 -13.527246
v -34.189995 5.195423 -13.527246
v -35.056252 4.948868 -13.424934
v -35.056252 4.948868 -13.232193
v -35.056252 5.195423 -13.232193
v -35.056252 5.195423 -13.424934
v -35.056252 4.948868 -13.027570
v -35.056252 4.948868 -12.834829
v -35.056252 5.195423 -12.834829
v -35.056252 5.195423 -13.027570
v -35.056252 4.948868 -12.630205
v -35.056252 4.948868 -12.437465
v -35.056252 5.195423 -12.437465
v -35.056252 5.195423 -12.630205
v -35.056252 4.948868 -12.232841
v -35.056252 4.948868 -12.040100
v -35.056252 5.195423 -12.040100
v -35.056252 5.195423 -12.232841
v -35.056252 4.948868 -11.835477
v -35.056252 4.948868 -11.642736
v -35.056252 5.195423 -11.642736
v -35.056252 5.195423 -11.835477
v -35.056252 4.948868 -11.438112
v -35.056252 4.948868 -11.245372
v -35.056252 5.195423 -11.245372
v -35.056252 5.195423 -11.438112
v -35.056252 4.948868 -11.040749
v -35.056252 4.948868 -10.848007
v -35.056252 5.195423 -10.848007
v -35.056252 5.195423 -11.040749
v -35.056252 4.948868 -10.643384
v -35.056252 4.948868 -10.450644
v -35.056252 5.195423 -10.450644
v -35.056252 5.195423 -10.643384
v -35.056252 4.948868 -10.246019
v -35.056252 4.948868 -10.053279
v -35.056252 5.195423 -10.053279
v -35.056252 5.195423 -10.246019
v -31.181984 4.948868 -9.655914
v -31.181984 4.948868 -9.848656
v -31.181984 5.195423 -9.848656
v -31.181984 5.195423 -9.655914
v -31.181984 4.948868 -10.053279
v -31.181984 4.948868 -10.246019
v -31.181984 5.195423 -10.246019
v -31.181984 5.195423 -10.053279
v -31.181984 4.948868 -10.450644
v -31.181984 4.948868 -10.643384
v -31.181984 5.195423 -10.643384
v -31.181984 5.195423 -10.450644
v -31.181984 4.948868 -10.848007
v -31.181984 4.948868 -11.040749
v -31.181984 5.195423 -11.040749
v -31.181984 5.195423 -10.848007
v -31.181984 4.948868 -11.245372
v -31.181984 4.948868 -11.438112
v -31.181984 5.195423 -11.438112
v -31.181984 5.195423 -11.245372
v -31.181984 4.948868 -11.642736
v -31.181984 4.948868 -11.835477
v -31.181984 5.195423 -11.835477
v -31.181984 5.195423 -11.642736
v -31.181984 4.948868 -12.040100
v -31.181984 4.948868 -12.232841
v -31.181984 5.195423 -12.232841
v -31.181984 5.195423 -12.040100
v -31.181984 4.948868 -12.437465
v -31.181984 4.948868 -12.630205
v -31.181984 5.195423 -12.630205
v -31.181984 5.195423 -12.437465
v -31.181984 4.948868 -12.834829
v -31.181984 4.948868 -13.027570
v -31.181984 5.195423 -13.027570
v -31.181984 5.195423 -12.834829
v -31.208317 4.948868 -13.424934
v -31.208317 4.948868 -13.232193
v -31.208317 5.195423 -13.232193
v -31.208317 5.195423 -13.424934
v -35.029919 4.948868 -9.655914
v -35.029919 4.948868 -9.848656
v -35.029919 5.195423 -9.848656
v -35.029919 5.195423 -9.655914
v -34.953938 4.948868 -13.500913
v -34.674278 4.948868 -13.500913
v -34.674278 5.195423 -13.500913
v -34.953938 5.195423 -13.500913
v -31.284296 4.948868 -9.579936
v -31.563955 4.948868 -9.579936
v -31.563955 5.195423 -9.579936
v -31.284296 5.195423 -9.579936
v -34.674278 4.948868 -9.579936
v -34.953938 4.948868 -9.579936
v -34.953938 5.195423 -9.579936
v -34.674278 5.195423 -9.579936
v -34.189995 4.948868 -9.579936
v -34.469654 4.948868 -9.579936
v -34.469654 5.195423 -9.579936
v -34.189995 5.195423 -9.579936
v -33.705711 4.948868 -9.579936
v -33.985374 4.948868 -9.579936
v -33.985371 5.195423 -9.579936
v -33.705711 5.195423 -9.579936
v -33.221428 4.948868 -9.579936
v -33.501091 4.948868 -9.579936
v -33.501091 5.195423 -9.579936
v -33.221428 5.195423 -9.579936
v -32.737144 4.948868 -9.579936
v -33.016808 4.948868 -9.579936
v -33.016808 5.195423 -9.579936
v -32.737144 5.195423 -9.579936
v -32.252865 4.948868 -9.579936
v -32.532524 4.948868 -9.579936
v -32.532524 5.195423 -9.579936
v -32.252861 5.195423 -9.579936
v -31.768579 4.948868 -9.579936
v -32.048241 4.948868 -9.579936
v -32.048241 5.195423 -9.579936
v -31.768579 5.195423 -9.579936
v -31.563955 4.948868 -13.500913
v -31.284296 4.948868 -13.500913
v -31.284296 5.195423 -13.500913
v -31.563955 5.195423 -13.500913
v -32.048241 4.948868 -13.500913
v -31.768579 4.948868 -13.500913
v -31.768579 5.195423 -13.500913
v -32.048241 5.195423 -13.500913
v -32.532524 4.948868 -13.500913
v -32.252861 4.948868 -13.500913
v -32.252865 5.195423 -13.500913
v -32.532524 5.195423 -13.500913
v -33.016808 4.948868 -13.500913
v -32.737144 4.948868 -13.500913
v -32.737144 5.195423 -13.500913
v -33.016808 5.195423 -13.500913
v -33.501091 4.948868 -13.500913
v -33.221428 4.948868 -13.500913
v -33.221428 5.195423 -13.500913
v -33.501091 5.195423 -13.500913
v -33.985371 4.948868 -13.500913
v -33.705711 4.948868 -13.500913
v -33.705711 5.195423 -13.500913
v -33.985374 5.195423 -13.500913
v -34.469654 4.948868 -13.500913
v -34.189995 4.948868 -13.500913
v -34.189995 5.195423 -13.500913
v -34.469654 5.195423 -13.500913
v -35.029919 4.948868 -13.232193
v -35.029919 4.948868 -13.424934
v -35.029919 5.195423 -13.424934
v -35.029919 5.195423 -13.232193
v -35.029919 4.948868 -12.834829
v -35.029919 4.948868 -13.027570
v -35.029919 5.195423 -13.027570
v -35.029919 5.195423 -12.834829
v -35.029919 4.948868 -12.437465
v -35.029919 4.948868 -12.630205
v -35.029919 5.195423 -12.630205
v -35.029919 5.195423 -12.437465
v -35.029919 4.948868 -12.040100
v -35.029919 4.948868 -12.232841
v -35.029919 5.195423 -12.232841
v -35.029919 5.195423 -12.040100
v -35.029919 4.948868 -11.642736
v -35.029919 4.948868 -11.835477
v -35.029919 5.195423 -11.835477
v -35.029919 5.195423 -11.642736
v -35.029919 4.948868 -11.245372
v -35.029919 4.948868 -11.438112
v -35.029919 5.195423 -11.438112
v -35.029919 5.195423 -11.245372
v -35.029919 4.948868 -10.848007
v -35.029919 4.948868 -11.040749
v -35.029919 5.195423 -11.040749
v -35.029919 5.195423 -10.848007
v -35.029919 4.948868 -10.450644
v -35.029919 4.948868 -10.643384
v -35.029919 5.195423 -10.643384
v -35.029919 5.195423 -10.450644
v -35.029919 4.948868 -10.053279
v -35.029919 4.948868 -10.246019
v -35.029919 5.195423 -10.246019
v -35.029919 5.195423 -10.053279
v -31.208317 4.948868 -9.848656
v -31.208317 4.948868 -9.655914
v -31.208317 5.195423 -9.655914
v -31.208317 5.195423 -9.848656
v -31.208317 4.948868 -10.246019
v -31.208317 4.948868 -10.053279
v -31.208317 5.195423 -10.053279
v -31.208317 5.195423 -10.246019
v -31.208317 4.948868 -10.643384
v -31.208317 4.948868 -10.450644
v -31.208317 5.195423 -10.450644
v -31.208317 5.195423 -10.643384
v -31.208317 4.948868 -11.040749
v -31.208317 4.948868 -10.848007
v -31.208317 5.195423 -10.848007
v -31.208317 5.195423 -11.040749
v -31.208317 4.948868 -11.438112
v -31.208317 4.948868 -11.245372
v -31.208317 5.195423 -11.245372
v -31.208317 5.195423 -11.438112
v -31.208317 4.948868 -11.835477
v -31.208317 4.948868 -11.642736
v -31.208317 5.195423 -11.642736
v -31.208317 5.195423 -11.835477
v -31.208317 4.948868 -12.232841
v -31.208317 4.948868 -12.040100
v -31.208317 5.195423 -12.040100
v -31.208317 5.195423 -12.232841
v -31.208317 4.948868 -12.630205
v -31.208317 4.948868 -12.437465
v -31.208317 5.195423 -12.437465
v -31.208317 5.195423 -12.630205
v -31.208317 4.948868 -13.027570
v -31.208317 4.948868 -12.834829
v -31.208317 5.195423 -12.834829
v -31.208317 5.195423 -13.027570
v -35.056252 5.493055 -9.553603
v -31.181984 5.493055 -9.553603
v -35.056252 5.493055 -13.527246
v -31.181984 5.493055 -13.527246
v -35.056252 6.133880 -13.527246
v -35.056252 6.133880 -9.553603
v -31.181984 6.133880 -9.553603
v -31.181984 6.133880 -13.527246
v -35.056252 6.329201 -13.527246
v -35.056252 6.329201 -9.553603
v -31.181984 6.329201 -9.553603
v -31.181984 6.329201 -13.527246
v -35.173744 6.239376 -13.644740
v -35.173744 6.239376 -9.436109
v -31.064489 6.239376 -9.436109
v -31.064489 6.239376 -13.644740
v -35.173744 6.329201 -13.644740
v -35.173744 6.329201 -9.436109
v -31.064489 6.329201 -9.436109
v -31.064489 6.329201 -13.644740
v -31.181984 5.577207 -13.527246
v -31.181984 5.682702 -9.553603
v -35.056252 5.577207 -9.553603
v -35.056252 5.682702 -13.527246
v -34.571968 5.493055 -9.553603
v -34.087685 5.493055 -9.553603
v -33.603401 5.493055 -9.553603
v -33.119118 5.493055 -9.553603
v -32.634834 5.493055 -9.553603
v -32.150551 5.493055 -9.553603
v -31.666267 5.493055 -9.553603
v -31.666267 5.493055 -13.527246
v -32.150551 5.493055 -13.527246
v -32.634834 5.493055 -13.527246
v -33.119118 5.493055 -13.527246
v -33.603401 5.493055 -13.527246
v -34.087685 5.493055 -13.527246
v -34.571968 5.493055 -13.527246
v -34.571968 6.133880 -9.553603
v -34.087685 6.133880 -9.553603
v -33.603401 6.133880 -9.553603
v -33.119118 6.133880 -9.553603
v -32.634834 6.133880 -9.553603
v -32.150551 6.133880 -9.553603
v -31.666267 6.133880 -9.553603
v -31.666267 6.133880 -13.527246
v -32.150551 6.133880 -13.527246
v -32.634834 6.133880 -13.527246
v -33.119118 6.133880 -13.527246
v -33.603401 6.133880 -13.527246
v -34.087685 6.133880 -13.527246
v -34.571968 6.133880 -13.527246
v -34.571968 6.329201 -9.553603
v -34.087685 6.329201 -9.553603
v -33.603401 6.329201 -9.553603
v -33.119118 6.329201 -9.553603
v -32.634834 6.329201 -9.553603
v -32.150551 6.329201 -9.553603
v -31.666267 6.329201 -9.553603
v -31.666267 6.329201 -13.527246
v -32.150551 6.329201 -13.527246
v -32.634834 6.329201 -13.527246
v -33.119118 6.329201 -13.527246
v -33.603401 6.329201 -13.527246
v -34.087685 6.329201 -13.527246
v -34.571968 6.329201 -13.527246
v -34.660088 6.239376 -9.436109
v -34.146431 6.239376 -9.436109
v -33.632774 6.239376 -9.436109
v -33.119118 6.239376 -9.436109
v -32.605461 6.239376 -9.436109
v -32.091805 6.239376 -9.436109
v -31.578148 6.239376 -9.436109
v -31.578148 6.239376 -13.644740
v -32.091805 6.239376 -13.644740
v -32.605461 6.239376 -13.644740
v -33.119118 6.239376 -13.644740
v -33.632774 6.239376 -13.644740
v -34.146431 6.239376 -13.644740
v -34.660088 6.239376 -13.644740
v -34.660088 6.329201 -9.436109
v -34.146431 6.329201 -9.436109
v -33.632774 6.329201 -9.436109
v -33.119118 6.329201 -9.436109
v -32.605461 6.329201 -9.436109
v -32.091805 6.329201 -9.436109
v -31.578148 6.329201 -9.436109
v -31.578148 6.329201 -13.644740
v -32.091805 6.329201 -13.644740
v -32.605461 6.329201 -13.644740
v -33.119118 6.329201 -13.644740
v -33.632774 6.329201 -13.644740
v -34.146431 6.329201 -13.644740
v -34.660088 6.329201 -13.644740
v -31.666267 5.682702 -9.553603
v -32.150551 5.682702 -9.553603
v -32.634834 5.682702 -9.553603
v -33.119118 5.682702 -9.553603
v -33.603401 5.682702 -9.553603
v -34.087685 5.682702 -9.553603
v -34.571968 5.682702 -9.553603
v -34.571968 5.682702 -13.527246
v -34.087685 5.682702 -13.527246
v -33.603401 5.682702 -13.527246
v -33.119118 5.682702 -13.527246
v -32.634834 5.682702 -13.527246
v -32.150551 5.682702 -13.527246
v -31.666267 5.682702 -13.527246
v -35.056252 5.493055 -13.129882
v -35.056252 5.493055 -12.732517
v -35.056252 5.493055 -12.335153
v -35.056252 5.493055 -11.937789
v -35.056252 5.493055 -11.540424
v -35.056252 5.493055 -11.143060
v -35.056252 5.493055 -10.745696
v -35.056252 5.493055 -10.348331
v -35.056252 5.493055 -9.950967
v -31.181984 5.493055 -9.950967
v -31.181984 5.493055 -10.348331
v -31.181984 5.493055 -10.745696
v -31.181984 5.493055 -11.143060
v -31.181984 5.493055 -11.540424
v -31.181984 5.493055 -11.937789
v -31.181984 5.493055 -12.335153
v -31.181984 5.493055 -12.732517
v -31.181984 5.493055 -13.129882
v -35.056252 6.133880 -13.129882
v -35.056252 6.133880 -12.732517
v -35.056252 6.133880 -12.335153
v -35.056252 6.133880 -11.937789
v -35.056252 6.133880 -11.540424
v -35.056252 6.133880 -11.143060
v -35.056252 6.133880 -10.745696
v -35.056252 6.133880 -10.348331
v -35.056252 6.133880 -9.950967
v -31.181984 6.133880 -9.950967
v -31.181984 6.133880 -10.348331
v -31.181984 6.133880 -10.745696
v -31.181984 6.133880 -11.143060
v -31.181984 6.133880 -11.540424
v -31.181984 6.133880 -11.937789
v -31.181984 6.133880 -12.335153
v -31.181984 6.133880 -12.732517
v -31.181984 6.133880 -13.129882
v -35.056252 6.329201 -13.129882
v -35.056252 6.329201 -12.732517
v -35.056252 6.329201 -12.335153
v -35.056252 6.329201 -11.937789
v -35.056252 6.329201 -11.540424
v -35.056252 6.329201 -11.143060
v -35.056252 6.329201 -10.745696
v -35.056252 6.329201 -10.348331
v -35.056252 6.329201 -9.950967
v -31.181984 6.329201 -9.950967
v -31.181984 6.329201 -10.348331
v -31.181984 6.329201 -10.745696
v -31.181984 6.329201 -11.143060
v -31.181984 6.329201 -11.540424
v -31.181984 6.329201 -11.937789
v -31.181984 6.329201 -12.335153
v -31.181984 6.329201 -12.732517
v -31.181984 6.329201 -13.129882
v -35.173744 6.239376 -13.223877
v -35.173744 6.239376 -12.803014
v -35.173744 6.239376 -12.382151
v -35.173744 6.239376 -11.961287
v -35.173744 6.239376 -11.540424
v -35.173744 6.239376 -11.119561
v -35.173744 6.239376 -10.698698
v -35.173744 6.239376 -10.277835
v -35.173744 6.239376 -9.856972
v -31.064489 6.239376 -9.856972
v -31.064489 6.239376 -10.277835
v -31.064489 6.239376 -10.698698
v -31.064489 6.239376 -11.119561
v -31.064489 6.239376 -11.540424
v -31.064489 6.239376 -11.961287
v -31.064489 6.239376 -12.382151
v -31.064489 6.239376 -12.803014
v -31.064489 6.239376 -13.223877
v -35.173744 6.329201 -13.223877
v -35.173744 6.329201 -12.803014
v -35.173744 6.329201 -12.382151
v -35.173744 6.329201 -11.961287
v -35.173744 6.329201 -11.540424
v -35.173744 6.329201 -11.119561
v -35.173744 6.329201 -10.698698
v -35.173744 6.329201 -10.277835
v -35.173744 6.329201 -9.856972
v -31.064489 6.329201 -9.856972
v -31.064489 6.329201 -10.277835
v -31.064489 6.329201 -10.698698
v -31.064489 6.329201 -11.119561
v -31.064489 6.329201 -11.540424
v -31.064489 6.329201 -11.961287
v -31.064489 6.329201 -12.382151
v -31.064489 6.329201 -12.803014
v -31.064489 6.329201 -13.223877
v -35.056252 5.682702 -9.950967
v -35.056252 5.682702 -10.348331
v -35.056252 5.682702 -10.745696
v -35.056252 5.682702 -11.143060
v -35.056252 5.682702 -11.540424
v -35.056252 5.682702 -11.937789
v -35.056252 5.682702 -12.335153
v -35.056252 5.682702 -12.732517
v -35.056252 5.682702 -13.129882
v -31.181984 5.682702 -13.129882
v -31.181984 5.682702 -12.732517
v -31.181984 5.682702 -12.335153
v -31.181984 5.682702 -11.937789
v -31.181984 5.682702 -11.540424
v -31.181984 5.682702 -11.143060
v -31.181984 5.682702 -10.745696
v -31.181984 5.682702 -10.348331
v -31.181984 5.682702 -9.950967
v -34.571968 6.329201 -9.950967
v -34.571968 6.329201 -10.348331
v -34.571968 6.329201 -10.745696
v -34.571968 6.329201 -11.143060
v -34.571968 6.329201 -11.540424
v -34.571968 6.329201 -11.937789
v -34.571968 6.329201 -12.335153
v -34.571968 6.329201 -12.732517
v -34.571968 6.329201 -13.129882
v -34.087685 6.329201 -9.950967
v -34.087685 6.329201 -10.348331
v -34.087685 6.329201 -10.745696
v -34.087685 6.329201 -11.143060
v -34.087685 6.329201 -11.540424
v -34.087685 6.329201 -11.937789
v -34.087685 6.329201 -12.335153
v -34.087685 6.329201 -12.732517
v -34.087685 6.329201 -13.129882
v -33.603401 6.329201 -9.950967
v -33.603401 6.329201 -10.348331
v -33.603401 6.329201 -10.745696
v -33.603401 6.329201 -11.143060
v -33.603401 6.329201 -11.540424
v -33.603401 6.329201 -11.937789
v -33.603401 6.329201 -12.335153
v -33.603401 6.329201 -12.732517
v -33.603401 6.329201 -13.129882
v -33.119118 6.329201 -9.950967
v -33.119118 6.329201 -10.348331
v -33.119118 6.329201 -10.745696
v -33.119118 6.329201 -11.143060
v -33.119118 6.329201 -11.540424
v -33.119118 6.329201 -11.937789
v -33.119118 6.329201 -12.335153
v -33.119118 6.329201 -12.732517
v -33.119118 6.329201 -13.129882
v -32.634834 6.329201 -9.950967
v -32.634834 6.329201 -10.348331
v -32.634834 6.329201 -10.745696
v -32.634834 6.329201 -11.143060
v -32.634834 6.329201 -11.540424
v -32.634834 6.329201 -11.937789
v -32.634834 6.329201 -12.335153
v -32.634834 6.329201 -12.732517
v -32.634834 6.329201 -13.129882
v -32.150551 6.329201 -9.950967
v -32.150551 6.329201 -10.348331
v -32.150551 6.329201 -10.745696
v -32.150551 6.329201 -11.143060
v -32.150551 6.329201 -11.540424
v -32.150551 6.329201 -11.937789
v -32.150551 6.329201 -12.335153
v -32.150551 6.329201 -12.732517
v -32.150551 6.329201 -13.129882
v -31.666267 6.329201 -9.950967
v -31.666267 6.329201 -10.348331
v -31.666267 6.329201 -10.745696
v -31.666267 6.329201 -11.143060
v -31.666267 6.329201 -11.540424
v -31.666267 6.329201 -11.937789
v -31.666267 6.329201 -12.335153
v -31.666267 6.329201 -12.732517
v -31.666267 6.329201 -13.129882
v -34.571968 5.493055 -13.129882
v -34.571968 5.493055 -12.732517
v -34.571968 5.493055 -12.335153
v -34.571968 5.493055 -11.937789
v -34.571968 5.493055 -11.540424
v -34.571968 5.493055 -11.143060
v -34.571968 5.493055 -10.745696
v -34.571968 5.493055 -10.348331
v -34.571968 5.493055 -9.950967
v -34.087685 5.493055 -13.129882
v -34.087685 5.493055 -12.732517
v -34.087685 5.493055 -12.335153
v -34.087685 5.493055 -11.937789
v -34.087685 5.493055 -11.540424
v -34.087685 5.493055 -11.143060
v -34.087685 5.493055 -10.745696
v -34.087685 5.493055 -10.348331
v -34.087685 5.493055 -9.950967
v -33.603401 5.493055 -13.129882
v -33.603401 5.493055 -12.732517
v -33.603401 5.493055 -12.335153
v -33.603401 5.493055 -11.937789
v -33.603401 5.493055 -11.540424
v -33.603401 5.493055 -11.143060
v -33.603401 5.493055 -10.745696
v -33.603401 5.493055 -10.348331
v -33.603401 5.493055 -9.950967
v -33.119118 5.493055 -13.129882
v -33.119118 5.493055 -12.732517
v -33.119118 5.493055 -12.335153
v -33.119118 5.493055 -11.937789
v -33.119118 5.493055 -11.540424
v -33.119118 5.493055 -11.143060
v -33.119118 5.493055 -10.745696
v -33.119118 5.493055 -10.348331
v -33.119118 5.493055 -9.950967
v -32.634834 5.493055 -13.129882
v -32.634834 5.493055 -12.732517
v -32.634834 5.493055 -12.335153
v -32.634834 5.493055 -11.937789
v -32.634834 5.493055 -11.540424
v -32.634834 5.493055 -11.143060
v -32.634834 5.493055 -10.745696
v -32.634834 5.493055 -10.348331
v -32.634834 5.493055 -9.950967
v -32.150551 5.493055 -13.129882
v -32.150551 5.493055 -12.732517
v -32.150551 5.493055 -12.335153
v -32.150551 5.493055 -11.937789
v -32.150551 5.493055 -11.540424
v -32.150551 5.493055 -11.143060
v -32.150551 5.493055 -10.745696
v -32.150551 5.493055 -10.348331
v -32.150551 5.493055 -9.950967
v -31.666267 5.493055 -13.129882
v -31.666267 5.493055 -12.732517
v -31.666267 5.493055 -12.335153
v -31.666267 5.493055 -11.937789
v -31.666267 5.493055 -11.540424
v -31.666267 5.493055 -11.143060
v -31.666267 5.493055 -10.745696
v -31.666267 5.493055 -10.348331
v -31.666267 5.493055 -9.950967
v -35.056252 6.239376 -9.950967
v -35.056252 6.239376 -9.553603
v -31.666267 6.239376 -9.553603
v -31.181984 6.239376 -9.553603
v -31.181984 6.239376 -13.129882
v -31.181984 6.239376 -13.527246
v -34.571968 6.239376 -13.527246
v -35.056252 6.239376 -13.527246
v -34.571968 5.577207 -9.553603
v -35.056252 5.682702 -9.553603
v -31.666267 5.577207 -13.527246
v -31.181984 5.682702 -13.527246
v -35.056252 5.577207 -13.129882
v -35.056252 5.577207 -13.527246
v -31.181984 5.577207 -9.950967
v -31.181984 5.577207 -9.553603
v -34.571968 6.239376 -9.553603
v -34.087685 6.239376 -9.553603
v -33.603401 6.239376 -9.553603
v -33.119118 6.239376 -9.553603
v -32.634834 6.239376 -9.553603
v -32.150551 6.239376 -9.553603
v -31.666267 6.239376 -13.527246
v -32.150551 6.239376 -13.527246
v -32.634834 6.239376 -13.527246
v -33.119118 6.239376 -13.527246
v -33.603401 6.239376 -13.527246
v -34.087685 6.239376 -13.527246
v -31.666267 5.577207 -9.553603
v -32.150551 5.577207 -9.553603
v -32.634834 5.577207 -9.553603
v -33.119118 5.577207 -9.553603
v -33.603401 5.577207 -9.553603
v -34.087685 5.577207 -9.553603
v -34.571968 5.577207 -13.527246
v -34.087685 5.577207 -13.527246
v -33.603401 5.577207 -13.527246
v -33.119118 5.577207 -13.527246
v -32.634834 5.577207 -13.527246
v -32.150551 5.577207 -13.527246
v -35.056252 6.239376 -13.129882
v -35.056252 6.239376 -12.732517
v -35.056252 6.239376 -12.335153
v -35.056252 6.239376 -11.937789
v -35.056252 6.239376 -11.540424
v -35.056252 6.239376 -11.143060
v -35.056252 6.239376 -10.745696
v -35.056252 6.239376 -10.348331
v -31.181984 6.239376 -9.950967
v -31.181984 6.239376 -10.348331
v -31.181984 6.239376 -10.745696
v -31.181984 6.239376 -11.143060
v -31.181984 6.239376 -11.540424
v -31.181984 6.239376 -11.937789
v -31.181984 6.239376 -12.335153
v -31.181984 6.239376 -12.732517
v -35.056252 5.577207 -9.950967
v -35.056252 5.577207 -10.348331
v -35.056252 5.577207 -10.745696
v -35.056252 5.577207 -11.143060
v -35.056252 5.577207 -11.540424
v -35.056252 5.577207 -11.937789
v -35.056252 5.577207 -12.335153
v -35.056252 5.577207 -12.732517
v -31.181984 5.577207 -13.129882
v -31.181984 5.577207 -12.732517
v -31.181984 5.577207 -12.335153
v -31.181984 5.577207 -11.937789
v -31.181984 5.577207 -11.540424
v -31.181984 5.577207 -11.143060
v -31.181984 5.577207 -10.745696
v -31.181984 5.577207 -10.348331
v -31.181984 5.785014 -13.232193
v -31.181984 5.785014 -13.424934
v -31.181984 6.031569 -13.424934
v -31.181984 6.031569 -13.232193
v -35.056252 5.785014 -9.848656
v -35.056252 5.785014 -9.655914
v -35.056252 6.031569 -9.655914
v -35.056252 6.031569 -9.848656
v -34.674278 5.785014 -13.527246
v -34.953938 5.785014 -13.527246
v -34.953938 6.031569 -13.527246
v -34.674278 6.031569 -13.527246
v -31.563955 5.785014 -9.553603
v -31.284296 5.785014 -9.553603
v -31.284296 6.031569 -9.553603
v -31.563955 6.031569 -9.553603
v -34.953938 5.785014 -9.553603
v -34.674278 5.785014 -9.553603
v -34.674278 6.031569 -9.553603
v -34.953938 6.031569 -9.553603
v -34.469654 5.785014 -9.553603
v -34.189995 5.785014 -9.553603
v -34.189995 6.031569 -9.553603
v -34.469654 6.031569 -9.553603
v -33.985374 5.785014 -9.553603
v -33.705711 5.785014 -9.553603
v -33.705711 6.031569 -9.553603
v -33.985371 6.031569 -9.553603
v -33.501091 5.785014 -9.553603
v -33.221428 5.785014 -9.553603
v -33.221428 6.031569 -9.553603
v -33.501091 6.031569 -9.553603
v -33.016808 5.785014 -9.553603
v -32.737144 5.785014 -9.553603
v -32.737144 6.031569 -9.553603
v -33.016808 6.031569 -9.553603
v -32.532524 5.785014 -9.553603
v -32.252865 5.785014 -9.553603
v -32.252861 6.031569 -9.553603
v -32.532524 6.031569 -9.553603
v -32.048241 5.785014 -9.553603
v -31.768579 5.785014 -9.553603
v -31.768579 6.031569 -9.553603
v -32.048241 6.031569 -9.553603
v -31.284296 5.785014 -13.527246
v -31.563955 5.785014 -13.527246
v -31.563955 6.031569 -13.527246
v -31.284296 6.031569 -13.527246
v -31.768579 5.785014 -13.527246
v -32.048241 5.785014 -13.527246
v -32.048241 6.031569 -13.527246
v -31.768579 6.031569 -13.527246
v -32.252861 5.785014 -13.527246
v -32.532524 5.785014 -13.527246
v -32.532524 6.031569 -13.527246
v -32.252865 6.031569 -13.527246
v -32.737144 5.785014 -13.527246
v -33.016808 5.785014 -13.527246
v -33.016808 6.031569 -13.527246
v -32.737144 6.031569 -13.527246
v -33.221428 5.785014 -13.527246
v -33.501091 5.785014 -13.527246
v -33.501091 6.031569 -13.527246
v -33.221428 6.031569 -13.527246
v -33.705711 5.785014 -13.527246
v -33.985371 5.785014 -13.527246
v -33.985374 6.031569 -13.527246
v -33.705711 6.031569 -13.527246
v -34.189995 5.785014 -13.527246
v -34.469654 5.785014 -13.527246
v -34.469654 6.031569 -13.527246
v -34.189995 6.031569 -13.527246
v -35.056252 5.785014 -13.424934
v -35.056252 5.785014 -13.232193
v -35.056252 6.031569 -13.232193
v -35.056252 6.031569 -13.424934
v -35.056252 5.785014 -13.027570
v -35.056252 5.785014 -12.834829
v -35.056252 6.031569 -12.834829
v -35.056252 6.031569 -13.027570
v -35.056252 5.785014 -12.630205
v -35.056252 5.785014 -12.437465
v -35.056252 6.031569 -12.437465
v -35.056252 6.031569 -12.630205
v -35.056252 5.785014 -12.232841
v -35.056252 5.785014 -12.040100
v -35.056252 6.031569 -12.040100
v -35.056252 6.031569 -12.232841
v -35.056252 5.785014 -11.835477
v -35.056252 5.785014 -11.642736
v -35.056252 6.031569 -11.642736
v -35.056252 6.031569 -11.835477
v -35.056252 5.785014 -11.438112
v -35.056252 5.785014 -11.245372
v -35.056252 6.031569 -11.245372
v -35.056252 6.031569 -11.438112
v -35.056252 5.785014 -11.040749
v -35.056252 5.785014 -10.848007
v -35.056252 6.031569 -10.848007
v -35.056252 6.031569 -11.040749
v -35.056252 5.785014 -10.643384
v -35.056252 5.785014 -10.450644
v -35.056252 6.031569 -10.450644
v -35.056252 6.031569 -10.643384
v -35.056252 5.785014 -10.246019
v -35.056252 5.785014 -10.053279
v -35.056252 6.031569 -10.053279
v -35.056252 6.031569 -10.246019
v -31.181984 5.785014 -9.655914
v -31.181984 5.785014 -9.848656
v -31.181984 6.031569 -9.848656
v -31.181984 6.031569 -9.655914
v -31.181984 5.785014 -10.053279
v -31.181984 5.785014 -10.246019
v -31.181984 6.031569 -10.246019
v -31.181984 6.031569 -10.053279
v -31.181984 5.785014 -10.450644
v -31.181984 5.785014 -10.643384
v -31.181984 6.031569 -10.643384
v -31.181984 6.031569 -10.450644
v -31.181984 5.785014 -10.848007
v -31.181984 5.785014 -11.040749
v -31.181984 6.031569 -11.040749
v -31.181984 6.031569 -10.848007
v -31.181984 5.785014 -11.245372
v -31.181984 5.785014 -11.438112
v -31.181984 6.031569 -11.438112
v -31.181984 6.031569 -11.245372
v -31.181984 5.785014 -11.642736
v -31.181984 5.785014 -11.835477
v -31.181984 6.031569 -11.835477
v -31.181984 6.031569 -11.642736
v -31.181984 5.785014 -12.040100
v -31.181984 5.785014 -12.232841
v -31.181984 6.031569 -12.232841
v -31.181984 6.031569 -12.040100
v -31.181984 5.785014 -12.437465
v -31.181984 5.785014 -12.630205
v -31.181984 6.031569 -12.630205
v -31.181984 6.031569 -12.437465
v -31.181984 5.785014 -12.834829
v -31.181984 5.785014 -13.027570
v -31.181984 6.031569 -13.027570
v -31.181984 6.031569 -12.834829
v -31.208317 5.785014 -13.424934
v -31.208317 5.785014 -13.232193
v -31.208317 6.031569 -13.232193
v -31.208317 6.031569 -13.424934
v -35.029919 5.785014 -9.655914
v -35.029919 5.785014 -9.848656
v -35.029919 6.031569 -9.848656
v -35.029919 6.031569 -9.655914
v -34.953938 5.785014 -13.500913
v -34.674278 5.785014 -13.500913
v -34.674278 6.031569 -13.500913
v -34.953938 6.031569 -13.500913
v -31.284296 5.785014 -9.579936
v -31.563955 5.785014 -9.579936
v -31.563955 6.031569 -9.579936
v -31.284296 6.031569 -9.579936
v -34.674278 5.785014 -9.579936
v -34.953938 5.785014 -9.579936
v -34.953938 6.031569 -9.579936
v -34.674278 6.031569 -9.579936
v -34.189995 5.785014 -9.579936
v -34.469654 5.785014 -9.579936
v -34.469654 6.031569 -9.579936
v -34.189995 6.031569 -9.579936
v -33.705711 5.785014 -9.579936
v -33.985374 5.785014 -9.579936
v -33.985371 6.031569 -9.579936
v -33.705711 6.031569 -9.579936
v -33.221428 5.785014 -9.579936
v -33.501091 5.785014 -9.579936
v -33.501091 6.031569 -9.579936
v -33.221428 6.031569 -9.579936
v -32.737144 5.785014 -9.579936
v -33.016808 5.785014 -9.579936
v -33.016808 6.031569 -9.579936
v -32.737144 6.031569 -9.579936
v -32.252865 5.785014 -9.579936
v -32.532524 5.785014 -9.579936
v -32.532524 6.031569 -9.579936
v -32.252861 6.031569 -9.579936
v -31.768579 5.785014 -9.579936
v -32.048241 5.785014 -9.579936
v -32.048241 6.031569 -9.579936
v -31.768579 6.031569 -9.579936
v -31.563955 5.785014 -13.500913
v -31.284296 5.785014 -13.500913
v -31.284296 6.031569 -13.500913
v -31.563955 6.031569 -13.500913
v -32.048241 5.785014 -13.500913
v -31.768579 5.785014 -13.500913
v -31.768579 6.031569 -13.500913
v -32.048241 6.031569 -13.500913
v -32.532524 5.785014 -13.500913
v -32.252861 5.785014 -13.500913
v -32.252865 6.031569 -13.500913
v -32.532524 6.031569 -13.500913
v -33.016808 5.785014 -13.500913
v -32.737144 5.785014 -13.500913
v -32.737144 6.031569 -13.500913
v -33.016808 6.031569 -13.500913
v -33.501091 5.785014 -13.500913
v -33.221428 5.785014 -13.500913
v -33.221428 6.031569 -13.500913
v -33.501091 6.031569 -13.500913
v -33.985371 5.785014 -13.500913
v -33.705711 5.785014 -13.500913
v -33.705711 6.031569 -13.500913
v -33.985374 6.031569 -13.500913
v -34.469654 5.785014 -13.500913
v -34.189995 5.785014 -13.500913
v -34.189995 6.031569 -13.500913
v -34.469654 6.031569 -13.500913
v -35.029919 5.785014 -13.232193
v -35.029919 5.785014 -13.424934
v -35.029919 6.031569 -13.424934
v -35.029919 6.031569 -13.232193
v -35.029919 5.785014 -12.834829
v -35.029919 5.785014 -13.027570
v -35.029919 6.031569 -13.027570
v -35.029919 6.031569 -12.834829
v -35.029919 5.785014 -12.437465
v -35.029919 5.785014 -12.630205
v -35.029919 6.031569 -12.630205
v -35.029919 6.031569 -12.437465
v -35.029919 5.785014 -12.040100
v -35.029919 5.785014 -12.232841
v -35.029919 6.031569 -12.232841
v -35.029919 6.031569 -12.040100
v -35.029919 5.785014 -11.642736
v -35.029919 5.785014 -11.835477
v -35.029919 6.031569 -11.835477
v -35.029919 6.031569 -11.642736
v -35.029919 5.785014 -11.245372
v -35.029919 5.785014 -11.438112
v -35.029919 6.031569 -11.438112
v -35.029919 6.031569 -11.245372
v -35.029919 5.785014 -10.848007
v -35.029919 5.785014 -11.040749
v -35.029919 6.031569 -11.040749
v -35.029919 6.031569 -10.848007
v -35.029919 5.785014 -10.450644
v -35.029919 5.785014 -10.643384
v -35.029919 6.031569 -10.643384
v -35.029919 6.031569 -10.450644
v -35.029919 5.785014 -10.053279
v -35.029919 5.785014 -10.246019
v -35.029919 6.031569 -10.246019
v -35.029919 6.031569 -10.053279
v -31.208317 5.785014 -9.848656
v -31.208317 5.785014 -9.655914
v -31.208317 6.031569 -9.655914
v -31.208317 6.031569 -9.848656
v -31.208317 5.785014 -10.246019
v -31.208317 5.785014 -10.053279
v -31.208317 6.031569 -10.053279
v -31.208317 6.031569 -10.246019
v -31.208317 5.785014 -10.643384
v -31.208317 5.785014 -10.450644
v -31.208317 6.031569 -10.450644
v -31.208317 6.031569 -10.643384
v -31.208317 5.785014 -11.040749
v -31.208317 5.785014 -10.848007
v -31.208317 6.031569 -10.848007
v -31.208317 6.031569 -11.040749
v -31.208317 5.785014 -11.438112
v -31.208317 5.785014 -11.245372
v -31.208317 6.031569 -11.245372
v -31.208317 6.031569 -11.438112
v -31.208317 5.785014 -11.835477
v -31.208317 5.785014 -11.642736
v -31.208317 6.031569 -11.642736
v -31.208317 6.031569 -11.835477
v -31.208317 5.785014 -12.232841
v -31.208317 5.785014 -12.040100
v -31.208317 6.031569 -12.040100
v -31.208317 6.031569 -12.232841
v -31.208317 5.785014 -12.630205
v -31.208317 5.785014 -12.437465
v -31.208317 6.031569 -12.437465
v -31.208317 6.031569 -12.630205
v -31.208317 5.785014 -13.027570
v -31.208317 5.785014 -12.834829
v -31.208317 6.031569 -12.834829
v -31.208317 6.031569 -13.027570
v -35.056252 6.329201 -9.553603
v -31.181984 6.329201 -9.553603
v -35.056252 6.329201 -13.527246
v -31.181984 6.329201 -13.527246
v -35.056252 6.970026 -13.527246
v -35.056252 6.970026 -9.553603
v -31.181984 6.970026 -9.553603
v -31.181984 6.970026 -13.527246
v -35.056252 7.165347 -13.527246
v -35.056252 7.165347 -9.553603
v -31.181984 7.165347 -9.553603
v -31.181984 7.165347 -13.527246
v -35.173744 7.075521 -13.644740
v -35.173744 7.075521 -9.436109
v -31.064489 7.075521 -9.436109
v -31.064489 7.075521 -13.644740
v -35.173744 7.165347 -13.644740
v -35.173744 7.165347 -9.436109
v -31.064489 7.165347 -9.436109
v -31.064489 7.165347 -13.644740
v -31.181984 6.413352 -13.527246
v -31.181984 6.518848 -9.553603
v -35.056252 6.413352 -9.553603
v -35.056252 6.518848 -13.527246
v -34.571968 6.329201 -9.553603
v -34.087685 6.329201 -9.553603
v -33.603401 6.329201 -9.553603
v -33.119118 6.329201 -9.553603
v -32.634834 6.329201 -9.553603
v -32.150551 6.329201 -9.553603
v -31.666267 6.329201 -9.553603
v -31.666267 6.329201 -13.527246
v -32.150551 6.329201 -13.527246
v -32.634834 6.329201 -13.527246
v -33.119118 6.329201 -13.527246
v -33.603401 6.329201 -13.527246
v -34.087685 6.329201 -13.527246
v -34.571968 6.329201 -13.527246
v -34.571968 6.970026 -9.553603
v -34.087685 6.970026 -9.553603
v -33.603401 6.970026 -9.553603
v -33.119118 6.970026 -9.553603
v -32.634834 6.970026 -9.553603
v -32.150551 6.970026 -9.553603
v -31.666267 6.970026 -9.553603
v -31.666267 6.970026 -13.527246
v -32.150551 6.970026 -13.527246
v -32.634834 6.970026 -13.527246
v -33.119118 6.970026 -13.527246
v -33.603401 6.970026 -13.527246
v -34.087685 6.970026 -13.527246
v -34.571968 6.970026 -13.527246
v -34.571968 7.165347 -9.553603
v -34.087685 7.165347 -9.553603
v -33.603401 7.165347 -9.553603
v -33.119118 7.165347 -9.553603
v -32.634834 7.165347 -9.553603
v -32.150551 7.165347 -9.553603
v -31.666267 7.165347 -9.553603
v -31.666267 7.165347 -13.527246
v -32.150551 7.165347 -13.527246
v -32.634834 7.165347 -13.527246
v -33.119118 7.165347 -13.527246
v -33.603401 7.165347 -13.527246
v -34.087685 7.165347 -13.527246
v -34.571968 7.165347 -13.527246
v -34.660088 7.075521 -9.436109
v -34.146431 7.075521 -9.436109
v -33.632774 7.075521 -9.436109
v -33.119118 7.075521 -9.436109
v -32.605461 7.075521 -9.436109
v -32.091805 7.075521 -9.436109
v -31.578148 7.075521 -9.436109
v -31.578148 7.075521 -13.644740
v -32.091805 7.075521 -13.644740
v -32.605461 7.075521 -13.644740
v -33.119118 7.075521 -13.644740
v -33.632774 7.075521 -13.644740
v -34.146431 7.075521 -13.644740
v -34.660088 7.075521 -13.644740
v -34.660088 7.165347 -9.436109
v -34.146431 7.165347 -9.436109
v -33.632774 7.165347 -9.436109
v -33.119118 7.165347 -9.436109
v -32.605461 7.165347 -9.436109
v -32.091805 7.165347 -9.436109
v -31.578148 7.165347 -9.436109
v -31.578148 7.165347 -13.644740
v -32.091805 7.165347 -13.644740
v -32.605461 7.165347 -13.644740
v -33.119118 7.165347 -13.644740
v -33.632774 7.165347 -13.644740
v -34.146431 7.165347 -13.644740
v -34.660088 7.165347 -13.644740
v -31.666267 6.518848 -9.553603
v -32.150551 6.518848 -9.553603
v -32.634834 6.518848 -9.553603
v -33.119118 6.518848 -9.553603
v -33.603401 6.518848 -9.553603
v -34.087685 6.518848 -9.553603
v -34.571968 6.518848 -9.553603
v -34.571968 6.518848 -13.527246
v -34.087685 6.518848 -13.527246
v -33.603401 6.518848 -13.527246
v -33.119118 6.518848 -13.527246
v -32.634834 6.518848 -13.527246
v -32.150551 6.518848 -13.527246
v -31.666267 6.518848 -13.527246
v -35.056252 6.329201 -13.129882
v -35.056252 6.329201 -12.732517
v -35.056252 6.329201 -12.335153
v -35.056252 6.329201 -11.937789
v -35.056252 6.329201 -11.540424
v -35.056252 6.329201 -11.143060
v -35.056252 6.329201 -10.745696
v -35.056252 6.329201 -10.348331
v -35.056252 6.329201 -9.950967
v -31.181984 6.329201 -9.950967
v -31.181984 6.329201 -10.348331
v -31.181984 6.329201 -10.745696
v -31.181984 6.329201 -11.143060
v -31.181984 6.329201 -11.540424
v -31.181984 6.329201 -11.937789
v -31.181984 6.329201 -12.335153
v -31.181984 6.329201 -12.732517
v -31.181984 6.329201 -13.129882
v -35.056252 6.970026 -13.129882
v -35.056252 6.970026 -12.732517
v -35.056252 6.970026 -12.335153
v -35.056252 6.970026 -11.937789
v -35.056252 6.970026 -11.540424
v -35.056252 6.970026 -11.143060
v -35.056252 6.970026 -10.745696
v -35.056252 6.970026 -10.348331
v -35.056252 6.970026 -9.950967
v -31.181984 6.970026 -9.950967
v -31.181984 6.970026 -10.348331
v -31.181984 6.970026 -10.745696
v -31.181984 6.970026 -11.143060
v -31.181984 6.970026 -11.540424
v -31.181984 6.970026 -11.937789
v -31.181984 6.970026 -12.335153
v -31.181984 6.970026 -12.732517
v -31.181984 6.970026 -13.129882
v -35.056252 7.165347 -13.129882
v -35.056252 7.165347 -12.732517
v -35.056252 7.165347 -12.335153
v -35.056252 7.165347 -11.937789
v -35.056252 7.165347 -11.540424
v -35.056252 7.165347 -11.143060
v -35.056252 7.165347 -10.745696
v -35.056252 7.165347 -10.348331
v -35.056252 7.165347 -9.950967
v -31.181984 7.165347 -9.950967
v -31.181984 7.165347 -10.348331
v -31.181984 7.165347 -10.745696
v -31.181984 7.165347 -11.143060
v -31.181984 7.165347 -11.540424
v -31.181984 7.165347 -11.937789
v -31.181984 7.165347 -12.335153
v -31.181984 7.165347 -12.732517
v -31.181984 7.165347 -13.129882
v -35.173744 7.075521 -13.223877
v -35.173744 7.075521 -12.803014
v -35.173744 7.075521 -12.382151
v -35.173744 7.075521 -11.961287
v -35.173744 7.075521 -11.540424
v -35.173744 7.075521 -11.119561
v -35.173744 7.075521 -10.698698
v -35.173744 7.075521 -10.277835
v -35.173744 7.075521 -9.856972
v -31.064489 7.075521 -9.856972
v -31.064489 7.075521 -10.277835
v -31.064489 7.075521 -10.698698
v -31.064489 7.075521 -11.119561
v -31.064489 7.075521 -11.540424
v -31.064489 7.075521 -11.961287
v -31.064489 7.075521 -12.382151
v -31.064489 7.075521 -12.803014
v -31.064489 7.075521 -13.223877
v -35.173744 7.165347 -13.223877
v -35.173744 7.165347 -12.803014
v -35.173744 7.165347 -12.382151
v -35.173744 7.165347 -11.961287
v -35.173744 7.165347 -11.540424
v -35.173744 7.165347 -11.119561
v -35.173744 7.165347 -10.698698
v -35.173744 7.165347 -10.277835
v -35.173744 7.165347 -9.856972
v -31.064489 7.165347 -9.856972
v -31.064489 7.165347 -10.277835
v -31.064489 7.165347 -10.698698
v -31.064489 7.165347 -11.119561
v -31.064489 7.165347 -11.540424
v -31.064489 7.165347 -11.961287
v -31.064489 7.165347 -12.382151
v -31.064489 7.165347 -12.803014
v -31.064489 7.165347 -13.223877
v -35.056252 6.518848 -9.950967
v -35.056252 6.518848 -10.348331
v -35.056252 6.518848 -10.745696
v -35.056252 6.518848 -11.143060
v -35.056252 6.518848 -11.540424
v -35.056252 6.518848 -11.937789
v -35.056252 6.518848 -12.335153
v -35.056252 6.518848 -12.732517
v -35.056252 6.518848 -13.129882
v -31.181984 6.518848 -13.129882
v -31.181984 6.518848 -12.732517
v -31.181984 6.518848 -12.335153
v -31.181984 6.518848 -11.937789
v -31.181984 6.518848 -11.540424
v -31.181984 6.518848 -11.143060
v -31.181984 6.518848 -10.745696
v -31.181984 6.518848 -10.348331
v -31.181984 6.518848 -9.950967
v -34.571968 7.165347 -9.950967
v -34.571968 7.165347 -10.348331
v -34.571968 7.165347 -10.745696
v -34.571968 7.165347 -11.143060
v -34.571968 7.165347 -11.540424
v -34.571968 7.165347 -11.937789
v -34.571968 7.165347 -12.335153
v -34.571968 7.165347 -12.732517
v -34.571968 7.165347 -13.129882
v -34.087685 7.165347 -9.950967
v -34.087685 7.165347 -10.348331
v -34.087685 7.165347 -10.745696
v -34.087685 7.165347 -11.143060
v -34.087685 7.165347 -11.540424
v -34.087685 7.165347 -11.937789
v -34.087685 7.165347 -12.335153
v -34.087685 7.165347 -12.732517
v -34.087685 7.165347 -13.129882
v -33.603401 7.165347 -9.950967
v -33.603401 7.165347 -10.348331
v -33.603401 7.165347 -10.745696
v -33.603401 7.165347 -11.143060
v -33.603401 7.165347 -11.540424
v -33.603401 7.165347 -11.937789
v -33.603401 7.165347 -12.335153
v -33.603401 7.165347 -12.732517
v -33.603401 7.165347 -13.129882
v -33.119118 7.165347 -9.950967
v -33.119118 7.165347 -10.348331
v -33.119118 7.165347 -10.745696
v -33.119118 7.165347 -11.143060
v -33.119118 7.165347 -11.540424
v -33.119118 7.165347 -11.937789
v -33.119118 7.165347 -12.335153
v -33.119118 7.165347 -12.732517
v -33.119118 7.165347 -13.129882
v -32.634834 7.165347 -9.950967
v -32.634834 7.165347 -10.348331
v -32.634834 7.165347 -10.745696
v -32.634834 7.165347 -11.143060
v -32.634834 7.165347 -11.540424
v -32.634834 7.165347 -11.937789
v -32.634834 7.165347 -12.335153
v -32.634834 7.165347 -12.732517
v -32.634834 7.165347 -13.129882
v -32.150551 7.165347 -9.950967
v -32.150551 7.165347 -10.348331
v -32.150551 7.165347 -10.745696
v -32.150551 7.165347 -11.143060
v -32.150551 7.165347 -11.540424
v -32.150551 7.165347 -11.937789
v -32.150551 7.165347 -12.335153
v -32.150551 7.165347 -12.732517
v -32.150551 7.165347 -13.129882
v -31.666267 7.165347 -9.950967
v -31.666267 7.165347 -10.348331
v -31.666267 7.165347 -10.745696
v -31.666267 7.165347 -11.143060
v -31.666267 7.165347 -11.540424
v -31.666267 7.165347 -11.937789
v -31.666267 7.165347 -12.335153
v -31.666267 7.165347 -12.732517
v -31.666267 7.165347 -13.129882
v -34.571968 6.329201 -13.129882
v -34.571968 6.329201 -12.732517
v -34.571968 6.329201 -12.335153
v -34.571968 6.329201 -11.937789
v -34.571968 6.329201 -11.540424
v -34.571968 6.329201 -11.143060
v -34.571968 6.329201 -10.745696
v -34.571968 6.329201 -10.348331
v -34.571968 6.329201 -9.950967
v -34.087685 6.329201 -13.129882
v -34.087685 6.329201 -12.732517
v -34.087685 6.329201 -12.335153
v -34.087685 6.329201 -11.937789
v -34.087685 6.329201 -11.540424
v -34.087685 6.329201 -11.143060
v -34.087685 6.329201 -10.745696
v -34.087685 6.329201 -10.348331
v -34.087685 6.329201 -9.950967
v -33.603401 6.329201 -13.129882
v -33.603401 6.329201 -12.732517
v -33.603401 6.329201 -12.335153
v -33.603401 6.329201 -11.937789
v -33.603401 6.329201 -11.540424
v -33.603401 6.329201 -11.143060
v -33.603401 6.329201 -10.745696
v -33.603401 6.329201 -10.348331
v -33.603401 6.329201 -9.950967
v -33.119118 6.329201 -13.129882
v -33.119118 6.329201 -12.732517
v -33.119118 6.329201 -12.335153
v -33.119118 6.329201 -11.937789
v -33.119118 6.329201 -11.540424
v -33.119118 6.329201 -11.143060
v -33.119118 6.329201 -10.745696
v -33.119118 6.329201 -10.348331
v -33.119118 6.329201 -9.950967
v -32.634834 6.329201 -13.129882
v -32.634834 6.329201 -12.732517
v -32.634834 6.329201 -12.335153
v -32.634834 6.329201 -11.937789
v -32.634834 6.329201 -11.540424
v -32.634834 6.329201 -11.143060
v -32.634834 6.329201 -10.745696
v -32.634834 6.329201 -10.348331
v -32.634834 6.329201 -9.950967
v -32.150551 6.329201 -13.129882
v -32.150551 6.329201 -12.732517
v -32.150551 6.329201 -12.335153
v -32.150551 6.329201 -11.937789
v -32.150551 6.329201 -11.540424
v -32.150551 6.329201 -11.143060
v -32.150551 6.329201 -10.745696
v -32.150551 6.329201 -10.348331
v -32.150551 6.329201 -9.950967
v -31.666267 6.329201 -13.129882
v -31.666267 6.329201 -12.732517
v -31.666267 6.329201 -12.335153
v -31.666267 6.329201 -11.937789
v -31.666267 6.329201 -11.540424
v -31.666267 6.329201 -11.143060
v -31.666267 6.329201 -10.745696
v -31.666267 6.329201 -10.348331
v -31.666267 6.329201 -9.950967
v -35.056252 7.075521 -9.950967
v -35.056252 7.075521 -9.553603
v -31.666267 7.075521 -9.553603
v -31.181984 7.075521 -9.553603
v -31.181984 7.075521 -13.129882
v -31.181984 7.075521 -13.527246
v -34.571968 7.075521 -13.527246
v -35.056252 7.075521 -13.527246
v -34.571968 6.413352 -9.553603
v -35.056252 6.518848 -9.553603
v -31.666267 6.413352 -13.527246
v -31.181984 6.518848 -13.527246
v -35.056252 6.413352 -13.129882
v -35.056252 6.413352 -13.527246
v -31.181984 6.413352 -9.950967
v -31.181984 6.413352 -9.553603
v -34.571968 7.075521 -9.553603
v -34.087685 7.075521 -9.553603
v -33.603401 7.075521 -9.553603
v -33.119118 7.075521 -9.553603
v -32.634834 7.075521 -9.553603
v -32.150551 7.075521 -9.553603
v -31.666267 7.075521 -13.527246
v -32.150551 7.075521 -13.527246
v -32.634834 7.075521 -13.527246
v -33.119118 7.075521 -13.527246
v -33.603401 7.075521 -13.527246
v -34.087685 7.075521 -13.527246
v -31.666267 6.413352 -9.553603
v -32.150551 6.413352 -9.553603
v -32.634834 6.413352 -9.553603
v -33.119118 6.413352 -9.553603
v -33.603401 6.413352 -9.553603
v -34.087685 6.413352 -9.553603
v -34.571968 6.413352 -13.527246
v -34.087685 6.413352 -13.527246
v -33.603401 6.413352 -13.527246
v -33.119118 6.413352 -13.527246
v -32.634834 6.413352 -13.527246
v -32.150551 6.413352 -13.527246
v -35.056252 7.075521 -13.129882
v -35.056252 7.075521 -12.732517
v -35.056252 7.075521 -12.335153
v -35.056252 7.075521 -11.937789
v -35.056252 7.075521 -11.540424
v -35.056252 7.075521 -11.143060
v -35.056252 7.075521 -10.745696
v -35.056252 7.075521 -10.348331
v -31.181984 7.075521 -9.950967
v -31.181984 7.075521 -10.348331
v -31.181984 7.075521 -10.745696
v -31.181984 7.075521 -11.143060
v -31.181984 7.075521 -11.540424
v -31.181984 7.075521 -11.937789
v -31.181984 7.075521 -12.335153
v -31.181984 7.075521 -12.732517
v -35.056252 6.413352 -9.950967
v -35.056252 6.413352 -10.348331
v -35.056252 6.413352 -10.745696
v -35.056252 6.413352 -11.143060
v -35.056252 6.413352 -11.540424
v -35.056252 6.413352 -11.937789
v -35.056252 6.413352 -12.335153
v -35.056252 6.413352 -12.732517
v -31.181984 6.413352 -13.129882
v -31.181984 6.413352 -12.732517
v -31.181984 6.413352 -12.335153
v -31.181984 6.413352 -11.937789
v -31.181984 6.413352 -11.540424
v -31.181984 6.413352 -11.143060
v -31.181984 6.413352 -10.745696
v -31.181984 6.413352 -10.348331
v -31.181984 6.621160 -13.232193
v -31.181984 6.621160 -13.424934
v -31.181984 6.867714 -13.424934
v -31.181984 6.867714 -13.232193
v -35.056252 6.621160 -9.848656
v -35.056252 6.621160 -9.655914
v -35.056252 6.867714 -9.655914
v -35.056252 6.867714 -9.848656
v -34.674278 6.621160 -13.527246
v -34.953938 6.621160 -13.527246
v -34.953938 6.867714 -13.527246
v -34.674278 6.867714 -13.527246
v -31.563955 6.621160 -9.553603
v -31.284296 6.621160 -9.553603
v -31.284296 6.867714 -9.553603
v -31.563955 6.867714 -9.553603
v -34.953938 6.621160 -9.553603
v -34.674278 6.621160 -9.553603
v -34.674278 6.867714 -9.553603
v -34.953938 6.867714 -9.553603
v -34.469654 6.621160 -9.553603
v -34.189995 6.621160 -9.553603
v -34.189995 6.867714 -9.553603
v -34.469654 6.867714 -9.553603
v -33.985374 6.621160 -9.553603
v -33.705711 6.621160 -9.553603
v -33.705711 6.867714 -9.553603
v -33.985371 6.867714 -9.553603
v -33.501091 6.621160 -9.553603
v -33.221428 6.621160 -9.553603
v -33.221428 6.867714 -9.553603
v -33.501091 6.867714 -9.553603
v -33.016808 6.621160 -9.553603
v -32.737144 6.621160 -9.553603
v -32.737144 6.867714 -9.553603
v -33.016808 6.867714 -9.553603
v -32.532524 6.621160 -9.553603
v -32.252865 6.621160 -9.553603
v -32.252861 6.867714 -9.553603
v -32.532524 6.867714 -9.553603
v -32.048241 6.621160 -9.553603
v -31.768579 6.621160 -9.553603
v -31.768579 6.867714 -9.553603
v -32.048241 6.867714 -9.553603
v -31.284296 6.621160 -13.527246
v -31.563955 6.621160 -13.527246
v -31.563955 6.867714 -13.527246
v -31.284296 6.867714 -13.527246
v -31.768579 6.621160 -13.527246
v -32.048241 6.621160 -13.527246
v -32.048241 6.867714 -13.527246
v -31.768579 6.867714 -13.527246
v -32.252861 6.621160 -13.527246
v -32.532524 6.621160 -13.527246
v -32.532524 6.867714 -13.527246
v -32.252865 6.867714 -13.527246
v -32.737144 6.621160 -13.527246
v -33.016808 6.621160 -13.527246
v -33.016808 6.867714 -13.527246
v -32.737144 6.867714 -13.527246
v -33.221428 6.621160 -13.527246
v -33.501091 6.621160 -13.527246
v -33.501091 6.867714 -13.527246
v -33.221428 6.867714 -13.527246
v -33.705711 6.621160 -13.527246
v -33.985371 6.621160 -13.527246
v -33.985374 6.867714 -13.527246
v -33.705711 6.867714 -13.527246
v -34.189995 6.621160 -13.527246
v -34.469654 6.621160 -13.527246
v -34.469654 6.867714 -13.527246
v -34.189995 6.867714 -13.527246
v -35.056252 6.621160 -13.424934
v -35.056252 6.621160 -13.232193
v -35.056252 6.867714 -13.232193
v -35.056252 6.867714 -13.424934
v -35.056252 6.621160 -13.027570
v -35.056252 6.621160 -12.834829
v -35.056252 6.867714 -12.834829
v -35.056252 6.867714 -13.027570
v -35.056252 6.621160 -12.630205
v -35.056252 6.621160 -12.437465
v -35.056252 6.867714 -12.437465
v -35.056252 6.867714 -12.630205
v -35.056252 6.621160 -12.232841
v -35.056252 6.621160 -12.040100
v -35.056252 6.867714 -12.040100
v -35.056252 6.867714 -12.232841
v -35.056252 6.621160 -11.835477
v -35.056252 6.621160 -11.642736
v -35.056252 6.867714 -11.642736
v -35.056252 6.867714 -11.835477
v -35.056252 6.621160 -11.438112
v -35.056252 6.621160 -11.245372
v -35.056252 6.867714 -11.245372
v -35.056252 6.867714 -11.438112
v -35.056252 6.621160 -11.040749
v -35.056252 6.621160 -10.848007
v -35.056252 6.867714 -10.848007
v -35.056252 6.867714 -11.040749
v -35.056252 6.621160 -10.643384
v -35.056252 6.621160 -10.450644
v -35.056252 6.867714 -10.450644
v -35.056252 6.867714 -10.643384
v -35.056252 6.621160 -10.246019
v -35.056252 6.621160 -10.053279
v -35.056252 6.867714 -10.053279
v -35.056252 6.867714 -10.246019
v -31.181984 6.621160 -9.655914
v -31.181984 6.621160 -9.848656
v -31.181984 6.867714 -9.848656
v -31.181984 6.867714 -9.655914
v -31.181984 6.621160 -10.053279
v -31.181984 6.621160 -10.246019
v -31.181984 6.867714 -10.246019
v -31.181984 6.867714 -10.053279
v -31.181984 6.621160 -10.450644
v -31.181984 6.621160 -10.643384
v -31.181984 6.867714 -10.643384
v -31.181984 6.867714 -10.450644
v -31.181984 6.621160 -10.848007
v -31.181984 6.621160 -11.040749
v -31.181984 6.867714 -11.040749
v -31.181984 6.867714 -10.848007
v -31.181984 6.621160 -11.245372
v -31.181984 6.621160 -11.438112
v -31.181984 6.867714 -11.438112
v -31.181984 6.867714 -11.245372
v -31.181984 6.621160 -11.642736
v -31.181984 6.621160 -11.835477
v -31.181984 6.867714 -11.835477
v -31.181984 6.867714 -11.642736
v -31.181984 6.621160 -12.040100
v -31.181984 6.621160 -12.232841
v -31.181984 6.867714 -12.232841
v -31.181984 6.867714 -12.040100
v -31.181984 6.621160 -12.437465
v -31.181984 6.621160 -12.630205
v -31.181984 6.867714 -12.630205
v -31.181984 6.867714 -12.437465
v -31.181984 6.621160 -12.834829
v -31.181984 6.621160 -13.027570
v -31.181984 6.867714 -13.027570
v -31.181984 6.867714 -12.834829
v -31.208317 6.621160 -13.424934
v -31.208317 6.621160 -13.232193
v -31.208317 6.867714 -13.232193
v -31.208317 6.867714 -13.424934
v -35.029919 6.621160 -9.655914
v -35.029919 6.621160 -9.848656
v -35.029919 6.867714 -9.848656
v -35.029919 6.867714 -9.655914
v -34.953938 6.621160 -13.500913
v -34.674278 6.621160 -13.500913
v -34.674278 6.867714 -13.500913
v -34.953938 6.867714 -13.500913
v -31.284296 6.621160 -9.579936
v -31.563955 6.621160 -9.579936
v -31.563955 6.867714 -9.579936
v -31.284296 6.867714 -9.579936
v -34.674278 6.621160 -9.579936
v -34.953938 6.621160 -9.579936
v -34.953938 6.867714 -9.579936
v -34.674278 6.867714 -9.579936
v -34.189995 6.621160 -9.579936
v -34.469654 6.621160 -9.579936
v -34.469654 6.867714 -9.579936
v -34.189995 6.867714 -9.579936
v -33.705711 6.621160 -9.579936
v -33.985374 6.621160 -9.579936
v -33.985371 6.867714 -9.579936
v -33.705711 6.867714 -9.579936
v -33.221428 6.621160 -9.579936
v -33.501091 6.621160 -9.579936
v -33.501091 6.867714 -9.579936
v -33.221428 6.867714 -9.579936
v -32.737144 6.621160 -9.579936
v -33.016808 6.621160 -9.579936
v -33.016808 6.867714 -9.579936
v -32.737144 6.867714 -9.579936
v -32.252865 6.621160 -9.579936
v -32.532524 6.621160 -9.579936
v -32.532524 6.867714 -9.579936
v -32.252861 6.867714 -9.579936
v -31.768579 6.621160 -9.579936
v -32.048241 6.621160 -9.579936
v -32.048241 6.867714 -9.579936
v -31.768579 6.867714 -9.579936
v -31.563955 6.621160 -13.500913
v -31.284296 6.621160 -13.500913
v -31.284296 6.867714 -13.500913
v -31.563955 6.867714 -13.500913
v -32.048241 6.621160 -13.500913
v -31.768579 6.621160 -13.500913
v -31.768579 6.867714 -13.500913
v -32.048241 6.867714 -13.500913
v -32.532524 6.621160 -13.500913
v -32.252861 6.621160 -13.500913
v -32.252865 6.867714 -13.500913
v -32.532524 6.867714 -13.500913
v -33.016808 6.621160 -13.500913
v -32.737144 6.621160 -13.500913
v -32.737144 6.867714 -13.500913
v -33.016808 6.867714 -13.500913
v -33.501091 6.621160 -13.500913
v -33.221428 6.621160 -13.500913
v -33.221428 6.867714 -13.500913
v -33.501091 6.867714 -13.500913
v -33.985371 6.621160 -13.500913
v -33.705711 6.621160 -13.500913
v -33.705711 6.867714 -13.500913
v -33.985374 6.867714 -13.500913
v -34.469654 6.621160 -13.500913
v -34.189995 6.621160 -13.500913
v -34.189995 6.867714 -13.500913
v -34.469654 6.867714 -13.500913
v -35.029919 6.621160 -13.232193
v -35.029919 6.621160 -13.424934
v -35.029919 6.867714 -13.424934
v -35.029919 6.867714 -13.232193
v -35.029919 6.621160 -12.834829
v -35.029919 6.621160 -13.027570
v -35.029919 6.867714 -13.027570
v -35.029919 6.867714 -12.834829
v -35.029919 6.621160 -12.437465
v -35.029919 6.621160 -12.630205
v -35.029919 6.867714 -12.630205
v -35.029919 6.867714 -12.437465
v -35.029919 6.621160 -12.040100
v -35.029919 6.621160 -12.232841
v -35.029919 6.867714 -12.232841
v -35.029919 6.867714 -12.040100
v -35.029919 6.621160 -11.642736
v -35.029919 6.621160 -11.835477
v -35.029919 6.867714 -11.835477
v -35.029919 6.867714 -11.642736
v -35.029919 6.621160 -11.245372
v -35.029919 6.621160 -11.438112
v -35.029919 6.867714 -11.438112
v -35.029919 6.867714 -11.245372
v -35.029919 6.621160 -10.848007
v -35.029919 6.621160 -11.040749
v -35.029919 6.867714 -11.040749
v -35.029919 6.867714 -10.848007
v -35.029919 6.621160 -10.450644
v -35.029919 6.621160 -10.643384
v -35.029919 6.867714 -10.643384
v -35.029919 6.867714 -10.450644
v -35.029919 6.621160 -10.053279
v -35.029919 6.621160 -10.246019
v -35.029919 6.867714 -10.246019
v -35.029919 6.867714 -10.053279
v -31.208317 6.621160 -9.848656
v -31.208317 6.621160 -9.655914
v -31.208317 6.867714 -9.655914
v -31.208317 6.867714 -9.848656
v -31.208317 6.621160 -10.246019
v -31.208317 6.621160 -10.053279
v -31.208317 6.867714 -10.053279
v -31.208317 6.867714 -10.246019
v -31.208317 6.621160 -10.643384
v -31.208317 6.621160 -10.450644
v -31.208317 6.867714 -10.450644
v -31.208317 6.867714 -10.643384
v -31.208317 6.621160 -11.040749
v -31.208317 6.621160 -10.848007
v -31.208317 6.867714 -10.848007
v -31.208317 6.867714 -11.040749
v -31.208317 6.621160 -11.438112
v -31.208317 6.621160 -11.245372
v -31.208317 6.867714 -11.245372
v -31.208317 6.867714 -11.438112
v -31.208317 6.621160 -11.835477
v -31.208317 6.621160 -11.642736
v -31.208317 6.867714 -11.642736
v -31.208317 6.867714 -11.835477
v -31.208317 6.621160 -12.232841
v -31.208317 6.621160 -12.040100
v -31.208317 6.867714 -12.040100
v -31.208317 6.867714 -12.232841
v -31.208317 6.621160 -12.630205
v -31.208317 6.621160 -12.437465
v -31.208317 6.867714 -12.437465
v -31.208317 6.867714 -12.630205
v -31.208317 6.621160 -13.027570
v -31.208317 6.621160 -12.834829
v -31.208317 6.867714 -12.834829
v -31.208317 6.867714 -13.027570
v -35.056252 7.165347 -9.553603
v -31.181984 7.165347 -9.553603
v -35.056252 7.165347 -13.527246
v -31.181984 7.165347 -13.527246
v -35.056252 7.806172 -13.527246
v -35.056252 7.806172 -9.553603
v -31.181984 7.806172 -9.553603
v -31.181984 7.806172 -13.527246
v -35.056252 8.001493 -13.527246
v -35.056252 8.001493 -9.553603
v -31.181984 8.001493 -9.553603
v -31.181984 8.001493 -13.527246
v -35.173744 7.911667 -13.644740
v -35.173744 7.911667 -9.436109
v -31.064489 7.911667 -9.436109
v -31.064489 7.911667 -13.644740
v -35.173744 8.001493 -13.644740
v -35.173744 8.001493 -9.436109
v -31.064489 8.001493 -9.436109
v -31.064489 8.001493 -13.644740
v -31.181984 7.249498 -13.527246
v -31.181984 7.354994 -9.553603
v -35.056252 7.249498 -9.553603
v -35.056252 7.354994 -13.527246
v -34.571968 7.165347 -9.553603
v -34.087685 7.165347 -9.553603
v -33.603401 7.165347 -9.553603
v -33.119118 7.165347 -9.553603
v -32.634834 7.165347 -9.553603
v -32.150551 7.165347 -9.553603
v -31.666267 7.165347 -9.553603
v -31.666267 7.165347 -13.527246
v -32.150551 7.165347 -13.527246
v -32.634834 7.165347 -13.527246
v -33.119118 7.165347 -13.527246
v -33.603401 7.165347 -13.527246
v -34.087685 7.165347 -13.527246
v -34.571968 7.165347 -13.527246
v -34.571968 7.806172 -9.553603
v -34.087685 7.806172 -9.553603
v -33.603401 7.806172 -9.553603
v -33.119118 7.806172 -9.553603
v -32.634834 7.806172 -9.553603
v -32.150551 7.806172 -9.553603
v -31.666267 7.806172 -9.553603
v -31.666267 7.806172 -13.527246
v -32.150551 7.806172 -13.527246
v -32.634834 7.806172 -13.527246
v -33.119118 7.806172 -13.527246
v -33.603401 7.806172 -13.527246
v -34.087685 7.806172 -13.527246
v -34.571968 7.806172 -13.527246
v -34.571968 8.001493 -9.553603
v -34.087685 8.001493 -9.553603
v -33.603401 8.001493 -9.553603
v -33.119118 8.001493 -9.553603
v -32.634834 8.001493 -9.553603
v -32.150551 8.001493 -9.553603
v -31.666267 8.001493 -9.553603
v -31.666267 8.001493 -13.527246
v -32.150551 8.001493 -13.527246
v -32.634834 8.001493 -13.527246
v -33.119118 8.001493 -13.527246
v -33.603401 8.001493 -13.527246
v -34.087685 8.001493 -13.527246
v -34.571968 8.001493 -13.527246
v -34.660088 7.911667 -9.436109
v -34.146431 7.911667 -9.436109
v -33.632774 7.911667 -9.436109
v -33.119118 7.911667 -9.436109
v -32.605461 7.911667 -9.436109
v -32.091805 7.911667 -9.436109
v -31.578148 7.911667 -9.436109
v -31.578148 7.911667 -13.644740
v -32.091805 7.911667 -13.644740
v -32.605461 7.911667 -13.644740
v -33.119118 7.911667 -13.644740
v -33.632774 7.911667 -13.644740
v -34.146431 7.911667 -13.644740
v -34.660088 7.911667 -13.644740
v -34.660088 8.001493 -9.436109
v -34.146431 8.001493 -9.436109
v -33.632774 8.001493 -9.436109
v -33.119118 8.001493 -9.436109
v -32.605461 8.001493 -9.436109
v -32.091805 8.001493 -9.436109
v -31.578148 8.001493 -9.436109
v -31.578148 8.001493 -13.644740
v -32.091805 8.001493 -13.644740
v -32.605461 8.001493 -13.644740
v -33.119118 8.001493 -13.644740
v -33.632774 8.001493 -13.644740
v -34.146431 8.001493 -13.644740
v -34.660088 8.001493 -13.644740
v -31.666267 7.354994 -9.553603
v -32.150551 7.354994 -9.553603
v -32.634834 7.354994 -9.553603
v -33.119118 7.354994 -9.553603
v -33.603401 7.354994 -9.553603
v -34.087685 7.354994 -9.553603
v -34.571968 7.354994 -9.553603
v -34.571968 7.354994 -13.527246
v -34.087685 7.354994 -13.527246
v -33.603401 7.354994 -13.527246
v -33.119118 7.354994 -13.527246
v -32.634834 7.354994 -13.527246
v -32.150551 7.354994 -13.527246
v -31.666267 7.354994 -13.527246
v -35.056252 7.165347 -13.129882
v -35.056252 7.165347 -12.732517
v -35.056252 7.165347 -12.335153
v -35.056252 7.165347 -11.937789
v -35.056252 7.165347 -11.540424
v -35.056252 7.165347 -11.143060
v -35.056252 7.165347 -10.745696
v -35.056252 7.165347 -10.348331
v -35.056252 7.165347 -9.950967
v -31.181984 7.165347 -9.950967
v -31.181984 7.165347 -10.348331
v -31.181984 7.165347 -10.745696
v -31.181984 7.165347 -11.143060
v -31.181984 7.165347 -11.540424
v -31.181984 7.165347 -11.937789
v -31.181984 7.165347 -12.335153
v -31.181984 7.165347 -12.732517
v -31.181984 7.165347 -13.129882
v -35.056252 7.806172 -13.129882
v -35.056252 7.806172 -12.732517
v -35.056252 7.806172 -12.335153
v -35.056252 7.806172 -11.937789
v -35.056252 7.806172 -11.540424
v -35.056252 7.806172 -11.143060
v -35.056252 7.806172 -10.745696
v -35.056252 7.806172 -10.348331
v -35.056252 7.806172 -9.950967
v -31.181984 7.806172 -9.950967
v -31.181984 7.806172 -10.348331
v -31.181984 7.806172 -10.745696
v -31.181984 7.806172 -11.143060
v -31.181984 7.806172 -11.540424
v -31.181984 7.806172 -11.937789
v -31.181984 7.806172 -12.335153
v -31.181984 7.806172 -12.732517
v -31.181984 7.806172 -13.129882
v -35.056252 8.001493 -13.129882
v -35.056252 8.001493 -12.732517
v -35.056252 8.001493 -12.335153
v -35.056252 8.001493 -11.937789
v -35.056252 8.001493 -11.540424
v -35.056252 8.001493 -11.143060
v -35.056252 8.001493 -10.745696
v -35.056252 8.001493 -10.348331
v -35.056252 8.001493 -9.950967
v -31.181984 8.001493 -9.950967
v -31.181984 8.001493 -10.348331
v -31.181984 8.001493 -10.745696
v -31.181984 8.001493 -11.143060
v -31.181984 8.001493 -11.540424
v -31.181984 8.001493 -11.937789
v -31.181984 8.001493 -12.335153
v -31.181984 8.001493 -12.732517
v -31.181984 8.001493 -13.129882
v -35.173744 7.911667 -13.223877
v -35.173744 7.911667 -12.803014
v -35.173744 7.911667 -12.382151
v -35.173744 7.911667 -11.961287
v -35.173744 7.911667 -11.540424
v -35.173744 7.911667 -11.119561
v -35.173744 7.911667 -10.698698
v -35.173744 7.911667 -10.277835
v -35.173744 7.911667 -9.856972
v -31.064489 7.911667 -9.856972
v -31.064489 7.911667 -10.277835
v -31.064489 7.911667 -10.698698
v -31.064489 7.911667 -11.119561
v -31.064489 7.911667 -11.540424
v -31.064489 7.911667 -11.961287
v -31.064489 7.911667 -12.382151
v -31.064489 7.911667 -12.803014
v -31.064489 7.911667 -13.223877
v -35.173744 8.001493 -13.223877
v -35.173744 8.001493 -12.803014
v -35.173744 8.001493 -12.382151
v -35.173744 8.001493 -11.961287
v -35.173744 8.001493 -11.540424
v -35.173744 8.001493 -11.119561
v -35.173744 8.001493 -10.698698
v -35.173744 8.001493 -10.277835
v -35.173744 8.001493 -9.856972
v -31.064489 8.001493 -9.856972
v -31.064489 8.001493 -10.277835
v -31.064489 8.001493 -10.698698
v -31.064489 8.001493 -11.119561
v -31.064489 8.001493 -11.540424
v -31.064489 8.001493 -11.961287
v -31.064489 8.001493 -12.382151
v -31.064489 8.001493 -12.803014
v -31.064489 8.001493 -13.223877
v -35.056252 7.354994 -9.950967
v -35.056252 7.354994 -10.348331
v -35.056252 7.354994 -10.745696
v -35.056252 7.354994 -11.143060
v -35.056252 7.354994 -11.540424
v -35.056252 7.354994 -11.937789
v -35.056252 7.354994 -12.335153
v -35.056252 7.354994 -12.732517
v -35.056252 7.354994 -13.129882
v -31.181984 7.354994 -13.129882
v -31.181984 7.354994 -12.732517
v -31.181984 7.354994 -12.335153
v -31.181984 7.354994 -11.937789
v -31.181984 7.354994 -11.540424
v -31.181984 7.354994 -11.143060
v -31.181984 7.354994 -10.745696
v -31.181984 7.354994 -10.348331
v -31.181984 7.354994 -9.950967
v -34.571968 8.001493 -9.950967
v -34.571968 8.001493 -10.348331
v -34.571968 8.001493 -10.745696
v -34.571968 8.001493 -11.143060
v -34.571968 8.001493 -11.540424
v -34.571968 8.001493 -11.937789
v -34.571968 8.001493 -12.335153
v -34.571968 8.001493 -12.732517
v -34.571968 8.001493 -13.129882
v -34.087685 8.001493 -9.950967
v -34.087685 8.001493 -10.348331
v -34.087685 8.001493 -10.745696
v -34.087685 8.001493 -11.143060
v -34.087685 8.001493 -11.540424
v -34.087685 8.001493 -11.937789
v -34.087685 8.001493 -12.335153
v -34.087685 8.001493 -12.732517
v -34.087685 8.001493 -13.129882
v -33.603401 8.001493 -9.950967
v -33.603401 8.001493 -10.348331
v -33.603401 8.001493 -10.745696
v -33.603401 8.001493 -11.143060
v -33.603401 8.001493 -11.540424
v -33.603401 8.001493 -11.937789
v -33.603401 8.001493 -12.335153
v -33.603401 8.001493 -12.732517
v -33.603401 8.001493 -13.129882
v -33.119118 8.001493 -9.950967
v -33.119118 8.001493 -10.348331
v -33.119118 8.001493 -10.745696
v -33.119118 8.001493 -11.143060
v -33.119118 8.001493 -11.540424
v -33.119118 8.001493 -11.937789
v -33.119118 8.001493 -12.335153
v -33.119118 8.001493 -12.732517
v -33.119118 8.001493 -13.129882
v -32.634834 8.001493 -9.950967
v -32.634834 8.001493 -10.348331
v -32.634834 8.001493 -10.745696
v -32.634834 8.001493 -11.143060
v -32.634834 8.001493 -11.540424
v -32.634834 8.001493 -11.937789
v -32.634834 8.001493 -12.335153
v -32.634834 8.001493 -12.732517
v -32.634834 8.001493 -13.129882
v -32.150551 8.001493 -9.950967
v -32.150551 8.001493 -10.348331
v -32.150551 8.001493 -10.745696
v -32.150551 8.001493 -11.143060
v -32.150551 8.001493 -11.540424
v -32.150551 8.001493 -11.937789
v -32.150551 8.001493 -12.335153
v -32.150551 8.001493 -12.732517
v -32.150551 8.001493 -13.129882
v -31.666267 8.001493 -9.950967
v -31.666267 8.001493 -10.348331
v -31.666267 8.001493 -10.745696
v -31.666267 8.001493 -11.143060
v -31.666267 8.001493 -11.540424
v -31.666267 8.001493 -11.937789
v -31.666267 8.001493 -12.335153
v -31.666267 8.001493 -12.732517
v -31.666267 8.001493 -13.129882
v -34.571968 7.165347 -13.129882
v -34.571968 7.165347 -12.732517
v -34.571968 7.165347 -12.335153
v -34.571968 7.165347 -11.937789
v -34.571968 7.165347 -11.540424
v -34.571968 7.165347 -11.143060
v -34.571968 7.165347 -10.745696
v -34.571968 7.165347 -10.348331
v -34.571968 7.165347 -9.950967
v -34.087685 7.165347 -13.129882
v -34.087685 7.165347 -12.732517
v -34.087685 7.165347 -12.335153
v -34.087685 7.165347 -11.937789
v -34.087685 7.165347 -11.540424
v -34.087685 7.165347 -11.143060
v -34.087685 7.165347 -10.745696
v -34.087685 7.165347 -10.348331
v -34.087685 7.165347 -9.950967
v -33.603401 7.165347 -13.129882
v -33.603401 7.165347 -12.732517
v -33.603401 7.165347 -12.335153
v -33.603401 7.165347 -11.937789
v -33.603401 7.165347 -11.540424
v -33.603401 7.165347 -11.143060
v -33.603401 7.165347 -10.745696
v -33.603401 7.165347 -10.348331
v -33.603401 7.165347 -9.950967
v -33.119118 7.165347 -13.129882
v -33.119118 7.165347 -12.732517
v -33.119118 7.165347 -12.335153
v -33.119118 7.165347 -11.937789
v -33.119118 7.165347 -11.540424
v -33.119118 7.165347 -11.143060
v -33.119118 7.165347 -10.745696
v -33.119118 7.165347 -10.348331
v -33.119118 7.165347 -9.950967
v -32.634834 7.165347 -13.129882
v -32.634834 7.165347 -12.732517
v -32.634834 7.165347 -12.335153
v -32.634834 7.165347 -11.937789
v -32.634834 7.165347 -11.540424
v -32.634834 7.165347 -11.143060
v -32.634834 7.165347 -10.745696
v -32.634834 7.165347 -10.348331
v -32.634834 7.165347 -9.950967
v -32.150551 7.165347 -13.129882
v -32.150551 7.165347 -12.732517
v -32.150551 7.165347 -12.335153
v -32.150551 7.165347 -11.937789
v -32.150551 7.165347 -11.540424
v -32.150551 7.165347 -11.143060
v -32.150551 7.165347 -10.745696
v -32.150551 7.165347 -10.348331
v -32.150551 7.165347 -9.950967
v -31.666267 7.165347 -13.129882
v -31.666267 7.165347 -12.732517
v -31.666267 7.165347 -12.335153
v -31.666267 7.165347 -11.937789
v -31.666267 7.165347 -11.540424
v -31.666267 7.165347 -11.143060
v -31.666267 7.165347 -10.745696
v -31.666267 7.165347 -10.348331
v -31.666267 7.165347 -9.950967
v -35.056252 7.911667 -9.950967
v -35.056252 7.911667 -9.553603
v -31.666267 7.911667 -9.553603
v -31.181984 7.911667 -9.553603
v -31.181984 7.911667 -13.129882
v -31.181984 7.911667 -13.527246
v -34.571968 7.911667 -13.527246
v -35.056252 7.911667 -13.527246
v -34.571968 7.249498 -9.553603
v -35.056252 7.354994 -9.553603
v -31.666267 7.249498 -13.527246
v -31.181984 7.354994 -13.527246
v -35.056252 7.249498 -13.129882
v -35.056252 7.249498 -13.527246
v -31.181984 7.249498 -9.950967
v -31.181984 7.249498 -9.553603
v -34.571968 7.911667 -9.553603
v -34.087685 7.911667 -9.553603
v -33.603401 7.911667 -9.553603
v -33.119118 7.911667 -9.553603
v -32.634834 7.911667 -9.553603
v -32.150551 7.911667 -9.553603
v -31.666267 7.911667 -13.527246
v -32.150551 7.911667 -13.527246
v -32.634834 7.911667 -13.527246
v -33.119118 7.911667 -13.527246
v -33.603401 7.911667 -13.527246
v -34.087685 7.911667 -13.527246
v -31.666267 7.249498 -9.553603
v -32.150551 7.249498 -9.553603
v -32.634834 7.249498 -9.553603
v -33.119118 7.249498 -9.553603
v -33.603401 7.249498 -9.553603
v -34.087685 7.249498 -9.553603
v -34.571968 7.249498 -13.527246
v -34.087685 7.249498 -13.527246
v -33.603401 7.249498 -13.527246
v -33.119118 7.249498 -13.527246
v -32.634834 7.249498 -13.527246
v -32.150551 7.249498 -13.527246
v -35.056252 7.911667 -13.129882
v -35.056252 7.911667 -12.732517
v -35.056252 7.911667 -12.335153
v -35.056252 7.911667 -11.937789
v -35.056252 7.911667 -11.540424
v -35.056252 7.911667 -11.143060
v -35.056252 7.911667 -10.745696
v -35.056252 7.911667 -10.348331
v -31.181984 7.911667 -9.950967
v -31.181984 7.911667 -10.348331
v -31.181984 7.911667 -10.745696
v -31.181984 7.911667 -11.143060
v -31.181984 7.911667 -11.540424
v -31.181984 7.911667 -11.937789
v -31.181984 7.911667 -12.335153
v -31.181984 7.911667 -12.732517
v -35.056252 7.249498 -9.950967
v -35.056252 7.249498 -10.348331
v -35.056252 7.249498 -10.745696
v -35.056252 7.249498 -11.143060
v -35.056252 7.249498 -11.540424
v -35.056252 7.249498 -11.937789
v -35.056252 7.249498 -12.335153
v -35.056252 7.249498 -12.732517
v -31.181984 7.249498 -13.129882
v -31.181984 7.249498 -12.732517
v -31.181984 7.249498 -12.335153
v -31.181984 7.249498 -11.937789
v -31.181984 7.249498 -11.540424
v -31.181984 7.249498 -11.143060
v -31.181984 7.249498 -10.745696
v -31.181984 7.249498 -10.348331
v -31.181984 7.457306 -13.232193
v -31.181984 7.457306 -13.424934
v -31.181984 7.703860 -13.424934
v -31.181984 7.703860 -13.232193
v -35.056252 7.457306 -9.848656
v -35.056252 7.457306 -9.655914
v -35.056252 7.703860 -9.655914
v -35.056252 7.703860 -9.848656
v -34.674278 7.457306 -13.527246
v -34.953938 7.457306 -13.527246
v -34.953938 7.703860 -13.527246
v -34.674278 7.703860 -13.527246
v -31.563955 7.457306 -9.553603
v -31.284296 7.457306 -9.553603
v -31.284296 7.703860 -9.553603
v -31.563955 7.703860 -9.553603
v -34.953938 7.457306 -9.553603
v -34.674278 7.457306 -9.553603
v -34.674278 7.703860 -9.553603
v -34.953938 7.703860 -9.553603
v -34.469654 7.457306 -9.553603
v -34.189995 7.457306 -9.553603
v -34.189995 7.703860 -9.553603
v -34.469654 7.703860 -9.553603
v -33.985374 7.457306 -9.553603
v -33.705711 7.457306 -9.553603
v -33.705711 7.703860 -9.553603
v -33.985371 7.703860 -9.553603
v -33.501091 7.457306 -9.553603
v -33.221428 7.457306 -9.553603
v -33.221428 7.703860 -9.553603
v -33.501091 7.703860 -9.553603
v -33.016808 7.457306 -9.553603
v -32.737144 7.457306 -9.553603
v -32.737144 7.703860 -9.553603
v -33.016808 7.703860 -9.553603
v -32.532524 7.457306 -9.553603
v -32.252865 7.457306 -9.553603
v -32.252861 7.703860 -9.553603
v -32.532524 7.703860 -9.553603
v -32.048241 7.457306 -9.553603
v -31.768579 7.457306 -9.553603
v -31.768579 7.703860 -9.553603
v -32.048241 7.703860 -9.553603
v -31.284296 7.457306 -13.527246
v -31.563955 7.457306 -13.527246
v -31.563955 7.703860 -13.527246
v -31.284296 7.703860 -13.527246
v -31.768579 7.457306 -13.527246
v -32.048241 7.457306 -13.527246
v -32.048241 7.703860 -13.527246
v -31.768579 7.703860 -13.527246
v -32.252861 7.457306 -13.527246
v -32.532524 7.457306 -13.527246
v -32.532524 7.703860 -13.527246
v -32.252865 7.703860 -13.527246
v -32.737144 7.457306 -13.527246
v -33.016808 7.457306 -13.527246
v -33.016808 7.703860 -13.527246
v -32.737144 7.703860 -13.527246
v -33.221428 7.457306 -13.527246
v -33.501091 7.457306 -13.527246
v -33.501091 7.703860 -13.527246
v -33.221428 7.703860 -13.527246
v -33.705711 7.457306 -13.527246
v -33.985371 7.457306 -13.527246
v -33.985374 7.703860 -13.527246
v -33.705711 7.703860 -13.527246
v -34.189995 7.457306 -13.527246
v -34.469654 7.457306 -13.527246
v -34.469654 7.703860 -13.527246
v -34.189995 7.703860 -13.527246
v -35.056252 7.457306 -13.424934
v -35.056252 7.457306 -13.232193
v -35.056252 7.703860 -13.232193
v -35.056252 7.703860 -13.424934
v -35.056252 7.457306 -13.027570
v -35.056252 7.457306 -12.834829
v -35.056252 7.703860 -12.834829
v -35.056252 7.703860 -13.027570
v -35.056252 7.457306 -12.630205
v -35.056252 7.457306 -12.437465
v -35.056252 7.703860 -12.437465
v -35.056252 7.703860 -12.630205
v -35.056252 7.457306 -12.232841
v -35.056252 7.457306 -12.040100
v -35.056252 7.703860 -12.040100
v -35.056252 7.703860 -12.232841
v -35.056252 7.457306 -11.835477
v -35.056252 7.457306 -11.642736
v -35.056252 7.703860 -11.642736
v -35.056252 7.703860 -11.835477
v -35.056252 7.457306 -11.438112
v -35.056252 7.457306 -11.245372
v -35.056252 7.703860 -11.245372
v -35.056252 7.703860 -11.438112
v -35.056252 7.457306 -11.040749
v -35.056252 7.457306 -10.848007
v -35.056252 7.703860 -10.848007
v -35.056252 7.703860 -11.040749
v -35.056252 7.457306 -10.643384
v -35.056252 7.457306 -10.450644
v -35.056252 7.703860 -10.450644
v -35.056252 7.703860 -10.643384
v -35.056252 7.457306 -10.246019
v -35.056252 7.457306 -10.053279
v -35.056252 7.703860 -10.053279
v -35.056252 7.703860 -10.246019
v -31.181984 7.457306 -9.655914
v -31.181984 7.457306 -9.848656
v -31.181984 7.703860 -9.848656
v -31.181984 7.703860 -9.655914
v -31.181984 7.457306 -10.053279
v -31.181984 7.457306 -10.246019
v -31.181984 7.703860 -10.246019
v -31.181984 7.703860 -10.053279
v -31.181984 7.457306 -10.450644
v -31.181984 7.457306 -10.643384
v -31.181984 7.703860 -10.643384
v -31.181984 7.703860 -10.450644
v -31.181984 7.457306 -10.848007
v -31.181984 7.457306 -11.040749
v -31.181984 7.703860 -11.040749
v -31.181984 7.703860 -10.848007
v -31.181984 7.457306 -11.245372
v -31.181984 7.457306 -11.438112
v -31.181984 7.703860 -11.438112
v -31.181984 7.703860 -11.245372
v -31.181984 7.457306 -11.642736
v -31.181984 7.457306 -11.835477
v -31.181984 7.703860 -11.835477
v -31.181984 7.703860 -11.642736
v -31.181984 7.457306 -12.040100
v -31.181984 7.457306 -12.232841
v -31.181984 7.703860 -12.232841
v -31.181984 7.703860 -12.040100
v -31.181984 7.457306 -12.437465
v -31.181984 7.457306 -12.630205
v -31.181984 7.703860 -12.630205
v -31.181984 7.703860 -12.437465
v -31.181984 7.457306 -12.834829
v -31.181984 7.457306 -13.027570
v -31.181984 7.703860 -13.027570
v -31.181984 7.703860 -12.834829
v -31.208317 7.457306 -13.424934
v -31.208317 7.457306 -13.232193
v -31.208317 7.703860 -13.232193
v -31.208317 7.703860 -13.424934
v -35.029919 7.457306 -9.655914
v -35.029919 7.457306 -9.848656
v -35.029919 7.703860 -9.848656
v -35.029919 7.703860 -9.655914
v -34.953938 7.457306 -13.500913
v -34.674278 7.457306 -13.500913
v -34.674278 7.703860 -13.500913
v -34.953938 7.703860 -13.500913
v -31.284296 7.457306 -9.579936
v -31.563955 7.457306 -9.579936
v -31.563955 7.703860 -9.579936
v -31.284296 7.703860 -9.579936
v -34.674278 7.457306 -9.579936
v -34.953938 7.457306 -9.579936
v -34.953938 7.703860 -9.579936
v -34.674278 7.703860 -9.579936
v -34.189995 7.457306 -9.579936
v -34.469654 7.457306 -9.579936
v -34.469654 7.703860 -9.579936
v -34.189995 7.703860 -9.579936
v -33.705711 7.457306 -9.579936
v -33.985374 7.457306 -9.579936
v -33.985371 7.703860 -9.579936
v -33.705711 7.703860 -9.579936
v -33.221428 7.457306 -9.579936
v -33.501091 7.457306 -9.579936
v -33.501091 7.703860 -9.579936
v -33.221428 7.703860 -9.579936
v -32.737144 7.457306 -9.579936
v -33.016808 7.457306 -9.579936
v -33.016808 7.703860 -9.579936
v -32.737144 7.703860 -9.579936
v -32.252865 7.457306 -9.579936
v -32.532524 7.457306 -9.579936
v -32.532524 7.703860 -9.579936
v -32.252861 7.703860 -9.579936
v -31.768579 7.457306 -9.579936
v -32.048241 7.457306 -9.579936
v -32.048241 7.703860 -9.579936
v -31.768579 7.703860 -9.579936
v -31.563955 7.457306 -13.500913
v -31.284296 7.457306 -13.500913
v -31.284296 7.703860 -13.500913
v -31.563955 7.703860 -13.500913
v -32.048241 7.457306 -13.500913
v -31.768579 7.457306 -13.500913
v -31.768579 7.703860 -13.500913
v -32.048241 7.703860 -13.500913
v -32.532524 7.457306 -13.500913
v -32.252861 7.457306 -13.500913
v -32.252865 7.703860 -13.500913
v -32.532524 7.703860 -13.500913
v -33.016808 7.457306 -13.500913
v -32.737144 7.457306 -13.500913
v -32.737144 7.703860 -13.500913
v -33.016808 7.703860 -13.500913
v -33.501091 7.457306 -13.500913
v -33.221428 7.457306 -13.500913
v -33.221428 7.703860 -13.500913
v -33.501091 7.703860 -13.500913
v -33.985371 7.457306 -13.500913
v -33.705711 7.457306 -13.500913
v -33.705711 7.703860 -13.500913
v -33.985374 7.703860 -13.500913
v -34.469654 7.457306 -13.500913
v -34.189995 7.457306 -13.500913
v -34.189995 7.703860 -13.500913
v -34.469654 7.703860 -13.500913
v -35.029919 7.457306 -13.232193
v -35.029919 7.457306 -13.424934
v -35.029919 7.703860 -13.424934
v -35.029919 7.703860 -13.232193
v -35.029919 7.457306 -12.834829
v -35.029919 7.457306 -13.027570
v -35.029919 7.703860 -13.027570
v -35.029919 7.703860 -12.834829
v -35.029919 7.457306 -12.437465
v -35.029919 7.457306 -12.630205
v -35.029919 7.703860 -12.630205
v -35.029919 7.703860 -12.437465
v -35.029919 7.457306 -12.040100
v -35.029919 7.457306 -12.232841
v -35.029919 7.703860 -12.232841
v -35.029919 7.703860 -12.040100
v -35.029919 7.457306 -11.642736
v -35.029919 7.457306 -11.835477
v -35.029919 7.703860 -11.835477
v -35.029919 7.703860 -11.642736
v -35.029919 7.457306 -11.245372
v -35.029919 7.457306 -11.438112
v -35.029919 7.703860 -11.438112
v -35.029919 7.703860 -11.245372
v -35.029919 7.457306 -10.848007
v -35.029919 7.457306 -11.040749
v -35.029919 7.703860 -11.040749
v -35.029919 7.703860 -10.848007
v -35.029919 7.457306 -10.450644
v -35.029919 7.457306 -10.643384
v -35.029919 7.703860 -10.643384
v -35.029919 7.703860 -10.450644
v -35.029919 7.457306 -10.053279
v -35.029919 7.457306 -10.246019
v -35.029919 7.703860 -10.246019
v -35.029919 7.703860 -10.053279
v -31.208317 7.457306 -9.848656
v -31.208317 7.457306 -9.655914
v -31.208317 7.703860 -9.655914
v -31.208317 7.703860 -9.848656
v -31.208317 7.457306 -10.246019
v -31.208317 7.457306 -10.053279
v -31.208317 7.703860 -10.053279
v -31.208317 7.703860 -10.246019
v -31.208317 7.457306 -10.643384
v -31.208317 7.457306 -10.450644
v -31.208317 7.703860 -10.450644
v -31.208317 7.703860 -10.643384
v -31.208317 7.457306 -11.040749
v -31.208317 7.457306 -10.848007
v -31.208317 7.703860 -10.848007
v -31.208317 7.703860 -11.040749
v -31.208317 7.457306 -11.438112
v -31.208317 7.457306 -11.245372
v -31.208317 7.703860 -11.245372
v -31.208317 7.703860 -11.438112
v -31.208317 7.457306 -11.835477
v -31.208317 7.457306 -11.642736
v -31.208317 7.703860 -11.642736
v -31.208317 7.703860 -11.835477
v -31.208317 7.457306 -12.232841
v -31.208317 7.457306 -12.040100
v -31.208317 7.703860 -12.040100
v -31.208317 7.703860 -12.232841
v -31.208317 7.457306 -12.630205
v -31.208317 7.457306 -12.437465
v -31.208317 7.703860 -12.437465
v -31.208317 7.703860 -12.630205
v -31.208317 7.457306 -13.027570
v -31.208317 7.457306 -12.834829
v -31.208317 7.703860 -12.834829
v -31.208317 7.703860 -13.027570
vn -0.0000 -1.0000 -0.0000
vn -0.0000 1.0000 -0.0000
vn -0.0000 -0.0000 1.0000
vn -1.0000 -0.0000 -0.0000
vn -0.0000 -0.0000 -1.0000
vn 1.0000 -0.0000 -0.0000
vt 0.875000 0.900000
vt 0.875000 1.000000
vt 1.000000 1.000000
vt 1.000000 0.900000
vt 1.000000 0.100000
vt 1.000000 0.000000
vt 1.000000 0.100000
vt 0.848592 0.000000
vt 0.776408 0.000000
vt 0.000000 0.474252
vt 0.000000 0.474252
vt 0.848592 0.000000
vt 0.000000 0.425748
vt 0.875000 0.900000
vt 1.000000 0.900000
vt 0.875000 1.000000
vt 0.875000 0.000000
vt 0.125000 1.000000
vt 0.000000 1.000000
vt 0.125000 0.000000
vt 0.000000 0.000000
vt 0.875000 0.000000
vt 1.000000 0.900000
vt 0.000000 0.100000
vt 0.000000 0.900000
vt 0.000000 0.900000
vt 0.125000 1.000000
vt 0.750000 1.000000
vt 0.625000 1.000000
vt 0.625000 1.000000
vt 0.500000 1.000000
vt 0.500000 1.000000
vt 0.375000 1.000000
vt 0.375000 1.000000
vt 0.250000 1.000000
vt 0.125000 0.000000
vt 0.250000 0.000000
vt 0.250000 0.000000
vt 0.375000 0.000000
vt 0.375000 0.000000
vt 0.500000 0.000000
vt 0.625000 0.000000
vt 0.750000 0.000000
vt 0.250000 1.000000
vt 0.375000 1.000000
vt 0.625000 1.000000
vt 0.375000 0.000000
vt 0.375000 1.000000
vt 0.625000 0.000000
vt 0.750000 1.000000
vt 0.250000 1.000000
vt 0.750000 0.000000
vt 0.125000 0.900000
vt 0.250000 0.900000
vt 0.375000 0.900000
vt 0.500000 0.900000
vt 0.625000 0.900000
vt 0.750000 0.900000
vt 1.000000 0.274252
vt 1.000000 0.225748
vt 1.000000 0.274252
vt 0.276408 1.000000
vt 0.348592 1.000000
vt 1.000000 0.225748
vt 0.276408 1.000000
vt 0.973592 0.000000
vt 0.901408 0.000000
vt 0.348592 1.000000
vt 1.000000 0.874252
vt 1.000000 0.825748
vt 0.901408 0.000000
vt 0.125000 0.900000
vt 0.250000 0.900000
vt 0.375000 0.900000
vt 0.500000 0.900000
vt 0.625000 0.900000
vt 0.750000 0.900000
vt 0.750000 0.100000
vt 0.875000 0.100000
vt 0.750000 0.200000
vt 0.875000 0.200000
vt 0.750000 0.300000
vt 0.875000 0.300000
vt 0.750000 0.400000
vt 0.875000 0.400000
vt 0.750000 0.500000
vt 0.875000 0.500000
vt 0.750000 0.600000
vt 0.875000 0.600000
vt 0.750000 0.700000
vt 0.875000 0.700000
vt 0.750000 0.800000
vt 0.875000 0.800000
vt 0.625000 0.100000
vt 0.625000 0.200000
vt 0.625000 0.300000
vt 0.625000 0.400000
vt 0.625000 0.500000
vt 0.625000 0.600000
vt 0.625000 0.700000
vt 0.625000 0.800000
vt 0.500000 0.100000
vt 0.500000 0.200000
vt 0.500000 0.300000
vt 0.500000 0.400000
vt 0.500000 0.500000
vt 0.500000 0.600000
vt 0.500000 0.700000
vt 0.500000 0.800000
vt 0.375000 0.100000
vt 0.375000 0.200000
vt 0.375000 0.300000
vt 0.375000 0.400000
vt 0.375000 0.500000
vt 0.375000 0.600000
vt 0.375000 0.700000
vt 0.375000 0.800000
vt 0.250000 0.100000
vt 0.250000 0.200000
vt 0.250000 0.300000
vt 0.250000 0.400000
vt 0.250000 0.500000
vt 0.250000 0.600000
vt 0.250000 0.700000
vt 0.250000 0.800000
vt 0.125000 0.100000
vt 0.125000 0.200000
vt 0.125000 0.300000
vt 0.125000 0.400000
vt 0.125000 0.500000
vt 0.125000 0.600000
vt 0.125000 0.700000
vt 0.125000 0.800000
vt 0.000000 0.200000
vt 0.000000 0.300000
vt 0.000000 0.400000
vt 0.000000 0.500000
vt 0.000000 0.600000
vt 0.000000 0.700000
vt 0.000000 0.800000
vt 0.750000 0.100000
vt 0.750000 0.200000
vt 0.875000 0.300000
vt 0.750000 0.300000
vt 0.875000 0.400000
vt 0.750000 0.400000
vt 0.875000 0.500000
vt 0.750000 0.600000
vt 0.750000 0.700000
vt 0.875000 0.800000
vt 0.750000 0.800000
vt 0.625000 0.100000
vt 0.625000 0.200000
vt 0.625000 0.300000
vt 0.625000 0.400000
vt 0.625000 0.500000
vt 0.625000 0.600000
vt 0.625000 0.700000
vt 0.625000 0.800000
vt 0.500000 0.100000
vt 0.500000 0.200000
vt 0.500000 0.300000
vt 0.500000 0.400000
vt 0.500000 0.500000
vt 0.500000 0.600000
vt 0.500000 0.700000
vt 0.500000 0.800000
vt 0.375000 0.100000
vt 0.375000 0.200000
vt 0.375000 0.300000
vt 0.375000 0.400000
vt 0.375000 0.500000
vt 0.375000 0.600000
vt 0.375000 0.700000
vt 0.375000 0.800000
vt 0.250000 0.200000
vt 0.250000 0.400000
vt 0.250000 0.700000
vt 0.250000 0.800000
vt 0.125000 0.100000
vt 0.125000 0.200000
vt 0.125000 0.300000
vt 0.125000 0.400000
vt 0.125000 0.500000
vt 0.125000 0.600000
vt 0.125000 0.700000
vt 0.125000 0.800000
vt 0.000000 0.500000
vt 0.000000 0.700000
vt 1.000000 0.200000
vt 1.000000 0.300000
vt 1.000000 0.400000
vt 1.000000 0.400000
vt 1.000000 0.500000
vt 1.000000 0.500000
vt 1.000000 0.600000
vt 1.000000 0.700000
vt 1.000000 0.700000
vt 1.000000 0.800000
vt 0.000000 0.400000
vt 0.000000 0.800000
vt 0.000000 0.500000
vt 0.000000 0.400000
vt 1.000000 0.200000
vt 1.000000 0.300000
vt 1.000000 0.400000
vt 1.000000 0.400000
vt 1.000000 0.500000
vt 1.000000 0.600000
vt 1.000000 0.600000
vt 1.000000 0.700000
vt 1.000000 0.700000
vt 1.000000 0.200000
vt 1.000000 0.400000
vt 1.000000 0.400000
vt 0.000000 0.525748
vt 0.000000 0.574252
vt 1.000000 0.825748
vt 0.723592 0.000000
vt 0.651408 0.000000
vt 0.651408 0.000000
vt 1.000000 0.174252
vt 1.000000 0.125748
vt 0.401408 1.000000
vt 0.473592 1.000000
vt 0.401408 1.000000
vt 0.026408 1.000000
vt 0.098592 1.000000
vt 0.750000 0.000000
vt 0.000000 0.400000
vt 0.000000 0.200000
vt 1.000000 0.800000
vt 1.000000 0.700000
vt 1.000000 0.300000
vt 1.000000 0.974252
vt 1.000000 0.925748
vt 1.000000 0.974252
vt 0.000000 0.025748
vt 0.000000 0.074252
vt 0.000000 0.025748
vt 0.026408 1.000000
vt 0.098592 1.000000
vt 0.098592 0.000000
vt 0.026408 0.000000
vt 0.026408 0.000000
vt 0.223592 0.000000
vt 0.151408 0.000000
vt 0.151408 0.000000
vt 0.348592 0.000000
vt 0.276408 0.000000
vt 0.348592 0.000000
vt 0.473592 0.000000
vt 0.401408 0.000000
vt 0.473592 0.000000
vt 0.401408 0.000000
vt 0.598592 0.000000
vt 0.526408 0.000000
vt 0.598592 0.000000
vt 0.526408 0.000000
vt 0.901408 1.000000
vt 0.973592 1.000000
vt 0.973592 1.000000
vt 0.776408 1.000000
vt 0.848592 1.000000
vt 0.776408 1.000000
vt 0.848592 1.000000
vt 0.651408 1.000000
vt 0.723592 1.000000
vt 0.651408 1.000000
vt 0.723592 1.000000
vt 0.526408 1.000000
vt 0.598592 1.000000
vt 0.526408 1.000000
vt 0.598592 1.000000
vt 0.473592 1.000000
vt 0.151408 1.000000
vt 0.223592 1.000000
vt 0.151408 1.000000
vt 0.223592 1.000000
vt 0.000000 0.925748
vt 0.000000 0.974252
vt 0.000000 0.925748
vt 0.000000 0.825748
vt 0.000000 0.874252
vt 0.000000 0.825748
vt 0.000000 0.874252
vt 0.000000 0.725748
vt 0.000000 0.774252
vt 0.000000 0.725748
vt 0.000000 0.625748
vt 0.000000 0.674252
vt 0.000000 0.625748
vt 0.000000 0.425748
vt 0.000000 0.325748
vt 0.000000 0.374252
vt 0.000000 0.325748
vt 0.000000 0.225748
vt 0.000000 0.274252
vt 0.000000 0.225748
vt 0.000000 0.274252
vt 0.000000 0.125748
vt 0.000000 0.174252
vt 1.000000 0.074252
vt 1.000000 0.025748
vt 1.000000 0.374252
vt 1.000000 0.325748
vt 1.000000 0.474252
vt 1.000000 0.425748
vt 1.000000 0.474252
vt 1.000000 0.574252
vt 1.000000 0.525748
vt 1.000000 0.574252
vt 1.000000 0.525748
vt 1.000000 0.674252
vt 1.000000 0.625748
vt 1.000000 0.625748
vt 1.000000 0.774252
vt 1.000000 0.725748
vt 1.000000 0.774252
vt 1.000000 0.725748
s 0
usemtl A21
f 762/291/108 460/292/108 432/293/108 554/294/108
f 582/295/109 439/296/109 447/296/109 618/297/109
f 885/298/108 886/299/108 1029/299/108 1030/298/108
f 938/300/110 935/301/110 1080/301/110 1081/300/110
f 884/302/111 885/298/111 1030/298/111 1027/302/111
f 935/301/109 936/303/109 1079/303/109 1080/301/109
f 707/304/109 590/305/109 440/293/109 488/306/109
f 773/307/108 774/296/108 443/296/108 501/307/108
f 777/308/108 778/309/108 441/309/108 508/308/108
f 481/310/109 438/311/109 446/311/109 509/310/109
f 508/308/112 441/309/112 445/309/112 522/308/112
f 501/307/110 443/296/110 447/296/110 515/312/110
f 608/313/113 444/293/113 448/293/113 626/313/113
f 599/314/111 442/311/111 446/311/111 617/314/111
f 573/315/109 437/309/109 445/309/109 609/316/109
f 775/294/108 776/293/108 444/293/108 608/313/108
f 488/306/109 440/293/109 448/293/109 516/306/109
f 771/314/108 772/311/108 442/311/108 599/314/108
f 459/312/110 430/296/110 786/296/110 799/312/110
f 466/317/112 431/309/112 784/309/112 805/308/112
f 545/314/111 429/311/111 451/311/111 827/314/111
f 554/294/113 432/293/113 449/293/113 835/294/113
f 432/293/112 460/292/112 781/292/112 449/293/112
f 460/292/112 461/318/112 810/318/112 781/292/112
f 461/318/112 462/319/112 809/320/112 810/318/112
f 462/319/112 463/321/112 808/322/112 809/320/112
f 463/321/112 464/323/112 807/324/112 808/322/112
f 464/323/112 465/325/112 806/325/112 807/324/112
f 465/325/112 466/317/112 805/308/112 806/325/112
f 429/311/110 453/310/110 779/326/110 451/311/110
f 453/310/110 454/327/110 804/328/110 779/326/110
f 454/327/110 455/329/110 803/330/110 804/328/110
f 455/329/110 456/331/110 802/331/110 803/330/110
f 456/331/110 457/332/110 801/332/110 802/331/110
f 457/332/110 458/333/110 800/333/110 801/332/110
f 458/333/110 459/312/110 799/312/110 800/333/110
f 437/309/109 494/308/109 522/308/109 445/309/109
f 494/308/109 493/325/109 521/334/109 522/308/109
f 493/325/109 492/335/109 520/324/109 521/334/109
f 492/335/109 491/322/109 519/322/109 520/324/109
f 491/322/109 490/336/109 518/319/109 519/322/109
f 490/336/109 489/318/109 517/318/109 518/319/109
f 489/318/109 488/306/109 516/306/109 517/318/109
f 442/311/110 495/310/110 509/310/110 446/311/110
f 495/310/110 496/327/110 510/327/110 509/310/110
f 496/327/110 497/337/110 511/329/110 510/327/110
f 497/337/110 498/331/110 512/331/110 511/329/110
f 498/331/110 499/332/110 513/332/110 512/331/110
f 499/332/110 500/333/110 514/333/110 513/332/110
f 500/333/110 501/307/110 515/312/110 514/333/110
f 444/293/112 502/292/112 516/306/112 448/293/112
f 502/292/112 503/318/112 517/318/112 516/306/112
f 503/318/112 504/319/112 518/319/112 517/318/112
f 504/319/112 505/322/112 519/322/112 518/319/112
f 505/322/112 506/338/112 520/324/112 519/322/112
f 506/338/112 507/334/112 521/334/112 520/324/112
f 507/334/112 508/308/112 522/308/112 521/334/112
f 439/296/109 487/307/109 515/312/109 447/296/109
f 487/307/109 486/333/109 514/333/109 515/312/109
f 486/333/109 485/339/109 513/332/109 514/333/109
f 485/339/109 484/331/109 512/331/109 513/332/109
f 484/331/109 483/329/109 511/329/109 512/331/109
f 483/329/109 482/327/109 510/327/109 511/329/109
f 482/327/109 481/310/109 509/310/109 510/327/109
f 776/293/108 793/306/108 502/292/108 444/293/108
f 793/306/108 794/340/108 503/318/108 502/292/108
f 794/340/108 795/319/108 504/319/108 503/318/108
f 795/319/108 796/322/108 505/322/108 504/319/108
f 796/322/108 797/324/108 506/338/108 505/322/108
f 797/324/108 798/341/108 507/334/108 506/338/108
f 798/341/108 777/308/108 508/308/108 507/334/108
f 772/311/108 787/310/108 495/310/108 442/311/108
f 787/310/108 788/328/108 496/327/108 495/310/108
f 788/328/108 789/329/108 497/337/108 496/327/108
f 789/329/108 790/331/108 498/331/108 497/337/108
f 790/331/108 791/332/108 499/332/108 498/331/108
f 791/332/108 792/342/108 500/333/108 499/332/108
f 792/342/108 773/307/108 501/307/108 500/333/108
f 573/315/109 653/343/109 494/308/109 437/309/109
f 653/343/109 662/344/109 493/325/109 494/308/109
f 662/344/109 671/345/109 492/335/109 493/325/109
f 671/345/109 680/346/109 491/322/109 492/335/109
f 680/346/109 689/347/109 490/336/109 491/322/109
f 689/347/109 698/348/109 489/318/109 490/336/109
f 698/348/109 707/304/109 488/306/109 489/318/109
f 886/299/113 883/299/113 1028/299/113 1029/299/113
f 961/349/108 962/350/108 1105/350/108 1106/349/108
f 883/299/109 884/302/109 1027/302/109 1028/299/109
f 960/351/110 961/349/110 1106/349/110 1103/351/110
f 909/352/108 910/353/108 1053/353/108 1054/352/108
f 962/350/112 959/354/112 1104/354/112 1105/350/112
f 908/355/113 909/352/113 1054/352/113 1051/355/113
f 857/356/108 858/357/108 1001/357/108 1002/356/108
f 959/354/109 960/351/109 1103/351/109 1104/354/109
f 910/353/111 907/358/111 1052/358/111 1053/353/111
f 856/356/111 857/356/111 1002/356/111 999/356/111
f 985/359/108 986/360/108 1129/360/108 1130/359/108
f 907/358/109 908/355/109 1051/355/109 1052/358/109
f 858/357/113 855/361/113 1000/361/113 1001/357/113
f 537/316/108 431/309/108 466/317/108 708/362/108
f 708/362/108 466/317/108 465/325/108 717/363/108
f 717/363/108 465/325/108 464/323/108 726/364/108
f 726/364/108 464/323/108 463/321/108 735/365/108
f 735/365/108 463/321/108 462/319/108 744/366/108
f 744/366/108 462/319/108 461/318/108 753/367/108
f 753/367/108 461/318/108 460/292/108 762/291/108
f 458/333/108 761/368/108 770/369/108 459/312/108
f 761/368/108 760/370/108 769/371/108 770/369/108
f 760/370/108 759/372/108 768/373/108 769/371/108
f 759/372/108 758/374/108 767/375/108 768/373/108
f 758/374/108 757/376/108 766/377/108 767/375/108
f 757/376/108 756/378/108 765/379/108 766/377/108
f 756/378/108 755/380/108 764/381/108 765/379/108
f 755/380/108 754/382/108 763/383/108 764/381/108
f 754/382/108 753/367/108 762/291/108 763/383/108
f 457/332/108 752/384/108 761/368/108 458/333/108
f 752/384/108 751/385/108 760/370/108 761/368/108
f 751/385/108 750/386/108 759/372/108 760/370/108
f 750/386/108 749/387/108 758/374/108 759/372/108
f 749/387/108 748/388/108 757/376/108 758/374/108
f 748/388/108 747/389/108 756/378/108 757/376/108
f 747/389/108 746/390/108 755/380/108 756/378/108
f 746/390/108 745/391/108 754/382/108 755/380/108
f 745/391/108 744/366/108 753/367/108 754/382/108
f 456/331/108 743/392/108 752/384/108 457/332/108
f 743/392/108 742/393/108 751/385/108 752/384/108
f 742/393/108 741/394/108 750/386/108 751/385/108
f 741/394/108 740/395/108 749/387/108 750/386/108
f 740/395/108 739/396/108 748/388/108 749/387/108
f 739/396/108 738/397/108 747/389/108 748/388/108
f 738/397/108 737/398/108 746/390/108 747/389/108
f 737/398/108 736/399/108 745/391/108 746/390/108
f 736/399/108 735/365/108 744/366/108 745/391/108
f 455/329/108 734/400/108 743/392/108 456/331/108
f 734/400/108 733/401/108 742/393/108 743/392/108
f 733/401/108 732/402/108 741/394/108 742/393/108
f 732/402/108 731/403/108 740/395/108 741/394/108
f 731/403/108 730/404/108 739/396/108 740/395/108
f 730/404/108 729/405/108 738/397/108 739/396/108
f 729/405/108 728/406/108 737/398/108 738/397/108
f 728/406/108 727/407/108 736/399/108 737/398/108
f 727/407/108 726/364/108 735/365/108 736/399/108
f 454/327/108 725/408/108 734/400/108 455/329/108
f 725/408/108 724/409/108 733/401/108 734/400/108
f 724/409/108 723/410/108 732/402/108 733/401/108
f 723/410/108 722/411/108 731/403/108 732/402/108
f 722/411/108 721/412/108 730/404/108 731/403/108
f 721/412/108 720/413/108 729/405/108 730/404/108
f 720/413/108 719/414/108 728/406/108 729/405/108
f 719/414/108 718/415/108 727/407/108 728/406/108
f 718/415/108 717/363/108 726/364/108 727/407/108
f 453/310/108 716/416/108 725/408/108 454/327/108
f 716/416/108 715/417/108 724/409/108 725/408/108
f 715/417/108 714/418/108 723/410/108 724/409/108
f 714/418/108 713/419/108 722/411/108 723/410/108
f 713/419/108 712/420/108 721/412/108 722/411/108
f 712/420/108 711/421/108 720/413/108 721/412/108
f 711/421/108 710/422/108 719/414/108 720/413/108
f 710/422/108 709/423/108 718/415/108 719/414/108
f 709/423/108 708/362/108 717/363/108 718/415/108
f 429/311/108 545/314/108 716/416/108 453/310/108
f 545/314/108 544/424/108 715/417/108 716/416/108
f 544/424/108 543/425/108 714/418/108 715/417/108
f 543/425/108 542/426/108 713/419/108 714/418/108
f 542/426/108 541/427/108 712/420/108 713/419/108
f 541/427/108 540/428/108 711/421/108 712/420/108
f 540/428/108 539/429/108 710/422/108 711/421/108
f 539/429/108 538/430/108 709/423/108 710/422/108
f 538/430/108 537/316/108 708/362/108 709/423/108
f 486/333/109 487/307/109 699/369/109 690/431/109
f 690/431/109 699/369/109 700/371/109 691/432/109
f 691/432/109 700/371/109 701/433/109 692/434/109
f 692/434/109 701/433/109 702/435/109 693/436/109
f 693/436/109 702/435/109 703/437/109 694/376/109
f 694/376/109 703/437/109 704/379/109 695/438/109
f 695/438/109 704/379/109 705/381/109 696/439/109
f 696/439/109 705/381/109 706/440/109 697/441/109
f 697/441/109 706/440/109 707/304/109 698/348/109
f 485/339/109 486/333/109 690/431/109 681/442/109
f 681/442/109 690/431/109 691/432/109 682/443/109
f 682/443/109 691/432/109 692/434/109 683/444/109
f 683/444/109 692/434/109 693/436/109 684/445/109
f 684/445/109 693/436/109 694/376/109 685/446/109
f 685/446/109 694/376/109 695/438/109 686/447/109
f 686/447/109 695/438/109 696/439/109 687/448/109
f 687/448/109 696/439/109 697/441/109 688/449/109
f 688/449/109 697/441/109 698/348/109 689/347/109
f 484/331/109 485/339/109 681/442/109 672/450/109
f 672/450/109 681/442/109 682/443/109 673/451/109
f 673/451/109 682/443/109 683/444/109 674/452/109
f 674/452/109 683/444/109 684/445/109 675/453/109
f 675/453/109 684/445/109 685/446/109 676/454/109
f 676/454/109 685/446/109 686/447/109 677/455/109
f 677/455/109 686/447/109 687/448/109 678/456/109
f 678/456/109 687/448/109 688/449/109 679/457/109
f 679/457/109 688/449/109 689/347/109 680/346/109
f 483/329/109 484/331/109 672/450/109 663/458/109
f 663/458/109 672/450/109 673/451/109 664/459/109
f 664/459/109 673/451/109 674/452/109 665/460/109
f 665/460/109 674/452/109 675/453/109 666/461/109
f 666/461/109 675/453/109 676/454/109 667/462/109
f 667/462/109 676/454/109 677/455/109 668/463/109
f 668/463/109 677/455/109 678/456/109 669/464/109
f 669/464/109 678/456/109 679/457/109 670/465/109
f 670/465/109 679/457/109 680/346/109 671/345/109
f 482/327/109 483/329/109 663/458/109 654/408/109
f 654/408/109 663/458/109 664/459/109 655/466/109
f 655/466/109 664/459/109 665/460/109 656/410/109
f 656/410/109 665/460/109 666/461/109 657/467/109
f 657/467/109 666/461/109 667/462/109 658/412/109
f 658/412/109 667/462/109 668/463/109 659/413/109
f 659/413/109 668/463/109 669/464/109 660/468/109
f 660/468/109 669/464/109 670/465/109 661/469/109
f 661/469/109 670/465/109 671/345/109 662/344/109
f 481/310/109 482/327/109 654/408/109 645/470/109
f 645/470/109 654/408/109 655/466/109 646/471/109
f 646/471/109 655/466/109 656/410/109 647/472/109
f 647/472/109 656/410/109 657/467/109 648/473/109
f 648/473/109 657/467/109 658/412/109 649/474/109
f 649/474/109 658/412/109 659/413/109 650/475/109
f 650/475/109 659/413/109 660/468/109 651/476/109
f 651/476/109 660/468/109 661/469/109 652/477/109
f 652/477/109 661/469/109 662/344/109 653/343/109
f 438/311/109 481/310/109 645/470/109 581/314/109
f 581/314/109 645/470/109 646/471/109 580/424/109
f 580/424/109 646/471/109 647/472/109 579/425/109
f 579/425/109 647/472/109 648/473/109 578/426/109
f 578/426/109 648/473/109 649/474/109 577/478/109
f 577/478/109 649/474/109 650/475/109 576/428/109
f 576/428/109 650/475/109 651/476/109 575/479/109
f 575/479/109 651/476/109 652/477/109 574/430/109
f 574/430/109 652/477/109 653/343/109 573/315/109
f 430/296/113 546/295/113 785/295/113 786/296/113
f 546/295/113 547/480/113 842/480/113 785/295/113
f 547/480/113 548/481/113 841/481/113 842/480/113
f 548/481/113 549/482/113 840/483/113 841/481/113
f 549/482/113 550/484/113 839/485/113 840/483/113
f 550/484/113 551/486/113 838/486/113 839/485/113
f 551/486/113 552/487/113 837/488/113 838/486/113
f 552/487/113 553/489/113 836/489/113 837/488/113
f 553/489/113 554/294/113 835/294/113 836/489/113
f 431/309/111 537/316/111 783/316/111 784/309/111
f 537/316/111 538/430/111 834/430/111 783/316/111
f 538/430/111 539/429/111 833/429/111 834/430/111
f 539/429/111 540/428/111 832/428/111 833/429/111
f 540/428/111 541/427/111 831/427/111 832/428/111
f 541/427/111 542/426/111 830/490/111 831/427/111
f 542/426/111 543/425/111 829/425/111 830/490/111
f 543/425/111 544/424/111 828/424/111 829/425/111
f 544/424/111 545/314/111 827/314/111 828/424/111
f 778/309/108 811/315/108 591/316/108 441/309/108
f 811/315/108 812/430/108 592/491/108 591/316/108
f 812/430/108 813/429/108 593/429/108 592/491/108
f 813/429/108 814/428/108 594/428/108 593/429/108
f 814/428/108 815/492/108 595/427/108 594/428/108
f 815/492/108 816/493/108 596/493/108 595/427/108
f 816/493/108 817/425/108 597/425/108 596/493/108
f 817/425/108 818/424/108 598/424/108 597/425/108
f 818/424/108 771/314/108 599/314/108 598/424/108
f 774/296/108 819/295/108 600/297/108 443/296/108
f 819/295/108 820/480/108 601/494/108 600/297/108
f 820/480/108 821/495/108 602/481/108 601/494/108
f 821/495/108 822/496/108 603/497/108 602/481/108
f 822/496/108 823/498/108 604/485/108 603/497/108
f 823/498/108 824/499/108 605/500/108 604/485/108
f 824/499/108 825/501/108 606/502/108 605/500/108
f 825/501/108 826/489/108 607/489/108 606/502/108
f 826/489/108 775/294/108 608/313/108 607/489/108
f 438/311/109 581/314/109 617/314/109 446/311/109
f 581/314/109 580/424/109 616/424/109 617/314/109
f 580/424/109 579/425/109 615/425/109 616/424/109
f 579/425/109 578/426/109 614/426/109 615/425/109
f 578/426/109 577/478/109 613/427/109 614/426/109
f 577/478/109 576/428/109 612/428/109 613/427/109
f 576/428/109 575/479/109 611/429/109 612/428/109
f 575/479/109 574/430/109 610/430/109 611/429/109
f 574/430/109 573/315/109 609/316/109 610/430/109
f 441/309/111 591/316/111 609/316/111 445/309/111
f 591/316/111 592/491/111 610/430/111 609/316/111
f 592/491/111 593/429/111 611/429/111 610/430/111
f 593/429/111 594/428/111 612/428/111 611/429/111
f 594/428/111 595/427/111 613/427/111 612/428/111
f 595/427/111 596/493/111 614/426/111 613/427/111
f 596/493/111 597/425/111 615/425/111 614/426/111
f 597/425/111 598/424/111 616/424/111 615/425/111
f 598/424/111 599/314/111 617/314/111 616/424/111
f 443/296/113 600/297/113 618/297/113 447/296/113
f 600/297/113 601/494/113 619/503/113 618/297/113
f 601/494/113 602/481/113 620/481/113 619/503/113
f 602/481/113 603/497/113 621/504/113 620/481/113
f 603/497/113 604/485/113 622/485/113 621/504/113
f 604/485/113 605/500/113 623/500/113 622/485/113
f 605/500/113 606/502/113 624/502/113 623/500/113
f 606/502/113 607/489/113 625/489/113 624/502/113
f 607/489/113 608/313/113 626/313/113 625/489/113
f 487/307/109 439/296/109 582/295/109 699/369/109
f 699/369/109 582/295/109 583/480/109 700/371/109
f 700/371/109 583/480/109 584/481/109 701/433/109
f 701/433/109 584/481/109 585/505/109 702/435/109
f 702/435/109 585/505/109 586/485/109 703/437/109
f 703/437/109 586/485/109 587/500/109 704/379/109
f 704/379/109 587/500/109 588/487/109 705/381/109
f 705/381/109 588/487/109 589/489/109 706/440/109
f 706/440/109 589/489/109 590/305/109 707/304/109
f 984/359/110 985/359/110 1130/359/110 1127/359/110
f 933/506/108 934/507/108 1077/507/108 1078/506/108
f 855/361/109 856/356/109 999/356/109 1000/361/109
f 986/360/112 983/508/112 1128/508/112 1129/360/112
f 932/506/112 933/506/112 1078/506/112 1075/506/112
f 881/509/108 882/510/108 1025/510/108 1026/509/108
f 983/508/109 984/359/109 1127/359/109 1128/508/109
f 934/507/110 931/507/110 1076/507/110 1077/507/110
f 880/509/111 881/509/111 1026/509/111 1023/509/111
f 931/507/109 932/506/109 1075/506/109 1076/507/109
f 882/510/113 879/511/113 1024/511/113 1025/510/113
f 957/512/108 958/513/108 1101/513/108 1102/512/108
f 879/511/109 880/509/109 1023/509/109 1024/511/109
f 956/512/110 957/512/110 1102/512/110 1099/512/110
f 905/514/108 906/515/108 1049/515/108 1050/514/108
f 958/513/112 955/513/112 1100/513/112 1101/513/112
f 904/516/113 905/514/113 1050/514/113 1047/516/113
f 853/517/108 854/518/108 997/518/108 998/517/108
f 440/293/109 590/305/109 626/313/109 448/293/109
f 590/305/109 589/489/109 625/489/109 626/313/109
f 589/489/109 588/487/109 624/502/109 625/489/109
f 588/487/109 587/500/109 623/500/109 624/502/109
f 587/500/109 586/485/109 622/485/109 623/500/109
f 586/485/109 585/505/109 621/504/109 622/485/109
f 585/505/109 584/481/109 620/481/109 621/504/109
f 584/481/109 583/480/109 619/503/109 620/481/109
f 583/480/109 582/295/109 618/297/109 619/503/109
f 459/312/108 770/369/108 546/295/108 430/296/108
f 770/369/108 769/371/108 547/480/108 546/295/108
f 769/371/108 768/373/108 548/481/108 547/480/108
f 768/373/108 767/375/108 549/482/108 548/481/108
f 767/375/108 766/377/108 550/484/108 549/482/108
f 766/377/108 765/379/108 551/486/108 550/484/108
f 765/379/108 764/381/108 552/487/108 551/486/108
f 764/381/108 763/383/108 553/489/108 552/487/108
f 763/383/108 762/291/108 554/294/108 553/489/108
f 563/314/111 434/311/111 772/311/111 771/314/111
f 473/312/110 435/296/110 774/296/110 773/307/110
f 572/294/113 436/293/113 776/293/113 775/294/113
f 480/308/112 433/309/112 778/309/112 777/308/112
f 529/326/110 780/311/110 451/311/110 779/326/110
f 536/292/112 782/293/112 449/293/112 781/292/112
f 635/316/111 452/309/111 784/309/111 783/316/111
f 644/295/113 450/296/113 786/296/113 785/295/113
f 434/311/110 467/310/110 787/310/110 772/311/110
f 467/310/110 468/328/110 788/328/110 787/310/110
f 468/328/110 469/329/110 789/329/110 788/328/110
f 469/329/110 470/331/110 790/331/110 789/329/110
f 470/331/110 471/332/110 791/332/110 790/331/110
f 471/332/110 472/519/110 792/342/110 791/332/110
f 472/519/110 473/312/110 773/307/110 792/342/110
f 436/293/112 474/306/112 793/306/112 776/293/112
f 474/306/112 475/340/112 794/340/112 793/306/112
f 475/340/112 476/319/112 795/319/112 794/340/112
f 476/319/112 477/322/112 796/322/112 795/319/112
f 477/322/112 478/324/112 797/324/112 796/322/112
f 478/324/112 479/341/112 798/341/112 797/324/112
f 479/341/112 480/308/112 777/308/112 798/341/112
f 450/296/110 523/312/110 799/312/110 786/296/110
f 523/312/110 524/342/110 800/333/110 799/312/110
f 524/342/110 525/332/110 801/332/110 800/333/110
f 525/332/110 526/331/110 802/331/110 801/332/110
f 526/331/110 527/330/110 803/330/110 802/331/110
f 527/330/110 528/328/110 804/328/110 803/330/110
f 528/328/110 529/326/110 779/326/110 804/328/110
f 452/309/112 530/308/112 805/308/112 784/309/112
f 530/308/112 531/325/112 806/325/112 805/308/112
f 531/325/112 532/324/112 807/324/112 806/325/112
f 532/324/112 533/322/112 808/322/112 807/324/112
f 533/322/112 534/320/112 809/320/112 808/322/112
f 534/320/112 535/318/112 810/318/112 809/320/112
f 535/318/112 536/292/112 781/292/112 810/318/112
f 433/309/111 555/315/111 811/315/111 778/309/111
f 555/315/111 556/430/111 812/430/111 811/315/111
f 556/430/111 557/429/111 813/429/111 812/430/111
f 557/429/111 558/428/111 814/428/111 813/429/111
f 558/428/111 559/492/111 815/492/111 814/428/111
f 559/492/111 560/520/111 816/493/111 815/492/111
f 560/520/111 561/425/111 817/425/111 816/493/111
f 561/425/111 562/424/111 818/424/111 817/425/111
f 562/424/111 563/314/111 771/314/111 818/424/111
f 435/296/113 564/295/113 819/295/113 774/296/113
f 564/295/113 565/480/113 820/480/113 819/295/113
f 565/480/113 566/495/113 821/495/113 820/480/113
f 566/495/113 567/505/113 822/496/113 821/495/113
f 567/505/113 568/498/113 823/498/113 822/496/113
f 568/498/113 569/499/113 824/499/113 823/498/113
f 569/499/113 570/501/113 825/501/113 824/499/113
f 570/501/113 571/489/113 826/489/113 825/501/113
f 571/489/113 572/294/113 775/294/113 826/489/113
f 780/311/111 627/314/111 827/314/111 451/311/111
f 627/314/111 628/521/111 828/424/111 827/314/111
f 628/521/111 629/425/111 829/425/111 828/424/111
f 629/425/111 630/490/111 830/490/111 829/425/111
f 630/490/111 631/427/111 831/427/111 830/490/111
f 631/427/111 632/428/111 832/428/111 831/427/111
f 632/428/111 633/429/111 833/429/111 832/428/111
f 633/429/111 634/430/111 834/430/111 833/429/111
f 634/430/111 635/316/111 783/316/111 834/430/111
f 782/293/113 636/294/113 835/294/113 449/293/113
f 636/294/113 637/522/113 836/489/113 835/294/113
f 637/522/113 638/523/113 837/488/113 836/489/113
f 638/523/113 639/499/113 838/486/113 837/488/113
f 639/499/113 640/485/113 839/485/113 838/486/113
f 640/485/113 641/483/113 840/483/113 839/485/113
f 641/483/113 642/524/113 841/481/113 840/483/113
f 642/524/113 643/480/113 842/480/113 841/481/113
f 643/480/113 644/295/113 785/295/113 842/480/113
f 636/294/113 782/293/113 844/525/113 843/526/113
f 782/293/113 436/293/113 845/527/113 844/525/113
f 436/293/113 572/294/113 846/526/113 845/527/113
f 572/294/113 636/294/113 843/526/113 846/526/113
f 627/314/111 780/311/111 848/528/111 847/529/111
f 780/311/111 434/311/111 849/530/111 848/528/111
f 434/311/111 563/314/111 850/529/111 849/530/111
f 563/314/111 627/314/111 847/529/111 850/529/111
f 530/308/112 452/309/112 852/531/112 851/532/112
f 452/309/112 433/309/112 853/517/112 852/531/112
f 433/309/112 480/308/112 854/518/112 853/517/112
f 480/308/112 530/308/112 851/532/112 854/518/112
f 523/312/110 450/296/110 856/356/110 855/361/110
f 450/296/110 435/296/110 857/356/110 856/356/110
f 435/296/110 473/312/110 858/357/110 857/356/110
f 473/312/110 523/312/110 855/361/110 858/357/110
f 780/311/110 529/326/110 860/533/110 859/534/110
f 529/326/110 467/310/110 861/533/110 860/533/110
f 467/310/110 434/311/110 862/535/110 861/533/110
f 434/311/110 780/311/110 859/534/110 862/535/110
f 529/326/110 528/328/110 864/536/110 863/537/110
f 528/328/110 468/328/110 865/536/110 864/536/110
f 468/328/110 467/310/110 866/538/110 865/536/110
f 467/310/110 529/326/110 863/537/110 866/538/110
f 528/328/110 527/330/110 868/539/110 867/540/110
f 527/330/110 469/329/110 869/541/110 868/539/110
f 469/329/110 468/328/110 870/540/110 869/541/110
f 468/328/110 528/328/110 867/540/110 870/540/110
f 527/330/110 526/331/110 872/542/110 871/543/110
f 526/331/110 470/331/110 873/544/110 872/542/110
f 470/331/110 469/329/110 874/545/110 873/544/110
f 469/329/110 527/330/110 871/543/110 874/545/110
f 526/331/110 525/332/110 876/546/110 875/547/110
f 525/332/110 471/332/110 877/548/110 876/546/110
f 471/332/110 470/331/110 878/549/110 877/548/110
f 470/331/110 526/331/110 875/547/110 878/549/110
f 525/332/110 524/342/110 880/509/110 879/511/110
f 524/342/110 472/519/110 881/509/110 880/509/110
f 472/519/110 471/332/110 882/510/110 881/509/110
f 471/332/110 525/332/110 879/511/110 882/510/110
f 524/342/110 523/312/110 884/302/110 883/299/110
f 523/312/110 473/312/110 885/298/110 884/302/110
f 473/312/110 472/519/110 886/299/110 885/298/110
f 472/519/110 524/342/110 883/299/110 886/299/110
f 782/293/112 536/292/112 888/550/112 887/551/112
f 536/292/112 474/306/112 889/550/112 888/550/112
f 474/306/112 436/293/112 890/552/112 889/550/112
f 436/293/112 782/293/112 887/551/112 890/552/112
f 536/292/112 535/318/112 892/553/112 891/554/112
f 535/318/112 475/340/112 893/555/112 892/553/112
f 475/340/112 474/306/112 894/556/112 893/555/112
f 474/306/112 536/292/112 891/554/112 894/556/112
f 535/318/112 534/320/112 896/557/112 895/558/112
f 534/320/112 476/319/112 897/559/112 896/557/112
f 476/319/112 475/340/112 898/560/112 897/559/112
f 475/340/112 535/318/112 895/558/112 898/560/112
f 534/320/112 533/322/112 900/561/112 899/562/112
f 533/322/112 477/322/112 901/563/112 900/561/112
f 477/322/112 476/319/112 902/564/112 901/563/112
f 476/319/112 534/320/112 899/562/112 902/564/112
f 533/322/112 532/324/112 904/516/112 903/565/112
f 532/324/112 478/324/112 905/514/112 904/516/112
f 478/324/112 477/322/112 906/515/112 905/514/112
f 477/322/112 533/322/112 903/565/112 906/515/112
f 532/324/112 531/325/112 908/355/112 907/358/112
f 531/325/112 479/341/112 909/352/112 908/355/112
f 479/341/112 478/324/112 910/353/112 909/352/112
f 478/324/112 532/324/112 907/358/112 910/353/112
f 531/325/112 530/308/112 912/566/112 911/567/112
f 530/308/112 480/308/112 913/568/112 912/566/112
f 480/308/112 479/341/112 914/569/112 913/568/112
f 479/341/112 531/325/112 911/567/112 914/569/112
f 452/309/111 635/316/111 916/570/111 915/571/111
f 635/316/111 555/315/111 917/572/111 916/570/111
f 555/315/111 433/309/111 918/571/111 917/572/111
f 433/309/111 452/309/111 915/571/111 918/571/111
f 635/316/111 634/430/111 920/573/111 919/574/111
f 634/430/111 556/430/111 921/575/111 920/573/111
f 556/430/111 555/315/111 922/576/111 921/575/111
f 555/315/111 635/316/111 919/574/111 922/576/111
f 634/430/111 633/429/111 924/577/111 923/578/111
f 633/429/111 557/429/111 925/579/111 924/577/111
f 557/429/111 556/430/111 926/578/111 925/579/111
f 556/430/111 634/430/111 923/578/111 926/578/111
f 633/429/111 632/428/111 928/580/111 927/581/111
f 632/428/111 558/428/111 929/582/111 928/580/111
f 558/428/111 557/429/111 930/581/111 929/582/111
f 557/429/111 633/429/111 927/581/111 930/581/111
f 632/428/111 631/427/111 932/506/111 931/507/111
f 631/427/111 559/492/111 933/506/111 932/506/111
f 559/492/111 558/428/111 934/507/111 933/506/111
f 558/428/111 632/428/111 931/507/111 934/507/111
f 631/427/111 630/490/111 936/303/111 935/301/111
f 630/490/111 560/520/111 937/583/111 936/303/111
f 560/520/111 559/492/111 938/300/111 937/583/111
f 559/492/111 631/427/111 935/301/111 938/300/111
f 630/490/111 629/425/111 940/584/111 939/585/111
f 629/425/111 561/425/111 941/586/111 940/584/111
f 561/425/111 560/520/111 942/585/111 941/586/111
f 560/520/111 630/490/111 939/585/111 942/585/111
f 629/425/111 628/521/111 944/587/111 943/588/111
f 628/521/111 562/424/111 945/589/111 944/587/111
f 562/424/111 561/425/111 946/590/111 945/589/111
f 561/425/111 629/425/111 943/588/111 946/590/111
f 628/521/111 627/314/111 948/591/111 947/592/111
f 627/314/111 563/314/111 949/591/111 948/591/111
f 563/314/111 562/424/111 950/592/111 949/591/111
f 562/424/111 628/521/111 947/592/111 950/592/111
f 450/296/113 644/295/113 952/593/113 951/594/113
f 644/295/113 564/295/113 953/593/113 952/593/113
f 564/295/113 435/296/113 954/594/113 953/593/113
f 435/296/113 450/296/113 951/594/113 954/594/113
f 644/295/113 643/480/113 956/512/113 955/513/113
f 643/480/113 565/480/113 957/512/113 956/512/113
f 565/480/113 564/295/113 958/513/113 957/512/113
f 564/295/113 644/295/113 955/513/113 958/513/113
f 643/480/113 642/524/113 960/351/113 959/354/113
f 642/524/113 566/495/113 961/349/113 960/351/113
f 566/495/113 565/480/113 962/350/113 961/349/113
f 565/480/113 643/480/113 959/354/113 962/350/113
f 642/524/113 641/483/113 964/595/113 963/596/113
f 641/483/113 567/505/113 965/595/113 964/595/113
f 567/505/113 566/495/113 966/596/113 965/595/113
f 566/495/113 642/524/113 963/596/113 966/596/113
f 641/483/113 640/485/113 968/597/113 967/598/113
f 640/485/113 568/498/113 969/599/113 968/597/113
f 568/498/113 567/505/113 970/598/113 969/599/113
f 567/505/113 641/483/113 967/598/113 970/598/113
f 640/485/113 639/499/113 972/600/113 971/601/113
f 639/499/113 569/499/113 973/602/113 972/600/113
f 569/499/113 568/498/113 974/603/113 973/602/113
f 568/498/113 640/485/113 971/601/113 974/603/113
f 639/499/113 638/523/113 976/604/113 975/605/113
f 638/523/113 570/501/113 977/604/113 976/604/113
f 570/501/113 569/499/113 978/606/113 977/604/113
f 569/499/113 639/499/113 975/605/113 978/606/113
f 638/523/113 637/522/113 980/607/113 979/608/113
f 637/522/113 571/489/113 981/609/113 980/607/113
f 571/489/113 570/501/113 982/610/113 981/609/113
f 570/501/113 638/523/113 979/608/113 982/610/113
f 637/522/113 636/294/113 984/359/113 983/508/113
f 636/294/113 572/294/113 985/359/113 984/359/113
f 572/294/113 571/489/113 986/360/113 985/359/113
f 571/489/113 637/522/113 983/508/113 986/360/113
f 1008/537/110 1007/536/110 1010/536/110 1009/538/110
f 1016/543/110 1015/542/110 1018/544/110 1017/545/110
f 1024/511/110 1023/509/110 1026/509/110 1025/510/110
f 1040/558/112 1039/557/112 1042/559/112 1041/560/112
f 1048/565/112 1047/516/112 1050/514/112 1049/515/112
f 1056/567/112 1055/566/112 1058/568/112 1057/569/112
f 1064/574/111 1063/573/111 1066/575/111 1065/576/111
f 1076/507/111 1075/506/111 1078/506/111 1077/507/111
f 1088/588/111 1087/587/111 1090/589/111 1089/590/111
f 1100/513/113 1099/512/113 1102/512/113 1101/513/113
f 1112/598/113 1111/597/113 1114/599/113 1113/598/113
f 1120/605/113 1119/604/113 1122/604/113 1121/606/113
f 1128/508/113 1127/359/113 1130/359/113 1129/360/113
f 936/303/112 937/583/112 1082/583/112 1079/303/112
f 859/534/109 860/533/109 1003/533/109 1004/534/109
f 937/583/108 938/300/108 1081/300/108 1082/583/108
f 862/535/113 859/534/113 1004/534/113 1005/535/113
f 911/567/109 912/566/109 1055/566/109 1056/567/109
f 860/533/111 861/533/111 1006/533/111 1003/533/111
f 914/569/111 911/567/111 1056/567/111 1057/569/111
f 963/596/109 964/595/109 1107/595/109 1108/596/109
f 861/533/108 862/535/108 1005/535/108 1006/533/108
f 912/566/113 913/568/113 1058/568/113 1055/566/113
f 966/596/112 963/596/112 1108/596/112 1109/596/112
f 913/568/108 914/569/108 1057/569/108 1058/568/108
f 964/595/110 965/595/110 1110/595/110 1107/595/110
f 887/551/109 888/550/109 1031/550/109 1032/551/109
f 965/595/108 966/596/108 1109/596/108 1110/595/108
f 890/552/111 887/551/111 1032/551/111 1033/552/111
f 939/585/109 940/584/109 1083/584/109 1084/585/109
f 888/550/113 889/550/113 1034/550/113 1031/550/113
f 942/585/110 939/585/110 1084/585/110 1085/585/110
f 889/550/108 890/552/108 1033/552/108 1034/550/108
f 940/584/112 941/586/112 1086/586/112 1083/584/112
f 863/537/109 864/536/109 1007/536/109 1008/537/109
f 941/586/108 942/585/108 1085/585/108 1086/586/108
f 866/538/113 863/537/113 1008/537/113 1009/538/113
f 915/571/109 916/570/109 1059/570/109 1060/571/109
f 864/536/111 865/536/111 1010/536/111 1007/536/111
f 918/571/110 915/571/110 1060/571/110 1061/571/110
f 967/598/109 968/597/109 1111/597/109 1112/598/109
f 865/536/108 866/538/108 1009/538/108 1010/536/108
f 916/570/112 917/572/112 1062/572/112 1059/570/112
f 970/598/112 967/598/112 1112/598/112 1113/598/112
f 917/572/108 918/571/108 1061/571/108 1062/572/108
f 968/597/110 969/599/110 1114/599/110 1111/597/110
f 891/554/109 892/553/109 1035/553/109 1036/554/109
f 969/599/108 970/598/108 1113/598/108 1114/599/108
f 894/556/111 891/554/111 1036/554/111 1037/556/111
f 943/588/109 944/587/109 1087/587/109 1088/588/109
f 892/553/113 893/555/113 1038/555/113 1035/553/113
f 946/590/110 943/588/110 1088/588/110 1089/590/110
f 893/555/108 894/556/108 1037/556/108 1038/555/108
f 944/587/112 945/589/112 1090/589/112 1087/587/112
f 867/540/109 868/539/109 1011/539/109 1012/540/109
f 945/589/108 946/590/108 1089/590/108 1090/589/108
f 870/540/113 867/540/113 1012/540/113 1013/540/113
f 919/574/109 920/573/109 1063/573/109 1064/574/109
f 868/539/111 869/541/111 1014/541/111 1011/539/111
f 922/576/110 919/574/110 1064/574/110 1065/576/110
f 971/601/109 972/600/109 1115/600/109 1116/601/109
f 869/541/108 870/540/108 1013/540/108 1014/541/108
f 920/573/112 921/575/112 1066/575/112 1063/573/112
f 974/603/112 971/601/112 1116/601/112 1117/603/112
f 843/526/109 844/525/109 987/525/109 988/526/109
f 921/575/108 922/576/108 1065/576/108 1066/575/108
f 972/600/110 973/602/110 1118/602/110 1115/600/110
f 846/526/112 843/526/112 988/526/112 989/526/112
f 895/558/109 896/557/109 1039/557/109 1040/558/109
f 973/602/108 974/603/108 1117/603/108 1118/602/108
f 844/525/110 845/527/110 990/527/110 987/525/110
f 898/560/111 895/558/111 1040/558/111 1041/560/111
f 947/592/109 948/591/109 1091/591/109 1092/592/109
f 845/527/108 846/526/108 989/526/108 990/527/108
f 896/557/113 897/559/113 1042/559/113 1039/557/113
f 950/592/110 947/592/110 1092/592/110 1093/592/110
f 897/559/108 898/560/108 1041/560/108 1042/559/108
f 948/591/112 949/591/112 1094/591/112 1091/591/112
f 871/543/109 872/542/109 1015/542/109 1016/543/109
f 949/591/108 950/592/108 1093/592/108 1094/591/108
f 874/545/113 871/543/113 1016/543/113 1017/545/113
f 923/578/109 924/577/109 1067/577/109 1068/578/109
f 872/542/111 873/544/111 1018/544/111 1015/542/111
f 926/578/110 923/578/110 1068/578/110 1069/578/110
f 975/605/109 976/604/109 1119/604/109 1120/605/109
f 873/544/108 874/545/108 1017/545/108 1018/544/108
f 924/577/112 925/579/112 1070/579/112 1067/577/112
f 978/606/112 975/605/112 1120/605/112 1121/606/112
f 847/529/109 848/528/109 991/528/109 992/529/109
f 925/579/108 926/578/108 1069/578/108 1070/579/108
f 976/604/110 977/604/110 1122/604/110 1119/604/110
f 850/529/110 847/529/110 992/529/110 993/529/110
f 899/562/109 900/561/109 1043/561/109 1044/562/109
f 977/604/108 978/606/108 1121/606/108 1122/604/108
f 848/528/112 849/530/112 994/530/112 991/528/112
f 902/564/111 899/562/111 1044/562/111 1045/564/111
f 951/594/109 952/593/109 1095/593/109 1096/594/109
f 849/530/108 850/529/108 993/529/108 994/530/108
f 900/561/113 901/563/113 1046/563/113 1043/561/113
f 954/594/112 951/594/112 1096/594/112 1097/594/112
f 901/563/108 902/564/108 1045/564/108 1046/563/108
f 952/593/110 953/593/110 1098/593/110 1095/593/110
f 875/547/109 876/546/109 1019/546/109 1020/547/109
f 953/593/108 954/594/108 1097/594/108 1098/593/108
f 878/549/113 875/547/113 1020/547/113 1021/549/113
f 927/581/109 928/580/109 1071/580/109 1072/581/109
f 876/546/111 877/548/111 1022/548/111 1019/546/111
f 930/581/110 927/581/110 1072/581/110 1073/581/110
f 979/608/109 980/607/109 1123/607/109 1124/608/109
f 877/548/108 878/549/108 1021/549/108 1022/548/108
f 928/580/112 929/582/112 1074/582/112 1071/580/112
f 982/610/112 979/608/112 1124/608/112 1125/610/112
f 851/532/109 852/531/109 995/531/109 996/532/109
f 929/582/108 930/581/108 1073/581/108 1074/582/108
f 980/607/110 981/609/110 1126/609/110 1123/607/110
f 854/518/111 851/532/111 996/532/111 997/518/111
f 903/565/109 904/516/109 1047/516/109 1048/565/109
f 981/609/108 982/610/108 1125/610/108 1126/609/108
f 852/531/113 853/517/113 998/517/113 995/531/113
f 906/515/111 903/565/111 1048/565/111 1049/515/111
f 955/513/109 956/512/109 1099/512/109 1100/513/109
f 1464/291/108 1162/292/108 1134/293/108 1256/294/108
f 1284/295/109 1141/296/109 1149/296/109 1320/297/109
f 1587/298/108 1588/299/108 1731/299/108 1732/298/108
f 1640/300/110 1637/301/110 1782/301/110 1783/300/110
f 1586/302/111 1587/298/111 1732/298/111 1729/302/111
f 1637/301/109 1638/303/109 1781/303/109 1782/301/109
f 1409/304/109 1292/305/109 1142/293/109 1190/306/109
f 1475/307/108 1476/296/108 1145/296/108 1203/307/108
f 1479/308/108 1480/309/108 1143/309/108 1210/308/108
f 1183/310/109 1140/311/109 1148/311/109 1211/310/109
f 1210/308/112 1143/309/112 1147/309/112 1224/308/112
f 1203/307/110 1145/296/110 1149/296/110 1217/312/110
f 1310/313/113 1146/293/113 1150/293/113 1328/313/113
f 1301/314/111 1144/311/111 1148/311/111 1319/314/111
f 1275/315/109 1139/309/109 1147/309/109 1311/316/109
f 1477/294/108 1478/293/108 1146/293/108 1310/313/108
f 1190/306/109 1142/293/109 1150/293/109 1218/306/109
f 1473/314/108 1474/311/108 1144/311/108 1301/314/108
f 1161/312/110 1132/296/110 1488/296/110 1501/312/110
f 1168/317/112 1133/309/112 1486/309/112 1507/308/112
f 1247/314/111 1131/311/111 1153/311/111 1529/314/111
f 1256/294/113 1134/293/113 1151/293/113 1537/294/113
f 1134/293/112 1162/292/112 1483/292/112 1151/293/112
f 1162/292/112 1163/318/112 1512/318/112 1483/292/112
f 1163/318/112 1164/319/112 1511/320/112 1512/318/112
f 1164/319/112 1165/321/112 1510/322/112 1511/320/112
f 1165/321/112 1166/323/112 1509/324/112 1510/322/112
f 1166/323/112 1167/325/112 1508/325/112 1509/324/112
f 1167/325/112 1168/317/112 1507/308/112 1508/325/112
f 1131/311/110 1155/310/110 1481/326/110 1153/311/110
f 1155/310/110 1156/327/110 1506/328/110 1481/326/110
f 1156/327/110 1157/329/110 1505/330/110 1506/328/110
f 1157/329/110 1158/331/110 1504/331/110 1505/330/110
f 1158/331/110 1159/332/110 1503/332/110 1504/331/110
f 1159/332/110 1160/333/110 1502/333/110 1503/332/110
f 1160/333/110 1161/312/110 1501/312/110 1502/333/110
f 1139/309/109 1196/308/109 1224/308/109 1147/309/109
f 1196/308/109 1195/325/109 1223/334/109 1224/308/109
f 1195/325/109 1194/335/109 1222/324/109 1223/334/109
f 1194/335/109 1193/322/109 1221/322/109 1222/324/109
f 1193/322/109 1192/336/109 1220/319/109 1221/322/109
f 1192/336/109 1191/318/109 1219/318/109 1220/319/109
f 1191/318/109 1190/306/109 1218/306/109 1219/318/109
f 1144/311/110 1197/310/110 1211/310/110 1148/311/110
f 1197/310/110 1198/327/110 1212/327/110 1211/310/110
f 1198/327/110 1199/337/110 1213/329/110 1212/327/110
f 1199/337/110 1200/331/110 1214/331/110 1213/329/110
f 1200/331/110 1201/332/110 1215/332/110 1214/331/110
f 1201/332/110 1202/333/110 1216/333/110 1215/332/110
f 1202/333/110 1203/307/110 1217/312/110 1216/333/110
f 1146/293/112 1204/292/112 1218/306/112 1150/293/112
f 1204/292/112 1205/318/112 1219/318/112 1218/306/112
f 1205/318/112 1206/319/112 1220/319/112 1219/318/112
f 1206/319/112 1207/322/112 1221/322/112 1220/319/112
f 1207/322/112 1208/338/112 1222/324/112 1221/322/112
f 1208/338/112 1209/334/112 1223/334/112 1222/324/112
f 1209/334/112 1210/308/112 1224/308/112 1223/334/112
f 1141/296/109 1189/307/109 1217/312/109 1149/296/109
f 1189/307/109 1188/333/109 1216/333/109 1217/312/109
f 1188/333/109 1187/339/109 1215/332/109 1216/333/109
f 1187/339/109 1186/331/109 1214/331/109 1215/332/109
f 1186/331/109 1185/329/109 1213/329/109 1214/331/109
f 1185/329/109 1184/327/109 1212/327/109 1213/329/109
f 1184/327/109 1183/310/109 1211/310/109 1212/327/109
f 1478/293/108 1495/306/108 1204/292/108 1146/293/108
f 1495/306/108 1496/340/108 1205/318/108 1204/292/108
f 1496/340/108 1497/319/108 1206/319/108 1205/318/108
f 1497/319/108 1498/322/108 1207/322/108 1206/319/108
f 1498/322/108 1499/324/108 1208/338/108 1207/322/108
f 1499/324/108 1500/341/108 1209/334/108 1208/338/108
f 1500/341/108 1479/308/108 1210/308/108 1209/334/108
f 1474/311/108 1489/310/108 1197/310/108 1144/311/108
f 1489/310/108 1490/328/108 1198/327/108 1197/310/108
f 1490/328/108 1491/329/108 1199/337/108 1198/327/108
f 1491/329/108 1492/331/108 1200/331/108 1199/337/108
f 1492/331/108 1493/332/108 1201/332/108 1200/331/108
f 1493/332/108 1494/342/108 1202/333/108 1201/332/108
f 1494/342/108 1475/307/108 1203/307/108 1202/333/108
f 1275/315/109 1355/343/109 1196/308/109 1139/309/109
f 1355/343/109 1364/344/109 1195/325/109 1196/308/109
f 1364/344/109 1373/345/109 1194/335/109 1195/325/109
f 1373/345/109 1382/346/109 1193/322/109 1194/335/109
f 1382/346/109 1391/347/109 1192/336/109 1193/322/109
f 1391/347/109 1400/348/109 1191/318/109 1192/336/109
f 1400/348/109 1409/304/109 1190/306/109 1191/318/109
f 1588/299/113 1585/299/113 1730/299/113 1731/299/113
f 1663/349/108 1664/350/108 1807/350/108 1808/349/108
f 1585/299/109 1586/302/109 1729/302/109 1730/299/109
f 1662/351/110 1663/349/110 1808/349/110 1805/351/110
f 1611/352/108 1612/353/108 1755/353/108 1756/352/108
f 1664/350/112 1661/354/112 1806/354/112 1807/350/112
f 1610/355/113 1611/352/113 1756/352/113 1753/355/113
f 1559/356/108 1560/357/108 1703/357/108 1704/356/108
f 1661/354/109 1662/351/109 1805/351/109 1806/354/109
f 1612/353/111 1609/358/111 1754/358/111 1755/353/111
f 1558/356/111 1559/356/111 1704/356/111 1701/356/111
f 1687/359/108 1688/360/108 1831/360/108 1832/359/108
f 1609/358/109 1610/355/109 1753/355/109 1754/358/109
f 1560/357/113 1557/361/113 1702/361/113 1703/357/113
f 1239/316/108 1133/309/108 1168/317/108 1410/362/108
f 1410/362/108 1168/317/108 1167/325/108 1419/363/108
f 1419/363/108 1167/325/108 1166/323/108 1428/364/108
f 1428/364/108 1166/323/108 1165/321/108 1437/365/108
f 1437/365/108 1165/321/108 1164/319/108 1446/366/108
f 1446/366/108 1164/319/108 1163/318/108 1455/367/108
f 1455/367/108 1163/318/108 1162/292/108 1464/291/108
f 1160/333/108 1463/368/108 1472/369/108 1161/312/108
f 1463/368/108 1462/370/108 1471/371/108 1472/369/108
f 1462/370/108 1461/372/108 1470/373/108 1471/371/108
f 1461/372/108 1460/374/108 1469/375/108 1470/373/108
f 1460/374/108 1459/376/108 1468/377/108 1469/375/108
f 1459/376/108 1458/378/108 1467/379/108 1468/377/108
f 1458/378/108 1457/380/108 1466/381/108 1467/379/108
f 1457/380/108 1456/382/108 1465/383/108 1466/381/108
f 1456/382/108 1455/367/108 1464/291/108 1465/383/108
f 1159/332/108 1454/384/108 1463/368/108 1160/333/108
f 1454/384/108 1453/385/108 1462/370/108 1463/368/108
f 1453/385/108 1452/386/108 1461/372/108 1462/370/108
f 1452/386/108 1451/387/108 1460/374/108 1461/372/108
f 1451/387/108 1450/388/108 1459/376/108 1460/374/108
f 1450/388/108 1449/389/108 1458/378/108 1459/376/108
f 1449/389/108 1448/390/108 1457/380/108 1458/378/108
f 1448/390/108 1447/391/108 1456/382/108 1457/380/108
f 1447/391/108 1446/366/108 1455/367/108 1456/382/108
f 1158/331/108 1445/392/108 1454/384/108 1159/332/108
f 1445/392/108 1444/393/108 1453/385/108 1454/384/108
f 1444/393/108 1443/394/108 1452/386/108 1453/385/108
f 1443/394/108 1442/395/108 1451/387/108 1452/386/108
f 1442/395/108 1441/396/108 1450/388/108 1451/387/108
f 1441/396/108 1440/397/108 1449/389/108 1450/388/108
f 1440/397/108 1439/398/108 1448/390/108 1449/389/108
f 1439/398/108 1438/399/108 1447/391/108 1448/390/108
f 1438/399/108 1437/365/108 1446/366/108 1447/391/108
f 1157/329/108 1436/400/108 1445/392/108 1158/331/108
f 1436/400/108 1435/401/108 1444/393/108 1445/392/108
f 1435/401/108 1434/402/108 1443/394/108 1444/393/108
f 1434/402/108 1433/403/108 1442/395/108 1443/394/108
f 1433/403/108 1432/404/108 1441/396/108 1442/395/108
f 1432/404/108 1431/405/108 1440/397/108 1441/396/108
f 1431/405/108 1430/406/108 1439/398/108 1440/397/108
f 1430/406/108 1429/407/108 1438/399/108 1439/398/108
f 1429/407/108 1428/364/108 1437/365/108 1438/399/108
f 1156/327/108 1427/408/108 1436/400/108 1157/329/108
f 1427/408/108 1426/409/108 1435/401/108 1436/400/108
f 1426/409/108 1425/410/108 1434/402/108 1435/401/108
f 1425/410/108 1424/411/108 1433/403/108 1434/402/108
f 1424/411/108 1423/412/108 1432/404/108 1433/403/108
f 1423/412/108 1422/413/108 1431/405/108 1432/404/108
f 1422/413/108 1421/414/108 1430/406/108 1431/405/108
f 1421/414/108 1420/415/108 1429/407/108 1430/406/108
f 1420/415/108 1419/363/108 1428/364/108 1429/407/108
f 1155/310/108 1418/416/108 1427/408/108 1156/327/108
f 1418/416/108 1417/417/108 1426/409/108 1427/408/108
f 1417/417/108 1416/418/108 1425/410/108 1426/409/108
f 1416/418/108 1415/419/108 1424/411/108 1425/410/108
f 1415/419/108 1414/420/108 1423/412/108 1424/411/108
f 1414/420/108 1413/421/108 1422/413/108 1423/412/108
f 1413/421/108 1412/422/108 1421/414/108 1422/413/108
f 1412/422/108 1411/423/108 1420/415/108 1421/414/108
f 1411/423/108 1410/362/108 1419/363/108 1420/415/108
f 1131/311/108 1247/314/108 1418/416/108 1155/310/108
f 1247/314/108 1246/424/108 1417/417/108 1418/416/108
f 1246/424/108 1245/425/108 1416/418/108 1417/417/108
f 1245/425/108 1244/426/108 1415/419/108 1416/418/108
f 1244/426/108 1243/427/108 1414/420/108 1415/419/108
f 1243/427/108 1242/428/108 1413/421/108 1414/420/108
f 1242/428/108 1241/429/108 1412/422/108 1413/421/108
f 1241/429/108 1240/430/108 1411/423/108 1412/422/108
f 1240/430/108 1239/316/108 1410/362/108 1411/423/108
f 1188/333/109 1189/307/109 1401/369/109 1392/431/109
f 1392/431/109 1401/369/109 1402/371/109 1393/432/109
f 1393/432/109 1402/371/109 1403/433/109 1394/434/109
f 1394/434/109 1403/433/109 1404/435/109 1395/436/109
f 1395/436/109 1404/435/109 1405/437/109 1396/376/109
f 1396/376/109 1405/437/109 1406/379/109 1397/438/109
f 1397/438/109 1406/379/109 1407/381/109 1398/439/109
f 1398/439/109 1407/381/109 1408/440/109 1399/441/109
f 1399/441/109 1408/440/109 1409/304/109 1400/348/109
f 1187/339/109 1188/333/109 1392/431/109 1383/442/109
f 1383/442/109 1392/431/109 1393/432/109 1384/443/109
f 1384/443/109 1393/432/109 1394/434/109 1385/444/109
f 1385/444/109 1394/434/109 1395/436/109 1386/445/109
f 1386/445/109 1395/436/109 1396/376/109 1387/446/109
f 1387/446/109 1396/376/109 1397/438/109 1388/447/109
f 1388/447/109 1397/438/109 1398/439/109 1389/448/109
f 1389/448/109 1398/439/109 1399/441/109 1390/449/109
f 1390/449/109 1399/441/109 1400/348/109 1391/347/109
f 1186/331/109 1187/339/109 1383/442/109 1374/450/109
f 1374/450/109 1383/442/109 1384/443/109 1375/451/109
f 1375/451/109 1384/443/109 1385/444/109 1376/452/109
f 1376/452/109 1385/444/109 1386/445/109 1377/453/109
f 1377/453/109 1386/445/109 1387/446/109 1378/454/109
f 1378/454/109 1387/446/109 1388/447/109 1379/455/109
f 1379/455/109 1388/447/109 1389/448/109 1380/456/109
f 1380/456/109 1389/448/109 1390/449/109 1381/457/109
f 1381/457/109 1390/449/109 1391/347/109 1382/346/109
f 1185/329/109 1186/331/109 1374/450/109 1365/458/109
f 1365/458/109 1374/450/109 1375/451/109 1366/459/109
f 1366/459/109 1375/451/109 1376/452/109 1367/460/109
f 1367/460/109 1376/452/109 1377/453/109 1368/461/109
f 1368/461/109 1377/453/109 1378/454/109 1369/462/109
f 1369/462/109 1378/454/109 1379/455/109 1370/463/109
f 1370/463/109 1379/455/109 1380/456/109 1371/464/109
f 1371/464/109 1380/456/109 1381/457/109 1372/465/109
f 1372/465/109 1381/457/109 1382/346/109 1373/345/109
f 1184/327/109 1185/329/109 1365/458/109 1356/408/109
f 1356/408/109 1365/458/109 1366/459/109 1357/466/109
f 1357/466/109 1366/459/109 1367/460/109 1358/410/109
f 1358/410/109 1367/460/109 1368/461/109 1359/467/109
f 1359/467/109 1368/461/109 1369/462/109 1360/412/109
f 1360/412/109 1369/462/109 1370/463/109 1361/413/109
f 1361/413/109 1370/463/109 1371/464/109 1362/468/109
f 1362/468/109 1371/464/109 1372/465/109 1363/469/109
f 1363/469/109 1372/465/109 1373/345/109 1364/344/109
f 1183/310/109 1184/327/109 1356/408/109 1347/470/109
f 1347/470/109 1356/408/109 1357/466/109 1348/471/109
f 1348/471/109 1357/466/109 1358/410/109 1349/472/109
f 1349/472/109 1358/410/109 1359/467/109 1350/473/109
f 1350/473/109 1359/467/109 1360/412/109 1351/474/109
f 1351/474/109 1360/412/109 1361/413/109 1352/475/109
f 1352/475/109 1361/413/109 1362/468/109 1353/476/109
f 1353/476/109 1362/468/109 1363/469/109 1354/477/109
f 1354/477/109 1363/469/109 1364/344/109 1355/343/109
f 1140/311/109 1183/310/109 1347/470/109 1283/314/109
f 1283/314/109 1347/470/109 1348/471/109 1282/424/109
f 1282/424/109 1348/471/109 1349/472/109 1281/425/109
f 1281/425/109 1349/472/109 1350/473/109 1280/426/109
f 1280/426/109 1350/473/109 1351/474/109 1279/478/109
f 1279/478/109 1351/474/109 1352/475/109 1278/428/109
f 1278/428/109 1352/475/109 1353/476/109 1277/479/109
f 1277/479/109 1353/476/109 1354/477/109 1276/430/109
f 1276/430/109 1354/477/109 1355/343/109 1275/315/109
f 1132/296/113 1248/295/113 1487/295/113 1488/296/113
f 1248/295/113 1249/480/113 1544/480/113 1487/295/113
f 1249/480/113 1250/481/113 1543/481/113 1544/480/113
f 1250/481/113 1251/482/113 1542/483/113 1543/481/113
f 1251/482/113 1252/484/113 1541/485/113 1542/483/113
f 1252/484/113 1253/486/113 1540/486/113 1541/485/113
f 1253/486/113 1254/487/113 1539/488/113 1540/486/113
f 1254/487/113 1255/489/113 1538/489/113 1539/488/113
f 1255/489/113 1256/294/113 1537/294/113 1538/489/113
f 1133/309/111 1239/316/111 1485/316/111 1486/309/111
f 1239/316/111 1240/430/111 1536/430/111 1485/316/111
f 1240/430/111 1241/429/111 1535/429/111 1536/430/111
f 1241/429/111 1242/428/111 1534/428/111 1535/429/111
f 1242/428/111 1243/427/111 1533/427/111 1534/428/111
f 1243/427/111 1244/426/111 1532/490/111 1533/427/111
f 1244/426/111 1245/425/111 1531/425/111 1532/490/111
f 1245/425/111 1246/424/111 1530/424/111 1531/425/111
f 1246/424/111 1247/314/111 1529/314/111 1530/424/111
f 1480/309/108 1513/315/108 1293/316/108 1143/309/108
f 1513/315/108 1514/430/108 1294/491/108 1293/316/108
f 1514/430/108 1515/429/108 1295/429/108 1294/491/108
f 1515/429/108 1516/428/108 1296/428/108 1295/429/108
f 1516/428/108 1517/492/108 1297/427/108 1296/428/108
f 1517/492/108 1518/493/108 1298/493/108 1297/427/108
f 1518/493/108 1519/425/108 1299/425/108 1298/493/108
f 1519/425/108 1520/424/108 1300/424/108 1299/425/108
f 1520/424/108 1473/314/108 1301/314/108 1300/424/108
f 1476/296/108 1521/295/108 1302/297/108 1145/296/108
f 1521/295/108 1522/480/108 1303/494/108 1302/297/108
f 1522/480/108 1523/495/108 1304/481/108 1303/494/108
f 1523/495/108 1524/496/108 1305/497/108 1304/481/108
f 1524/496/108 1525/498/108 1306/485/108 1305/497/108
f 1525/498/108 1526/499/108 1307/500/108 1306/485/108
f 1526/499/108 1527/501/108 1308/502/108 1307/500/108
f 1527/501/108 1528/489/108 1309/489/108 1308/502/108
f 1528/489/108 1477/294/108 1310/313/108 1309/489/108
f 1140/311/109 1283/314/109 1319/314/109 1148/311/109
f 1283/314/109 1282/424/109 1318/424/109 1319/314/109
f 1282/424/109 1281/425/109 1317/425/109 1318/424/109
f 1281/425/109 1280/426/109 1316/426/109 1317/425/109
f 1280/426/109 1279/478/109 1315/427/109 1316/426/109
f 1279/478/109 1278/428/109 1314/428/109 1315/427/109
f 1278/428/109 1277/479/109 1313/429/109 1314/428/109
f 1277/479/109 1276/430/109 1312/430/109 1313/429/109
f 1276/430/109 1275/315/109 1311/316/109 1312/430/109
f 1143/309/111 1293/316/111 1311/316/111 1147/309/111
f 1293/316/111 1294/491/111 1312/430/111 1311/316/111
f 1294/491/111 1295/429/111 1313/429/111 1312/430/111
f 1295/429/111 1296/428/111 1314/428/111 1313/429/111
f 1296/428/111 1297/427/111 1315/427/111 1314/428/111
f 1297/427/111 1298/493/111 1316/426/111 1315/427/111
f 1298/493/111 1299/425/111 1317/425/111 1316/426/111
f 1299/425/111 1300/424/111 1318/424/111 1317/425/111
f 1300/424/111 1301/314/111 1319/314/111 1318/424/111
f 1145/296/113 1302/297/113 1320/297/113 1149/296/113
f 1302/297/113 1303/494/113 1321/503/113 1320/297/113
f 1303/494/113 1304/481/113 1322/481/113 1321/503/113
f 1304/481/113 1305/497/113 1323/504/113 1322/481/113
f 1305/497/113 1306/485/113 1324/485/113 1323/504/113
f 1306/485/113 1307/500/113 1325/500/113 1324/485/113
f 1307/500/113 1308/502/113 1326/502/113 1325/500/113
f 1308/502/113 1309/489/113 1327/489/113 1326/502/113
f 1309/489/113 1310/313/113 1328/313/113 1327/489/113
f 1189/307/109 1141/296/109 1284/295/109 1401/369/109
f 1401/369/109 1284/295/109 1285/480/109 1402/371/109
f 1402/371/109 1285/480/109 1286/481/109 1403/433/109
f 1403/433/109 1286/481/109 1287/505/109 1404/435/109
f 1404/435/109 1287/505/109 1288/485/109 1405/437/109
f 1405/437/109 1288/485/109 1289/500/109 1406/379/109
f 1406/379/109 1289/500/109 1290/487/109 1407/381/109
f 1407/381/109 1290/487/109 1291/489/109 1408/440/109
f 1408/440/109 1291/489/109 1292/305/109 1409/304/109
f 1686/359/110 1687/359/110 1832/359/110 1829/359/110
f 1635/506/108 1636/507/108 1779/507/108 1780/506/108
f 1557/361/109 1558/356/109 1701/356/109 1702/361/109
f 1688/360/112 1685/508/112 1830/508/112 1831/360/112
f 1634/506/112 1635/506/112 1780/506/112 1777/506/112
f 1583/509/108 1584/510/108 1727/510/108 1728/509/108
f 1685/508/109 1686/359/109 1829/359/109 1830/508/109
f 1636/507/110 1633/507/110 1778/507/110 1779/507/110
f 1582/509/111 1583/509/111 1728/509/111 1725/509/111
f 1633/507/109 1634/506/109 1777/506/109 1778/507/109
f 1584/510/113 1581/511/113 1726/511/113 1727/510/113
f 1659/512/108 1660/513/108 1803/513/108 1804/512/108
f 1581/511/109 1582/509/109 1725/509/109 1726/511/109
f 1658/512/110 1659/512/110 1804/512/110 1801/512/110
f 1607/514/108 1608/515/108 1751/515/108 1752/514/108
f 1660/513/112 1657/513/112 1802/513/112 1803/513/112
f 1606/516/113 1607/514/113 1752/514/113 1749/516/113
f 1555/517/108 1556/518/108 1699/518/108 1700/517/108
f 1142/293/109 1292/305/109 1328/313/109 1150/293/109
f 1292/305/109 1291/489/109 1327/489/109 1328/313/109
f 1291/489/109 1290/487/109 1326/502/109 1327/489/109
f 1290/487/109 1289/500/109 1325/500/109 1326/502/109
f 1289/500/109 1288/485/109 1324/485/109 1325/500/109
f 1288/485/109 1287/505/109 1323/504/109 1324/485/109
f 1287/505/109 1286/481/109 1322/481/109 1323/504/109
f 1286/481/109 1285/480/109 1321/503/109 1322/481/109
f 1285/480/109 1284/295/109 1320/297/109 1321/503/109
f 1161/312/108 1472/369/108 1248/295/108 1132/296/108
f 1472/369/108 1471/371/108 1249/480/108 1248/295/108
f 1471/371/108 1470/373/108 1250/481/108 1249/480/108
f 1470/373/108 1469/375/108 1251/482/108 1250/481/108
f 1469/375/108 1468/377/108 1252/484/108 1251/482/108
f 1468/377/108 1467/379/108 1253/486/108 1252/484/108
f 1467/379/108 1466/381/108 1254/487/108 1253/486/108
f 1466/381/108 1465/383/108 1255/489/108 1254/487/108
f 1465/383/108 1464/291/108 1256/294/108 1255/489/108
f 1265/314/111 1136/311/111 1474/311/111 1473/314/111
f 1175/312/110 1137/296/110 1476/296/110 1475/307/110
f 1274/294/113 1138/293/113 1478/293/113 1477/294/113
f 1182/308/112 1135/309/112 1480/309/112 1479/308/112
f 1231/326/110 1482/311/110 1153/311/110 1481/326/110
f 1238/292/112 1484/293/112 1151/293/112 1483/292/112
f 1337/316/111 1154/309/111 1486/309/111 1485/316/111
f 1346/295/113 1152/296/113 1488/296/113 1487/295/113
f 1136/311/110 1169/310/110 1489/310/110 1474/311/110
f 1169/310/110 1170/328/110 1490/328/110 1489/310/110
f 1170/328/110 1171/329/110 1491/329/110 1490/328/110
f 1171/329/110 1172/331/110 1492/331/110 1491/329/110
f 1172/331/110 1173/332/110 1493/332/110 1492/331/110
f 1173/332/110 1174/519/110 1494/342/110 1493/332/110
f 1174/519/110 1175/312/110 1475/307/110 1494/342/110
f 1138/293/112 1176/306/112 1495/306/112 1478/293/112
f 1176/306/112 1177/340/112 1496/340/112 1495/306/112
f 1177/340/112 1178/319/112 1497/319/112 1496/340/112
f 1178/319/112 1179/322/112 1498/322/112 1497/319/112
f 1179/322/112 1180/324/112 1499/324/112 1498/322/112
f 1180/324/112 1181/341/112 1500/341/112 1499/324/112
f 1181/341/112 1182/308/112 1479/308/112 1500/341/112
f 1152/296/110 1225/312/110 1501/312/110 1488/296/110
f 1225/312/110 1226/342/110 1502/333/110 1501/312/110
f 1226/342/110 1227/332/110 1503/332/110 1502/333/110
f 1227/332/110 1228/331/110 1504/331/110 1503/332/110
f 1228/331/110 1229/330/110 1505/330/110 1504/331/110
f 1229/330/110 1230/328/110 1506/328/110 1505/330/110
f 1230/328/110 1231/326/110 1481/326/110 1506/328/110
f 1154/309/112 1232/308/112 1507/308/112 1486/309/112
f 1232/308/112 1233/325/112 1508/325/112 1507/308/112
f 1233/325/112 1234/324/112 1509/324/112 1508/325/112
f 1234/324/112 1235/322/112 1510/322/112 1509/324/112
f 1235/322/112 1236/320/112 1511/320/112 1510/322/112
f 1236/320/112 1237/318/112 1512/318/112 1511/320/112
f 1237/318/112 1238/292/112 1483/292/112 1512/318/112
f 1135/309/111 1257/315/111 1513/315/111 1480/309/111
f 1257/315/111 1258/430/111 1514/430/111 1513/315/111
f 1258/430/111 1259/429/111 1515/429/111 1514/430/111
f 1259/429/111 1260/428/111 1516/428/111 1515/429/111
f 1260/428/111 1261/492/111 1517/492/111 1516/428/111
f 1261/492/111 1262/520/111 1518/493/111 1517/492/111
f 1262/520/111 1263/425/111 1519/425/111 1518/493/111
f 1263/425/111 1264/424/111 1520/424/111 1519/425/111
f 1264/424/111 1265/314/111 1473/314/111 1520/424/111
f 1137/296/113 1266/295/113 1521/295/113 1476/296/113
f 1266/295/113 1267/480/113 1522/480/113 1521/295/113
f 1267/480/113 1268/495/113 1523/495/113 1522/480/113
f 1268/495/113 1269/505/113 1524/496/113 1523/495/113
f 1269/505/113 1270/498/113 1525/498/113 1524/496/113
f 1270/498/113 1271/499/113 1526/499/113 1525/498/113
f 1271/499/113 1272/501/113 1527/501/113 1526/499/113
f 1272/501/113 1273/489/113 1528/489/113 1527/501/113
f 1273/489/113 1274/294/113 1477/294/113 1528/489/113
f 1482/311/111 1329/314/111 1529/314/111 1153/311/111
f 1329/314/111 1330/521/111 1530/424/111 1529/314/111
f 1330/521/111 1331/425/111 1531/425/111 1530/424/111
f 1331/425/111 1332/490/111 1532/490/111 1531/425/111
f 1332/490/111 1333/427/111 1533/427/111 1532/490/111
f 1333/427/111 1334/428/111 1534/428/111 1533/427/111
f 1334/428/111 1335/429/111 1535/429/111 1534/428/111
f 1335/429/111 1336/430/111 1536/430/111 1535/429/111
f 1336/430/111 1337/316/111 1485/316/111 1536/430/111
f 1484/293/113 1338/294/113 1537/294/113 1151/293/113
f 1338/294/113 1339/522/113 1538/489/113 1537/294/113
f 1339/522/113 1340/523/113 1539/488/113 1538/489/113
f 1340/523/113 1341/499/113 1540/486/113 1539/488/113
f 1341/499/113 1342/485/113 1541/485/113 1540/486/113
f 1342/485/113 1343/483/113 1542/483/113 1541/485/113
f 1343/483/113 1344/524/113 1543/481/113 1542/483/113
f 1344/524/113 1345/480/113 1544/480/113 1543/481/113
f 1345/480/113 1346/295/113 1487/295/113 1544/480/113
f 1338/294/113 1484/293/113 1546/525/113 1545/526/113
f 1484/293/113 1138/293/113 1547/527/113 1546/525/113
f 1138/293/113 1274/294/113 1548/526/113 1547/527/113
f 1274/294/113 1338/294/113 1545/526/113 1548/526/113
f 1329/314/111 1482/311/111 1550/528/111 1549/529/111
f 1482/311/111 1136/311/111 1551/530/111 1550/528/111
f 1136/311/111 1265/314/111 1552/529/111 1551/530/111
f 1265/314/111 1329/314/111 1549/529/111 1552/529/111
f 1232/308/112 1154/309/112 1554/531/112 1553/532/112
f 1154/309/112 1135/309/112 1555/517/112 1554/531/112
f 1135/309/112 1182/308/112 1556/518/112 1555/517/112
f 1182/308/112 1232/308/112 1553/532/112 1556/518/112
f 1225/312/110 1152/296/110 1558/356/110 1557/361/110
f 1152/296/110 1137/296/110 1559/356/110 1558/356/110
f 1137/296/110 1175/312/110 1560/357/110 1559/356/110
f 1175/312/110 1225/312/110 1557/361/110 1560/357/110
f 1482/311/110 1231/326/110 1562/533/110 1561/534/110
f 1231/326/110 1169/310/110 1563/533/110 1562/533/110
f 1169/310/110 1136/311/110 1564/535/110 1563/533/110
f 1136/311/110 1482/311/110 1561/534/110 1564/535/110
f 1231/326/110 1230/328/110 1566/536/110 1565/537/110
f 1230/328/110 1170/328/110 1567/536/110 1566/536/110
f 1170/328/110 1169/310/110 1568/538/110 1567/536/110
f 1169/310/110 1231/326/110 1565/537/110 1568/538/110
f 1230/328/110 1229/330/110 1570/539/110 1569/540/110
f 1229/330/110 1171/329/110 1571/541/110 1570/539/110
f 1171/329/110 1170/328/110 1572/540/110 1571/541/110
f 1170/328/110 1230/328/110 1569/540/110 1572/540/110
f 1229/330/110 1228/331/110 1574/542/110 1573/543/110
f 1228/331/110 1172/331/110 1575/544/110 1574/542/110
f 1172/331/110 1171/329/110 1576/545/110 1575/544/110
f 1171/329/110 1229/330/110 1573/543/110 1576/545/110
f 1228/331/110 1227/332/110 1578/546/110 1577/547/110
f 1227/332/110 1173/332/110 1579/548/110 1578/546/110
f 1173/332/110 1172/331/110 1580/549/110 1579/548/110
f 1172/331/110 1228/331/110 1577/547/110 1580/549/110
f 1227/332/110 1226/342/110 1582/509/110 1581/511/110
f 1226/342/110 1174/519/110 1583/509/110 1582/509/110
f 1174/519/110 1173/332/110 1584/510/110 1583/509/110
f 1173/332/110 1227/332/110 1581/511/110 1584/510/110
f 1226/342/110 1225/312/110 1586/302/110 1585/299/110
f 1225/312/110 1175/312/110 1587/298/110 1586/302/110
f 1175/312/110 1174/519/110 1588/299/110 1587/298/110
f 1174/519/110 1226/342/110 1585/299/110 1588/299/110
f 1484/293/112 1238/292/112 1590/550/112 1589/551/112
f 1238/292/112 1176/306/112 1591/550/112 1590/550/112
f 1176/306/112 1138/293/112 1592/552/112 1591/550/112
f 1138/293/112 1484/293/112 1589/551/112 1592/552/112
f 1238/292/112 1237/318/112 1594/553/112 1593/554/112
f 1237/318/112 1177/340/112 1595/555/112 1594/553/112
f 1177/340/112 1176/306/112 1596/556/112 1595/555/112
f 1176/306/112 1238/292/112 1593/554/112 1596/556/112
f 1237/318/112 1236/320/112 1598/557/112 1597/558/112
f 1236/320/112 1178/319/112 1599/559/112 1598/557/112
f 1178/319/112 1177/340/112 1600/560/112 1599/559/112
f 1177/340/112 1237/318/112 1597/558/112 1600/560/112
f 1236/320/112 1235/322/112 1602/561/112 1601/562/112
f 1235/322/112 1179/322/112 1603/563/112 1602/561/112
f 1179/322/112 1178/319/112 1604/564/112 1603/563/112
f 1178/319/112 1236/320/112 1601/562/112 1604/564/112
f 1235/322/112 1234/324/112 1606/516/112 1605/565/112
f 1234/324/112 1180/324/112 1607/514/112 1606/516/112
f 1180/324/112 1179/322/112 1608/515/112 1607/514/112
f 1179/322/112 1235/322/112 1605/565/112 1608/515/112
f 1234/324/112 1233/325/112 1610/355/112 1609/358/112
f 1233/325/112 1181/341/112 1611/352/112 1610/355/112
f 1181/341/112 1180/324/112 1612/353/112 1611/352/112
f 1180/324/112 1234/324/112 1609/358/112 1612/353/112
f 1233/325/112 1232/308/112 1614/566/112 1613/567/112
f 1232/308/112 1182/308/112 1615/568/112 1614/566/112
f 1182/308/112 1181/341/112 1616/569/112 1615/568/112
f 1181/341/112 1233/325/112 1613/567/112 1616/569/112
f 1154/309/111 1337/316/111 1618/570/111 1617/571/111
f 1337/316/111 1257/315/111 1619/572/111 1618/570/111
f 1257/315/111 1135/309/111 1620/571/111 1619/572/111
f 1135/309/111 1154/309/111 1617/571/111 1620/571/111
f 1337/316/111 1336/430/111 1622/573/111 1621/574/111
f 1336/430/111 1258/430/111 1623/575/111 1622/573/111
f 1258/430/111 1257/315/111 1624/576/111 1623/575/111
f 1257/315/111 1337/316/111 1621/574/111 1624/576/111
f 1336/430/111 1335/429/111 1626/577/111 1625/578/111
f 1335/429/111 1259/429/111 1627/579/111 1626/577/111
f 1259/429/111 1258/430/111 1628/578/111 1627/579/111
f 1258/430/111 1336/430/111 1625/578/111 1628/578/111
f 1335/429/111 1334/428/111 1630/580/111 1629/581/111
f 1334/428/111 1260/428/111 1631/582/111 1630/580/111
f 1260/428/111 1259/429/111 1632/581/111 1631/582/111
f 1259/429/111 1335/429/111 1629/581/111 1632/581/111
f 1334/428/111 1333/427/111 1634/506/111 1633/507/111
f 1333/427/111 1261/492/111 1635/506/111 1634/506/111
f 1261/492/111 1260/428/111 1636/507/111 1635/506/111
f 1260/428/111 1334/428/111 1633/507/111 1636/507/111
f 1333/427/111 1332/490/111 1638/303/111 1637/301/111
f 1332/490/111 1262/520/111 1639/583/111 1638/303/111
f 1262/520/111 1261/492/111 1640/300/111 1639/583/111
f 1261/492/111 1333/427/111 1637/301/111 1640/300/111
f 1332/490/111 1331/425/111 1642/584/111 1641/585/111
f 1331/425/111 1263/425/111 1643/586/111 1642/584/111
f 1263/425/111 1262/520/111 1644/585/111 1643/586/111
f 1262/520/111 1332/490/111 1641/585/111 1644/585/111
f 1331/425/111 1330/521/111 1646/587/111 1645/588/111
f 1330/521/111 1264/424/111 1647/589/111 1646/587/111
f 1264/424/111 1263/425/111 1648/590/111 1647/589/111
f 1263/425/111 1331/425/111 1645/588/111 1648/590/111
f 1330/521/111 1329/314/111 1650/591/111 1649/592/111
f 1329/314/111 1265/314/111 1651/591/111 1650/591/111
f 1265/314/111 1264/424/111 1652/592/111 1651/591/111
f 1264/424/111 1330/521/111 1649/592/111 1652/592/111
f 1152/296/113 1346/295/113 1654/593/113 1653/594/113
f 1346/295/113 1266/295/113 1655/593/113 1654/593/113
f 1266/295/113 1137/296/113 1656/594/113 1655/593/113
f 1137/296/113 1152/296/113 1653/594/113 1656/594/113
f 1346/295/113 1345/480/113 1658/512/113 1657/513/113
f 1345/480/113 1267/480/113 1659/512/113 1658/512/113
f 1267/480/113 1266/295/113 1660/513/113 1659/512/113
f 1266/295/113 1346/295/113 1657/513/113 1660/513/113
f 1345/480/113 1344/524/113 1662/351/113 1661/354/113
f 1344/524/113 1268/495/113 1663/349/113 1662/351/113
f 1268/495/113 1267/480/113 1664/350/113 1663/349/113
f 1267/480/113 1345/480/113 1661/354/113 1664/350/113
f 1344/524/113 1343/483/113 1666/595/113 1665/596/113
f 1343/483/113 1269/505/113 1667/595/113 1666/595/113
f 1269/505/113 1268/495/113 1668/596/113 1667/595/113
f 1268/495/113 1344/524/113 1665/596/113 1668/596/113
f 1343/483/113 1342/485/113 1670/597/113 1669/598/113
f 1342/485/113 1270/498/113 1671/599/113 1670/597/113
f 1270/498/113 1269/505/113 1672/598/113 1671/599/113
f 1269/505/113 1343/483/113 1669/598/113 1672/598/113
f 1342/485/113 1341/499/113 1674/600/113 1673/601/113
f 1341/499/113 1271/499/113 1675/602/113 1674/600/113
f 1271/499/113 1270/498/113 1676/603/113 1675/602/113
f 1270/498/113 1342/485/113 1673/601/113 1676/603/113
f 1341/499/113 1340/523/113 1678/604/113 1677/605/113
f 1340/523/113 1272/501/113 1679/604/113 1678/604/113
f 1272/501/113 1271/499/113 1680/606/113 1679/604/113
f 1271/499/113 1341/499/113 1677/605/113 1680/606/113
f 1340/523/113 1339/522/113 1682/607/113 1681/608/113
f 1339/522/113 1273/489/113 1683/609/113 1682/607/113
f 1273/489/113 1272/501/113 1684/610/113 1683/609/113
f 1272/501/113 1340/523/113 1681/608/113 1684/610/113
f 1339/522/113 1338/294/113 1686/359/113 1685/508/113
f 1338/294/113 1274/294/113 1687/359/113 1686/359/113
f 1274/294/113 1273/489/113 1688/360/113 1687/359/113
f 1273/489/113 1339/522/113 1685/508/113 1688/360/113
f 1710/537/110 1709/536/110 1712/536/110 1711/538/110
f 1718/543/110 1717/542/110 1720/544/110 1719/545/110
f 1726/511/110 1725/509/110 1728/509/110 1727/510/110
f 1742/558/112 1741/557/112 1744/559/112 1743/560/112
f 1750/565/112 1749/516/112 1752/514/112 1751/515/112
f 1758/567/112 1757/566/112 1760/568/112 1759/569/112
f 1766/574/111 1765/573/111 1768/575/111 1767/576/111
f 1778/507/111 1777/506/111 1780/506/111 1779/507/111
f 1790/588/111 1789/587/111 1792/589/111 1791/590/111
f 1802/513/113 1801/512/113 1804/512/113 1803/513/113
f 1814/598/113 1813/597/113 1816/599/113 1815/598/113
f 1822/605/113 1821/604/113 1824/604/113 1823/606/113
f 1830/508/113 1829/359/113 1832/359/113 1831/360/113
f 1638/303/112 1639/583/112 1784/583/112 1781/303/112
f 1561/534/109 1562/533/109 1705/533/109 1706/534/109
f 1639/583/108 1640/300/108 1783/300/108 1784/583/108
f 1564/535/113 1561/534/113 1706/534/113 1707/535/113
f 1613/567/109 1614/566/109 1757/566/109 1758/567/109
f 1562/533/111 1563/533/111 1708/533/111 1705/533/111
f 1616/569/111 1613/567/111 1758/567/111 1759/569/111
f 1665/596/109 1666/595/109 1809/595/109 1810/596/109
f 1563/533/108 1564/535/108 1707/535/108 1708/533/108
f 1614/566/113 1615/568/113 1760/568/113 1757/566/113
f 1668/596/112 1665/596/112 1810/596/112 1811/596/112
f 1615/568/108 1616/569/108 1759/569/108 1760/568/108
f 1666/595/110 1667/595/110 1812/595/110 1809/595/110
f 1589/551/109 1590/550/109 1733/550/109 1734/551/109
f 1667/595/108 1668/596/108 1811/596/108 1812/595/108
f 1592/552/111 1589/551/111 1734/551/111 1735/552/111
f 1641/585/109 1642/584/109 1785/584/109 1786/585/109
f 1590/550/113 1591/550/113 1736/550/113 1733/550/113
f 1644/585/110 1641/585/110 1786/585/110 1787/585/110
f 1591/550/108 1592/552/108 1735/552/108 1736/550/108
f 1642/584/112 1643/586/112 1788/586/112 1785/584/112
f 1565/537/109 1566/536/109 1709/536/109 1710/537/109
f 1643/586/108 1644/585/108 1787/585/108 1788/586/108
f 1568/538/113 1565/537/113 1710/537/113 1711/538/113
f 1617/571/109 1618/570/109 1761/570/109 1762/571/109
f 1566/536/111 1567/536/111 1712/536/111 1709/536/111
f 1620/571/110 1617/571/110 1762/571/110 1763/571/110
f 1669/598/109 1670/597/109 1813/597/109 1814/598/109
f 1567/536/108 1568/538/108 1711/538/108 1712/536/108
f 1618/570/112 1619/572/112 1764/572/112 1761/570/112
f 1672/598/112 1669/598/112 1814/598/112 1815/598/112
f 1619/572/108 1620/571/108 1763/571/108 1764/572/108
f 1670/597/110 1671/599/110 1816/599/110 1813/597/110
f 1593/554/109 1594/553/109 1737/553/109 1738/554/109
f 1671/599/108 1672/598/108 1815/598/108 1816/599/108
f 1596/556/111 1593/554/111 1738/554/111 1739/556/111
f 1645/588/109 1646/587/109 1789/587/109 1790/588/109
f 1594/553/113 1595/555/113 1740/555/113 1737/553/113
f 1648/590/110 1645/588/110 1790/588/110 1791/590/110
f 1595/555/108 1596/556/108 1739/556/108 1740/555/108
f 1646/587/112 1647/589/112 1792/589/112 1789/587/112
f 1569/540/109 1570/539/109 1713/539/109 1714/540/109
f 1647/589/108 1648/590/108 1791/590/108 1792/589/108
f 1572/540/113 1569/540/113 1714/540/113 1715/540/113
f 1621/574/109 1622/573/109 1765/573/109 1766/574/109
f 1570/539/111 1571/541/111 1716/541/111 1713/539/111
f 1624/576/110 1621/574/110 1766/574/110 1767/576/110
f 1673/601/109 1674/600/109 1817/600/109 1818/601/109
f 1571/541/108 1572/540/108 1715/540/108 1716/541/108
f 1622/573/112 1623/575/112 1768/575/112 1765/573/112
f 1676/603/112 1673/601/112 1818/601/112 1819/603/112
f 1545/526/109 1546/525/109 1689/525/109 1690/526/109
f 1623/575/108 1624/576/108 1767/576/108 1768/575/108
f 1674/600/110 1675/602/110 1820/602/110 1817/600/110
f 1548/526/112 1545/526/112 1690/526/112 1691/526/112
f 1597/558/109 1598/557/109 1741/557/109 1742/558/109
f 1675/602/108 1676/603/108 1819/603/108 1820/602/108
f 1546/525/110 1547/527/110 1692/527/110 1689/525/110
f 1600/560/111 1597/558/111 1742/558/111 1743/560/111
f 1649/592/109 1650/591/109 1793/591/109 1794/592/109
f 1547/527/108 1548/526/108 1691/526/108 1692/527/108
f 1598/557/113 1599/559/113 1744/559/113 1741/557/113
f 1652/592/110 1649/592/110 1794/592/110 1795/592/110
f 1599/559/108 1600/560/108 1743/560/108 1744/559/108
f 1650/591/112 1651/591/112 1796/591/112 1793/591/112
f 1573/543/109 1574/542/109 1717/542/109 1718/543/109
f 1651/591/108 1652/592/108 1795/592/108 1796/591/108
f 1576/545/113 1573/543/113 1718/543/113 1719/545/113
f 1625/578/109 1626/577/109 1769/577/109 1770/578/109
f 1574/542/111 1575/544/111 1720/544/111 1717/542/111
f 1628/578/110 1625/578/110 1770/578/110 1771/578/110
f 1677/605/109 1678/604/109 1821/604/109 1822/605/109
f 1575/544/108 1576/545/108 1719/545/108 1720/544/108
f 1626/577/112 1627/579/112 1772/579/112 1769/577/112
f 1680/606/112 1677/605/112 1822/605/112 1823/606/112
f 1549/529/109 1550/528/109 1693/528/109 1694/529/109
f 1627/579/108 1628/578/108 1771/578/108 1772/579/108
f 1678/604/110 1679/604/110 1824/604/110 1821/604/110
f 1552/529/110 1549/529/110 1694/529/110 1695/529/110
f 1601/562/109 1602/561/109 1745/561/109 1746/562/109
f 1679/604/108 1680/606/108 1823/606/108 1824/604/108
f 1550/528/112 1551/530/112 1696/530/112 1693/528/112
f 1604/564/111 1601/562/111 1746/562/111 1747/564/111
f 1653/594/109 1654/593/109 1797/593/109 1798/594/109
f 1551/530/108 1552/529/108 1695/529/108 1696/530/108
f 1602/561/113 1603/563/113 1748/563/113 1745/561/113
f 1656/594/112 1653/594/112 1798/594/112 1799/594/112
f 1603/563/108 1604/564/108 1747/564/108 1748/563/108
f 1654/593/110 1655/593/110 1800/593/110 1797/593/110
f 1577/547/109 1578/546/109 1721/546/109 1722/547/109
f 1655/593/108 1656/594/108 1799/594/108 1800/593/108
f 1580/549/113 1577/547/113 1722/547/113 1723/549/113
f 1629/581/109 1630/580/109 1773/580/109 1774/581/109
f 1578/546/111 1579/548/111 1724/548/111 1721/546/111
f 1632/581/110 1629/581/110 1774/581/110 1775/581/110
f 1681/608/109 1682/607/109 1825/607/109 1826/608/109
f 1579/548/108 1580/549/108 1723/549/108 1724/548/108
f 1630/580/112 1631/582/112 1776/582/112 1773/580/112
f 1684/610/112 1681/608/112 1826/608/112 1827/610/112
f 1553/532/109 1554/531/109 1697/531/109 1698/532/109
f 1631/582/108 1632/581/108 1775/581/108 1776/582/108
f 1682/607/110 1683/609/110 1828/609/110 1825/607/110
f 1556/518/111 1553/532/111 1698/532/111 1699/518/111
f 1605/565/109 1606/516/109 1749/516/109 1750/565/109
f 1683/609/108 1684/610/108 1827/610/108 1828/609/108
f 1554/531/113 1555/517/113 1700/517/113 1697/531/113
f 1608/515/111 1605/565/111 1750/565/111 1751/515/111
f 1657/513/109 1658/512/109 1801/512/109 1802/513/109
f 2166/291/108 1864/292/108 1836/293/108 1958/294/108
f 1986/295/109 1843/296/109 1851/296/109 2022/297/109
f 2289/298/108 2290/299/108 2433/299/108 2434/298/108
f 2342/300/110 2339/301/110 2484/301/110 2485/300/110
f 2288/302/111 2289/298/111 2434/298/111 2431/302/111
f 2339/301/109 2340/303/109 2483/303/109 2484/301/109
f 2111/304/109 1994/305/109 1844/293/109 1892/306/109
f 2177/307/108 2178/296/108 1847/296/108 1905/307/108
f 2181/308/108 2182/309/108 1845/309/108 1912/308/108
f 1885/310/109 1842/311/109 1850/311/109 1913/310/109
f 1912/308/112 1845/309/112 1849/309/112 1926/308/112
f 1905/307/110 1847/296/110 1851/296/110 1919/312/110
f 2012/313/113 1848/293/113 1852/293/113 2030/313/113
f 2003/314/111 1846/311/111 1850/311/111 2021/314/111
f 1977/315/109 1841/309/109 1849/309/109 2013/316/109
f 2179/294/108 2180/293/108 1848/293/108 2012/313/108
f 1892/306/109 1844/293/109 1852/293/109 1920/306/109
f 2175/314/108 2176/311/108 1846/311/108 2003/314/108
f 1863/312/110 1834/296/110 2190/296/110 2203/312/110
f 1870/317/112 1835/309/112 2188/309/112 2209/308/112
f 1949/314/111 1833/311/111 1855/311/111 2231/314/111
f 1958/294/113 1836/293/113 1853/293/113 2239/294/113
f 1836/293/112 1864/292/112 2185/292/112 1853/293/112
f 1864/292/112 1865/318/112 2214/318/112 2185/292/112
f 1865/318/112 1866/319/112 2213/320/112 2214/318/112
f 1866/319/112 1867/321/112 2212/322/112 2213/320/112
f 1867/321/112 1868/323/112 2211/324/112 2212/322/112
f 1868/323/112 1869/325/112 2210/325/112 2211/324/112
f 1869/325/112 1870/317/112 2209/308/112 2210/325/112
f 1833/311/110 1857/310/110 2183/326/110 1855/311/110
f 1857/310/110 1858/327/110 2208/328/110 2183/326/110
f 1858/327/110 1859/329/110 2207/330/110 2208/328/110
f 1859/329/110 1860/331/110 2206/331/110 2207/330/110
f 1860/331/110 1861/332/110 2205/332/110 2206/331/110
f 1861/332/110 1862/333/110 2204/333/110 2205/332/110
f 1862/333/110 1863/312/110 2203/312/110 2204/333/110
f 1841/309/109 1898/308/109 1926/308/109 1849/309/109
f 1898/308/109 1897/325/109 1925/334/109 1926/308/109
f 1897/325/109 1896/335/109 1924/324/109 1925/334/109
f 1896/335/109 1895/322/109 1923/322/109 1924/324/109
f 1895/322/109 1894/336/109 1922/319/109 1923/322/109
f 1894/336/109 1893/318/109 1921/318/109 1922/319/109
f 1893/318/109 1892/306/109 1920/306/109 1921/318/109
f 1846/311/110 1899/310/110 1913/310/110 1850/311/110
f 1899/310/110 1900/327/110 1914/327/110 1913/310/110
f 1900/327/110 1901/337/110 1915/329/110 1914/327/110
f 1901/337/110 1902/331/110 1916/331/110 1915/329/110
f 1902/331/110 1903/332/110 1917/332/110 1916/331/110
f 1903/332/110 1904/333/110 1918/333/110 1917/332/110
f 1904/333/110 1905/307/110 1919/312/110 1918/333/110
f 1848/293/112 1906/292/112 1920/306/112 1852/293/112
f 1906/292/112 1907/318/112 1921/318/112 1920/306/112
f 1907/318/112 1908/319/112 1922/319/112 1921/318/112
f 1908/319/112 1909/322/112 1923/322/112 1922/319/112
f 1909/322/112 1910/338/112 1924/324/112 1923/322/112
f 1910/338/112 1911/334/112 1925/334/112 1924/324/112
f 1911/334/112 1912/308/112 1926/308/112 1925/334/112
f 1843/296/109 1891/307/109 1919/312/109 1851/296/109
f 1891/307/109 1890/333/109 1918/333/109 1919/312/109
f 1890/333/109 1889/339/109 1917/332/109 1918/333/109
f 1889/339/109 1888/331/109 1916/331/109 1917/332/109
f 1888/331/109 1887/329/109 1915/329/109 1916/331/109
f 1887/329/109 1886/327/109 1914/327/109 1915/329/109
f 1886/327/109 1885/310/109 1913/310/109 1914/327/109
f 2180/293/108 2197/306/108 1906/292/108 1848/293/108
f 2197/306/108 2198/340/108 1907/318/108 1906/292/108
f 2198/340/108 2199/319/108 1908/319/108 1907/318/108
f 2199/319/108 2200/322/108 1909/322/108 1908/319/108
f 2200/322/108 2201/324/108 1910/338/108 1909/322/108
f 2201/324/108 2202/341/108 1911/334/108 1910/338/108
f 2202/341/108 2181/308/108 1912/308/108 1911/334/108
f 2176/311/108 2191/310/108 1899/310/108 1846/311/108
f 2191/310/108 2192/328/108 1900/327/108 1899/310/108
f 2192/328/108 2193/329/108 1901/337/108 1900/327/108
f 2193/329/108 2194/331/108 1902/331/108 1901/337/108
f 2194/331/108 2195/332/108 1903/332/108 1902/331/108
f 2195/332/108 2196/342/108 1904/333/108 1903/332/108
f 2196/342/108 2177/307/108 1905/307/108 1904/333/108
f 1977/315/109 2057/343/109 1898/308/109 1841/309/109
f 2057/343/109 2066/344/109 1897/325/109 1898/308/109
f 2066/344/109 2075/345/109 1896/335/109 1897/325/109
f 2075/345/109 2084/346/109 1895/322/109 1896/335/109
f 2084/346/109 2093/347/109 1894/336/109 1895/322/109
f 2093/347/109 2102/348/109 1893/318/109 1894/336/109
f 2102/348/109 2111/304/109 1892/306/109 1893/318/109
f 2290/299/113 2287/299/113 2432/299/113 2433/299/113
f 2365/349/108 2366/350/108 2509/350/108 2510/349/108
f 2287/299/109 2288/302/109 2431/302/109 2432/299/109
f 2364/351/110 2365/349/110 2510/349/110 2507/351/110
f 2313/352/108 2314/353/108 2457/353/108 2458/352/108
f 2366/350/112 2363/354/112 2508/354/112 2509/350/112
f 2312/355/113 2313/352/113 2458/352/113 2455/355/113
f 2261/356/108 2262/357/108 2405/357/108 2406/356/108
f 2363/354/109 2364/351/109 2507/351/109 2508/354/109
f 2314/353/111 2311/358/111 2456/358/111 2457/353/111
f 2260/356/111 2261/356/111 2406/356/111 2403/356/111
f 2389/359/108 2390/360/108 2533/360/108 2534/359/108
f 2311/358/109 2312/355/109 2455/355/109 2456/358/109
f 2262/357/113 2259/361/113 2404/361/113 2405/357/113
f 1941/316/108 1835/309/108 1870/317/108 2112/362/108
f 2112/362/108 1870/317/108 1869/325/108 2121/363/108
f 2121/363/108 1869/325/108 1868/323/108 2130/364/108
f 2130/364/108 1868/323/108 1867/321/108 2139/365/108
f 2139/365/108 1867/321/108 1866/319/108 2148/366/108
f 2148/366/108 1866/319/108 1865/318/108 2157/367/108
f 2157/367/108 1865/318/108 1864/292/108 2166/291/108
f 1862/333/108 2165/368/108 2174/369/108 1863/312/108
f 2165/368/108 2164/370/108 2173/371/108 2174/369/108
f 2164/370/108 2163/372/108 2172/373/108 2173/371/108
f 2163/372/108 2162/374/108 2171/375/108 2172/373/108
f 2162/374/108 2161/376/108 2170/377/108 2171/375/108
f 2161/376/108 2160/378/108 2169/379/108 2170/377/108
f 2160/378/108 2159/380/108 2168/381/108 2169/379/108
f 2159/380/108 2158/382/108 2167/383/108 2168/381/108
f 2158/382/108 2157/367/108 2166/291/108 2167/383/108
f 1861/332/108 2156/384/108 2165/368/108 1862/333/108
f 2156/384/108 2155/385/108 2164/370/108 2165/368/108
f 2155/385/108 2154/386/108 2163/372/108 2164/370/108
f 2154/386/108 2153/387/108 2162/374/108 2163/372/108
f 2153/387/108 2152/388/108 2161/376/108 2162/374/108
f 2152/388/108 2151/389/108 2160/378/108 2161/376/108
f 2151/389/108 2150/390/108 2159/380/108 2160/378/108
f 2150/390/108 2149/391/108 2158/382/108 2159/380/108
f 2149/391/108 2148/366/108 2157/367/108 2158/382/108
f 1860/331/108 2147/392/108 2156/384/108 1861/332/108
f 2147/392/108 2146/393/108 2155/385/108 2156/384/108
f 2146/393/108 2145/394/108 2154/386/108 2155/385/108
f 2145/394/108 2144/395/108 2153/387/108 2154/386/108
f 2144/395/108 2143/396/108 2152/388/108 2153/387/108
f 2143/396/108 2142/397/108 2151/389/108 2152/388/108
f 2142/397/108 2141/398/108 2150/390/108 2151/389/108
f 2141/398/108 2140/399/108 2149/391/108 2150/390/108
f 2140/399/108 2139/365/108 2148/366/108 2149/391/108
f 1859/329/108 2138/400/108 2147/392/108 1860/331/108
f 2138/400/108 2137/401/108 2146/393/108 2147/392/108
f 2137/401/108 2136/402/108 2145/394/108 2146/393/108
f 2136/402/108 2135/403/108 2144/395/108 2145/394/108
f 2135/403/108 2134/404/108 2143/396/108 2144/395/108
f 2134/404/108 2133/405/108 2142/397/108 2143/396/108
f 2133/405/108 2132/406/108 2141/398/108 2142/397/108
f 2132/406/108 2131/407/108 2140/399/108 2141/398/108
f 2131/407/108 2130/364/108 2139/365/108 2140/399/108
f 1858/327/108 2129/408/108 2138/400/108 1859/329/108
f 2129/408/108 2128/409/108 2137/401/108 2138/400/108
f 2128/409/108 2127/410/108 2136/402/108 2137/401/108
f 2127/410/108 2126/411/108 2135/403/108 2136/402/108
f 2126/411/108 2125/412/108 2134/404/108 2135/403/108
f 2125/412/108 2124/413/108 2133/405/108 2134/404/108
f 2124/413/108 2123/414/108 2132/406/108 2133/405/108
f 2123/414/108 2122/415/108 2131/407/108 2132/406/108
f 2122/415/108 2121/363/108 2130/364/108 2131/407/108
f 1857/310/108 2120/416/108 2129/408/108 1858/327/108
f 2120/416/108 2119/417/108 2128/409/108 2129/408/108
f 2119/417/108 2118/418/108 2127/410/108 2128/409/108
f 2118/418/108 2117/419/108 2126/411/108 2127/410/108
f 2117/419/108 2116/420/108 2125/412/108 2126/411/108
f 2116/420/108 2115/421/108 2124/413/108 2125/412/108
f 2115/421/108 2114/422/108 2123/414/108 2124/413/108
f 2114/422/108 2113/423/108 2122/415/108 2123/414/108
f 2113/423/108 2112/362/108 2121/363/108 2122/415/108
f 1833/311/108 1949/314/108 2120/416/108 1857/310/108
f 1949/314/108 1948/424/108 2119/417/108 2120/416/108
f 1948/424/108 1947/425/108 2118/418/108 2119/417/108
f 1947/425/108 1946/426/108 2117/419/108 2118/418/108
f 1946/426/108 1945/427/108 2116/420/108 2117/419/108
f 1945/427/108 1944/428/108 2115/421/108 2116/420/108
f 1944/428/108 1943/429/108 2114/422/108 2115/421/108
f 1943/429/108 1942/430/108 2113/423/108 2114/422/108
f 1942/430/108 1941/316/108 2112/362/108 2113/423/108
f 1890/333/109 1891/307/109 2103/369/109 2094/431/109
f 2094/431/109 2103/369/109 2104/371/109 2095/432/109
f 2095/432/109 2104/371/109 2105/433/109 2096/434/109
f 2096/434/109 2105/433/109 2106/435/109 2097/436/109
f 2097/436/109 2106/435/109 2107/437/109 2098/376/109
f 2098/376/109 2107/437/109 2108/379/109 2099/438/109
f 2099/438/109 2108/379/109 2109/381/109 2100/439/109
f 2100/439/109 2109/381/109 2110/440/109 2101/441/109
f 2101/441/109 2110/440/109 2111/304/109 2102/348/109
f 1889/339/109 1890/333/109 2094/431/109 2085/442/109
f 2085/442/109 2094/431/109 2095/432/109 2086/443/109
f 2086/443/109 2095/432/109 2096/434/109 2087/444/109
f 2087/444/109 2096/434/109 2097/436/109 2088/445/109
f 2088/445/109 2097/436/109 2098/376/109 2089/446/109
f 2089/446/109 2098/376/109 2099/438/109 2090/447/109
f 2090/447/109 2099/438/109 2100/439/109 2091/448/109
f 2091/448/109 2100/439/109 2101/441/109 2092/449/109
f 2092/449/109 2101/441/109 2102/348/109 2093/347/109
f 1888/331/109 1889/339/109 2085/442/109 2076/450/109
f 2076/450/109 2085/442/109 2086/443/109 2077/451/109
f 2077/451/109 2086/443/109 2087/444/109 2078/452/109
f 2078/452/109 2087/444/109 2088/445/109 2079/453/109
f 2079/453/109 2088/445/109 2089/446/109 2080/454/109
f 2080/454/109 2089/446/109 2090/447/109 2081/455/109
f 2081/455/109 2090/447/109 2091/448/109 2082/456/109
f 2082/456/109 2091/448/109 2092/449/109 2083/457/109
f 2083/457/109 2092/449/109 2093/347/109 2084/346/109
f 1887/329/109 1888/331/109 2076/450/109 2067/458/109
f 2067/458/109 2076/450/109 2077/451/109 2068/459/109
f 2068/459/109 2077/451/109 2078/452/109 2069/460/109
f 2069/460/109 2078/452/109 2079/453/109 2070/461/109
f 2070/461/109 2079/453/109 2080/454/109 2071/462/109
f 2071/462/109 2080/454/109 2081/455/109 2072/463/109
f 2072/463/109 2081/455/109 2082/456/109 2073/464/109
f 2073/464/109 2082/456/109 2083/457/109 2074/465/109
f 2074/465/109 2083/457/109 2084/346/109 2075/345/109
f 1886/327/109 1887/329/109 2067/458/109 2058/408/109
f 2058/408/109 2067/458/109 2068/459/109 2059/466/109
f 2059/466/109 2068/459/109 2069/460/109 2060/410/109
f 2060/410/109 2069/460/109 2070/461/109 2061/467/109
f 2061/467/109 2070/461/109 2071/462/109 2062/412/109
f 2062/412/109 2071/462/109 2072/463/109 2063/413/109
f 2063/413/109 2072/463/109 2073/464/109 2064/468/109
f 2064/468/109 2073/464/109 2074/465/109 2065/469/109
f 2065/469/109 2074/465/109 2075/345/109 2066/344/109
f 1885/310/109 1886/327/109 2058/408/109 2049/470/109
f 2049/470/109 2058/408/109 2059/466/109 2050/471/109
f 2050/471/109 2059/466/109 2060/410/109 2051/472/109
f 2051/472/109 2060/410/109 2061/467/109 2052/473/109
f 2052/473/109 2061/467/109 2062/412/109 2053/474/109
f 2053/474/109 2062/412/109 2063/413/109 2054/475/109
f 2054/475/109 2063/413/109 2064/468/109 2055/476/109
f 2055/476/109 2064/468/109 2065/469/109 2056/477/109
f 2056/477/109 2065/469/109 2066/344/109 2057/343/109
f 1842/311/109 1885/310/109 2049/470/109 1985/314/109
f 1985/314/109 2049/470/109 2050/471/109 1984/424/109
f 1984/424/109 2050/471/109 2051/472/109 1983/425/109
f 1983/425/109 2051/472/109 2052/473/109 1982/426/109
f 1982/426/109 2052/473/109 2053/474/109 1981/478/109
f 1981/478/109 2053/474/109 2054/475/109 1980/428/109
f 1980/428/109 2054/475/109 2055/476/109 1979/479/109
f 1979/479/109 2055/476/109 2056/477/109 1978/430/109
f 1978/430/109 2056/477/109 2057/343/109 1977/315/109
f 1834/296/113 1950/295/113 2189/295/113 2190/296/113
f 1950/295/113 1951/480/113 2246/480/113 2189/295/113
f 1951/480/113 1952/481/113 2245/481/113 2246/480/113
f 1952/481/113 1953/482/113 2244/483/113 2245/481/113
f 1953/482/113 1954/484/113 2243/485/113 2244/483/113
f 1954/484/113 1955/486/113 2242/486/113 2243/485/113
f 1955/486/113 1956/487/113 2241/488/113 2242/486/113
f 1956/487/113 1957/489/113 2240/489/113 2241/488/113
f 1957/489/113 1958/294/113 2239/294/113 2240/489/113
f 1835/309/111 1941/316/111 2187/316/111 2188/309/111
f 1941/316/111 1942/430/111 2238/430/111 2187/316/111
f 1942/430/111 1943/429/111 2237/429/111 2238/430/111
f 1943/429/111 1944/428/111 2236/428/111 2237/429/111
f 1944/428/111 1945/427/111 2235/427/111 2236/428/111
f 1945/427/111 1946/426/111 2234/490/111 2235/427/111
f 1946/426/111 1947/425/111 2233/425/111 2234/490/111
f 1947/425/111 1948/424/111 2232/424/111 2233/425/111
f 1948/424/111 1949/314/111 2231/314/111 2232/424/111
f 2182/309/108 2215/315/108 1995/316/108 1845/309/108
f 2215/315/108 2216/430/108 1996/491/108 1995/316/108
f 2216/430/108 2217/429/108 1997/429/108 1996/491/108
f 2217/429/108 2218/428/108 1998/428/108 1997/429/108
f 2218/428/108 2219/492/108 1999/427/108 1998/428/108
f 2219/492/108 2220/493/108 2000/493/108 1999/427/108
f 2220/493/108 2221/425/108 2001/425/108 2000/493/108
f 2221/425/108 2222/424/108 2002/424/108 2001/425/108
f 2222/424/108 2175/314/108 2003/314/108 2002/424/108
f 2178/296/108 2223/295/108 2004/297/108 1847/296/108
f 2223/295/108 2224/480/108 2005/494/108 2004/297/108
f 2224/480/108 2225/495/108 2006/481/108 2005/494/108
f 2225/495/108 2226/496/108 2007/497/108 2006/481/108
f 2226/496/108 2227/498/108 2008/485/108 2007/497/108
f 2227/498/108 2228/499/108 2009/500/108 2008/485/108
f 2228/499/108 2229/501/108 2010/502/108 2009/500/108
f 2229/501/108 2230/489/108 2011/489/108 2010/502/108
f 2230/489/108 2179/294/108 2012/313/108 2011/489/108
f 1842/311/109 1985/314/109 2021/314/109 1850/311/109
f 1985/314/109 1984/424/109 2020/424/109 2021/314/109
f 1984/424/109 1983/425/109 2019/425/109 2020/424/109
f 1983/425/109 1982/426/109 2018/426/109 2019/425/109
f 1982/426/109 1981/478/109 2017/427/109 2018/426/109
f 1981/478/109 1980/428/109 2016/428/109 2017/427/109
f 1980/428/109 1979/479/109 2015/429/109 2016/428/109
f 1979/479/109 1978/430/109 2014/430/109 2015/429/109
f 1978/430/109 1977/315/109 2013/316/109 2014/430/109
f 1845/309/111 1995/316/111 2013/316/111 1849/309/111
f 1995/316/111 1996/491/111 2014/430/111 2013/316/111
f 1996/491/111 1997/429/111 2015/429/111 2014/430/111
f 1997/429/111 1998/428/111 2016/428/111 2015/429/111
f 1998/428/111 1999/427/111 2017/427/111 2016/428/111
f 1999/427/111 2000/493/111 2018/426/111 2017/427/111
f 2000/493/111 2001/425/111 2019/425/111 2018/426/111
f 2001/425/111 2002/424/111 2020/424/111 2019/425/111
f 2002/424/111 2003/314/111 2021/314/111 2020/424/111
f 1847/296/113 2004/297/113 2022/297/113 1851/296/113
f 2004/297/113 2005/494/113 2023/503/113 2022/297/113
f 2005/494/113 2006/481/113 2024/481/113 2023/503/113
f 2006/481/113 2007/497/113 2025/504/113 2024/481/113
f 2007/497/113 2008/485/113 2026/485/113 2025/504/113
f 2008/485/113 2009/500/113 2027/500/113 2026/485/113
f 2009/500/113 2010/502/113 2028/502/113 2027/500/113
f 2010/502/113 2011/489/113 2029/489/113 2028/502/113
f 2011/489/113 2012/313/113 2030/313/113 2029/489/113
f 1891/307/109 1843/296/109 1986/295/109 2103/369/109
f 2103/369/109 1986/295/109 1987/480/109 2104/371/109
f 2104/371/109 1987/480/109 1988/481/109 2105/433/109
f 2105/433/109 1988/481/109 1989/505/109 2106/435/109
f 2106/435/109 1989/505/109 1990/485/109 2107/437/109
f 2107/437/109 1990/485/109 1991/500/109 2108/379/109
f 2108/379/109 1991/500/109 1992/487/109 2109/381/109
f 2109/381/109 1992/487/109 1993/489/109 2110/440/109
f 2110/440/109 1993/489/109 1994/305/109 2111/304/109
f 2388/359/110 2389/359/110 2534/359/110 2531/359/110
f 2337/506/108 2338/507/108 2481/507/108 2482/506/108
f 2259/361/109 2260/356/109 2403/356/109 2404/361/109
f 2390/360/112 2387/508/112 2532/508/112 2533/360/112
f 2336/506/112 2337/506/112 2482/506/112 2479/506/112
f 2285/509/108 2286/510/108 2429/510/108 2430/509/108
f 2387/508/109 2388/359/109 2531/359/109 2532/508/109
f 2338/507/110 2335/507/110 2480/507/110 2481/507/110
f 2284/509/111 2285/509/111 2430/509/111 2427/509/111
f 2335/507/109 2336/506/109 2479/506/109 2480/507/109
f 2286/510/113 2283/511/113 2428/511/113 2429/510/113
f 2361/512/108 2362/513/108 2505/513/108 2506/512/108
f 2283/511/109 2284/509/109 2427/509/109 2428/511/109
f 2360/512/110 2361/512/110 2506/512/110 2503/512/110
f 2309/514/108 2310/515/108 2453/515/108 2454/514/108
f 2362/513/112 2359/513/112 2504/513/112 2505/513/112
f 2308/516/113 2309/514/113 2454/514/113 2451/516/113
f 2257/517/108 2258/518/108 2401/518/108 2402/517/108
f 1844/293/109 1994/305/109 2030/313/109 1852/293/109
f 1994/305/109 1993/489/109 2029/489/109 2030/313/109
f 1993/489/109 1992/487/109 2028/502/109 2029/489/109
f 1992/487/109 1991/500/109 2027/500/109 2028/502/109
f 1991/500/109 1990/485/109 2026/485/109 2027/500/109
f 1990/485/109 1989/505/109 2025/504/109 2026/485/109
f 1989/505/109 1988/481/109 2024/481/109 2025/504/109
f 1988/481/109 1987/480/109 2023/503/109 2024/481/109
f 1987/480/109 1986/295/109 2022/297/109 2023/503/109
f 1863/312/108 2174/369/108 1950/295/108 1834/296/108
f 2174/369/108 2173/371/108 1951/480/108 1950/295/108
f 2173/371/108 2172/373/108 1952/481/108 1951/480/108
f 2172/373/108 2171/375/108 1953/482/108 1952/481/108
f 2171/375/108 2170/377/108 1954/484/108 1953/482/108
f 2170/377/108 2169/379/108 1955/486/108 1954/484/108
f 2169/379/108 2168/381/108 1956/487/108 1955/486/108
f 2168/381/108 2167/383/108 1957/489/108 1956/487/108
f 2167/383/108 2166/291/108 1958/294/108 1957/489/108
f 1967/314/111 1838/311/111 2176/311/111 2175/314/111
f 1877/312/110 1839/296/110 2178/296/110 2177/307/110
f 1976/294/113 1840/293/113 2180/293/113 2179/294/113
f 1884/308/112 1837/309/112 2182/309/112 2181/308/112
f 1933/326/110 2184/311/110 1855/311/110 2183/326/110
f 1940/292/112 2186/293/112 1853/293/112 2185/292/112
f 2039/316/111 1856/309/111 2188/309/111 2187/316/111
f 2048/295/113 1854/296/113 2190/296/113 2189/295/113
f 1838/311/110 1871/310/110 2191/310/110 2176/311/110
f 1871/310/110 1872/328/110 2192/328/110 2191/310/110
f 1872/328/110 1873/329/110 2193/329/110 2192/328/110
f 1873/329/110 1874/331/110 2194/331/110 2193/329/110
f 1874/331/110 1875/332/110 2195/332/110 2194/331/110
f 1875/332/110 1876/519/110 2196/342/110 2195/332/110
f 1876/519/110 1877/312/110 2177/307/110 2196/342/110
f 1840/293/112 1878/306/112 2197/306/112 2180/293/112
f 1878/306/112 1879/340/112 2198/340/112 2197/306/112
f 1879/340/112 1880/319/112 2199/319/112 2198/340/112
f 1880/319/112 1881/322/112 2200/322/112 2199/319/112
f 1881/322/112 1882/324/112 2201/324/112 2200/322/112
f 1882/324/112 1883/341/112 2202/341/112 2201/324/112
f 1883/341/112 1884/308/112 2181/308/112 2202/341/112
f 1854/296/110 1927/312/110 2203/312/110 2190/296/110
f 1927/312/110 1928/342/110 2204/333/110 2203/312/110
f 1928/342/110 1929/332/110 2205/332/110 2204/333/110
f 1929/332/110 1930/331/110 2206/331/110 2205/332/110
f 1930/331/110 1931/330/110 2207/330/110 2206/331/110
f 1931/330/110 1932/328/110 2208/328/110 2207/330/110
f 1932/328/110 1933/326/110 2183/326/110 2208/328/110
f 1856/309/112 1934/308/112 2209/308/112 2188/309/112
f 1934/308/112 1935/325/112 2210/325/112 2209/308/112
f 1935/325/112 1936/324/112 2211/324/112 2210/325/112
f 1936/324/112 1937/322/112 2212/322/112 2211/324/112
f 1937/322/112 1938/320/112 2213/320/112 2212/322/112
f 1938/320/112 1939/318/112 2214/318/112 2213/320/112
f 1939/318/112 1940/292/112 2185/292/112 2214/318/112
f 1837/309/111 1959/315/111 2215/315/111 2182/309/111
f 1959/315/111 1960/430/111 2216/430/111 2215/315/111
f 1960/430/111 1961/429/111 2217/429/111 2216/430/111
f 1961/429/111 1962/428/111 2218/428/111 2217/429/111
f 1962/428/111 1963/492/111 2219/492/111 2218/428/111
f 1963/492/111 1964/520/111 2220/493/111 2219/492/111
f 1964/520/111 1965/425/111 2221/425/111 2220/493/111
f 1965/425/111 1966/424/111 2222/424/111 2221/425/111
f 1966/424/111 1967/314/111 2175/314/111 2222/424/111
f 1839/296/113 1968/295/113 2223/295/113 2178/296/113
f 1968/295/113 1969/480/113 2224/480/113 2223/295/113
f 1969/480/113 1970/495/113 2225/495/113 2224/480/113
f 1970/495/113 1971/505/113 2226/496/113 2225/495/113
f 1971/505/113 1972/498/113 2227/498/113 2226/496/113
f 1972/498/113 1973/499/113 2228/499/113 2227/498/113
f 1973/499/113 1974/501/113 2229/501/113 2228/499/113
f 1974/501/113 1975/489/113 2230/489/113 2229/501/113
f 1975/489/113 1976/294/113 2179/294/113 2230/489/113
f 2184/311/111 2031/314/111 2231/314/111 1855/311/111
f 2031/314/111 2032/521/111 2232/424/111 2231/314/111
f 2032/521/111 2033/425/111 2233/425/111 2232/424/111
f 2033/425/111 2034/490/111 2234/490/111 2233/425/111
f 2034/490/111 2035/427/111 2235/427/111 2234/490/111
f 2035/427/111 2036/428/111 2236/428/111 2235/427/111
f 2036/428/111 2037/429/111 2237/429/111 2236/428/111
f 2037/429/111 2038/430/111 2238/430/111 2237/429/111
f 2038/430/111 2039/316/111 2187/316/111 2238/430/111
f 2186/293/113 2040/294/113 2239/294/113 1853/293/113
f 2040/294/113 2041/522/113 2240/489/113 2239/294/113
f 2041/522/113 2042/523/113 2241/488/113 2240/489/113
f 2042/523/113 2043/499/113 2242/486/113 2241/488/113
f 2043/499/113 2044/485/113 2243/485/113 2242/486/113
f 2044/485/113 2045/483/113 2244/483/113 2243/485/113
f 2045/483/113 2046/524/113 2245/481/113 2244/483/113
f 2046/524/113 2047/480/113 2246/480/113 2245/481/113
f 2047/480/113 2048/295/113 2189/295/113 2246/480/113
f 2040/294/113 2186/293/113 2248/525/113 2247/526/113
f 2186/293/113 1840/293/113 2249/527/113 2248/525/113
f 1840/293/113 1976/294/113 2250/526/113 2249/527/113
f 1976/294/113 2040/294/113 2247/526/113 2250/526/113
f 2031/314/111 2184/311/111 2252/528/111 2251/529/111
f 2184/311/111 1838/311/111 2253/530/111 2252/528/111
f 1838/311/111 1967/314/111 2254/529/111 2253/530/111
f 1967/314/111 2031/314/111 2251/529/111 2254/529/111
f 1934/308/112 1856/309/112 2256/531/112 2255/532/112
f 1856/309/112 1837/309/112 2257/517/112 2256/531/112
f 1837/309/112 1884/308/112 2258/518/112 2257/517/112
f 1884/308/112 1934/308/112 2255/532/112 2258/518/112
f 1927/312/110 1854/296/110 2260/356/110 2259/361/110
f 1854/296/110 1839/296/110 2261/356/110 2260/356/110
f 1839/296/110 1877/312/110 2262/357/110 2261/356/110
f 1877/312/110 1927/312/110 2259/361/110 2262/357/110
f 2184/311/110 1933/326/110 2264/533/110 2263/534/110
f 1933/326/110 1871/310/110 2265/533/110 2264/533/110
f 1871/310/110 1838/311/110 2266/535/110 2265/533/110
f 1838/311/110 2184/311/110 2263/534/110 2266/535/110
f 1933/326/110 1932/328/110 2268/536/110 2267/537/110
f 1932/328/110 1872/328/110 2269/536/110 2268/536/110
f 1872/328/110 1871/310/110 2270/538/110 2269/536/110
f 1871/310/110 1933/326/110 2267/537/110 2270/538/110
f 1932/328/110 1931/330/110 2272/539/110 2271/540/110
f 1931/330/110 1873/329/110 2273/541/110 2272/539/110
f 1873/329/110 1872/328/110 2274/540/110 2273/541/110
f 1872/328/110 1932/328/110 2271/540/110 2274/540/110
f 1931/330/110 1930/331/110 2276/542/110 2275/543/110
f 1930/331/110 1874/331/110 2277/544/110 2276/542/110
f 1874/331/110 1873/329/110 2278/545/110 2277/544/110
f 1873/329/110 1931/330/110 2275/543/110 2278/545/110
f 1930/331/110 1929/332/110 2280/546/110 2279/547/110
f 1929/332/110 1875/332/110 2281/548/110 2280/546/110
f 1875/332/110 1874/331/110 2282/549/110 2281/548/110
f 1874/331/110 1930/331/110 2279/547/110 2282/549/110
f 1929/332/110 1928/342/110 2284/509/110 2283/511/110
f 1928/342/110 1876/519/110 2285/509/110 2284/509/110
f 1876/519/110 1875/332/110 2286/510/110 2285/509/110
f 1875/332/110 1929/332/110 2283/511/110 2286/510/110
f 1928/342/110 1927/312/110 2288/302/110 2287/299/110
f 1927/312/110 1877/312/110 2289/298/110 2288/302/110
f 1877/312/110 1876/519/110 2290/299/110 2289/298/110
f 1876/519/110 1928/342/110 2287/299/110 2290/299/110
f 2186/293/112 1940/292/112 2292/550/112 2291/551/112
f 1940/292/112 1878/306/112 2293/550/112 2292/550/112
f 1878/306/112 1840/293/112 2294/552/112 2293/550/112
f 1840/293/112 2186/293/112 2291/551/112 2294/552/112
f 1940/292/112 1939/318/112 2296/553/112 2295/554/112
f 1939/318/112 1879/340/112 2297/555/112 2296/553/112
f 1879/340/112 1878/306/112 2298/556/112 2297/555/112
f 1878/306/112 1940/292/112 2295/554/112 2298/556/112
f 1939/318/112 1938/320/112 2300/557/112 2299/558/112
f 1938/320/112 1880/319/112 2301/559/112 2300/557/112
f 1880/319/112 1879/340/112 2302/560/112 2301/559/112
f 1879/340/112 1939/318/112 2299/558/112 2302/560/112
f 1938/320/112 1937/322/112 2304/561/112 2303/562/112
f 1937/322/112 1881/322/112 2305/563/112 2304/561/112
f 1881/322/112 1880/319/112 2306/564/112 2305/563/112
f 1880/319/112 1938/320/112 2303/562/112 2306/564/112
f 1937/322/112 1936/324/112 2308/516/112 2307/565/112
f 1936/324/112 1882/324/112 2309/514/112 2308/516/112
f 1882/324/112 1881/322/112 2310/515/112 2309/514/112
f 1881/322/112 1937/322/112 2307/565/112 2310/515/112
f 1936/324/112 1935/325/112 2312/355/112 2311/358/112
f 1935/325/112 1883/341/112 2313/352/112 2312/355/112
f 1883/341/112 1882/324/112 2314/353/112 2313/352/112
f 1882/324/112 1936/324/112 2311/358/112 2314/353/112
f 1935/325/112 1934/308/112 2316/566/112 2315/567/112
f 1934/308/112 1884/308/112 2317/568/112 2316/566/112
f 1884/308/112 1883/341/112 2318/569/112 2317/568/112
f 1883/341/112 1935/325/112 2315/567/112 2318/569/112
f 1856/309/111 2039/316/111 2320/570/111 2319/571/111
f 2039/316/111 1959/315/111 2321/572/111 2320/570/111
f 1959/315/111 1837/309/111 2322/571/111 2321/572/111
f 1837/309/111 1856/309/111 2319/571/111 2322/571/111
f 2039/316/111 2038/430/111 2324/573/111 2323/574/111
f 2038/430/111 1960/430/111 2325/575/111 2324/573/111
f 1960/430/111 1959/315/111 2326/576/111 2325/575/111
f 1959/315/111 2039/316/111 2323/574/111 2326/576/111
f 2038/430/111 2037/429/111 2328/577/111 2327/578/111
f 2037/429/111 1961/429/111 2329/579/111 2328/577/111
f 1961/429/111 1960/430/111 2330/578/111 2329/579/111
f 1960/430/111 2038/430/111 2327/578/111 2330/578/111
f 2037/429/111 2036/428/111 2332/580/111 2331/581/111
f 2036/428/111 1962/428/111 2333/582/111 2332/580/111
f 1962/428/111 1961/429/111 2334/581/111 2333/582/111
f 1961/429/111 2037/429/111 2331/581/111 2334/581/111
f 2036/428/111 2035/427/111 2336/506/111 2335/507/111
f 2035/427/111 1963/492/111 2337/506/111 2336/506/111
f 1963/492/111 1962/428/111 2338/507/111 2337/506/111
f 1962/428/111 2036/428/111 2335/507/111 2338/507/111
f 2035/427/111 2034/490/111 2340/303/111 2339/301/111
f 2034/490/111 1964/520/111 2341/583/111 2340/303/111
f 1964/520/111 1963/492/111 2342/300/111 2341/583/111
f 1963/492/111 2035/427/111 2339/301/111 2342/300/111
f 2034/490/111 2033/425/111 2344/584/111 2343/585/111
f 2033/425/111 1965/425/111 2345/586/111 2344/584/111
f 1965/425/111 1964/520/111 2346/585/111 2345/586/111
f 1964/520/111 2034/490/111 2343/585/111 2346/585/111
f 2033/425/111 2032/521/111 2348/587/111 2347/588/111
f 2032/521/111 1966/424/111 2349/589/111 2348/587/111
f 1966/424/111 1965/425/111 2350/590/111 2349/589/111
f 1965/425/111 2033/425/111 2347/588/111 2350/590/111
f 2032/521/111 2031/314/111 2352/591/111 2351/592/111
f 2031/314/111 1967/314/111 2353/591/111 2352/591/111
f 1967/314/111 1966/424/111 2354/592/111 2353/591/111
f 1966/424/111 2032/521/111 2351/592/111 2354/592/111
f 1854/296/113 2048/295/113 2356/593/113 2355/594/113
f 2048/295/113 1968/295/113 2357/593/113 2356/593/113
f 1968/295/113 1839/296/113 2358/594/113 2357/593/113
f 1839/296/113 1854/296/113 2355/594/113 2358/594/113
f 2048/295/113 2047/480/113 2360/512/113 2359/513/113
f 2047/480/113 1969/480/113 2361/512/113 2360/512/113
f 1969/480/113 1968/295/113 2362/513/113 2361/512/113
f 1968/295/113 2048/295/113 2359/513/113 2362/513/113
f 2047/480/113 2046/524/113 2364/351/113 2363/354/113
f 2046/524/113 1970/495/113 2365/349/113 2364/351/113
f 1970/495/113 1969/480/113 2366/350/113 2365/349/113
f 1969/480/113 2047/480/113 2363/354/113 2366/350/113
f 2046/524/113 2045/483/113 2368/595/113 2367/596/113
f 2045/483/113 1971/505/113 2369/595/113 2368/595/113
f 1971/505/113 1970/495/113 2370/596/113 2369/595/113
f 1970/495/113 2046/524/113 2367/596/113 2370/596/113
f 2045/483/113 2044/485/113 2372/597/113 2371/598/113
f 2044/485/113 1972/498/113 2373/599/113 2372/597/113
f 1972/498/113 1971/505/113 2374/598/113 2373/599/113
f 1971/505/113 2045/483/113 2371/598/113 2374/598/113
f 2044/485/113 2043/499/113 2376/600/113 2375/601/113
f 2043/499/113 1973/499/113 2377/602/113 2376/600/113
f 1973/499/113 1972/498/113 2378/603/113 2377/602/113
f 1972/498/113 2044/485/113 2375/601/113 2378/603/113
f 2043/499/113 2042/523/113 2380/604/113 2379/605/113
f 2042/523/113 1974/501/113 2381/604/113 2380/604/113
f 1974/501/113 1973/499/113 2382/606/113 2381/604/113
f 1973/499/113 2043/499/113 2379/605/113 2382/606/113
f 2042/523/113 2041/522/113 2384/607/113 2383/608/113
f 2041/522/113 1975/489/113 2385/609/113 2384/607/113
f 1975/489/113 1974/501/113 2386/610/113 2385/609/113
f 1974/501/113 2042/523/113 2383/608/113 2386/610/113
f 2041/522/113 2040/294/113 2388/359/113 2387/508/113
f 2040/294/113 1976/294/113 2389/359/113 2388/359/113
f 1976/294/113 1975/489/113 2390/360/113 2389/359/113
f 1975/489/113 2041/522/113 2387/508/113 2390/360/113
f 2412/537/110 2411/536/110 2414/536/110 2413/538/110
f 2420/543/110 2419/542/110 2422/544/110 2421/545/110
f 2428/511/110 2427/509/110 2430/509/110 2429/510/110
f 2444/558/112 2443/557/112 2446/559/112 2445/560/112
f 2452/565/112 2451/516/112 2454/514/112 2453/515/112
f 2460/567/112 2459/566/112 2462/568/112 2461/569/112
f 2468/574/111 2467/573/111 2470/575/111 2469/576/111
f 2480/507/111 2479/506/111 2482/506/111 2481/507/111
f 2492/588/111 2491/587/111 2494/589/111 2493/590/111
f 2504/513/113 2503/512/113 2506/512/113 2505/513/113
f 2516/598/113 2515/597/113 2518/599/113 2517/598/113
f 2524/605/113 2523/604/113 2526/604/113 2525/606/113
f 2532/508/113 2531/359/113 2534/359/113 2533/360/113
f 2340/303/112 2341/583/112 2486/583/112 2483/303/112
f 2263/534/109 2264/533/109 2407/533/109 2408/534/109
f 2341/583/108 2342/300/108 2485/300/108 2486/583/108
f 2266/535/113 2263/534/113 2408/534/113 2409/535/113
f 2315/567/109 2316/566/109 2459/566/109 2460/567/109
f 2264/533/111 2265/533/111 2410/533/111 2407/533/111
f 2318/569/111 2315/567/111 2460/567/111 2461/569/111
f 2367/596/109 2368/595/109 2511/595/109 2512/596/109
f 2265/533/108 2266/535/108 2409/535/108 2410/533/108
f 2316/566/113 2317/568/113 2462/568/113 2459/566/113
f 2370/596/112 2367/596/112 2512/596/112 2513/596/112
f 2317/568/108 2318/569/108 2461/569/108 2462/568/108
f 2368/595/110 2369/595/110 2514/595/110 2511/595/110
f 2291/551/109 2292/550/109 2435/550/109 2436/551/109
f 2369/595/108 2370/596/108 2513/596/108 2514/595/108
f 2294/552/111 2291/551/111 2436/551/111 2437/552/111
f 2343/585/109 2344/584/109 2487/584/109 2488/585/109
f 2292/550/113 2293/550/113 2438/550/113 2435/550/113
f 2346/585/110 2343/585/110 2488/585/110 2489/585/110
f 2293/550/108 2294/552/108 2437/552/108 2438/550/108
f 2344/584/112 2345/586/112 2490/586/112 2487/584/112
f 2267/537/109 2268/536/109 2411/536/109 2412/537/109
f 2345/586/108 2346/585/108 2489/585/108 2490/586/108
f 2270/538/113 2267/537/113 2412/537/113 2413/538/113
f 2319/571/109 2320/570/109 2463/570/109 2464/571/109
f 2268/536/111 2269/536/111 2414/536/111 2411/536/111
f 2322/571/110 2319/571/110 2464/571/110 2465/571/110
f 2371/598/109 2372/597/109 2515/597/109 2516/598/109
f 2269/536/108 2270/538/108 2413/538/108 2414/536/108
f 2320/570/112 2321/572/112 2466/572/112 2463/570/112
f 2374/598/112 2371/598/112 2516/598/112 2517/598/112
f 2321/572/108 2322/571/108 2465/571/108 2466/572/108
f 2372/597/110 2373/599/110 2518/599/110 2515/597/110
f 2295/554/109 2296/553/109 2439/553/109 2440/554/109
f 2373/599/108 2374/598/108 2517/598/108 2518/599/108
f 2298/556/111 2295/554/111 2440/554/111 2441/556/111
f 2347/588/109 2348/587/109 2491/587/109 2492/588/109
f 2296/553/113 2297/555/113 2442/555/113 2439/553/113
f 2350/590/110 2347/588/110 2492/588/110 2493/590/110
f 2297/555/108 2298/556/108 2441/556/108 2442/555/108
f 2348/587/112 2349/589/112 2494/589/112 2491/587/112
f 2271/540/109 2272/539/109 2415/539/109 2416/540/109
f 2349/589/108 2350/590/108 2493/590/108 2494/589/108
f 2274/540/113 2271/540/113 2416/540/113 2417/540/113
f 2323/574/109 2324/573/109 2467/573/109 2468/574/109
f 2272/539/111 2273/541/111 2418/541/111 2415/539/111
f 2326/576/110 2323/574/110 2468/574/110 2469/576/110
f 2375/601/109 2376/600/109 2519/600/109 2520/601/109
f 2273/541/108 2274/540/108 2417/540/108 2418/541/108
f 2324/573/112 2325/575/112 2470/575/112 2467/573/112
f 2378/603/112 2375/601/112 2520/601/112 2521/603/112
f 2247/526/109 2248/525/109 2391/525/109 2392/526/109
f 2325/575/108 2326/576/108 2469/576/108 2470/575/108
f 2376/600/110 2377/602/110 2522/602/110 2519/600/110
f 2250/526/112 2247/526/112 2392/526/112 2393/526/112
f 2299/558/109 2300/557/109 2443/557/109 2444/558/109
f 2377/602/108 2378/603/108 2521/603/108 2522/602/108
f 2248/525/110 2249/527/110 2394/527/110 2391/525/110
f 2302/560/111 2299/558/111 2444/558/111 2445/560/111
f 2351/592/109 2352/591/109 2495/591/109 2496/592/109
f 2249/527/108 2250/526/108 2393/526/108 2394/527/108
f 2300/557/113 2301/559/113 2446/559/113 2443/557/113
f 2354/592/110 2351/592/110 2496/592/110 2497/592/110
f 2301/559/108 2302/560/108 2445/560/108 2446/559/108
f 2352/591/112 2353/591/112 2498/591/112 2495/591/112
f 2275/543/109 2276/542/109 2419/542/109 2420/543/109
f 2353/591/108 2354/592/108 2497/592/108 2498/591/108
f 2278/545/113 2275/543/113 2420/543/113 2421/545/113
f 2327/578/109 2328/577/109 2471/577/109 2472/578/109
f 2276/542/111 2277/544/111 2422/544/111 2419/542/111
f 2330/578/110 2327/578/110 2472/578/110 2473/578/110
f 2379/605/109 2380/604/109 2523/604/109 2524/605/109
f 2277/544/108 2278/545/108 2421/545/108 2422/544/108
f 2328/577/112 2329/579/112 2474/579/112 2471/577/112
f 2382/606/112 2379/605/112 2524/605/112 2525/606/112
f 2251/529/109 2252/528/109 2395/528/109 2396/529/109
f 2329/579/108 2330/578/108 2473/578/108 2474/579/108
f 2380/604/110 2381/604/110 2526/604/110 2523/604/110
f 2254/529/110 2251/529/110 2396/529/110 2397/529/110
f 2303/562/109 2304/561/109 2447/561/109 2448/562/109
f 2381/604/108 2382/606/108 2525/606/108 2526/604/108
f 2252/528/112 2253/530/112 2398/530/112 2395/528/112
f 2306/564/111 2303/562/111 2448/562/111 2449/564/111
f 2355/594/109 2356/593/109 2499/593/109 2500/594/109
f 2253/530/108 2254/529/108 2397/529/108 2398/530/108
f 2304/561/113 2305/563/113 2450/563/113 2447/561/113
f 2358/594/112 2355/594/112 2500/594/112 2501/594/112
f 2305/563/108 2306/564/108 2449/564/108 2450/563/108
f 2356/593/110 2357/593/110 2502/593/110 2499/593/110
f 2279/547/109 2280/546/109 2423/546/109 2424/547/109
f 2357/593/108 2358/594/108 2501/594/108 2502/593/108
f 2282/549/113 2279/547/113 2424/547/113 2425/549/113
f 2331/581/109 2332/580/109 2475/580/109 2476/581/109
f 2280/546/111 2281/548/111 2426/548/111 2423/546/111
f 2334/581/110 2331/581/110 2476/581/110 2477/581/110
f 2383/608/109 2384/607/109 2527/607/109 2528/608/109
f 2281/548/108 2282/549/108 2425/549/108 2426/548/108
f 2332/580/112 2333/582/112 2478/582/112 2475/580/112
f 2386/610/112 2383/608/112 2528/608/112 2529/610/112
f 2255/532/109 2256/531/109 2399/531/109 2400/532/109
f 2333/582/108 2334/581/108 2477/581/108 2478/582/108
f 2384/607/110 2385/609/110 2530/609/110 2527/607/110
f 2258/518/111 2255/532/111 2400/532/111 2401/518/111
f 2307/565/109 2308/516/109 2451/516/109 2452/565/109
f 2385/609/108 2386/610/108 2529/610/108 2530/609/108
f 2256/531/113 2257/517/113 2402/517/113 2399/531/113
f 2310/515/111 2307/565/111 2452/565/111 2453/515/111
f 2359/513/109 2360/512/109 2503/512/109 2504/513/109
f 2868/291/108 2566/292/108 2538/293/108 2660/294/108
f 2688/295/109 2545/296/109 2553/296/109 2724/297/109
f 2991/298/108 2992/299/108 3135/299/108 3136/298/108
f 3044/300/110 3041/301/110 3186/301/110 3187/300/110
f 2990/302/111 2991/298/111 3136/298/111 3133/302/111
f 3041/301/109 3042/303/109 3185/303/109 3186/301/109
f 2813/304/109 2696/305/109 2546/293/109 2594/306/109
f 2879/307/108 2880/296/108 2549/296/108 2607/307/108
f 2883/308/108 2884/309/108 2547/309/108 2614/308/108
f 2587/310/109 2544/311/109 2552/311/109 2615/310/109
f 2614/308/112 2547/309/112 2551/309/112 2628/308/112
f 2607/307/110 2549/296/110 2553/296/110 2621/312/110
f 2714/313/113 2550/293/113 2554/293/113 2732/313/113
f 2705/314/111 2548/311/111 2552/311/111 2723/314/111
f 2679/315/109 2543/309/109 2551/309/109 2715/316/109
f 2881/294/108 2882/293/108 2550/293/108 2714/313/108
f 2594/306/109 2546/293/109 2554/293/109 2622/306/109
f 2877/314/108 2878/311/108 2548/311/108 2705/314/108
f 2565/312/110 2536/296/110 2892/296/110 2905/312/110
f 2572/317/112 2537/309/112 2890/309/112 2911/308/112
f 2651/314/111 2535/311/111 2557/311/111 2933/314/111
f 2660/294/113 2538/293/113 2555/293/113 2941/294/113
f 2538/293/112 2566/292/112 2887/292/112 2555/293/112
f 2566/292/112 2567/318/112 2916/318/112 2887/292/112
f 2567/318/112 2568/319/112 2915/320/112 2916/318/112
f 2568/319/112 2569/321/112 2914/322/112 2915/320/112
f 2569/321/112 2570/323/112 2913/324/112 2914/322/112
f 2570/323/112 2571/325/112 2912/325/112 2913/324/112
f 2571/325/112 2572/317/112 2911/308/112 2912/325/112
f 2535/311/110 2559/310/110 2885/326/110 2557/311/110
f 2559/310/110 2560/327/110 2910/328/110 2885/326/110
f 2560/327/110 2561/329/110 2909/330/110 2910/328/110
f 2561/329/110 2562/331/110 2908/331/110 2909/330/110
f 2562/331/110 2563/332/110 2907/332/110 2908/331/110
f 2563/332/110 2564/333/110 2906/333/110 2907/332/110
f 2564/333/110 2565/312/110 2905/312/110 2906/333/110
f 2543/309/109 2600/308/109 2628/308/109 2551/309/109
f 2600/308/109 2599/325/109 2627/334/109 2628/308/109
f 2599/325/109 2598/335/109 2626/324/109 2627/334/109
f 2598/335/109 2597/322/109 2625/322/109 2626/324/109
f 2597/322/109 2596/336/109 2624/319/109 2625/322/109
f 2596/336/109 2595/318/109 2623/318/109 2624/319/109
f 2595/318/109 2594/306/109 2622/306/109 2623/318/109
f 2548/311/110 2601/310/110 2615/310/110 2552/311/110
f 2601/310/110 2602/327/110 2616/327/110 2615/310/110
f 2602/327/110 2603/337/110 2617/329/110 2616/327/110
f 2603/337/110 2604/331/110 2618/331/110 2617/329/110
f 2604/331/110 2605/332/110 2619/332/110 2618/331/110
f 2605/332/110 2606/333/110 2620/333/110 2619/332/110
f 2606/333/110 2607/307/110 2621/312/110 2620/333/110
f 2550/293/112 2608/292/112 2622/306/112 2554/293/112
f 2608/292/112 2609/318/112 2623/318/112 2622/306/112
f 2609/318/112 2610/319/112 2624/319/112 2623/318/112
f 2610/319/112 2611/322/112 2625/322/112 2624/319/112
f 2611/322/112 2612/338/112 2626/324/112 2625/322/112
f 2612/338/112 2613/334/112 2627/334/112 2626/324/112
f 2613/334/112 2614/308/112 2628/308/112 2627/334/112
f 2545/296/109 2593/307/109 2621/312/109 2553/296/109
f 2593/307/109 2592/333/109 2620/333/109 2621/312/109
f 2592/333/109 2591/339/109 2619/332/109 2620/333/109
f 2591/339/109 2590/331/109 2618/331/109 2619/332/109
f 2590/331/109 2589/329/109 2617/329/109 2618/331/109
f 2589/329/109 2588/327/109 2616/327/109 2617/329/109
f 2588/327/109 2587/310/109 2615/310/109 2616/327/109
f 2882/293/108 2899/306/108 2608/292/108 2550/293/108
f 2899/306/108 2900/340/108 2609/318/108 2608/292/108
f 2900/340/108 2901/319/108 2610/319/108 2609/318/108
f 2901/319/108 2902/322/108 2611/322/108 2610/319/108
f 2902/322/108 2903/324/108 2612/338/108 2611/322/108
f 2903/324/108 2904/341/108 2613/334/108 2612/338/108
f 2904/341/108 2883/308/108 2614/308/108 2613/334/108
f 2878/311/108 2893/310/108 2601/310/108 2548/311/108
f 2893/310/108 2894/328/108 2602/327/108 2601/310/108
f 2894/328/108 2895/329/108 2603/337/108 2602/327/108
f 2895/329/108 2896/331/108 2604/331/108 2603/337/108
f 2896/331/108 2897/332/108 2605/332/108 2604/331/108
f 2897/332/108 2898/342/108 2606/333/108 2605/332/108
f 2898/342/108 2879/307/108 2607/307/108 2606/333/108
f 2679/315/109 2759/343/109 2600/308/109 2543/309/109
f 2759/343/109 2768/344/109 2599/325/109 2600/308/109
f 2768/344/109 2777/345/109 2598/335/109 2599/325/109
f 2777/345/109 2786/346/109 2597/322/109 2598/335/109
f 2786/346/109 2795/347/109 2596/336/109 2597/322/109
f 2795/347/109 2804/348/109 2595/318/109 2596/336/109
f 2804/348/109 2813/304/109 2594/306/109 2595/318/109
f 2992/299/113 2989/299/113 3134/299/113 3135/299/113
f 3067/349/108 3068/350/108 3211/350/108 3212/349/108
f 2989/299/109 2990/302/109 3133/302/109 3134/299/109
f 3066/351/110 3067/349/110 3212/349/110 3209/351/110
f 3015/352/108 3016/353/108 3159/353/108 3160/352/108
f 3068/350/112 3065/354/112 3210/354/112 3211/350/112
f 3014/355/113 3015/352/113 3160/352/113 3157/355/113
f 2963/356/108 2964/357/108 3107/357/108 3108/356/108
f 3065/354/109 3066/351/109 3209/351/109 3210/354/109
f 3016/353/111 3013/358/111 3158/358/111 3159/353/111
f 2962/356/111 2963/356/111 3108/356/111 3105/356/111
f 3091/359/108 3092/360/108 3235/360/108 3236/359/108
f 3013/358/109 3014/355/109 3157/355/109 3158/358/109
f 2964/357/113 2961/361/113 3106/361/113 3107/357/113
f 2643/316/108 2537/309/108 2572/317/108 2814/362/108
f 2814/362/108 2572/317/108 2571/325/108 2823/363/108
f 2823/363/108 2571/325/108 2570/323/108 2832/364/108
f 2832/364/108 2570/323/108 2569/321/108 2841/365/108
f 2841/365/108 2569/321/108 2568/319/108 2850/366/108
f 2850/366/108 2568/319/108 2567/318/108 2859/367/108
f 2859/367/108 2567/318/108 2566/292/108 2868/291/108
f 2564/333/108 2867/368/108 2876/369/108 2565/312/108
f 2867/368/108 2866/370/108 2875/371/108 2876/369/108
f 2866/370/108 2865/372/108 2874/373/108 2875/371/108
f 2865/372/108 2864/374/108 2873/375/108 2874/373/108
f 2864/374/108 2863/376/108 2872/377/108 2873/375/108
f 2863/376/108 2862/378/108 2871/379/108 2872/377/108
f 2862/378/108 2861/380/108 2870/381/108 2871/379/108
f 2861/380/108 2860/382/108 2869/383/108 2870/381/108
f 2860/382/108 2859/367/108 2868/291/108 2869/383/108
f 2563/332/108 2858/384/108 2867/368/108 2564/333/108
f 2858/384/108 2857/385/108 2866/370/108 2867/368/108
f 2857/385/108 2856/386/108 2865/372/108 2866/370/108
f 2856/386/108 2855/387/108 2864/374/108 2865/372/108
f 2855/387/108 2854/388/108 2863/376/108 2864/374/108
f 2854/388/108 2853/389/108 2862/378/108 2863/376/108
f 2853/389/108 2852/390/108 2861/380/108 2862/378/108
f 2852/390/108 2851/391/108 2860/382/108 2861/380/108
f 2851/391/108 2850/366/108 2859/367/108 2860/382/108
f 2562/331/108 2849/392/108 2858/384/108 2563/332/108
f 2849/392/108 2848/393/108 2857/385/108 2858/384/108
f 2848/393/108 2847/394/108 2856/386/108 2857/385/108
f 2847/394/108 2846/395/108 2855/387/108 2856/386/108
f 2846/395/108 2845/396/108 2854/388/108 2855/387/108
f 2845/396/108 2844/397/108 2853/389/108 2854/388/108
f 2844/397/108 2843/398/108 2852/390/108 2853/389/108
f 2843/398/108 2842/399/108 2851/391/108 2852/390/108
f 2842/399/108 2841/365/108 2850/366/108 2851/391/108
f 2561/329/108 2840/400/108 2849/392/108 2562/331/108
f 2840/400/108 2839/401/108 2848/393/108 2849/392/108
f 2839/401/108 2838/402/108 2847/394/108 2848/393/108
f 2838/402/108 2837/403/108 2846/395/108 2847/394/108
f 2837/403/108 2836/404/108 2845/396/108 2846/395/108
f 2836/404/108 2835/405/108 2844/397/108 2845/396/108
f 2835/405/108 2834/406/108 2843/398/108 2844/397/108
f 2834/406/108 2833/407/108 2842/399/108 2843/398/108
f 2833/407/108 2832/364/108 2841/365/108 2842/399/108
f 2560/327/108 2831/408/108 2840/400/108 2561/329/108
f 2831/408/108 2830/409/108 2839/401/108 2840/400/108
f 2830/409/108 2829/410/108 2838/402/108 2839/401/108
f 2829/410/108 2828/411/108 2837/403/108 2838/402/108
f 2828/411/108 2827/412/108 2836/404/108 2837/403/108
f 2827/412/108 2826/413/108 2835/405/108 2836/404/108
f 2826/413/108 2825/414/108 2834/406/108 2835/405/108
f 2825/414/108 2824/415/108 2833/407/108 2834/406/108
f 2824/415/108 2823/363/108 2832/364/108 2833/407/108
f 2559/310/108 2822/416/108 2831/408/108 2560/327/108
f 2822/416/108 2821/417/108 2830/409/108 2831/408/108
f 2821/417/108 2820/418/108 2829/410/108 2830/409/108
f 2820/418/108 2819/419/108 2828/411/108 2829/410/108
f 2819/419/108 2818/420/108 2827/412/108 2828/411/108
f 2818/420/108 2817/421/108 2826/413/108 2827/412/108
f 2817/421/108 2816/422/108 2825/414/108 2826/413/108
f 2816/422/108 2815/423/108 2824/415/108 2825/414/108
f 2815/423/108 2814/362/108 2823/363/108 2824/415/108
f 2535/311/108 2651/314/108 2822/416/108 2559/310/108
f 2651/314/108 2650/424/108 2821/417/108 2822/416/108
f 2650/424/108 2649/425/108 2820/418/108 2821/417/108
f 2649/425/108 2648/426/108 2819/419/108 2820/418/108
f 2648/426/108 2647/427/108 2818/420/108 2819/419/108
f 2647/427/108 2646/428/108 2817/421/108 2818/420/108
f 2646/428/108 2645/429/108 2816/422/108 2817/421/108
f 2645/429/108 2644/430/108 2815/423/108 2816/422/108
f 2644/430/108 2643/316/108 2814/362/108 2815/423/108
f 2592/333/109 2593/307/109 2805/369/109 2796/431/109
f 2796/431/109 2805/369/109 2806/371/109 2797/432/109
f 2797/432/109 2806/371/109 2807/433/109 2798/434/109
f 2798/434/109 2807/433/109 2808/435/109 2799/436/109
f 2799/436/109 2808/435/109 2809/437/109 2800/376/109
f 2800/376/109 2809/437/109 2810/379/109 2801/438/109
f 2801/438/109 2810/379/109 2811/381/109 2802/439/109
f 2802/439/109 2811/381/109 2812/440/109 2803/441/109
f 2803/441/109 2812/440/109 2813/304/109 2804/348/109
f 2591/339/109 2592/333/109 2796/431/109 2787/442/109
f 2787/442/109 2796/431/109 2797/432/109 2788/443/109
f 2788/443/109 2797/432/109 2798/434/109 2789/444/109
f 2789/444/109 2798/434/109 2799/436/109 2790/445/109
f 2790/445/109 2799/436/109 2800/376/109 2791/446/109
f 2791/446/109 2800/376/109 2801/438/109 2792/447/109
f 2792/447/109 2801/438/109 2802/439/109 2793/448/109
f 2793/448/109 2802/439/109 2803/441/109 2794/449/109
f 2794/449/109 2803/441/109 2804/348/109 2795/347/109
f 2590/331/109 2591/339/109 2787/442/109 2778/450/109
f 2778/450/109 2787/442/109 2788/443/109 2779/451/109
f 2779/451/109 2788/443/109 2789/444/109 2780/452/109
f 2780/452/109 2789/444/109 2790/445/109 2781/453/109
f 2781/453/109 2790/445/109 2791/446/109 2782/454/109
f 2782/454/109 2791/446/109 2792/447/109 2783/455/109
f 2783/455/109 2792/447/109 2793/448/109 2784/456/109
f 2784/456/109 2793/448/109 2794/449/109 2785/457/109
f 2785/457/109 2794/449/109 2795/347/109 2786/346/109
f 2589/329/109 2590/331/109 2778/450/109 2769/458/109
f 2769/458/109 2778/450/109 2779/451/109 2770/459/109
f 2770/459/109 2779/451/109 2780/452/109 2771/460/109
f 2771/460/109 2780/452/109 2781/453/109 2772/461/109
f 2772/461/109 2781/453/109 2782/454/109 2773/462/109
f 2773/462/109 2782/454/109 2783/455/109 2774/463/109
f 2774/463/109 2783/455/109 2784/456/109 2775/464/109
f 2775/464/109 2784/456/109 2785/457/109 2776/465/109
f 2776/465/109 2785/457/109 2786/346/109 2777/345/109
f 2588/327/109 2589/329/109 2769/458/109 2760/408/109
f 2760/408/109 2769/458/109 2770/459/109 2761/466/109
f 2761/466/109 2770/459/109 2771/460/109 2762/410/109
f 2762/410/109 2771/460/109 2772/461/109 2763/467/109
f 2763/467/109 2772/461/109 2773/462/109 2764/412/109
f 2764/412/109 2773/462/109 2774/463/109 2765/413/109
f 2765/413/109 2774/463/109 2775/464/109 2766/468/109
f 2766/468/109 2775/464/109 2776/465/109 2767/469/109
f 2767/469/109 2776/465/109 2777/345/109 2768/344/109
f 2587/310/109 2588/327/109 2760/408/109 2751/470/109
f 2751/470/109 2760/408/109 2761/466/109 2752/471/109
f 2752/471/109 2761/466/109 2762/410/109 2753/472/109
f 2753/472/109 2762/410/109 2763/467/109 2754/473/109
f 2754/473/109 2763/467/109 2764/412/109 2755/474/109
f 2755/474/109 2764/412/109 2765/413/109 2756/475/109
f 2756/475/109 2765/413/109 2766/468/109 2757/476/109
f 2757/476/109 2766/468/109 2767/469/109 2758/477/109
f 2758/477/109 2767/469/109 2768/344/109 2759/343/109
f 2544/311/109 2587/310/109 2751/470/109 2687/314/109
f 2687/314/109 2751/470/109 2752/471/109 2686/424/109
f 2686/424/109 2752/471/109 2753/472/109 2685/425/109
f 2685/425/109 2753/472/109 2754/473/109 2684/426/109
f 2684/426/109 2754/473/109 2755/474/109 2683/478/109
f 2683/478/109 2755/474/109 2756/475/109 2682/428/109
f 2682/428/109 2756/475/109 2757/476/109 2681/479/109
f 2681/479/109 2757/476/109 2758/477/109 2680/430/109
f 2680/430/109 2758/477/109 2759/343/109 2679/315/109
f 2536/296/113 2652/295/113 2891/295/113 2892/296/113
f 2652/295/113 2653/480/113 2948/480/113 2891/295/113
f 2653/480/113 2654/481/113 2947/481/113 2948/480/113
f 2654/481/113 2655/482/113 2946/483/113 2947/481/113
f 2655/482/113 2656/484/113 2945/485/113 2946/483/113
f 2656/484/113 2657/486/113 2944/486/113 2945/485/113
f 2657/486/113 2658/487/113 2943/488/113 2944/486/113
f 2658/487/113 2659/489/113 2942/489/113 2943/488/113
f 2659/489/113 2660/294/113 2941/294/113 2942/489/113
f 2537/309/111 2643/316/111 2889/316/111 2890/309/111
f 2643/316/111 2644/430/111 2940/430/111 2889/316/111
f 2644/430/111 2645/429/111 2939/429/111 2940/430/111
f 2645/429/111 2646/428/111 2938/428/111 2939/429/111
f 2646/428/111 2647/427/111 2937/427/111 2938/428/111
f 2647/427/111 2648/426/111 2936/490/111 2937/427/111
f 2648/426/111 2649/425/111 2935/425/111 2936/490/111
f 2649/425/111 2650/424/111 2934/424/111 2935/425/111
f 2650/424/111 2651/314/111 2933/314/111 2934/424/111
f 2884/309/108 2917/315/108 2697/316/108 2547/309/108
f 2917/315/108 2918/430/108 2698/491/108 2697/316/108
f 2918/430/108 2919/429/108 2699/429/108 2698/491/108
f 2919/429/108 2920/428/108 2700/428/108 2699/429/108
f 2920/428/108 2921/492/108 2701/427/108 2700/428/108
f 2921/492/108 2922/493/108 2702/493/108 2701/427/108
f 2922/493/108 2923/425/108 2703/425/108 2702/493/108
f 2923/425/108 2924/424/108 2704/424/108 2703/425/108
f 2924/424/108 2877/314/108 2705/314/108 2704/424/108
f 2880/296/108 2925/295/108 2706/297/108 2549/296/108
f 2925/295/108 2926/480/108 2707/494/108 2706/297/108
f 2926/480/108 2927/495/108 2708/481/108 2707/494/108
f 2927/495/108 2928/496/108 2709/497/108 2708/481/108
f 2928/496/108 2929/498/108 2710/485/108 2709/497/108
f 2929/498/108 2930/499/108 2711/500/108 2710/485/108
f 2930/499/108 2931/501/108 2712/502/108 2711/500/108
f 2931/501/108 2932/489/108 2713/489/108 2712/502/108
f 2932/489/108 2881/294/108 2714/313/108 2713/489/108
f 2544/311/109 2687/314/109 2723/314/109 2552/311/109
f 2687/314/109 2686/424/109 2722/424/109 2723/314/109
f 2686/424/109 2685/425/109 2721/425/109 2722/424/109
f 2685/425/109 2684/426/109 2720/426/109 2721/425/109
f 2684/426/109 2683/478/109 2719/427/109 2720/426/109
f 2683/478/109 2682/428/109 2718/428/109 2719/427/109
f 2682/428/109 2681/479/109 2717/429/109 2718/428/109
f 2681/479/109 2680/430/109 2716/430/109 2717/429/109
f 2680/430/109 2679/315/109 2715/316/109 2716/430/109
f 2547/309/111 2697/316/111 2715/316/111 2551/309/111
f 2697/316/111 2698/491/111 2716/430/111 2715/316/111
f 2698/491/111 2699/429/111 2717/429/111 2716/430/111
f 2699/429/111 2700/428/111 2718/428/111 2717/429/111
f 2700/428/111 2701/427/111 2719/427/111 2718/428/111
f 2701/427/111 2702/493/111 2720/426/111 2719/427/111
f 2702/493/111 2703/425/111 2721/425/111 2720/426/111
f 2703/425/111 2704/424/111 2722/424/111 2721/425/111
f 2704/424/111 2705/314/111 2723/314/111 2722/424/111
f 2549/296/113 2706/297/113 2724/297/113 2553/296/113
f 2706/297/113 2707/494/113 2725/503/113 2724/297/113
f 2707/494/113 2708/481/113 2726/481/113 2725/503/113
f 2708/481/113 2709/497/113 2727/504/113 2726/481/113
f 2709/497/113 2710/485/113 2728/485/113 2727/504/113
f 2710/485/113 2711/500/113 2729/500/113 2728/485/113
f 2711/500/113 2712/502/113 2730/502/113 2729/500/113
f 2712/502/113 2713/489/113 2731/489/113 2730/502/113
f 2713/489/113 2714/313/113 2732/313/113 2731/489/113
f 2593/307/109 2545/296/109 2688/295/109 2805/369/109
f 2805/369/109 2688/295/109 2689/480/109 2806/371/109
f 2806/371/109 2689/480/109 2690/481/109 2807/433/109
f 2807/433/109 2690/481/109 2691/505/109 2808/435/109
f 2808/435/109 2691/505/109 2692/485/109 2809/437/109
f 2809/437/109 2692/485/109 2693/500/109 2810/379/109
f 2810/379/109 2693/500/109 2694/487/109 2811/381/109
f 2811/381/109 2694/487/109 2695/489/109 2812/440/109
f 2812/440/109 2695/489/109 2696/305/109 2813/304/109
f 3090/359/110 3091/359/110 3236/359/110 3233/359/110
f 3039/506/108 3040/507/108 3183/507/108 3184/506/108
f 2961/361/109 2962/356/109 3105/356/109 3106/361/109
f 3092/360/112 3089/508/112 3234/508/112 3235/360/112
f 3038/506/112 3039/506/112 3184/506/112 3181/506/112
f 2987/509/108 2988/510/108 3131/510/108 3132/509/108
f 3089/508/109 3090/359/109 3233/359/109 3234/508/109
f 3040/507/110 3037/507/110 3182/507/110 3183/507/110
f 2986/509/111 2987/509/111 3132/509/111 3129/509/111
f 3037/507/109 3038/506/109 3181/506/109 3182/507/109
f 2988/510/113 2985/511/113 3130/511/113 3131/510/113
f 3063/512/108 3064/513/108 3207/513/108 3208/512/108
f 2985/511/109 2986/509/109 3129/509/109 3130/511/109
f 3062/512/110 3063/512/110 3208/512/110 3205/512/110
f 3011/514/108 3012/515/108 3155/515/108 3156/514/108
f 3064/513/112 3061/513/112 3206/513/112 3207/513/112
f 3010/516/113 3011/514/113 3156/514/113 3153/516/113
f 2959/517/108 2960/518/108 3103/518/108 3104/517/108
f 2546/293/109 2696/305/109 2732/313/109 2554/293/109
f 2696/305/109 2695/489/109 2731/489/109 2732/313/109
f 2695/489/109 2694/487/109 2730/502/109 2731/489/109
f 2694/487/109 2693/500/109 2729/500/109 2730/502/109
f 2693/500/109 2692/485/109 2728/485/109 2729/500/109
f 2692/485/109 2691/505/109 2727/504/109 2728/485/109
f 2691/505/109 2690/481/109 2726/481/109 2727/504/109
f 2690/481/109 2689/480/109 2725/503/109 2726/481/109
f 2689/480/109 2688/295/109 2724/297/109 2725/503/109
f 2565/312/108 2876/369/108 2652/295/108 2536/296/108
f 2876/369/108 2875/371/108 2653/480/108 2652/295/108
f 2875/371/108 2874/373/108 2654/481/108 2653/480/108
f 2874/373/108 2873/375/108 2655/482/108 2654/481/108
f 2873/375/108 2872/377/108 2656/484/108 2655/482/108
f 2872/377/108 2871/379/108 2657/486/108 2656/484/108
f 2871/379/108 2870/381/108 2658/487/108 2657/486/108
f 2870/381/108 2869/383/108 2659/489/108 2658/487/108
f 2869/383/108 2868/291/108 2660/294/108 2659/489/108
f 2669/314/111 2540/311/111 2878/311/111 2877/314/111
f 2579/312/110 2541/296/110 2880/296/110 2879/307/110
f 2678/294/113 2542/293/113 2882/293/113 2881/294/113
f 2586/308/112 2539/309/112 2884/309/112 2883/308/112
f 2635/326/110 2886/311/110 2557/311/110 2885/326/110
f 2642/292/112 2888/293/112 2555/293/112 2887/292/112
f 2741/316/111 2558/309/111 2890/309/111 2889/316/111
f 2750/295/113 2556/296/113 2892/296/113 2891/295/113
f 2540/311/110 2573/310/110 2893/310/110 2878/311/110
f 2573/310/110 2574/328/110 2894/328/110 2893/310/110
f 2574/328/110 2575/329/110 2895/329/110 2894/328/110
f 2575/329/110 2576/331/110 2896/331/110 2895/329/110
f 2576/331/110 2577/332/110 2897/332/110 2896/331/110
f 2577/332/110 2578/519/110 2898/342/110 2897/332/110
f 2578/519/110 2579/312/110 2879/307/110 2898/342/110
f 2542/293/112 2580/306/112 2899/306/112 2882/293/112
f 2580/306/112 2581/340/112 2900/340/112 2899/306/112
f 2581/340/112 2582/319/112 2901/319/112 2900/340/112
f 2582/319/112 2583/322/112 2902/322/112 2901/319/112
f 2583/322/112 2584/324/112 2903/324/112 2902/322/112
f 2584/324/112 2585/341/112 2904/341/112 2903/324/112
f 2585/341/112 2586/308/112 2883/308/112 2904/341/112
f 2556/296/110 2629/312/110 2905/312/110 2892/296/110
f 2629/312/110 2630/342/110 2906/333/110 2905/312/110
f 2630/342/110 2631/332/110 2907/332/110 2906/333/110
f 2631/332/110 2632/331/110 2908/331/110 2907/332/110
f 2632/331/110 2633/330/110 2909/330/110 2908/331/110
f 2633/330/110 2634/328/110 2910/328/110 2909/330/110
f 2634/328/110 2635/326/110 2885/326/110 2910/328/110
f 2558/309/112 2636/308/112 2911/308/112 2890/309/112
f 2636/308/112 2637/325/112 2912/325/112 2911/308/112
f 2637/325/112 2638/324/112 2913/324/112 2912/325/112
f 2638/324/112 2639/322/112 2914/322/112 2913/324/112
f 2639/322/112 2640/320/112 2915/320/112 2914/322/112
f 2640/320/112 2641/318/112 2916/318/112 2915/320/112
f 2641/318/112 2642/292/112 2887/292/112 2916/318/112
f 2539/309/111 2661/315/111 2917/315/111 2884/309/111
f 2661/315/111 2662/430/111 2918/430/111 2917/315/111
f 2662/430/111 2663/429/111 2919/429/111 2918/430/111
f 2663/429/111 2664/428/111 2920/428/111 2919/429/111
f 2664/428/111 2665/492/111 2921/492/111 2920/428/111
f 2665/492/111 2666/520/111 2922/493/111 2921/492/111
f 2666/520/111 2667/425/111 2923/425/111 2922/493/111
f 2667/425/111 2668/424/111 2924/424/111 2923/425/111
f 2668/424/111 2669/314/111 2877/314/111 2924/424/111
f 2541/296/113 2670/295/113 2925/295/113 2880/296/113
f 2670/295/113 2671/480/113 2926/480/113 2925/295/113
f 2671/480/113 2672/495/113 2927/495/113 2926/480/113
f 2672/495/113 2673/505/113 2928/496/113 2927/495/113
f 2673/505/113 2674/498/113 2929/498/113 2928/496/113
f 2674/498/113 2675/499/113 2930/499/113 2929/498/113
f 2675/499/113 2676/501/113 2931/501/113 2930/499/113
f 2676/501/113 2677/489/113 2932/489/113 2931/501/113
f 2677/489/113 2678/294/113 2881/294/113 2932/489/113
f 2886/311/111 2733/314/111 2933/314/111 2557/311/111
f 2733/314/111 2734/521/111 2934/424/111 2933/314/111
f 2734/521/111 2735/425/111 2935/425/111 2934/424/111
f 2735/425/111 2736/490/111 2936/490/111 2935/425/111
f 2736/490/111 2737/427/111 2937/427/111 2936/490/111
f 2737/427/111 2738/428/111 2938/428/111 2937/427/111
f 2738/428/111 2739/429/111 2939/429/111 2938/428/111
f 2739/429/111 2740/430/111 2940/430/111 2939/429/111
f 2740/430/111 2741/316/111 2889/316/111 2940/430/111
f 2888/293/113 2742/294/113 2941/294/113 2555/293/113
f 2742/294/113 2743/522/113 2942/489/113 2941/294/113
f 2743/522/113 2744/523/113 2943/488/113 2942/489/113
f 2744/523/113 2745/499/113 2944/486/113 2943/488/113
f 2745/499/113 2746/485/113 2945/485/113 2944/486/113
f 2746/485/113 2747/483/113 2946/483/113 2945/485/113
f 2747/483/113 2748/524/113 2947/481/113 2946/483/113
f 2748/524/113 2749/480/113 2948/480/113 2947/481/113
f 2749/480/113 2750/295/113 2891/295/113 2948/480/113
f 2742/294/113 2888/293/113 2950/525/113 2949/526/113
f 2888/293/113 2542/293/113 2951/527/113 2950/525/113
f 2542/293/113 2678/294/113 2952/526/113 2951/527/113
f 2678/294/113 2742/294/113 2949/526/113 2952/526/113
f 2733/314/111 2886/311/111 2954/528/111 2953/529/111
f 2886/311/111 2540/311/111 2955/530/111 2954/528/111
f 2540/311/111 2669/314/111 2956/529/111 2955/530/111
f 2669/314/111 2733/314/111 2953/529/111 2956/529/111
f 2636/308/112 2558/309/112 2958/531/112 2957/532/112
f 2558/309/112 2539/309/112 2959/517/112 2958/531/112
f 2539/309/112 2586/308/112 2960/518/112 2959/517/112
f 2586/308/112 2636/308/112 2957/532/112 2960/518/112
f 2629/312/110 2556/296/110 2962/356/110 2961/361/110
f 2556/296/110 2541/296/110 2963/356/110 2962/356/110
f 2541/296/110 2579/312/110 2964/357/110 2963/356/110
f 2579/312/110 2629/312/110 2961/361/110 2964/357/110
f 2886/311/110 2635/326/110 2966/533/110 2965/534/110
f 2635/326/110 2573/310/110 2967/533/110 2966/533/110
f 2573/310/110 2540/311/110 2968/535/110 2967/533/110
f 2540/311/110 2886/311/110 2965/534/110 2968/535/110
f 2635/326/110 2634/328/110 2970/536/110 2969/537/110
f 2634/328/110 2574/328/110 2971/536/110 2970/536/110
f 2574/328/110 2573/310/110 2972/538/110 2971/536/110
f 2573/310/110 2635/326/110 2969/537/110 2972/538/110
f 2634/328/110 2633/330/110 2974/539/110 2973/540/110
f 2633/330/110 2575/329/110 2975/541/110 2974/539/110
f 2575/329/110 2574/328/110 2976/540/110 2975/541/110
f 2574/328/110 2634/328/110 2973/540/110 2976/540/110
f 2633/330/110 2632/331/110 2978/542/110 2977/543/110
f 2632/331/110 2576/331/110 2979/544/110 2978/542/110
f 2576/331/110 2575/329/110 2980/545/110 2979/544/110
f 2575/329/110 2633/330/110 2977/543/110 2980/545/110
f 2632/331/110 2631/332/110 2982/546/110 2981/547/110
f 2631/332/110 2577/332/110 2983/548/110 2982/546/110
f 2577/332/110 2576/331/110 2984/549/110 2983/548/110
f 2576/331/110 2632/331/110 2981/547/110 2984/549/110
f 2631/332/110 2630/342/110 2986/509/110 2985/511/110
f 2630/342/110 2578/519/110 2987/509/110 2986/509/110
f 2578/519/110 2577/332/110 2988/510/110 2987/509/110
f 2577/332/110 2631/332/110 2985/511/110 2988/510/110
f 2630/342/110 2629/312/110 2990/302/110 2989/299/110
f 2629/312/110 2579/312/110 2991/298/110 2990/302/110
f 2579/312/110 2578/519/110 2992/299/110 2991/298/110
f 2578/519/110 2630/342/110 2989/299/110 2992/299/110
f 2888/293/112 2642/292/112 2994/550/112 2993/551/112
f 2642/292/112 2580/306/112 2995/550/112 2994/550/112
f 2580/306/112 2542/293/112 2996/552/112 2995/550/112
f 2542/293/112 2888/293/112 2993/551/112 2996/552/112
f 2642/292/112 2641/318/112 2998/553/112 2997/554/112
f 2641/318/112 2581/340/112 2999/555/112 2998/553/112
f 2581/340/112 2580/306/112 3000/556/112 2999/555/112
f 2580/306/112 2642/292/112 2997/554/112 3000/556/112
f 2641/318/112 2640/320/112 3002/557/112 3001/558/112
f 2640/320/112 2582/319/112 3003/559/112 3002/557/112
f 2582/319/112 2581/340/112 3004/560/112 3003/559/112
f 2581/340/112 2641/318/112 3001/558/112 3004/560/112
f 2640/320/112 2639/322/112 3006/561/112 3005/562/112
f 2639/322/112 2583/322/112 3007/563/112 3006/561/112
f 2583/322/112 2582/319/112 3008/564/112 3007/563/112
f 2582/319/112 2640/320/112 3005/562/112 3008/564/112
f 2639/322/112 2638/324/112 3010/516/112 3009/565/112
f 2638/324/112 2584/324/112 3011/514/112 3010/516/112
f 2584/324/112 2583/322/112 3012/515/112 3011/514/112
f 2583/322/112 2639/322/112 3009/565/112 3012/515/112
f 2638/324/112 2637/325/112 3014/355/112 3013/358/112
f 2637/325/112 2585/341/112 3015/352/112 3014/355/112
f 2585/341/112 2584/324/112 3016/353/112 3015/352/112
f 2584/324/112 2638/324/112 3013/358/112 3016/353/112
f 2637/325/112 2636/308/112 3018/566/112 3017/567/112
f 2636/308/112 2586/308/112 3019/568/112 3018/566/112
f 2586/308/112 2585/341/112 3020/569/112 3019/568/112
f 2585/341/112 2637/325/112 3017/567/112 3020/569/112
f 2558/309/111 2741/316/111 3022/570/111 3021/571/111
f 2741/316/111 2661/315/111 3023/572/111 3022/570/111
f 2661/315/111 2539/309/111 3024/571/111 3023/572/111
f 2539/309/111 2558/309/111 3021/571/111 3024/571/111
f 2741/316/111 2740/430/111 3026/573/111 3025/574/111
f 2740/430/111 2662/430/111 3027/575/111 3026/573/111
f 2662/430/111 2661/315/111 3028/576/111 3027/575/111
f 2661/315/111 2741/316/111 3025/574/111 3028/576/111
f 2740/430/111 2739/429/111 3030/577/111 3029/578/111
f 2739/429/111 2663/429/111 3031/579/111 3030/577/111
f 2663/429/111 2662/430/111 3032/578/111 3031/579/111
f 2662/430/111 2740/430/111 3029/578/111 3032/578/111
f 2739/429/111 2738/428/111 3034/580/111 3033/581/111
f 2738/428/111 2664/428/111 3035/582/111 3034/580/111
f 2664/428/111 2663/429/111 3036/581/111 3035/582/111
f 2663/429/111 2739/429/111 3033/581/111 3036/581/111
f 2738/428/111 2737/427/111 3038/506/111 3037/507/111
f 2737/427/111 2665/492/111 3039/506/111 3038/506/111
f 2665/492/111 2664/428/111 3040/507/111 3039/506/111
f 2664/428/111 2738/428/111 3037/507/111 3040/507/111
f 2737/427/111 2736/490/111 3042/303/111 3041/301/111
f 2736/490/111 2666/520/111 3043/583/111 3042/303/111
f 2666/520/111 2665/492/111 3044/300/111 3043/583/111
f 2665/492/111 2737/427/111 3041/301/111 3044/300/111
f 2736/490/111 2735/425/111 3046/584/111 3045/585/111
f 2735/425/111 2667/425/111 3047/586/111 3046/584/111
f 2667/425/111 2666/520/111 3048/585/111 3047/586/111
f 2666/520/111 2736/490/111 3045/585/111 3048/585/111
f 2735/425/111 2734/521/111 3050/587/111 3049/588/111
f 2734/521/111 2668/424/111 3051/589/111 3050/587/111
f 2668/424/111 2667/425/111 3052/590/111 3051/589/111
f 2667/425/111 2735/425/111 3049/588/111 3052/590/111
f 2734/521/111 2733/314/111 3054/591/111 3053/592/111
f 2733/314/111 2669/314/111 3055/591/111 3054/591/111
f 2669/314/111 2668/424/111 3056/592/111 3055/591/111
f 2668/424/111 2734/521/111 3053/592/111 3056/592/111
f 2556/296/113 2750/295/113 3058/593/113 3057/594/113
f 2750/295/113 2670/295/113 3059/593/113 3058/593/113
f 2670/295/113 2541/296/113 3060/594/113 3059/593/113
f 2541/296/113 2556/296/113 3057/594/113 3060/594/113
f 2750/295/113 2749/480/113 3062/512/113 3061/513/113
f 2749/480/113 2671/480/113 3063/512/113 3062/512/113
f 2671/480/113 2670/295/113 3064/513/113 3063/512/113
f 2670/295/113 2750/295/113 3061/513/113 3064/513/113
f 2749/480/113 2748/524/113 3066/351/113 3065/354/113
f 2748/524/113 2672/495/113 3067/349/113 3066/351/113
f 2672/495/113 2671/480/113 3068/350/113 3067/349/113
f 2671/480/113 2749/480/113 3065/354/113 3068/350/113
f 2748/524/113 2747/483/113 3070/595/113 3069/596/113
f 2747/483/113 2673/505/113 3071/595/113 3070/595/113
f 2673/505/113 2672/495/113 3072/596/113 3071/595/113
f 2672/495/113 2748/524/113 3069/596/113 3072/596/113
f 2747/483/113 2746/485/113 3074/597/113 3073/598/113
f 2746/485/113 2674/498/113 3075/599/113 3074/597/113
f 2674/498/113 2673/505/113 3076/598/113 3075/599/113
f 2673/505/113 2747/483/113 3073/598/113 3076/598/113
f 2746/485/113 2745/499/113 3078/600/113 3077/601/113
f 2745/499/113 2675/499/113 3079/602/113 3078/600/113
f 2675/499/113 2674/498/113 3080/603/113 3079/602/113
f 2674/498/113 2746/485/113 3077/601/113 3080/603/113
f 2745/499/113 2744/523/113 3082/604/113 3081/605/113
f 2744/523/113 2676/501/113 3083/604/113 3082/604/113
f 2676/501/113 2675/499/113 3084/606/113 3083/604/113
f 2675/499/113 2745/499/113 3081/605/113 3084/606/113
f 2744/523/113 2743/522/113 3086/607/113 3085/608/113
f 2743/522/113 2677/489/113 3087/609/113 3086/607/113
f 2677/489/113 2676/501/113 3088/610/113 3087/609/113
f 2676/501/113 2744/523/113 3085/608/113 3088/610/113
f 2743/522/113 2742/294/113 3090/359/113 3089/508/113
f 2742/294/113 2678/294/113 3091/359/113 3090/359/113
f 2678/294/113 2677/489/113 3092/360/113 3091/359/113
f 2677/489/113 2743/522/113 3089/508/113 3092/360/113
f 3114/537/110 3113/536/110 3116/536/110 3115/538/110
f 3122/543/110 3121/542/110 3124/544/110 3123/545/110
f 3130/511/110 3129/509/110 3132/509/110 3131/510/110
f 3146/558/112 3145/557/112 3148/559/112 3147/560/112
f 3154/565/112 3153/516/112 3156/514/112 3155/515/112
f 3162/567/112 3161/566/112 3164/568/112 3163/569/112
f 3170/574/111 3169/573/111 3172/575/111 3171/576/111
f 3182/507/111 3181/506/111 3184/506/111 3183/507/111
f 3194/588/111 3193/587/111 3196/589/111 3195/590/111
f 3206/513/113 3205/512/113 3208/512/113 3207/513/113
f 3218/598/113 3217/597/113 3220/599/113 3219/598/113
f 3226/605/113 3225/604/113 3228/604/113 3227/606/113
f 3234/508/113 3233/359/113 3236/359/113 3235/360/113
f 3042/303/112 3043/583/112 3188/583/112 3185/303/112
f 2965/534/109 2966/533/109 3109/533/109 3110/534/109
f 3043/583/108 3044/300/108 3187/300/108 3188/583/108
f 2968/535/113 2965/534/113 3110/534/113 3111/535/113
f 3017/567/109 3018/566/109 3161/566/109 3162/567/109
f 2966/533/111 2967/533/111 3112/533/111 3109/533/111
f 3020/569/111 3017/567/111 3162/567/111 3163/569/111
f 3069/596/109 3070/595/109 3213/595/109 3214/596/109
f 2967/533/108 2968/535/108 3111/535/108 3112/533/108
f 3018/566/113 3019/568/113 3164/568/113 3161/566/113
f 3072/596/112 3069/596/112 3214/596/112 3215/596/112
f 3019/568/108 3020/569/108 3163/569/108 3164/568/108
f 3070/595/110 3071/595/110 3216/595/110 3213/595/110
f 2993/551/109 2994/550/109 3137/550/109 3138/551/109
f 3071/595/108 3072/596/108 3215/596/108 3216/595/108
f 2996/552/111 2993/551/111 3138/551/111 3139/552/111
f 3045/585/109 3046/584/109 3189/584/109 3190/585/109
f 2994/550/113 2995/550/113 3140/550/113 3137/550/113
f 3048/585/110 3045/585/110 3190/585/110 3191/585/110
f 2995/550/108 2996/552/108 3139/552/108 3140/550/108
f 3046/584/112 3047/586/112 3192/586/112 3189/584/112
f 2969/537/109 2970/536/109 3113/536/109 3114/537/109
f 3047/586/108 3048/585/108 3191/585/108 3192/586/108
f 2972/538/113 2969/537/113 3114/537/113 3115/538/113
f 3021/571/109 3022/570/109 3165/570/109 3166/571/109
f 2970/536/111 2971/536/111 3116/536/111 3113/536/111
f 3024/571/110 3021/571/110 3166/571/110 3167/571/110
f 3073/598/109 3074/597/109 3217/597/109 3218/598/109
f 2971/536/108 2972/538/108 3115/538/108 3116/536/108
f 3022/570/112 3023/572/112 3168/572/112 3165/570/112
f 3076/598/112 3073/598/112 3218/598/112 3219/598/112
f 3023/572/108 3024/571/108 3167/571/108 3168/572/108
f 3074/597/110 3075/599/110 3220/599/110 3217/597/110
f 2997/554/109 2998/553/109 3141/553/109 3142/554/109
f 3075/599/108 3076/598/108 3219/598/108 3220/599/108
f 3000/556/111 2997/554/111 3142/554/111 3143/556/111
f 3049/588/109 3050/587/109 3193/587/109 3194/588/109
f 2998/553/113 2999/555/113 3144/555/113 3141/553/113
f 3052/590/110 3049/588/110 3194/588/110 3195/590/110
f 2999/555/108 3000/556/108 3143/556/108 3144/555/108
f 3050/587/112 3051/589/112 3196/589/112 3193/587/112
f 2973/540/109 2974/539/109 3117/539/109 3118/540/109
f 3051/589/108 3052/590/108 3195/590/108 3196/589/108
f 2976/540/113 2973/540/113 3118/540/113 3119/540/113
f 3025/574/109 3026/573/109 3169/573/109 3170/574/109
f 2974/539/111 2975/541/111 3120/541/111 3117/539/111
f 3028/576/110 3025/574/110 3170/574/110 3171/576/110
f 3077/601/109 3078/600/109 3221/600/109 3222/601/109
f 2975/541/108 2976/540/108 3119/540/108 3120/541/108
f 3026/573/112 3027/575/112 3172/575/112 3169/573/112
f 3080/603/112 3077/601/112 3222/601/112 3223/603/112
f 2949/526/109 2950/525/109 3093/525/109 3094/526/109
f 3027/575/108 3028/576/108 3171/576/108 3172/575/108
f 3078/600/110 3079/602/110 3224/602/110 3221/600/110
f 2952/526/112 2949/526/112 3094/526/112 3095/526/112
f 3001/558/109 3002/557/109 3145/557/109 3146/558/109
f 3079/602/108 3080/603/108 3223/603/108 3224/602/108
f 2950/525/110 2951/527/110 3096/527/110 3093/525/110
f 3004/560/111 3001/558/111 3146/558/111 3147/560/111
f 3053/592/109 3054/591/109 3197/591/109 3198/592/109
f 2951/527/108 2952/526/108 3095/526/108 3096/527/108
f 3002/557/113 3003/559/113 3148/559/113 3145/557/113
f 3056/592/110 3053/592/110 3198/592/110 3199/592/110
f 3003/559/108 3004/560/108 3147/560/108 3148/559/108
f 3054/591/112 3055/591/112 3200/591/112 3197/591/112
f 2977/543/109 2978/542/109 3121/542/109 3122/543/109
f 3055/591/108 3056/592/108 3199/592/108 3200/591/108
f 2980/545/113 2977/543/113 3122/543/113 3123/545/113
f 3029/578/109 3030/577/109 3173/577/109 3174/578/109
f 2978/542/111 2979/544/111 3124/544/111 3121/542/111
f 3032/578/110 3029/578/110 3174/578/110 3175/578/110
f 3081/605/109 3082/604/109 3225/604/109 3226/605/109
f 2979/544/108 2980/545/108 3123/545/108 3124/544/108
f 3030/577/112 3031/579/112 3176/579/112 3173/577/112
f 3084/606/112 3081/605/112 3226/605/112 3227/606/112
f 2953/529/109 2954/528/109 3097/528/109 3098/529/109
f 3031/579/108 3032/578/108 3175/578/108 3176/579/108
f 3082/604/110 3083/604/110 3228/604/110 3225/604/110
f 2956/529/110 2953/529/110 3098/529/110 3099/529/110
f 3005/562/109 3006/561/109 3149/561/109 3150/562/109
f 3083/604/108 3084/606/108 3227/606/108 3228/604/108
f 2954/528/112 2955/530/112 3100/530/112 3097/528/112
f 3008/564/111 3005/562/111 3150/562/111 3151/564/111
f 3057/594/109 3058/593/109 3201/593/109 3202/594/109
f 2955/530/108 2956/529/108 3099/529/108 3100/530/108
f 3006/561/113 3007/563/113 3152/563/113 3149/561/113
f 3060/594/112 3057/594/112 3202/594/112 3203/594/112
f 3007/563/108 3008/564/108 3151/564/108 3152/563/108
f 3058/593/110 3059/593/110 3204/593/110 3201/593/110
f 2981/547/109 2982/546/109 3125/546/109 3126/547/109
f 3059/593/108 3060/594/108 3203/594/108 3204/593/108
f 2984/549/113 2981/547/113 3126/547/113 3127/549/113
f 3033/581/109 3034/580/109 3177/580/109 3178/581/109
f 2982/546/111 2983/548/111 3128/548/111 3125/546/111
f 3036/581/110 3033/581/110 3178/581/110 3179/581/110
f 3085/608/109 3086/607/109 3229/607/109 3230/608/109
f 2983/548/108 2984/549/108 3127/549/108 3128/548/108
f 3034/580/112 3035/582/112 3180/582/112 3177/580/112
f 3088/610/112 3085/608/112 3230/608/112 3231/610/112
f 2957/532/109 2958/531/109 3101/531/109 3102/532/109
f 3035/582/108 3036/581/108 3179/581/108 3180/582/108
f 3086/607/110 3087/609/110 3232/609/110 3229/607/110
f 2960/518/111 2957/532/111 3102/532/111 3103/518/111
f 3009/565/109 3010/516/109 3153/516/109 3154/565/109
f 3087/609/108 3088/610/108 3231/610/108 3232/609/108
f 2958/531/113 2959/517/113 3104/517/113 3101/531/113
f 3012/515/111 3009/565/111 3154/565/111 3155/515/111
f 3061/513/109 3062/512/109 3205/512/109 3206/513/109
f 3570/291/108 3268/292/108 3240/293/108 3362/294/108
f 3390/295/109 3247/296/109 3255/296/109 3426/297/109
f 3693/298/108 3694/299/108 3837/299/108 3838/298/108
f 3746/300/110 3743/301/110 3888/301/110 3889/300/110
f 3692/302/111 3693/298/111 3838/298/111 3835/302/111
f 3743/301/109 3744/303/109 3887/303/109 3888/301/109
f 3515/304/109 3398/305/109 3248/293/109 3296/306/109
f 3581/307/108 3582/296/108 3251/296/108 3309/307/108
f 3585/308/108 3586/309/108 3249/309/108 3316/308/108
f 3289/310/109 3246/311/109 3254/311/109 3317/310/109
f 3316/308/112 3249/309/112 3253/309/112 3330/308/112
f 3309/307/110 3251/296/110 3255/296/110 3323/312/110
f 3416/313/113 3252/293/113 3256/293/113 3434/313/113
f 3407/314/111 3250/311/111 3254/311/111 3425/314/111
f 3381/315/109 3245/309/109 3253/309/109 3417/316/109
f 3583/294/108 3584/293/108 3252/293/108 3416/313/108
f 3296/306/109 3248/293/109 3256/293/109 3324/306/109
f 3579/314/108 3580/311/108 3250/311/108 3407/314/108
f 3267/312/110 3238/296/110 3594/296/110 3607/312/110
f 3274/317/112 3239/309/112 3592/309/112 3613/308/112
f 3353/314/111 3237/311/111 3259/311/111 3635/314/111
f 3362/294/113 3240/293/113 3257/293/113 3643/294/113
f 3240/293/112 3268/292/112 3589/292/112 3257/293/112
f 3268/292/112 3269/318/112 3618/318/112 3589/292/112
f 3269/318/112 3270/319/112 3617/320/112 3618/318/112
f 3270/319/112 3271/321/112 3616/322/112 3617/320/112
f 3271/321/112 3272/323/112 3615/324/112 3616/322/112
f 3272/323/112 3273/325/112 3614/325/112 3615/324/112
f 3273/325/112 3274/317/112 3613/308/112 3614/325/112
f 3237/311/110 3261/310/110 3587/326/110 3259/311/110
f 3261/310/110 3262/327/110 3612/328/110 3587/326/110
f 3262/327/110 3263/329/110 3611/330/110 3612/328/110
f 3263/329/110 3264/331/110 3610/331/110 3611/330/110
f 3264/331/110 3265/332/110 3609/332/110 3610/331/110
f 3265/332/110 3266/333/110 3608/333/110 3609/332/110
f 3266/333/110 3267/312/110 3607/312/110 3608/333/110
f 3245/309/109 3302/308/109 3330/308/109 3253/309/109
f 3302/308/109 3301/325/109 3329/334/109 3330/308/109
f 3301/325/109 3300/335/109 3328/324/109 3329/334/109
f 3300/335/109 3299/322/109 3327/322/109 3328/324/109
f 3299/322/109 3298/336/109 3326/319/109 3327/322/109
f 3298/336/109 3297/318/109 3325/318/109 3326/319/109
f 3297/318/109 3296/306/109 3324/306/109 3325/318/109
f 3250/311/110 3303/310/110 3317/310/110 3254/311/110
f 3303/310/110 3304/327/110 3318/327/110 3317/310/110
f 3304/327/110 3305/337/110 3319/329/110 3318/327/110
f 3305/337/110 3306/331/110 3320/331/110 3319/329/110
f 3306/331/110 3307/332/110 3321/332/110 3320/331/110
f 3307/332/110 3308/333/110 3322/333/110 3321/332/110
f 3308/333/110 3309/307/110 3323/312/110 3322/333/110
f 3252/293/112 3310/292/112 3324/306/112 3256/293/112
f 3310/292/112 3311/318/112 3325/318/112 3324/306/112
f 3311/318/112 3312/319/112 3326/319/112 3325/318/112
f 3312/319/112 3313/322/112 3327/322/112 3326/319/112
f 3313/322/112 3314/338/112 3328/324/112 3327/322/112
f 3314/338/112 3315/334/112 3329/334/112 3328/324/112
f 3315/334/112 3316/308/112 3330/308/112 3329/334/112
f 3247/296/109 3295/307/109 3323/312/109 3255/296/109
f 3295/307/109 3294/333/109 3322/333/109 3323/312/109
f 3294/333/109 3293/339/109 3321/332/109 3322/333/109
f 3293/339/109 3292/331/109 3320/331/109 3321/332/109
f 3292/331/109 3291/329/109 3319/329/109 3320/331/109
f 3291/329/109 3290/327/109 3318/327/109 3319/329/109
f 3290/327/109 3289/310/109 3317/310/109 3318/327/109
f 3584/293/108 3601/306/108 3310/292/108 3252/293/108
f 3601/306/108 3602/340/108 3311/318/108 3310/292/108
f 3602/340/108 3603/319/108 3312/319/108 3311/318/108
f 3603/319/108 3604/322/108 3313/322/108 3312/319/108
f 3604/322/108 3605/324/108 3314/338/108 3313/322/108
f 3605/324/108 3606/341/108 3315/334/108 3314/338/108
f 3606/341/108 3585/308/108 3316/308/108 3315/334/108
f 3580/311/108 3595/310/108 3303/310/108 3250/311/108
f 3595/310/108 3596/328/108 3304/327/108 3303/310/108
f 3596/328/108 3597/329/108 3305/337/108 3304/327/108
f 3597/329/108 3598/331/108 3306/331/108 3305/337/108
f 3598/331/108 3599/332/108 3307/332/108 3306/331/108
f 3599/332/108 3600/342/108 3308/333/108 3307/332/108
f 3600/342/108 3581/307/108 3309/307/108 3308/333/108
f 3381/315/109 3461/343/109 3302/308/109 3245/309/109
f 3461/343/109 3470/344/109 3301/325/109 3302/308/109
f 3470/344/109 3479/345/109 3300/335/109 3301/325/109
f 3479/345/109 3488/346/109 3299/322/109 3300/335/109
f 3488/346/109 3497/347/109 3298/336/109 3299/322/109
f 3497/347/109 3506/348/109 3297/318/109 3298/336/109
f 3506/348/109 3515/304/109 3296/306/109 3297/318/109
f 3694/299/113 3691/299/113 3836/299/113 3837/299/113
f 3769/349/108 3770/350/108 3913/350/108 3914/349/108
f 3691/299/109 3692/302/109 3835/302/109 3836/299/109
f 3768/351/110 3769/349/110 3914/349/110 3911/351/110
f 3717/352/108 3718/353/108 3861/353/108 3862/352/108
f 3770/350/112 3767/354/112 3912/354/112 3913/350/112
f 3716/355/113 3717/352/113 3862/352/113 3859/355/113
f 3665/356/108 3666/357/108 3809/357/108 3810/356/108
f 3767/354/109 3768/351/109 3911/351/109 3912/354/109
f 3718/353/111 3715/358/111 3860/358/111 3861/353/111
f 3664/356/111 3665/356/111 3810/356/111 3807/356/111
f 3793/359/108 3794/360/108 3937/360/108 3938/359/108
f 3715/358/109 3716/355/109 3859/355/109 3860/358/109
f 3666/357/113 3663/361/113 3808/361/113 3809/357/113
f 3345/316/108 3239/309/108 3274/317/108 3516/362/108
f 3516/362/108 3274/317/108 3273/325/108 3525/363/108
f 3525/363/108 3273/325/108 3272/323/108 3534/364/108
f 3534/364/108 3272/323/108 3271/321/108 3543/365/108
f 3543/365/108 3271/321/108 3270/319/108 3552/366/108
f 3552/366/108 3270/319/108 3269/318/108 3561/367/108
f 3561/367/108 3269/318/108 3268/292/108 3570/291/108
f 3266/333/108 3569/368/108 3578/369/108 3267/312/108
f 3569/368/108 3568/370/108 3577/371/108 3578/369/108
f 3568/370/108 3567/372/108 3576/373/108 3577/371/108
f 3567/372/108 3566/374/108 3575/375/108 3576/373/108
f 3566/374/108 3565/376/108 3574/377/108 3575/375/108
f 3565/376/108 3564/378/108 3573/379/108 3574/377/108
f 3564/378/108 3563/380/108 3572/381/108 3573/379/108
f 3563/380/108 3562/382/108 3571/383/108 3572/381/108
f 3562/382/108 3561/367/108 3570/291/108 3571/383/108
f 3265/332/108 3560/384/108 3569/368/108 3266/333/108
f 3560/384/108 3559/385/108 3568/370/108 3569/368/108
f 3559/385/108 3558/386/108 3567/372/108 3568/370/108
f 3558/386/108 3557/387/108 3566/374/108 3567/372/108
f 3557/387/108 3556/388/108 3565/376/108 3566/374/108
f 3556/388/108 3555/389/108 3564/378/108 3565/376/108
f 3555/389/108 3554/390/108 3563/380/108 3564/378/108
f 3554/390/108 3553/391/108 3562/382/108 3563/380/108
f 3553/391/108 3552/366/108 3561/367/108 3562/382/108
f 3264/331/108 3551/392/108 3560/384/108 3265/332/108
f 3551/392/108 3550/393/108 3559/385/108 3560/384/108
f 3550/393/108 3549/394/108 3558/386/108 3559/385/108
f 3549/394/108 3548/395/108 3557/387/108 3558/386/108
f 3548/395/108 3547/396/108 3556/388/108 3557/387/108
f 3547/396/108 3546/397/108 3555/389/108 3556/388/108
f 3546/397/108 3545/398/108 3554/390/108 3555/389/108
f 3545/398/108 3544/399/108 3553/391/108 3554/390/108
f 3544/399/108 3543/365/108 3552/366/108 3553/391/108
f 3263/329/108 3542/400/108 3551/392/108 3264/331/108
f 3542/400/108 3541/401/108 3550/393/108 3551/392/108
f 3541/401/108 3540/402/108 3549/394/108 3550/393/108
f 3540/402/108 3539/403/108 3548/395/108 3549/394/108
f 3539/403/108 3538/404/108 3547/396/108 3548/395/108
f 3538/404/108 3537/405/108 3546/397/108 3547/396/108
f 3537/405/108 3536/406/108 3545/398/108 3546/397/108
f 3536/406/108 3535/407/108 3544/399/108 3545/398/108
f 3535/407/108 3534/364/108 3543/365/108 3544/399/108
f 3262/327/108 3533/408/108 3542/400/108 3263/329/108
f 3533/408/108 3532/409/108 3541/401/108 3542/400/108
f 3532/409/108 3531/410/108 3540/402/108 3541/401/108
f 3531/410/108 3530/411/108 3539/403/108 3540/402/108
f 3530/411/108 3529/412/108 3538/404/108 3539/403/108
f 3529/412/108 3528/413/108 3537/405/108 3538/404/108
f 3528/413/108 3527/414/108 3536/406/108 3537/405/108
f 3527/414/108 3526/415/108 3535/407/108 3536/406/108
f 3526/415/108 3525/363/108 3534/364/108 3535/407/108
f 3261/310/108 3524/416/108 3533/408/108 3262/327/108
f 3524/416/108 3523/417/108 3532/409/108 3533/408/108
f 3523/417/108 3522/418/108 3531/410/108 3532/409/108
f 3522/418/108 3521/419/108 3530/411/108 3531/410/108
f 3521/419/108 3520/420/108 3529/412/108 3530/411/108
f 3520/420/108 3519/421/108 3528/413/108 3529/412/108
f 3519/421/108 3518/422/108 3527/414/108 3528/413/108
f 3518/422/108 3517/423/108 3526/415/108 3527/414/108
f 3517/423/108 3516/362/108 3525/363/108 3526/415/108
f 3237/311/108 3353/314/108 3524/416/108 3261/310/108
f 3353/314/108 3352/424/108 3523/417/108 3524/416/108
f 3352/424/108 3351/425/108 3522/418/108 3523/417/108
f 3351/425/108 3350/426/108 3521/419/108 3522/418/108
f 3350/426/108 3349/427/108 3520/420/108 3521/419/108
f 3349/427/108 3348/428/108 3519/421/108 3520/420/108
f 3348/428/108 3347/429/108 3518/422/108 3519/421/108
f 3347/429/108 3346/430/108 3517/423/108 3518/422/108
f 3346/430/108 3345/316/108 3516/362/108 3517/423/108
f 3294/333/109 3295/307/109 3507/369/109 3498/431/109
f 3498/431/109 3507/369/109 3508/371/109 3499/432/109
f 3499/432/109 3508/371/109 3509/433/109 3500/434/109
f 3500/434/109 3509/433/109 3510/435/109 3501/436/109
f 3501/436/109 3510/435/109 3511/437/109 3502/376/109
f 3502/376/109 3511/437/109 3512/379/109 3503/438/109
f 3503/438/109 3512/379/109 3513/381/109 3504/439/109
f 3504/439/109 3513/381/109 3514/440/109 3505/441/109
f 3505/441/109 3514/440/109 3515/304/109 3506/348/109
f 3293/339/109 3294/333/109 3498/431/109 3489/442/109
f 3489/442/109 3498/431/109 3499/432/109 3490/443/109
f 3490/443/109 3499/432/109 3500/434/109 3491/444/109
f 3491/444/109 3500/434/109 3501/436/109 3492/445/109
f 3492/445/109 3501/436/109 3502/376/109 3493/446/109
f 3493/446/109 3502/376/109 3503/438/109 3494/447/109
f 3494/447/109 3503/438/109 3504/439/109 3495/448/109
f 3495/448/109 3504/439/109 3505/441/109 3496/449/109
f 3496/449/109 3505/441/109 3506/348/109 3497/347/109
f 3292/331/109 3293/339/109 3489/442/109 3480/450/109
f 3480/450/109 3489/442/109 3490/443/109 3481/451/109
f 3481/451/109 3490/443/109 3491/444/109 3482/452/109
f 3482/452/109 3491/444/109 3492/445/109 3483/453/109
f 3483/453/109 3492/445/109 3493/446/109 3484/454/109
f 3484/454/109 3493/446/109 3494/447/109 3485/455/109
f 3485/455/109 3494/447/109 3495/448/109 3486/456/109
f 3486/456/109 3495/448/109 3496/449/109 3487/457/109
f 3487/457/109 3496/449/109 3497/347/109 3488/346/109
f 3291/329/109 3292/331/109 3480/450/109 3471/458/109
f 3471/458/109 3480/450/109 3481/451/109 3472/459/109
f 3472/459/109 3481/451/109 3482/452/109 3473/460/109
f 3473/460/109 3482/452/109 3483/453/109 3474/461/109
f 3474/461/109 3483/453/109 3484/454/109 3475/462/109
f 3475/462/109 3484/454/109 3485/455/109 3476/463/109
f 3476/463/109 3485/455/109 3486/456/109 3477/464/109
f 3477/464/109 3486/456/109 3487/457/109 3478/465/109
f 3478/465/109 3487/457/109 3488/346/109 3479/345/109
f 3290/327/109 3291/329/109 3471/458/109 3462/408/109
f 3462/408/109 3471/458/109 3472/459/109 3463/466/109
f 3463/466/109 3472/459/109 3473/460/109 3464/410/109
f 3464/410/109 3473/460/109 3474/461/109 3465/467/109
f 3465/467/109 3474/461/109 3475/462/109 3466/412/109
f 3466/412/109 3475/462/109 3476/463/109 3467/413/109
f 3467/413/109 3476/463/109 3477/464/109 3468/468/109
f 3468/468/109 3477/464/109 3478/465/109 3469/469/109
f 3469/469/109 3478/465/109 3479/345/109 3470/344/109
f 3289/310/109 3290/327/109 3462/408/109 3453/470/109
f 3453/470/109 3462/408/109 3463/466/109 3454/471/109
f 3454/471/109 3463/466/109 3464/410/109 3455/472/109
f 3455/472/109 3464/410/109 3465/467/109 3456/473/109
f 3456/473/109 3465/467/109 3466/412/109 3457/474/109
f 3457/474/109 3466/412/109 3467/413/109 3458/475/109
f 3458/475/109 3467/413/109 3468/468/109 3459/476/109
f 3459/476/109 3468/468/109 3469/469/109 3460/477/109
f 3460/477/109 3469/469/109 3470/344/109 3461/343/109
f 3246/311/109 3289/310/109 3453/470/109 3389/314/109
f 3389/314/109 3453/470/109 3454/471/109 3388/424/109
f 3388/424/109 3454/471/109 3455/472/109 3387/425/109
f 3387/425/109 3455/472/109 3456/473/109 3386/426/109
f 3386/426/109 3456/473/109 3457/474/109 3385/478/109
f 3385/478/109 3457/474/109 3458/475/109 3384/428/109
f 3384/428/109 3458/475/109 3459/476/109 3383/479/109
f 3383/479/109 3459/476/109 3460/477/109 3382/430/109
f 3382/430/109 3460/477/109 3461/343/109 3381/315/109
f 3238/296/113 3354/295/113 3593/295/113 3594/296/113
f 3354/295/113 3355/480/113 3650/480/113 3593/295/113
f 3355/480/113 3356/481/113 3649/481/113 3650/480/113
f 3356/481/113 3357/482/113 3648/483/113 3649/481/113
f 3357/482/113 3358/484/113 3647/485/113 3648/483/113
f 3358/484/113 3359/486/113 3646/486/113 3647/485/113
f 3359/486/113 3360/487/113 3645/488/113 3646/486/113
f 3360/487/113 3361/489/113 3644/489/113 3645/488/113
f 3361/489/113 3362/294/113 3643/294/113 3644/489/113
f 3239/309/111 3345/316/111 3591/316/111 3592/309/111
f 3345/316/111 3346/430/111 3642/430/111 3591/316/111
f 3346/430/111 3347/429/111 3641/429/111 3642/430/111
f 3347/429/111 3348/428/111 3640/428/111 3641/429/111
f 3348/428/111 3349/427/111 3639/427/111 3640/428/111
f 3349/427/111 3350/426/111 3638/490/111 3639/427/111
f 3350/426/111 3351/425/111 3637/425/111 3638/490/111
f 3351/425/111 3352/424/111 3636/424/111 3637/425/111
f 3352/424/111 3353/314/111 3635/314/111 3636/424/111
f 3586/309/108 3619/315/108 3399/316/108 3249/309/108
f 3619/315/108 3620/430/108 3400/491/108 3399/316/108
f 3620/430/108 3621/429/108 3401/429/108 3400/491/108
f 3621/429/108 3622/428/108 3402/428/108 3401/429/108
f 3622/428/108 3623/492/108 3403/427/108 3402/428/108
f 3623/492/108 3624/493/108 3404/493/108 3403/427/108
f 3624/493/108 3625/425/108 3405/425/108 3404/493/108
f 3625/425/108 3626/424/108 3406/424/108 3405/425/108
f 3626/424/108 3579/314/108 3407/314/108 3406/424/108
f 3582/296/108 3627/295/108 3408/297/108 3251/296/108
f 3627/295/108 3628/480/108 3409/494/108 3408/297/108
f 3628/480/108 3629/495/108 3410/481/108 3409/494/108
f 3629/495/108 3630/496/108 3411/497/108 3410/481/108
f 3630/496/108 3631/498/108 3412/485/108 3411/497/108
f 3631/498/108 3632/499/108 3413/500/108 3412/485/108
f 3632/499/108 3633/501/108 3414/502/108 3413/500/108
f 3633/501/108 3634/489/108 3415/489/108 3414/502/108
f 3634/489/108 3583/294/108 3416/313/108 3415/489/108
f 3246/311/109 3389/314/109 3425/314/109 3254/311/109
f 3389/314/109 3388/424/109 3424/424/109 3425/314/109
f 3388/424/109 3387/425/109 3423/425/109 3424/424/109
f 3387/425/109 3386/426/109 3422/426/109 3423/425/109
f 3386/426/109 3385/478/109 3421/427/109 3422/426/109
f 3385/478/109 3384/428/109 3420/428/109 3421/427/109
f 3384/428/109 3383/479/109 3419/429/109 3420/428/109
f 3383/479/109 3382/430/109 3418/430/109 3419/429/109
f 3382/430/109 3381/315/109 3417/316/109 3418/430/109
f 3249/309/111 3399/316/111 3417/316/111 3253/309/111
f 3399/316/111 3400/491/111 3418/430/111 3417/316/111
f 3400/491/111 3401/429/111 3419/429/111 3418/430/111
f 3401/429/111 3402/428/111 3420/428/111 3419/429/111
f 3402/428/111 3403/427/111 3421/427/111 3420/428/111
f 3403/427/111 3404/493/111 3422/426/111 3421/427/111
f 3404/493/111 3405/425/111 3423/425/111 3422/426/111
f 3405/425/111 3406/424/111 3424/424/111 3423/425/111
f 3406/424/111 3407/314/111 3425/314/111 3424/424/111
f 3251/296/113 3408/297/113 3426/297/113 3255/296/113
f 3408/297/113 3409/494/113 3427/503/113 3426/297/113
f 3409/494/113 3410/481/113 3428/481/113 3427/503/113
f 3410/481/113 3411/497/113 3429/504/113 3428/481/113
f 3411/497/113 3412/485/113 3430/485/113 3429/504/113
f 3412/485/113 3413/500/113 3431/500/113 3430/485/113
f 3413/500/113 3414/502/113 3432/502/113 3431/500/113
f 3414/502/113 3415/489/113 3433/489/113 3432/502/113
f 3415/489/113 3416/313/113 3434/313/113 3433/489/113
f 3295/307/109 3247/296/109 3390/295/109 3507/369/109
f 3507/369/109 3390/295/109 3391/480/109 3508/371/109
f 3508/371/109 3391/480/109 3392/481/109 3509/433/109
f 3509/433/109 3392/481/109 3393/505/109 3510/435/109
f 3510/435/109 3393/505/109 3394/485/109 3511/437/109
f 3511/437/109 3394/485/109 3395/500/109 3512/379/109
f 3512/379/109 3395/500/109 3396/487/109 3513/381/109
f 3513/381/109 3396/487/109 3397/489/109 3514/440/109
f 3514/440/109 3397/489/109 3398/305/109 3515/304/109
f 3792/359/110 3793/359/110 3938/359/110 3935/359/110
f 3741/506/108 3742/507/108 3885/507/108 3886/506/108
f 3663/361/109 3664/356/109 3807/356/109 3808/361/109
f 3794/360/112 3791/508/112 3936/508/112 3937/360/112
f 3740/506/112 3741/506/112 3886/506/112 3883/506/112
f 3689/509/108 3690/510/108 3833/510/108 3834/509/108
f 3791/508/109 3792/359/109 3935/359/109 3936/508/109
f 3742/507/110 3739/507/110 3884/507/110 3885/507/110
f 3688/509/111 3689/509/111 3834/509/111 3831/509/111
f 3739/507/109 3740/506/109 3883/506/109 3884/507/109
f 3690/510/113 3687/511/113 3832/511/113 3833/510/113
f 3765/512/108 3766/513/108 3909/513/108 3910/512/108
f 3687/511/109 3688/509/109 3831/509/109 3832/511/109
f 3764/512/110 3765/512/110 3910/512/110 3907/512/110
f 3713/514/108 3714/515/108 3857/515/108 3858/514/108
f 3766/513/112 3763/513/112 3908/513/112 3909/513/112
f 3712/516/113 3713/514/113 3858/514/113 3855/516/113
f 3661/517/108 3662/518/108 3805/518/108 3806/517/108
f 3248/293/109 3398/305/109 3434/313/109 3256/293/109
f 3398/305/109 3397/489/109 3433/489/109 3434/313/109
f 3397/489/109 3396/487/109 3432/502/109 3433/489/109
f 3396/487/109 3395/500/109 3431/500/109 3432/502/109
f 3395/500/109 3394/485/109 3430/485/109 3431/500/109
f 3394/485/109 3393/505/109 3429/504/109 3430/485/109
f 3393/505/109 3392/481/109 3428/481/109 3429/504/109
f 3392/481/109 3391/480/109 3427/503/109 3428/481/109
f 3391/480/109 3390/295/109 3426/297/109 3427/503/109
f 3267/312/108 3578/369/108 3354/295/108 3238/296/108
f 3578/369/108 3577/371/108 3355/480/108 3354/295/108
f 3577/371/108 3576/373/108 3356/481/108 3355/480/108
f 3576/373/108 3575/375/108 3357/482/108 3356/481/108
f 3575/375/108 3574/377/108 3358/484/108 3357/482/108
f 3574/377/108 3573/379/108 3359/486/108 3358/484/108
f 3573/379/108 3572/381/108 3360/487/108 3359/486/108
f 3572/381/108 3571/383/108 3361/489/108 3360/487/108
f 3571/383/108 3570/291/108 3362/294/108 3361/489/108
f 3371/314/111 3242/311/111 3580/311/111 3579/314/111
f 3281/312/110 3243/296/110 3582/296/110 3581/307/110
f 3380/294/113 3244/293/113 3584/293/113 3583/294/113
f 3288/308/112 3241/309/112 3586/309/112 3585/308/112
f 3337/326/110 3588/311/110 3259/311/110 3587/326/110
f 3344/292/112 3590/293/112 3257/293/112 3589/292/112
f 3443/316/111 3260/309/111 3592/309/111 3591/316/111
f 3452/295/113 3258/296/113 3594/296/113 3593/295/113
f 3242/311/110 3275/310/110 3595/310/110 3580/311/110
f 3275/310/110 3276/328/110 3596/328/110 3595/310/110
f 3276/328/110 3277/329/110 3597/329/110 3596/328/110
f 3277/329/110 3278/331/110 3598/331/110 3597/329/110
f 3278/331/110 3279/332/110 3599/332/110 3598/331/110
f 3279/332/110 3280/519/110 3600/342/110 3599/332/110
f 3280/519/110 3281/312/110 3581/307/110 3600/342/110
f 3244/293/112 3282/306/112 3601/306/112 3584/293/112
f 3282/306/112 3283/340/112 3602/340/112 3601/306/112
f 3283/340/112 3284/319/112 3603/319/112 3602/340/112
f 3284/319/112 3285/322/112 3604/322/112 3603/319/112
f 3285/322/112 3286/324/112 3605/324/112 3604/322/112
f 3286/324/112 3287/341/112 3606/341/112 3605/324/112
f 3287/341/112 3288/308/112 3585/308/112 3606/341/112
f 3258/296/110 3331/312/110 3607/312/110 3594/296/110
f 3331/312/110 3332/342/110 3608/333/110 3607/312/110
f 3332/342/110 3333/332/110 3609/332/110 3608/333/110
f 3333/332/110 3334/331/110 3610/331/110 3609/332/110
f 3334/331/110 3335/330/110 3611/330/110 3610/331/110
f 3335/330/110 3336/328/110 3612/328/110 3611/330/110
f 3336/328/110 3337/326/110 3587/326/110 3612/328/110
f 3260/309/112 3338/308/112 3613/308/112 3592/309/112
f 3338/308/112 3339/325/112 3614/325/112 3613/308/112
f 3339/325/112 3340/324/112 3615/324/112 3614/325/112
f 3340/324/112 3341/322/112 3616/322/112 3615/324/112
f 3341/322/112 3342/320/112 3617/320/112 3616/322/112
f 3342/320/112 3343/318/112 3618/318/112 3617/320/112
f 3343/318/112 3344/292/112 3589/292/112 3618/318/112
f 3241/309/111 3363/315/111 3619/315/111 3586/309/111
f 3363/315/111 3364/430/111 3620/430/111 3619/315/111
f 3364/430/111 3365/429/111 3621/429/111 3620/430/111
f 3365/429/111 3366/428/111 3622/428/111 3621/429/111
f 3366/428/111 3367/492/111 3623/492/111 3622/428/111
f 3367/492/111 3368/520/111 3624/493/111 3623/492/111
f 3368/520/111 3369/425/111 3625/425/111 3624/493/111
f 3369/425/111 3370/424/111 3626/424/111 3625/425/111
f 3370/424/111 3371/314/111 3579/314/111 3626/424/111
f 3243/296/113 3372/295/113 3627/295/113 3582/296/113
f 3372/295/113 3373/480/113 3628/480/113 3627/295/113
f 3373/480/113 3374/495/113 3629/495/113 3628/480/113
f 3374/495/113 3375/505/113 3630/496/113 3629/495/113
f 3375/505/113 3376/498/113 3631/498/113 3630/496/113
f 3376/498/113 3377/499/113 3632/499/113 3631/498/113
f 3377/499/113 3378/501/113 3633/501/113 3632/499/113
f 3378/501/113 3379/489/113 3634/489/113 3633/501/113
f 3379/489/113 3380/294/113 3583/294/113 3634/489/113
f 3588/311/111 3435/314/111 3635/314/111 3259/311/111
f 3435/314/111 3436/521/111 3636/424/111 3635/314/111
f 3436/521/111 3437/425/111 3637/425/111 3636/424/111
f 3437/425/111 3438/490/111 3638/490/111 3637/425/111
f 3438/490/111 3439/427/111 3639/427/111 3638/490/111
f 3439/427/111 3440/428/111 3640/428/111 3639/427/111
f 3440/428/111 3441/429/111 3641/429/111 3640/428/111
f 3441/429/111 3442/430/111 3642/430/111 3641/429/111
f 3442/430/111 3443/316/111 3591/316/111 3642/430/111
f 3590/293/113 3444/294/113 3643/294/113 3257/293/113
f 3444/294/113 3445/522/113 3644/489/113 3643/294/113
f 3445/522/113 3446/523/113 3645/488/113 3644/489/113
f 3446/523/113 3447/499/113 3646/486/113 3645/488/113
f 3447/499/113 3448/485/113 3647/485/113 3646/486/113
f 3448/485/113 3449/483/113 3648/483/113 3647/485/113
f 3449/483/113 3450/524/113 3649/481/113 3648/483/113
f 3450/524/113 3451/480/113 3650/480/113 3649/481/113
f 3451/480/113 3452/295/113 3593/295/113 3650/480/113
f 3444/294/113 3590/293/113 3652/525/113 3651/526/113
f 3590/293/113 3244/293/113 3653/527/113 3652/525/113
f 3244/293/113 3380/294/113 3654/526/113 3653/527/113
f 3380/294/113 3444/294/113 3651/526/113 3654/526/113
f 3435/314/111 3588/311/111 3656/528/111 3655/529/111
f 3588/311/111 3242/311/111 3657/530/111 3656/528/111
f 3242/311/111 3371/314/111 3658/529/111 3657/530/111
f 3371/314/111 3435/314/111 3655/529/111 3658/529/111
f 3338/308/112 3260/309/112 3660/531/112 3659/532/112
f 3260/309/112 3241/309/112 3661/517/112 3660/531/112
f 3241/309/112 3288/308/112 3662/518/112 3661/517/112
f 3288/308/112 3338/308/112 3659/532/112 3662/518/112
f 3331/312/110 3258/296/110 3664/356/110 3663/361/110
f 3258/296/110 3243/296/110 3665/356/110 3664/356/110
f 3243/296/110 3281/312/110 3666/357/110 3665/356/110
f 3281/312/110 3331/312/110 3663/361/110 3666/357/110
f 3588/311/110 3337/326/110 3668/533/110 3667/534/110
f 3337/326/110 3275/310/110 3669/533/110 3668/533/110
f 3275/310/110 3242/311/110 3670/535/110 3669/533/110
f 3242/311/110 3588/311/110 3667/534/110 3670/535/110
f 3337/326/110 3336/328/110 3672/536/110 3671/537/110
f 3336/328/110 3276/328/110 3673/536/110 3672/536/110
f 3276/328/110 3275/310/110 3674/538/110 3673/536/110
f 3275/310/110 3337/326/110 3671/537/110 3674/538/110
f 3336/328/110 3335/330/110 3676/539/110 3675/540/110
f 3335/330/110 3277/329/110 3677/541/110 3676/539/110
f 3277/329/110 3276/328/110 3678/540/110 3677/541/110
f 3276/328/110 3336/328/110 3675/540/110 3678/540/110
f 3335/330/110 3334/331/110 3680/542/110 3679/543/110
f 3334/331/110 3278/331/110 3681/544/110 3680/542/110
f 3278/331/110 3277/329/110 3682/545/110 3681/544/110
f 3277/329/110 3335/330/110 3679/543/110 3682/545/110
f 3334/331/110 3333/332/110 3684/546/110 3683/547/110
f 3333/332/110 3279/332/110 3685/548/110 3684/546/110
f 3279/332/110 3278/331/110 3686/549/110 3685/548/110
f 3278/331/110 3334/331/110 3683/547/110 3686/549/110
f 3333/332/110 3332/342/110 3688/509/110 3687/511/110
f 3332/342/110 3280/519/110 3689/509/110 3688/509/110
f 3280/519/110 3279/332/110 3690/510/110 3689/509/110
f 3279/332/110 3333/332/110 3687/511/110 3690/510/110
f 3332/342/110 3331/312/110 3692/302/110 3691/299/110
f 3331/312/110 3281/312/110 3693/298/110 3692/302/110
f 3281/312/110 3280/519/110 3694/299/110 3693/298/110
f 3280/519/110 3332/342/110 3691/299/110 3694/299/110
f 3590/293/112 3344/292/112 3696/550/112 3695/551/112
f 3344/292/112 3282/306/112 3697/550/112 3696/550/112
f 3282/306/112 3244/293/112 3698/552/112 3697/550/112
f 3244/293/112 3590/293/112 3695/551/112 3698/552/112
f 3344/292/112 3343/318/112 3700/553/112 3699/554/112
f 3343/318/112 3283/340/112 3701/555/112 3700/553/112
f 3283/340/112 3282/306/112 3702/556/112 3701/555/112
f 3282/306/112 3344/292/112 3699/554/112 3702/556/112
f 3343/318/112 3342/320/112 3704/557/112 3703/558/112
f 3342/320/112 3284/319/112 3705/559/112 3704/557/112
f 3284/319/112 3283/340/112 3706/560/112 3705/559/112
f 3283/340/112 3343/318/112 3703/558/112 3706/560/112
f 3342/320/112 3341/322/112 3708/561/112 3707/562/112
f 3341/322/112 3285/322/112 3709/563/112 3708/561/112
f 3285/322/112 3284/319/112 3710/564/112 3709/563/112
f 3284/319/112 3342/320/112 3707/562/112 3710/564/112
f 3341/322/112 3340/324/112 3712/516/112 3711/565/112
f 3340/324/112 3286/324/112 3713/514/112 3712/516/112
f 3286/324/112 3285/322/112 3714/515/112 3713/514/112
f 3285/322/112 3341/322/112 3711/565/112 3714/515/112
f 3340/324/112 3339/325/112 3716/355/112 3715/358/112
f 3339/325/112 3287/341/112 3717/352/112 3716/355/112
f 3287/341/112 3286/324/112 3718/353/112 3717/352/112
f 3286/324/112 3340/324/112 3715/358/112 3718/353/112
f 3339/325/112 3338/308/112 3720/566/112 3719/567/112
f 3338/308/112 3288/308/112 3721/568/112 3720/566/112
f 3288/308/112 3287/341/112 3722/569/112 3721/568/112
f 3287/341/112 3339/325/112 3719/567/112 3722/569/112
f 3260/309/111 3443/316/111 3724/570/111 3723/571/111
f 3443/316/111 3363/315/111 3725/572/111 3724/570/111
f 3363/315/111 3241/309/111 3726/571/111 3725/572/111
f 3241/309/111 3260/309/111 3723/571/111 3726/571/111
f 3443/316/111 3442/430/111 3728/573/111 3727/574/111
f 3442/430/111 3364/430/111 3729/575/111 3728/573/111
f 3364/430/111 3363/315/111 3730/576/111 3729/575/111
f 3363/315/111 3443/316/111 3727/574/111 3730/576/111
f 3442/430/111 3441/429/111 3732/577/111 3731/578/111
f 3441/429/111 3365/429/111 3733/579/111 3732/577/111
f 3365/429/111 3364/430/111 3734/578/111 3733/579/111
f 3364/430/111 3442/430/111 3731/578/111 3734/578/111
f 3441/429/111 3440/428/111 3736/580/111 3735/581/111
f 3440/428/111 3366/428/111 3737/582/111 3736/580/111
f 3366/428/111 3365/429/111 3738/581/111 3737/582/111
f 3365/429/111 3441/429/111 3735/581/111 3738/581/111
f 3440/428/111 3439/427/111 3740/506/111 3739/507/111
f 3439/427/111 3367/492/111 3741/506/111 3740/506/111
f 3367/492/111 3366/428/111 3742/507/111 3741/506/111
f 3366/428/111 3440/428/111 3739/507/111 3742/507/111
f 3439/427/111 3438/490/111 3744/303/111 3743/301/111
f 3438/490/111 3368/520/111 3745/583/111 3744/303/111
f 3368/520/111 3367/492/111 3746/300/111 3745/583/111
f 3367/492/111 3439/427/111 3743/301/111 3746/300/111
f 3438/490/111 3437/425/111 3748/584/111 3747/585/111
f 3437/425/111 3369/425/111 3749/586/111 3748/584/111
f 3369/425/111 3368/520/111 3750/585/111 3749/586/111
f 3368/520/111 3438/490/111 3747/585/111 3750/585/111
f 3437/425/111 3436/521/111 3752/587/111 3751/588/111
f 3436/521/111 3370/424/111 3753/589/111 3752/587/111
f 3370/424/111 3369/425/111 3754/590/111 3753/589/111
f 3369/425/111 3437/425/111 3751/588/111 3754/590/111
f 3436/521/111 3435/314/111 3756/591/111 3755/592/111
f 3435/314/111 3371/314/111 3757/591/111 3756/591/111
f 3371/314/111 3370/424/111 3758/592/111 3757/591/111
f 3370/424/111 3436/521/111 3755/592/111 3758/592/111
f 3258/296/113 3452/295/113 3760/593/113 3759/594/113
f 3452/295/113 3372/295/113 3761/593/113 3760/593/113
f 3372/295/113 3243/296/113 3762/594/113 3761/593/113
f 3243/296/113 3258/296/113 3759/594/113 3762/594/113
f 3452/295/113 3451/480/113 3764/512/113 3763/513/113
f 3451/480/113 3373/480/113 3765/512/113 3764/512/113
f 3373/480/113 3372/295/113 3766/513/113 3765/512/113
f 3372/295/113 3452/295/113 3763/513/113 3766/513/113
f 3451/480/113 3450/524/113 3768/351/113 3767/354/113
f 3450/524/113 3374/495/113 3769/349/113 3768/351/113
f 3374/495/113 3373/480/113 3770/350/113 3769/349/113
f 3373/480/113 3451/480/113 3767/354/113 3770/350/113
f 3450/524/113 3449/483/113 3772/595/113 3771/596/113
f 3449/483/113 3375/505/113 3773/595/113 3772/595/113
f 3375/505/113 3374/495/113 3774/596/113 3773/595/113
f 3374/495/113 3450/524/113 3771/596/113 3774/596/113
f 3449/483/113 3448/485/113 3776/597/113 3775/598/113
f 3448/485/113 3376/498/113 3777/599/113 3776/597/113
f 3376/498/113 3375/505/113 3778/598/113 3777/599/113
f 3375/505/113 3449/483/113 3775/598/113 3778/598/113
f 3448/485/113 3447/499/113 3780/600/113 3779/601/113
f 3447/499/113 3377/499/113 3781/602/113 3780/600/113
f 3377/499/113 3376/498/113 3782/603/113 3781/602/113
f 3376/498/113 3448/485/113 3779/601/113 3782/603/113
f 3447/499/113 3446/523/113 3784/604/113 3783/605/113
f 3446/523/113 3378/501/113 3785/604/113 3784/604/113
f 3378/501/113 3377/499/113 3786/606/113 3785/604/113
f 3377/499/113 3447/499/113 3783/605/113 3786/606/113
f 3446/523/113 3445/522/113 3788/607/113 3787/608/113
f 3445/522/113 3379/489/113 3789/609/113 3788/607/113
f 3379/489/113 3378/501/113 3790/610/113 3789/609/113
f 3378/501/113 3446/523/113 3787/608/113 3790/610/113
f 3445/522/113 3444/294/113 3792/359/113 3791/508/113
f 3444/294/113 3380/294/113 3793/359/113 3792/359/113
f 3380/294/113 3379/489/113 3794/360/113 3793/359/113
f 3379/489/113 3445/522/113 3791/508/113 3794/360/113
f 3816/537/110 3815/536/110 3818/536/110 3817/538/110
f 3824/543/110 3823/542/110 3826/544/110 3825/545/110
f 3832/511/110 3831/509/110 3834/509/110 3833/510/110
f 3848/558/112 3847/557/112 3850/559/112 3849/560/112
f 3856/565/112 3855/516/112 3858/514/112 3857/515/112
f 3864/567/112 3863/566/112 3866/568/112 3865/569/112
f 3872/574/111 3871/573/111 3874/575/111 3873/576/111
f 3884/507/111 3883/506/111 3886/506/111 3885/507/111
f 3896/588/111 3895/587/111 3898/589/111 3897/590/111
f 3908/513/113 3907/512/113 3910/512/113 3909/513/113
f 3920/598/113 3919/597/113 3922/599/113 3921/598/113
f 3928/605/113 3927/604/113 3930/604/113 3929/606/113
f 3936/508/113 3935/359/113 3938/359/113 3937/360/113
f 3744/303/112 3745/583/112 3890/583/112 3887/303/112
f 3667/534/109 3668/533/109 3811/533/109 3812/534/109
f 3745/583/108 3746/300/108 3889/300/108 3890/583/108
f 3670/535/113 3667/534/113 3812/534/113 3813/535/113
f 3719/567/109 3720/566/109 3863/566/109 3864/567/109
f 3668/533/111 3669/533/111 3814/533/111 3811/533/111
f 3722/569/111 3719/567/111 3864/567/111 3865/569/111
f 3771/596/109 3772/595/109 3915/595/109 3916/596/109
f 3669/533/108 3670/535/108 3813/535/108 3814/533/108
f 3720/566/113 3721/568/113 3866/568/113 3863/566/113
f 3774/596/112 3771/596/112 3916/596/112 3917/596/112
f 3721/568/108 3722/569/108 3865/569/108 3866/568/108
f 3772/595/110 3773/595/110 3918/595/110 3915/595/110
f 3695/551/109 3696/550/109 3839/550/109 3840/551/109
f 3773/595/108 3774/596/108 3917/596/108 3918/595/108
f 3698/552/111 3695/551/111 3840/551/111 3841/552/111
f 3747/585/109 3748/584/109 3891/584/109 3892/585/109
f 3696/550/113 3697/550/113 3842/550/113 3839/550/113
f 3750/585/110 3747/585/110 3892/585/110 3893/585/110
f 3697/550/108 3698/552/108 3841/552/108 3842/550/108
f 3748/584/112 3749/586/112 3894/586/112 3891/584/112
f 3671/537/109 3672/536/109 3815/536/109 3816/537/109
f 3749/586/108 3750/585/108 3893/585/108 3894/586/108
f 3674/538/113 3671/537/113 3816/537/113 3817/538/113
f 3723/571/109 3724/570/109 3867/570/109 3868/571/109
f 3672/536/111 3673/536/111 3818/536/111 3815/536/111
f 3726/571/110 3723/571/110 3868/571/110 3869/571/110
f 3775/598/109 3776/597/109 3919/597/109 3920/598/109
f 3673/536/108 3674/538/108 3817/538/108 3818/536/108
f 3724/570/112 3725/572/112 3870/572/112 3867/570/112
f 3778/598/112 3775/598/112 3920/598/112 3921/598/112
f 3725/572/108 3726/571/108 3869/571/108 3870/572/108
f 3776/597/110 3777/599/110 3922/599/110 3919/597/110
f 3699/554/109 3700/553/109 3843/553/109 3844/554/109
f 3777/599/108 3778/598/108 3921/598/108 3922/599/108
f 3702/556/111 3699/554/111 3844/554/111 3845/556/111
f 3751/588/109 3752/587/109 3895/587/109 3896/588/109
f 3700/553/113 3701/555/113 3846/555/113 3843/553/113
f 3754/590/110 3751/588/110 3896/588/110 3897/590/110
f 3701/555/108 3702/556/108 3845/556/108 3846/555/108
f 3752/587/112 3753/589/112 3898/589/112 3895/587/112
f 3675/540/109 3676/539/109 3819/539/109 3820/540/109
f 3753/589/108 3754/590/108 3897/590/108 3898/589/108
f 3678/540/113 3675/540/113 3820/540/113 3821/540/113
f 3727/574/109 3728/573/109 3871/573/109 3872/574/109
f 3676/539/111 3677/541/111 3822/541/111 3819/539/111
f 3730/576/110 3727/574/110 3872/574/110 3873/576/110
f 3779/601/109 3780/600/109 3923/600/109 3924/601/109
f 3677/541/108 3678/540/108 3821/540/108 3822/541/108
f 3728/573/112 3729/575/112 3874/575/112 3871/573/112
f 3782/603/112 3779/601/112 3924/601/112 3925/603/112
f 3651/526/109 3652/525/109 3795/525/109 3796/526/109
f 3729/575/108 3730/576/108 3873/576/108 3874/575/108
f 3780/600/110 3781/602/110 3926/602/110 3923/600/110
f 3654/526/112 3651/526/112 3796/526/112 3797/526/112
f 3703/558/109 3704/557/109 3847/557/109 3848/558/109
f 3781/602/108 3782/603/108 3925/603/108 3926/602/108
f 3652/525/110 3653/527/110 3798/527/110 3795/525/110
f 3706/560/111 3703/558/111 3848/558/111 3849/560/111
f 3755/592/109 3756/591/109 3899/591/109 3900/592/109
f 3653/527/108 3654/526/108 3797/526/108 3798/527/108
f 3704/557/113 3705/559/113 3850/559/113 3847/557/113
f 3758/592/110 3755/592/110 3900/592/110 3901/592/110
f 3705/559/108 3706/560/108 3849/560/108 3850/559/108
f 3756/591/112 3757/591/112 3902/591/112 3899/591/112
f 3679/543/109 3680/542/109 3823/542/109 3824/543/109
f 3757/591/108 3758/592/108 3901/592/108 3902/591/108
f 3682/545/113 3679/543/113 3824/543/113 3825/545/113
f 3731/578/109 3732/577/109 3875/577/109 3876/578/109
f 3680/542/111 3681/544/111 3826/544/111 3823/542/111
f 3734/578/110 3731/578/110 3876/578/110 3877/578/110
f 3783/605/109 3784/604/109 3927/604/109 3928/605/109
f 3681/544/108 3682/545/108 3825/545/108 3826/544/108
f 3732/577/112 3733/579/112 3878/579/112 3875/577/112
f 3786/606/112 3783/605/112 3928/605/112 3929/606/112
f 3655/529/109 3656/528/109 3799/528/109 3800/529/109
f 3733/579/108 3734/578/108 3877/578/108 3878/579/108
f 3784/604/110 3785/604/110 3930/604/110 3927/604/110
f 3658/529/110 3655/529/110 3800/529/110 3801/529/110
f 3707/562/109 3708/561/109 3851/561/109 3852/562/109
f 3785/604/108 3786/606/108 3929/606/108 3930/604/108
f 3656/528/112 3657/530/112 3802/530/112 3799/528/112
f 3710/564/111 3707/562/111 3852/562/111 3853/564/111
f 3759/594/109 3760/593/109 3903/593/109 3904/594/109
f 3657/530/108 3658/529/108 3801/529/108 3802/530/108
f 3708/561/113 3709/563/113 3854/563/113 3851/561/113
f 3762/594/112 3759/594/112 3904/594/112 3905/594/112
f 3709/563/108 3710/564/108 3853/564/108 3854/563/108
f 3760/593/110 3761/593/110 3906/593/110 3903/593/110
f 3683/547/109 3684/546/109 3827/546/109 3828/547/109
f 3761/593/108 3762/594/108 3905/594/108 3906/593/108
f 3686/549/113 3683/547/113 3828/547/113 3829/549/113
f 3735/581/109 3736/580/109 3879/580/109 3880/581/109
f 3684/546/111 3685/548/111 3830/548/111 3827/546/111
f 3738/581/110 3735/581/110 3880/581/110 3881/581/110
f 3787/608/109 3788/607/109 3931/607/109 3932/608/109
f 3685/548/108 3686/549/108 3829/549/108 3830/548/108
f 3736/580/112 3737/582/112 3882/582/112 3879/580/112
f 3790/610/112 3787/608/112 3932/608/112 3933/610/112
f 3659/532/109 3660/531/109 3803/531/109 3804/532/109
f 3737/582/108 3738/581/108 3881/581/108 3882/582/108
f 3788/607/110 3789/609/110 3934/609/110 3931/607/110
f 3662/518/111 3659/532/111 3804/532/111 3805/518/111
f 3711/565/109 3712/516/109 3855/516/109 3856/565/109
f 3789/609/108 3790/610/108 3933/610/108 3934/609/108
f 3660/531/113 3661/517/113 3806/517/113 3803/531/113
f 3714/515/111 3711/565/111 3856/565/111 3857/515/111
f 3763/513/109 3764/512/109 3907/512/109 3908/513/109
f 4272/291/108 3970/292/108 3942/293/108 4064/294/108
f 4092/295/109 3949/296/109 3957/296/109 4128/297/109
f 4395/298/108 4396/299/108 4539/299/108 4540/298/108
f 4448/300/110 4445/301/110 4590/301/110 4591/300/110
f 4394/302/111 4395/298/111 4540/298/111 4537/302/111
f 4445/301/109 4446/303/109 4589/303/109 4590/301/109
f 4217/304/109 4100/305/109 3950/293/109 3998/306/109
f 4283/307/108 4284/296/108 3953/296/108 4011/307/108
f 4287/308/108 4288/309/108 3951/309/108 4018/308/108
f 3991/310/109 3948/311/109 3956/311/109 4019/310/109
f 4018/308/112 3951/309/112 3955/309/112 4032/308/112
f 4011/307/110 3953/296/110 3957/296/110 4025/312/110
f 4118/313/113 3954/293/113 3958/293/113 4136/313/113
f 4109/314/111 3952/311/111 3956/311/111 4127/314/111
f 4083/315/109 3947/309/109 3955/309/109 4119/316/109
f 4285/294/108 4286/293/108 3954/293/108 4118/313/108
f 3998/306/109 3950/293/109 3958/293/109 4026/306/109
f 4281/314/108 4282/311/108 3952/311/108 4109/314/108
f 3969/312/110 3940/296/110 4296/296/110 4309/312/110
f 3976/317/112 3941/309/112 4294/309/112 4315/308/112
f 4055/314/111 3939/311/111 3961/311/111 4337/314/111
f 4064/294/113 3942/293/113 3959/293/113 4345/294/113
f 3942/293/112 3970/292/112 4291/292/112 3959/293/112
f 3970/292/112 3971/318/112 4320/318/112 4291/292/112
f 3971/318/112 3972/319/112 4319/320/112 4320/318/112
f 3972/319/112 3973/321/112 4318/322/112 4319/320/112
f 3973/321/112 3974/323/112 4317/324/112 4318/322/112
f 3974/323/112 3975/325/112 4316/325/112 4317/324/112
f 3975/325/112 3976/317/112 4315/308/112 4316/325/112
f 3939/311/110 3963/310/110 4289/326/110 3961/311/110
f 3963/310/110 3964/327/110 4314/328/110 4289/326/110
f 3964/327/110 3965/329/110 4313/330/110 4314/328/110
f 3965/329/110 3966/331/110 4312/331/110 4313/330/110
f 3966/331/110 3967/332/110 4311/332/110 4312/331/110
f 3967/332/110 3968/333/110 4310/333/110 4311/332/110
f 3968/333/110 3969/312/110 4309/312/110 4310/333/110
f 3947/309/109 4004/308/109 4032/308/109 3955/309/109
f 4004/308/109 4003/325/109 4031/334/109 4032/308/109
f 4003/325/109 4002/335/109 4030/324/109 4031/334/109
f 4002/335/109 4001/322/109 4029/322/109 4030/324/109
f 4001/322/109 4000/336/109 4028/319/109 4029/322/109
f 4000/336/109 3999/318/109 4027/318/109 4028/319/109
f 3999/318/109 3998/306/109 4026/306/109 4027/318/109
f 3952/311/110 4005/310/110 4019/310/110 3956/311/110
f 4005/310/110 4006/327/110 4020/327/110 4019/310/110
f 4006/327/110 4007/337/110 4021/329/110 4020/327/110
f 4007/337/110 4008/331/110 4022/331/110 4021/329/110
f 4008/331/110 4009/332/110 4023/332/110 4022/331/110
f 4009/332/110 4010/333/110 4024/333/110 4023/332/110
f 4010/333/110 4011/307/110 4025/312/110 4024/333/110
f 3954/293/112 4012/292/112 4026/306/112 3958/293/112
f 4012/292/112 4013/318/112 4027/318/112 4026/306/112
f 4013/318/112 4014/319/112 4028/319/112 4027/318/112
f 4014/319/112 4015/322/112 4029/322/112 4028/319/112
f 4015/322/112 4016/338/112 4030/324/112 4029/322/112
f 4016/338/112 4017/334/112 4031/334/112 4030/324/112
f 4017/334/112 4018/308/112 4032/308/112 4031/334/112
f 3949/296/109 3997/307/109 4025/312/109 3957/296/109
f 3997/307/109 3996/333/109 4024/333/109 4025/312/109
f 3996/333/109 3995/339/109 4023/332/109 4024/333/109
f 3995/339/109 3994/331/109 4022/331/109 4023/332/109
f 3994/331/109 3993/329/109 4021/329/109 4022/331/109
f 3993/329/109 3992/327/109 4020/327/109 4021/329/109
f 3992/327/109 3991/310/109 4019/310/109 4020/327/109
f 4286/293/108 4303/306/108 4012/292/108 3954/293/108
f 4303/306/108 4304/340/108 4013/318/108 4012/292/108
f 4304/340/108 4305/319/108 4014/319/108 4013/318/108
f 4305/319/108 4306/322/108 4015/322/108 4014/319/108
f 4306/322/108 4307/324/108 4016/338/108 4015/322/108
f 4307/324/108 4308/341/108 4017/334/108 4016/338/108
f 4308/341/108 4287/308/108 4018/308/108 4017/334/108
f 4282/311/108 4297/310/108 4005/310/108 3952/311/108
f 4297/310/108 4298/328/108 4006/327/108 4005/310/108
f 4298/328/108 4299/329/108 4007/337/108 4006/327/108
f 4299/329/108 4300/331/108 4008/331/108 4007/337/108
f 4300/331/108 4301/332/108 4009/332/108 4008/331/108
f 4301/332/108 4302/342/108 4010/333/108 4009/332/108
f 4302/342/108 4283/307/108 4011/307/108 4010/333/108
f 4083/315/109 4163/343/109 4004/308/109 3947/309/109
f 4163/343/109 4172/344/109 4003/325/109 4004/308/109
f 4172/344/109 4181/345/109 4002/335/109 4003/325/109
f 4181/345/109 4190/346/109 4001/322/109 4002/335/109
f 4190/346/109 4199/347/109 4000/336/109 4001/322/109
f 4199/347/109 4208/348/109 3999/318/109 4000/336/109
f 4208/348/109 4217/304/109 3998/306/109 3999/318/109
f 4396/299/113 4393/299/113 4538/299/113 4539/299/113
f 4471/349/108 4472/350/108 4615/350/108 4616/349/108
f 4393/299/109 4394/302/109 4537/302/109 4538/299/109
f 4470/351/110 4471/349/110 4616/349/110 4613/351/110
f 4419/352/108 4420/353/108 4563/353/108 4564/352/108
f 4472/350/112 4469/354/112 4614/354/112 4615/350/112
f 4418/355/113 4419/352/113 4564/352/113 4561/355/113
f 4367/356/108 4368/357/108 4511/357/108 4512/356/108
f 4469/354/109 4470/351/109 4613/351/109 4614/354/109
f 4420/353/111 4417/358/111 4562/358/111 4563/353/111
f 4366/356/111 4367/356/111 4512/356/111 4509/356/111
f 4495/359/108 4496/360/108 4639/360/108 4640/359/108
f 4417/358/109 4418/355/109 4561/355/109 4562/358/109
f 4368/357/113 4365/361/113 4510/361/113 4511/357/113
f 4047/316/108 3941/309/108 3976/317/108 4218/362/108
f 4218/362/108 3976/317/108 3975/325/108 4227/363/108
f 4227/363/108 3975/325/108 3974/323/108 4236/364/108
f 4236/364/108 3974/323/108 3973/321/108 4245/365/108
f 4245/365/108 3973/321/108 3972/319/108 4254/366/108
f 4254/366/108 3972/319/108 3971/318/108 4263/367/108
f 4263/367/108 3971/318/108 3970/292/108 4272/291/108
f 3968/333/108 4271/368/108 4280/369/108 3969/312/108
f 4271/368/108 4270/370/108 4279/371/108 4280/369/108
f 4270/370/108 4269/372/108 4278/373/108 4279/371/108
f 4269/372/108 4268/374/108 4277/375/108 4278/373/108
f 4268/374/108 4267/376/108 4276/377/108 4277/375/108
f 4267/376/108 4266/378/108 4275/379/108 4276/377/108
f 4266/378/108 4265/380/108 4274/381/108 4275/379/108
f 4265/380/108 4264/382/108 4273/383/108 4274/381/108
f 4264/382/108 4263/367/108 4272/291/108 4273/383/108
f 3967/332/108 4262/384/108 4271/368/108 3968/333/108
f 4262/384/108 4261/385/108 4270/370/108 4271/368/108
f 4261/385/108 4260/386/108 4269/372/108 4270/370/108
f 4260/386/108 4259/387/108 4268/374/108 4269/372/108
f 4259/387/108 4258/388/108 4267/376/108 4268/374/108
f 4258/388/108 4257/389/108 4266/378/108 4267/376/108
f 4257/389/108 4256/390/108 4265/380/108 4266/378/108
f 4256/390/108 4255/391/108 4264/382/108 4265/380/108
f 4255/391/108 4254/366/108 4263/367/108 4264/382/108
f 3966/331/108 4253/392/108 4262/384/108 3967/332/108
f 4253/392/108 4252/393/108 4261/385/108 4262/384/108
f 4252/393/108 4251/394/108 4260/386/108 4261/385/108
f 4251/394/108 4250/395/108 4259/387/108 4260/386/108
f 4250/395/108 4249/396/108 4258/388/108 4259/387/108
f 4249/396/108 4248/397/108 4257/389/108 4258/388/108
f 4248/397/108 4247/398/108 4256/390/108 4257/389/108
f 4247/398/108 4246/399/108 4255/391/108 4256/390/108
f 4246/399/108 4245/365/108 4254/366/108 4255/391/108
f 3965/329/108 4244/400/108 4253/392/108 3966/331/108
f 4244/400/108 4243/401/108 4252/393/108 4253/392/108
f 4243/401/108 4242/402/108 4251/394/108 4252/393/108
f 4242/402/108 4241/403/108 4250/395/108 4251/394/108
f 4241/403/108 4240/404/108 4249/396/108 4250/395/108
f 4240/404/108 4239/405/108 4248/397/108 4249/396/108
f 4239/405/108 4238/406/108 4247/398/108 4248/397/108
f 4238/406/108 4237/407/108 4246/399/108 4247/398/108
f 4237/407/108 4236/364/108 4245/365/108 4246/399/108
f 3964/327/108 4235/408/108 4244/400/108 3965/329/108
f 4235/408/108 4234/409/108 4243/401/108 4244/400/108
f 4234/409/108 4233/410/108 4242/402/108 4243/401/108
f 4233/410/108 4232/411/108 4241/403/108 4242/402/108
f 4232/411/108 4231/412/108 4240/404/108 4241/403/108
f 4231/412/108 4230/413/108 4239/405/108 4240/404/108
f 4230/413/108 4229/414/108 4238/406/108 4239/405/108
f 4229/414/108 4228/415/108 4237/407/108 4238/406/108
f 4228/415/108 4227/363/108 4236/364/108 4237/407/108
f 3963/310/108 4226/416/108 4235/408/108 3964/327/108
f 4226/416/108 4225/417/108 4234/409/108 4235/408/108
f 4225/417/108 4224/418/108 4233/410/108 4234/409/108
f 4224/418/108 4223/419/108 4232/411/108 4233/410/108
f 4223/419/108 4222/420/108 4231/412/108 4232/411/108
f 4222/420/108 4221/421/108 4230/413/108 4231/412/108
f 4221/421/108 4220/422/108 4229/414/108 4230/413/108
f 4220/422/108 4219/423/108 4228/415/108 4229/414/108
f 4219/423/108 4218/362/108 4227/363/108 4228/415/108
f 3939/311/108 4055/314/108 4226/416/108 3963/310/108
f 4055/314/108 4054/424/108 4225/417/108 4226/416/108
f 4054/424/108 4053/425/108 4224/418/108 4225/417/108
f 4053/425/108 4052/426/108 4223/419/108 4224/418/108
f 4052/426/108 4051/427/108 4222/420/108 4223/419/108
f 4051/427/108 4050/428/108 4221/421/108 4222/420/108
f 4050/428/108 4049/429/108 4220/422/108 4221/421/108
f 4049/429/108 4048/430/108 4219/423/108 4220/422/108
f 4048/430/108 4047/316/108 4218/362/108 4219/423/108
f 3996/333/109 3997/307/109 4209/369/109 4200/431/109
f 4200/431/109 4209/369/109 4210/371/109 4201/432/109
f 4201/432/109 4210/371/109 4211/433/109 4202/434/109
f 4202/434/109 4211/433/109 4212/435/109 4203/436/109
f 4203/436/109 4212/435/109 4213/437/109 4204/376/109
f 4204/376/109 4213/437/109 4214/379/109 4205/438/109
f 4205/438/109 4214/379/109 4215/381/109 4206/439/109
f 4206/439/109 4215/381/109 4216/440/109 4207/441/109
f 4207/441/109 4216/440/109 4217/304/109 4208/348/109
f 3995/339/109 3996/333/109 4200/431/109 4191/442/109
f 4191/442/109 4200/431/109 4201/432/109 4192/443/109
f 4192/443/109 4201/432/109 4202/434/109 4193/444/109
f 4193/444/109 4202/434/109 4203/436/109 4194/445/109
f 4194/445/109 4203/436/109 4204/376/109 4195/446/109
f 4195/446/109 4204/376/109 4205/438/109 4196/447/109
f 4196/447/109 4205/438/109 4206/439/109 4197/448/109
f 4197/448/109 4206/439/109 4207/441/109 4198/449/109
f 4198/449/109 4207/441/109 4208/348/109 4199/347/109
f 3994/331/109 3995/339/109 4191/442/109 4182/450/109
f 4182/450/109 4191/442/109 4192/443/109 4183/451/109
f 4183/451/109 4192/443/109 4193/444/109 4184/452/109
f 4184/452/109 4193/444/109 4194/445/109 4185/453/109
f 4185/453/109 4194/445/109 4195/446/109 4186/454/109
f 4186/454/109 4195/446/109 4196/447/109 4187/455/109
f 4187/455/109 4196/447/109 4197/448/109 4188/456/109
f 4188/456/109 4197/448/109 4198/449/109 4189/457/109
f 4189/457/109 4198/449/109 4199/347/109 4190/346/109
f 3993/329/109 3994/331/109 4182/450/109 4173/458/109
f 4173/458/109 4182/450/109 4183/451/109 4174/459/109
f 4174/459/109 4183/451/109 4184/452/109 4175/460/109
f 4175/460/109 4184/452/109 4185/453/109 4176/461/109
f 4176/461/109 4185/453/109 4186/454/109 4177/462/109
f 4177/462/109 4186/454/109 4187/455/109 4178/463/109
f 4178/463/109 4187/455/109 4188/456/109 4179/464/109
f 4179/464/109 4188/456/109 4189/457/109 4180/465/109
f 4180/465/109 4189/457/109 4190/346/109 4181/345/109
f 3992/327/109 3993/329/109 4173/458/109 4164/408/109
f 4164/408/109 4173/458/109 4174/459/109 4165/466/109
f 4165/466/109 4174/459/109 4175/460/109 4166/410/109
f 4166/410/109 4175/460/109 4176/461/109 4167/467/109
f 4167/467/109 4176/461/109 4177/462/109 4168/412/109
f 4168/412/109 4177/462/109 4178/463/109 4169/413/109
f 4169/413/109 4178/463/109 4179/464/109 4170/468/109
f 4170/468/109 4179/464/109 4180/465/109 4171/469/109
f 4171/469/109 4180/465/109 4181/345/109 4172/344/109
f 3991/310/109 3992/327/109 4164/408/109 4155/470/109
f 4155/470/109 4164/408/109 4165/466/109 4156/471/109
f 4156/471/109 4165/466/109 4166/410/109 4157/472/109
f 4157/472/109 4166/410/109 4167/467/109 4158/473/109
f 4158/473/109 4167/467/109 4168/412/109 4159/474/109
f 4159/474/109 4168/412/109 4169/413/109 4160/475/109
f 4160/475/109 4169/413/109 4170/468/109 4161/476/109
f 4161/476/109 4170/468/109 4171/469/109 4162/477/109
f 4162/477/109 4171/469/109 4172/344/109 4163/343/109
f 3948/311/109 3991/310/109 4155/470/109 4091/314/109
f 4091/314/109 4155/470/109 4156/471/109 4090/424/109
f 4090/424/109 4156/471/109 4157/472/109 4089/425/109
f 4089/425/109 4157/472/109 4158/473/109 4088/426/109
f 4088/426/109 4158/473/109 4159/474/109 4087/478/109
f 4087/478/109 4159/474/109 4160/475/109 4086/428/109
f 4086/428/109 4160/475/109 4161/476/109 4085/479/109
f 4085/479/109 4161/476/109 4162/477/109 4084/430/109
f 4084/430/109 4162/477/109 4163/343/109 4083/315/109
f 3940/296/113 4056/295/113 4295/295/113 4296/296/113
f 4056/295/113 4057/480/113 4352/480/113 4295/295/113
f 4057/480/113 4058/481/113 4351/481/113 4352/480/113
f 4058/481/113 4059/482/113 4350/483/113 4351/481/113
f 4059/482/113 4060/484/113 4349/485/113 4350/483/113
f 4060/484/113 4061/486/113 4348/486/113 4349/485/113
f 4061/486/113 4062/487/113 4347/488/113 4348/486/113
f 4062/487/113 4063/489/113 4346/489/113 4347/488/113
f 4063/489/113 4064/294/113 4345/294/113 4346/489/113
f 3941/309/111 4047/316/111 4293/316/111 4294/309/111
f 4047/316/111 4048/430/111 4344/430/111 4293/316/111
f 4048/430/111 4049/429/111 4343/429/111 4344/430/111
f 4049/429/111 4050/428/111 4342/428/111 4343/429/111
f 4050/428/111 4051/427/111 4341/427/111 4342/428/111
f 4051/427/111 4052/426/111 4340/490/111 4341/427/111
f 4052/426/111 4053/425/111 4339/425/111 4340/490/111
f 4053/425/111 4054/424/111 4338/424/111 4339/425/111
f 4054/424/111 4055/314/111 4337/314/111 4338/424/111
f 4288/309/108 4321/315/108 4101/316/108 3951/309/108
f 4321/315/108 4322/430/108 4102/491/108 4101/316/108
f 4322/430/108 4323/429/108 4103/429/108 4102/491/108
f 4323/429/108 4324/428/108 4104/428/108 4103/429/108
f 4324/428/108 4325/492/108 4105/427/108 4104/428/108
f 4325/492/108 4326/493/108 4106/493/108 4105/427/108
f 4326/493/108 4327/425/108 4107/425/108 4106/493/108
f 4327/425/108 4328/424/108 4108/424/108 4107/425/108
f 4328/424/108 4281/314/108 4109/314/108 4108/424/108
f 4284/296/108 4329/295/108 4110/297/108 3953/296/108
f 4329/295/108 4330/480/108 4111/494/108 4110/297/108
f 4330/480/108 4331/495/108 4112/481/108 4111/494/108
f 4331/495/108 4332/496/108 4113/497/108 4112/481/108
f 4332/496/108 4333/498/108 4114/485/108 4113/497/108
f 4333/498/108 4334/499/108 4115/500/108 4114/485/108
f 4334/499/108 4335/501/108 4116/502/108 4115/500/108
f 4335/501/108 4336/489/108 4117/489/108 4116/502/108
f 4336/489/108 4285/294/108 4118/313/108 4117/489/108
f 3948/311/109 4091/314/109 4127/314/109 3956/311/109
f 4091/314/109 4090/424/109 4126/424/109 4127/314/109
f 4090/424/109 4089/425/109 4125/425/109 4126/424/109
f 4089/425/109 4088/426/109 4124/426/109 4125/425/109
f 4088/426/109 4087/478/109 4123/427/109 4124/426/109
f 4087/478/109 4086/428/109 4122/428/109 4123/427/109
f 4086/428/109 4085/479/109 4121/429/109 4122/428/109
f 4085/479/109 4084/430/109 4120/430/109 4121/429/109
f 4084/430/109 4083/315/109 4119/316/109 4120/430/109
f 3951/309/111 4101/316/111 4119/316/111 3955/309/111
f 4101/316/111 4102/491/111 4120/430/111 4119/316/111
f 4102/491/111 4103/429/111 4121/429/111 4120/430/111
f 4103/429/111 4104/428/111 4122/428/111 4121/429/111
f 4104/428/111 4105/427/111 4123/427/111 4122/428/111
f 4105/427/111 4106/493/111 4124/426/111 4123/427/111
f 4106/493/111 4107/425/111 4125/425/111 4124/426/111
f 4107/425/111 4108/424/111 4126/424/111 4125/425/111
f 4108/424/111 4109/314/111 4127/314/111 4126/424/111
f 3953/296/113 4110/297/113 4128/297/113 3957/296/113
f 4110/297/113 4111/494/113 4129/503/113 4128/297/113
f 4111/494/113 4112/481/113 4130/481/113 4129/503/113
f 4112/481/113 4113/497/113 4131/504/113 4130/481/113
f 4113/497/113 4114/485/113 4132/485/113 4131/504/113
f 4114/485/113 4115/500/113 4133/500/113 4132/485/113
f 4115/500/113 4116/502/113 4134/502/113 4133/500/113
f 4116/502/113 4117/489/113 4135/489/113 4134/502/113
f 4117/489/113 4118/313/113 4136/313/113 4135/489/113
f 3997/307/109 3949/296/109 4092/295/109 4209/369/109
f 4209/369/109 4092/295/109 4093/480/109 4210/371/109
f 4210/371/109 4093/480/109 4094/481/109 4211/433/109
f 4211/433/109 4094/481/109 4095/505/109 4212/435/109
f 4212/435/109 4095/505/109 4096/485/109 4213/437/109
f 4213/437/109 4096/485/109 4097/500/109 4214/379/109
f 4214/379/109 4097/500/109 4098/487/109 4215/381/109
f 4215/381/109 4098/487/109 4099/489/109 4216/440/109
f 4216/440/109 4099/489/109 4100/305/109 4217/304/109
f 4494/359/110 4495/359/110 4640/359/110 4637/359/110
f 4443/506/108 4444/507/108 4587/507/108 4588/506/108
f 4365/361/109 4366/356/109 4509/356/109 4510/361/109
f 4496/360/112 4493/508/112 4638/508/112 4639/360/112
f 4442/506/112 4443/506/112 4588/506/112 4585/506/112
f 4391/509/108 4392/510/108 4535/510/108 4536/509/108
f 4493/508/109 4494/359/109 4637/359/109 4638/508/109
f 4444/507/110 4441/507/110 4586/507/110 4587/507/110
f 4390/509/111 4391/509/111 4536/509/111 4533/509/111
f 4441/507/109 4442/506/109 4585/506/109 4586/507/109
f 4392/510/113 4389/511/113 4534/511/113 4535/510/113
f 4467/512/108 4468/513/108 4611/513/108 4612/512/108
f 4389/511/109 4390/509/109 4533/509/109 4534/511/109
f 4466/512/110 4467/512/110 4612/512/110 4609/512/110
f 4415/514/108 4416/515/108 4559/515/108 4560/514/108
f 4468/513/112 4465/513/112 4610/513/112 4611/513/112
f 4414/516/113 4415/514/113 4560/514/113 4557/516/113
f 4363/517/108 4364/518/108 4507/518/108 4508/517/108
f 3950/293/109 4100/305/109 4136/313/109 3958/293/109
f 4100/305/109 4099/489/109 4135/489/109 4136/313/109
f 4099/489/109 4098/487/109 4134/502/109 4135/489/109
f 4098/487/109 4097/500/109 4133/500/109 4134/502/109
f 4097/500/109 4096/485/109 4132/485/109 4133/500/109
f 4096/485/109 4095/505/109 4131/504/109 4132/485/109
f 4095/505/109 4094/481/109 4130/481/109 4131/504/109
f 4094/481/109 4093/480/109 4129/503/109 4130/481/109
f 4093/480/109 4092/295/109 4128/297/109 4129/503/109
f 3969/312/108 4280/369/108 4056/295/108 3940/296/108
f 4280/369/108 4279/371/108 4057/480/108 4056/295/108
f 4279/371/108 4278/373/108 4058/481/108 4057/480/108
f 4278/373/108 4277/375/108 4059/482/108 4058/481/108
f 4277/375/108 4276/377/108 4060/484/108 4059/482/108
f 4276/377/108 4275/379/108 4061/486/108 4060/484/108
f 4275/379/108 4274/381/108 4062/487/108 4061/486/108
f 4274/381/108 4273/383/108 4063/489/108 4062/487/108
f 4273/383/108 4272/291/108 4064/294/108 4063/489/108
f 4073/314/111 3944/311/111 4282/311/111 4281/314/111
f 3983/312/110 3945/296/110 4284/296/110 4283/307/110
f 4082/294/113 3946/293/113 4286/293/113 4285/294/113
f 3990/308/112 3943/309/112 4288/309/112 4287/308/112
f 4039/326/110 4290/311/110 3961/311/110 4289/326/110
f 4046/292/112 4292/293/112 3959/293/112 4291/292/112
f 4145/316/111 3962/309/111 4294/309/111 4293/316/111
f 4154/295/113 3960/296/113 4296/296/113 4295/295/113
f 3944/311/110 3977/310/110 4297/310/110 4282/311/110
f 3977/310/110 3978/328/110 4298/328/110 4297/310/110
f 3978/328/110 3979/329/110 4299/329/110 4298/328/110
f 3979/329/110 3980/331/110 4300/331/110 4299/329/110
f 3980/331/110 3981/332/110 4301/332/110 4300/331/110
f 3981/332/110 3982/519/110 4302/342/110 4301/332/110
f 3982/519/110 3983/312/110 4283/307/110 4302/342/110
f 3946/293/112 3984/306/112 4303/306/112 4286/293/112
f 3984/306/112 3985/340/112 4304/340/112 4303/306/112
f 3985/340/112 3986/319/112 4305/319/112 4304/340/112
f 3986/319/112 3987/322/112 4306/322/112 4305/319/112
f 3987/322/112 3988/324/112 4307/324/112 4306/322/112
f 3988/324/112 3989/341/112 4308/341/112 4307/324/112
f 3989/341/112 3990/308/112 4287/308/112 4308/341/112
f 3960/296/110 4033/312/110 4309/312/110 4296/296/110
f 4033/312/110 4034/342/110 4310/333/110 4309/312/110
f 4034/342/110 4035/332/110 4311/332/110 4310/333/110
f 4035/332/110 4036/331/110 4312/331/110 4311/332/110
f 4036/331/110 4037/330/110 4313/330/110 4312/331/110
f 4037/330/110 4038/328/110 4314/328/110 4313/330/110
f 4038/328/110 4039/326/110 4289/326/110 4314/328/110
f 3962/309/112 4040/308/112 4315/308/112 4294/309/112
f 4040/308/112 4041/325/112 4316/325/112 4315/308/112
f 4041/325/112 4042/324/112 4317/324/112 4316/325/112
f 4042/324/112 4043/322/112 4318/322/112 4317/324/112
f 4043/322/112 4044/320/112 4319/320/112 4318/322/112
f 4044/320/112 4045/318/112 4320/318/112 4319/320/112
f 4045/318/112 4046/292/112 4291/292/112 4320/318/112
f 3943/309/111 4065/315/111 4321/315/111 4288/309/111
f 4065/315/111 4066/430/111 4322/430/111 4321/315/111
f 4066/430/111 4067/429/111 4323/429/111 4322/430/111
f 4067/429/111 4068/428/111 4324/428/111 4323/429/111
f 4068/428/111 4069/492/111 4325/492/111 4324/428/111
f 4069/492/111 4070/520/111 4326/493/111 4325/492/111
f 4070/520/111 4071/425/111 4327/425/111 4326/493/111
f 4071/425/111 4072/424/111 4328/424/111 4327/425/111
f 4072/424/111 4073/314/111 4281/314/111 4328/424/111
f 3945/296/113 4074/295/113 4329/295/113 4284/296/113
f 4074/295/113 4075/480/113 4330/480/113 4329/295/113
f 4075/480/113 4076/495/113 4331/495/113 4330/480/113
f 4076/495/113 4077/505/113 4332/496/113 4331/495/113
f 4077/505/113 4078/498/113 4333/498/113 4332/496/113
f 4078/498/113 4079/499/113 4334/499/113 4333/498/113
f 4079/499/113 4080/501/113 4335/501/113 4334/499/113
f 4080/501/113 4081/489/113 4336/489/113 4335/501/113
f 4081/489/113 4082/294/113 4285/294/113 4336/489/113
f 4290/311/111 4137/314/111 4337/314/111 3961/311/111
f 4137/314/111 4138/521/111 4338/424/111 4337/314/111
f 4138/521/111 4139/425/111 4339/425/111 4338/424/111
f 4139/425/111 4140/490/111 4340/490/111 4339/425/111
f 4140/490/111 4141/427/111 4341/427/111 4340/490/111
f 4141/427/111 4142/428/111 4342/428/111 4341/427/111
f 4142/428/111 4143/429/111 4343/429/111 4342/428/111
f 4143/429/111 4144/430/111 4344/430/111 4343/429/111
f 4144/430/111 4145/316/111 4293/316/111 4344/430/111
f 4292/293/113 4146/294/113 4345/294/113 3959/293/113
f 4146/294/113 4147/522/113 4346/489/113 4345/294/113
f 4147/522/113 4148/523/113 4347/488/113 4346/489/113
f 4148/523/113 4149/499/113 4348/486/113 4347/488/113
f 4149/499/113 4150/485/113 4349/485/113 4348/486/113
f 4150/485/113 4151/483/113 4350/483/113 4349/485/113
f 4151/483/113 4152/524/113 4351/481/113 4350/483/113
f 4152/524/113 4153/480/113 4352/480/113 4351/481/113
f 4153/480/113 4154/295/113 4295/295/113 4352/480/113
f 4146/294/113 4292/293/113 4354/525/113 4353/526/113
f 4292/293/113 3946/293/113 4355/527/113 4354/525/113
f 3946/293/113 4082/294/113 4356/526/113 4355/527/113
f 4082/294/113 4146/294/113 4353/526/113 4356/526/113
f 4137/314/111 4290/311/111 4358/528/111 4357/529/111
f 4290/311/111 3944/311/111 4359/530/111 4358/528/111
f 3944/311/111 4073/314/111 4360/529/111 4359/530/111
f 4073/314/111 4137/314/111 4357/529/111 4360/529/111
f 4040/308/112 3962/309/112 4362/531/112 4361/532/112
f 3962/309/112 3943/309/112 4363/517/112 4362/531/112
f 3943/309/112 3990/308/112 4364/518/112 4363/517/112
f 3990/308/112 4040/308/112 4361/532/112 4364/518/112
f 4033/312/110 3960/296/110 4366/356/110 4365/361/110
f 3960/296/110 3945/296/110 4367/356/110 4366/356/110
f 3945/296/110 3983/312/110 4368/357/110 4367/356/110
f 3983/312/110 4033/312/110 4365/361/110 4368/357/110
f 4290/311/110 4039/326/110 4370/533/110 4369/534/110
f 4039/326/110 3977/310/110 4371/533/110 4370/533/110
f 3977/310/110 3944/311/110 4372/535/110 4371/533/110
f 3944/311/110 4290/311/110 4369/534/110 4372/535/110
f 4039/326/110 4038/328/110 4374/536/110 4373/537/110
f 4038/328/110 3978/328/110 4375/536/110 4374/536/110
f 3978/328/110 3977/310/110 4376/538/110 4375/536/110
f 3977/310/110 4039/326/110 4373/537/110 4376/538/110
f 4038/328/110 4037/330/110 4378/539/110 4377/540/110
f 4037/330/110 3979/329/110 4379/541/110 4378/539/110
f 3979/329/110 3978/328/110 4380/540/110 4379/541/110
f 3978/328/110 4038/328/110 4377/540/110 4380/540/110
f 4037/330/110 4036/331/110 4382/542/110 4381/543/110
f 4036/331/110 3980/331/110 4383/544/110 4382/542/110
f 3980/331/110 3979/329/110 4384/545/110 4383/544/110
f 3979/329/110 4037/330/110 4381/543/110 4384/545/110
f 4036/331/110 4035/332/110 4386/546/110 4385/547/110
f 4035/332/110 3981/332/110 4387/548/110 4386/546/110
f 3981/332/110 3980/331/110 4388/549/110 4387/548/110
f 3980/331/110 4036/331/110 4385/547/110 4388/549/110
f 4035/332/110 4034/342/110 4390/509/110 4389/511/110
f 4034/342/110 3982/519/110 4391/509/110 4390/509/110
f 3982/519/110 3981/332/110 4392/510/110 4391/509/110
f 3981/332/110 4035/332/110 4389/511/110 4392/510/110
f 4034/342/110 4033/312/110 4394/302/110 4393/299/110
f 4033/312/110 3983/312/110 4395/298/110 4394/302/110
f 3983/312/110 3982/519/110 4396/299/110 4395/298/110
f 3982/519/110 4034/342/110 4393/299/110 4396/299/110
f 4292/293/112 4046/292/112 4398/550/112 4397/551/112
f 4046/292/112 3984/306/112 4399/550/112 4398/550/112
f 3984/306/112 3946/293/112 4400/552/112 4399/550/112
f 3946/293/112 4292/293/112 4397/551/112 4400/552/112
f 4046/292/112 4045/318/112 4402/553/112 4401/554/112
f 4045/318/112 3985/340/112 4403/555/112 4402/553/112
f 3985/340/112 3984/306/112 4404/556/112 4403/555/112
f 3984/306/112 4046/292/112 4401/554/112 4404/556/112
f 4045/318/112 4044/320/112 4406/557/112 4405/558/112
f 4044/320/112 3986/319/112 4407/559/112 4406/557/112
f 3986/319/112 3985/340/112 4408/560/112 4407/559/112
f 3985/340/112 4045/318/112 4405/558/112 4408/560/112
f 4044/320/112 4043/322/112 4410/561/112 4409/562/112
f 4043/322/112 3987/322/112 4411/563/112 4410/561/112
f 3987/322/112 3986/319/112 4412/564/112 4411/563/112
f 3986/319/112 4044/320/112 4409/562/112 4412/564/112
f 4043/322/112 4042/324/112 4414/516/112 4413/565/112
f 4042/324/112 3988/324/112 4415/514/112 4414/516/112
f 3988/324/112 3987/322/112 4416/515/112 4415/514/112
f 3987/322/112 4043/322/112 4413/565/112 4416/515/112
f 4042/324/112 4041/325/112 4418/355/112 4417/358/112
f 4041/325/112 3989/341/112 4419/352/112 4418/355/112
f 3989/341/112 3988/324/112 4420/353/112 4419/352/112
f 3988/324/112 4042/324/112 4417/358/112 4420/353/112
f 4041/325/112 4040/308/112 4422/566/112 4421/567/112
f 4040/308/112 3990/308/112 4423/568/112 4422/566/112
f 3990/308/112 3989/341/112 4424/569/112 4423/568/112
f 3989/341/112 4041/325/112 4421/567/112 4424/569/112
f 3962/309/111 4145/316/111 4426/570/111 4425/571/111
f 4145/316/111 4065/315/111 4427/572/111 4426/570/111
f 4065/315/111 3943/309/111 4428/571/111 4427/572/111
f 3943/309/111 3962/309/111 4425/571/111 4428/571/111
f 4145/316/111 4144/430/111 4430/573/111 4429/574/111
f 4144/430/111 4066/430/111 4431/575/111 4430/573/111
f 4066/430/111 4065/315/111 4432/576/111 4431/575/111
f 4065/315/111 4145/316/111 4429/574/111 4432/576/111
f 4144/430/111 4143/429/111 4434/577/111 4433/578/111
f 4143/429/111 4067/429/111 4435/579/111 4434/577/111
f 4067/429/111 4066/430/111 4436/578/111 4435/579/111
f 4066/430/111 4144/430/111 4433/578/111 4436/578/111
f 4143/429/111 4142/428/111 4438/580/111 4437/581/111
f 4142/428/111 4068/428/111 4439/582/111 4438/580/111
f 4068/428/111 4067/429/111 4440/581/111 4439/582/111
f 4067/429/111 4143/429/111 4437/581/111 4440/581/111
f 4142/428/111 4141/427/111 4442/506/111 4441/507/111
f 4141/427/111 4069/492/111 4443/506/111 4442/506/111
f 4069/492/111 4068/428/111 4444/507/111 4443/506/111
f 4068/428/111 4142/428/111 4441/507/111 4444/507/111
f 4141/427/111 4140/490/111 4446/303/111 4445/301/111
f 4140/490/111 4070/520/111 4447/583/111 4446/303/111
f 4070/520/111 4069/492/111 4448/300/111 4447/583/111
f 4069/492/111 4141/427/111 4445/301/111 4448/300/111
f 4140/490/111 4139/425/111 4450/584/111 4449/585/111
f 4139/425/111 4071/425/111 4451/586/111 4450/584/111
f 4071/425/111 4070/520/111 4452/585/111 4451/586/111
f 4070/520/111 4140/490/111 4449/585/111 4452/585/111
f 4139/425/111 4138/521/111 4454/587/111 4453/588/111
f 4138/521/111 4072/424/111 4455/589/111 4454/587/111
f 4072/424/111 4071/425/111 4456/590/111 4455/589/111
f 4071/425/111 4139/425/111 4453/588/111 4456/590/111
f 4138/521/111 4137/314/111 4458/591/111 4457/592/111
f 4137/314/111 4073/314/111 4459/591/111 4458/591/111
f 4073/314/111 4072/424/111 4460/592/111 4459/591/111
f 4072/424/111 4138/521/111 4457/592/111 4460/592/111
f 3960/296/113 4154/295/113 4462/593/113 4461/594/113
f 4154/295/113 4074/295/113 4463/593/113 4462/593/113
f 4074/295/113 3945/296/113 4464/594/113 4463/593/113
f 3945/296/113 3960/296/113 4461/594/113 4464/594/113
f 4154/295/113 4153/480/113 4466/512/113 4465/513/113
f 4153/480/113 4075/480/113 4467/512/113 4466/512/113
f 4075/480/113 4074/295/113 4468/513/113 4467/512/113
f 4074/295/113 4154/295/113 4465/513/113 4468/513/113
f 4153/480/113 4152/524/113 4470/351/113 4469/354/113
f 4152/524/113 4076/495/113 4471/349/113 4470/351/113
f 4076/495/113 4075/480/113 4472/350/113 4471/349/113
f 4075/480/113 4153/480/113 4469/354/113 4472/350/113
f 4152/524/113 4151/483/113 4474/595/113 4473/596/113
f 4151/483/113 4077/505/113 4475/595/113 4474/595/113
f 4077/505/113 4076/495/113 4476/596/113 4475/595/113
f 4076/495/113 4152/524/113 4473/596/113 4476/596/113
f 4151/483/113 4150/485/113 4478/597/113 4477/598/113
f 4150/485/113 4078/498/113 4479/599/113 4478/597/113
f 4078/498/113 4077/505/113 4480/598/113 4479/599/113
f 4077/505/113 4151/483/113 4477/598/113 4480/598/113
f 4150/485/113 4149/499/113 4482/600/113 4481/601/113
f 4149/499/113 4079/499/113 4483/602/113 4482/600/113
f 4079/499/113 4078/498/113 4484/603/113 4483/602/113
f 4078/498/113 4150/485/113 4481/601/113 4484/603/113
f 4149/499/113 4148/523/113 4486/604/113 4485/605/113
f 4148/523/113 4080/501/113 4487/604/113 4486/604/113
f 4080/501/113 4079/499/113 4488/606/113 4487/604/113
f 4079/499/113 4149/499/113 4485/605/113 4488/606/113
f 4148/523/113 4147/522/113 4490/607/113 4489/608/113
f 4147/522/113 4081/489/113 4491/609/113 4490/607/113
f 4081/489/113 4080/501/113 4492/610/113 4491/609/113
f 4080/501/113 4148/523/113 4489/608/113 4492/610/113
f 4147/522/113 4146/294/113 4494/359/113 4493/508/113
f 4146/294/113 4082/294/113 4495/359/113 4494/359/113
f 4082/294/113 4081/489/113 4496/360/113 4495/359/113
f 4081/489/113 4147/522/113 4493/508/113 4496/360/113
f 4518/537/110 4517/536/110 4520/536/110 4519/538/110
f 4526/543/110 4525/542/110 4528/544/110 4527/545/110
f 4534/511/110 4533/509/110 4536/509/110 4535/510/110
f 4550/558/112 4549/557/112 4552/559/112 4551/560/112
f 4558/565/112 4557/516/112 4560/514/112 4559/515/112
f 4566/567/112 4565/566/112 4568/568/112 4567/569/112
f 4574/574/111 4573/573/111 4576/575/111 4575/576/111
f 4586/507/111 4585/506/111 4588/506/111 4587/507/111
f 4598/588/111 4597/587/111 4600/589/111 4599/590/111
f 4610/513/113 4609/512/113 4612/512/113 4611/513/113
f 4622/598/113 4621/597/113 4624/599/113 4623/598/113
f 4630/605/113 4629/604/113 4632/604/113 4631/606/113
f 4638/508/113 4637/359/113 4640/359/113 4639/360/113
f 4446/303/112 4447/583/112 4592/583/112 4589/303/112
f 4369/534/109 4370/533/109 4513/533/109 4514/534/109
f 4447/583/108 4448/300/108 4591/300/108 4592/583/108
f 4372/535/113 4369/534/113 4514/534/113 4515/535/113
f 4421/567/109 4422/566/109 4565/566/109 4566/567/109
f 4370/533/111 4371/533/111 4516/533/111 4513/533/111
f 4424/569/111 4421/567/111 4566/567/111 4567/569/111
f 4473/596/109 4474/595/109 4617/595/109 4618/596/109
f 4371/533/108 4372/535/108 4515/535/108 4516/533/108
f 4422/566/113 4423/568/113 4568/568/113 4565/566/113
f 4476/596/112 4473/596/112 4618/596/112 4619/596/112
f 4423/568/108 4424/569/108 4567/569/108 4568/568/108
f 4474/595/110 4475/595/110 4620/595/110 4617/595/110
f 4397/551/109 4398/550/109 4541/550/109 4542/551/109
f 4475/595/108 4476/596/108 4619/596/108 4620/595/108
f 4400/552/111 4397/551/111 4542/551/111 4543/552/111
f 4449/585/109 4450/584/109 4593/584/109 4594/585/109
f 4398/550/113 4399/550/113 4544/550/113 4541/550/113
f 4452/585/110 4449/585/110 4594/585/110 4595/585/110
f 4399/550/108 4400/552/108 4543/552/108 4544/550/108
f 4450/584/112 4451/586/112 4596/586/112 4593/584/112
f 4373/537/109 4374/536/109 4517/536/109 4518/537/109
f 4451/586/108 4452/585/108 4595/585/108 4596/586/108
f 4376/538/113 4373/537/113 4518/537/113 4519/538/113
f 4425/571/109 4426/570/109 4569/570/109 4570/571/109
f 4374/536/111 4375/536/111 4520/536/111 4517/536/111
f 4428/571/110 4425/571/110 4570/571/110 4571/571/110
f 4477/598/109 4478/597/109 4621/597/109 4622/598/109
f 4375/536/108 4376/538/108 4519/538/108 4520/536/108
f 4426/570/112 4427/572/112 4572/572/112 4569/570/112
f 4480/598/112 4477/598/112 4622/598/112 4623/598/112
f 4427/572/108 4428/571/108 4571/571/108 4572/572/108
f 4478/597/110 4479/599/110 4624/599/110 4621/597/110
f 4401/554/109 4402/553/109 4545/553/109 4546/554/109
f 4479/599/108 4480/598/108 4623/598/108 4624/599/108
f 4404/556/111 4401/554/111 4546/554/111 4547/556/111
f 4453/588/109 4454/587/109 4597/587/109 4598/588/109
f 4402/553/113 4403/555/113 4548/555/113 4545/553/113
f 4456/590/110 4453/588/110 4598/588/110 4599/590/110
f 4403/555/108 4404/556/108 4547/556/108 4548/555/108
f 4454/587/112 4455/589/112 4600/589/112 4597/587/112
f 4377/540/109 4378/539/109 4521/539/109 4522/540/109
f 4455/589/108 4456/590/108 4599/590/108 4600/589/108
f 4380/540/113 4377/540/113 4522/540/113 4523/540/113
f 4429/574/109 4430/573/109 4573/573/109 4574/574/109
f 4378/539/111 4379/541/111 4524/541/111 4521/539/111
f 4432/576/110 4429/574/110 4574/574/110 4575/576/110
f 4481/601/109 4482/600/109 4625/600/109 4626/601/109
f 4379/541/108 4380/540/108 4523/540/108 4524/541/108
f 4430/573/112 4431/575/112 4576/575/112 4573/573/112
f 4484/603/112 4481/601/112 4626/601/112 4627/603/112
f 4353/526/109 4354/525/109 4497/525/109 4498/526/109
f 4431/575/108 4432/576/108 4575/576/108 4576/575/108
f 4482/600/110 4483/602/110 4628/602/110 4625/600/110
f 4356/526/112 4353/526/112 4498/526/112 4499/526/112
f 4405/558/109 4406/557/109 4549/557/109 4550/558/109
f 4483/602/108 4484/603/108 4627/603/108 4628/602/108
f 4354/525/110 4355/527/110 4500/527/110 4497/525/110
f 4408/560/111 4405/558/111 4550/558/111 4551/560/111
f 4457/592/109 4458/591/109 4601/591/109 4602/592/109
f 4355/527/108 4356/526/108 4499/526/108 4500/527/108
f 4406/557/113 4407/559/113 4552/559/113 4549/557/113
f 4460/592/110 4457/592/110 4602/592/110 4603/592/110
f 4407/559/108 4408/560/108 4551/560/108 4552/559/108
f 4458/591/112 4459/591/112 4604/591/112 4601/591/112
f 4381/543/109 4382/542/109 4525/542/109 4526/543/109
f 4459/591/108 4460/592/108 4603/592/108 4604/591/108
f 4384/545/113 4381/543/113 4526/543/113 4527/545/113
f 4433/578/109 4434/577/109 4577/577/109 4578/578/109
f 4382/542/111 4383/544/111 4528/544/111 4525/542/111
f 4436/578/110 4433/578/110 4578/578/110 4579/578/110
f 4485/605/109 4486/604/109 4629/604/109 4630/605/109
f 4383/544/108 4384/545/108 4527/545/108 4528/544/108
f 4434/577/112 4435/579/112 4580/579/112 4577/577/112
f 4488/606/112 4485/605/112 4630/605/112 4631/606/112
f 4357/529/109 4358/528/109 4501/528/109 4502/529/109
f 4435/579/108 4436/578/108 4579/578/108 4580/579/108
f 4486/604/110 4487/604/110 4632/604/110 4629/604/110
f 4360/529/110 4357/529/110 4502/529/110 4503/529/110
f 4409/562/109 4410/561/109 4553/561/109 4554/562/109
f 4487/604/108 4488/606/108 4631/606/108 4632/604/108
f 4358/528/112 4359/530/112 4504/530/112 4501/528/112
f 4412/564/111 4409/562/111 4554/562/111 4555/564/111
f 4461/594/109 4462/593/109 4605/593/109 4606/594/109
f 4359/530/108 4360/529/108 4503/529/108 4504/530/108
f 4410/561/113 4411/563/113 4556/563/113 4553/561/113
f 4464/594/112 4461/594/112 4606/594/112 4607/594/112
f 4411/563/108 4412/564/108 4555/564/108 4556/563/108
f 4462/593/110 4463/593/110 4608/593/110 4605/593/110
f 4385/547/109 4386/546/109 4529/546/109 4530/547/109
f 4463/593/108 4464/594/108 4607/594/108 4608/593/108
f 4388/549/113 4385/547/113 4530/547/113 4531/549/113
f 4437/581/109 4438/580/109 4581/580/109 4582/581/109
f 4386/546/111 4387/548/111 4532/548/111 4529/546/111
f 4440/581/110 4437/581/110 4582/581/110 4583/581/110
f 4489/608/109 4490/607/109 4633/607/109 4634/608/109
f 4387/548/108 4388/549/108 4531/549/108 4532/548/108
f 4438/580/112 4439/582/112 4584/582/112 4581/580/112
f 4492/610/112 4489/608/112 4634/608/112 4635/610/112
f 4361/532/109 4362/531/109 4505/531/109 4506/532/109
f 4439/582/108 4440/581/108 4583/581/108 4584/582/108
f 4490/607/110 4491/609/110 4636/609/110 4633/607/110
f 4364/518/111 4361/532/111 4506/532/111 4507/518/111
f 4413/565/109 4414/516/109 4557/516/109 4558/565/109
f 4491/609/108 4492/610/108 4635/610/108 4636/609/108
f 4362/531/113 4363/517/113 4508/517/113 4505/531/113
f 4416/515/111 4413/565/111 4558/565/111 4559/515/111
f 4465/513/109 4466/512/109 4609/512/109 4610/513/109
f 4974/291/108 4672/292/108 4644/293/108 4766/294/108
f 4794/295/109 4651/296/109 4659/296/109 4830/297/109
f 5097/298/108 5098/299/108 5241/299/108 5242/298/108
f 5150/300/110 5147/301/110 5292/301/110 5293/300/110
f 5096/302/111 5097/298/111 5242/298/111 5239/302/111
f 5147/301/109 5148/303/109 5291/303/109 5292/301/109
f 4919/304/109 4802/305/109 4652/293/109 4700/306/109
f 4985/307/108 4986/296/108 4655/296/108 4713/307/108
f 4989/308/108 4990/309/108 4653/309/108 4720/308/108
f 4693/310/109 4650/311/109 4658/311/109 4721/310/109
f 4720/308/112 4653/309/112 4657/309/112 4734/308/112
f 4713/307/110 4655/296/110 4659/296/110 4727/312/110
f 4820/313/113 4656/293/113 4660/293/113 4838/313/113
f 4811/314/111 4654/311/111 4658/311/111 4829/314/111
f 4785/315/109 4649/309/109 4657/309/109 4821/316/109
f 4987/294/108 4988/293/108 4656/293/108 4820/313/108
f 4700/306/109 4652/293/109 4660/293/109 4728/306/109
f 4983/314/108 4984/311/108 4654/311/108 4811/314/108
f 4671/312/110 4642/296/110 4998/296/110 5011/312/110
f 4678/317/112 4643/309/112 4996/309/112 5017/308/112
f 4757/314/111 4641/311/111 4663/311/111 5039/314/111
f 4766/294/113 4644/293/113 4661/293/113 5047/294/113
f 4644/293/112 4672/292/112 4993/292/112 4661/293/112
f 4672/292/112 4673/318/112 5022/318/112 4993/292/112
f 4673/318/112 4674/319/112 5021/320/112 5022/318/112
f 4674/319/112 4675/321/112 5020/322/112 5021/320/112
f 4675/321/112 4676/323/112 5019/324/112 5020/322/112
f 4676/323/112 4677/325/112 5018/325/112 5019/324/112
f 4677/325/112 4678/317/112 5017/308/112 5018/325/112
f 4641/311/110 4665/310/110 4991/326/110 4663/311/110
f 4665/310/110 4666/327/110 5016/328/110 4991/326/110
f 4666/327/110 4667/329/110 5015/330/110 5016/328/110
f 4667/329/110 4668/331/110 5014/331/110 5015/330/110
f 4668/331/110 4669/332/110 5013/332/110 5014/331/110
f 4669/332/110 4670/333/110 5012/333/110 5013/332/110
f 4670/333/110 4671/312/110 5011/312/110 5012/333/110
f 4649/309/109 4706/308/109 4734/308/109 4657/309/109
f 4706/308/109 4705/325/109 4733/334/109 4734/308/109
f 4705/325/109 4704/335/109 4732/324/109 4733/334/109
f 4704/335/109 4703/322/109 4731/322/109 4732/324/109
f 4703/322/109 4702/336/109 4730/319/109 4731/322/109
f 4702/336/109 4701/318/109 4729/318/109 4730/319/109
f 4701/318/109 4700/306/109 4728/306/109 4729/318/109
f 4654/311/110 4707/310/110 4721/310/110 4658/311/110
f 4707/310/110 4708/327/110 4722/327/110 4721/310/110
f 4708/327/110 4709/337/110 4723/329/110 4722/327/110
f 4709/337/110 4710/331/110 4724/331/110 4723/329/110
f 4710/331/110 4711/332/110 4725/332/110 4724/331/110
f 4711/332/110 4712/333/110 4726/333/110 4725/332/110
f 4712/333/110 4713/307/110 4727/312/110 4726/333/110
f 4656/293/112 4714/292/112 4728/306/112 4660/293/112
f 4714/292/112 4715/318/112 4729/318/112 4728/306/112
f 4715/318/112 4716/319/112 4730/319/112 4729/318/112
f 4716/319/112 4717/322/112 4731/322/112 4730/319/112
f 4717/322/112 4718/338/112 4732/324/112 4731/322/112
f 4718/338/112 4719/334/112 4733/334/112 4732/324/112
f 4719/334/112 4720/308/112 4734/308/112 4733/334/112
f 4651/296/109 4699/307/109 4727/312/109 4659/296/109
f 4699/307/109 4698/333/109 4726/333/109 4727/312/109
f 4698/333/109 4697/339/109 4725/332/109 4726/333/109
f 4697/339/109 4696/331/109 4724/331/109 4725/332/109
f 4696/331/109 4695/329/109 4723/329/109 4724/331/109
f 4695/329/109 4694/327/109 4722/327/109 4723/329/109
f 4694/327/109 4693/310/109 4721/310/109 4722/327/109
f 4988/293/108 5005/306/108 4714/292/108 4656/293/108
f 5005/306/108 5006/340/108 4715/318/108 4714/292/108
f 5006/340/108 5007/319/108 4716/319/108 4715/318/108
f 5007/319/108 5008/322/108 4717/322/108 4716/319/108
f 5008/322/108 5009/324/108 4718/338/108 4717/322/108
f 5009/324/108 5010/341/108 4719/334/108 4718/338/108
f 5010/341/108 4989/308/108 4720/308/108 4719/334/108
f 4984/311/108 4999/310/108 4707/310/108 4654/311/108
f 4999/310/108 5000/328/108 4708/327/108 4707/310/108
f 5000/328/108 5001/329/108 4709/337/108 4708/327/108
f 5001/329/108 5002/331/108 4710/331/108 4709/337/108
f 5002/331/108 5003/332/108 4711/332/108 4710/331/108
f 5003/332/108 5004/342/108 4712/333/108 4711/332/108
f 5004/342/108 4985/307/108 4713/307/108 4712/333/108
f 4785/315/109 4865/343/109 4706/308/109 4649/309/109
f 4865/343/109 4874/344/109 4705/325/109 4706/308/109
f 4874/344/109 4883/345/109 4704/335/109 4705/325/109
f 4883/345/109 4892/346/109 4703/322/109 4704/335/109
f 4892/346/109 4901/347/109 4702/336/109 4703/322/109
f 4901/347/109 4910/348/109 4701/318/109 4702/336/109
f 4910/348/109 4919/304/109 4700/306/109 4701/318/109
f 5098/299/113 5095/299/113 5240/299/113 5241/299/113
f 5173/349/108 5174/350/108 5317/350/108 5318/349/108
f 5095/299/109 5096/302/109 5239/302/109 5240/299/109
f 5172/351/110 5173/349/110 5318/349/110 5315/351/110
f 5121/352/108 5122/353/108 5265/353/108 5266/352/108
f 5174/350/112 5171/354/112 5316/354/112 5317/350/112
f 5120/355/113 5121/352/113 5266/352/113 5263/355/113
f 5069/356/108 5070/357/108 5213/357/108 5214/356/108
f 5171/354/109 5172/351/109 5315/351/109 5316/354/109
f 5122/353/111 5119/358/111 5264/358/111 5265/353/111
f 5068/356/111 5069/356/111 5214/356/111 5211/356/111
f 5197/359/108 5198/360/108 5341/360/108 5342/359/108
f 5119/358/109 5120/355/109 5263/355/109 5264/358/109
f 5070/357/113 5067/361/113 5212/361/113 5213/357/113
f 4749/316/108 4643/309/108 4678/317/108 4920/362/108
f 4920/362/108 4678/317/108 4677/325/108 4929/363/108
f 4929/363/108 4677/325/108 4676/323/108 4938/364/108
f 4938/364/108 4676/323/108 4675/321/108 4947/365/108
f 4947/365/108 4675/321/108 4674/319/108 4956/366/108
f 4956/366/108 4674/319/108 4673/318/108 4965/367/108
f 4965/367/108 4673/318/108 4672/292/108 4974/291/108
f 4670/333/108 4973/368/108 4982/369/108 4671/312/108
f 4973/368/108 4972/370/108 4981/371/108 4982/369/108
f 4972/370/108 4971/372/108 4980/373/108 4981/371/108
f 4971/372/108 4970/374/108 4979/375/108 4980/373/108
f 4970/374/108 4969/376/108 4978/377/108 4979/375/108
f 4969/376/108 4968/378/108 4977/379/108 4978/377/108
f 4968/378/108 4967/380/108 4976/381/108 4977/379/108
f 4967/380/108 4966/382/108 4975/383/108 4976/381/108
f 4966/382/108 4965/367/108 4974/291/108 4975/383/108
f 4669/332/108 4964/384/108 4973/368/108 4670/333/108
f 4964/384/108 4963/385/108 4972/370/108 4973/368/108
f 4963/385/108 4962/386/108 4971/372/108 4972/370/108
f 4962/386/108 4961/387/108 4970/374/108 4971/372/108
f 4961/387/108 4960/388/108 4969/376/108 4970/374/108
f 4960/388/108 4959/389/108 4968/378/108 4969/376/108
f 4959/389/108 4958/390/108 4967/380/108 4968/378/108
f 4958/390/108 4957/391/108 4966/382/108 4967/380/108
f 4957/391/108 4956/366/108 4965/367/108 4966/382/108
f 4668/331/108 4955/392/108 4964/384/108 4669/332/108
f 4955/392/108 4954/393/108 4963/385/108 4964/384/108
f 4954/393/108 4953/394/108 4962/386/108 4963/385/108
f 4953/394/108 4952/395/108 4961/387/108 4962/386/108
f 4952/395/108 4951/396/108 4960/388/108 4961/387/108
f 4951/396/108 4950/397/108 4959/389/108 4960/388/108
f 4950/397/108 4949/398/108 4958/390/108 4959/389/108
f 4949/398/108 4948/399/108 4957/391/108 4958/390/108
f 4948/399/108 4947/365/108 4956/366/108 4957/391/108
f 4667/329/108 4946/400/108 4955/392/108 4668/331/108
f 4946/400/108 4945/401/108 4954/393/108 4955/392/108
f 4945/401/108 4944/402/108 4953/394/108 4954/393/108
f 4944/402/108 4943/403/108 4952/395/108 4953/394/108
f 4943/403/108 4942/404/108 4951/396/108 4952/395/108
f 4942/404/108 4941/405/108 4950/397/108 4951/396/108
f 4941/405/108 4940/406/108 4949/398/108 4950/397/108
f 4940/406/108 4939/407/108 4948/399/108 4949/398/108
f 4939/407/108 4938/364/108 4947/365/108 4948/399/108
f 4666/327/108 4937/408/108 4946/400/108 4667/329/108
f 4937/408/108 4936/409/108 4945/401/108 4946/400/108
f 4936/409/108 4935/410/108 4944/402/108 4945/401/108
f 4935/410/108 4934/411/108 4943/403/108 4944/402/108
f 4934/411/108 4933/412/108 4942/404/108 4943/403/108
f 4933/412/108 4932/413/108 4941/405/108 4942/404/108
f 4932/413/108 4931/414/108 4940/406/108 4941/405/108
f 4931/414/108 4930/415/108 4939/407/108 4940/406/108
f 4930/415/108 4929/363/108 4938/364/108 4939/407/108
f 4665/310/108 4928/416/108 4937/408/108 4666/327/108
f 4928/416/108 4927/417/108 4936/409/108 4937/408/108
f 4927/417/108 4926/418/108 4935/410/108 4936/409/108
f 4926/418/108 4925/419/108 4934/411/108 4935/410/108
f 4925/419/108 4924/420/108 4933/412/108 4934/411/108
f 4924/420/108 4923/421/108 4932/413/108 4933/412/108
f 4923/421/108 4922/422/108 4931/414/108 4932/413/108
f 4922/422/108 4921/423/108 4930/415/108 4931/414/108
f 4921/423/108 4920/362/108 4929/363/108 4930/415/108
f 4641/311/108 4757/314/108 4928/416/108 4665/310/108
f 4757/314/108 4756/424/108 4927/417/108 4928/416/108
f 4756/424/108 4755/425/108 4926/418/108 4927/417/108
f 4755/425/108 4754/426/108 4925/419/108 4926/418/108
f 4754/426/108 4753/427/108 4924/420/108 4925/419/108
f 4753/427/108 4752/428/108 4923/421/108 4924/420/108
f 4752/428/108 4751/429/108 4922/422/108 4923/421/108
f 4751/429/108 4750/430/108 4921/423/108 4922/422/108
f 4750/430/108 4749/316/108 4920/362/108 4921/423/108
f 4698/333/109 4699/307/109 4911/369/109 4902/431/109
f 4902/431/109 4911/369/109 4912/371/109 4903/432/109
f 4903/432/109 4912/371/109 4913/433/109 4904/434/109
f 4904/434/109 4913/433/109 4914/435/109 4905/436/109
f 4905/436/109 4914/435/109 4915/437/109 4906/376/109
f 4906/376/109 4915/437/109 4916/379/109 4907/438/109
f 4907/438/109 4916/379/109 4917/381/109 4908/439/109
f 4908/439/109 4917/381/109 4918/440/109 4909/441/109
f 4909/441/109 4918/440/109 4919/304/109 4910/348/109
f 4697/339/109 4698/333/109 4902/431/109 4893/442/109
f 4893/442/109 4902/431/109 4903/432/109 4894/443/109
f 4894/443/109 4903/432/109 4904/434/109 4895/444/109
f 4895/444/109 4904/434/109 4905/436/109 4896/445/109
f 4896/445/109 4905/436/109 4906/376/109 4897/446/109
f 4897/446/109 4906/376/109 4907/438/109 4898/447/109
f 4898/447/109 4907/438/109 4908/439/109 4899/448/109
f 4899/448/109 4908/439/109 4909/441/109 4900/449/109
f 4900/449/109 4909/441/109 4910/348/109 4901/347/109
f 4696/331/109 4697/339/109 4893/442/109 4884/450/109
f 4884/450/109 4893/442/109 4894/443/109 4885/451/109
f 4885/451/109 4894/443/109 4895/444/109 4886/452/109
f 4886/452/109 4895/444/109 4896/445/109 4887/453/109
f 4887/453/109 4896/445/109 4897/446/109 4888/454/109
f 4888/454/109 4897/446/109 4898/447/109 4889/455/109
f 4889/455/109 4898/447/109 4899/448/109 4890/456/109
f 4890/456/109 4899/448/109 4900/449/109 4891/457/109
f 4891/457/109 4900/449/109 4901/347/109 4892/346/109
f 4695/329/109 4696/331/109 4884/450/109 4875/458/109
f 4875/458/109 4884/450/109 4885/451/109 4876/459/109
f 4876/459/109 4885/451/109 4886/452/109 4877/460/109
f 4877/460/109 4886/452/109 4887/453/109 4878/461/109
f 4878/461/109 4887/453/109 4888/454/109 4879/462/109
f 4879/462/109 4888/454/109 4889/455/109 4880/463/109
f 4880/463/109 4889/455/109 4890/456/109 4881/464/109
f 4881/464/109 4890/456/109 4891/457/109 4882/465/109
f 4882/465/109 4891/457/109 4892/346/109 4883/345/109
f 4694/327/109 4695/329/109 4875/458/109 4866/408/109
f 4866/408/109 4875/458/109 4876/459/109 4867/466/109
f 4867/466/109 4876/459/109 4877/460/109 4868/410/109
f 4868/410/109 4877/460/109 4878/461/109 4869/467/109
f 4869/467/109 4878/461/109 4879/462/109 4870/412/109
f 4870/412/109 4879/462/109 4880/463/109 4871/413/109
f 4871/413/109 4880/463/109 4881/464/109 4872/468/109
f 4872/468/109 4881/464/109 4882/465/109 4873/469/109
f 4873/469/109 4882/465/109 4883/345/109 4874/344/109
f 4693/310/109 4694/327/109 4866/408/109 4857/470/109
f 4857/470/109 4866/408/109 4867/466/109 4858/471/109
f 4858/471/109 4867/466/109 4868/410/109 4859/472/109
f 4859/472/109 4868/410/109 4869/467/109 4860/473/109
f 4860/473/109 4869/467/109 4870/412/109 4861/474/109
f 4861/474/109 4870/412/109 4871/413/109 4862/475/109
f 4862/475/109 4871/413/109 4872/468/109 4863/476/109
f 4863/476/109 4872/468/109 4873/469/109 4864/477/109
f 4864/477/109 4873/469/109 4874/344/109 4865/343/109
f 4650/311/109 4693/310/109 4857/470/109 4793/314/109
f 4793/314/109 4857/470/109 4858/471/109 4792/424/109
f 4792/424/109 4858/471/109 4859/472/109 4791/425/109
f 4791/425/109 4859/472/109 4860/473/109 4790/426/109
f 4790/426/109 4860/473/109 4861/474/109 4789/478/109
f 4789/478/109 4861/474/109 4862/475/109 4788/428/109
f 4788/428/109 4862/475/109 4863/476/109 4787/479/109
f 4787/479/109 4863/476/109 4864/477/109 4786/430/109
f 4786/430/109 4864/477/109 4865/343/109 4785/315/109
f 4642/296/113 4758/295/113 4997/295/113 4998/296/113
f 4758/295/113 4759/480/113 5054/480/113 4997/295/113
f 4759/480/113 4760/481/113 5053/481/113 5054/480/113
f 4760/481/113 4761/482/113 5052/483/113 5053/481/113
f 4761/482/113 4762/484/113 5051/485/113 5052/483/113
f 4762/484/113 4763/486/113 5050/486/113 5051/485/113
f 4763/486/113 4764/487/113 5049/488/113 5050/486/113
f 4764/487/113 4765/489/113 5048/489/113 5049/488/113
f 4765/489/113 4766/294/113 5047/294/113 5048/489/113
f 4643/309/111 4749/316/111 4995/316/111 4996/309/111
f 4749/316/111 4750/430/111 5046/430/111 4995/316/111
f 4750/430/111 4751/429/111 5045/429/111 5046/430/111
f 4751/429/111 4752/428/111 5044/428/111 5045/429/111
f 4752/428/111 4753/427/111 5043/427/111 5044/428/111
f 4753/427/111 4754/426/111 5042/490/111 5043/427/111
f 4754/426/111 4755/425/111 5041/425/111 5042/490/111
f 4755/425/111 4756/424/111 5040/424/111 5041/425/111
f 4756/424/111 4757/314/111 5039/314/111 5040/424/111
f 4990/309/108 5023/315/108 4803/316/108 4653/309/108
f 5023/315/108 5024/430/108 4804/491/108 4803/316/108
f 5024/430/108 5025/429/108 4805/429/108 4804/491/108
f 5025/429/108 5026/428/108 4806/428/108 4805/429/108
f 5026/428/108 5027/492/108 4807/427/108 4806/428/108
f 5027/492/108 5028/493/108 4808/493/108 4807/427/108
f 5028/493/108 5029/425/108 4809/425/108 4808/493/108
f 5029/425/108 5030/424/108 4810/424/108 4809/425/108
f 5030/424/108 4983/314/108 4811/314/108 4810/424/108
f 4986/296/108 5031/295/108 4812/297/108 4655/296/108
f 5031/295/108 5032/480/108 4813/494/108 4812/297/108
f 5032/480/108 5033/495/108 4814/481/108 4813/494/108
f 5033/495/108 5034/496/108 4815/497/108 4814/481/108
f 5034/496/108 5035/498/108 4816/485/108 4815/497/108
f 5035/498/108 5036/499/108 4817/500/108 4816/485/108
f 5036/499/108 5037/501/108 4818/502/108 4817/500/108
f 5037/501/108 5038/489/108 4819/489/108 4818/502/108
f 5038/489/108 4987/294/108 4820/313/108 4819/489/108
f 4650/311/109 4793/314/109 4829/314/109 4658/311/109
f 4793/314/109 4792/424/109 4828/424/109 4829/314/109
f 4792/424/109 4791/425/109 4827/425/109 4828/424/109
f 4791/425/109 4790/426/109 4826/426/109 4827/425/109
f 4790/426/109 4789/478/109 4825/427/109 4826/426/109
f 4789/478/109 4788/428/109 4824/428/109 4825/427/109
f 4788/428/109 4787/479/109 4823/429/109 4824/428/109
f 4787/479/109 4786/430/109 4822/430/109 4823/429/109
f 4786/430/109 4785/315/109 4821/316/109 4822/430/109
f 4653/309/111 4803/316/111 4821/316/111 4657/309/111
f 4803/316/111 4804/491/111 4822/430/111 4821/316/111
f 4804/491/111 4805/429/111 4823/429/111 4822/430/111
f 4805/429/111 4806/428/111 4824/428/111 4823/429/111
f 4806/428/111 4807/427/111 4825/427/111 4824/428/111
f 4807/427/111 4808/493/111 4826/426/111 4825/427/111
f 4808/493/111 4809/425/111 4827/425/111 4826/426/111
f 4809/425/111 4810/424/111 4828/424/111 4827/425/111
f 4810/424/111 4811/314/111 4829/314/111 4828/424/111
f 4655/296/113 4812/297/113 4830/297/113 4659/296/113
f 4812/297/113 4813/494/113 4831/503/113 4830/297/113
f 4813/494/113 4814/481/113 4832/481/113 4831/503/113
f 4814/481/113 4815/497/113 4833/504/113 4832/481/113
f 4815/497/113 4816/485/113 4834/485/113 4833/504/113
f 4816/485/113 4817/500/113 4835/500/113 4834/485/113
f 4817/500/113 4818/502/113 4836/502/113 4835/500/113
f 4818/502/113 4819/489/113 4837/489/113 4836/502/113
f 4819/489/113 4820/313/113 4838/313/113 4837/489/113
f 4699/307/109 4651/296/109 4794/295/109 4911/369/109
f 4911/369/109 4794/295/109 4795/480/109 4912/371/109
f 4912/371/109 4795/480/109 4796/481/109 4913/433/109
f 4913/433/109 4796/481/109 4797/505/109 4914/435/109
f 4914/435/109 4797/505/109 4798/485/109 4915/437/109
f 4915/437/109 4798/485/109 4799/500/109 4916/379/109
f 4916/379/109 4799/500/109 4800/487/109 4917/381/109
f 4917/381/109 4800/487/109 4801/489/109 4918/440/109
f 4918/440/109 4801/489/109 4802/305/109 4919/304/109
f 5196/359/110 5197/359/110 5342/359/110 5339/359/110
f 5145/506/108 5146/507/108 5289/507/108 5290/506/108
f 5067/361/109 5068/356/109 5211/356/109 5212/361/109
f 5198/360/112 5195/508/112 5340/508/112 5341/360/112
f 5144/506/112 5145/506/112 5290/506/112 5287/506/112
f 5093/509/108 5094/510/108 5237/510/108 5238/509/108
f 5195/508/109 5196/359/109 5339/359/109 5340/508/109
f 5146/507/110 5143/507/110 5288/507/110 5289/507/110
f 5092/509/111 5093/509/111 5238/509/111 5235/509/111
f 5143/507/109 5144/506/109 5287/506/109 5288/507/109
f 5094/510/113 5091/511/113 5236/511/113 5237/510/113
f 5169/512/108 5170/513/108 5313/513/108 5314/512/108
f 5091/511/109 5092/509/109 5235/509/109 5236/511/109
f 5168/512/110 5169/512/110 5314/512/110 5311/512/110
f 5117/514/108 5118/515/108 5261/515/108 5262/514/108
f 5170/513/112 5167/513/112 5312/513/112 5313/513/112
f 5116/516/113 5117/514/113 5262/514/113 5259/516/113
f 5065/517/108 5066/518/108 5209/518/108 5210/517/108
f 4652/293/109 4802/305/109 4838/313/109 4660/293/109
f 4802/305/109 4801/489/109 4837/489/109 4838/313/109
f 4801/489/109 4800/487/109 4836/502/109 4837/489/109
f 4800/487/109 4799/500/109 4835/500/109 4836/502/109
f 4799/500/109 4798/485/109 4834/485/109 4835/500/109
f 4798/485/109 4797/505/109 4833/504/109 4834/485/109
f 4797/505/109 4796/481/109 4832/481/109 4833/504/109
f 4796/481/109 4795/480/109 4831/503/109 4832/481/109
f 4795/480/109 4794/295/109 4830/297/109 4831/503/109
f 4671/312/108 4982/369/108 4758/295/108 4642/296/108
f 4982/369/108 4981/371/108 4759/480/108 4758/295/108
f 4981/371/108 4980/373/108 4760/481/108 4759/480/108
f 4980/373/108 4979/375/108 4761/482/108 4760/481/108
f 4979/375/108 4978/377/108 4762/484/108 4761/482/108
f 4978/377/108 4977/379/108 4763/486/108 4762/484/108
f 4977/379/108 4976/381/108 4764/487/108 4763/486/108
f 4976/381/108 4975/383/108 4765/489/108 4764/487/108
f 4975/383/108 4974/291/108 4766/294/108 4765/489/108
f 4775/314/111 4646/311/111 4984/311/111 4983/314/111
f 4685/312/110 4647/296/110 4986/296/110 4985/307/110
f 4784/294/113 4648/293/113 4988/293/113 4987/294/113
f 4692/308/112 4645/309/112 4990/309/112 4989/308/112
f 4741/326/110 4992/311/110 4663/311/110 4991/326/110
f 4748/292/112 4994/293/112 4661/293/112 4993/292/112
f 4847/316/111 4664/309/111 4996/309/111 4995/316/111
f 4856/295/113 4662/296/113 4998/296/113 4997/295/113
f 4646/311/110 4679/310/110 4999/310/110 4984/311/110
f 4679/310/110 4680/328/110 5000/328/110 4999/310/110
f 4680/328/110 4681/329/110 5001/329/110 5000/328/110
f 4681/329/110 4682/331/110 5002/331/110 5001/329/110
f 4682/331/110 4683/332/110 5003/332/110 5002/331/110
f 4683/332/110 4684/519/110 5004/342/110 5003/332/110
f 4684/519/110 4685/312/110 4985/307/110 5004/342/110
f 4648/293/112 4686/306/112 5005/306/112 4988/293/112
f 4686/306/112 4687/340/112 5006/340/112 5005/306/112
f 4687/340/112 4688/319/112 5007/319/112 5006/340/112
f 4688/319/112 4689/322/112 5008/322/112 5007/319/112
f 4689/322/112 4690/324/112 5009/324/112 5008/322/112
f 4690/324/112 4691/341/112 5010/341/112 5009/324/112
f 4691/341/112 4692/308/112 4989/308/112 5010/341/112
f 4662/296/110 4735/312/110 5011/312/110 4998/296/110
f 4735/312/110 4736/342/110 5012/333/110 5011/312/110
f 4736/342/110 4737/332/110 5013/332/110 5012/333/110
f 4737/332/110 4738/331/110 5014/331/110 5013/332/110
f 4738/331/110 4739/330/110 5015/330/110 5014/331/110
f 4739/330/110 4740/328/110 5016/328/110 5015/330/110
f 4740/328/110 4741/326/110 4991/326/110 5016/328/110
f 4664/309/112 4742/308/112 5017/308/112 4996/309/112
f 4742/308/112 4743/325/112 5018/325/112 5017/308/112
f 4743/325/112 4744/324/112 5019/324/112 5018/325/112
f 4744/324/112 4745/322/112 5020/322/112 5019/324/112
f 4745/322/112 4746/320/112 5021/320/112 5020/322/112
f 4746/320/112 4747/318/112 5022/318/112 5021/320/112
f 4747/318/112 4748/292/112 4993/292/112 5022/318/112
f 4645/309/111 4767/315/111 5023/315/111 4990/309/111
f 4767/315/111 4768/430/111 5024/430/111 5023/315/111
f 4768/430/111 4769/429/111 5025/429/111 5024/430/111
f 4769/429/111 4770/428/111 5026/428/111 5025/429/111
f 4770/428/111 4771/492/111 5027/492/111 5026/428/111
f 4771/492/111 4772/520/111 5028/493/111 5027/492/111
f 4772/520/111 4773/425/111 5029/425/111 5028/493/111
f 4773/425/111 4774/424/111 5030/424/111 5029/425/111
f 4774/424/111 4775/314/111 4983/314/111 5030/424/111
f 4647/296/113 4776/295/113 5031/295/113 4986/296/113
f 4776/295/113 4777/480/113 5032/480/113 5031/295/113
f 4777/480/113 4778/495/113 5033/495/113 5032/480/113
f 4778/495/113 4779/505/113 5034/496/113 5033/495/113
f 4779/505/113 4780/498/113 5035/498/113 5034/496/113
f 4780/498/113 4781/499/113 5036/499/113 5035/498/113
f 4781/499/113 4782/501/113 5037/501/113 5036/499/113
f 4782/501/113 4783/489/113 5038/489/113 5037/501/113
f 4783/489/113 4784/294/113 4987/294/113 5038/489/113
f 4992/311/111 4839/314/111 5039/314/111 4663/311/111
f 4839/314/111 4840/521/111 5040/424/111 5039/314/111
f 4840/521/111 4841/425/111 5041/425/111 5040/424/111
f 4841/425/111 4842/490/111 5042/490/111 5041/425/111
f 4842/490/111 4843/427/111 5043/427/111 5042/490/111
f 4843/427/111 4844/428/111 5044/428/111 5043/427/111
f 4844/428/111 4845/429/111 5045/429/111 5044/428/111
f 4845/429/111 4846/430/111 5046/430/111 5045/429/111
f 4846/430/111 4847/316/111 4995/316/111 5046/430/111
f 4994/293/113 4848/294/113 5047/294/113 4661/293/113
f 4848/294/113 4849/522/113 5048/489/113 5047/294/113
f 4849/522/113 4850/523/113 5049/488/113 5048/489/113
f 4850/523/113 4851/499/113 5050/486/113 5049/488/113
f 4851/499/113 4852/485/113 5051/485/113 5050/486/113
f 4852/485/113 4853/483/113 5052/483/113 5051/485/113
f 4853/483/113 4854/524/113 5053/481/113 5052/483/113
f 4854/524/113 4855/480/113 5054/480/113 5053/481/113
f 4855/480/113 4856/295/113 4997/295/113 5054/480/113
f 4848/294/113 4994/293/113 5056/525/113 5055/526/113
f 4994/293/113 4648/293/113 5057/527/113 5056/525/113
f 4648/293/113 4784/294/113 5058/526/113 5057/527/113
f 4784/294/113 4848/294/113 5055/526/113 5058/526/113
f 4839/314/111 4992/311/111 5060/528/111 5059/529/111
f 4992/311/111 4646/311/111 5061/530/111 5060/528/111
f 4646/311/111 4775/314/111 5062/529/111 5061/530/111
f 4775/314/111 4839/314/111 5059/529/111 5062/529/111
f 4742/308/112 4664/309/112 5064/531/112 5063/532/112
f 4664/309/112 4645/309/112 5065/517/112 5064/531/112
f 4645/309/112 4692/308/112 5066/518/112 5065/517/112
f 4692/308/112 4742/308/112 5063/532/112 5066/518/112
f 4735/312/110 4662/296/110 5068/356/110 5067/361/110
f 4662/296/110 4647/296/110 5069/356/110 5068/356/110
f 4647/296/110 4685/312/110 5070/357/110 5069/356/110
f 4685/312/110 4735/312/110 5067/361/110 5070/357/110
f 4992/311/110 4741/326/110 5072/533/110 5071/534/110
f 4741/326/110 4679/310/110 5073/533/110 5072/533/110
f 4679/310/110 4646/311/110 5074/535/110 5073/533/110
f 4646/311/110 4992/311/110 5071/534/110 5074/535/110
f 4741/326/110 4740/328/110 5076/536/110 5075/537/110
f 4740/328/110 4680/328/110 5077/536/110 5076/536/110
f 4680/328/110 4679/310/110 5078/538/110 5077/536/110
f 4679/310/110 4741/326/110 5075/537/110 5078/538/110
f 4740/328/110 4739/330/110 5080/539/110 5079/540/110
f 4739/330/110 4681/329/110 5081/541/110 5080/539/110
f 4681/329/110 4680/328/110 5082/540/110 5081/541/110
f 4680/328/110 4740/328/110 5079/540/110 5082/540/110
f 4739/330/110 4738/331/110 5084/542/110 5083/543/110
f 4738/331/110 4682/331/110 5085/544/110 5084/542/110
f 4682/331/110 4681/329/110 5086/545/110 5085/544/110
f 4681/329/110 4739/330/110 5083/543/110 5086/545/110
f 4738/331/110 4737/332/110 5088/546/110 5087/547/110
f 4737/332/110 4683/332/110 5089/548/110 5088/546/110
f 4683/332/110 4682/331/110 5090/549/110 5089/548/110
f 4682/331/110 4738/331/110 5087/547/110 5090/549/110
f 4737/332/110 4736/342/110 5092/509/110 5091/511/110
f 4736/342/110 4684/519/110 5093/509/110 5092/509/110
f 4684/519/110 4683/332/110 5094/510/110 5093/509/110
f 4683/332/110 4737/332/110 5091/511/110 5094/510/110
f 4736/342/110 4735/312/110 5096/302/110 5095/299/110
f 4735/312/110 4685/312/110 5097/298/110 5096/302/110
f 4685/312/110 4684/519/110 5098/299/110 5097/298/110
f 4684/519/110 4736/342/110 5095/299/110 5098/299/110
f 4994/293/112 4748/292/112 5100/550/112 5099/551/112
f 4748/292/112 4686/306/112 5101/550/112 5100/550/112
f 4686/306/112 4648/293/112 5102/552/112 5101/550/112
f 4648/293/112 4994/293/112 5099/551/112 5102/552/112
f 4748/292/112 4747/318/112 5104/553/112 5103/554/112
f 4747/318/112 4687/340/112 5105/555/112 5104/553/112
f 4687/340/112 4686/306/112 5106/556/112 5105/555/112
f 4686/306/112 4748/292/112 5103/554/112 5106/556/112
f 4747/318/112 4746/320/112 5108/557/112 5107/558/112
f 4746/320/112 4688/319/112 5109/559/112 5108/557/112
f 4688/319/112 4687/340/112 5110/560/112 5109/559/112
f 4687/340/112 4747/318/112 5107/558/112 5110/560/112
f 4746/320/112 4745/322/112 5112/561/112 5111/562/112
f 4745/322/112 4689/322/112 5113/563/112 5112/561/112
f 4689/322/112 4688/319/112 5114/564/112 5113/563/112
f 4688/319/112 4746/320/112 5111/562/112 5114/564/112
f 4745/322/112 4744/324/112 5116/516/112 5115/565/112
f 4744/324/112 4690/324/112 5117/514/112 5116/516/112
f 4690/324/112 4689/322/112 5118/515/112 5117/514/112
f 4689/322/112 4745/322/112 5115/565/112 5118/515/112
f 4744/324/112 4743/325/112 5120/355/112 5119/358/112
f 4743/325/112 4691/341/112 5121/352/112 5120/355/112
f 4691/341/112 4690/324/112 5122/353/112 5121/352/112
f 4690/324/112 4744/324/112 5119/358/112 5122/353/112
f 4743/325/112 4742/308/112 5124/566/112 5123/567/112
f 4742/308/112 4692/308/112 5125/568/112 5124/566/112
f 4692/308/112 4691/341/112 5126/569/112 5125/568/112
f 4691/341/112 4743/325/112 5123/567/112 5126/569/112
f 4664/309/111 4847/316/111 5128/570/111 5127/571/111
f 4847/316/111 4767/315/111 5129/572/111 5128/570/111
f 4767/315/111 4645/309/111 5130/571/111 5129/572/111
f 4645/309/111 4664/309/111 5127/571/111 5130/571/111
f 4847/316/111 4846/430/111 5132/573/111 5131/574/111
f 4846/430/111 4768/430/111 5133/575/111 5132/573/111
f 4768/430/111 4767/315/111 5134/576/111 5133/575/111
f 4767/315/111 4847/316/111 5131/574/111 5134/576/111
f 4846/430/111 4845/429/111 5136/577/111 5135/578/111
f 4845/429/111 4769/429/111 5137/579/111 5136/577/111
f 4769/429/111 4768/430/111 5138/578/111 5137/579/111
f 4768/430/111 4846/430/111 5135/578/111 5138/578/111
f 4845/429/111 4844/428/111 5140/580/111 5139/581/111
f 4844/428/111 4770/428/111 5141/582/111 5140/580/111
f 4770/428/111 4769/429/111 5142/581/111 5141/582/111
f 4769/429/111 4845/429/111 5139/581/111 5142/581/111
f 4844/428/111 4843/427/111 5144/506/111 5143/507/111
f 4843/427/111 4771/492/111 5145/506/111 5144/506/111
f 4771/492/111 4770/428/111 5146/507/111 5145/506/111
f 4770/428/111 4844/428/111 5143/507/111 5146/507/111
f 4843/427/111 4842/490/111 5148/303/111 5147/301/111
f 4842/490/111 4772/520/111 5149/583/111 5148/303/111
f 4772/520/111 4771/492/111 5150/300/111 5149/583/111
f 4771/492/111 4843/427/111 5147/301/111 5150/300/111
f 4842/490/111 4841/425/111 5152/584/111 5151/585/111
f 4841/425/111 4773/425/111 5153/586/111 5152/584/111
f 4773/425/111 4772/520/111 5154/585/111 5153/586/111
f 4772/520/111 4842/490/111 5151/585/111 5154/585/111
f 4841/425/111 4840/521/111 5156/587/111 5155/588/111
f 4840/521/111 4774/424/111 5157/589/111 5156/587/111
f 4774/424/111 4773/425/111 5158/590/111 5157/589/111
f 4773/425/111 4841/425/111 5155/588/111 5158/590/111
f 4840/521/111 4839/314/111 5160/591/111 5159/592/111
f 4839/314/111 4775/314/111 5161/591/111 5160/591/111
f 4775/314/111 4774/424/111 5162/592/111 5161/591/111
f 4774/424/111 4840/521/111 5159/592/111 5162/592/111
f 4662/296/113 4856/295/113 5164/593/113 5163/594/113
f 4856/295/113 4776/295/113 5165/593/113 5164/593/113
f 4776/295/113 4647/296/113 5166/594/113 5165/593/113
f 4647/296/113 4662/296/113 5163/594/113 5166/594/113
f 4856/295/113 4855/480/113 5168/512/113 5167/513/113
f 4855/480/113 4777/480/113 5169/512/113 5168/512/113
f 4777/480/113 4776/295/113 5170/513/113 5169/512/113
f 4776/295/113 4856/295/113 5167/513/113 5170/513/113
f 4855/480/113 4854/524/113 5172/351/113 5171/354/113
f 4854/524/113 4778/495/113 5173/349/113 5172/351/113
f 4778/495/113 4777/480/113 5174/350/113 5173/349/113
f 4777/480/113 4855/480/113 5171/354/113 5174/350/113
f 4854/524/113 4853/483/113 5176/595/113 5175/596/113
f 4853/483/113 4779/505/113 5177/595/113 5176/595/113
f 4779/505/113 4778/495/113 5178/596/113 5177/595/113
f 4778/495/113 4854/524/113 5175/596/113 5178/596/113
f 4853/483/113 4852/485/113 5180/597/113 5179/598/113
f 4852/485/113 4780/498/113 5181/599/113 5180/597/113
f 4780/498/113 4779/505/113 5182/598/113 5181/599/113
f 4779/505/113 4853/483/113 5179/598/113 5182/598/113
f 4852/485/113 4851/499/113 5184/600/113 5183/601/113
f 4851/499/113 4781/499/113 5185/602/113 5184/600/113
f 4781/499/113 4780/498/113 5186/603/113 5185/602/113
f 4780/498/113 4852/485/113 5183/601/113 5186/603/113
f 4851/499/113 4850/523/113 5188/604/113 5187/605/113
f 4850/523/113 4782/501/113 5189/604/113 5188/604/113
f 4782/501/113 4781/499/113 5190/606/113 5189/604/113
f 4781/499/113 4851/499/113 5187/605/113 5190/606/113
f 4850/523/113 4849/522/113 5192/607/113 5191/608/113
f 4849/522/113 4783/489/113 5193/609/113 5192/607/113
f 4783/489/113 4782/501/113 5194/610/113 5193/609/113
f 4782/501/113 4850/523/113 5191/608/113 5194/610/113
f 4849/522/113 4848/294/113 5196/359/113 5195/508/113
f 4848/294/113 4784/294/113 5197/359/113 5196/359/113
f 4784/294/113 4783/489/113 5198/360/113 5197/359/113
f 4783/489/113 4849/522/113 5195/508/113 5198/360/113
f 5220/537/110 5219/536/110 5222/536/110 5221/538/110
f 5228/543/110 5227/542/110 5230/544/110 5229/545/110
f 5236/511/110 5235/509/110 5238/509/110 5237/510/110
f 5252/558/112 5251/557/112 5254/559/112 5253/560/112
f 5260/565/112 5259/516/112 5262/514/112 5261/515/112
f 5268/567/112 5267/566/112 5270/568/112 5269/569/112
f 5276/574/111 5275/573/111 5278/575/111 5277/576/111
f 5288/507/111 5287/506/111 5290/506/111 5289/507/111
f 5300/588/111 5299/587/111 5302/589/111 5301/590/111
f 5312/513/113 5311/512/113 5314/512/113 5313/513/113
f 5324/598/113 5323/597/113 5326/599/113 5325/598/113
f 5332/605/113 5331/604/113 5334/604/113 5333/606/113
f 5340/508/113 5339/359/113 5342/359/113 5341/360/113
f 5148/303/112 5149/583/112 5294/583/112 5291/303/112
f 5071/534/109 5072/533/109 5215/533/109 5216/534/109
f 5149/583/108 5150/300/108 5293/300/108 5294/583/108
f 5074/535/113 5071/534/113 5216/534/113 5217/535/113
f 5123/567/109 5124/566/109 5267/566/109 5268/567/109
f 5072/533/111 5073/533/111 5218/533/111 5215/533/111
f 5126/569/111 5123/567/111 5268/567/111 5269/569/111
f 5175/596/109 5176/595/109 5319/595/109 5320/596/109
f 5073/533/108 5074/535/108 5217/535/108 5218/533/108
f 5124/566/113 5125/568/113 5270/568/113 5267/566/113
f 5178/596/112 5175/596/112 5320/596/112 5321/596/112
f 5125/568/108 5126/569/108 5269/569/108 5270/568/108
f 5176/595/110 5177/595/110 5322/595/110 5319/595/110
f 5099/551/109 5100/550/109 5243/550/109 5244/551/109
f 5177/595/108 5178/596/108 5321/596/108 5322/595/108
f 5102/552/111 5099/551/111 5244/551/111 5245/552/111
f 5151/585/109 5152/584/109 5295/584/109 5296/585/109
f 5100/550/113 5101/550/113 5246/550/113 5243/550/113
f 5154/585/110 5151/585/110 5296/585/110 5297/585/110
f 5101/550/108 5102/552/108 5245/552/108 5246/550/108
f 5152/584/112 5153/586/112 5298/586/112 5295/584/112
f 5075/537/109 5076/536/109 5219/536/109 5220/537/109
f 5153/586/108 5154/585/108 5297/585/108 5298/586/108
f 5078/538/113 5075/537/113 5220/537/113 5221/538/113
f 5127/571/109 5128/570/109 5271/570/109 5272/571/109
f 5076/536/111 5077/536/111 5222/536/111 5219/536/111
f 5130/571/110 5127/571/110 5272/571/110 5273/571/110
f 5179/598/109 5180/597/109 5323/597/109 5324/598/109
f 5077/536/108 5078/538/108 5221/538/108 5222/536/108
f 5128/570/112 5129/572/112 5274/572/112 5271/570/112
f 5182/598/112 5179/598/112 5324/598/112 5325/598/112
f 5129/572/108 5130/571/108 5273/571/108 5274/572/108
f 5180/597/110 5181/599/110 5326/599/110 5323/597/110
f 5103/554/109 5104/553/109 5247/553/109 5248/554/109
f 5181/599/108 5182/598/108 5325/598/108 5326/599/108
f 5106/556/111 5103/554/111 5248/554/111 5249/556/111
f 5155/588/109 5156/587/109 5299/587/109 5300/588/109
f 5104/553/113 5105/555/113 5250/555/113 5247/553/113
f 5158/590/110 5155/588/110 5300/588/110 5301/590/110
f 5105/555/108 5106/556/108 5249/556/108 5250/555/108
f 5156/587/112 5157/589/112 5302/589/112 5299/587/112
f 5079/540/109 5080/539/109 5223/539/109 5224/540/109
f 5157/589/108 5158/590/108 5301/590/108 5302/589/108
f 5082/540/113 5079/540/113 5224/540/113 5225/540/113
f 5131/574/109 5132/573/109 5275/573/109 5276/574/109
f 5080/539/111 5081/541/111 5226/541/111 5223/539/111
f 5134/576/110 5131/574/110 5276/574/110 5277/576/110
f 5183/601/109 5184/600/109 5327/600/109 5328/601/109
f 5081/541/108 5082/540/108 5225/540/108 5226/541/108
f 5132/573/112 5133/575/112 5278/575/112 5275/573/112
f 5186/603/112 5183/601/112 5328/601/112 5329/603/112
f 5055/526/109 5056/525/109 5199/525/109 5200/526/109
f 5133/575/108 5134/576/108 5277/576/108 5278/575/108
f 5184/600/110 5185/602/110 5330/602/110 5327/600/110
f 5058/526/112 5055/526/112 5200/526/112 5201/526/112
f 5107/558/109 5108/557/109 5251/557/109 5252/558/109
f 5185/602/108 5186/603/108 5329/603/108 5330/602/108
f 5056/525/110 5057/527/110 5202/527/110 5199/525/110
f 5110/560/111 5107/558/111 5252/558/111 5253/560/111
f 5159/592/109 5160/591/109 5303/591/109 5304/592/109
f 5057/527/108 5058/526/108 5201/526/108 5202/527/108
f 5108/557/113 5109/559/113 5254/559/113 5251/557/113
f 5162/592/110 5159/592/110 5304/592/110 5305/592/110
f 5109/559/108 5110/560/108 5253/560/108 5254/559/108
f 5160/591/112 5161/591/112 5306/591/112 5303/591/112
f 5083/543/109 5084/542/109 5227/542/109 5228/543/109
f 5161/591/108 5162/592/108 5305/592/108 5306/591/108
f 5086/545/113 5083/543/113 5228/543/113 5229/545/113
f 5135/578/109 5136/577/109 5279/577/109 5280/578/109
f 5084/542/111 5085/544/111 5230/544/111 5227/542/111
f 5138/578/110 5135/578/110 5280/578/110 5281/578/110
f 5187/605/109 5188/604/109 5331/604/109 5332/605/109
f 5085/544/108 5086/545/108 5229/545/108 5230/544/108
f 5136/577/112 5137/579/112 5282/579/112 5279/577/112
f 5190/606/112 5187/605/112 5332/605/112 5333/606/112
f 5059/529/109 5060/528/109 5203/528/109 5204/529/109
f 5137/579/108 5138/578/108 5281/578/108 5282/579/108
f 5188/604/110 5189/604/110 5334/604/110 5331/604/110
f 5062/529/110 5059/529/110 5204/529/110 5205/529/110
f 5111/562/109 5112/561/109 5255/561/109 5256/562/109
f 5189/604/108 5190/606/108 5333/606/108 5334/604/108
f 5060/528/112 5061/530/112 5206/530/112 5203/528/112
f 5114/564/111 5111/562/111 5256/562/111 5257/564/111
f 5163/594/109 5164/593/109 5307/593/109 5308/594/109
f 5061/530/108 5062/529/108 5205/529/108 5206/530/108
f 5112/561/113 5113/563/113 5258/563/113 5255/561/113
f 5166/594/112 5163/594/112 5308/594/112 5309/594/112
f 5113/563/108 5114/564/108 5257/564/108 5258/563/108
f 5164/593/110 5165/593/110 5310/593/110 5307/593/110
f 5087/547/109 5088/546/109 5231/546/109 5232/547/109
f 5165/593/108 5166/594/108 5309/594/108 5310/593/108
f 5090/549/113 5087/547/113 5232/547/113 5233/549/113
f 5139/581/109 5140/580/109 5283/580/109 5284/581/109
f 5088/546/111 5089/548/111 5234/548/111 5231/546/111
f 5142/581/110 5139/581/110 5284/581/110 5285/581/110
f 5191/608/109 5192/607/109 5335/607/109 5336/608/109
f 5089/548/108 5090/549/108 5233/549/108 5234/548/108
f 5140/580/112 5141/582/112 5286/582/112 5283/580/112
f 5194/610/112 5191/608/112 5336/608/112 5337/610/112
f 5063/532/109 5064/531/109 5207/531/109 5208/532/109
f 5141/582/108 5142/581/108 5285/581/108 5286/582/108
f 5192/607/110 5193/609/110 5338/609/110 5335/607/110
f 5066/518/111 5063/532/111 5208/532/111 5209/518/111
f 5115/565/109 5116/516/109 5259/516/109 5260/565/109
f 5193/609/108 5194/610/108 5337/610/108 5338/609/108
f 5064/531/113 5065/517/113 5210/517/113 5207/531/113
f 5118/515/111 5115/565/111 5260/565/111 5261/515/111
f 5167/513/109 5168/512/109 5311/512/109 5312/513/109
f 5676/291/108 5374/292/108 5346/293/108 5468/294/108
f 5496/295/109 5353/296/109 5361/296/109 5532/297/109
f 5799/298/108 5800/299/108 5943/299/108 5944/298/108
f 5852/300/110 5849/301/110 5994/301/110 5995/300/110
f 5798/302/111 5799/298/111 5944/298/111 5941/302/111
f 5849/301/109 5850/303/109 5993/303/109 5994/301/109
f 5621/304/109 5504/305/109 5354/293/109 5402/306/109
f 5687/307/108 5688/296/108 5357/296/108 5415/307/108
f 5691/308/108 5692/309/108 5355/309/108 5422/308/108
f 5395/310/109 5352/311/109 5360/311/109 5423/310/109
f 5422/308/112 5355/309/112 5359/309/112 5436/308/112
f 5415/307/110 5357/296/110 5361/296/110 5429/312/110
f 5522/313/113 5358/293/113 5362/293/113 5540/313/113
f 5513/314/111 5356/311/111 5360/311/111 5531/314/111
f 5487/315/109 5351/309/109 5359/309/109 5523/316/109
f 5689/294/108 5690/293/108 5358/293/108 5522/313/108
f 5402/306/109 5354/293/109 5362/293/109 5430/306/109
f 5685/314/108 5686/311/108 5356/311/108 5513/314/108
f 5373/312/110 5344/296/110 5700/296/110 5713/312/110
f 5380/317/112 5345/309/112 5698/309/112 5719/308/112
f 5459/314/111 5343/311/111 5365/311/111 5741/314/111
f 5468/294/113 5346/293/113 5363/293/113 5749/294/113
f 5346/293/112 5374/292/112 5695/292/112 5363/293/112
f 5374/292/112 5375/318/112 5724/318/112 5695/292/112
f 5375/318/112 5376/319/112 5723/320/112 5724/318/112
f 5376/319/112 5377/321/112 5722/322/112 5723/320/112
f 5377/321/112 5378/323/112 5721/324/112 5722/322/112
f 5378/323/112 5379/325/112 5720/325/112 5721/324/112
f 5379/325/112 5380/317/112 5719/308/112 5720/325/112
f 5343/311/110 5367/310/110 5693/326/110 5365/311/110
f 5367/310/110 5368/327/110 5718/328/110 5693/326/110
f 5368/327/110 5369/329/110 5717/330/110 5718/328/110
f 5369/329/110 5370/331/110 5716/331/110 5717/330/110
f 5370/331/110 5371/332/110 5715/332/110 5716/331/110
f 5371/332/110 5372/333/110 5714/333/110 5715/332/110
f 5372/333/110 5373/312/110 5713/312/110 5714/333/110
f 5351/309/109 5408/308/109 5436/308/109 5359/309/109
f 5408/308/109 5407/325/109 5435/334/109 5436/308/109
f 5407/325/109 5406/335/109 5434/324/109 5435/334/109
f 5406/335/109 5405/322/109 5433/322/109 5434/324/109
f 5405/322/109 5404/336/109 5432/319/109 5433/322/109
f 5404/336/109 5403/318/109 5431/318/109 5432/319/109
f 5403/318/109 5402/306/109 5430/306/109 5431/318/109
f 5356/311/110 5409/310/110 5423/310/110 5360/311/110
f 5409/310/110 5410/327/110 5424/327/110 5423/310/110
f 5410/327/110 5411/337/110 5425/329/110 5424/327/110
f 5411/337/110 5412/331/110 5426/331/110 5425/329/110
f 5412/331/110 5413/332/110 5427/332/110 5426/331/110
f 5413/332/110 5414/333/110 5428/333/110 5427/332/110
f 5414/333/110 5415/307/110 5429/312/110 5428/333/110
f 5358/293/112 5416/292/112 5430/306/112 5362/293/112
f 5416/292/112 5417/318/112 5431/318/112 5430/306/112
f 5417/318/112 5418/319/112 5432/319/112 5431/318/112
f 5418/319/112 5419/322/112 5433/322/112 5432/319/112
f 5419/322/112 5420/338/112 5434/324/112 5433/322/112
f 5420/338/112 5421/334/112 5435/334/112 5434/324/112
f 5421/334/112 5422/308/112 5436/308/112 5435/334/112
f 5353/296/109 5401/307/109 5429/312/109 5361/296/109
f 5401/307/109 5400/333/109 5428/333/109 5429/312/109
f 5400/333/109 5399/339/109 5427/332/109 5428/333/109
f 5399/339/109 5398/331/109 5426/331/109 5427/332/109
f 5398/331/109 5397/329/109 5425/329/109 5426/331/109
f 5397/329/109 5396/327/109 5424/327/109 5425/329/109
f 5396/327/109 5395/310/109 5423/310/109 5424/327/109
f 5690/293/108 5707/306/108 5416/292/108 5358/293/108
f 5707/306/108 5708/340/108 5417/318/108 5416/292/108
f 5708/340/108 5709/319/108 5418/319/108 5417/318/108
f 5709/319/108 5710/322/108 5419/322/108 5418/319/108
f 5710/322/108 5711/324/108 5420/338/108 5419/322/108
f 5711/324/108 5712/341/108 5421/334/108 5420/338/108
f 5712/341/108 5691/308/108 5422/308/108 5421/334/108
f 5686/311/108 5701/310/108 5409/310/108 5356/311/108
f 5701/310/108 5702/328/108 5410/327/108 5409/310/108
f 5702/328/108 5703/329/108 5411/337/108 5410/327/108
f 5703/329/108 5704/331/108 5412/331/108 5411/337/108
f 5704/331/108 5705/332/108 5413/332/108 5412/331/108
f 5705/332/108 5706/342/108 5414/333/108 5413/332/108
f 5706/342/108 5687/307/108 5415/307/108 5414/333/108
f 5487/315/109 5567/343/109 5408/308/109 5351/309/109
f 5567/343/109 5576/344/109 5407/325/109 5408/308/109
f 5576/344/109 5585/345/109 5406/335/109 5407/325/109
f 5585/345/109 5594/346/109 5405/322/109 5406/335/109
f 5594/346/109 5603/347/109 5404/336/109 5405/322/109
f 5603/347/109 5612/348/109 5403/318/109 5404/336/109
f 5612/348/109 5621/304/109 5402/306/109 5403/318/109
f 5800/299/113 5797/299/113 5942/299/113 5943/299/113
f 5875/349/108 5876/350/108 6019/350/108 6020/349/108
f 5797/299/109 5798/302/109 5941/302/109 5942/299/109
f 5874/351/110 5875/349/110 6020/349/110 6017/351/110
f 5823/352/108 5824/353/108 5967/353/108 5968/352/108
f 5876/350/112 5873/354/112 6018/354/112 6019/350/112
f 5822/355/113 5823/352/113 5968/352/113 5965/355/113
f 5771/356/108 5772/357/108 5915/357/108 5916/356/108
f 5873/354/109 5874/351/109 6017/351/109 6018/354/109
f 5824/353/111 5821/358/111 5966/358/111 5967/353/111
f 5770/356/111 5771/356/111 5916/356/111 5913/356/111
f 5899/359/108 5900/360/108 6043/360/108 6044/359/108
f 5821/358/109 5822/355/109 5965/355/109 5966/358/109
f 5772/357/113 5769/361/113 5914/361/113 5915/357/113
f 5451/316/108 5345/309/108 5380/317/108 5622/362/108
f 5622/362/108 5380/317/108 5379/325/108 5631/363/108
f 5631/363/108 5379/325/108 5378/323/108 5640/364/108
f 5640/364/108 5378/323/108 5377/321/108 5649/365/108
f 5649/365/108 5377/321/108 5376/319/108 5658/366/108
f 5658/366/108 5376/319/108 5375/318/108 5667/367/108
f 5667/367/108 5375/318/108 5374/292/108 5676/291/108
f 5372/333/108 5675/368/108 5684/369/108 5373/312/108
f 5675/368/108 5674/370/108 5683/371/108 5684/369/108
f 5674/370/108 5673/372/108 5682/373/108 5683/371/108
f 5673/372/108 5672/374/108 5681/375/108 5682/373/108
f 5672/374/108 5671/376/108 5680/377/108 5681/375/108
f 5671/376/108 5670/378/108 5679/379/108 5680/377/108
f 5670/378/108 5669/380/108 5678/381/108 5679/379/108
f 5669/380/108 5668/382/108 5677/383/108 5678/381/108
f 5668/382/108 5667/367/108 5676/291/108 5677/383/108
f 5371/332/108 5666/384/108 5675/368/108 5372/333/108
f 5666/384/108 5665/385/108 5674/370/108 5675/368/108
f 5665/385/108 5664/386/108 5673/372/108 5674/370/108
f 5664/386/108 5663/387/108 5672/374/108 5673/372/108
f 5663/387/108 5662/388/108 5671/376/108 5672/374/108
f 5662/388/108 5661/389/108 5670/378/108 5671/376/108
f 5661/389/108 5660/390/108 5669/380/108 5670/378/108
f 5660/390/108 5659/391/108 5668/382/108 5669/380/108
f 5659/391/108 5658/366/108 5667/367/108 5668/382/108
f 5370/331/108 5657/392/108 5666/384/108 5371/332/108
f 5657/392/108 5656/393/108 5665/385/108 5666/384/108
f 5656/393/108 5655/394/108 5664/386/108 5665/385/108
f 5655/394/108 5654/395/108 5663/387/108 5664/386/108
f 5654/395/108 5653/396/108 5662/388/108 5663/387/108
f 5653/396/108 5652/397/108 5661/389/108 5662/388/108
f 5652/397/108 5651/398/108 5660/390/108 5661/389/108
f 5651/398/108 5650/399/108 5659/391/108 5660/390/108
f 5650/399/108 5649/365/108 5658/366/108 5659/391/108
f 5369/329/108 5648/400/108 5657/392/108 5370/331/108
f 5648/400/108 5647/401/108 5656/393/108 5657/392/108
f 5647/401/108 5646/402/108 5655/394/108 5656/393/108
f 5646/402/108 5645/403/108 5654/395/108 5655/394/108
f 5645/403/108 5644/404/108 5653/396/108 5654/395/108
f 5644/404/108 5643/405/108 5652/397/108 5653/396/108
f 5643/405/108 5642/406/108 5651/398/108 5652/397/108
f 5642/406/108 5641/407/108 5650/399/108 5651/398/108
f 5641/407/108 5640/364/108 5649/365/108 5650/399/108
f 5368/327/108 5639/408/108 5648/400/108 5369/329/108
f 5639/408/108 5638/409/108 5647/401/108 5648/400/108
f 5638/409/108 5637/410/108 5646/402/108 5647/401/108
f 5637/410/108 5636/411/108 5645/403/108 5646/402/108
f 5636/411/108 5635/412/108 5644/404/108 5645/403/108
f 5635/412/108 5634/413/108 5643/405/108 5644/404/108
f 5634/413/108 5633/414/108 5642/406/108 5643/405/108
f 5633/414/108 5632/415/108 5641/407/108 5642/406/108
f 5632/415/108 5631/363/108 5640/364/108 5641/407/108
f 5367/310/108 5630/416/108 5639/408/108 5368/327/108
f 5630/416/108 5629/417/108 5638/409/108 5639/408/108
f 5629/417/108 5628/418/108 5637/410/108 5638/409/108
f 5628/418/108 5627/419/108 5636/411/108 5637/410/108
f 5627/419/108 5626/420/108 5635/412/108 5636/411/108
f 5626/420/108 5625/421/108 5634/413/108 5635/412/108
f 5625/421/108 5624/422/108 5633/414/108 5634/413/108
f 5624/422/108 5623/423/108 5632/415/108 5633/414/108
f 5623/423/108 5622/362/108 5631/363/108 5632/415/108
f 5343/311/108 5459/314/108 5630/416/108 5367/310/108
f 5459/314/108 5458/424/108 5629/417/108 5630/416/108
f 5458/424/108 5457/425/108 5628/418/108 5629/417/108
f 5457/425/108 5456/426/108 5627/419/108 5628/418/108
f 5456/426/108 5455/427/108 5626/420/108 5627/419/108
f 5455/427/108 5454/428/108 5625/421/108 5626/420/108
f 5454/428/108 5453/429/108 5624/422/108 5625/421/108
f 5453/429/108 5452/430/108 5623/423/108 5624/422/108
f 5452/430/108 5451/316/108 5622/362/108 5623/423/108
f 5400/333/109 5401/307/109 5613/369/109 5604/431/109
f 5604/431/109 5613/369/109 5614/371/109 5605/432/109
f 5605/432/109 5614/371/109 5615/433/109 5606/434/109
f 5606/434/109 5615/433/109 5616/435/109 5607/436/109
f 5607/436/109 5616/435/109 5617/437/109 5608/376/109
f 5608/376/109 5617/437/109 5618/379/109 5609/438/109
f 5609/438/109 5618/379/109 5619/381/109 5610/439/109
f 5610/439/109 5619/381/109 5620/440/109 5611/441/109
f 5611/441/109 5620/440/109 5621/304/109 5612/348/109
f 5399/339/109 5400/333/109 5604/431/109 5595/442/109
f 5595/442/109 5604/431/109 5605/432/109 5596/443/109
f 5596/443/109 5605/432/109 5606/434/109 5597/444/109
f 5597/444/109 5606/434/109 5607/436/109 5598/445/109
f 5598/445/109 5607/436/109 5608/376/109 5599/446/109
f 5599/446/109 5608/376/109 5609/438/109 5600/447/109
f 5600/447/109 5609/438/109 5610/439/109 5601/448/109
f 5601/448/109 5610/439/109 5611/441/109 5602/449/109
f 5602/449/109 5611/441/109 5612/348/109 5603/347/109
f 5398/331/109 5399/339/109 5595/442/109 5586/450/109
f 5586/450/109 5595/442/109 5596/443/109 5587/451/109
f 5587/451/109 5596/443/109 5597/444/109 5588/452/109
f 5588/452/109 5597/444/109 5598/445/109 5589/453/109
f 5589/453/109 5598/445/109 5599/446/109 5590/454/109
f 5590/454/109 5599/446/109 5600/447/109 5591/455/109
f 5591/455/109 5600/447/109 5601/448/109 5592/456/109
f 5592/456/109 5601/448/109 5602/449/109 5593/457/109
f 5593/457/109 5602/449/109 5603/347/109 5594/346/109
f 5397/329/109 5398/331/109 5586/450/109 5577/458/109
f 5577/458/109 5586/450/109 5587/451/109 5578/459/109
f 5578/459/109 5587/451/109 5588/452/109 5579/460/109
f 5579/460/109 5588/452/109 5589/453/109 5580/461/109
f 5580/461/109 5589/453/109 5590/454/109 5581/462/109
f 5581/462/109 5590/454/109 5591/455/109 5582/463/109
f 5582/463/109 5591/455/109 5592/456/109 5583/464/109
f 5583/464/109 5592/456/109 5593/457/109 5584/465/109
f 5584/465/109 5593/457/109 5594/346/109 5585/345/109
f 5396/327/109 5397/329/109 5577/458/109 5568/408/109
f 5568/408/109 5577/458/109 5578/459/109 5569/466/109
f 5569/466/109 5578/459/109 5579/460/109 5570/410/109
f 5570/410/109 5579/460/109 5580/461/109 5571/467/109
f 5571/467/109 5580/461/109 5581/462/109 5572/412/109
f 5572/412/109 5581/462/109 5582/463/109 5573/413/109
f 5573/413/109 5582/463/109 5583/464/109 5574/468/109
f 5574/468/109 5583/464/109 5584/465/109 5575/469/109
f 5575/469/109 5584/465/109 5585/345/109 5576/344/109
f 5395/310/109 5396/327/109 5568/408/109 5559/470/109
f 5559/470/109 5568/408/109 5569/466/109 5560/471/109
f 5560/471/109 5569/466/109 5570/410/109 5561/472/109
f 5561/472/109 5570/410/109 5571/467/109 5562/473/109
f 5562/473/109 5571/467/109 5572/412/109 5563/474/109
f 5563/474/109 5572/412/109 5573/413/109 5564/475/109
f 5564/475/109 5573/413/109 5574/468/109 5565/476/109
f 5565/476/109 5574/468/109 5575/469/109 5566/477/109
f 5566/477/109 5575/469/109 5576/344/109 5567/343/109
f 5352/311/109 5395/310/109 5559/470/109 5495/314/109
f 5495/314/109 5559/470/109 5560/471/109 5494/424/109
f 5494/424/109 5560/471/109 5561/472/109 5493/425/109
f 5493/425/109 5561/472/109 5562/473/109 5492/426/109
f 5492/426/109 5562/473/109 5563/474/109 5491/478/109
f 5491/478/109 5563/474/109 5564/475/109 5490/428/109
f 5490/428/109 5564/475/109 5565/476/109 5489/479/109
f 5489/479/109 5565/476/109 5566/477/109 5488/430/109
f 5488/430/109 5566/477/109 5567/343/109 5487/315/109
f 5344/296/113 5460/295/113 5699/295/113 5700/296/113
f 5460/295/113 5461/480/113 5756/480/113 5699/295/113
f 5461/480/113 5462/481/113 5755/481/113 5756/480/113
f 5462/481/113 5463/482/113 5754/483/113 5755/481/113
f 5463/482/113 5464/484/113 5753/485/113 5754/483/113
f 5464/484/113 5465/486/113 5752/486/113 5753/485/113
f 5465/486/113 5466/487/113 5751/488/113 5752/486/113
f 5466/487/113 5467/489/113 5750/489/113 5751/488/113
f 5467/489/113 5468/294/113 5749/294/113 5750/489/113
f 5345/309/111 5451/316/111 5697/316/111 5698/309/111
f 5451/316/111 5452/430/111 5748/430/111 5697/316/111
f 5452/430/111 5453/429/111 5747/429/111 5748/430/111
f 5453/429/111 5454/428/111 5746/428/111 5747/429/111
f 5454/428/111 5455/427/111 5745/427/111 5746/428/111
f 5455/427/111 5456/426/111 5744/490/111 5745/427/111
f 5456/426/111 5457/425/111 5743/425/111 5744/490/111
f 5457/425/111 5458/424/111 5742/424/111 5743/425/111
f 5458/424/111 5459/314/111 5741/314/111 5742/424/111
f 5692/309/108 5725/315/108 5505/316/108 5355/309/108
f 5725/315/108 5726/430/108 5506/491/108 5505/316/108
f 5726/430/108 5727/429/108 5507/429/108 5506/491/108
f 5727/429/108 5728/428/108 5508/428/108 5507/429/108
f 5728/428/108 5729/492/108 5509/427/108 5508/428/108
f 5729/492/108 5730/493/108 5510/493/108 5509/427/108
f 5730/493/108 5731/425/108 5511/425/108 5510/493/108
f 5731/425/108 5732/424/108 5512/424/108 5511/425/108
f 5732/424/108 5685/314/108 5513/314/108 5512/424/108
f 5688/296/108 5733/295/108 5514/297/108 5357/296/108
f 5733/295/108 5734/480/108 5515/494/108 5514/297/108
f 5734/480/108 5735/495/108 5516/481/108 5515/494/108
f 5735/495/108 5736/496/108 5517/497/108 5516/481/108
f 5736/496/108 5737/498/108 5518/485/108 5517/497/108
f 5737/498/108 5738/499/108 5519/500/108 5518/485/108
f 5738/499/108 5739/501/108 5520/502/108 5519/500/108
f 5739/501/108 5740/489/108 5521/489/108 5520/502/108
f 5740/489/108 5689/294/108 5522/313/108 5521/489/108
f 5352/311/109 5495/314/109 5531/314/109 5360/311/109
f 5495/314/109 5494/424/109 5530/424/109 5531/314/109
f 5494/424/109 5493/425/109 5529/425/109 5530/424/109
f 5493/425/109 5492/426/109 5528/426/109 5529/425/109
f 5492/426/109 5491/478/109 5527/427/109 5528/426/109
f 5491/478/109 5490/428/109 5526/428/109 5527/427/109
f 5490/428/109 5489/479/109 5525/429/109 5526/428/109
f 5489/479/109 5488/430/109 5524/430/109 5525/429/109
f 5488/430/109 5487/315/109 5523/316/109 5524/430/109
f 5355/309/111 5505/316/111 5523/316/111 5359/309/111
f 5505/316/111 5506/491/111 5524/430/111 5523/316/111
f 5506/491/111 5507/429/111 5525/429/111 5524/430/111
f 5507/429/111 5508/428/111 5526/428/111 5525/429/111
f 5508/428/111 5509/427/111 5527/427/111 5526/428/111
f 5509/427/111 5510/493/111 5528/426/111 5527/427/111
f 5510/493/111 5511/425/111 5529/425/111 5528/426/111
f 5511/425/111 5512/424/111 5530/424/111 5529/425/111
f 5512/424/111 5513/314/111 5531/314/111 5530/424/111
f 5357/296/113 5514/297/113 5532/297/113 5361/296/113
f 5514/297/113 5515/494/113 5533/503/113 5532/297/113
f 5515/494/113 5516/481/113 5534/481/113 5533/503/113
f 5516/481/113 5517/497/113 5535/504/113 5534/481/113
f 5517/497/113 5518/485/113 5536/485/113 5535/504/113
f 5518/485/113 5519/500/113 5537/500/113 5536/485/113
f 5519/500/113 5520/502/113 5538/502/113 5537/500/113
f 5520/502/113 5521/489/113 5539/489/113 5538/502/113
f 5521/489/113 5522/313/113 5540/313/113 5539/489/113
f 5401/307/109 5353/296/109 5496/295/109 5613/369/109
f 5613/369/109 5496/295/109 5497/480/109 5614/371/109
f 5614/371/109 5497/480/109 5498/481/109 5615/433/109
f 5615/433/109 5498/481/109 5499/505/109 5616/435/109
f 5616/435/109 5499/505/109 5500/485/109 5617/437/109
f 5617/437/109 5500/485/109 5501/500/109 5618/379/109
f 5618/379/109 5501/500/109 5502/487/109 5619/381/109
f 5619/381/109 5502/487/109 5503/489/109 5620/440/109
f 5620/440/109 5503/489/109 5504/305/109 5621/304/109
f 5898/359/110 5899/359/110 6044/359/110 6041/359/110
f 5847/506/108 5848/507/108 5991/507/108 5992/506/108
f 5769/361/109 5770/356/109 5913/356/109 5914/361/109
f 5900/360/112 5897/508/112 6042/508/112 6043/360/112
f 5846/506/112 5847/506/112 5992/506/112 5989/506/112
f 5795/509/108 5796/510/108 5939/510/108 5940/509/108
f 5897/508/109 5898/359/109 6041/359/109 6042/508/109
f 5848/507/110 5845/507/110 5990/507/110 5991/507/110
f 5794/509/111 5795/509/111 5940/509/111 5937/509/111
f 5845/507/109 5846/506/109 5989/506/109 5990/507/109
f 5796/510/113 5793/511/113 5938/511/113 5939/510/113
f 5871/512/108 5872/513/108 6015/513/108 6016/512/108
f 5793/511/109 5794/509/109 5937/509/109 5938/511/109
f 5870/512/110 5871/512/110 6016/512/110 6013/512/110
f 5819/514/108 5820/515/108 5963/515/108 5964/514/108
f 5872/513/112 5869/513/112 6014/513/112 6015/513/112
f 5818/516/113 5819/514/113 5964/514/113 5961/516/113
f 5767/517/108 5768/518/108 5911/518/108 5912/517/108
f 5354/293/109 5504/305/109 5540/313/109 5362/293/109
f 5504/305/109 5503/489/109 5539/489/109 5540/313/109
f 5503/489/109 5502/487/109 5538/502/109 5539/489/109
f 5502/487/109 5501/500/109 5537/500/109 5538/502/109
f 5501/500/109 5500/485/109 5536/485/109 5537/500/109
f 5500/485/109 5499/505/109 5535/504/109 5536/485/109
f 5499/505/109 5498/481/109 5534/481/109 5535/504/109
f 5498/481/109 5497/480/109 5533/503/109 5534/481/109
f 5497/480/109 5496/295/109 5532/297/109 5533/503/109
f 5373/312/108 5684/369/108 5460/295/108 5344/296/108
f 5684/369/108 5683/371/108 5461/480/108 5460/295/108
f 5683/371/108 5682/373/108 5462/481/108 5461/480/108
f 5682/373/108 5681/375/108 5463/482/108 5462/481/108
f 5681/375/108 5680/377/108 5464/484/108 5463/482/108
f 5680/377/108 5679/379/108 5465/486/108 5464/484/108
f 5679/379/108 5678/381/108 5466/487/108 5465/486/108
f 5678/381/108 5677/383/108 5467/489/108 5466/487/108
f 5677/383/108 5676/291/108 5468/294/108 5467/489/108
f 5477/314/111 5348/311/111 5686/311/111 5685/314/111
f 5387/312/110 5349/296/110 5688/296/110 5687/307/110
f 5486/294/113 5350/293/113 5690/293/113 5689/294/113
f 5394/308/112 5347/309/112 5692/309/112 5691/308/112
f 5443/326/110 5694/311/110 5365/311/110 5693/326/110
f 5450/292/112 5696/293/112 5363/293/112 5695/292/112
f 5549/316/111 5366/309/111 5698/309/111 5697/316/111
f 5558/295/113 5364/296/113 5700/296/113 5699/295/113
f 5348/311/110 5381/310/110 5701/310/110 5686/311/110
f 5381/310/110 5382/328/110 5702/328/110 5701/310/110
f 5382/328/110 5383/329/110 5703/329/110 5702/328/110
f 5383/329/110 5384/331/110 5704/331/110 5703/329/110
f 5384/331/110 5385/332/110 5705/332/110 5704/331/110
f 5385/332/110 5386/519/110 5706/342/110 5705/332/110
f 5386/519/110 5387/312/110 5687/307/110 5706/342/110
f 5350/293/112 5388/306/112 5707/306/112 5690/293/112
f 5388/306/112 5389/340/112 5708/340/112 5707/306/112
f 5389/340/112 5390/319/112 5709/319/112 5708/340/112
f 5390/319/112 5391/322/112 5710/322/112 5709/319/112
f 5391/322/112 5392/324/112 5711/324/112 5710/322/112
f 5392/324/112 5393/341/112 5712/341/112 5711/324/112
f 5393/341/112 5394/308/112 5691/308/112 5712/341/112
f 5364/296/110 5437/312/110 5713/312/110 5700/296/110
f 5437/312/110 5438/342/110 5714/333/110 5713/312/110
f 5438/342/110 5439/332/110 5715/332/110 5714/333/110
f 5439/332/110 5440/331/110 5716/331/110 5715/332/110
f 5440/331/110 5441/330/110 5717/330/110 5716/331/110
f 5441/330/110 5442/328/110 5718/328/110 5717/330/110
f 5442/328/110 5443/326/110 5693/326/110 5718/328/110
f 5366/309/112 5444/308/112 5719/308/112 5698/309/112
f 5444/308/112 5445/325/112 5720/325/112 5719/308/112
f 5445/325/112 5446/324/112 5721/324/112 5720/325/112
f 5446/324/112 5447/322/112 5722/322/112 5721/324/112
f 5447/322/112 5448/320/112 5723/320/112 5722/322/112
f 5448/320/112 5449/318/112 5724/318/112 5723/320/112
f 5449/318/112 5450/292/112 5695/292/112 5724/318/112
f 5347/309/111 5469/315/111 5725/315/111 5692/309/111
f 5469/315/111 5470/430/111 5726/430/111 5725/315/111
f 5470/430/111 5471/429/111 5727/429/111 5726/430/111
f 5471/429/111 5472/428/111 5728/428/111 5727/429/111
f 5472/428/111 5473/492/111 5729/492/111 5728/428/111
f 5473/492/111 5474/520/111 5730/493/111 5729/492/111
f 5474/520/111 5475/425/111 5731/425/111 5730/493/111
f 5475/425/111 5476/424/111 5732/424/111 5731/425/111
f 5476/424/111 5477/314/111 5685/314/111 5732/424/111
f 5349/296/113 5478/295/113 5733/295/113 5688/296/113
f 5478/295/113 5479/480/113 5734/480/113 5733/295/113
f 5479/480/113 5480/495/113 5735/495/113 5734/480/113
f 5480/495/113 5481/505/113 5736/496/113 5735/495/113
f 5481/505/113 5482/498/113 5737/498/113 5736/496/113
f 5482/498/113 5483/499/113 5738/499/113 5737/498/113
f 5483/499/113 5484/501/113 5739/501/113 5738/499/113
f 5484/501/113 5485/489/113 5740/489/113 5739/501/113
f 5485/489/113 5486/294/113 5689/294/113 5740/489/113
f 5694/311/111 5541/314/111 5741/314/111 5365/311/111
f 5541/314/111 5542/521/111 5742/424/111 5741/314/111
f 5542/521/111 5543/425/111 5743/425/111 5742/424/111
f 5543/425/111 5544/490/111 5744/490/111 5743/425/111
f 5544/490/111 5545/427/111 5745/427/111 5744/490/111
f 5545/427/111 5546/428/111 5746/428/111 5745/427/111
f 5546/428/111 5547/429/111 5747/429/111 5746/428/111
f 5547/429/111 5548/430/111 5748/430/111 5747/429/111
f 5548/430/111 5549/316/111 5697/316/111 5748/430/111
f 5696/293/113 5550/294/113 5749/294/113 5363/293/113
f 5550/294/113 5551/522/113 5750/489/113 5749/294/113
f 5551/522/113 5552/523/113 5751/488/113 5750/489/113
f 5552/523/113 5553/499/113 5752/486/113 5751/488/113
f 5553/499/113 5554/485/113 5753/485/113 5752/486/113
f 5554/485/113 5555/483/113 5754/483/113 5753/485/113
f 5555/483/113 5556/524/113 5755/481/113 5754/483/113
f 5556/524/113 5557/480/113 5756/480/113 5755/481/113
f 5557/480/113 5558/295/113 5699/295/113 5756/480/113
f 5550/294/113 5696/293/113 5758/525/113 5757/526/113
f 5696/293/113 5350/293/113 5759/527/113 5758/525/113
f 5350/293/113 5486/294/113 5760/526/113 5759/527/113
f 5486/294/113 5550/294/113 5757/526/113 5760/526/113
f 5541/314/111 5694/311/111 5762/528/111 5761/529/111
f 5694/311/111 5348/311/111 5763/530/111 5762/528/111
f 5348/311/111 5477/314/111 5764/529/111 5763/530/111
f 5477/314/111 5541/314/111 5761/529/111 5764/529/111
f 5444/308/112 5366/309/112 5766/531/112 5765/532/112
f 5366/309/112 5347/309/112 5767/517/112 5766/531/112
f 5347/309/112 5394/308/112 5768/518/112 5767/517/112
f 5394/308/112 5444/308/112 5765/532/112 5768/518/112
f 5437/312/110 5364/296/110 5770/356/110 5769/361/110
f 5364/296/110 5349/296/110 5771/356/110 5770/356/110
f 5349/296/110 5387/312/110 5772/357/110 5771/356/110
f 5387/312/110 5437/312/110 5769/361/110 5772/357/110
f 5694/311/110 5443/326/110 5774/533/110 5773/534/110
f 5443/326/110 5381/310/110 5775/533/110 5774/533/110
f 5381/310/110 5348/311/110 5776/535/110 5775/533/110
f 5348/311/110 5694/311/110 5773/534/110 5776/535/110
f 5443/326/110 5442/328/110 5778/536/110 5777/537/110
f 5442/328/110 5382/328/110 5779/536/110 5778/536/110
f 5382/328/110 5381/310/110 5780/538/110 5779/536/110
f 5381/310/110 5443/326/110 5777/537/110 5780/538/110
f 5442/328/110 5441/330/110 5782/539/110 5781/540/110
f 5441/330/110 5383/329/110 5783/541/110 5782/539/110
f 5383/329/110 5382/328/110 5784/540/110 5783/541/110
f 5382/328/110 5442/328/110 5781/540/110 5784/540/110
f 5441/330/110 5440/331/110 5786/542/110 5785/543/110
f 5440/331/110 5384/331/110 5787/544/110 5786/542/110
f 5384/331/110 5383/329/110 5788/545/110 5787/544/110
f 5383/329/110 5441/330/110 5785/543/110 5788/545/110
f 5440/331/110 5439/332/110 5790/546/110 5789/547/110
f 5439/332/110 5385/332/110 5791/548/110 5790/546/110
f 5385/332/110 5384/331/110 5792/549/110 5791/548/110
f 5384/331/110 5440/331/110 5789/547/110 5792/549/110
f 5439/332/110 5438/342/110 5794/509/110 5793/511/110
f 5438/342/110 5386/519/110 5795/509/110 5794/509/110
f 5386/519/110 5385/332/110 5796/510/110 5795/509/110
f 5385/332/110 5439/332/110 5793/511/110 5796/510/110
f 5438/342/110 5437/312/110 5798/302/110 5797/299/110
f 5437/312/110 5387/312/110 5799/298/110 5798/302/110
f 5387/312/110 5386/519/110 5800/299/110 5799/298/110
f 5386/519/110 5438/342/110 5797/299/110 5800/299/110
f 5696/293/112 5450/292/112 5802/550/112 5801/551/112
f 5450/292/112 5388/306/112 5803/550/112 5802/550/112
f 5388/306/112 5350/293/112 5804/552/112 5803/550/112
f 5350/293/112 5696/293/112 5801/551/112 5804/552/112
f 5450/292/112 5449/318/112 5806/553/112 5805/554/112
f 5449/318/112 5389/340/112 5807/555/112 5806/553/112
f 5389/340/112 5388/306/112 5808/556/112 5807/555/112
f 5388/306/112 5450/292/112 5805/554/112 5808/556/112
f 5449/318/112 5448/320/112 5810/557/112 5809/558/112
f 5448/320/112 5390/319/112 5811/559/112 5810/557/112
f 5390/319/112 5389/340/112 5812/560/112 5811/559/112
f 5389/340/112 5449/318/112 5809/558/112 5812/560/112
f 5448/320/112 5447/322/112 5814/561/112 5813/562/112
f 5447/322/112 5391/322/112 5815/563/112 5814/561/112
f 5391/322/112 5390/319/112 5816/564/112 5815/563/112
f 5390/319/112 5448/320/112 5813/562/112 5816/564/112
f 5447/322/112 5446/324/112 5818/516/112 5817/565/112
f 5446/324/112 5392/324/112 5819/514/112 5818/516/112
f 5392/324/112 5391/322/112 5820/515/112 5819/514/112
f 5391/322/112 5447/322/112 5817/565/112 5820/515/112
f 5446/324/112 5445/325/112 5822/355/112 5821/358/112
f 5445/325/112 5393/341/112 5823/352/112 5822/355/112
f 5393/341/112 5392/324/112 5824/353/112 5823/352/112
f 5392/324/112 5446/324/112 5821/358/112 5824/353/112
f 5445/325/112 5444/308/112 5826/566/112 5825/567/112
f 5444/308/112 5394/308/112 5827/568/112 5826/566/112
f 5394/308/112 5393/341/112 5828/569/112 5827/568/112
f 5393/341/112 5445/325/112 5825/567/112 5828/569/112
f 5366/309/111 5549/316/111 5830/570/111 5829/571/111
f 5549/316/111 5469/315/111 5831/572/111 5830/570/111
f 5469/315/111 5347/309/111 5832/571/111 5831/572/111
f 5347/309/111 5366/309/111 5829/571/111 5832/571/111
f 5549/316/111 5548/430/111 5834/573/111 5833/574/111
f 5548/430/111 5470/430/111 5835/575/111 5834/573/111
f 5470/430/111 5469/315/111 5836/576/111 5835/575/111
f 5469/315/111 5549/316/111 5833/574/111 5836/576/111
f 5548/430/111 5547/429/111 5838/577/111 5837/578/111
f 5547/429/111 5471/429/111 5839/579/111 5838/577/111
f 5471/429/111 5470/430/111 5840/578/111 5839/579/111
f 5470/430/111 5548/430/111 5837/578/111 5840/578/111
f 5547/429/111 5546/428/111 5842/580/111 5841/581/111
f 5546/428/111 5472/428/111 5843/582/111 5842/580/111
f 5472/428/111 5471/429/111 5844/581/111 5843/582/111
f 5471/429/111 5547/429/111 5841/581/111 5844/581/111
f 5546/428/111 5545/427/111 5846/506/111 5845/507/111
f 5545/427/111 5473/492/111 5847/506/111 5846/506/111
f 5473/492/111 5472/428/111 5848/507/111 5847/506/111
f 5472/428/111 5546/428/111 5845/507/111 5848/507/111
f 5545/427/111 5544/490/111 5850/303/111 5849/301/111
f 5544/490/111 5474/520/111 5851/583/111 5850/303/111
f 5474/520/111 5473/492/111 5852/300/111 5851/583/111
f 5473/492/111 5545/427/111 5849/301/111 5852/300/111
f 5544/490/111 5543/425/111 5854/584/111 5853/585/111
f 5543/425/111 5475/425/111 5855/586/111 5854/584/111
f 5475/425/111 5474/520/111 5856/585/111 5855/586/111
f 5474/520/111 5544/490/111 5853/585/111 5856/585/111
f 5543/425/111 5542/521/111 5858/587/111 5857/588/111
f 5542/521/111 5476/424/111 5859/589/111 5858/587/111
f 5476/424/111 5475/425/111 5860/590/111 5859/589/111
f 5475/425/111 5543/425/111 5857/588/111 5860/590/111
f 5542/521/111 5541/314/111 5862/591/111 5861/592/111
f 5541/314/111 5477/314/111 5863/591/111 5862/591/111
f 5477/314/111 5476/424/111 5864/592/111 5863/591/111
f 5476/424/111 5542/521/111 5861/592/111 5864/592/111
f 5364/296/113 5558/295/113 5866/593/113 5865/594/113
f 5558/295/113 5478/295/113 5867/593/113 5866/593/113
f 5478/295/113 5349/296/113 5868/594/113 5867/593/113
f 5349/296/113 5364/296/113 5865/594/113 5868/594/113
f 5558/295/113 5557/480/113 5870/512/113 5869/513/113
f 5557/480/113 5479/480/113 5871/512/113 5870/512/113
f 5479/480/113 5478/295/113 5872/513/113 5871/512/113
f 5478/295/113 5558/295/113 5869/513/113 5872/513/113
f 5557/480/113 5556/524/113 5874/351/113 5873/354/113
f 5556/524/113 5480/495/113 5875/349/113 5874/351/113
f 5480/495/113 5479/480/113 5876/350/113 5875/349/113
f 5479/480/113 5557/480/113 5873/354/113 5876/350/113
f 5556/524/113 5555/483/113 5878/595/113 5877/596/113
f 5555/483/113 5481/505/113 5879/595/113 5878/595/113
f 5481/505/113 5480/495/113 5880/596/113 5879/595/113
f 5480/495/113 5556/524/113 5877/596/113 5880/596/113
f 5555/483/113 5554/485/113 5882/597/113 5881/598/113
f 5554/485/113 5482/498/113 5883/599/113 5882/597/113
f 5482/498/113 5481/505/113 5884/598/113 5883/599/113
f 5481/505/113 5555/483/113 5881/598/113 5884/598/113
f 5554/485/113 5553/499/113 5886/600/113 5885/601/113
f 5553/499/113 5483/499/113 5887/602/113 5886/600/113
f 5483/499/113 5482/498/113 5888/603/113 5887/602/113
f 5482/498/113 5554/485/113 5885/601/113 5888/603/113
f 5553/499/113 5552/523/113 5890/604/113 5889/605/113
f 5552/523/113 5484/501/113 5891/604/113 5890/604/113
f 5484/501/113 5483/499/113 5892/606/113 5891/604/113
f 5483/499/113 5553/499/113 5889/605/113 5892/606/113
f 5552/523/113 5551/522/113 5894/607/113 5893/608/113
f 5551/522/113 5485/489/113 5895/609/113 5894/607/113
f 5485/489/113 5484/501/113 5896/610/113 5895/609/113
f 5484/501/113 5552/523/113 5893/608/113 5896/610/113
f 5551/522/113 5550/294/113 5898/359/113 5897/508/113
f 5550/294/113 5486/294/113 5899/359/113 5898/359/113
f 5486/294/113 5485/489/113 5900/360/113 5899/359/113
f 5485/489/113 5551/522/113 5897/508/113 5900/360/113
f 5922/537/110 5921/536/110 5924/536/110 5923/538/110
f 5930/543/110 5929/542/110 5932/544/110 5931/545/110
f 5938/511/110 5937/509/110 5940/509/110 5939/510/110
f 5954/558/112 5953/557/112 5956/559/112 5955/560/112
f 5962/565/112 5961/516/112 5964/514/112 5963/515/112
f 5970/567/112 5969/566/112 5972/568/112 5971/569/112
f 5978/574/111 5977/573/111 5980/575/111 5979/576/111
f 5990/507/111 5989/506/111 5992/506/111 5991/507/111
f 6002/588/111 6001/587/111 6004/589/111 6003/590/111
f 6014/513/113 6013/512/113 6016/512/113 6015/513/113
f 6026/598/113 6025/597/113 6028/599/113 6027/598/113
f 6034/605/113 6033/604/113 6036/604/113 6035/606/113
f 6042/508/113 6041/359/113 6044/359/113 6043/360/113
f 5850/303/112 5851/583/112 5996/583/112 5993/303/112
f 5773/534/109 5774/533/109 5917/533/109 5918/534/109
f 5851/583/108 5852/300/108 5995/300/108 5996/583/108
f 5776/535/113 5773/534/113 5918/534/113 5919/535/113
f 5825/567/109 5826/566/109 5969/566/109 5970/567/109
f 5774/533/111 5775/533/111 5920/533/111 5917/533/111
f 5828/569/111 5825/567/111 5970/567/111 5971/569/111
f 5877/596/109 5878/595/109 6021/595/109 6022/596/109
f 5775/533/108 5776/535/108 5919/535/108 5920/533/108
f 5826/566/113 5827/568/113 5972/568/113 5969/566/113
f 5880/596/112 5877/596/112 6022/596/112 6023/596/112
f 5827/568/108 5828/569/108 5971/569/108 5972/568/108
f 5878/595/110 5879/595/110 6024/595/110 6021/595/110
f 5801/551/109 5802/550/109 5945/550/109 5946/551/109
f 5879/595/108 5880/596/108 6023/596/108 6024/595/108
f 5804/552/111 5801/551/111 5946/551/111 5947/552/111
f 5853/585/109 5854/584/109 5997/584/109 5998/585/109
f 5802/550/113 5803/550/113 5948/550/113 5945/550/113
f 5856/585/110 5853/585/110 5998/585/110 5999/585/110
f 5803/550/108 5804/552/108 5947/552/108 5948/550/108
f 5854/584/112 5855/586/112 6000/586/112 5997/584/112
f 5777/537/109 5778/536/109 5921/536/109 5922/537/109
f 5855/586/108 5856/585/108 5999/585/108 6000/586/108
f 5780/538/113 5777/537/113 5922/537/113 5923/538/113
f 5829/571/109 5830/570/109 5973/570/109 5974/571/109
f 5778/536/111 5779/536/111 5924/536/111 5921/536/111
f 5832/571/110 5829/571/110 5974/571/110 5975/571/110
f 5881/598/109 5882/597/109 6025/597/109 6026/598/109
f 5779/536/108 5780/538/108 5923/538/108 5924/536/108
f 5830/570/112 5831/572/112 5976/572/112 5973/570/112
f 5884/598/112 5881/598/112 6026/598/112 6027/598/112
f 5831/572/108 5832/571/108 5975/571/108 5976/572/108
f 5882/597/110 5883/599/110 6028/599/110 6025/597/110
f 5805/554/109 5806/553/109 5949/553/109 5950/554/109
f 5883/599/108 5884/598/108 6027/598/108 6028/599/108
f 5808/556/111 5805/554/111 5950/554/111 5951/556/111
f 5857/588/109 5858/587/109 6001/587/109 6002/588/109
f 5806/553/113 5807/555/113 5952/555/113 5949/553/113
f 5860/590/110 5857/588/110 6002/588/110 6003/590/110
f 5807/555/108 5808/556/108 5951/556/108 5952/555/108
f 5858/587/112 5859/589/112 6004/589/112 6001/587/112
f 5781/540/109 5782/539/109 5925/539/109 5926/540/109
f 5859/589/108 5860/590/108 6003/590/108 6004/589/108
f 5784/540/113 5781/540/113 5926/540/113 5927/540/113
f 5833/574/109 5834/573/109 5977/573/109 5978/574/109
f 5782/539/111 5783/541/111 5928/541/111 5925/539/111
f 5836/576/110 5833/574/110 5978/574/110 5979/576/110
f 5885/601/109 5886/600/109 6029/600/109 6030/601/109
f 5783/541/108 5784/540/108 5927/540/108 5928/541/108
f 5834/573/112 5835/575/112 5980/575/112 5977/573/112
f 5888/603/112 5885/601/112 6030/601/112 6031/603/112
f 5757/526/109 5758/525/109 5901/525/109 5902/526/109
f 5835/575/108 5836/576/108 5979/576/108 5980/575/108
f 5886/600/110 5887/602/110 6032/602/110 6029/600/110
f 5760/526/112 5757/526/112 5902/526/112 5903/526/112
f 5809/558/109 5810/557/109 5953/557/109 5954/558/109
f 5887/602/108 5888/603/108 6031/603/108 6032/602/108
f 5758/525/110 5759/527/110 5904/527/110 5901/525/110
f 5812/560/111 5809/558/111 5954/558/111 5955/560/111
f 5861/592/109 5862/591/109 6005/591/109 6006/592/109
f 5759/527/108 5760/526/108 5903/526/108 5904/527/108
f 5810/557/113 5811/559/113 5956/559/113 5953/557/113
f 5864/592/110 5861/592/110 6006/592/110 6007/592/110
f 5811/559/108 5812/560/108 5955/560/108 5956/559/108
f 5862/591/112 5863/591/112 6008/591/112 6005/591/112
f 5785/543/109 5786/542/109 5929/542/109 5930/543/109
f 5863/591/108 5864/592/108 6007/592/108 6008/591/108
f 5788/545/113 5785/543/113 5930/543/113 5931/545/113
f 5837/578/109 5838/577/109 5981/577/109 5982/578/109
f 5786/542/111 5787/544/111 5932/544/111 5929/542/111
f 5840/578/110 5837/578/110 5982/578/110 5983/578/110
f 5889/605/109 5890/604/109 6033/604/109 6034/605/109
f 5787/544/108 5788/545/108 5931/545/108 5932/544/108
f 5838/577/112 5839/579/112 5984/579/112 5981/577/112
f 5892/606/112 5889/605/112 6034/605/112 6035/606/112
f 5761/529/109 5762/528/109 5905/528/109 5906/529/109
f 5839/579/108 5840/578/108 5983/578/108 5984/579/108
f 5890/604/110 5891/604/110 6036/604/110 6033/604/110
f 5764/529/110 5761/529/110 5906/529/110 5907/529/110
f 5813/562/109 5814/561/109 5957/561/109 5958/562/109
f 5891/604/108 5892/606/108 6035/606/108 6036/604/108
f 5762/528/112 5763/530/112 5908/530/112 5905/528/112
f 5816/564/111 5813/562/111 5958/562/111 5959/564/111
f 5865/594/109 5866/593/109 6009/593/109 6010/594/109
f 5763/530/108 5764/529/108 5907/529/108 5908/530/108
f 5814/561/113 5815/563/113 5960/563/113 5957/561/113
f 5868/594/112 5865/594/112 6010/594/112 6011/594/112
f 5815/563/108 5816/564/108 5959/564/108 5960/563/108
f 5866/593/110 5867/593/110 6012/593/110 6009/593/110
f 5789/547/109 5790/546/109 5933/546/109 5934/547/109
f 5867/593/108 5868/594/108 6011/594/108 6012/593/108
f 5792/549/113 5789/547/113 5934/547/113 5935/549/113
f 5841/581/109 5842/580/109 5985/580/109 5986/581/109
f 5790/546/111 5791/548/111 5936/548/111 5933/546/111
f 5844/581/110 5841/581/110 5986/581/110 5987/581/110
f 5893/608/109 5894/607/109 6037/607/109 6038/608/109
f 5791/548/108 5792/549/108 5935/549/108 5936/548/108
f 5842/580/112 5843/582/112 5988/582/112 5985/580/112
f 5896/610/112 5893/608/112 6038/608/112 6039/610/112
f 5765/532/109 5766/531/109 5909/531/109 5910/532/109
f 5843/582/108 5844/581/108 5987/581/108 5988/582/108
f 5894/607/110 5895/609/110 6040/609/110 6037/607/110
f 5768/518/111 5765/532/111 5910/532/111 5911/518/111
f 5817/565/109 5818/516/109 5961/516/109 5962/565/109
f 5895/609/108 5896/610/108 6039/610/108 6040/609/108
f 5766/531/113 5767/517/113 5912/517/113 5909/531/113
f 5820/515/111 5817/565/111 5962/565/111 5963/515/111
f 5869/513/109 5870/512/109 6013/512/109 6014/513/109
usemtl Window
f 988/526/113 987/525/113 990/527/113 989/526/113
f 992/529/111 991/528/111 994/530/111 993/529/111
f 996/532/112 995/531/112 998/517/112 997/518/112
f 1000/361/110 999/356/110 1002/356/110 1001/357/110
f 1004/534/110 1003/533/110 1006/533/110 1005/535/110
f 1012/540/110 1011/539/110 1014/541/110 1013/540/110
f 1020/547/110 1019/546/110 1022/548/110 1021/549/110
f 1028/299/110 1027/302/110 1030/298/110 1029/299/110
f 1032/551/112 1031/550/112 1034/550/112 1033/552/112
f 1036/554/112 1035/553/112 1038/555/112 1037/556/112
f 1044/562/112 1043/561/112 1046/563/112 1045/564/112
f 1052/358/112 1051/355/112 1054/352/112 1053/353/112
f 1060/571/111 1059/570/111 1062/572/111 1061/571/111
f 1068/578/111 1067/577/111 1070/579/111 1069/578/111
f 1072/581/111 1071/580/111 1074/582/111 1073/581/111
f 1080/301/111 1079/303/111 1082/583/111 1081/300/111
f 1084/585/111 1083/584/111 1086/586/111 1085/585/111
f 1092/592/111 1091/591/111 1094/591/111 1093/592/111
f 1096/594/113 1095/593/113 1098/593/113 1097/594/113
f 1104/354/113 1103/351/113 1106/349/113 1105/350/113
f 1108/596/113 1107/595/113 1110/595/113 1109/596/113
f 1116/601/113 1115/600/113 1118/602/113 1117/603/113
f 1124/608/113 1123/607/113 1126/609/113 1125/610/113
f 1690/526/113 1689/525/113 1692/527/113 1691/526/113
f 1694/529/111 1693/528/111 1696/530/111 1695/529/111
f 1698/532/112 1697/531/112 1700/517/112 1699/518/112
f 1702/361/110 1701/356/110 1704/356/110 1703/357/110
f 1706/534/110 1705/533/110 1708/533/110 1707/535/110
f 1714/540/110 1713/539/110 1716/541/110 1715/540/110
f 1722/547/110 1721/546/110 1724/548/110 1723/549/110
f 1730/299/110 1729/302/110 1732/298/110 1731/299/110
f 1734/551/112 1733/550/112 1736/550/112 1735/552/112
f 1738/554/112 1737/553/112 1740/555/112 1739/556/112
f 1746/562/112 1745/561/112 1748/563/112 1747/564/112
f 1754/358/112 1753/355/112 1756/352/112 1755/353/112
f 1762/571/111 1761/570/111 1764/572/111 1763/571/111
f 1770/578/111 1769/577/111 1772/579/111 1771/578/111
f 1774/581/111 1773/580/111 1776/582/111 1775/581/111
f 1782/301/111 1781/303/111 1784/583/111 1783/300/111
f 1786/585/111 1785/584/111 1788/586/111 1787/585/111
f 1794/592/111 1793/591/111 1796/591/111 1795/592/111
f 1798/594/113 1797/593/113 1800/593/113 1799/594/113
f 1806/354/113 1805/351/113 1808/349/113 1807/350/113
f 1810/596/113 1809/595/113 1812/595/113 1811/596/113
f 1818/601/113 1817/600/113 1820/602/113 1819/603/113
f 1826/608/113 1825/607/113 1828/609/113 1827/610/113
f 2392/526/113 2391/525/113 2394/527/113 2393/526/113
f 2396/529/111 2395/528/111 2398/530/111 2397/529/111
f 2400/532/112 2399/531/112 2402/517/112 2401/518/112
f 2404/361/110 2403/356/110 2406/356/110 2405/357/110
f 2408/534/110 2407/533/110 2410/533/110 2409/535/110
f 2416/540/110 2415/539/110 2418/541/110 2417/540/110
f 2424/547/110 2423/546/110 2426/548/110 2425/549/110
f 2432/299/110 2431/302/110 2434/298/110 2433/299/110
f 2436/551/112 2435/550/112 2438/550/112 2437/552/112
f 2440/554/112 2439/553/112 2442/555/112 2441/556/112
f 2448/562/112 2447/561/112 2450/563/112 2449/564/112
f 2456/358/112 2455/355/112 2458/352/112 2457/353/112
f 2464/571/111 2463/570/111 2466/572/111 2465/571/111
f 2472/578/111 2471/577/111 2474/579/111 2473/578/111
f 2476/581/111 2475/580/111 2478/582/111 2477/581/111
f 2484/301/111 2483/303/111 2486/583/111 2485/300/111
f 2488/585/111 2487/584/111 2490/586/111 2489/585/111
f 2496/592/111 2495/591/111 2498/591/111 2497/592/111
f 2500/594/113 2499/593/113 2502/593/113 2501/594/113
f 2508/354/113 2507/351/113 2510/349/113 2509/350/113
f 2512/596/113 2511/595/113 2514/595/113 2513/596/113
f 2520/601/113 2519/600/113 2522/602/113 2521/603/113
f 2528/608/113 2527/607/113 2530/609/113 2529/610/113
f 3094/526/113 3093/525/113 3096/527/113 3095/526/113
f 3098/529/111 3097/528/111 3100/530/111 3099/529/111
f 3102/532/112 3101/531/112 3104/517/112 3103/518/112
f 3106/361/110 3105/356/110 3108/356/110 3107/357/110
f 3110/534/110 3109/533/110 3112/533/110 3111/535/110
f 3118/540/110 3117/539/110 3120/541/110 3119/540/110
f 3126/547/110 3125/546/110 3128/548/110 3127/549/110
f 3134/299/110 3133/302/110 3136/298/110 3135/299/110
f 3138/551/112 3137/550/112 3140/550/112 3139/552/112
f 3142/554/112 3141/553/112 3144/555/112 3143/556/112
f 3150/562/112 3149/561/112 3152/563/112 3151/564/112
f 3158/358/112 3157/355/112 3160/352/112 3159/353/112
f 3166/571/111 3165/570/111 3168/572/111 3167/571/111
f 3174/578/111 3173/577/111 3176/579/111 3175/578/111
f 3178/581/111 3177/580/111 3180/582/111 3179/581/111
f 3186/301/111 3185/303/111 3188/583/111 3187/300/111
f 3190/585/111 3189/584/111 3192/586/111 3191/585/111
f 3198/592/111 3197/591/111 3200/591/111 3199/592/111
f 3202/594/113 3201/593/113 3204/593/113 3203/594/113
f 3210/354/113 3209/351/113 3212/349/113 3211/350/113
f 3214/596/113 3213/595/113 3216/595/113 3215/596/113
f 3222/601/113 3221/600/113 3224/602/113 3223/603/113
f 3230/608/113 3229/607/113 3232/609/113 3231/610/113
f 3796/526/113 3795/525/113 3798/527/113 3797/526/113
f 3800/529/111 3799/528/111 3802/530/111 3801/529/111
f 3804/532/112 3803/531/112 3806/517/112 3805/518/112
f 3808/361/110 3807/356/110 3810/356/110 3809/357/110
f 3812/534/110 3811/533/110 3814/533/110 3813/535/110
f 3820/540/110 3819/539/110 3822/541/110 3821/540/110
f 3828/547/110 3827/546/110 3830/548/110 3829/549/110
f 3836/299/110 3835/302/110 3838/298/110 3837/299/110
f 3840/551/112 3839/550/112 3842/550/112 3841/552/112
f 3844/554/112 3843/553/112 3846/555/112 3845/556/112
f 3852/562/112 3851/561/112 3854/563/112 3853/564/112
f 3860/358/112 3859/355/112 3862/352/112 3861/353/112
f 3868/571/111 3867/570/111 3870/572/111 3869/571/111
f 3876/578/111 3875/577/111 3878/579/111 3877/578/111
f 3880/581/111 3879/580/111 3882/582/111 3881/581/111
f 3888/301/111 3887/303/111 3890/583/111 3889/300/111
f 3892/585/111 3891/584/111 3894/586/111 3893/585/111
f 3900/592/111 3899/591/111 3902/591/111 3901/592/111
f 3904/594/113 3903/593/113 3906/593/113 3905/594/113
f 3912/354/113 3911/351/113 3914/349/113 3913/350/113
f 3916/596/113 3915/595/113 3918/595/113 3917/596/113
f 3924/601/113 3923/600/113 3926/602/113 3925/603/113
f 3932/608/113 3931/607/113 3934/609/113 3933/610/113
f 4498/526/113 4497/525/113 4500/527/113 4499/526/113
f 4502/529/111 4501/528/111 4504/530/111 4503/529/111
f 4506/532/112 4505/531/112 4508/517/112 4507/518/112
f 4510/361/110 4509/356/110 4512/356/110 4511/357/110
f 4514/534/110 4513/533/110 4516/533/110 4515/535/110
f 4522/540/110 4521/539/110 4524/541/110 4523/540/110
f 4530/547/110 4529/546/110 4532/548/110 4531/549/110
f 4538/299/110 4537/302/110 4540/298/110 4539/299/110
f 4542/551/112 4541/550/112 4544/550/112 4543/552/112
f 4546/554/112 4545/553/112 4548/555/112 4547/556/112
f 4554/562/112 4553/561/112 4556/563/112 4555/564/112
f 4562/358/112 4561/355/112 4564/352/112 4563/353/112
f 4570/571/111 4569/570/111 4572/572/111 4571/571/111
f 4578/578/111 4577/577/111 4580/579/111 4579/578/111
f 4582/581/111 4581/580/111 4584/582/111 4583/581/111
f 4590/301/111 4589/303/111 4592/583/111 4591/300/111
f 4594/585/111 4593/584/111 4596/586/111 4595/585/111
f 4602/592/111 4601/591/111 4604/591/111 4603/592/111
f 4606/594/113 4605/593/113 4608/593/113 4607/594/113
f 4614/354/113 4613/351/113 4616/349/113 4615/350/113
f 4618/596/113 4617/595/113 4620/595/113 4619/596/113
f 4626/601/113 4625/600/113 4628/602/113 4627/603/113
f 4634/608/113 4633/607/113 4636/609/113 4635/610/113
f 5200/526/113 5199/525/113 5202/527/113 5201/526/113
f 5204/529/111 5203/528/111 5206/530/111 5205/529/111
f 5208/532/112 5207/531/112 5210/517/112 5209/518/112
f 5212/361/110 5211/356/110 5214/356/110 5213/357/110
f 5216/534/110 5215/533/110 5218/533/110 5217/535/110
f 5224/540/110 5223/539/110 5226/541/110 5225/540/110
f 5232/547/110 5231/546/110 5234/548/110 5233/549/110
f 5240/299/110 5239/302/110 5242/298/110 5241/299/110
f 5244/551/112 5243/550/112 5246/550/112 5245/552/112
f 5248/554/112 5247/553/112 5250/555/112 5249/556/112
f 5256/562/112 5255/561/112 5258/563/112 5257/564/112
f 5264/358/112 5263/355/112 5266/352/112 5265/353/112
f 5272/571/111 5271/570/111 5274/572/111 5273/571/111
f 5280/578/111 5279/577/111 5282/579/111 5281/578/111
f 5284/581/111 5283/580/111 5286/582/111 5285/581/111
f 5292/301/111 5291/303/111 5294/583/111 5293/300/111
f 5296/585/111 5295/584/111 5298/586/111 5297/585/111
f 5304/592/111 5303/591/111 5306/591/111 5305/592/111
f 5308/594/113 5307/593/113 5310/593/113 5309/594/113
f 5316/354/113 5315/351/113 5318/349/113 5317/350/113
f 5320/596/113 5319/595/113 5322/595/113 5321/596/113
f 5328/601/113 5327/600/113 5330/602/113 5329/603/113
f 5336/608/113 5335/607/113 5338/609/113 5337/610/113
f 5902/526/113 5901/525/113 5904/527/113 5903/526/113
f 5906/529/111 5905/528/111 5908/530/111 5907/529/111
f 5910/532/112 5909/531/112 5912/517/112 5911/518/112
f 5914/361/110 5913/356/110 5916/356/110 5915/357/110
f 5918/534/110 5917/533/110 5920/533/110 5919/535/110
f 5926/540/110 5925/539/110 5928/541/110 5927/540/110
f 5934/547/110 5933/546/110 5936/548/110 5935/549/110
f 5942/299/110 5941/302/110 5944/298/110 5943/299/110
f 5946/551/112 5945/550/112 5948/550/112 5947/552/112
f 5950/554/112 5949/553/112 5952/555/112 5951/556/112
f 5958/562/112 5957/561/112 5960/563/112 5959/564/112
f 5966/358/112 5965/355/112 5968/352/112 5967/353/112
f 5974/571/111 5973/570/111 5976/572/111 5975/571/111
f 5982/578/111 5981/577/111 5984/579/111 5983/578/111
f 5986/581/111 5985/580/111 5988/582/111 5987/581/111
f 5994/301/111 5993/303/111 5996/583/111 5995/300/111
f 5998/585/111 5997/584/111 6000/586/111 5999/585/111
f 6006/592/111 6005/591/111 6008/591/111 6007/592/111
f 6010/594/113 6009/593/113 6012/593/113 6011/594/113
f 6018/354/113 6017/351/113 6020/349/113 6019/350/113
f 6022/596/113 6021/595/113 6024/595/113 6023/596/113
f 6030/601/113 6029/600/113 6032/602/113 6031/603/113
f 6038/608/113 6037/607/113 6040/609/113 6039/610/113
o Plane
v -35.072659 0.453631 -9.530208
v -31.165575 0.453631 -9.530208
v -35.072659 0.453631 -13.550641
v -31.165575 0.453631 -13.550641
v -35.072659 1.211685 -13.550641
v -35.072659 1.211685 -9.530208
v -31.165575 1.211685 -9.530208
v -31.165575 1.211685 -13.550641
v -35.072659 1.312325 -13.550641
v -35.072659 1.312325 -9.530208
v -31.165575 1.312325 -9.530208
v -31.165575 1.312325 -13.550641
v -35.210426 1.211685 -13.688406
v -35.210426 1.211685 -9.392443
v -31.027811 1.211685 -9.392443
v -31.027811 1.211685 -13.688406
v -35.210426 1.312325 -13.688406
v -35.210426 1.312325 -9.392443
v -31.027811 1.312325 -9.392443
v -31.027811 1.312325 -13.688406
v -33.770298 0.453631 -9.530208
v -32.467937 0.453631 -9.530208
v -32.467937 0.453631 -13.550641
v -33.770298 0.453631 -13.550641
v -33.770298 1.211685 -9.530208
v -32.467937 1.211685 -9.530208
v -32.467937 1.211685 -13.550641
v -33.770298 1.211685 -13.550641
v -33.770298 1.312325 -9.530208
v -32.467937 1.312325 -9.530208
v -32.467937 1.312325 -13.550641
v -33.770298 1.312325 -13.550641
v -33.816219 1.211685 -9.392443
v -32.422016 1.211685 -9.392443
v -32.422016 1.211685 -13.688406
v -33.816219 1.211685 -13.688406
v -33.816219 1.312325 -9.392443
v -32.422016 1.312325 -9.392443
v -32.422016 1.312325 -13.688406
v -33.816219 1.312325 -13.688406
v -33.770298 0.453631 -9.763734
v -32.467937 0.453631 -9.763734
v -33.770298 1.211685 -9.763734
v -32.467937 1.211685 -9.763734
v -35.072659 0.453631 -12.130802
v -35.072659 0.453631 -10.790657
v -31.165575 0.453631 -10.790657
v -31.165575 0.453631 -12.130802
v -35.072659 1.211685 -12.130802
v -35.072659 1.211685 -10.790657
v -31.165575 1.211685 -10.790657
v -31.165575 1.211685 -12.130802
v -35.072659 1.312325 -12.130802
v -35.072659 1.312325 -10.790657
v -31.165575 1.312325 -10.790657
v -31.165575 1.312325 -12.130802
v -35.210426 1.211685 -12.171261
v -35.210426 1.211685 -10.739274
v -31.027811 1.211685 -10.739274
v -31.027811 1.211685 -12.171262
v -35.210426 1.312325 -12.171261
v -35.210426 1.312325 -10.739274
v -31.027811 1.312325 -10.739274
v -31.027811 1.312325 -12.171262
v -33.770298 1.312325 -10.790657
v -33.770298 1.312325 -12.130802
v -32.467937 1.312325 -10.790657
v -32.467937 1.312325 -12.130802
v -33.770298 0.453631 -12.130802
v -33.770298 0.453631 -10.790657
v -32.467937 0.453631 -12.130802
v -32.467937 0.453631 -10.790657
v -32.467937 0.453631 -13.450221
v -33.770298 0.453631 -13.450221
v -32.467937 1.211685 -13.450221
v -33.770298 1.211685 -13.450221
v -31.227760 0.453631 -10.790657
v -31.227760 0.453631 -12.130802
v -31.227760 1.211685 -10.790657
v -31.227760 1.211685 -12.130802
vn -0.0000 -1.0000 -0.0000
vn 1.0000 -0.0000 -0.0000
vn -1.0000 -0.0000 -0.0000
vn -0.0000 -0.0000 -1.0000
vn -0.0000 -0.0000 1.0000
vn -0.0000 1.0000 -0.0000
vt 0.666667 0.646844
vt 0.666667 1.000000
vt 1.000000 1.000000
vt 1.000000 0.646844
vt 0.000000 0.313511
vt 0.000000 0.000000
vt 0.333333 1.000000
vt 0.000000 1.000000
vt 0.666667 0.000000
vt 1.000000 0.000000
vt 0.666667 0.000000
vt 0.666667 0.646844
vt 0.666667 1.000000
vt 1.000000 0.646844
vt 0.000000 0.646844
vt 1.000000 0.646844
vt 0.000000 0.313511
vt 0.333333 1.000000
vt 0.333333 0.000000
vt 0.333333 0.000000
vt 1.000000 0.313511
vt 1.000000 0.313511
vt 0.333333 0.000000
vt 0.333333 0.646844
vt 0.333333 0.646844
vt 0.333333 0.313511
vt 0.666667 0.313511
vt 0.666667 0.313511
vt 0.333333 0.313511
vt 0.000000 0.646844
vt 1.000000 0.313511
s 0
usemtl Hall
f 6115/611/114 6067/612/114 6048/613/114 6092/614/114
f 6094/615/114 6050/616/114 6058/616/114 6102/615/114
f 6092/614/115 6048/613/115 6052/613/115 6096/614/115
f 6090/615/116 6045/616/116 6050/616/116 6094/615/116
f 6068/617/117 6047/618/117 6049/618/117 6072/617/117
f 6066/619/118 6046/620/118 6051/620/118 6070/621/118
f 6112/622/119 6100/614/119 6056/613/119 6075/612/119
f 6075/612/119 6056/613/119 6064/613/119 6083/623/119
f 6096/614/114 6052/613/114 6060/613/114 6104/624/114
f 6097/625/119 6053/618/119 6061/618/119 6105/625/119
f 6104/624/115 6060/613/115 6064/613/115 6108/626/115
f 6102/615/116 6058/616/116 6062/616/116 6106/627/116
f 6080/628/117 6057/618/117 6061/618/117 6084/617/117
f 6078/621/118 6059/620/118 6063/620/118 6082/621/118
f 6073/629/119 6054/616/119 6062/616/119 6081/630/119
f 6072/617/114 6049/618/114 6057/618/114 6080/628/114
f 6070/621/114 6051/620/114 6059/620/114 6078/621/114
f 6099/631/119 6055/620/119 6063/620/119 6107/632/119
f 6050/616/114 6069/630/114 6077/633/114 6058/616/114
f 6069/630/114 6070/621/114 6078/621/114 6077/633/114
f 6052/613/114 6071/612/114 6079/612/114 6060/613/114
f 6071/612/114 6072/617/114 6080/628/114 6079/612/114
f 6055/620/119 6074/619/119 6082/621/119 6063/620/119
f 6074/619/119 6073/629/119 6081/630/119 6082/621/119
f 6058/616/118 6077/633/118 6081/630/118 6062/616/118
f 6077/633/118 6078/621/118 6082/621/118 6081/630/118
f 6060/613/117 6079/612/117 6083/623/117 6064/613/117
f 6079/612/117 6080/628/117 6084/617/117 6083/623/117
f 6053/618/119 6076/617/119 6084/617/119 6061/618/119
f 6076/617/119 6075/612/119 6083/623/119 6084/617/119
f 6097/625/119 6110/634/119 6076/617/119 6053/618/119
f 6110/634/119 6112/622/119 6075/612/119 6076/617/119
f 6045/616/118 6065/629/118 6069/630/118 6050/616/118
f 6066/619/116 6070/621/116 6088/621/116 6086/619/116
f 6048/613/117 6067/612/117 6071/612/117 6052/613/117
f 6068/617/115 6072/617/115 6120/617/115 6118/617/115
f 6089/625/114 6047/618/114 6068/617/114 6113/635/114
f 6113/635/114 6068/617/114 6067/612/114 6115/611/114
f 6085/629/118 6086/619/118 6088/621/118 6087/630/118
f 6070/621/114 6069/630/114 6087/630/114 6088/621/114
f 6065/629/119 6066/619/119 6086/619/119 6085/629/119
f 6069/630/115 6065/629/115 6085/629/115 6087/630/115
f 6065/629/114 6114/636/114 6116/637/114 6066/619/114
f 6114/636/114 6113/635/114 6115/611/114 6116/637/114
f 6045/616/114 6090/615/114 6114/636/114 6065/629/114
f 6090/615/114 6089/625/114 6113/635/114 6114/636/114
f 6073/629/119 6074/619/119 6111/638/119 6109/639/119
f 6109/639/119 6111/638/119 6112/622/119 6110/634/119
f 6054/616/119 6073/629/119 6109/639/119 6098/615/119
f 6098/615/119 6109/639/119 6110/634/119 6097/625/119
f 6056/613/119 6100/614/119 6108/626/119 6064/613/119
f 6100/614/119 6099/631/119 6107/632/119 6108/626/119
f 6057/618/116 6101/640/116 6105/625/116 6061/618/116
f 6101/640/116 6102/615/116 6106/627/116 6105/625/116
f 6059/620/115 6103/632/115 6107/632/115 6063/620/115
f 6103/632/115 6104/624/115 6108/626/115 6107/632/115
f 6054/616/119 6098/615/119 6106/627/119 6062/616/119
f 6098/615/119 6097/625/119 6105/625/119 6106/627/119
f 6051/620/114 6095/631/114 6103/632/114 6059/620/114
f 6095/631/114 6096/614/114 6104/624/114 6103/632/114
f 6074/619/119 6055/620/119 6099/631/119 6111/638/119
f 6111/638/119 6099/631/119 6100/614/119 6112/622/119
f 6047/618/116 6089/625/116 6093/625/116 6049/618/116
f 6089/625/116 6090/615/116 6094/615/116 6093/625/116
f 6046/620/115 6091/641/115 6095/631/115 6051/620/115
f 6096/614/114 6095/631/114 6123/631/114 6124/614/114
f 6049/618/114 6093/625/114 6101/640/114 6057/618/114
f 6093/625/114 6094/615/114 6102/615/114 6101/640/114
f 6066/619/114 6116/637/114 6091/641/114 6046/620/114
f 6116/637/114 6115/611/114 6092/614/114 6091/641/114
f 6117/612/117 6118/617/117 6120/617/117 6119/612/117
f 6072/617/114 6071/612/114 6119/612/114 6120/617/114
f 6067/612/119 6068/617/119 6118/617/119 6117/612/119
f 6071/612/116 6067/612/116 6117/612/116 6119/612/116
f 6121/641/115 6122/614/115 6124/614/115 6123/631/115
f 6092/614/118 6096/614/118 6124/614/118 6122/614/118
f 6091/641/119 6092/614/119 6122/614/119 6121/641/119
f 6095/631/117 6091/641/117 6121/641/117 6123/631/117
