# Blender 4.0.2
# www.blender.org
mtllib A23.mtl
o Text.040
v -10.741589 8.291259 -13.443858
v -10.714399 8.291259 -13.472226
v -10.687174 8.291259 -13.497676
v -10.659781 8.291259 -13.520253
v -10.632091 8.291259 -13.540003
v -10.603974 8.291259 -13.556973
v -10.575302 8.291259 -13.571206
v -10.545943 8.291259 -13.582749
v -10.515769 8.291259 -13.591648
v -10.484649 8.291259 -13.597948
v -10.452453 8.291259 -13.601694
v -10.419051 8.291259 -13.602933
v -10.340053 8.291259 -13.593479
v -10.266172 8.291259 -13.565605
v -10.197743 8.291259 -13.520041
v -10.135101 8.291259 -13.457514
v -10.078578 8.291259 -13.378756
v -10.028509 8.291259 -13.284495
v -9.985227 8.291259 -13.175462
v -9.949065 8.291259 -13.052384
v -9.920359 8.291259 -12.915994
v -9.899441 8.291259 -12.767018
v -9.886644 8.291259 -12.606189
v -9.882305 8.291259 -12.434234
v -9.883715 8.291259 -12.313908
v -9.888018 8.291259 -12.202063
v -9.895324 8.291259 -12.098151
v -9.905746 8.291259 -12.001625
v -9.919394 8.291259 -11.911940
v -9.936380 8.291259 -11.828546
v -9.956816 8.291259 -11.750896
v -9.980812 8.291259 -11.678446
v -10.008480 8.291259 -11.610645
v -10.039932 8.291259 -11.546949
v -10.075277 8.291259 -11.486809
v -10.114628 8.291259 -11.429678
v -10.071333 8.291259 -11.388562
v -10.032192 8.291259 -11.334930
v -9.997131 8.291259 -11.269946
v -9.966076 8.291259 -11.194771
v -9.938951 8.291259 -11.110567
v -9.915686 8.291259 -11.018499
v -9.896201 8.291259 -10.919728
v -9.880426 8.291259 -10.815418
v -9.868286 8.291259 -10.706730
v -9.859707 8.291259 -10.594828
v -9.854612 8.291259 -10.480874
v -9.852932 8.291259 -10.366031
v -9.857801 8.291259 -10.171020
v -9.872093 8.291259 -9.987225
v -9.895323 8.291259 -9.815741
v -9.927010 8.291259 -9.657661
v -9.966669 8.291259 -9.514082
v -10.013821 8.291259 -9.386096
v -10.067983 8.291259 -9.274798
v -10.128672 8.291259 -9.181282
v -10.195407 8.291259 -9.106643
v -10.267705 8.291259 -9.051973
v -10.345084 8.291259 -9.018370
v -10.427062 8.291259 -9.006926
v -10.458548 8.291259 -9.008829
v -10.490236 8.291259 -9.014495
v -10.522111 8.291259 -9.023853
v -10.554152 8.291259 -9.036837
v -10.586342 8.291259 -9.053376
v -10.618662 8.291259 -9.073403
v -10.651093 8.291259 -9.096851
v -10.683617 8.291259 -9.123650
v -10.716214 8.291259 -9.153731
v -10.748867 8.291259 -9.187027
v -10.781557 8.291259 -9.223469
v -10.814266 8.291259 -9.262989
v -10.814266 8.291259 -9.958956
v -10.779659 8.291259 -9.903964
v -10.745257 8.291259 -9.853874
v -10.711040 8.291259 -9.808662
v -10.676990 8.291259 -9.768307
v -10.643087 8.291259 -9.732784
v -10.609316 8.291259 -9.702072
v -10.575654 8.291259 -9.676147
v -10.542086 8.291259 -9.654987
v -10.508592 8.291259 -9.638569
v -10.475154 8.291259 -9.626870
v -10.441752 8.291259 -9.619867
v -10.408370 8.291259 -9.617538
v -10.365005 8.291259 -9.623344
v -10.324488 8.291259 -9.640457
v -10.286993 8.291259 -9.668423
v -10.252697 8.291259 -9.706783
v -10.221775 8.291259 -9.755084
v -10.194407 8.291259 -9.812868
v -10.170764 8.291259 -9.879681
v -10.151025 8.291259 -9.955065
v -10.135365 8.291259 -10.038565
v -10.123962 8.291259 -10.129725
v -10.116991 8.291259 -10.228089
v -10.114628 8.291259 -10.333202
v -10.117353 8.291259 -10.440967
v -10.125521 8.291259 -10.543670
v -10.139121 8.291259 -10.640355
v -10.158146 8.291259 -10.730063
v -10.182586 8.291259 -10.811839
v -10.212431 8.291259 -10.884723
v -10.247673 8.291259 -10.947759
v -10.288301 8.291259 -10.999988
v -10.334309 8.291259 -11.040454
v -10.385684 8.291259 -11.068198
v -10.442418 8.291259 -11.082265
v -10.504503 8.291259 -11.081695
v -10.504503 8.291259 -11.672609
v -10.446923 8.291259 -11.677626
v -10.394350 8.291259 -11.692490
v -10.346784 8.291259 -11.716928
v -10.304225 8.291259 -11.750669
v -10.266673 8.291259 -11.793438
v -10.234127 8.291259 -11.844960
v -10.206589 8.291259 -11.904963
v -10.184058 8.291259 -11.973174
v -10.166533 8.291259 -12.049318
v -10.154016 8.291259 -12.133122
v -10.146505 8.291259 -12.224314
v -10.144002 8.291259 -12.322617
v -10.146530 8.291259 -12.422687
v -10.153992 8.291259 -12.515849
v -10.166200 8.291259 -12.601763
v -10.182970 8.291259 -12.680083
v -10.204117 8.291259 -12.750471
v -10.229454 8.291259 -12.812584
v -10.258798 8.291259 -12.866078
v -10.291961 8.291259 -12.910614
v -10.328759 8.291259 -12.945848
v -10.369006 8.291259 -12.971437
v -10.412518 8.291259 -12.987043
v -10.459106 8.291259 -12.992321
v -10.483561 8.291259 -12.991207
v -10.507643 8.291259 -12.987791
v -10.531540 8.291259 -12.981959
v -10.555437 8.291259 -12.973597
v -10.579520 8.291259 -12.962589
v -10.603974 8.291259 -12.948823
v -10.628984 8.291259 -12.932184
v -10.654737 8.291259 -12.912560
v -10.681416 8.291259 -12.889833
v -10.709208 8.291259 -12.863894
v -10.738297 8.291259 -12.834625
v -10.768870 8.291259 -12.801914
v -10.768870 8.291259 -13.412527
v -12.229566 8.291259 -9.066017
v -12.229566 8.291259 -9.111978
v -12.177999 8.291259 -9.265641
v -12.123900 8.291259 -9.427011
v -12.067966 8.291259 -9.594763
v -12.010892 8.291259 -9.767577
v -11.953372 8.291259 -9.944130
v -11.896103 8.291259 -10.123098
v -11.839779 8.291259 -10.303163
v -11.785097 8.291259 -10.482998
v -11.732751 8.291259 -10.661283
v -11.683437 8.291259 -10.836696
v -11.637851 8.291259 -11.007914
v -11.596687 8.291259 -11.173615
v -11.576214 8.291259 -11.261189
v -11.557522 8.291259 -11.344019
v -11.540609 8.291259 -11.423112
v -11.525476 8.291259 -11.499470
v -11.512125 8.291259 -11.574094
v -11.500553 8.291259 -11.647988
v -11.490762 8.291259 -11.722157
v -11.482751 8.291259 -11.797602
v -11.476520 8.291259 -11.875326
v -11.472069 8.291259 -11.956334
v -11.469398 8.291259 -12.041628
v -11.468509 8.291259 -12.132211
v -11.471239 8.291259 -12.252190
v -11.479227 8.291259 -12.365445
v -11.492167 8.291259 -12.471268
v -11.509751 8.291259 -12.568953
v -11.531675 8.291259 -12.657791
v -11.557632 8.291259 -12.737078
v -11.587317 8.291259 -12.806105
v -11.620423 8.291259 -12.864166
v -11.656645 8.291259 -12.910557
v -11.695676 8.291259 -12.944567
v -11.737211 8.291259 -12.965491
v -11.780943 8.291259 -12.972624
v -11.813717 8.291259 -12.969516
v -11.846639 8.291259 -12.959796
v -11.879746 8.291259 -12.942873
v -11.913076 8.291259 -12.918152
v -11.946667 8.291259 -12.885042
v -11.980554 8.291259 -12.842951
v -12.014774 8.291259 -12.791283
v -12.049365 8.291259 -12.729448
v -12.084364 8.291259 -12.656853
v -12.119808 8.291259 -12.572905
v -12.155735 8.291259 -12.477010
v -12.192181 8.291259 -12.368577
v -12.192181 8.291259 -13.176161
v -12.155673 8.291259 -13.245245
v -12.119536 8.291259 -13.308084
v -12.083696 8.291259 -13.364720
v -12.048079 8.291259 -13.415202
v -12.012610 8.291259 -13.459574
v -11.977216 8.291259 -13.497881
v -11.941820 8.291259 -13.530170
v -11.906351 8.291259 -13.556486
v -11.870734 8.291259 -13.576876
v -11.834894 8.291259 -13.591383
v -11.798758 8.291259 -13.600053
v -11.762250 8.291259 -13.602933
v -11.682323 8.291259 -13.591215
v -11.607059 8.291259 -13.556791
v -11.536896 8.291259 -13.500753
v -11.472267 8.291259 -13.424200
v -11.413610 8.291259 -13.328221
v -11.361361 8.291259 -13.213914
v -11.315952 8.291259 -13.082371
v -11.277824 8.291259 -12.934689
v -11.247410 8.291259 -12.771958
v -11.225146 8.291259 -12.595277
v -11.211468 8.291259 -12.405737
v -11.206812 8.291259 -12.204433
v -11.210199 8.291259 -12.024294
v -11.220559 8.291259 -11.846663
v -11.238189 8.291259 -11.669123
v -11.263384 8.291259 -11.489256
v -11.296442 8.291259 -11.304648
v -11.337660 8.291259 -11.112883
v -11.387335 8.291259 -10.911541
v -11.445761 8.291259 -10.698208
v -11.513237 8.291259 -10.470467
v -11.590060 8.291259 -10.225902
v -11.676526 8.291259 -9.962094
v -11.772932 8.291259 -9.676630
v -11.075964 8.291259 -9.676630
v -11.075964 8.291259 -9.066017
v -12.587397 8.291259 -9.066017
v -12.830400 8.291259 -10.385728
v -13.604810 8.291259 -10.385728
v -13.834462 8.291259 -9.066017
v -14.101500 8.291259 -9.066017
v -13.319079 8.291259 -13.570105
v -13.134824 8.291259 -13.570105
v -12.320358 8.291259 -9.066017
v -12.937216 8.291259 -10.963511
v -13.230957 8.291259 -12.585245
v -13.503335 8.291259 -10.963511
v -10.741589 8.204816 -13.443858
v -10.714399 8.204816 -13.472226
v -10.687174 8.204816 -13.497676
v -10.659781 8.204816 -13.520253
v -10.632091 8.204816 -13.540003
v -10.603974 8.204816 -13.556973
v -10.575302 8.204816 -13.571206
v -10.545943 8.204816 -13.582749
v -10.515769 8.204816 -13.591648
v -10.484649 8.204816 -13.597948
v -10.452453 8.204816 -13.601694
v -10.419051 8.204816 -13.602933
v -10.340053 8.204816 -13.593479
v -10.266172 8.204816 -13.565605
v -10.197743 8.204816 -13.520041
v -10.135101 8.204816 -13.457514
v -10.078578 8.204816 -13.378756
v -10.028509 8.204816 -13.284495
v -9.985227 8.204816 -13.175462
v -9.949065 8.204816 -13.052384
v -9.920359 8.204816 -12.915994
v -9.899441 8.204816 -12.767018
v -9.886644 8.204816 -12.606189
v -9.882305 8.204816 -12.434234
v -9.883715 8.204816 -12.313908
v -9.888018 8.204816 -12.202063
v -9.895324 8.204816 -12.098151
v -9.905746 8.204816 -12.001625
v -9.919394 8.204816 -11.911940
v -9.936380 8.204816 -11.828546
v -9.956816 8.204816 -11.750896
v -9.980812 8.204816 -11.678446
v -10.008480 8.204816 -11.610645
v -10.039932 8.204816 -11.546949
v -10.075277 8.204816 -11.486809
v -10.114628 8.204816 -11.429678
v -10.071333 8.204816 -11.388562
v -10.032192 8.204816 -11.334930
v -9.997131 8.204816 -11.269946
v -9.966076 8.204816 -11.194771
v -9.938951 8.204816 -11.110567
v -9.915686 8.204816 -11.018499
v -9.896201 8.204816 -10.919728
v -9.880426 8.204816 -10.815418
v -9.868286 8.204816 -10.706730
v -9.859707 8.204816 -10.594828
v -9.854612 8.204816 -10.480874
v -9.852932 8.204816 -10.366031
v -9.857801 8.204816 -10.171020
v -9.872093 8.204816 -9.987225
v -9.895323 8.204816 -9.815741
v -9.927010 8.204816 -9.657661
v -9.966669 8.204816 -9.514082
v -10.013821 8.204816 -9.386096
v -10.067983 8.204816 -9.274798
v -10.128672 8.204816 -9.181282
v -10.195407 8.204816 -9.106643
v -10.267705 8.204816 -9.051973
v -10.345084 8.204816 -9.018370
v -10.427062 8.204816 -9.006926
v -10.458548 8.204816 -9.008829
v -10.490236 8.204816 -9.014495
v -10.522111 8.204816 -9.023853
v -10.554152 8.204816 -9.036837
v -10.586342 8.204816 -9.053376
v -10.618662 8.204816 -9.073403
v -10.651093 8.204816 -9.096851
v -10.683617 8.204816 -9.123650
v -10.716214 8.204816 -9.153731
v -10.748867 8.204816 -9.187027
v -10.781557 8.204816 -9.223469
v -10.814266 8.204816 -9.262989
v -10.814266 8.204816 -9.958956
v -10.779659 8.204816 -9.903964
v -10.745257 8.204816 -9.853874
v -10.711040 8.204816 -9.808662
v -10.676990 8.204816 -9.768307
v -10.643087 8.204816 -9.732784
v -10.609316 8.204816 -9.702072
v -10.575654 8.204816 -9.676147
v -10.542086 8.204816 -9.654987
v -10.508592 8.204816 -9.638569
v -10.475154 8.204816 -9.626870
v -10.441752 8.204816 -9.619867
v -10.408370 8.204816 -9.617538
v -10.365005 8.204816 -9.623344
v -10.324488 8.204816 -9.640457
v -10.286993 8.204816 -9.668423
v -10.252697 8.204816 -9.706783
v -10.221775 8.204816 -9.755084
v -10.194407 8.204816 -9.812868
v -10.170764 8.204816 -9.879681
v -10.151025 8.204816 -9.955065
v -10.135365 8.204816 -10.038565
v -10.123962 8.204816 -10.129725
v -10.116991 8.204816 -10.228089
v -10.114628 8.204816 -10.333202
v -10.117353 8.204816 -10.440967
v -10.125521 8.204816 -10.543670
v -10.139121 8.204816 -10.640355
v -10.158146 8.204816 -10.730063
v -10.182586 8.204816 -10.811839
v -10.212431 8.204816 -10.884723
v -10.247673 8.204816 -10.947759
v -10.288301 8.204816 -10.999988
v -10.334309 8.204816 -11.040454
v -10.385684 8.204816 -11.068198
v -10.442418 8.204816 -11.082265
v -10.504503 8.204816 -11.081695
v -10.504503 8.204816 -11.672609
v -10.446923 8.204816 -11.677626
v -10.394350 8.204816 -11.692490
v -10.346784 8.204816 -11.716928
v -10.304225 8.204816 -11.750669
v -10.266673 8.204816 -11.793438
v -10.234127 8.204816 -11.844960
v -10.206589 8.204816 -11.904963
v -10.184058 8.204816 -11.973174
v -10.166533 8.204816 -12.049318
v -10.154016 8.204816 -12.133122
v -10.146505 8.204816 -12.224314
v -10.144002 8.204816 -12.322617
v -10.146530 8.204816 -12.422687
v -10.153992 8.204816 -12.515849
v -10.166200 8.204816 -12.601763
v -10.182970 8.204816 -12.680083
v -10.204117 8.204816 -12.750471
v -10.229454 8.204816 -12.812584
v -10.258798 8.204816 -12.866078
v -10.291961 8.204816 -12.910614
v -10.328759 8.204816 -12.945848
v -10.369006 8.204816 -12.971437
v -10.412518 8.204816 -12.987043
v -10.459106 8.204816 -12.992321
v -10.483561 8.204816 -12.991207
v -10.507643 8.204816 -12.987791
v -10.531540 8.204816 -12.981959
v -10.555437 8.204816 -12.973597
v -10.579520 8.204816 -12.962589
v -10.603974 8.204816 -12.948823
v -10.628984 8.204816 -12.932184
v -10.654737 8.204816 -12.912560
v -10.681416 8.204816 -12.889833
v -10.709208 8.204816 -12.863894
v -10.738297 8.204816 -12.834625
v -10.768870 8.204816 -12.801914
v -10.768870 8.204816 -13.412527
v -12.229566 8.204816 -9.066017
v -12.229566 8.204816 -9.111978
v -12.177999 8.204816 -9.265641
v -12.123900 8.204816 -9.427011
v -12.067966 8.204816 -9.594763
v -12.010892 8.204816 -9.767577
v -11.953372 8.204816 -9.944130
v -11.896103 8.204816 -10.123098
v -11.839779 8.204816 -10.303163
v -11.785097 8.204816 -10.482998
v -11.732751 8.204816 -10.661283
v -11.683437 8.204816 -10.836696
v -11.637851 8.204816 -11.007914
v -11.596687 8.204816 -11.173615
v -11.576214 8.204816 -11.261189
v -11.557522 8.204816 -11.344019
v -11.540609 8.204816 -11.423112
v -11.525476 8.204816 -11.499470
v -11.512125 8.204816 -11.574094
v -11.500553 8.204816 -11.647988
v -11.490762 8.204816 -11.722157
v -11.482751 8.204816 -11.797602
v -11.476520 8.204816 -11.875326
v -11.472069 8.204816 -11.956334
v -11.469398 8.204816 -12.041628
v -11.468509 8.204816 -12.132211
v -11.471239 8.204816 -12.252190
v -11.479227 8.204816 -12.365445
v -11.492167 8.204816 -12.471268
v -11.509751 8.204816 -12.568953
v -11.531675 8.204816 -12.657791
v -11.557632 8.204816 -12.737078
v -11.587317 8.204816 -12.806105
v -11.620423 8.204816 -12.864166
v -11.656645 8.204816 -12.910557
v -11.695676 8.204816 -12.944567
v -11.737211 8.204816 -12.965491
v -11.780943 8.204816 -12.972624
v -11.813717 8.204816 -12.969516
v -11.846639 8.204816 -12.959796
v -11.879746 8.204816 -12.942873
v -11.913076 8.204816 -12.918152
v -11.946667 8.204816 -12.885042
v -11.980554 8.204816 -12.842951
v -12.014774 8.204816 -12.791283
v -12.049365 8.204816 -12.729448
v -12.084364 8.204816 -12.656853
v -12.119808 8.204816 -12.572905
v -12.155735 8.204816 -12.477010
v -12.192181 8.204816 -12.368577
v -12.192181 8.204816 -13.176161
v -12.155673 8.204816 -13.245245
v -12.119536 8.204816 -13.308084
v -12.083696 8.204816 -13.364720
v -12.048079 8.204816 -13.415202
v -12.012610 8.204816 -13.459574
v -11.977216 8.204816 -13.497881
v -11.941820 8.204816 -13.530170
v -11.906351 8.204816 -13.556486
v -11.870734 8.204816 -13.576876
v -11.834894 8.204816 -13.591383
v -11.798758 8.204816 -13.600053
v -11.762250 8.204816 -13.602933
v -11.682323 8.204816 -13.591215
v -11.607059 8.204816 -13.556791
v -11.536896 8.204816 -13.500753
v -11.472267 8.204816 -13.424200
v -11.413610 8.204816 -13.328221
v -11.361361 8.204816 -13.213914
v -11.315952 8.204816 -13.082371
v -11.277824 8.204816 -12.934689
v -11.247410 8.204816 -12.771958
v -11.225146 8.204816 -12.595277
v -11.211468 8.204816 -12.405737
v -11.206812 8.204816 -12.204433
v -11.210199 8.204816 -12.024294
v -11.220559 8.204816 -11.846663
v -11.238189 8.204816 -11.669123
v -11.263384 8.204816 -11.489256
v -11.296442 8.204816 -11.304648
v -11.337660 8.204816 -11.112883
v -11.387335 8.204816 -10.911541
v -11.445761 8.204816 -10.698208
v -11.513237 8.204816 -10.470467
v -11.590060 8.204816 -10.225902
v -11.676526 8.204816 -9.962094
v -11.772932 8.204816 -9.676630
v -11.075964 8.204816 -9.676630
v -11.075964 8.204816 -9.066017
v -12.587397 8.204816 -9.066017
v -12.830400 8.204816 -10.385728
v -13.604810 8.204816 -10.385728
v -13.834462 8.204816 -9.066017
v -14.101500 8.204816 -9.066017
v -13.319079 8.204816 -13.570105
v -13.134824 8.204816 -13.570105
v -12.320358 8.204816 -9.066017
v -12.937216 8.204816 -10.963511
v -13.230957 8.204816 -12.585245
v -13.503335 8.204816 -10.963511
v -12.587397 8.204816 -9.066017
v -12.587397 8.291259 -9.066017
v -12.830400 8.204816 -10.385728
v -12.830400 8.291259 -10.385728
v -13.604810 8.204816 -10.385728
v -13.604810 8.291259 -10.385728
v -13.834462 8.204816 -9.066017
v -13.834462 8.291259 -9.066017
v -14.101500 8.204816 -9.066017
v -14.101500 8.291259 -9.066017
v -13.319079 8.204816 -13.570105
v -13.319079 8.291259 -13.570105
v -13.134824 8.204816 -13.570105
v -13.134824 8.291259 -13.570105
v -12.320358 8.204816 -9.066017
v -12.320358 8.291259 -9.066017
v -12.937216 8.204816 -10.963511
v -12.937216 8.291259 -10.963511
v -13.230957 8.204816 -12.585245
v -13.230957 8.291259 -12.585245
v -13.503335 8.204816 -10.963511
v -13.503335 8.291259 -10.963511
v -12.229566 8.204816 -9.066017
v -12.229566 8.291259 -9.066017
v -12.229566 8.204816 -9.111978
v -12.229566 8.291259 -9.111978
v -12.177999 8.204816 -9.265641
v -12.177999 8.291259 -9.265641
v -12.123900 8.204816 -9.427011
v -12.123900 8.291259 -9.427011
v -12.067966 8.204816 -9.594763
v -12.067966 8.291259 -9.594763
v -12.010892 8.204816 -9.767577
v -12.010892 8.291259 -9.767577
v -11.953372 8.204816 -9.944130
v -11.953372 8.291259 -9.944130
v -11.896103 8.204816 -10.123098
v -11.896103 8.291259 -10.123098
v -11.839779 8.204816 -10.303163
v -11.839779 8.291259 -10.303163
v -11.785097 8.204816 -10.482998
v -11.785097 8.291259 -10.482998
v -11.732751 8.204816 -10.661283
v -11.732751 8.291259 -10.661283
v -11.683437 8.204816 -10.836696
v -11.683437 8.291259 -10.836696
v -11.637851 8.204816 -11.007914
v -11.637851 8.291259 -11.007914
v -11.596687 8.204816 -11.173615
v -11.596687 8.291259 -11.173615
v -11.576214 8.204816 -11.261189
v -11.576214 8.291259 -11.261189
v -11.557522 8.204816 -11.344019
v -11.557522 8.291259 -11.344019
v -11.540609 8.204816 -11.423112
v -11.540609 8.291259 -11.423112
v -11.525476 8.204816 -11.499470
v -11.525476 8.291259 -11.499470
v -11.512125 8.204816 -11.574094
v -11.512125 8.291259 -11.574094
v -11.500553 8.204816 -11.647988
v -11.500553 8.291259 -11.647988
v -11.490762 8.204816 -11.722157
v -11.490762 8.291259 -11.722157
v -11.482751 8.204816 -11.797602
v -11.482751 8.291259 -11.797602
v -11.476520 8.204816 -11.875326
v -11.476520 8.291259 -11.875326
v -11.472069 8.204816 -11.956334
v -11.472069 8.291259 -11.956334
v -11.469398 8.204816 -12.041628
v -11.469398 8.291259 -12.041628
v -11.468509 8.204816 -12.132211
v -11.468509 8.291259 -12.132211
v -11.471239 8.204816 -12.252190
v -11.471239 8.291259 -12.252190
v -11.479227 8.204816 -12.365445
v -11.479227 8.291259 -12.365445
v -11.492167 8.204816 -12.471268
v -11.492167 8.291259 -12.471268
v -11.509751 8.204816 -12.568953
v -11.509751 8.291259 -12.568953
v -11.531675 8.204816 -12.657791
v -11.531675 8.291259 -12.657791
v -11.557632 8.204816 -12.737078
v -11.557632 8.291259 -12.737078
v -11.587317 8.204816 -12.806105
v -11.587317 8.291259 -12.806105
v -11.620423 8.204816 -12.864166
v -11.620423 8.291259 -12.864166
v -11.656645 8.204816 -12.910557
v -11.656645 8.291259 -12.910557
v -11.695676 8.204816 -12.944567
v -11.695676 8.291259 -12.944567
v -11.737211 8.204816 -12.965491
v -11.737211 8.291259 -12.965491
v -11.780943 8.204816 -12.972624
v -11.780943 8.291259 -12.972624
v -11.813717 8.204816 -12.969516
v -11.813717 8.291259 -12.969516
v -11.846639 8.204816 -12.959796
v -11.846639 8.291259 -12.959796
v -11.879746 8.204816 -12.942873
v -11.879746 8.291259 -12.942873
v -11.913076 8.204816 -12.918152
v -11.913076 8.291259 -12.918152
v -11.946667 8.204816 -12.885042
v -11.946667 8.291259 -12.885042
v -11.980554 8.204816 -12.842951
v -11.980554 8.291259 -12.842951
v -12.014774 8.204816 -12.791283
v -12.014774 8.291259 -12.791283
v -12.049365 8.204816 -12.729448
v -12.049365 8.291259 -12.729448
v -12.084364 8.204816 -12.656853
v -12.084364 8.291259 -12.656853
v -12.119808 8.204816 -12.572905
v -12.119808 8.291259 -12.572905
v -12.155735 8.204816 -12.477010
v -12.155735 8.291259 -12.477010
v -12.192181 8.204816 -12.368577
v -12.192181 8.291259 -12.368577
v -12.192181 8.204816 -13.176161
v -12.192181 8.291259 -13.176161
v -12.155673 8.204816 -13.245245
v -12.155673 8.291259 -13.245245
v -12.119536 8.204816 -13.308084
v -12.119536 8.291259 -13.308084
v -12.083696 8.204816 -13.364720
v -12.083696 8.291259 -13.364720
v -12.048079 8.204816 -13.415202
v -12.048079 8.291259 -13.415202
v -12.012610 8.204816 -13.459574
v -12.012610 8.291259 -13.459574
v -11.977216 8.204816 -13.497881
v -11.977216 8.291259 -13.497881
v -11.941820 8.204816 -13.530170
v -11.941820 8.291259 -13.530170
v -11.906351 8.204816 -13.556486
v -11.906351 8.291259 -13.556486
v -11.870734 8.204816 -13.576876
v -11.870734 8.291259 -13.576876
v -11.834894 8.204816 -13.591383
v -11.834894 8.291259 -13.591383
v -11.798758 8.204816 -13.600053
v -11.798758 8.291259 -13.600053
v -11.762250 8.204816 -13.602933
v -11.762250 8.291259 -13.602933
v -11.682323 8.204816 -13.591215
v -11.682323 8.291259 -13.591215
v -11.607059 8.204816 -13.556791
v -11.607059 8.291259 -13.556791
v -11.536896 8.204816 -13.500753
v -11.536896 8.291259 -13.500753
v -11.472267 8.204816 -13.424200
v -11.472267 8.291259 -13.424200
v -11.413610 8.204816 -13.328221
v -11.413610 8.291259 -13.328221
v -11.361361 8.204816 -13.213914
v -11.361361 8.291259 -13.213914
v -11.315952 8.204816 -13.082371
v -11.315952 8.291259 -13.082371
v -11.277824 8.204816 -12.934689
v -11.277824 8.291259 -12.934689
v -11.247410 8.204816 -12.771958
v -11.247410 8.291259 -12.771958
v -11.225146 8.204816 -12.595277
v -11.225146 8.291259 -12.595277
v -11.211468 8.204816 -12.405737
v -11.211468 8.291259 -12.405737
v -11.206812 8.204816 -12.204433
v -11.206812 8.291259 -12.204433
v -11.210199 8.204816 -12.024294
v -11.210199 8.291259 -12.024294
v -11.220559 8.204816 -11.846663
v -11.220559 8.291259 -11.846663
v -11.238189 8.204816 -11.669123
v -11.238189 8.291259 -11.669123
v -11.263384 8.204816 -11.489256
v -11.263384 8.291259 -11.489256
v -11.296442 8.204816 -11.304648
v -11.296442 8.291259 -11.304648
v -11.337660 8.204816 -11.112883
v -11.337660 8.291259 -11.112883
v -11.387335 8.204816 -10.911541
v -11.387335 8.291259 -10.911541
v -11.445761 8.204816 -10.698208
v -11.445761 8.291259 -10.698208
v -11.513237 8.204816 -10.470467
v -11.513237 8.291259 -10.470467
v -11.590060 8.204816 -10.225902
v -11.590060 8.291259 -10.225902
v -11.676526 8.204816 -9.962094
v -11.676526 8.291259 -9.962094
v -11.772932 8.204816 -9.676630
v -11.772932 8.291259 -9.676630
v -11.075964 8.204816 -9.676630
v -11.075964 8.291259 -9.676630
v -11.075964 8.204816 -9.066017
v -11.075964 8.291259 -9.066017
v -10.741589 8.204816 -13.443858
v -10.741589 8.291259 -13.443858
v -10.714399 8.204816 -13.472226
v -10.714399 8.291259 -13.472226
v -10.687174 8.204816 -13.497676
v -10.687174 8.291259 -13.497676
v -10.659781 8.204816 -13.520253
v -10.659781 8.291259 -13.520253
v -10.632091 8.204816 -13.540003
v -10.632091 8.291259 -13.540003
v -10.603974 8.204816 -13.556973
v -10.603974 8.291259 -13.556973
v -10.575302 8.204816 -13.571206
v -10.575302 8.291259 -13.571206
v -10.545943 8.204816 -13.582749
v -10.545943 8.291259 -13.582749
v -10.515769 8.204816 -13.591648
v -10.515769 8.291259 -13.591648
v -10.484649 8.204816 -13.597948
v -10.484649 8.291259 -13.597948
v -10.452453 8.204816 -13.601694
v -10.452453 8.291259 -13.601694
v -10.419051 8.204816 -13.602933
v -10.419051 8.291259 -13.602933
v -10.340053 8.204816 -13.593479
v -10.340053 8.291259 -13.593479
v -10.266172 8.204816 -13.565605
v -10.266172 8.291259 -13.565605
v -10.197743 8.204816 -13.520041
v -10.197743 8.291259 -13.520041
v -10.135101 8.204816 -13.457514
v -10.135101 8.291259 -13.457514
v -10.078578 8.204816 -13.378756
v -10.078578 8.291259 -13.378756
v -10.028509 8.204816 -13.284495
v -10.028509 8.291259 -13.284495
v -9.985227 8.204816 -13.175462
v -9.985227 8.291259 -13.175462
v -9.949065 8.204816 -13.052384
v -9.949065 8.291259 -13.052384
v -9.920359 8.204816 -12.915994
v -9.920359 8.291259 -12.915994
v -9.899441 8.204816 -12.767018
v -9.899441 8.291259 -12.767018
v -9.886644 8.204816 -12.606189
v -9.886644 8.291259 -12.606189
v -9.882305 8.204816 -12.434234
v -9.882305 8.291259 -12.434234
v -9.883715 8.204816 -12.313908
v -9.883715 8.291259 -12.313908
v -9.888018 8.204816 -12.202063
v -9.888018 8.291259 -12.202063
v -9.895324 8.204816 -12.098151
v -9.895324 8.291259 -12.098151
v -9.905746 8.204816 -12.001625
v -9.905746 8.291259 -12.001625
v -9.919394 8.204816 -11.911940
v -9.919394 8.291259 -11.911940
v -9.936380 8.204816 -11.828546
v -9.936380 8.291259 -11.828546
v -9.956816 8.204816 -11.750896
v -9.956816 8.291259 -11.750896
v -9.980812 8.204816 -11.678446
v -9.980812 8.291259 -11.678446
v -10.008480 8.204816 -11.610645
v -10.008480 8.291259 -11.610645
v -10.039932 8.204816 -11.546949
v -10.039932 8.291259 -11.546949
v -10.075277 8.204816 -11.486809
v -10.075277 8.291259 -11.486809
v -10.114628 8.204816 -11.429678
v -10.114628 8.291259 -11.429678
v -10.071333 8.204816 -11.388562
v -10.071333 8.291259 -11.388562
v -10.032192 8.204816 -11.334930
v -10.032192 8.291259 -11.334930
v -9.997131 8.204816 -11.269946
v -9.997131 8.291259 -11.269946
v -9.966076 8.204816 -11.194771
v -9.966076 8.291259 -11.194771
v -9.938951 8.204816 -11.110567
v -9.938951 8.291259 -11.110567
v -9.915686 8.204816 -11.018499
v -9.915686 8.291259 -11.018499
v -9.896201 8.204816 -10.919728
v -9.896201 8.291259 -10.919728
v -9.880426 8.204816 -10.815418
v -9.880426 8.291259 -10.815418
v -9.868286 8.204816 -10.706730
v -9.868286 8.291259 -10.706730
v -9.859707 8.204816 -10.594828
v -9.859707 8.291259 -10.594828
v -9.854612 8.204816 -10.480874
v -9.854612 8.291259 -10.480874
v -9.852932 8.204816 -10.366031
v -9.852932 8.291259 -10.366031
v -9.857801 8.204816 -10.171020
v -9.857801 8.291259 -10.171020
v -9.872093 8.204816 -9.987225
v -9.872093 8.291259 -9.987225
v -9.895323 8.204816 -9.815741
v -9.895323 8.291259 -9.815741
v -9.927010 8.204816 -9.657661
v -9.927010 8.291259 -9.657661
v -9.966669 8.204816 -9.514082
v -9.966669 8.291259 -9.514082
v -10.013821 8.204816 -9.386096
v -10.013821 8.291259 -9.386096
v -10.067983 8.204816 -9.274798
v -10.067983 8.291259 -9.274798
v -10.128672 8.204816 -9.181282
v -10.128672 8.291259 -9.181282
v -10.195407 8.204816 -9.106643
v -10.195407 8.291259 -9.106643
v -10.267705 8.204816 -9.051973
v -10.267705 8.291259 -9.051973
v -10.345084 8.204816 -9.018370
v -10.345084 8.291259 -9.018370
v -10.427062 8.204816 -9.006926
v -10.427062 8.291259 -9.006926
v -10.458548 8.204816 -9.008829
v -10.458548 8.291259 -9.008829
v -10.490236 8.204816 -9.014495
v -10.490236 8.291259 -9.014495
v -10.522111 8.204816 -9.023853
v -10.522111 8.291259 -9.023853
v -10.554152 8.204816 -9.036837
v -10.554152 8.291259 -9.036837
v -10.586342 8.204816 -9.053376
v -10.586342 8.291259 -9.053376
v -10.618662 8.204816 -9.073403
v -10.618662 8.291259 -9.073403
v -10.651093 8.204816 -9.096851
v -10.651093 8.291259 -9.096851
v -10.683617 8.204816 -9.123650
v -10.683617 8.291259 -9.123650
v -10.716214 8.204816 -9.153731
v -10.716214 8.291259 -9.153731
v -10.748867 8.204816 -9.187027
v -10.748867 8.291259 -9.187027
v -10.781557 8.204816 -9.223469
v -10.781557 8.291259 -9.223469
v -10.814266 8.204816 -9.262989
v -10.814266 8.291259 -9.262989
v -10.814266 8.204816 -9.958956
v -10.814266 8.291259 -9.958956
v -10.779659 8.204816 -9.903964
v -10.779659 8.291259 -9.903964
v -10.745257 8.204816 -9.853874
v -10.745257 8.291259 -9.853874
v -10.711040 8.204816 -9.808662
v -10.711040 8.291259 -9.808662
v -10.676990 8.204816 -9.768307
v -10.676990 8.291259 -9.768307
v -10.643087 8.204816 -9.732784
v -10.643087 8.291259 -9.732784
v -10.609316 8.204816 -9.702072
v -10.609316 8.291259 -9.702072
v -10.575654 8.204816 -9.676147
v -10.575654 8.291259 -9.676147
v -10.542086 8.204816 -9.654987
v -10.542086 8.291259 -9.654987
v -10.508592 8.204816 -9.638569
v -10.508592 8.291259 -9.638569
v -10.475154 8.204816 -9.626870
v -10.475154 8.291259 -9.626870
v -10.441752 8.204816 -9.619867
v -10.441752 8.291259 -9.619867
v -10.408370 8.204816 -9.617538
v -10.408370 8.291259 -9.617538
v -10.365005 8.204816 -9.623344
v -10.365005 8.291259 -9.623344
v -10.324488 8.204816 -9.640457
v -10.324488 8.291259 -9.640457
v -10.286993 8.204816 -9.668423
v -10.286993 8.291259 -9.668423
v -10.252697 8.204816 -9.706783
v -10.252697 8.291259 -9.706783
v -10.221775 8.204816 -9.755084
v -10.221775 8.291259 -9.755084
v -10.194407 8.204816 -9.812868
v -10.194407 8.291259 -9.812868
v -10.170764 8.204816 -9.879681
v -10.170764 8.291259 -9.879681
v -10.151025 8.204816 -9.955065
v -10.151025 8.291259 -9.955065
v -10.135365 8.204816 -10.038565
v -10.135365 8.291259 -10.038565
v -10.123962 8.204816 -10.129725
v -10.123962 8.291259 -10.129725
v -10.116991 8.204816 -10.228089
v -10.116991 8.291259 -10.228089
v -10.114628 8.204816 -10.333202
v -10.114628 8.291259 -10.333202
v -10.117353 8.204816 -10.440967
v -10.117353 8.291259 -10.440967
v -10.125521 8.204816 -10.543670
v -10.125521 8.291259 -10.543670
v -10.139121 8.204816 -10.640355
v -10.139121 8.291259 -10.640355
v -10.158146 8.204816 -10.730063
v -10.158146 8.291259 -10.730063
v -10.182586 8.204816 -10.811839
v -10.182586 8.291259 -10.811839
v -10.212431 8.204816 -10.884723
v -10.212431 8.291259 -10.884723
v -10.247673 8.204816 -10.947759
v -10.247673 8.291259 -10.947759
v -10.288301 8.204816 -10.999988
v -10.288301 8.291259 -10.999988
v -10.334309 8.204816 -11.040454
v -10.334309 8.291259 -11.040454
v -10.385684 8.204816 -11.068198
v -10.385684 8.291259 -11.068198
v -10.442418 8.204816 -11.082265
v -10.442418 8.291259 -11.082265
v -10.504503 8.204816 -11.081695
v -10.504503 8.291259 -11.081695
v -10.504503 8.204816 -11.672609
v -10.504503 8.291259 -11.672609
v -10.446923 8.204816 -11.677626
v -10.446923 8.291259 -11.677626
v -10.394350 8.204816 -11.692490
v -10.394350 8.291259 -11.692490
v -10.346784 8.204816 -11.716928
v -10.346784 8.291259 -11.716928
v -10.304225 8.204816 -11.750669
v -10.304225 8.291259 -11.750669
v -10.266673 8.204816 -11.793438
v -10.266673 8.291259 -11.793438
v -10.234127 8.204816 -11.844960
v -10.234127 8.291259 -11.844960
v -10.206589 8.204816 -11.904963
v -10.206589 8.291259 -11.904963
v -10.184058 8.204816 -11.973174
v -10.184058 8.291259 -11.973174
v -10.166533 8.204816 -12.049318
v -10.166533 8.291259 -12.049318
v -10.154016 8.204816 -12.133122
v -10.154016 8.291259 -12.133122
v -10.146505 8.204816 -12.224314
v -10.146505 8.291259 -12.224314
v -10.144002 8.204816 -12.322617
v -10.144002 8.291259 -12.322617
v -10.146530 8.204816 -12.422687
v -10.146530 8.291259 -12.422687
v -10.153992 8.204816 -12.515849
v -10.153992 8.291259 -12.515849
v -10.166200 8.204816 -12.601763
v -10.166200 8.291259 -12.601763
v -10.182970 8.204816 -12.680083
v -10.182970 8.291259 -12.680083
v -10.204117 8.204816 -12.750471
v -10.204117 8.291259 -12.750471
v -10.229454 8.204816 -12.812584
v -10.229454 8.291259 -12.812584
v -10.258798 8.204816 -12.866078
v -10.258798 8.291259 -12.866078
v -10.291961 8.204816 -12.910614
v -10.291961 8.291259 -12.910614
v -10.328759 8.204816 -12.945848
v -10.328759 8.291259 -12.945848
v -10.369006 8.204816 -12.971437
v -10.369006 8.291259 -12.971437
v -10.412518 8.204816 -12.987043
v -10.412518 8.291259 -12.987043
v -10.459106 8.204816 -12.992321
v -10.459106 8.291259 -12.992321
v -10.483561 8.204816 -12.991207
v -10.483561 8.291259 -12.991207
v -10.507643 8.204816 -12.987791
v -10.507643 8.291259 -12.987791
v -10.531540 8.204816 -12.981959
v -10.531540 8.291259 -12.981959
v -10.555437 8.204816 -12.973597
v -10.555437 8.291259 -12.973597
v -10.579520 8.204816 -12.962589
v -10.579520 8.291259 -12.962589
v -10.603974 8.204816 -12.948823
v -10.603974 8.291259 -12.948823
v -10.628984 8.204816 -12.932184
v -10.628984 8.291259 -12.932184
v -10.654737 8.204816 -12.912560
v -10.654737 8.291259 -12.912560
v -10.681416 8.204816 -12.889833
v -10.681416 8.291259 -12.889833
v -10.709208 8.204816 -12.863894
v -10.709208 8.291259 -12.863894
v -10.738297 8.204816 -12.834625
v -10.738297 8.291259 -12.834625
v -10.768870 8.204816 -12.801914
v -10.768870 8.291259 -12.801914
v -10.768870 8.204816 -13.412527
v -10.768870 8.291259 -13.412527
vn -0.0000 1.0000 -0.0000
vn -0.0000 -1.0000 -0.0000
vn -0.8459 -0.0000 0.5334
vn 0.8513 -0.0000 0.5247
vn -0.9658 -0.0000 0.2594
vn -0.8514 -0.0000 -0.5245
vn 0.8476 -0.0000 -0.5306
vn 0.9668 -0.0000 0.2555
vn -0.9669 -0.0000 -0.2553
vn 0.0336 -0.0000 0.9994
vn 0.9649 -0.0000 -0.2625
vn -0.9263 -0.0000 0.3767
vn -0.9895 -0.0000 -0.1446
vn -0.9481 -0.0000 -0.3180
vn -0.9484 -0.0000 -0.3171
vn -0.9491 -0.0000 -0.3150
vn -0.9502 -0.0000 -0.3117
vn -0.9516 -0.0000 -0.3073
vn -0.9534 -0.0000 -0.3016
vn -0.9556 -0.0000 -0.2947
vn -0.9581 -0.0000 -0.2863
vn -0.9611 -0.0000 -0.2762
vn -0.9645 -0.0000 -0.2639
vn -0.9685 -0.0000 -0.2491
vn -0.9722 -0.0000 -0.2343
vn -0.9746 -0.0000 -0.2239
vn -0.9767 -0.0000 -0.2146
vn -0.9794 -0.0000 -0.2017
vn -0.9827 -0.0000 -0.1852
vn -0.9862 -0.0000 -0.1653
vn -0.9898 -0.0000 -0.1427
vn -0.9930 -0.0000 -0.1182
vn -0.9957 -0.0000 -0.0927
vn -0.9977 -0.0000 -0.0673
vn -0.9991 -0.0000 -0.0430
vn -0.9998 -0.0000 -0.0205
vn -1.0000 -0.0000 0.0065
vn -0.9989 -0.0000 0.0464
vn -0.9954 -0.0000 0.0956
vn -0.9889 -0.0000 0.1488
vn -0.9782 -0.0000 0.2077
vn -0.9617 -0.0000 0.2743
vn -0.9362 -0.0000 0.3515
vn -0.8965 -0.0000 0.4431
vn -0.8333 -0.0000 0.5529
vn -0.7305 -0.0000 0.6829
vn -0.5646 -0.0000 0.8254
vn -0.3150 -0.0000 0.9491
vn -0.0340 -0.0000 0.9994
vn 0.1911 -0.0000 0.9816
vn 0.3733 -0.0000 0.9277
vn 0.5301 -0.0000 0.8479
vn 0.6528 -0.0000 0.7575
vn 0.7434 -0.0000 0.6689
vn 0.8083 -0.0000 0.5888
vn 0.8545 -0.0000 0.5194
vn 0.8876 -0.0000 0.4606
vn 0.9116 -0.0000 0.4112
vn 0.9292 -0.0000 0.3696
vn 0.9424 -0.0000 0.3345
vn -0.6625 -0.0000 0.7490
vn -0.9805 -0.0000 -0.1963
vn -0.8758 -0.0000 -0.4827
vn -0.8564 -0.0000 -0.5164
vn -0.8316 -0.0000 -0.5553
vn -0.7999 -0.0000 -0.6001
vn -0.7589 -0.0000 -0.6512
vn -0.7058 -0.0000 -0.7084
vn -0.6369 -0.0000 -0.7709
vn -0.5488 -0.0000 -0.8360
vn -0.4386 -0.0000 -0.8987
vn -0.3065 -0.0000 -0.9519
vn -0.1573 -0.0000 -0.9876
vn 0.0338 -0.0000 -0.9994
vn 0.2881 -0.0000 -0.9576
vn 0.5301 -0.0000 -0.8479
vn 0.7022 -0.0000 -0.7119
vn 0.8140 -0.0000 -0.5808
vn 0.8846 -0.0000 -0.4663
vn 0.9293 -0.0000 -0.3692
vn 0.9580 -0.0000 -0.2869
vn 0.9764 -0.0000 -0.2160
vn 0.9881 -0.0000 -0.1538
vn 0.9952 -0.0000 -0.0982
vn 0.9989 -0.0000 -0.0474
vn 1.0000 -0.0000 -0.0022
vn 0.9993 -0.0000 0.0384
vn 0.9969 -0.0000 0.0784
vn 0.9929 -0.0000 0.1186
vn 0.9876 -0.0000 0.1573
vn 0.9812 -0.0000 0.1930
vn 0.9744 -0.0000 0.2247
vn 0.9678 -0.0000 0.2517
vn 0.9617 -0.0000 0.2740
vn 0.9565 -0.0000 0.2918
vn 0.9522 -0.0000 0.3055
vn 0.9489 -0.0000 0.3157
vn 0.9823 -0.0000 -0.1875
vn 0.9263 -0.0000 -0.3767
vn 0.9263 -0.0000 0.3767
vn -0.7386 -0.0000 -0.6742
vn -0.7031 -0.0000 -0.7111
vn -0.6602 -0.0000 -0.7511
vn -0.6093 -0.0000 -0.7929
vn -0.5497 -0.0000 -0.8353
vn -0.4817 -0.0000 -0.8763
vn -0.4063 -0.0000 -0.9138
vn -0.3252 -0.0000 -0.9456
vn -0.2412 -0.0000 -0.9705
vn -0.1574 -0.0000 -0.9875
vn -0.0765 -0.0000 -0.9971
vn 0.0412 -0.0000 -0.9992
vn 0.2405 -0.0000 -0.9706
vn 0.4613 -0.0000 -0.8873
vn 0.6380 -0.0000 -0.7700
vn 0.7655 -0.0000 -0.6435
vn 0.8519 -0.0000 -0.5237
vn 0.9090 -0.0000 -0.4169
vn 0.9461 -0.0000 -0.3237
vn 0.9701 -0.0000 -0.2428
vn 0.9851 -0.0000 -0.1718
vn 0.9941 -0.0000 -0.1088
vn 0.9986 -0.0000 -0.0521
vn 1.0000 -0.0000 -0.0067
vn 0.9997 -0.0000 0.0251
vn 0.9985 -0.0000 0.0542
vn 0.9961 -0.0000 0.0886
vn 0.9917 -0.0000 0.1286
vn 0.9846 -0.0000 0.1746
vn 0.9740 -0.0000 0.2265
vn 0.9589 -0.0000 0.2837
vn 0.9385 -0.0000 0.3452
vn 0.9124 -0.0000 0.4094
vn 0.8806 -0.0000 0.4739
vn 0.8440 -0.0000 0.5363
vn 0.9994 -0.0000 -0.0336
vn 0.7555 -0.0000 -0.6552
vn 0.8481 -0.0000 -0.5298
vn 0.9045 -0.0000 -0.4265
vn 0.9394 -0.0000 -0.3430
vn 0.9614 -0.0000 -0.2750
vn 0.9758 -0.0000 -0.2188
vn 0.9852 -0.0000 -0.1712
vn 0.9915 -0.0000 -0.1301
vn 0.9956 -0.0000 -0.0936
vn 0.9982 -0.0000 -0.0605
vn 0.9996 -0.0000 -0.0296
vn 1.0000 -0.0000 0.0052
vn 0.9987 -0.0000 0.0511
vn 0.9944 -0.0000 0.1055
vn 0.9863 -0.0000 0.1648
vn 0.9731 -0.0000 0.2304
vn 0.9525 -0.0000 0.3046
vn 0.9209 -0.0000 0.3898
vn 0.8724 -0.0000 0.4887
vn 0.7976 -0.0000 0.6032
vn 0.6821 -0.0000 0.7312
vn 0.5099 -0.0000 0.8602
vn 0.2749 -0.0000 0.9615
vn 0.0395 -0.0000 0.9992
vn -0.1187 -0.0000 0.9929
vn -0.2297 -0.0000 0.9733
vn -0.3297 -0.0000 0.9441
vn -0.4174 -0.0000 0.9087
vn -0.4929 -0.0000 0.8701
vn -0.5572 -0.0000 0.8304
vn -0.6117 -0.0000 0.7911
vn -0.6577 -0.0000 0.7533
vn -0.6966 -0.0000 0.7175
vn -0.7296 -0.0000 0.6839
vn -0.7577 -0.0000 0.6526
vn -0.9694 -0.0000 0.2456
vn -0.8011 -0.0000 -0.5985
vn 0.8357 -0.0000 -0.5492
vn 0.8113 -0.0000 -0.5846
vn 0.7815 -0.0000 -0.6239
vn 0.7447 -0.0000 -0.6674
vn 0.6992 -0.0000 -0.7150
vn 0.6428 -0.0000 -0.7660
vn 0.5733 -0.0000 -0.8193
vn 0.4885 -0.0000 -0.8726
vn 0.3870 -0.0000 -0.9221
vn 0.2692 -0.0000 -0.9631
vn 0.1383 -0.0000 -0.9904
vn -0.0320 -0.0000 -0.9995
vn -0.2671 -0.0000 -0.9637
vn -0.5028 -0.0000 -0.8644
vn -0.6800 -0.0000 -0.7332
vn -0.7997 -0.0000 -0.6004
vn -0.8766 -0.0000 -0.4811
vn -0.9255 -0.0000 -0.3789
vn -0.9564 -0.0000 -0.2920
vn -0.9760 -0.0000 -0.2179
vn -0.9881 -0.0000 -0.1537
vn -0.9953 -0.0000 -0.0971
vn -0.9989 -0.0000 -0.0465
vn -1.0000 -0.0000 0.0014
vn -0.9986 -0.0000 0.0521
vn -0.9941 -0.0000 0.1089
vn -0.9850 -0.0000 0.1726
vn -0.9437 -0.0000 0.3307
vn -0.9024 -0.0000 0.4309
vn -0.8363 -0.0000 0.5482
vn -0.7326 -0.0000 0.6806
vn -0.5771 -0.0000 0.8167
vn -0.3655 -0.0000 0.9308
vn -0.1182 -0.0000 0.9930
vn -0.9258 -0.0000 0.3780
vn -0.9308 -0.0000 -0.3654
vn -0.1816 -0.0000 -0.9834
vn -0.3693 -0.0000 -0.9293
vn -0.5458 -0.0000 -0.8379
vn -0.6932 -0.0000 -0.7208
vn -0.8041 -0.0000 -0.5945
vn -0.8812 -0.0000 -0.4728
vn -0.9318 -0.0000 -0.3630
vn -0.9636 -0.0000 -0.2673
vn -0.9827 -0.0000 -0.1850
vn -0.9934 -0.0000 -0.1144
vn -0.9986 -0.0000 -0.0536
vn -1.0000 -0.0000 -0.0001
vn -0.9986 -0.0000 0.0524
vn -0.9940 -0.0000 0.1098
vn -0.9847 -0.0000 0.1742
vn -0.9689 -0.0000 0.2473
vn -0.9437 -0.0000 0.3309
vn -0.9042 -0.0000 0.4270
vn -0.8438 -0.0000 0.5366
vn -0.7530 -0.0000 0.6580
vn -0.6216 -0.0000 0.7833
vn -0.4441 -0.0000 0.8960
vn -0.2291 -0.0000 0.9734
vn -0.0338 -0.0000 0.9994
vn 0.0932 -0.0000 0.9956
vn 0.1894 -0.0000 0.9819
vn 0.2846 -0.0000 0.9586
vn 0.3740 -0.0000 0.9274
vn 0.4542 -0.0000 0.8909
vn 0.5232 -0.0000 0.8522
vn 0.5808 -0.0000 0.8141
vn 0.6279 -0.0000 0.7783
vn 0.6658 -0.0000 0.7461
vn 0.6961 -0.0000 0.7179
vn 0.7201 -0.0000 0.6938
vn -0.8497 -0.0000 0.5273
vn -0.9681 -0.0000 -0.2507
vt 0.068493 0.000000
vt 0.082192 0.000000
vt 0.075342 0.000000
vt 0.061644 0.000000
vt 0.054795 0.000000
vt 0.089041 0.000000
vt 0.047945 0.000000
vt 0.041096 0.000000
vt 0.034247 0.000000
vt 0.095890 0.000000
vt 0.027397 0.000000
vt 0.020548 0.000000
vt 0.013699 0.000000
vt 0.102740 0.000000
vt 0.006849 0.000000
vt 0.000000 0.000000
vt 0.109589 0.000000
vt 1.000000 0.000000
vt 0.993151 0.000000
vt 0.986301 0.000000
vt 0.979452 0.000000
vt 0.972603 0.000000
vt 0.965753 0.000000
vt 0.958904 0.000000
vt 0.952055 0.000000
vt 0.116438 0.000000
vt 0.945205 0.000000
vt 0.938356 0.000000
vt 0.123288 0.000000
vt 0.931507 0.000000
vt 0.924658 0.000000
vt 0.917808 0.000000
vt 0.130137 0.000000
vt 0.910959 0.000000
vt 0.904110 0.000000
vt 0.136986 0.000000
vt 0.897260 0.000000
vt 0.890411 0.000000
vt 0.883562 0.000000
vt 0.143836 0.000000
vt 0.876712 0.000000
vt 0.869863 0.000000
vt 0.863014 0.000000
vt 0.150685 0.000000
vt 0.856164 0.000000
vt 0.849315 0.000000
vt 0.157534 0.000000
vt 0.842466 0.000000
vt 0.835616 0.000000
vt 0.164384 0.000000
vt 0.828767 0.000000
vt 0.821918 0.000000
vt 0.171233 0.000000
vt 0.815068 0.000000
vt 0.178082 0.000000
vt 0.808219 0.000000
vt 0.184932 0.000000
vt 0.801370 0.000000
vt 0.191781 0.000000
vt 0.794521 0.000000
vt 0.198630 0.000000
vt 0.787671 0.000000
vt 0.780822 0.000000
vt 0.205479 0.000000
vt 0.773973 0.000000
vt 0.212329 0.000000
vt 0.767123 0.000000
vt 0.760274 0.000000
vt 0.753425 0.000000
vt 0.219178 0.000000
vt 0.746575 0.000000
vt 0.739726 0.000000
vt 0.226027 0.000000
vt 0.232877 0.000000
vt 0.239726 0.000000
vt 0.246575 0.000000
vt 0.253425 0.000000
vt 0.260274 0.000000
vt 0.267123 0.000000
vt 0.273973 0.000000
vt 0.732877 0.000000
vt 0.280822 0.000000
vt 0.726027 0.000000
vt 0.719178 0.000000
vt 0.712329 0.000000
vt 0.287671 0.000000
vt 0.705479 0.000000
vt 0.698630 0.000000
vt 0.294521 0.000000
vt 0.691781 0.000000
vt 0.301370 0.000000
vt 0.684932 0.000000
vt 0.678082 0.000000
vt 0.308219 0.000000
vt 0.671233 0.000000
vt 0.315068 0.000000
vt 0.664384 0.000000
vt 0.321918 0.000000
vt 0.657534 0.000000
vt 0.328767 0.000000
vt 0.650685 0.000000
vt 0.643836 0.000000
vt 0.335616 0.000000
vt 0.636986 0.000000
vt 0.630137 0.000000
vt 0.342466 0.000000
vt 0.486301 0.000000
vt 0.500000 0.000000
vt 0.493151 0.000000
vt 0.623288 0.000000
vt 0.506849 0.000000
vt 0.616438 0.000000
vt 0.513699 0.000000
vt 0.349315 0.000000
vt 0.609589 0.000000
vt 0.520548 0.000000
vt 0.527397 0.000000
vt 0.602740 0.000000
vt 0.534247 0.000000
vt 0.595890 0.000000
vt 0.541096 0.000000
vt 0.547945 0.000000
vt 0.589041 0.000000
vt 0.356164 0.000000
vt 0.554795 0.000000
vt 0.582192 0.000000
vt 0.561644 0.000000
vt 0.568493 0.000000
vt 0.575342 0.000000
vt 0.363014 0.000000
vt 0.369863 0.000000
vt 0.376712 0.000000
vt 0.479452 0.000000
vt 0.472603 0.000000
vt 0.465753 0.000000
vt 0.383562 0.000000
vt 0.458904 0.000000
vt 0.452055 0.000000
vt 0.390411 0.000000
vt 0.445205 0.000000
vt 0.438356 0.000000
vt 0.431507 0.000000
vt 0.397260 0.000000
vt 0.424658 0.000000
vt 0.417808 0.000000
vt 0.404110 0.000000
vt 0.410959 0.000000
vt 0.693182 0.000000
vt 0.715909 0.000000
vt 0.704545 0.000000
vt 0.681818 0.000000
vt 0.670455 0.000000
vt 0.727273 0.000000
vt 0.659091 0.000000
vt 0.738636 0.000000
vt 0.647727 0.000000
vt 0.636364 0.000000
vt 0.750000 0.000000
vt 0.625000 0.000000
vt 0.613636 0.000000
vt 0.761364 0.000000
vt 0.602273 0.000000
vt 0.590909 0.000000
vt 0.772727 0.000000
vt 0.579545 0.000000
vt 0.568182 0.000000
vt 0.784091 0.000000
vt 0.556818 0.000000
vt 0.545455 0.000000
vt 0.534091 0.000000
vt 0.522727 0.000000
vt 0.511364 0.000000
vt 0.488636 0.000000
vt 0.477273 0.000000
vt 0.465909 0.000000
vt 0.454545 0.000000
vt 0.443182 0.000000
vt 0.431818 0.000000
vt 0.420455 0.000000
vt 0.795455 0.000000
vt 0.409091 0.000000
vt 0.397727 0.000000
vt 0.386364 0.000000
vt 0.806818 0.000000
vt 0.375000 0.000000
vt 0.363636 0.000000
vt 0.352273 0.000000
vt 0.818182 0.000000
vt 0.340909 0.000000
vt 0.329545 0.000000
vt 0.829545 0.000000
vt 0.318182 0.000000
vt 0.306818 0.000000
vt 0.840909 0.000000
vt 0.295455 0.000000
vt 0.284091 0.000000
vt 0.852273 0.000000
vt 0.272727 0.000000
vt 0.261364 0.000000
vt 0.863636 0.000000
vt 0.250000 0.000000
vt 0.238636 0.000000
vt 0.875000 0.000000
vt 0.227273 0.000000
vt 0.215909 0.000000
vt 0.886364 0.000000
vt 0.204545 0.000000
vt 0.193182 0.000000
vt 0.181818 0.000000
vt 0.897727 0.000000
vt 0.170455 0.000000
vt 0.159091 0.000000
vt 0.909091 0.000000
vt 0.147727 0.000000
vt 0.136364 0.000000
vt 0.920455 0.000000
vt 0.125000 0.000000
vt 0.931818 0.000000
vt 0.113636 0.000000
vt 0.943182 0.000000
vt 0.102273 0.000000
vt 0.090909 0.000000
vt 0.954545 0.000000
vt 0.079545 0.000000
vt 0.965909 0.000000
vt 0.068182 0.000000
vt 0.977273 0.000000
vt 0.056818 0.000000
vt 0.045455 0.000000
vt 0.988636 0.000000
vt 0.034091 0.000000
vt 0.022727 0.000000
vt 0.011364 0.000000
vt 0.400000 0.000000
vt 0.600000 0.000000
vt 0.900000 0.000000
vt 0.700000 0.000000
vt 0.800000 0.000000
vt 0.200000 0.000000
vt 0.100000 0.000000
vt 0.300000 0.000000
vt 0.000000 1.000000
vt 0.125000 1.000000
vt 0.250000 1.000000
vt 0.375000 1.000000
vt 0.500000 1.000000
vt 0.625000 1.000000
vt 0.750000 1.000000
vt 0.875000 1.000000
vt 1.000000 1.000000
vt 0.333333 1.000000
vt 0.333333 0.000000
vt 0.666667 1.000000
vt 0.666667 0.000000
vt 0.011236 1.000000
vt 0.011236 0.000000
vt 0.022472 1.000000
vt 0.022472 0.000000
vt 0.033708 1.000000
vt 0.033708 0.000000
vt 0.044944 1.000000
vt 0.044944 0.000000
vt 0.056180 1.000000
vt 0.056180 0.000000
vt 0.067416 1.000000
vt 0.067416 0.000000
vt 0.078652 1.000000
vt 0.078652 0.000000
vt 0.089888 1.000000
vt 0.089888 0.000000
vt 0.101124 1.000000
vt 0.101124 0.000000
vt 0.112360 1.000000
vt 0.112360 0.000000
vt 0.123596 1.000000
vt 0.123596 0.000000
vt 0.134831 1.000000
vt 0.134831 0.000000
vt 0.146067 1.000000
vt 0.146067 0.000000
vt 0.157303 1.000000
vt 0.157303 0.000000
vt 0.168539 1.000000
vt 0.168539 0.000000
vt 0.179775 1.000000
vt 0.179775 0.000000
vt 0.191011 1.000000
vt 0.191011 0.000000
vt 0.202247 1.000000
vt 0.202247 0.000000
vt 0.213483 1.000000
vt 0.213483 0.000000
vt 0.224719 1.000000
vt 0.224719 0.000000
vt 0.235955 1.000000
vt 0.235955 0.000000
vt 0.247191 1.000000
vt 0.247191 0.000000
vt 0.258427 1.000000
vt 0.258427 0.000000
vt 0.269663 1.000000
vt 0.269663 0.000000
vt 0.280899 1.000000
vt 0.280899 0.000000
vt 0.292135 1.000000
vt 0.292135 0.000000
vt 0.303371 1.000000
vt 0.303371 0.000000
vt 0.314607 1.000000
vt 0.314607 0.000000
vt 0.325843 1.000000
vt 0.325843 0.000000
vt 0.337079 1.000000
vt 0.337079 0.000000
vt 0.348315 1.000000
vt 0.348315 0.000000
vt 0.359551 1.000000
vt 0.359551 0.000000
vt 0.370787 1.000000
vt 0.370787 0.000000
vt 0.382022 1.000000
vt 0.382022 0.000000
vt 0.393258 1.000000
vt 0.393258 0.000000
vt 0.404494 1.000000
vt 0.404494 0.000000
vt 0.415730 1.000000
vt 0.415730 0.000000
vt 0.426966 1.000000
vt 0.426966 0.000000
vt 0.438202 1.000000
vt 0.438202 0.000000
vt 0.449438 1.000000
vt 0.449438 0.000000
vt 0.460674 1.000000
vt 0.460674 0.000000
vt 0.471910 1.000000
vt 0.471910 0.000000
vt 0.483146 1.000000
vt 0.483146 0.000000
vt 0.494382 1.000000
vt 0.494382 0.000000
vt 0.505618 1.000000
vt 0.505618 0.000000
vt 0.516854 1.000000
vt 0.516854 0.000000
vt 0.528090 1.000000
vt 0.528090 0.000000
vt 0.539326 1.000000
vt 0.539326 0.000000
vt 0.550562 1.000000
vt 0.550562 0.000000
vt 0.561798 1.000000
vt 0.561798 0.000000
vt 0.573034 1.000000
vt 0.573034 0.000000
vt 0.584270 1.000000
vt 0.584270 0.000000
vt 0.595506 1.000000
vt 0.595506 0.000000
vt 0.606742 1.000000
vt 0.606742 0.000000
vt 0.617977 1.000000
vt 0.617977 0.000000
vt 0.629214 1.000000
vt 0.629214 0.000000
vt 0.640449 1.000000
vt 0.640449 0.000000
vt 0.651685 1.000000
vt 0.651685 0.000000
vt 0.662921 1.000000
vt 0.662921 0.000000
vt 0.674157 1.000000
vt 0.674157 0.000000
vt 0.685393 1.000000
vt 0.685393 0.000000
vt 0.696629 1.000000
vt 0.696629 0.000000
vt 0.707865 1.000000
vt 0.707865 0.000000
vt 0.719101 1.000000
vt 0.719101 0.000000
vt 0.730337 1.000000
vt 0.730337 0.000000
vt 0.741573 1.000000
vt 0.741573 0.000000
vt 0.752809 1.000000
vt 0.752809 0.000000
vt 0.764045 1.000000
vt 0.764045 0.000000
vt 0.775281 1.000000
vt 0.775281 0.000000
vt 0.786517 1.000000
vt 0.786517 0.000000
vt 0.797753 1.000000
vt 0.797753 0.000000
vt 0.808989 1.000000
vt 0.808989 0.000000
vt 0.820225 1.000000
vt 0.820225 0.000000
vt 0.831461 1.000000
vt 0.831461 0.000000
vt 0.842697 1.000000
vt 0.842697 0.000000
vt 0.853933 1.000000
vt 0.853933 0.000000
vt 0.865169 1.000000
vt 0.865169 0.000000
vt 0.876405 1.000000
vt 0.876405 0.000000
vt 0.887640 1.000000
vt 0.887640 0.000000
vt 0.898876 1.000000
vt 0.898876 0.000000
vt 0.910112 1.000000
vt 0.910112 0.000000
vt 0.921348 1.000000
vt 0.921348 0.000000
vt 0.932584 1.000000
vt 0.932584 0.000000
vt 0.943820 1.000000
vt 0.943820 0.000000
vt 0.955056 1.000000
vt 0.955056 0.000000
vt 0.966292 1.000000
vt 0.966292 0.000000
vt 0.977528 1.000000
vt 0.977528 0.000000
vt 0.988764 1.000000
vt 0.988764 0.000000
vt 0.006803 1.000000
vt 0.006803 0.000000
vt 0.013605 1.000000
vt 0.013605 0.000000
vt 0.020408 1.000000
vt 0.020408 0.000000
vt 0.027211 1.000000
vt 0.027211 0.000000
vt 0.034014 1.000000
vt 0.034014 0.000000
vt 0.040816 1.000000
vt 0.040816 0.000000
vt 0.047619 1.000000
vt 0.047619 0.000000
vt 0.054422 1.000000
vt 0.054422 0.000000
vt 0.061224 1.000000
vt 0.061224 0.000000
vt 0.068027 1.000000
vt 0.068027 0.000000
vt 0.074830 1.000000
vt 0.074830 0.000000
vt 0.081633 1.000000
vt 0.081633 0.000000
vt 0.088435 1.000000
vt 0.088435 0.000000
vt 0.095238 1.000000
vt 0.095238 0.000000
vt 0.102041 1.000000
vt 0.102041 0.000000
vt 0.108844 1.000000
vt 0.108844 0.000000
vt 0.115646 1.000000
vt 0.115646 0.000000
vt 0.122449 1.000000
vt 0.122449 0.000000
vt 0.129252 1.000000
vt 0.129252 0.000000
vt 0.136054 1.000000
vt 0.136054 0.000000
vt 0.142857 1.000000
vt 0.142857 0.000000
vt 0.149660 1.000000
vt 0.149660 0.000000
vt 0.156463 1.000000
vt 0.156463 0.000000
vt 0.163265 1.000000
vt 0.163265 0.000000
vt 0.170068 1.000000
vt 0.170068 0.000000
vt 0.176871 1.000000
vt 0.176871 0.000000
vt 0.183673 1.000000
vt 0.183673 0.000000
vt 0.190476 1.000000
vt 0.190476 0.000000
vt 0.197279 1.000000
vt 0.197279 0.000000
vt 0.204082 1.000000
vt 0.204082 0.000000
vt 0.210884 1.000000
vt 0.210884 0.000000
vt 0.217687 1.000000
vt 0.217687 0.000000
vt 0.224490 1.000000
vt 0.224490 0.000000
vt 0.231293 1.000000
vt 0.231293 0.000000
vt 0.238095 1.000000
vt 0.238095 0.000000
vt 0.244898 1.000000
vt 0.244898 0.000000
vt 0.251701 1.000000
vt 0.251701 0.000000
vt 0.258503 1.000000
vt 0.258503 0.000000
vt 0.265306 1.000000
vt 0.265306 0.000000
vt 0.272109 1.000000
vt 0.272109 0.000000
vt 0.278912 1.000000
vt 0.278912 0.000000
vt 0.285714 1.000000
vt 0.285714 0.000000
vt 0.292517 1.000000
vt 0.292517 0.000000
vt 0.299320 1.000000
vt 0.299320 0.000000
vt 0.306122 1.000000
vt 0.306122 0.000000
vt 0.312925 1.000000
vt 0.312925 0.000000
vt 0.319728 1.000000
vt 0.319728 0.000000
vt 0.326531 1.000000
vt 0.326531 0.000000
vt 0.340136 1.000000
vt 0.340136 0.000000
vt 0.346939 1.000000
vt 0.346939 0.000000
vt 0.353741 1.000000
vt 0.353741 0.000000
vt 0.360544 1.000000
vt 0.360544 0.000000
vt 0.367347 1.000000
vt 0.367347 0.000000
vt 0.374150 1.000000
vt 0.374150 0.000000
vt 0.380952 1.000000
vt 0.380952 0.000000
vt 0.387755 1.000000
vt 0.387755 0.000000
vt 0.394558 1.000000
vt 0.394558 0.000000
vt 0.401361 1.000000
vt 0.401361 0.000000
vt 0.408163 1.000000
vt 0.408163 0.000000
vt 0.414966 1.000000
vt 0.414966 0.000000
vt 0.421769 1.000000
vt 0.421769 0.000000
vt 0.428571 1.000000
vt 0.428571 0.000000
vt 0.435374 1.000000
vt 0.435374 0.000000
vt 0.442177 1.000000
vt 0.442177 0.000000
vt 0.448980 1.000000
vt 0.448980 0.000000
vt 0.455782 1.000000
vt 0.455782 0.000000
vt 0.462585 1.000000
vt 0.462585 0.000000
vt 0.469388 1.000000
vt 0.469388 0.000000
vt 0.476190 1.000000
vt 0.476190 0.000000
vt 0.482993 1.000000
vt 0.482993 0.000000
vt 0.489796 1.000000
vt 0.489796 0.000000
vt 0.496599 1.000000
vt 0.496599 0.000000
vt 0.503401 1.000000
vt 0.503401 0.000000
vt 0.510204 1.000000
vt 0.510204 0.000000
vt 0.517007 1.000000
vt 0.517007 0.000000
vt 0.523810 1.000000
vt 0.523810 0.000000
vt 0.530612 1.000000
vt 0.530612 0.000000
vt 0.537415 1.000000
vt 0.537415 0.000000
vt 0.544218 1.000000
vt 0.544218 0.000000
vt 0.551020 1.000000
vt 0.551020 0.000000
vt 0.557823 1.000000
vt 0.557823 0.000000
vt 0.564626 1.000000
vt 0.564626 0.000000
vt 0.571429 1.000000
vt 0.571429 0.000000
vt 0.578231 1.000000
vt 0.578231 0.000000
vt 0.585034 1.000000
vt 0.585034 0.000000
vt 0.591837 1.000000
vt 0.591837 0.000000
vt 0.598639 1.000000
vt 0.598639 0.000000
vt 0.605442 1.000000
vt 0.605442 0.000000
vt 0.612245 1.000000
vt 0.612245 0.000000
vt 0.619048 1.000000
vt 0.619048 0.000000
vt 0.625850 1.000000
vt 0.625850 0.000000
vt 0.632653 1.000000
vt 0.632653 0.000000
vt 0.639456 1.000000
vt 0.639456 0.000000
vt 0.646259 1.000000
vt 0.646259 0.000000
vt 0.653061 1.000000
vt 0.653061 0.000000
vt 0.659864 1.000000
vt 0.659864 0.000000
vt 0.673469 1.000000
vt 0.673469 0.000000
vt 0.680272 1.000000
vt 0.680272 0.000000
vt 0.687075 1.000000
vt 0.687075 0.000000
vt 0.693878 1.000000
vt 0.693878 0.000000
vt 0.700680 1.000000
vt 0.700680 0.000000
vt 0.707483 1.000000
vt 0.707483 0.000000
vt 0.714286 1.000000
vt 0.714286 0.000000
vt 0.721088 1.000000
vt 0.721088 0.000000
vt 0.727891 1.000000
vt 0.727891 0.000000
vt 0.734694 1.000000
vt 0.734694 0.000000
vt 0.741497 1.000000
vt 0.741497 0.000000
vt 0.748299 1.000000
vt 0.748299 0.000000
vt 0.755102 1.000000
vt 0.755102 0.000000
vt 0.761905 1.000000
vt 0.761905 0.000000
vt 0.768707 1.000000
vt 0.768707 0.000000
vt 0.775510 1.000000
vt 0.775510 0.000000
vt 0.782313 1.000000
vt 0.782313 0.000000
vt 0.789116 1.000000
vt 0.789116 0.000000
vt 0.795918 1.000000
vt 0.795918 0.000000
vt 0.802721 1.000000
vt 0.802721 0.000000
vt 0.809524 1.000000
vt 0.809524 0.000000
vt 0.816327 1.000000
vt 0.816327 0.000000
vt 0.823129 1.000000
vt 0.823129 0.000000
vt 0.829932 1.000000
vt 0.829932 0.000000
vt 0.836735 1.000000
vt 0.836735 0.000000
vt 0.843537 1.000000
vt 0.843537 0.000000
vt 0.850340 1.000000
vt 0.850340 0.000000
vt 0.857143 1.000000
vt 0.857143 0.000000
vt 0.863946 1.000000
vt 0.863946 0.000000
vt 0.870748 1.000000
vt 0.870748 0.000000
vt 0.877551 1.000000
vt 0.877551 0.000000
vt 0.884354 1.000000
vt 0.884354 0.000000
vt 0.891156 1.000000
vt 0.891156 0.000000
vt 0.897959 1.000000
vt 0.897959 0.000000
vt 0.904762 1.000000
vt 0.904762 0.000000
vt 0.911565 1.000000
vt 0.911565 0.000000
vt 0.918367 1.000000
vt 0.918367 0.000000
vt 0.925170 1.000000
vt 0.925170 0.000000
vt 0.931973 1.000000
vt 0.931973 0.000000
vt 0.938776 1.000000
vt 0.938776 0.000000
vt 0.945578 1.000000
vt 0.945578 0.000000
vt 0.952381 1.000000
vt 0.952381 0.000000
vt 0.959184 1.000000
vt 0.959184 0.000000
vt 0.965986 1.000000
vt 0.965986 0.000000
vt 0.972789 1.000000
vt 0.972789 0.000000
vt 0.979592 1.000000
vt 0.979592 0.000000
vt 0.986395 1.000000
vt 0.986395 0.000000
vt 0.993197 1.000000
vt 0.993197 0.000000
s 0
usemtl A23_name
f 11/1/1 13/2/1 12/3/1
f 10/4/1 13/2/1 11/1/1
f 9/5/1 13/2/1 10/4/1
f 9/5/1 14/6/1 13/2/1
f 8/7/1 14/6/1 9/5/1
f 7/8/1 14/6/1 8/7/1
f 6/9/1 14/6/1 7/8/1
f 6/9/1 15/10/1 14/6/1
f 5/11/1 15/10/1 6/9/1
f 4/12/1 15/10/1 5/11/1
f 3/13/1 15/10/1 4/12/1
f 3/13/1 16/14/1 15/10/1
f 2/15/1 16/14/1 3/13/1
f 1/16/1 16/14/1 2/15/1
f 1/16/1 17/17/1 16/14/1
f 147/18/1 17/17/1 1/16/1
f 146/19/1 145/20/1 147/18/1
f 145/20/1 144/21/1 147/18/1
f 144/21/1 143/22/1 147/18/1
f 143/22/1 142/23/1 147/18/1
f 142/23/1 17/17/1 147/18/1
f 142/23/1 141/24/1 17/17/1
f 141/24/1 140/25/1 17/17/1
f 140/25/1 18/26/1 17/17/1
f 140/25/1 139/27/1 18/26/1
f 139/27/1 138/28/1 18/26/1
f 138/28/1 19/29/1 18/26/1
f 138/28/1 137/30/1 19/29/1
f 137/30/1 136/31/1 19/29/1
f 136/31/1 135/32/1 19/29/1
f 135/32/1 20/33/1 19/29/1
f 135/32/1 134/34/1 20/33/1
f 134/34/1 133/35/1 20/33/1
f 133/35/1 21/36/1 20/33/1
f 132/37/1 21/36/1 133/35/1
f 131/38/1 21/36/1 132/37/1
f 130/39/1 21/36/1 131/38/1
f 130/39/1 22/40/1 21/36/1
f 129/41/1 22/40/1 130/39/1
f 128/42/1 22/40/1 129/41/1
f 127/43/1 22/40/1 128/42/1
f 127/43/1 23/44/1 22/40/1
f 126/45/1 23/44/1 127/43/1
f 125/46/1 23/44/1 126/45/1
f 125/46/1 24/47/1 23/44/1
f 124/48/1 24/47/1 125/46/1
f 123/49/1 24/47/1 124/48/1
f 123/49/1 25/50/1 24/47/1
f 122/51/1 25/50/1 123/49/1
f 121/52/1 25/50/1 122/51/1
f 121/52/1 26/53/1 25/50/1
f 120/54/1 26/53/1 121/52/1
f 120/54/1 27/55/1 26/53/1
f 119/56/1 27/55/1 120/54/1
f 119/56/1 28/57/1 27/55/1
f 118/58/1 28/57/1 119/56/1
f 118/58/1 29/59/1 28/57/1
f 117/60/1 29/59/1 118/58/1
f 117/60/1 30/61/1 29/59/1
f 116/62/1 30/61/1 117/60/1
f 115/63/1 30/61/1 116/62/1
f 115/63/1 31/64/1 30/61/1
f 114/65/1 31/64/1 115/63/1
f 114/65/1 32/66/1 31/64/1
f 113/67/1 32/66/1 114/65/1
f 112/68/1 32/66/1 113/67/1
f 111/69/1 32/66/1 112/68/1
f 111/69/1 33/70/1 32/66/1
f 110/71/1 33/70/1 111/69/1
f 109/72/1 33/70/1 110/71/1
f 109/72/1 34/73/1 33/70/1
f 109/72/1 35/74/1 34/73/1
f 109/72/1 36/75/1 35/74/1
f 109/72/1 37/76/1 36/75/1
f 109/72/1 38/77/1 37/76/1
f 109/72/1 39/78/1 38/77/1
f 109/72/1 40/79/1 39/78/1
f 109/72/1 41/80/1 40/79/1
f 109/72/1 108/81/1 41/80/1
f 108/81/1 42/82/1 41/80/1
f 107/83/1 42/82/1 108/81/1
f 106/84/1 42/82/1 107/83/1
f 105/85/1 42/82/1 106/84/1
f 105/85/1 43/86/1 42/82/1
f 104/87/1 43/86/1 105/85/1
f 103/88/1 43/86/1 104/87/1
f 103/88/1 44/89/1 43/86/1
f 102/90/1 44/89/1 103/88/1
f 102/90/1 45/91/1 44/89/1
f 101/92/1 45/91/1 102/90/1
f 100/93/1 45/91/1 101/92/1
f 100/93/1 46/94/1 45/91/1
f 99/95/1 46/94/1 100/93/1
f 99/95/1 47/96/1 46/94/1
f 98/97/1 47/96/1 99/95/1
f 98/97/1 48/98/1 47/96/1
f 97/99/1 48/98/1 98/97/1
f 97/99/1 49/100/1 48/98/1
f 96/101/1 49/100/1 97/99/1
f 95/102/1 49/100/1 96/101/1
f 95/102/1 50/103/1 49/100/1
f 94/104/1 50/103/1 95/102/1
f 93/105/1 50/103/1 94/104/1
f 93/105/1 51/106/1 50/103/1
f 72/107/1 74/108/1 73/109/1
f 92/110/1 51/106/1 93/105/1
f 72/107/1 75/111/1 74/108/1
f 91/112/1 51/106/1 92/110/1
f 72/107/1 76/113/1 75/111/1
f 91/112/1 52/114/1 51/106/1
f 90/115/1 52/114/1 91/112/1
f 72/107/1 77/116/1 76/113/1
f 72/107/1 78/117/1 77/116/1
f 89/118/1 52/114/1 90/115/1
f 72/107/1 79/119/1 78/117/1
f 88/120/1 52/114/1 89/118/1
f 72/107/1 80/121/1 79/119/1
f 72/107/1 81/122/1 80/121/1
f 87/123/1 52/114/1 88/120/1
f 87/123/1 53/124/1 52/114/1
f 72/107/1 82/125/1 81/122/1
f 86/126/1 53/124/1 87/123/1
f 72/107/1 83/127/1 82/125/1
f 72/107/1 84/128/1 83/127/1
f 85/129/1 53/124/1 86/126/1
f 72/107/1 85/129/1 84/128/1
f 72/107/1 53/124/1 85/129/1
f 72/107/1 54/130/1 53/124/1
f 72/107/1 55/131/1 54/130/1
f 72/107/1 56/132/1 55/131/1
f 71/133/1 56/132/1 72/107/1
f 70/134/1 56/132/1 71/133/1
f 69/135/1 56/132/1 70/134/1
f 69/135/1 57/136/1 56/132/1
f 68/137/1 57/136/1 69/135/1
f 67/138/1 57/136/1 68/137/1
f 67/138/1 58/139/1 57/136/1
f 66/140/1 58/139/1 67/138/1
f 65/141/1 58/139/1 66/140/1
f 64/142/1 58/139/1 65/141/1
f 64/142/1 59/143/1 58/139/1
f 63/144/1 59/143/1 64/142/1
f 62/145/1 59/143/1 63/144/1
f 62/145/1 60/146/1 59/143/1
f 61/147/1 60/146/1 62/145/1
f 209/148/1 211/149/1 210/150/1
f 208/151/1 211/149/1 209/148/1
f 207/152/1 211/149/1 208/151/1
f 207/152/1 212/153/1 211/149/1
f 206/154/1 212/153/1 207/152/1
f 206/154/1 213/155/1 212/153/1
f 205/156/1 213/155/1 206/154/1
f 204/157/1 213/155/1 205/156/1
f 204/157/1 214/158/1 213/155/1
f 203/159/1 214/158/1 204/157/1
f 202/160/1 214/158/1 203/159/1
f 202/160/1 215/161/1 214/158/1
f 201/162/1 215/161/1 202/160/1
f 200/163/1 215/161/1 201/162/1
f 200/163/1 216/164/1 215/161/1
f 199/165/1 216/164/1 200/163/1
f 198/166/1 216/164/1 199/165/1
f 198/166/1 217/167/1 216/164/1
f 197/168/1 196/169/1 198/166/1
f 196/169/1 195/170/1 198/166/1
f 195/170/1 194/171/1 198/166/1
f 194/171/1 193/172/1 198/166/1
f 193/172/1 192/108/1 198/166/1
f 192/108/1 191/173/1 198/166/1
f 191/173/1 190/174/1 198/166/1
f 190/174/1 189/175/1 198/166/1
f 189/175/1 188/176/1 198/166/1
f 188/176/1 187/177/1 198/166/1
f 187/177/1 186/178/1 198/166/1
f 186/178/1 217/167/1 198/166/1
f 186/178/1 185/179/1 217/167/1
f 185/179/1 218/180/1 217/167/1
f 184/181/1 218/180/1 185/179/1
f 183/182/1 218/180/1 184/181/1
f 182/183/1 218/180/1 183/182/1
f 182/183/1 219/184/1 218/180/1
f 181/185/1 219/184/1 182/183/1
f 180/186/1 219/184/1 181/185/1
f 179/187/1 219/184/1 180/186/1
f 179/187/1 220/188/1 219/184/1
f 178/189/1 220/188/1 179/187/1
f 177/190/1 220/188/1 178/189/1
f 177/190/1 221/191/1 220/188/1
f 176/192/1 221/191/1 177/190/1
f 175/193/1 221/191/1 176/192/1
f 175/193/1 222/194/1 221/191/1
f 174/195/1 222/194/1 175/193/1
f 173/196/1 222/194/1 174/195/1
f 173/196/1 223/197/1 222/194/1
f 172/198/1 223/197/1 173/196/1
f 171/199/1 223/197/1 172/198/1
f 171/199/1 224/200/1 223/197/1
f 170/201/1 224/200/1 171/199/1
f 169/202/1 224/200/1 170/201/1
f 169/202/1 225/203/1 224/200/1
f 168/204/1 225/203/1 169/202/1
f 167/205/1 225/203/1 168/204/1
f 167/205/1 226/206/1 225/203/1
f 166/207/1 226/206/1 167/205/1
f 165/208/1 226/206/1 166/207/1
f 164/209/1 226/206/1 165/208/1
f 164/209/1 227/210/1 226/206/1
f 163/211/1 227/210/1 164/209/1
f 162/212/1 227/210/1 163/211/1
f 162/212/1 228/213/1 227/210/1
f 161/214/1 228/213/1 162/212/1
f 160/215/1 228/213/1 161/214/1
f 160/215/1 229/216/1 228/213/1
f 159/217/1 229/216/1 160/215/1
f 159/217/1 230/218/1 229/216/1
f 158/219/1 230/218/1 159/217/1
f 158/219/1 231/220/1 230/218/1
f 157/221/1 231/220/1 158/219/1
f 156/222/1 231/220/1 157/221/1
f 156/222/1 232/223/1 231/220/1
f 155/224/1 232/223/1 156/222/1
f 155/224/1 233/225/1 232/223/1
f 154/226/1 233/225/1 155/224/1
f 154/226/1 234/227/1 233/225/1
f 153/228/1 234/227/1 154/226/1
f 152/229/1 234/227/1 153/228/1
f 152/229/1 235/230/1 234/227/1
f 152/229/1 236/18/1 235/230/1
f 151/231/1 236/18/1 152/229/1
f 150/232/1 236/18/1 151/231/1
f 149/233/1 236/18/1 150/232/1
f 148/16/1 236/18/1 149/233/1
f 241/234/1 243/235/1 242/108/1
f 241/234/1 246/236/1 243/235/1
f 246/236/1 244/237/1 243/235/1
f 241/234/1 247/18/1 246/236/1
f 245/238/1 244/237/1 246/236/1
f 241/234/1 239/239/1 247/18/1
f 239/239/1 245/238/1 247/18/1
f 239/239/1 238/240/1 245/238/1
f 238/240/1 244/237/1 245/238/1
f 241/234/1 240/241/1 239/239/1
f 237/16/1 244/237/1 238/240/1
f 258/1/2 259/3/2 260/2/2
f 257/4/2 258/1/2 260/2/2
f 256/5/2 257/4/2 260/2/2
f 256/5/2 260/2/2 261/6/2
f 255/7/2 256/5/2 261/6/2
f 254/8/2 255/7/2 261/6/2
f 253/9/2 254/8/2 261/6/2
f 253/9/2 261/6/2 262/10/2
f 252/11/2 253/9/2 262/10/2
f 251/12/2 252/11/2 262/10/2
f 250/13/2 251/12/2 262/10/2
f 250/13/2 262/10/2 263/14/2
f 249/15/2 250/13/2 263/14/2
f 248/16/2 249/15/2 263/14/2
f 248/16/2 263/14/2 264/17/2
f 394/18/2 248/16/2 264/17/2
f 393/19/2 394/18/2 392/20/2
f 392/20/2 394/18/2 391/21/2
f 391/21/2 394/18/2 390/22/2
f 390/22/2 394/18/2 389/23/2
f 389/23/2 394/18/2 264/17/2
f 389/23/2 264/17/2 388/24/2
f 388/24/2 264/17/2 387/25/2
f 387/25/2 264/17/2 265/26/2
f 387/25/2 265/26/2 386/27/2
f 386/27/2 265/26/2 385/28/2
f 385/28/2 265/26/2 266/29/2
f 385/28/2 266/29/2 384/30/2
f 384/30/2 266/29/2 383/31/2
f 383/31/2 266/29/2 382/32/2
f 382/32/2 266/29/2 267/33/2
f 382/32/2 267/33/2 381/34/2
f 381/34/2 267/33/2 380/35/2
f 380/35/2 267/33/2 268/36/2
f 379/37/2 380/35/2 268/36/2
f 378/38/2 379/37/2 268/36/2
f 377/39/2 378/38/2 268/36/2
f 377/39/2 268/36/2 269/40/2
f 376/41/2 377/39/2 269/40/2
f 375/42/2 376/41/2 269/40/2
f 374/43/2 375/42/2 269/40/2
f 374/43/2 269/40/2 270/44/2
f 373/45/2 374/43/2 270/44/2
f 372/46/2 373/45/2 270/44/2
f 372/46/2 270/44/2 271/47/2
f 371/48/2 372/46/2 271/47/2
f 370/49/2 371/48/2 271/47/2
f 370/49/2 271/47/2 272/50/2
f 369/51/2 370/49/2 272/50/2
f 368/52/2 369/51/2 272/50/2
f 368/52/2 272/50/2 273/53/2
f 367/54/2 368/52/2 273/53/2
f 367/54/2 273/53/2 274/55/2
f 366/56/2 367/54/2 274/55/2
f 366/56/2 274/55/2 275/57/2
f 365/58/2 366/56/2 275/57/2
f 365/58/2 275/57/2 276/59/2
f 364/60/2 365/58/2 276/59/2
f 364/60/2 276/59/2 277/61/2
f 363/62/2 364/60/2 277/61/2
f 362/63/2 363/62/2 277/61/2
f 362/63/2 277/61/2 278/64/2
f 361/65/2 362/63/2 278/64/2
f 361/65/2 278/64/2 279/66/2
f 360/67/2 361/65/2 279/66/2
f 359/68/2 360/67/2 279/66/2
f 358/69/2 359/68/2 279/66/2
f 358/69/2 279/66/2 280/70/2
f 357/71/2 358/69/2 280/70/2
f 356/72/2 357/71/2 280/70/2
f 356/72/2 280/70/2 281/73/2
f 356/72/2 281/73/2 282/74/2
f 356/72/2 282/74/2 283/75/2
f 356/72/2 283/75/2 284/76/2
f 356/72/2 284/76/2 285/77/2
f 356/72/2 285/77/2 286/78/2
f 356/72/2 286/78/2 287/79/2
f 356/72/2 287/79/2 288/80/2
f 356/72/2 288/80/2 355/81/2
f 355/81/2 288/80/2 289/82/2
f 354/83/2 355/81/2 289/82/2
f 353/84/2 354/83/2 289/82/2
f 352/85/2 353/84/2 289/82/2
f 352/85/2 289/82/2 290/86/2
f 351/87/2 352/85/2 290/86/2
f 350/88/2 351/87/2 290/86/2
f 350/88/2 290/86/2 291/89/2
f 349/90/2 350/88/2 291/89/2
f 349/90/2 291/89/2 292/91/2
f 348/92/2 349/90/2 292/91/2
f 347/93/2 348/92/2 292/91/2
f 347/93/2 292/91/2 293/94/2
f 346/95/2 347/93/2 293/94/2
f 346/95/2 293/94/2 294/96/2
f 345/97/2 346/95/2 294/96/2
f 345/97/2 294/96/2 295/98/2
f 344/99/2 345/97/2 295/98/2
f 344/99/2 295/98/2 296/100/2
f 343/101/2 344/99/2 296/100/2
f 342/102/2 343/101/2 296/100/2
f 342/102/2 296/100/2 297/103/2
f 341/104/2 342/102/2 297/103/2
f 340/105/2 341/104/2 297/103/2
f 340/105/2 297/103/2 298/106/2
f 319/107/2 320/109/2 321/108/2
f 339/110/2 340/105/2 298/106/2
f 319/107/2 321/108/2 322/111/2
f 338/112/2 339/110/2 298/106/2
f 319/107/2 322/111/2 323/113/2
f 338/112/2 298/106/2 299/114/2
f 337/115/2 338/112/2 299/114/2
f 319/107/2 323/113/2 324/116/2
f 319/107/2 324/116/2 325/117/2
f 336/118/2 337/115/2 299/114/2
f 319/107/2 325/117/2 326/119/2
f 335/120/2 336/118/2 299/114/2
f 319/107/2 326/119/2 327/121/2
f 319/107/2 327/121/2 328/122/2
f 334/123/2 335/120/2 299/114/2
f 334/123/2 299/114/2 300/124/2
f 319/107/2 328/122/2 329/125/2
f 333/126/2 334/123/2 300/124/2
f 319/107/2 329/125/2 330/127/2
f 319/107/2 330/127/2 331/128/2
f 332/129/2 333/126/2 300/124/2
f 319/107/2 331/128/2 332/129/2
f 319/107/2 332/129/2 300/124/2
f 319/107/2 300/124/2 301/130/2
f 319/107/2 301/130/2 302/131/2
f 319/107/2 302/131/2 303/132/2
f 318/133/2 319/107/2 303/132/2
f 317/134/2 318/133/2 303/132/2
f 316/135/2 317/134/2 303/132/2
f 316/135/2 303/132/2 304/136/2
f 315/137/2 316/135/2 304/136/2
f 314/138/2 315/137/2 304/136/2
f 314/138/2 304/136/2 305/139/2
f 313/140/2 314/138/2 305/139/2
f 312/141/2 313/140/2 305/139/2
f 311/142/2 312/141/2 305/139/2
f 311/142/2 305/139/2 306/143/2
f 310/144/2 311/142/2 306/143/2
f 309/145/2 310/144/2 306/143/2
f 309/145/2 306/143/2 307/146/2
f 308/147/2 309/145/2 307/146/2
f 456/148/2 457/150/2 458/149/2
f 455/151/2 456/148/2 458/149/2
f 454/152/2 455/151/2 458/149/2
f 454/152/2 458/149/2 459/153/2
f 453/154/2 454/152/2 459/153/2
f 453/154/2 459/153/2 460/155/2
f 452/156/2 453/154/2 460/155/2
f 451/157/2 452/156/2 460/155/2
f 451/157/2 460/155/2 461/158/2
f 450/159/2 451/157/2 461/158/2
f 449/160/2 450/159/2 461/158/2
f 449/160/2 461/158/2 462/161/2
f 448/162/2 449/160/2 462/161/2
f 447/163/2 448/162/2 462/161/2
f 447/163/2 462/161/2 463/164/2
f 446/165/2 447/163/2 463/164/2
f 445/166/2 446/165/2 463/164/2
f 445/166/2 463/164/2 464/167/2
f 444/168/2 445/166/2 443/169/2
f 443/169/2 445/166/2 442/170/2
f 442/170/2 445/166/2 441/171/2
f 441/171/2 445/166/2 440/172/2
f 440/172/2 445/166/2 439/108/2
f 439/108/2 445/166/2 438/173/2
f 438/173/2 445/166/2 437/174/2
f 437/174/2 445/166/2 436/175/2
f 436/175/2 445/166/2 435/176/2
f 435/176/2 445/166/2 434/177/2
f 434/177/2 445/166/2 433/178/2
f 433/178/2 445/166/2 464/167/2
f 433/178/2 464/167/2 432/179/2
f 432/179/2 464/167/2 465/180/2
f 431/181/2 432/179/2 465/180/2
f 430/182/2 431/181/2 465/180/2
f 429/183/2 430/182/2 465/180/2
f 429/183/2 465/180/2 466/184/2
f 428/185/2 429/183/2 466/184/2
f 427/186/2 428/185/2 466/184/2
f 426/187/2 427/186/2 466/184/2
f 426/187/2 466/184/2 467/188/2
f 425/189/2 426/187/2 467/188/2
f 424/190/2 425/189/2 467/188/2
f 424/190/2 467/188/2 468/191/2
f 423/192/2 424/190/2 468/191/2
f 422/193/2 423/192/2 468/191/2
f 422/193/2 468/191/2 469/194/2
f 421/195/2 422/193/2 469/194/2
f 420/196/2 421/195/2 469/194/2
f 420/196/2 469/194/2 470/197/2
f 419/198/2 420/196/2 470/197/2
f 418/199/2 419/198/2 470/197/2
f 418/199/2 470/197/2 471/200/2
f 417/201/2 418/199/2 471/200/2
f 416/202/2 417/201/2 471/200/2
f 416/202/2 471/200/2 472/203/2
f 415/204/2 416/202/2 472/203/2
f 414/205/2 415/204/2 472/203/2
f 414/205/2 472/203/2 473/206/2
f 413/207/2 414/205/2 473/206/2
f 412/208/2 413/207/2 473/206/2
f 411/209/2 412/208/2 473/206/2
f 411/209/2 473/206/2 474/210/2
f 410/211/2 411/209/2 474/210/2
f 409/212/2 410/211/2 474/210/2
f 409/212/2 474/210/2 475/213/2
f 408/214/2 409/212/2 475/213/2
f 407/215/2 408/214/2 475/213/2
f 407/215/2 475/213/2 476/216/2
f 406/217/2 407/215/2 476/216/2
f 406/217/2 476/216/2 477/218/2
f 405/219/2 406/217/2 477/218/2
f 405/219/2 477/218/2 478/220/2
f 404/221/2 405/219/2 478/220/2
f 403/222/2 404/221/2 478/220/2
f 403/222/2 478/220/2 479/223/2
f 402/224/2 403/222/2 479/223/2
f 402/224/2 479/223/2 480/225/2
f 401/226/2 402/224/2 480/225/2
f 401/226/2 480/225/2 481/227/2
f 400/228/2 401/226/2 481/227/2
f 399/229/2 400/228/2 481/227/2
f 399/229/2 481/227/2 482/230/2
f 399/229/2 482/230/2 483/18/2
f 398/231/2 399/229/2 483/18/2
f 397/232/2 398/231/2 483/18/2
f 396/233/2 397/232/2 483/18/2
f 395/16/2 396/233/2 483/18/2
f 488/234/2 489/108/2 490/235/2
f 488/234/2 490/235/2 493/236/2
f 493/236/2 490/235/2 491/237/2
f 488/234/2 493/236/2 494/18/2
f 492/238/2 493/236/2 491/237/2
f 488/234/2 494/18/2 486/239/2
f 486/239/2 494/18/2 492/238/2
f 486/239/2 492/238/2 485/240/2
f 485/240/2 492/238/2 491/237/2
f 488/234/2 486/239/2 487/241/2
f 484/16/2 485/240/2 491/237/2
s 1
f 496/242/3 498/243/3 497/217/3 495/16/3
f 498/243/3 500/244/4 499/201/4 497/217/3
f 500/244/4 502/245/4 501/185/4 499/201/4
f 502/245/4 504/246/5 503/108/5 501/185/4
f 504/246/5 506/247/6 505/159/6 503/108/5
f 506/247/6 508/248/7 507/158/7 505/159/6
f 508/248/7 510/249/8 509/203/8 507/158/7
f 510/249/8 496/250/3 495/18/3 509/203/8
f 512/242/9 514/251/10 513/252/10 511/16/9
f 514/251/10 516/253/11 515/254/11 513/252/10
f 516/253/11 512/250/9 511/18/9 515/254/11
f 518/242/12 520/255/13 519/256/13 517/16/12
f 520/255/13 522/257/14 521/258/14 519/256/13
f 522/257/14 524/259/15 523/260/15 521/258/14
f 524/259/15 526/261/16 525/262/16 523/260/15
f 526/261/16 528/263/17 527/264/17 525/262/16
f 528/263/17 530/265/18 529/266/18 527/264/17
f 530/265/18 532/267/19 531/268/19 529/266/18
f 532/267/19 534/269/20 533/270/20 531/268/19
f 534/269/20 536/271/21 535/272/21 533/270/20
f 536/271/21 538/273/22 537/274/22 535/272/21
f 538/273/22 540/275/23 539/276/23 537/274/22
f 540/275/23 542/277/24 541/278/24 539/276/23
f 542/277/24 544/279/25 543/280/25 541/278/24
f 544/279/25 546/281/26 545/282/26 543/280/25
f 546/281/26 548/283/27 547/284/27 545/282/26
f 548/283/27 550/285/28 549/286/28 547/284/27
f 550/285/28 552/287/29 551/288/29 549/286/28
f 552/287/29 554/289/30 553/290/30 551/288/29
f 554/289/30 556/291/31 555/292/31 553/290/30
f 556/291/31 558/293/32 557/294/32 555/292/31
f 558/293/32 560/295/33 559/296/33 557/294/32
f 560/295/33 562/297/34 561/298/34 559/296/33
f 562/297/34 564/299/35 563/300/35 561/298/34
f 564/299/35 566/301/36 565/302/36 563/300/35
f 566/301/36 568/303/37 567/304/37 565/302/36
f 568/303/37 570/305/38 569/306/38 567/304/37
f 570/305/38 572/307/39 571/308/39 569/306/38
f 572/307/39 574/309/40 573/310/40 571/308/39
f 574/309/40 576/311/41 575/312/41 573/310/40
f 576/311/41 578/313/42 577/314/42 575/312/41
f 578/313/42 580/315/43 579/316/43 577/314/42
f 580/315/43 582/317/44 581/318/44 579/316/43
f 582/317/44 584/319/45 583/320/45 581/318/44
f 584/319/45 586/321/46 585/322/46 583/320/45
f 586/321/46 588/323/47 587/324/47 585/322/46
f 588/323/47 590/325/48 589/326/48 587/324/47
f 590/325/48 592/327/49 591/328/49 589/326/48
f 592/327/49 594/329/50 593/330/50 591/328/49
f 594/329/50 596/331/51 595/332/51 593/330/50
f 596/331/51 598/333/52 597/334/52 595/332/51
f 598/333/52 600/335/53 599/336/53 597/334/52
f 600/335/53 602/337/54 601/338/54 599/336/53
f 602/337/54 604/339/55 603/340/55 601/338/54
f 604/339/55 606/341/56 605/342/56 603/340/55
f 606/341/56 608/343/57 607/344/57 605/342/56
f 608/343/57 610/345/58 609/346/58 607/344/57
f 610/345/58 612/347/59 611/348/59 609/346/58
f 612/347/59 614/349/60 613/350/60 611/348/59
f 614/349/60 616/351/61 615/352/61 613/350/60
f 616/351/61 618/353/62 617/354/62 615/352/61
f 618/353/62 620/355/63 619/356/63 617/354/62
f 620/355/63 622/357/64 621/358/64 619/356/63
f 622/357/64 624/359/65 623/360/65 621/358/64
f 624/359/65 626/361/66 625/362/66 623/360/65
f 626/361/66 628/363/67 627/364/67 625/362/66
f 628/363/67 630/365/68 629/366/68 627/364/67
f 630/365/68 632/367/69 631/368/69 629/366/68
f 632/367/69 634/369/70 633/370/70 631/368/69
f 634/369/70 636/371/71 635/372/71 633/370/70
f 636/371/71 638/373/72 637/374/72 635/372/71
f 638/373/72 640/375/73 639/376/73 637/374/72
f 640/375/73 642/377/74 641/378/74 639/376/73
f 642/377/74 644/379/75 643/380/75 641/378/74
f 644/379/75 646/381/76 645/382/76 643/380/75
f 646/381/76 648/383/77 647/384/77 645/382/76
f 648/383/77 650/385/78 649/386/78 647/384/77
f 650/385/78 652/387/79 651/388/79 649/386/78
f 652/387/79 654/389/80 653/390/80 651/388/79
f 654/389/80 656/391/81 655/392/81 653/390/80
f 656/391/81 658/393/82 657/394/82 655/392/81
f 658/393/82 660/395/83 659/396/83 657/394/82
f 660/395/83 662/397/84 661/398/84 659/396/83
f 662/397/84 664/399/85 663/400/85 661/398/84
f 664/399/85 666/401/86 665/402/86 663/400/85
f 666/401/86 668/403/87 667/404/87 665/402/86
f 668/403/87 670/405/88 669/406/88 667/404/87
f 670/405/88 672/407/89 671/408/89 669/406/88
f 672/407/89 674/409/90 673/410/90 671/408/89
f 674/409/90 676/411/91 675/412/91 673/410/90
f 676/411/91 678/413/92 677/414/92 675/412/91
f 678/413/92 680/415/93 679/416/93 677/414/92
f 680/415/93 682/417/94 681/418/94 679/416/93
f 682/417/94 684/419/95 683/420/95 681/418/94
f 684/419/95 686/421/96 685/422/96 683/420/95
f 686/421/96 688/423/97 687/424/97 685/422/96
f 688/423/97 690/425/98 689/426/98 687/424/97
f 690/425/98 692/427/99 691/428/99 689/426/98
f 692/427/99 694/429/100 693/430/100 691/428/99
f 694/429/100 518/250/12 517/18/12 693/430/100
f 696/242/101 698/431/102 697/432/102 695/16/101
f 698/431/102 700/433/103 699/434/103 697/432/102
f 700/433/103 702/435/104 701/436/104 699/434/103
f 702/435/104 704/437/105 703/438/105 701/436/104
f 704/437/105 706/439/106 705/440/106 703/438/105
f 706/439/106 708/441/107 707/442/107 705/440/106
f 708/441/107 710/443/108 709/444/108 707/442/107
f 710/443/108 712/445/109 711/446/109 709/444/108
f 712/445/109 714/447/110 713/448/110 711/446/109
f 714/447/110 716/449/111 715/450/111 713/448/110
f 716/449/111 718/451/112 717/452/112 715/450/111
f 718/451/112 720/453/113 719/454/113 717/452/112
f 720/453/113 722/455/114 721/456/114 719/454/113
f 722/455/114 724/457/115 723/458/115 721/456/114
f 724/457/115 726/459/116 725/460/116 723/458/115
f 726/459/116 728/461/117 727/462/117 725/460/116
f 728/461/117 730/463/118 729/464/118 727/462/117
f 730/463/118 732/465/119 731/466/119 729/464/118
f 732/465/119 734/467/120 733/468/120 731/466/119
f 734/467/120 736/469/121 735/470/121 733/468/120
f 736/469/121 738/471/122 737/472/122 735/470/121
f 738/471/122 740/473/123 739/474/123 737/472/122
f 740/473/123 742/475/124 741/476/124 739/474/123
f 742/475/124 744/477/125 743/478/125 741/476/124
f 744/477/125 746/479/126 745/480/126 743/478/125
f 746/479/126 748/481/127 747/482/127 745/480/126
f 748/481/127 750/483/128 749/484/128 747/482/127
f 750/483/128 752/485/129 751/486/129 749/484/128
f 752/485/129 754/487/130 753/488/130 751/486/129
f 754/487/130 756/489/131 755/490/131 753/488/130
f 756/489/131 758/491/132 757/492/132 755/490/131
f 758/491/132 760/493/133 759/494/133 757/492/132
f 760/493/133 762/495/134 761/496/134 759/494/133
f 762/495/134 764/497/135 763/498/135 761/496/134
f 764/497/135 766/499/136 765/500/136 763/498/135
f 766/499/136 768/501/137 767/502/137 765/500/136
f 768/501/137 770/503/138 769/504/138 767/502/137
f 770/503/138 772/505/139 771/506/139 769/504/138
f 772/505/139 774/507/140 773/508/140 771/506/139
f 774/507/140 776/509/141 775/510/141 773/508/140
f 776/509/141 778/511/142 777/512/142 775/510/141
f 778/511/142 780/513/143 779/514/143 777/512/142
f 780/513/143 782/515/144 781/516/144 779/514/143
f 782/515/144 784/517/145 783/518/145 781/516/144
f 784/517/145 786/519/146 785/520/146 783/518/145
f 786/519/146 788/521/147 787/522/147 785/520/146
f 788/521/147 790/523/148 789/524/148 787/522/147
f 790/523/148 792/525/149 791/526/149 789/524/148
f 792/525/149 794/251/150 793/252/150 791/526/149
f 794/251/150 796/527/151 795/528/151 793/252/150
f 796/527/151 798/529/152 797/530/152 795/528/151
f 798/529/152 800/531/153 799/532/153 797/530/152
f 800/531/153 802/533/154 801/534/154 799/532/153
f 802/533/154 804/535/155 803/536/155 801/534/154
f 804/535/155 806/537/156 805/538/156 803/536/155
f 806/537/156 808/539/157 807/540/157 805/538/156
f 808/539/157 810/541/158 809/542/158 807/540/157
f 810/541/158 812/543/159 811/544/159 809/542/158
f 812/543/159 814/545/160 813/546/160 811/544/159
f 814/545/160 816/547/161 815/548/161 813/546/160
f 816/547/161 818/549/162 817/550/162 815/548/161
f 818/549/162 820/551/163 819/552/163 817/550/162
f 820/551/163 822/553/164 821/554/164 819/552/163
f 822/553/164 824/555/165 823/556/165 821/554/164
f 824/555/165 826/557/166 825/558/166 823/556/165
f 826/557/166 828/559/167 827/560/167 825/558/166
f 828/559/167 830/561/168 829/562/168 827/560/167
f 830/561/168 832/563/169 831/564/169 829/562/168
f 832/563/169 834/565/170 833/566/170 831/564/169
f 834/565/170 836/567/171 835/568/171 833/566/170
f 836/567/171 838/569/172 837/570/172 835/568/171
f 838/569/172 840/571/173 839/572/173 837/570/172
f 840/571/173 842/573/174 841/574/174 839/572/173
f 842/573/174 844/575/175 843/576/175 841/574/174
f 844/575/175 846/577/176 845/578/176 843/576/175
f 846/577/176 848/579/177 847/580/177 845/578/176
f 848/579/177 850/581/178 849/582/178 847/580/177
f 850/581/178 852/583/179 851/584/179 849/582/178
f 852/583/179 854/585/180 853/586/180 851/584/179
f 854/585/180 856/587/181 855/588/181 853/586/180
f 856/587/181 858/589/182 857/590/182 855/588/181
f 858/589/182 860/591/183 859/592/183 857/590/182
f 860/591/183 862/593/184 861/594/184 859/592/183
f 862/593/184 864/595/185 863/596/185 861/594/184
f 864/595/185 866/597/186 865/598/186 863/596/185
f 866/597/186 868/599/187 867/600/187 865/598/186
f 868/599/187 870/601/188 869/602/188 867/600/187
f 870/601/188 872/603/189 871/604/189 869/602/188
f 872/603/189 874/605/190 873/606/190 871/604/189
f 874/605/190 876/607/191 875/608/191 873/606/190
f 876/607/191 878/609/192 877/610/192 875/608/191
f 878/609/192 880/611/193 879/612/193 877/610/192
f 880/611/193 882/613/194 881/614/194 879/612/193
f 882/613/194 884/615/195 883/616/195 881/614/194
f 884/615/195 886/617/196 885/618/196 883/616/195
f 886/617/196 888/619/197 887/620/197 885/618/196
f 888/619/197 890/621/198 889/622/198 887/620/197
f 890/621/198 892/253/199 891/254/199 889/622/198
f 892/253/199 894/623/200 893/624/200 891/254/199
f 894/623/200 896/625/172 895/626/172 893/624/200
f 896/625/172 898/627/201 897/628/201 895/626/172
f 898/627/201 900/629/202 899/630/202 897/628/201
f 900/629/202 902/631/203 901/632/203 899/630/202
f 902/631/203 904/633/204 903/634/204 901/632/203
f 904/633/204 906/635/205 905/636/205 903/634/204
f 906/635/205 908/637/206 907/638/206 905/636/205
f 908/637/206 910/639/207 909/640/207 907/638/206
f 910/639/207 912/641/208 911/642/208 909/640/207
f 912/641/208 914/643/209 913/644/209 911/642/208
f 914/643/209 916/645/210 915/646/210 913/644/209
f 916/645/210 918/647/211 917/648/211 915/646/210
f 918/647/211 920/649/212 919/650/212 917/648/211
f 920/649/212 922/651/213 921/652/213 919/650/212
f 922/651/213 924/653/214 923/654/214 921/652/213
f 924/653/214 926/655/215 925/656/215 923/654/214
f 926/655/215 928/657/216 927/658/216 925/656/215
f 928/657/216 930/659/217 929/660/217 927/658/216
f 930/659/217 932/661/218 931/662/218 929/660/217
f 932/661/218 934/663/219 933/664/219 931/662/218
f 934/663/219 936/665/220 935/666/220 933/664/219
f 936/665/220 938/667/221 937/668/221 935/666/220
f 938/667/221 940/669/222 939/670/222 937/668/221
f 940/669/222 942/671/223 941/672/223 939/670/222
f 942/671/223 944/673/224 943/674/224 941/672/223
f 944/673/224 946/675/225 945/676/225 943/674/224
f 946/675/225 948/677/226 947/678/226 945/676/225
f 948/677/226 950/679/227 949/680/227 947/678/226
f 950/679/227 952/681/228 951/682/228 949/680/227
f 952/681/228 954/683/229 953/684/229 951/682/228
f 954/683/229 956/685/230 955/686/230 953/684/229
f 956/685/230 958/687/231 957/688/231 955/686/230
f 958/687/231 960/689/232 959/690/232 957/688/231
f 960/689/232 962/691/233 961/692/233 959/690/232
f 962/691/233 964/693/234 963/694/234 961/692/233
f 964/693/234 966/695/235 965/696/235 963/694/234
f 966/695/235 968/697/236 967/698/236 965/696/235
f 968/697/236 970/699/237 969/700/237 967/698/236
f 970/699/237 972/701/238 971/702/238 969/700/237
f 972/701/238 974/703/239 973/704/239 971/702/238
f 974/703/239 976/705/240 975/706/240 973/704/239
f 976/705/240 978/707/241 977/708/241 975/706/240
f 978/707/241 980/709/242 979/710/242 977/708/241
f 980/709/242 982/711/243 981/712/243 979/710/242
f 982/711/243 984/713/244 983/714/244 981/712/243
f 984/713/244 986/715/245 985/716/245 983/714/244
f 986/715/245 988/717/246 987/718/246 985/716/245
f 988/717/246 696/250/101 695/18/101 987/718/246
o Plane.073
v -14.217476 0.482326 -9.067072
v -9.861656 0.482326 -9.067072
v -14.217476 0.482326 -13.345259
v -9.861656 0.482326 -13.345259
v -14.217476 1.258148 -13.345259
v -14.217476 1.258148 -9.067072
v -9.861656 1.258148 -9.067072
v -9.861656 1.258148 -13.345259
v -14.217476 1.340609 -13.345259
v -14.217476 1.340609 -9.067072
v -9.861656 1.340609 -9.067072
v -9.861656 1.340609 -13.345259
v -14.318130 1.258148 -13.444120
v -14.318130 1.258148 -8.968210
v -9.761002 1.258148 -8.968210
v -9.761002 1.258148 -13.444120
v -14.318130 1.340609 -13.444120
v -14.318130 1.340609 -8.968210
v -9.761002 1.340609 -8.968210
v -9.761002 1.340609 -13.444120
v -9.861656 0.634881 -13.345259
v -9.861656 0.634881 -9.067072
v -14.217476 0.634881 -9.067072
v -14.217476 0.634881 -13.345259
v -14.217476 0.482326 -12.489622
v -14.217476 0.482326 -11.633985
v -14.217476 0.482326 -10.778346
v -14.217476 0.482326 -9.922709
v -9.861656 0.482326 -9.922709
v -9.861656 0.482326 -10.778346
v -9.861656 0.482326 -11.633985
v -9.861656 0.482326 -12.489622
v -14.217476 1.258148 -12.489622
v -14.217476 1.258148 -11.633985
v -14.217476 1.258148 -10.778346
v -14.217476 1.258148 -9.922709
v -9.861656 1.258148 -9.922709
v -9.861656 1.258148 -10.778346
v -9.861656 1.258148 -11.633985
v -9.861656 1.258148 -12.489622
v -14.217476 1.340609 -12.489622
v -14.217476 1.340609 -11.633985
v -14.217476 1.340609 -10.778346
v -14.217476 1.340609 -9.922709
v -9.861656 1.340609 -9.922709
v -9.861656 1.340609 -10.778346
v -9.861656 1.340609 -11.633985
v -9.861656 1.340609 -12.489622
v -14.318130 1.258148 -12.548938
v -14.318130 1.258148 -11.653756
v -14.318130 1.258148 -10.758574
v -14.318130 1.258148 -9.863393
v -9.761002 1.258148 -9.863393
v -9.761002 1.258148 -10.758574
v -9.761002 1.258148 -11.653756
v -9.761002 1.258148 -12.548938
v -14.318130 1.340609 -12.548938
v -14.318130 1.340609 -11.653756
v -14.318130 1.340609 -10.758574
v -14.318130 1.340609 -9.863393
v -9.761002 1.340609 -9.863393
v -9.761002 1.340609 -10.758574
v -9.761002 1.340609 -11.653756
v -9.761002 1.340609 -12.548938
v -14.217476 0.634881 -9.922709
v -14.217476 0.634881 -10.778346
v -14.217476 0.634881 -11.633985
v -14.217476 0.634881 -12.489622
v -9.861656 0.634881 -12.489622
v -9.861656 0.634881 -11.633985
v -9.861656 0.634881 -10.778346
v -9.861656 0.634881 -9.922709
v -13.491506 0.482326 -9.067072
v -12.765536 0.482326 -9.067072
v -12.039566 0.482326 -9.067072
v -11.313596 0.482326 -9.067072
v -10.587626 0.482326 -9.067072
v -10.587626 0.482326 -13.345259
v -11.313596 0.482326 -13.345259
v -12.039566 0.482326 -13.345259
v -12.765536 0.482326 -13.345259
v -13.491507 0.482326 -13.345259
v -13.491506 1.258148 -9.067072
v -12.765536 1.258148 -9.067072
v -12.039566 1.258148 -9.067072
v -11.313596 1.258148 -9.067072
v -10.587626 1.258148 -9.067072
v -10.587626 1.258148 -13.345259
v -11.313596 1.258148 -13.345259
v -12.039566 1.258148 -13.345259
v -12.765536 1.258148 -13.345259
v -13.491507 1.258148 -13.345259
v -13.491506 1.340609 -9.067072
v -12.765536 1.340609 -9.067072
v -12.039566 1.340609 -9.067072
v -11.313596 1.340609 -9.067072
v -10.587626 1.340609 -9.067072
v -10.587626 1.340609 -13.345259
v -11.313596 1.340609 -13.345259
v -12.039566 1.340609 -13.345259
v -12.765536 1.340609 -13.345259
v -13.491507 1.340609 -13.345259
v -13.558609 1.258148 -8.968210
v -12.799088 1.258148 -8.968210
v -12.039566 1.258148 -8.968210
v -11.280045 1.258148 -8.968210
v -10.520523 1.258148 -8.968210
v -10.520523 1.258148 -13.444120
v -11.280045 1.258148 -13.444120
v -12.039566 1.258148 -13.444120
v -12.799088 1.258148 -13.444120
v -13.558609 1.258148 -13.444120
v -13.558609 1.340609 -8.968210
v -12.799088 1.340609 -8.968210
v -12.039566 1.340609 -8.968210
v -11.280045 1.340609 -8.968210
v -10.520523 1.340609 -8.968210
v -10.520523 1.340609 -13.444120
v -11.280045 1.340609 -13.444120
v -12.039566 1.340609 -13.444120
v -12.799088 1.340609 -13.444120
v -13.558609 1.340609 -13.444120
v -10.587626 0.634881 -9.067072
v -11.313596 0.634881 -9.067072
v -12.039566 0.634881 -9.067072
v -12.765536 0.634881 -9.067072
v -13.491507 0.634881 -9.067072
v -13.491506 0.634881 -13.345259
v -12.765536 0.634881 -13.345259
v -12.039566 0.634881 -13.345259
v -11.313596 0.634881 -13.345259
v -10.587626 0.634881 -13.345259
v -10.587626 1.340609 -9.922709
v -11.313596 1.340609 -9.922709
v -12.039566 1.340609 -9.922709
v -12.765536 1.340609 -9.922709
v -13.491507 1.340609 -9.922709
v -10.587626 1.340609 -10.778346
v -11.313596 1.340609 -10.778346
v -12.039566 1.340609 -10.778346
v -12.765536 1.340609 -10.778346
v -13.491507 1.340609 -10.778346
v -10.587626 1.340609 -11.633985
v -11.313596 1.340609 -11.633985
v -12.039566 1.340609 -11.633985
v -12.765536 1.340609 -11.633985
v -13.491507 1.340609 -11.633985
v -10.587626 1.340609 -12.489622
v -11.313596 1.340609 -12.489622
v -12.039566 1.340609 -12.489622
v -12.765536 1.340609 -12.489622
v -13.491507 1.340609 -12.489622
v -13.491506 0.482326 -9.922709
v -12.765536 0.482326 -9.922709
v -12.039566 0.482326 -9.922709
v -11.313596 0.482326 -9.922709
v -10.587626 0.482326 -9.922709
v -13.491506 0.482326 -10.778346
v -12.765536 0.482326 -10.778346
v -12.039566 0.482326 -10.778346
v -11.313596 0.482326 -10.778346
v -10.587626 0.482326 -10.778346
v -13.491506 0.482326 -11.633985
v -12.765536 0.482326 -11.633985
v -12.039566 0.482326 -11.633985
v -11.313596 0.482326 -11.633985
v -10.587626 0.482326 -11.633985
v -13.491506 0.482326 -12.489622
v -12.765536 0.482326 -12.489622
v -12.039566 0.482326 -12.489622
v -11.313596 0.482326 -12.489622
v -10.587626 0.482326 -12.489622
v -10.415494 0.713916 -9.067072
v -10.033789 0.713916 -9.067072
v -10.033789 1.179113 -9.067072
v -10.415494 1.179113 -9.067072
v -14.045343 0.713916 -9.067072
v -13.663638 0.713916 -9.067072
v -13.663638 1.179113 -9.067072
v -14.045343 1.179113 -9.067072
v -13.319374 0.713916 -9.067072
v -12.937669 0.713916 -9.067072
v -12.937668 1.179113 -9.067072
v -13.319374 1.179113 -9.067072
v -12.593404 0.713916 -9.067072
v -12.211699 0.713916 -9.067072
v -12.211699 1.179113 -9.067072
v -12.593404 1.179113 -9.067072
v -11.867434 0.713916 -9.067072
v -11.485728 0.713916 -9.067072
v -11.485728 1.179113 -9.067072
v -11.867434 1.179113 -9.067072
v -11.141464 0.713916 -9.067072
v -10.759758 0.713916 -9.067072
v -10.759758 1.179113 -9.067072
v -11.141463 1.179113 -9.067072
v -10.033789 0.713916 -9.159275
v -10.415494 0.713916 -9.159275
v -10.415494 1.179113 -9.159275
v -10.033789 1.179113 -9.159275
v -13.663638 0.713916 -9.159275
v -14.045343 0.713916 -9.159275
v -14.045343 1.179113 -9.159275
v -13.663638 1.179113 -9.159275
v -12.937669 0.713916 -9.159275
v -13.319374 0.713916 -9.159275
v -13.319374 1.179113 -9.159275
v -12.937668 1.179113 -9.159275
v -12.211699 0.713916 -9.159275
v -12.593404 0.713916 -9.159275
v -12.593404 1.179113 -9.159275
v -12.211699 1.179113 -9.159275
v -11.485728 0.713916 -9.159275
v -11.867434 0.713916 -9.159275
v -11.867434 1.179113 -9.159275
v -11.485728 1.179113 -9.159275
v -10.759758 0.713916 -9.159275
v -11.141464 0.713916 -9.159275
v -11.141463 1.179113 -9.159275
v -10.759758 1.179113 -9.159275
v -9.861656 0.712433 -12.655515
v -9.861656 0.712433 -13.179366
v -9.861656 1.180595 -13.179366
v -9.861656 1.180595 -12.655515
v -9.861656 0.712433 -9.232965
v -9.861656 0.712433 -9.756816
v -9.861656 1.180595 -9.756816
v -9.861656 1.180595 -9.232965
v -9.861656 0.712433 -10.088602
v -9.861656 0.712433 -10.612453
v -9.861656 1.180595 -10.612453
v -9.861656 1.180595 -10.088602
v -9.861656 0.712433 -10.944240
v -9.861656 0.712433 -11.468091
v -9.861656 1.180595 -11.468091
v -9.861656 1.180595 -10.944240
v -9.861656 0.712433 -11.799877
v -9.861656 0.712433 -12.323729
v -9.861656 1.180595 -12.323729
v -9.861656 1.180595 -11.799877
v -9.941063 0.712433 -13.179366
v -9.941063 0.712433 -12.655515
v -9.941063 1.180595 -12.655515
v -9.941063 1.180595 -13.179366
v -9.941063 0.712433 -9.756816
v -9.941063 0.712433 -9.232965
v -9.941063 1.180595 -9.232965
v -9.941063 1.180595 -9.756816
v -9.941063 0.712433 -10.612453
v -9.941063 0.712433 -10.088602
v -9.941063 1.180595 -10.088602
v -9.941063 1.180595 -10.612453
v -9.941063 0.712433 -11.468091
v -9.941063 0.712433 -10.944240
v -9.941063 1.180595 -10.944240
v -9.941063 1.180595 -11.468091
v -9.941063 0.712433 -12.323729
v -9.941063 0.712433 -11.799877
v -9.941063 1.180595 -11.799877
v -9.941063 1.180595 -12.323729
v -13.666407 0.715187 -13.345259
v -14.042576 0.715187 -13.345259
v -14.042576 1.177842 -13.345259
v -13.666407 1.177842 -13.345259
v -10.036556 0.715187 -13.345259
v -10.412725 0.715187 -13.345259
v -10.412725 1.177842 -13.345259
v -10.036556 1.177842 -13.345259
v -10.762527 0.715187 -13.345259
v -11.138696 0.715187 -13.345259
v -11.138696 1.177842 -13.345259
v -10.762527 1.177842 -13.345259
v -11.488497 0.715187 -13.345259
v -11.864666 0.715187 -13.345259
v -11.864666 1.177842 -13.345259
v -11.488497 1.177842 -13.345259
v -12.214466 0.715187 -13.345259
v -12.590635 0.715187 -13.345259
v -12.590635 1.177842 -13.345259
v -12.214466 1.177842 -13.345259
v -12.940436 0.715187 -13.345259
v -13.316606 0.715187 -13.345259
v -13.316606 1.177842 -13.345259
v -12.940436 1.177842 -13.345259
v -14.042576 0.715187 -13.250408
v -13.666407 0.715187 -13.250408
v -13.666407 1.177842 -13.250408
v -14.042576 1.177842 -13.250408
v -10.412725 0.715187 -13.250408
v -10.036556 0.715187 -13.250408
v -10.036556 1.177842 -13.250408
v -10.412725 1.177842 -13.250408
v -11.138696 0.715187 -13.250408
v -10.762527 0.715187 -13.250408
v -10.762527 1.177842 -13.250408
v -11.138696 1.177842 -13.250408
v -11.864666 0.715187 -13.250408
v -11.488497 0.715187 -13.250408
v -11.488497 1.177842 -13.250408
v -11.864666 1.177842 -13.250408
v -12.590635 0.715187 -13.250408
v -12.214466 0.715187 -13.250408
v -12.214466 1.177842 -13.250408
v -12.590635 1.177842 -13.250408
v -13.316606 0.715187 -13.250408
v -12.940436 0.715187 -13.250408
v -12.940436 1.177842 -13.250408
v -13.316606 1.177842 -13.250408
v -14.217476 1.340609 -9.067072
v -9.861656 1.340609 -9.067072
v -14.217476 1.340609 -13.345259
v -9.861656 1.340609 -13.345259
v -14.217476 2.116431 -13.345259
v -14.217476 2.116431 -9.067072
v -9.861656 2.116431 -9.067072
v -9.861656 2.116431 -13.345259
v -14.217476 2.198892 -13.345259
v -14.217476 2.198892 -9.067072
v -9.861656 2.198892 -9.067072
v -9.861656 2.198892 -13.345259
v -14.318130 2.116431 -13.444120
v -14.318130 2.116431 -8.968210
v -9.761002 2.116431 -8.968210
v -9.761002 2.116431 -13.444120
v -14.318130 2.198892 -13.444120
v -14.318130 2.198892 -8.968210
v -9.761002 2.198892 -8.968210
v -9.761002 2.198892 -13.444120
v -9.861656 1.493163 -13.345259
v -9.861656 1.493163 -9.067072
v -14.217476 1.493163 -9.067072
v -14.217476 1.493163 -13.345259
v -14.217476 1.340609 -12.489622
v -14.217476 1.340609 -11.633985
v -14.217476 1.340609 -10.778346
v -14.217476 1.340609 -9.922709
v -9.861656 1.340609 -9.922709
v -9.861656 1.340609 -10.778346
v -9.861656 1.340609 -11.633985
v -9.861656 1.340609 -12.489622
v -14.217476 2.116431 -12.489622
v -14.217476 2.116431 -11.633985
v -14.217476 2.116431 -10.778346
v -14.217476 2.116431 -9.922709
v -9.861656 2.116431 -9.922709
v -9.861656 2.116431 -10.778346
v -9.861656 2.116431 -11.633985
v -9.861656 2.116431 -12.489622
v -14.217476 2.198892 -12.489622
v -14.217476 2.198892 -11.633985
v -14.217476 2.198892 -10.778346
v -14.217476 2.198892 -9.922709
v -9.861656 2.198892 -9.922709
v -9.861656 2.198892 -10.778346
v -9.861656 2.198892 -11.633985
v -9.861656 2.198892 -12.489622
v -14.318130 2.116431 -12.548938
v -14.318130 2.116431 -11.653756
v -14.318130 2.116431 -10.758574
v -14.318130 2.116431 -9.863393
v -9.761002 2.116431 -9.863393
v -9.761002 2.116431 -10.758574
v -9.761002 2.116431 -11.653756
v -9.761002 2.116431 -12.548938
v -14.318130 2.198892 -12.548938
v -14.318130 2.198892 -11.653756
v -14.318130 2.198892 -10.758574
v -14.318130 2.198892 -9.863393
v -9.761002 2.198892 -9.863393
v -9.761002 2.198892 -10.758574
v -9.761002 2.198892 -11.653756
v -9.761002 2.198892 -12.548938
v -14.217476 1.493163 -9.922709
v -14.217476 1.493163 -10.778346
v -14.217476 1.493163 -11.633985
v -14.217476 1.493163 -12.489622
v -9.861656 1.493163 -12.489622
v -9.861656 1.493163 -11.633985
v -9.861656 1.493163 -10.778346
v -9.861656 1.493163 -9.922709
v -13.491506 1.340609 -9.067072
v -12.765536 1.340609 -9.067072
v -12.039566 1.340609 -9.067072
v -11.313596 1.340609 -9.067072
v -10.587626 1.340609 -9.067072
v -10.587626 1.340609 -13.345259
v -11.313596 1.340609 -13.345259
v -12.039566 1.340609 -13.345259
v -12.765536 1.340609 -13.345259
v -13.491507 1.340609 -13.345259
v -13.491506 2.116431 -9.067072
v -12.765536 2.116431 -9.067072
v -12.039566 2.116431 -9.067072
v -11.313596 2.116431 -9.067072
v -10.587626 2.116431 -9.067072
v -10.587626 2.116431 -13.345259
v -11.313596 2.116431 -13.345259
v -12.039566 2.116431 -13.345259
v -12.765536 2.116431 -13.345259
v -13.491507 2.116431 -13.345259
v -13.491506 2.198892 -9.067072
v -12.765536 2.198892 -9.067072
v -12.039566 2.198892 -9.067072
v -11.313596 2.198892 -9.067072
v -10.587626 2.198892 -9.067072
v -10.587626 2.198892 -13.345259
v -11.313596 2.198892 -13.345259
v -12.039566 2.198892 -13.345259
v -12.765536 2.198892 -13.345259
v -13.491507 2.198892 -13.345259
v -13.558609 2.116431 -8.968210
v -12.799088 2.116431 -8.968210
v -12.039566 2.116431 -8.968210
v -11.280045 2.116431 -8.968210
v -10.520523 2.116431 -8.968210
v -10.520523 2.116431 -13.444120
v -11.280045 2.116431 -13.444120
v -12.039566 2.116431 -13.444120
v -12.799088 2.116431 -13.444120
v -13.558609 2.116431 -13.444120
v -13.558609 2.198892 -8.968210
v -12.799088 2.198892 -8.968210
v -12.039566 2.198892 -8.968210
v -11.280045 2.198892 -8.968210
v -10.520523 2.198892 -8.968210
v -10.520523 2.198892 -13.444120
v -11.280045 2.198892 -13.444120
v -12.039566 2.198892 -13.444120
v -12.799088 2.198892 -13.444120
v -13.558609 2.198892 -13.444120
v -10.587626 1.493163 -9.067072
v -11.313596 1.493163 -9.067072
v -12.039566 1.493163 -9.067072
v -12.765536 1.493163 -9.067072
v -13.491507 1.493163 -9.067072
v -13.491506 1.493163 -13.345259
v -12.765536 1.493163 -13.345259
v -12.039566 1.493163 -13.345259
v -11.313596 1.493163 -13.345259
v -10.587626 1.493163 -13.345259
v -10.587626 2.198892 -9.922709
v -11.313596 2.198892 -9.922709
v -12.039566 2.198892 -9.922709
v -12.765536 2.198892 -9.922709
v -13.491507 2.198892 -9.922709
v -10.587626 2.198892 -10.778346
v -11.313596 2.198892 -10.778346
v -12.039566 2.198892 -10.778346
v -12.765536 2.198892 -10.778346
v -13.491507 2.198892 -10.778346
v -10.587626 2.198892 -11.633985
v -11.313596 2.198892 -11.633985
v -12.039566 2.198892 -11.633985
v -12.765536 2.198892 -11.633985
v -13.491507 2.198892 -11.633985
v -10.587626 2.198892 -12.489622
v -11.313596 2.198892 -12.489622
v -12.039566 2.198892 -12.489622
v -12.765536 2.198892 -12.489622
v -13.491507 2.198892 -12.489622
v -13.491506 1.340609 -9.922709
v -12.765536 1.340609 -9.922709
v -12.039566 1.340609 -9.922709
v -11.313596 1.340609 -9.922709
v -10.587626 1.340609 -9.922709
v -13.491506 1.340609 -10.778346
v -12.765536 1.340609 -10.778346
v -12.039566 1.340609 -10.778346
v -11.313596 1.340609 -10.778346
v -10.587626 1.340609 -10.778346
v -13.491506 1.340609 -11.633985
v -12.765536 1.340609 -11.633985
v -12.039566 1.340609 -11.633985
v -11.313596 1.340609 -11.633985
v -10.587626 1.340609 -11.633985
v -13.491506 1.340609 -12.489622
v -12.765536 1.340609 -12.489622
v -12.039566 1.340609 -12.489622
v -11.313596 1.340609 -12.489622
v -10.587626 1.340609 -12.489622
v -10.415494 1.572199 -9.067072
v -10.033789 1.572199 -9.067072
v -10.033789 2.037395 -9.067072
v -10.415494 2.037395 -9.067072
v -14.045343 1.572199 -9.067072
v -13.663638 1.572199 -9.067072
v -13.663638 2.037395 -9.067072
v -14.045343 2.037395 -9.067072
v -13.319374 1.572199 -9.067072
v -12.937669 1.572199 -9.067072
v -12.937668 2.037395 -9.067072
v -13.319374 2.037395 -9.067072
v -12.593404 1.572199 -9.067072
v -12.211699 1.572199 -9.067072
v -12.211699 2.037395 -9.067072
v -12.593404 2.037395 -9.067072
v -11.867434 1.572199 -9.067072
v -11.485728 1.572199 -9.067072
v -11.485728 2.037395 -9.067072
v -11.867434 2.037395 -9.067072
v -11.141464 1.572199 -9.067072
v -10.759758 1.572199 -9.067072
v -10.759758 2.037395 -9.067072
v -11.141463 2.037395 -9.067072
v -10.033789 1.572199 -9.159275
v -10.415494 1.572199 -9.159275
v -10.415494 2.037395 -9.159275
v -10.033789 2.037395 -9.159275
v -13.663638 1.572199 -9.159275
v -14.045343 1.572199 -9.159275
v -14.045343 2.037395 -9.159275
v -13.663638 2.037395 -9.159275
v -12.937669 1.572199 -9.159275
v -13.319374 1.572199 -9.159275
v -13.319374 2.037395 -9.159275
v -12.937668 2.037395 -9.159275
v -12.211699 1.572199 -9.159275
v -12.593404 1.572199 -9.159275
v -12.593404 2.037395 -9.159275
v -12.211699 2.037395 -9.159275
v -11.485728 1.572199 -9.159275
v -11.867434 1.572199 -9.159275
v -11.867434 2.037395 -9.159275
v -11.485728 2.037395 -9.159275
v -10.759758 1.572199 -9.159275
v -11.141464 1.572199 -9.159275
v -11.141463 2.037395 -9.159275
v -10.759758 2.037395 -9.159275
v -9.861656 1.570716 -12.655515
v -9.861656 1.570716 -13.179366
v -9.861656 2.038878 -13.179366
v -9.861656 2.038878 -12.655515
v -9.861656 1.570716 -9.232965
v -9.861656 1.570716 -9.756816
v -9.861656 2.038878 -9.756816
v -9.861656 2.038878 -9.232965
v -9.861656 1.570716 -10.088602
v -9.861656 1.570716 -10.612453
v -9.861656 2.038878 -10.612453
v -9.861656 2.038878 -10.088602
v -9.861656 1.570716 -10.944240
v -9.861656 1.570716 -11.468091
v -9.861656 2.038878 -11.468091
v -9.861656 2.038878 -10.944240
v -9.861656 1.570716 -11.799877
v -9.861656 1.570716 -12.323729
v -9.861656 2.038878 -12.323729
v -9.861656 2.038878 -11.799877
v -9.941063 1.570716 -13.179366
v -9.941063 1.570716 -12.655515
v -9.941063 2.038878 -12.655515
v -9.941063 2.038878 -13.179366
v -9.941063 1.570716 -9.756816
v -9.941063 1.570716 -9.232965
v -9.941063 2.038878 -9.232965
v -9.941063 2.038878 -9.756816
v -9.941063 1.570716 -10.612453
v -9.941063 1.570716 -10.088602
v -9.941063 2.038878 -10.088602
v -9.941063 2.038878 -10.612453
v -9.941063 1.570716 -11.468091
v -9.941063 1.570716 -10.944240
v -9.941063 2.038878 -10.944240
v -9.941063 2.038878 -11.468091
v -9.941063 1.570716 -12.323729
v -9.941063 1.570716 -11.799877
v -9.941063 2.038878 -11.799877
v -9.941063 2.038878 -12.323729
v -13.666407 1.573470 -13.345259
v -14.042576 1.573470 -13.345259
v -14.042576 2.036124 -13.345259
v -13.666407 2.036124 -13.345259
v -10.036556 1.573470 -13.345259
v -10.412725 1.573470 -13.345259
v -10.412725 2.036124 -13.345259
v -10.036556 2.036124 -13.345259
v -10.762527 1.573470 -13.345259
v -11.138696 1.573470 -13.345259
v -11.138696 2.036124 -13.345259
v -10.762527 2.036124 -13.345259
v -11.488497 1.573470 -13.345259
v -11.864666 1.573470 -13.345259
v -11.864666 2.036124 -13.345259
v -11.488497 2.036124 -13.345259
v -12.214466 1.573470 -13.345259
v -12.590635 1.573470 -13.345259
v -12.590635 2.036124 -13.345259
v -12.214466 2.036124 -13.345259
v -12.940436 1.573470 -13.345259
v -13.316606 1.573470 -13.345259
v -13.316606 2.036124 -13.345259
v -12.940436 2.036124 -13.345259
v -14.042576 1.573470 -13.250408
v -13.666407 1.573470 -13.250408
v -13.666407 2.036124 -13.250408
v -14.042576 2.036124 -13.250408
v -10.412725 1.573470 -13.250408
v -10.036556 1.573470 -13.250408
v -10.036556 2.036124 -13.250408
v -10.412725 2.036124 -13.250408
v -11.138696 1.573470 -13.250408
v -10.762527 1.573470 -13.250408
v -10.762527 2.036124 -13.250408
v -11.138696 2.036124 -13.250408
v -11.864666 1.573470 -13.250408
v -11.488497 1.573470 -13.250408
v -11.488497 2.036124 -13.250408
v -11.864666 2.036124 -13.250408
v -12.590635 1.573470 -13.250408
v -12.214466 1.573470 -13.250408
v -12.214466 2.036124 -13.250408
v -12.590635 2.036124 -13.250408
v -13.316606 1.573470 -13.250408
v -12.940436 1.573470 -13.250408
v -12.940436 2.036124 -13.250408
v -13.316606 2.036124 -13.250408
v -14.217476 2.198892 -9.067072
v -9.861656 2.198892 -9.067072
v -14.217476 2.198892 -13.345259
v -9.861656 2.198892 -13.345259
v -14.217476 2.974714 -13.345259
v -14.217476 2.974714 -9.067072
v -9.861656 2.974714 -9.067072
v -9.861656 2.974714 -13.345259
v -14.217476 3.057174 -13.345259
v -14.217476 3.057174 -9.067072
v -9.861656 3.057174 -9.067072
v -9.861656 3.057174 -13.345259
v -14.318130 2.974714 -13.444120
v -14.318130 2.974714 -8.968210
v -9.761002 2.974714 -8.968210
v -9.761002 2.974714 -13.444120
v -14.318130 3.057174 -13.444120
v -14.318130 3.057174 -8.968210
v -9.761002 3.057174 -8.968210
v -9.761002 3.057174 -13.444120
v -9.861656 2.351446 -13.345259
v -9.861656 2.351446 -9.067072
v -14.217476 2.351446 -9.067072
v -14.217476 2.351446 -13.345259
v -14.217476 2.198892 -12.489622
v -14.217476 2.198892 -11.633985
v -14.217476 2.198892 -10.778346
v -14.217476 2.198892 -9.922709
v -9.861656 2.198892 -9.922709
v -9.861656 2.198892 -10.778346
v -9.861656 2.198892 -11.633985
v -9.861656 2.198892 -12.489622
v -14.217476 2.974714 -12.489622
v -14.217476 2.974714 -11.633985
v -14.217476 2.974714 -10.778346
v -14.217476 2.974714 -9.922709
v -9.861656 2.974714 -9.922709
v -9.861656 2.974714 -10.778346
v -9.861656 2.974714 -11.633985
v -9.861656 2.974714 -12.489622
v -14.217476 3.057174 -12.489622
v -14.217476 3.057174 -11.633985
v -14.217476 3.057174 -10.778346
v -14.217476 3.057174 -9.922709
v -9.861656 3.057174 -9.922709
v -9.861656 3.057174 -10.778346
v -9.861656 3.057174 -11.633985
v -9.861656 3.057174 -12.489622
v -14.318130 2.974714 -12.548938
v -14.318130 2.974714 -11.653756
v -14.318130 2.974714 -10.758574
v -14.318130 2.974714 -9.863393
v -9.761002 2.974714 -9.863393
v -9.761002 2.974714 -10.758574
v -9.761002 2.974714 -11.653756
v -9.761002 2.974714 -12.548938
v -14.318130 3.057174 -12.548938
v -14.318130 3.057174 -11.653756
v -14.318130 3.057174 -10.758574
v -14.318130 3.057174 -9.863393
v -9.761002 3.057174 -9.863393
v -9.761002 3.057174 -10.758574
v -9.761002 3.057174 -11.653756
v -9.761002 3.057174 -12.548938
v -14.217476 2.351446 -9.922709
v -14.217476 2.351446 -10.778346
v -14.217476 2.351446 -11.633985
v -14.217476 2.351446 -12.489622
v -9.861656 2.351446 -12.489622
v -9.861656 2.351446 -11.633985
v -9.861656 2.351446 -10.778346
v -9.861656 2.351446 -9.922709
v -13.491506 2.198892 -9.067072
v -12.765536 2.198892 -9.067072
v -12.039566 2.198892 -9.067072
v -11.313596 2.198892 -9.067072
v -10.587626 2.198892 -9.067072
v -10.587626 2.198892 -13.345259
v -11.313596 2.198892 -13.345259
v -12.039566 2.198892 -13.345259
v -12.765536 2.198892 -13.345259
v -13.491507 2.198892 -13.345259
v -13.491506 2.974714 -9.067072
v -12.765536 2.974714 -9.067072
v -12.039566 2.974714 -9.067072
v -11.313596 2.974714 -9.067072
v -10.587626 2.974714 -9.067072
v -10.587626 2.974714 -13.345259
v -11.313596 2.974714 -13.345259
v -12.039566 2.974714 -13.345259
v -12.765536 2.974714 -13.345259
v -13.491507 2.974714 -13.345259
v -13.491506 3.057174 -9.067072
v -12.765536 3.057174 -9.067072
v -12.039566 3.057174 -9.067072
v -11.313596 3.057174 -9.067072
v -10.587626 3.057174 -9.067072
v -10.587626 3.057174 -13.345259
v -11.313596 3.057174 -13.345259
v -12.039566 3.057174 -13.345259
v -12.765536 3.057174 -13.345259
v -13.491507 3.057174 -13.345259
v -13.558609 2.974714 -8.968210
v -12.799088 2.974714 -8.968210
v -12.039566 2.974714 -8.968210
v -11.280045 2.974714 -8.968210
v -10.520523 2.974714 -8.968210
v -10.520523 2.974714 -13.444120
v -11.280045 2.974714 -13.444120
v -12.039566 2.974714 -13.444120
v -12.799088 2.974714 -13.444120
v -13.558609 2.974714 -13.444120
v -13.558609 3.057174 -8.968210
v -12.799088 3.057174 -8.968210
v -12.039566 3.057174 -8.968210
v -11.280045 3.057174 -8.968210
v -10.520523 3.057174 -8.968210
v -10.520523 3.057174 -13.444120
v -11.280045 3.057174 -13.444120
v -12.039566 3.057174 -13.444120
v -12.799088 3.057174 -13.444120
v -13.558609 3.057174 -13.444120
v -10.587626 2.351446 -9.067072
v -11.313596 2.351446 -9.067072
v -12.039566 2.351446 -9.067072
v -12.765536 2.351446 -9.067072
v -13.491507 2.351446 -9.067072
v -13.491506 2.351446 -13.345259
v -12.765536 2.351446 -13.345259
v -12.039566 2.351446 -13.345259
v -11.313596 2.351446 -13.345259
v -10.587626 2.351446 -13.345259
v -10.587626 3.057174 -9.922709
v -11.313596 3.057174 -9.922709
v -12.039566 3.057174 -9.922709
v -12.765536 3.057174 -9.922709
v -13.491507 3.057174 -9.922709
v -10.587626 3.057174 -10.778346
v -11.313596 3.057174 -10.778346
v -12.039566 3.057174 -10.778346
v -12.765536 3.057174 -10.778346
v -13.491507 3.057174 -10.778346
v -10.587626 3.057174 -11.633985
v -11.313596 3.057174 -11.633985
v -12.039566 3.057174 -11.633985
v -12.765536 3.057174 -11.633985
v -13.491507 3.057174 -11.633985
v -10.587626 3.057174 -12.489622
v -11.313596 3.057174 -12.489622
v -12.039566 3.057174 -12.489622
v -12.765536 3.057174 -12.489622
v -13.491507 3.057174 -12.489622
v -13.491506 2.198892 -9.922709
v -12.765536 2.198892 -9.922709
v -12.039566 2.198892 -9.922709
v -11.313596 2.198892 -9.922709
v -10.587626 2.198892 -9.922709
v -13.491506 2.198892 -10.778346
v -12.765536 2.198892 -10.778346
v -12.039566 2.198892 -10.778346
v -11.313596 2.198892 -10.778346
v -10.587626 2.198892 -10.778346
v -13.491506 2.198892 -11.633985
v -12.765536 2.198892 -11.633985
v -12.039566 2.198892 -11.633985
v -11.313596 2.198892 -11.633985
v -10.587626 2.198892 -11.633985
v -13.491506 2.198892 -12.489622
v -12.765536 2.198892 -12.489622
v -12.039566 2.198892 -12.489622
v -11.313596 2.198892 -12.489622
v -10.587626 2.198892 -12.489622
v -10.415494 2.430482 -9.067072
v -10.033789 2.430482 -9.067072
v -10.033789 2.895678 -9.067072
v -10.415494 2.895678 -9.067072
v -14.045343 2.430482 -9.067072
v -13.663638 2.430482 -9.067072
v -13.663638 2.895678 -9.067072
v -14.045343 2.895678 -9.067072
v -13.319374 2.430482 -9.067072
v -12.937669 2.430482 -9.067072
v -12.937668 2.895678 -9.067072
v -13.319374 2.895678 -9.067072
v -12.593404 2.430482 -9.067072
v -12.211699 2.430482 -9.067072
v -12.211699 2.895678 -9.067072
v -12.593404 2.895678 -9.067072
v -11.867434 2.430482 -9.067072
v -11.485728 2.430482 -9.067072
v -11.485728 2.895678 -9.067072
v -11.867434 2.895678 -9.067072
v -11.141464 2.430482 -9.067072
v -10.759758 2.430482 -9.067072
v -10.759758 2.895678 -9.067072
v -11.141463 2.895678 -9.067072
v -10.033789 2.430482 -9.159275
v -10.415494 2.430482 -9.159275
v -10.415494 2.895678 -9.159275
v -10.033789 2.895678 -9.159275
v -13.663638 2.430482 -9.159275
v -14.045343 2.430482 -9.159275
v -14.045343 2.895678 -9.159275
v -13.663638 2.895678 -9.159275
v -12.937669 2.430482 -9.159275
v -13.319374 2.430482 -9.159275
v -13.319374 2.895678 -9.159275
v -12.937668 2.895678 -9.159275
v -12.211699 2.430482 -9.159275
v -12.593404 2.430482 -9.159275
v -12.593404 2.895678 -9.159275
v -12.211699 2.895678 -9.159275
v -11.485728 2.430482 -9.159275
v -11.867434 2.430482 -9.159275
v -11.867434 2.895678 -9.159275
v -11.485728 2.895678 -9.159275
v -10.759758 2.430482 -9.159275
v -11.141464 2.430482 -9.159275
v -11.141463 2.895678 -9.159275
v -10.759758 2.895678 -9.159275
v -9.861656 2.428999 -12.655515
v -9.861656 2.428999 -13.179366
v -9.861656 2.897161 -13.179366
v -9.861656 2.897161 -12.655515
v -9.861656 2.428999 -9.232965
v -9.861656 2.428999 -9.756816
v -9.861656 2.897161 -9.756816
v -9.861656 2.897161 -9.232965
v -9.861656 2.428999 -10.088602
v -9.861656 2.428999 -10.612453
v -9.861656 2.897161 -10.612453
v -9.861656 2.897161 -10.088602
v -9.861656 2.428999 -10.944240
v -9.861656 2.428999 -11.468091
v -9.861656 2.897161 -11.468091
v -9.861656 2.897161 -10.944240
v -9.861656 2.428999 -11.799877
v -9.861656 2.428999 -12.323729
v -9.861656 2.897161 -12.323729
v -9.861656 2.897161 -11.799877
v -9.941063 2.428999 -13.179366
v -9.941063 2.428999 -12.655515
v -9.941063 2.897161 -12.655515
v -9.941063 2.897161 -13.179366
v -9.941063 2.428999 -9.756816
v -9.941063 2.428999 -9.232965
v -9.941063 2.897161 -9.232965
v -9.941063 2.897161 -9.756816
v -9.941063 2.428999 -10.612453
v -9.941063 2.428999 -10.088602
v -9.941063 2.897161 -10.088602
v -9.941063 2.897161 -10.612453
v -9.941063 2.428999 -11.468091
v -9.941063 2.428999 -10.944240
v -9.941063 2.897161 -10.944240
v -9.941063 2.897161 -11.468091
v -9.941063 2.428999 -12.323729
v -9.941063 2.428999 -11.799877
v -9.941063 2.897161 -11.799877
v -9.941063 2.897161 -12.323729
v -13.666407 2.431753 -13.345259
v -14.042576 2.431753 -13.345259
v -14.042576 2.894407 -13.345259
v -13.666407 2.894407 -13.345259
v -10.036556 2.431753 -13.345259
v -10.412725 2.431753 -13.345259
v -10.412725 2.894407 -13.345259
v -10.036556 2.894407 -13.345259
v -10.762527 2.431753 -13.345259
v -11.138696 2.431753 -13.345259
v -11.138696 2.894407 -13.345259
v -10.762527 2.894407 -13.345259
v -11.488497 2.431753 -13.345259
v -11.864666 2.431753 -13.345259
v -11.864666 2.894407 -13.345259
v -11.488497 2.894407 -13.345259
v -12.214466 2.431753 -13.345259
v -12.590635 2.431753 -13.345259
v -12.590635 2.894407 -13.345259
v -12.214466 2.894407 -13.345259
v -12.940436 2.431753 -13.345259
v -13.316606 2.431753 -13.345259
v -13.316606 2.894407 -13.345259
v -12.940436 2.894407 -13.345259
v -14.042576 2.431753 -13.250408
v -13.666407 2.431753 -13.250408
v -13.666407 2.894407 -13.250408
v -14.042576 2.894407 -13.250408
v -10.412725 2.431753 -13.250408
v -10.036556 2.431753 -13.250408
v -10.036556 2.894407 -13.250408
v -10.412725 2.894407 -13.250408
v -11.138696 2.431753 -13.250408
v -10.762527 2.431753 -13.250408
v -10.762527 2.894407 -13.250408
v -11.138696 2.894407 -13.250408
v -11.864666 2.431753 -13.250408
v -11.488497 2.431753 -13.250408
v -11.488497 2.894407 -13.250408
v -11.864666 2.894407 -13.250408
v -12.590635 2.431753 -13.250408
v -12.214466 2.431753 -13.250408
v -12.214466 2.894407 -13.250408
v -12.590635 2.894407 -13.250408
v -13.316606 2.431753 -13.250408
v -12.940436 2.431753 -13.250408
v -12.940436 2.894407 -13.250408
v -13.316606 2.894407 -13.250408
v -14.217476 3.057174 -9.067072
v -9.861656 3.057174 -9.067072
v -14.217476 3.057174 -13.345259
v -9.861656 3.057174 -13.345259
v -14.217476 3.832996 -13.345259
v -14.217476 3.832996 -9.067072
v -9.861656 3.832996 -9.067072
v -9.861656 3.832996 -13.345259
v -14.217476 3.915457 -13.345259
v -14.217476 3.915457 -9.067072
v -9.861656 3.915457 -9.067072
v -9.861656 3.915457 -13.345259
v -14.318130 3.832996 -13.444120
v -14.318130 3.832996 -8.968210
v -9.761002 3.832996 -8.968210
v -9.761002 3.832996 -13.444120
v -14.318130 3.915457 -13.444120
v -14.318130 3.915457 -8.968210
v -9.761002 3.915457 -8.968210
v -9.761002 3.915457 -13.444120
v -9.861656 3.209729 -13.345259
v -9.861656 3.209729 -9.067072
v -14.217476 3.209729 -9.067072
v -14.217476 3.209729 -13.345259
v -14.217476 3.057174 -12.489622
v -14.217476 3.057174 -11.633985
v -14.217476 3.057174 -10.778346
v -14.217476 3.057174 -9.922709
v -9.861656 3.057174 -9.922709
v -9.861656 3.057174 -10.778346
v -9.861656 3.057174 -11.633985
v -9.861656 3.057174 -12.489622
v -14.217476 3.832996 -12.489622
v -14.217476 3.832996 -11.633985
v -14.217476 3.832996 -10.778346
v -14.217476 3.832996 -9.922709
v -9.861656 3.832996 -9.922709
v -9.861656 3.832996 -10.778346
v -9.861656 3.832996 -11.633985
v -9.861656 3.832996 -12.489622
v -14.217476 3.915457 -12.489622
v -14.217476 3.915457 -11.633985
v -14.217476 3.915457 -10.778346
v -14.217476 3.915457 -9.922709
v -9.861656 3.915457 -9.922709
v -9.861656 3.915457 -10.778346
v -9.861656 3.915457 -11.633985
v -9.861656 3.915457 -12.489622
v -14.318130 3.832996 -12.548938
v -14.318130 3.832996 -11.653756
v -14.318130 3.832996 -10.758574
v -14.318130 3.832996 -9.863393
v -9.761002 3.832996 -9.863393
v -9.761002 3.832996 -10.758574
v -9.761002 3.832996 -11.653756
v -9.761002 3.832996 -12.548938
v -14.318130 3.915457 -12.548938
v -14.318130 3.915457 -11.653756
v -14.318130 3.915457 -10.758574
v -14.318130 3.915457 -9.863393
v -9.761002 3.915457 -9.863393
v -9.761002 3.915457 -10.758574
v -9.761002 3.915457 -11.653756
v -9.761002 3.915457 -12.548938
v -14.217476 3.209729 -9.922709
v -14.217476 3.209729 -10.778346
v -14.217476 3.209729 -11.633985
v -14.217476 3.209729 -12.489622
v -9.861656 3.209729 -12.489622
v -9.861656 3.209729 -11.633985
v -9.861656 3.209729 -10.778346
v -9.861656 3.209729 -9.922709
v -13.491506 3.057174 -9.067072
v -12.765536 3.057174 -9.067072
v -12.039566 3.057174 -9.067072
v -11.313596 3.057174 -9.067072
v -10.587626 3.057174 -9.067072
v -10.587626 3.057174 -13.345259
v -11.313596 3.057174 -13.345259
v -12.039566 3.057174 -13.345259
v -12.765536 3.057174 -13.345259
v -13.491507 3.057174 -13.345259
v -13.491506 3.832996 -9.067072
v -12.765536 3.832996 -9.067072
v -12.039566 3.832996 -9.067072
v -11.313596 3.832996 -9.067072
v -10.587626 3.832996 -9.067072
v -10.587626 3.832996 -13.345259
v -11.313596 3.832996 -13.345259
v -12.039566 3.832996 -13.345259
v -12.765536 3.832996 -13.345259
v -13.491507 3.832996 -13.345259
v -13.491506 3.915457 -9.067072
v -12.765536 3.915457 -9.067072
v -12.039566 3.915457 -9.067072
v -11.313596 3.915457 -9.067072
v -10.587626 3.915457 -9.067072
v -10.587626 3.915457 -13.345259
v -11.313596 3.915457 -13.345259
v -12.039566 3.915457 -13.345259
v -12.765536 3.915457 -13.345259
v -13.491507 3.915457 -13.345259
v -13.558609 3.832996 -8.968210
v -12.799088 3.832996 -8.968210
v -12.039566 3.832996 -8.968210
v -11.280045 3.832996 -8.968210
v -10.520523 3.832996 -8.968210
v -10.520523 3.832996 -13.444120
v -11.280045 3.832996 -13.444120
v -12.039566 3.832996 -13.444120
v -12.799088 3.832996 -13.444120
v -13.558609 3.832996 -13.444120
v -13.558609 3.915457 -8.968210
v -12.799088 3.915457 -8.968210
v -12.039566 3.915457 -8.968210
v -11.280045 3.915457 -8.968210
v -10.520523 3.915457 -8.968210
v -10.520523 3.915457 -13.444120
v -11.280045 3.915457 -13.444120
v -12.039566 3.915457 -13.444120
v -12.799088 3.915457 -13.444120
v -13.558609 3.915457 -13.444120
v -10.587626 3.209729 -9.067072
v -11.313596 3.209729 -9.067072
v -12.039566 3.209729 -9.067072
v -12.765536 3.209729 -9.067072
v -13.491507 3.209729 -9.067072
v -13.491506 3.209729 -13.345259
v -12.765536 3.209729 -13.345259
v -12.039566 3.209729 -13.345259
v -11.313596 3.209729 -13.345259
v -10.587626 3.209729 -13.345259
v -10.587626 3.915457 -9.922709
v -11.313596 3.915457 -9.922709
v -12.039566 3.915457 -9.922709
v -12.765536 3.915457 -9.922709
v -13.491507 3.915457 -9.922709
v -10.587626 3.915457 -10.778346
v -11.313596 3.915457 -10.778346
v -12.039566 3.915457 -10.778346
v -12.765536 3.915457 -10.778346
v -13.491507 3.915457 -10.778346
v -10.587626 3.915457 -11.633985
v -11.313596 3.915457 -11.633985
v -12.039566 3.915457 -11.633985
v -12.765536 3.915457 -11.633985
v -13.491507 3.915457 -11.633985
v -10.587626 3.915457 -12.489622
v -11.313596 3.915457 -12.489622
v -12.039566 3.915457 -12.489622
v -12.765536 3.915457 -12.489622
v -13.491507 3.915457 -12.489622
v -13.491506 3.057174 -9.922709
v -12.765536 3.057174 -9.922709
v -12.039566 3.057174 -9.922709
v -11.313596 3.057174 -9.922709
v -10.587626 3.057174 -9.922709
v -13.491506 3.057174 -10.778346
v -12.765536 3.057174 -10.778346
v -12.039566 3.057174 -10.778346
v -11.313596 3.057174 -10.778346
v -10.587626 3.057174 -10.778346
v -13.491506 3.057174 -11.633985
v -12.765536 3.057174 -11.633985
v -12.039566 3.057174 -11.633985
v -11.313596 3.057174 -11.633985
v -10.587626 3.057174 -11.633985
v -13.491506 3.057174 -12.489622
v -12.765536 3.057174 -12.489622
v -12.039566 3.057174 -12.489622
v -11.313596 3.057174 -12.489622
v -10.587626 3.057174 -12.489622
v -10.415494 3.288764 -9.067072
v -10.033789 3.288764 -9.067072
v -10.033789 3.753961 -9.067072
v -10.415494 3.753961 -9.067072
v -14.045343 3.288764 -9.067072
v -13.663638 3.288764 -9.067072
v -13.663638 3.753961 -9.067072
v -14.045343 3.753961 -9.067072
v -13.319374 3.288764 -9.067072
v -12.937669 3.288764 -9.067072
v -12.937668 3.753961 -9.067072
v -13.319374 3.753961 -9.067072
v -12.593404 3.288764 -9.067072
v -12.211699 3.288764 -9.067072
v -12.211699 3.753961 -9.067072
v -12.593404 3.753961 -9.067072
v -11.867434 3.288764 -9.067072
v -11.485728 3.288764 -9.067072
v -11.485728 3.753961 -9.067072
v -11.867434 3.753961 -9.067072
v -11.141464 3.288764 -9.067072
v -10.759758 3.288764 -9.067072
v -10.759758 3.753961 -9.067072
v -11.141463 3.753961 -9.067072
v -10.033789 3.288764 -9.159275
v -10.415494 3.288764 -9.159275
v -10.415494 3.753961 -9.159275
v -10.033789 3.753961 -9.159275
v -13.663638 3.288764 -9.159275
v -14.045343 3.288764 -9.159275
v -14.045343 3.753961 -9.159275
v -13.663638 3.753961 -9.159275
v -12.937669 3.288764 -9.159275
v -13.319374 3.288764 -9.159275
v -13.319374 3.753961 -9.159275
v -12.937668 3.753961 -9.159275
v -12.211699 3.288764 -9.159275
v -12.593404 3.288764 -9.159275
v -12.593404 3.753961 -9.159275
v -12.211699 3.753961 -9.159275
v -11.485728 3.288764 -9.159275
v -11.867434 3.288764 -9.159275
v -11.867434 3.753961 -9.159275
v -11.485728 3.753961 -9.159275
v -10.759758 3.288764 -9.159275
v -11.141464 3.288764 -9.159275
v -11.141463 3.753961 -9.159275
v -10.759758 3.753961 -9.159275
v -9.861656 3.287282 -12.655515
v -9.861656 3.287282 -13.179366
v -9.861656 3.755444 -13.179366
v -9.861656 3.755444 -12.655515
v -9.861656 3.287282 -9.232965
v -9.861656 3.287282 -9.756816
v -9.861656 3.755444 -9.756816
v -9.861656 3.755444 -9.232965
v -9.861656 3.287282 -10.088602
v -9.861656 3.287282 -10.612453
v -9.861656 3.755444 -10.612453
v -9.861656 3.755444 -10.088602
v -9.861656 3.287282 -10.944240
v -9.861656 3.287282 -11.468091
v -9.861656 3.755444 -11.468091
v -9.861656 3.755444 -10.944240
v -9.861656 3.287282 -11.799877
v -9.861656 3.287282 -12.323729
v -9.861656 3.755444 -12.323729
v -9.861656 3.755444 -11.799877
v -9.941063 3.287282 -13.179366
v -9.941063 3.287282 -12.655515
v -9.941063 3.755444 -12.655515
v -9.941063 3.755444 -13.179366
v -9.941063 3.287282 -9.756816
v -9.941063 3.287282 -9.232965
v -9.941063 3.755444 -9.232965
v -9.941063 3.755444 -9.756816
v -9.941063 3.287282 -10.612453
v -9.941063 3.287282 -10.088602
v -9.941063 3.755444 -10.088602
v -9.941063 3.755444 -10.612453
v -9.941063 3.287282 -11.468091
v -9.941063 3.287282 -10.944240
v -9.941063 3.755444 -10.944240
v -9.941063 3.755444 -11.468091
v -9.941063 3.287282 -12.323729
v -9.941063 3.287282 -11.799877
v -9.941063 3.755444 -11.799877
v -9.941063 3.755444 -12.323729
v -13.666407 3.290035 -13.345259
v -14.042576 3.290035 -13.345259
v -14.042576 3.752690 -13.345259
v -13.666407 3.752690 -13.345259
v -10.036556 3.290035 -13.345259
v -10.412725 3.290035 -13.345259
v -10.412725 3.752690 -13.345259
v -10.036556 3.752690 -13.345259
v -10.762527 3.290035 -13.345259
v -11.138696 3.290035 -13.345259
v -11.138696 3.752690 -13.345259
v -10.762527 3.752690 -13.345259
v -11.488497 3.290035 -13.345259
v -11.864666 3.290035 -13.345259
v -11.864666 3.752690 -13.345259
v -11.488497 3.752690 -13.345259
v -12.214466 3.290035 -13.345259
v -12.590635 3.290035 -13.345259
v -12.590635 3.752690 -13.345259
v -12.214466 3.752690 -13.345259
v -12.940436 3.290035 -13.345259
v -13.316606 3.290035 -13.345259
v -13.316606 3.752690 -13.345259
v -12.940436 3.752690 -13.345259
v -14.042576 3.290035 -13.250408
v -13.666407 3.290035 -13.250408
v -13.666407 3.752690 -13.250408
v -14.042576 3.752690 -13.250408
v -10.412725 3.290035 -13.250408
v -10.036556 3.290035 -13.250408
v -10.036556 3.752690 -13.250408
v -10.412725 3.752690 -13.250408
v -11.138696 3.290035 -13.250408
v -10.762527 3.290035 -13.250408
v -10.762527 3.752690 -13.250408
v -11.138696 3.752690 -13.250408
v -11.864666 3.290035 -13.250408
v -11.488497 3.290035 -13.250408
v -11.488497 3.752690 -13.250408
v -11.864666 3.752690 -13.250408
v -12.590635 3.290035 -13.250408
v -12.214466 3.290035 -13.250408
v -12.214466 3.752690 -13.250408
v -12.590635 3.752690 -13.250408
v -13.316606 3.290035 -13.250408
v -12.940436 3.290035 -13.250408
v -12.940436 3.752690 -13.250408
v -13.316606 3.752690 -13.250408
v -14.217476 3.915457 -9.067072
v -9.861656 3.915457 -9.067072
v -14.217476 3.915457 -13.345259
v -9.861656 3.915457 -13.345259
v -14.217476 4.691279 -13.345259
v -14.217476 4.691279 -9.067072
v -9.861656 4.691279 -9.067072
v -9.861656 4.691279 -13.345259
v -14.217476 4.773740 -13.345259
v -14.217476 4.773740 -9.067072
v -9.861656 4.773740 -9.067072
v -9.861656 4.773740 -13.345259
v -14.318130 4.691279 -13.444120
v -14.318130 4.691279 -8.968210
v -9.761002 4.691279 -8.968210
v -9.761002 4.691279 -13.444120
v -14.318130 4.773740 -13.444120
v -14.318130 4.773740 -8.968210
v -9.761002 4.773740 -8.968210
v -9.761002 4.773740 -13.444120
v -9.861656 4.068012 -13.345259
v -9.861656 4.068012 -9.067072
v -14.217476 4.068012 -9.067072
v -14.217476 4.068012 -13.345259
v -14.217476 3.915457 -12.489622
v -14.217476 3.915457 -11.633985
v -14.217476 3.915457 -10.778346
v -14.217476 3.915457 -9.922709
v -9.861656 3.915457 -9.922709
v -9.861656 3.915457 -10.778346
v -9.861656 3.915457 -11.633985
v -9.861656 3.915457 -12.489622
v -14.217476 4.691279 -12.489622
v -14.217476 4.691279 -11.633985
v -14.217476 4.691279 -10.778346
v -14.217476 4.691279 -9.922709
v -9.861656 4.691279 -9.922709
v -9.861656 4.691279 -10.778346
v -9.861656 4.691279 -11.633985
v -9.861656 4.691279 -12.489622
v -14.217476 4.773740 -12.489622
v -14.217476 4.773740 -11.633985
v -14.217476 4.773740 -10.778346
v -14.217476 4.773740 -9.922709
v -9.861656 4.773740 -9.922709
v -9.861656 4.773740 -10.778346
v -9.861656 4.773740 -11.633985
v -9.861656 4.773740 -12.489622
v -14.318130 4.691279 -12.548938
v -14.318130 4.691279 -11.653756
v -14.318130 4.691279 -10.758574
v -14.318130 4.691279 -9.863393
v -9.761002 4.691279 -9.863393
v -9.761002 4.691279 -10.758574
v -9.761002 4.691279 -11.653756
v -9.761002 4.691279 -12.548938
v -14.318130 4.773740 -12.548938
v -14.318130 4.773740 -11.653756
v -14.318130 4.773740 -10.758574
v -14.318130 4.773740 -9.863393
v -9.761002 4.773740 -9.863393
v -9.761002 4.773740 -10.758574
v -9.761002 4.773740 -11.653756
v -9.761002 4.773740 -12.548938
v -14.217476 4.068012 -9.922709
v -14.217476 4.068012 -10.778346
v -14.217476 4.068012 -11.633985
v -14.217476 4.068012 -12.489622
v -9.861656 4.068012 -12.489622
v -9.861656 4.068012 -11.633985
v -9.861656 4.068012 -10.778346
v -9.861656 4.068012 -9.922709
v -13.491506 3.915457 -9.067072
v -12.765536 3.915457 -9.067072
v -12.039566 3.915457 -9.067072
v -11.313596 3.915457 -9.067072
v -10.587626 3.915457 -9.067072
v -10.587626 3.915457 -13.345259
v -11.313596 3.915457 -13.345259
v -12.039566 3.915457 -13.345259
v -12.765536 3.915457 -13.345259
v -13.491507 3.915457 -13.345259
v -13.491506 4.691279 -9.067072
v -12.765536 4.691279 -9.067072
v -12.039566 4.691279 -9.067072
v -11.313596 4.691279 -9.067072
v -10.587626 4.691279 -9.067072
v -10.587626 4.691279 -13.345259
v -11.313596 4.691279 -13.345259
v -12.039566 4.691279 -13.345259
v -12.765536 4.691279 -13.345259
v -13.491507 4.691279 -13.345259
v -13.491506 4.773740 -9.067072
v -12.765536 4.773740 -9.067072
v -12.039566 4.773740 -9.067072
v -11.313596 4.773740 -9.067072
v -10.587626 4.773740 -9.067072
v -10.587626 4.773740 -13.345259
v -11.313596 4.773740 -13.345259
v -12.039566 4.773740 -13.345259
v -12.765536 4.773740 -13.345259
v -13.491507 4.773740 -13.345259
v -13.558609 4.691279 -8.968210
v -12.799088 4.691279 -8.968210
v -12.039566 4.691279 -8.968210
v -11.280045 4.691279 -8.968210
v -10.520523 4.691279 -8.968210
v -10.520523 4.691279 -13.444120
v -11.280045 4.691279 -13.444120
v -12.039566 4.691279 -13.444120
v -12.799088 4.691279 -13.444120
v -13.558609 4.691279 -13.444120
v -13.558609 4.773740 -8.968210
v -12.799088 4.773740 -8.968210
v -12.039566 4.773740 -8.968210
v -11.280045 4.773740 -8.968210
v -10.520523 4.773740 -8.968210
v -10.520523 4.773740 -13.444120
v -11.280045 4.773740 -13.444120
v -12.039566 4.773740 -13.444120
v -12.799088 4.773740 -13.444120
v -13.558609 4.773740 -13.444120
v -10.587626 4.068012 -9.067072
v -11.313596 4.068012 -9.067072
v -12.039566 4.068012 -9.067072
v -12.765536 4.068012 -9.067072
v -13.491507 4.068012 -9.067072
v -13.491506 4.068012 -13.345259
v -12.765536 4.068012 -13.345259
v -12.039566 4.068012 -13.345259
v -11.313596 4.068012 -13.345259
v -10.587626 4.068012 -13.345259
v -10.587626 4.773740 -9.922709
v -11.313596 4.773740 -9.922709
v -12.039566 4.773740 -9.922709
v -12.765536 4.773740 -9.922709
v -13.491507 4.773740 -9.922709
v -10.587626 4.773740 -10.778346
v -11.313596 4.773740 -10.778346
v -12.039566 4.773740 -10.778346
v -12.765536 4.773740 -10.778346
v -13.491507 4.773740 -10.778346
v -10.587626 4.773740 -11.633985
v -11.313596 4.773740 -11.633985
v -12.039566 4.773740 -11.633985
v -12.765536 4.773740 -11.633985
v -13.491507 4.773740 -11.633985
v -10.587626 4.773740 -12.489622
v -11.313596 4.773740 -12.489622
v -12.039566 4.773740 -12.489622
v -12.765536 4.773740 -12.489622
v -13.491507 4.773740 -12.489622
v -13.491506 3.915457 -9.922709
v -12.765536 3.915457 -9.922709
v -12.039566 3.915457 -9.922709
v -11.313596 3.915457 -9.922709
v -10.587626 3.915457 -9.922709
v -13.491506 3.915457 -10.778346
v -12.765536 3.915457 -10.778346
v -12.039566 3.915457 -10.778346
v -11.313596 3.915457 -10.778346
v -10.587626 3.915457 -10.778346
v -13.491506 3.915457 -11.633985
v -12.765536 3.915457 -11.633985
v -12.039566 3.915457 -11.633985
v -11.313596 3.915457 -11.633985
v -10.587626 3.915457 -11.633985
v -13.491506 3.915457 -12.489622
v -12.765536 3.915457 -12.489622
v -12.039566 3.915457 -12.489622
v -11.313596 3.915457 -12.489622
v -10.587626 3.915457 -12.489622
v -10.415494 4.147047 -9.067072
v -10.033789 4.147047 -9.067072
v -10.033789 4.612244 -9.067072
v -10.415494 4.612244 -9.067072
v -14.045343 4.147047 -9.067072
v -13.663638 4.147047 -9.067072
v -13.663638 4.612244 -9.067072
v -14.045343 4.612244 -9.067072
v -13.319374 4.147047 -9.067072
v -12.937669 4.147047 -9.067072
v -12.937668 4.612244 -9.067072
v -13.319374 4.612244 -9.067072
v -12.593404 4.147047 -9.067072
v -12.211699 4.147047 -9.067072
v -12.211699 4.612244 -9.067072
v -12.593404 4.612244 -9.067072
v -11.867434 4.147047 -9.067072
v -11.485728 4.147047 -9.067072
v -11.485728 4.612244 -9.067072
v -11.867434 4.612244 -9.067072
v -11.141464 4.147047 -9.067072
v -10.759758 4.147047 -9.067072
v -10.759758 4.612244 -9.067072
v -11.141463 4.612244 -9.067072
v -10.033789 4.147047 -9.159275
v -10.415494 4.147047 -9.159275
v -10.415494 4.612244 -9.159275
v -10.033789 4.612244 -9.159275
v -13.663638 4.147047 -9.159275
v -14.045343 4.147047 -9.159275
v -14.045343 4.612244 -9.159275
v -13.663638 4.612244 -9.159275
v -12.937669 4.147047 -9.159275
v -13.319374 4.147047 -9.159275
v -13.319374 4.612244 -9.159275
v -12.937668 4.612244 -9.159275
v -12.211699 4.147047 -9.159275
v -12.593404 4.147047 -9.159275
v -12.593404 4.612244 -9.159275
v -12.211699 4.612244 -9.159275
v -11.485728 4.147047 -9.159275
v -11.867434 4.147047 -9.159275
v -11.867434 4.612244 -9.159275
v -11.485728 4.612244 -9.159275
v -10.759758 4.147047 -9.159275
v -11.141464 4.147047 -9.159275
v -11.141463 4.612244 -9.159275
v -10.759758 4.612244 -9.159275
v -9.861656 4.145565 -12.655515
v -9.861656 4.145565 -13.179366
v -9.861656 4.613726 -13.179366
v -9.861656 4.613726 -12.655515
v -9.861656 4.145565 -9.232965
v -9.861656 4.145565 -9.756816
v -9.861656 4.613726 -9.756816
v -9.861656 4.613726 -9.232965
v -9.861656 4.145565 -10.088602
v -9.861656 4.145565 -10.612453
v -9.861656 4.613726 -10.612453
v -9.861656 4.613726 -10.088602
v -9.861656 4.145565 -10.944240
v -9.861656 4.145565 -11.468091
v -9.861656 4.613726 -11.468091
v -9.861656 4.613726 -10.944240
v -9.861656 4.145565 -11.799877
v -9.861656 4.145565 -12.323729
v -9.861656 4.613726 -12.323729
v -9.861656 4.613726 -11.799877
v -9.941063 4.145565 -13.179366
v -9.941063 4.145565 -12.655515
v -9.941063 4.613726 -12.655515
v -9.941063 4.613726 -13.179366
v -9.941063 4.145565 -9.756816
v -9.941063 4.145565 -9.232965
v -9.941063 4.613726 -9.232965
v -9.941063 4.613726 -9.756816
v -9.941063 4.145565 -10.612453
v -9.941063 4.145565 -10.088602
v -9.941063 4.613726 -10.088602
v -9.941063 4.613726 -10.612453
v -9.941063 4.145565 -11.468091
v -9.941063 4.145565 -10.944240
v -9.941063 4.613726 -10.944240
v -9.941063 4.613726 -11.468091
v -9.941063 4.145565 -12.323729
v -9.941063 4.145565 -11.799877
v -9.941063 4.613726 -11.799877
v -9.941063 4.613726 -12.323729
v -13.666407 4.148318 -13.345259
v -14.042576 4.148318 -13.345259
v -14.042576 4.610973 -13.345259
v -13.666407 4.610973 -13.345259
v -10.036556 4.148318 -13.345259
v -10.412725 4.148318 -13.345259
v -10.412725 4.610973 -13.345259
v -10.036556 4.610973 -13.345259
v -10.762527 4.148318 -13.345259
v -11.138696 4.148318 -13.345259
v -11.138696 4.610973 -13.345259
v -10.762527 4.610973 -13.345259
v -11.488497 4.148318 -13.345259
v -11.864666 4.148318 -13.345259
v -11.864666 4.610973 -13.345259
v -11.488497 4.610973 -13.345259
v -12.214466 4.148318 -13.345259
v -12.590635 4.148318 -13.345259
v -12.590635 4.610973 -13.345259
v -12.214466 4.610973 -13.345259
v -12.940436 4.148318 -13.345259
v -13.316606 4.148318 -13.345259
v -13.316606 4.610973 -13.345259
v -12.940436 4.610973 -13.345259
v -14.042576 4.148318 -13.250408
v -13.666407 4.148318 -13.250408
v -13.666407 4.610973 -13.250408
v -14.042576 4.610973 -13.250408
v -10.412725 4.148318 -13.250408
v -10.036556 4.148318 -13.250408
v -10.036556 4.610973 -13.250408
v -10.412725 4.610973 -13.250408
v -11.138696 4.148318 -13.250408
v -10.762527 4.148318 -13.250408
v -10.762527 4.610973 -13.250408
v -11.138696 4.610973 -13.250408
v -11.864666 4.148318 -13.250408
v -11.488497 4.148318 -13.250408
v -11.488497 4.610973 -13.250408
v -11.864666 4.610973 -13.250408
v -12.590635 4.148318 -13.250408
v -12.214466 4.148318 -13.250408
v -12.214466 4.610973 -13.250408
v -12.590635 4.610973 -13.250408
v -13.316606 4.148318 -13.250408
v -12.940436 4.148318 -13.250408
v -12.940436 4.610973 -13.250408
v -13.316606 4.610973 -13.250408
v -14.217476 4.773740 -9.067072
v -9.861656 4.773740 -9.067072
v -14.217476 4.773740 -13.345259
v -9.861656 4.773740 -13.345259
v -14.217476 5.549562 -13.345259
v -14.217476 5.549562 -9.067072
v -9.861656 5.549562 -9.067072
v -9.861656 5.549562 -13.345259
v -14.217476 5.632022 -13.345259
v -14.217476 5.632022 -9.067072
v -9.861656 5.632022 -9.067072
v -9.861656 5.632022 -13.345259
v -14.318130 5.549562 -13.444120
v -14.318130 5.549562 -8.968210
v -9.761002 5.549562 -8.968210
v -9.761002 5.549562 -13.444120
v -14.318130 5.632022 -13.444120
v -14.318130 5.632022 -8.968210
v -9.761002 5.632022 -8.968210
v -9.761002 5.632022 -13.444120
v -9.861656 4.926294 -13.345259
v -9.861656 4.926294 -9.067072
v -14.217476 4.926294 -9.067072
v -14.217476 4.926294 -13.345259
v -14.217476 4.773740 -12.489622
v -14.217476 4.773740 -11.633985
v -14.217476 4.773740 -10.778346
v -14.217476 4.773740 -9.922709
v -9.861656 4.773740 -9.922709
v -9.861656 4.773740 -10.778346
v -9.861656 4.773740 -11.633985
v -9.861656 4.773740 -12.489622
v -14.217476 5.549562 -12.489622
v -14.217476 5.549562 -11.633985
v -14.217476 5.549562 -10.778346
v -14.217476 5.549562 -9.922709
v -9.861656 5.549562 -9.922709
v -9.861656 5.549562 -10.778346
v -9.861656 5.549562 -11.633985
v -9.861656 5.549562 -12.489622
v -14.217476 5.632022 -12.489622
v -14.217476 5.632022 -11.633985
v -14.217476 5.632022 -10.778346
v -14.217476 5.632022 -9.922709
v -9.861656 5.632022 -9.922709
v -9.861656 5.632022 -10.778346
v -9.861656 5.632022 -11.633985
v -9.861656 5.632022 -12.489622
v -14.318130 5.549562 -12.548938
v -14.318130 5.549562 -11.653756
v -14.318130 5.549562 -10.758574
v -14.318130 5.549562 -9.863393
v -9.761002 5.549562 -9.863393
v -9.761002 5.549562 -10.758574
v -9.761002 5.549562 -11.653756
v -9.761002 5.549562 -12.548938
v -14.318130 5.632022 -12.548938
v -14.318130 5.632022 -11.653756
v -14.318130 5.632022 -10.758574
v -14.318130 5.632022 -9.863393
v -9.761002 5.632022 -9.863393
v -9.761002 5.632022 -10.758574
v -9.761002 5.632022 -11.653756
v -9.761002 5.632022 -12.548938
v -14.217476 4.926294 -9.922709
v -14.217476 4.926294 -10.778346
v -14.217476 4.926294 -11.633985
v -14.217476 4.926294 -12.489622
v -9.861656 4.926294 -12.489622
v -9.861656 4.926294 -11.633985
v -9.861656 4.926294 -10.778346
v -9.861656 4.926294 -9.922709
v -13.491506 4.773740 -9.067072
v -12.765536 4.773740 -9.067072
v -12.039566 4.773740 -9.067072
v -11.313596 4.773740 -9.067072
v -10.587626 4.773740 -9.067072
v -10.587626 4.773740 -13.345259
v -11.313596 4.773740 -13.345259
v -12.039566 4.773740 -13.345259
v -12.765536 4.773740 -13.345259
v -13.491507 4.773740 -13.345259
v -13.491506 5.549562 -9.067072
v -12.765536 5.549562 -9.067072
v -12.039566 5.549562 -9.067072
v -11.313596 5.549562 -9.067072
v -10.587626 5.549562 -9.067072
v -10.587626 5.549562 -13.345259
v -11.313596 5.549562 -13.345259
v -12.039566 5.549562 -13.345259
v -12.765536 5.549562 -13.345259
v -13.491507 5.549562 -13.345259
v -13.491506 5.632022 -9.067072
v -12.765536 5.632022 -9.067072
v -12.039566 5.632022 -9.067072
v -11.313596 5.632022 -9.067072
v -10.587626 5.632022 -9.067072
v -10.587626 5.632022 -13.345259
v -11.313596 5.632022 -13.345259
v -12.039566 5.632022 -13.345259
v -12.765536 5.632022 -13.345259
v -13.491507 5.632022 -13.345259
v -13.558609 5.549562 -8.968210
v -12.799088 5.549562 -8.968210
v -12.039566 5.549562 -8.968210
v -11.280045 5.549562 -8.968210
v -10.520523 5.549562 -8.968210
v -10.520523 5.549562 -13.444120
v -11.280045 5.549562 -13.444120
v -12.039566 5.549562 -13.444120
v -12.799088 5.549562 -13.444120
v -13.558609 5.549562 -13.444120
v -13.558609 5.632022 -8.968210
v -12.799088 5.632022 -8.968210
v -12.039566 5.632022 -8.968210
v -11.280045 5.632022 -8.968210
v -10.520523 5.632022 -8.968210
v -10.520523 5.632022 -13.444120
v -11.280045 5.632022 -13.444120
v -12.039566 5.632022 -13.444120
v -12.799088 5.632022 -13.444120
v -13.558609 5.632022 -13.444120
v -10.587626 4.926294 -9.067072
v -11.313596 4.926294 -9.067072
v -12.039566 4.926294 -9.067072
v -12.765536 4.926294 -9.067072
v -13.491507 4.926294 -9.067072
v -13.491506 4.926294 -13.345259
v -12.765536 4.926294 -13.345259
v -12.039566 4.926294 -13.345259
v -11.313596 4.926294 -13.345259
v -10.587626 4.926294 -13.345259
v -10.587626 5.632022 -9.922709
v -11.313596 5.632022 -9.922709
v -12.039566 5.632022 -9.922709
v -12.765536 5.632022 -9.922709
v -13.491507 5.632022 -9.922709
v -10.587626 5.632022 -10.778346
v -11.313596 5.632022 -10.778346
v -12.039566 5.632022 -10.778346
v -12.765536 5.632022 -10.778346
v -13.491507 5.632022 -10.778346
v -10.587626 5.632022 -11.633985
v -11.313596 5.632022 -11.633985
v -12.039566 5.632022 -11.633985
v -12.765536 5.632022 -11.633985
v -13.491507 5.632022 -11.633985
v -10.587626 5.632022 -12.489622
v -11.313596 5.632022 -12.489622
v -12.039566 5.632022 -12.489622
v -12.765536 5.632022 -12.489622
v -13.491507 5.632022 -12.489622
v -13.491506 4.773740 -9.922709
v -12.765536 4.773740 -9.922709
v -12.039566 4.773740 -9.922709
v -11.313596 4.773740 -9.922709
v -10.587626 4.773740 -9.922709
v -13.491506 4.773740 -10.778346
v -12.765536 4.773740 -10.778346
v -12.039566 4.773740 -10.778346
v -11.313596 4.773740 -10.778346
v -10.587626 4.773740 -10.778346
v -13.491506 4.773740 -11.633985
v -12.765536 4.773740 -11.633985
v -12.039566 4.773740 -11.633985
v -11.313596 4.773740 -11.633985
v -10.587626 4.773740 -11.633985
v -13.491506 4.773740 -12.489622
v -12.765536 4.773740 -12.489622
v -12.039566 4.773740 -12.489622
v -11.313596 4.773740 -12.489622
v -10.587626 4.773740 -12.489622
v -10.415494 5.005330 -9.067072
v -10.033789 5.005330 -9.067072
v -10.033789 5.470526 -9.067072
v -10.415494 5.470526 -9.067072
v -14.045343 5.005330 -9.067072
v -13.663638 5.005330 -9.067072
v -13.663638 5.470526 -9.067072
v -14.045343 5.470526 -9.067072
v -13.319374 5.005330 -9.067072
v -12.937669 5.005330 -9.067072
v -12.937668 5.470526 -9.067072
v -13.319374 5.470526 -9.067072
v -12.593404 5.005330 -9.067072
v -12.211699 5.005330 -9.067072
v -12.211699 5.470526 -9.067072
v -12.593404 5.470526 -9.067072
v -11.867434 5.005330 -9.067072
v -11.485728 5.005330 -9.067072
v -11.485728 5.470526 -9.067072
v -11.867434 5.470526 -9.067072
v -11.141464 5.005330 -9.067072
v -10.759758 5.005330 -9.067072
v -10.759758 5.470526 -9.067072
v -11.141463 5.470526 -9.067072
v -10.033789 5.005330 -9.159275
v -10.415494 5.005330 -9.159275
v -10.415494 5.470526 -9.159275
v -10.033789 5.470526 -9.159275
v -13.663638 5.005330 -9.159275
v -14.045343 5.005330 -9.159275
v -14.045343 5.470526 -9.159275
v -13.663638 5.470526 -9.159275
v -12.937669 5.005330 -9.159275
v -13.319374 5.005330 -9.159275
v -13.319374 5.470526 -9.159275
v -12.937668 5.470526 -9.159275
v -12.211699 5.005330 -9.159275
v -12.593404 5.005330 -9.159275
v -12.593404 5.470526 -9.159275
v -12.211699 5.470526 -9.159275
v -11.485728 5.005330 -9.159275
v -11.867434 5.005330 -9.159275
v -11.867434 5.470526 -9.159275
v -11.485728 5.470526 -9.159275
v -10.759758 5.005330 -9.159275
v -11.141464 5.005330 -9.159275
v -11.141463 5.470526 -9.159275
v -10.759758 5.470526 -9.159275
v -9.861656 5.003847 -12.655515
v -9.861656 5.003847 -13.179366
v -9.861656 5.472009 -13.179366
v -9.861656 5.472009 -12.655515
v -9.861656 5.003847 -9.232965
v -9.861656 5.003847 -9.756816
v -9.861656 5.472009 -9.756816
v -9.861656 5.472009 -9.232965
v -9.861656 5.003847 -10.088602
v -9.861656 5.003847 -10.612453
v -9.861656 5.472009 -10.612453
v -9.861656 5.472009 -10.088602
v -9.861656 5.003847 -10.944240
v -9.861656 5.003847 -11.468091
v -9.861656 5.472009 -11.468091
v -9.861656 5.472009 -10.944240
v -9.861656 5.003847 -11.799877
v -9.861656 5.003847 -12.323729
v -9.861656 5.472009 -12.323729
v -9.861656 5.472009 -11.799877
v -9.941063 5.003847 -13.179366
v -9.941063 5.003847 -12.655515
v -9.941063 5.472009 -12.655515
v -9.941063 5.472009 -13.179366
v -9.941063 5.003847 -9.756816
v -9.941063 5.003847 -9.232965
v -9.941063 5.472009 -9.232965
v -9.941063 5.472009 -9.756816
v -9.941063 5.003847 -10.612453
v -9.941063 5.003847 -10.088602
v -9.941063 5.472009 -10.088602
v -9.941063 5.472009 -10.612453
v -9.941063 5.003847 -11.468091
v -9.941063 5.003847 -10.944240
v -9.941063 5.472009 -10.944240
v -9.941063 5.472009 -11.468091
v -9.941063 5.003847 -12.323729
v -9.941063 5.003847 -11.799877
v -9.941063 5.472009 -11.799877
v -9.941063 5.472009 -12.323729
v -13.666407 5.006601 -13.345259
v -14.042576 5.006601 -13.345259
v -14.042576 5.469255 -13.345259
v -13.666407 5.469255 -13.345259
v -10.036556 5.006601 -13.345259
v -10.412725 5.006601 -13.345259
v -10.412725 5.469255 -13.345259
v -10.036556 5.469255 -13.345259
v -10.762527 5.006601 -13.345259
v -11.138696 5.006601 -13.345259
v -11.138696 5.469255 -13.345259
v -10.762527 5.469255 -13.345259
v -11.488497 5.006601 -13.345259
v -11.864666 5.006601 -13.345259
v -11.864666 5.469255 -13.345259
v -11.488497 5.469255 -13.345259
v -12.214466 5.006601 -13.345259
v -12.590635 5.006601 -13.345259
v -12.590635 5.469255 -13.345259
v -12.214466 5.469255 -13.345259
v -12.940436 5.006601 -13.345259
v -13.316606 5.006601 -13.345259
v -13.316606 5.469255 -13.345259
v -12.940436 5.469255 -13.345259
v -14.042576 5.006601 -13.250408
v -13.666407 5.006601 -13.250408
v -13.666407 5.469255 -13.250408
v -14.042576 5.469255 -13.250408
v -10.412725 5.006601 -13.250408
v -10.036556 5.006601 -13.250408
v -10.036556 5.469255 -13.250408
v -10.412725 5.469255 -13.250408
v -11.138696 5.006601 -13.250408
v -10.762527 5.006601 -13.250408
v -10.762527 5.469255 -13.250408
v -11.138696 5.469255 -13.250408
v -11.864666 5.006601 -13.250408
v -11.488497 5.006601 -13.250408
v -11.488497 5.469255 -13.250408
v -11.864666 5.469255 -13.250408
v -12.590635 5.006601 -13.250408
v -12.214466 5.006601 -13.250408
v -12.214466 5.469255 -13.250408
v -12.590635 5.469255 -13.250408
v -13.316606 5.006601 -13.250408
v -12.940436 5.006601 -13.250408
v -12.940436 5.469255 -13.250408
v -13.316606 5.469255 -13.250408
v -14.217476 5.632022 -9.067072
v -9.861656 5.632022 -9.067072
v -14.217476 5.632022 -13.345259
v -9.861656 5.632022 -13.345259
v -14.217476 6.407845 -13.345259
v -14.217476 6.407845 -9.067072
v -9.861656 6.407845 -9.067072
v -9.861656 6.407845 -13.345259
v -14.217476 6.490305 -13.345259
v -14.217476 6.490305 -9.067072
v -9.861656 6.490305 -9.067072
v -9.861656 6.490305 -13.345259
v -14.318130 6.407845 -13.444120
v -14.318130 6.407845 -8.968210
v -9.761002 6.407845 -8.968210
v -9.761002 6.407845 -13.444120
v -14.318130 6.490305 -13.444120
v -14.318130 6.490305 -8.968210
v -9.761002 6.490305 -8.968210
v -9.761002 6.490305 -13.444120
v -9.861656 5.784577 -13.345259
v -9.861656 5.784577 -9.067072
v -14.217476 5.784577 -9.067072
v -14.217476 5.784577 -13.345259
v -14.217476 5.632022 -12.489622
v -14.217476 5.632022 -11.633985
v -14.217476 5.632022 -10.778346
v -14.217476 5.632022 -9.922709
v -9.861656 5.632022 -9.922709
v -9.861656 5.632022 -10.778346
v -9.861656 5.632022 -11.633985
v -9.861656 5.632022 -12.489622
v -14.217476 6.407845 -12.489622
v -14.217476 6.407845 -11.633985
v -14.217476 6.407845 -10.778346
v -14.217476 6.407845 -9.922709
v -9.861656 6.407845 -9.922709
v -9.861656 6.407845 -10.778346
v -9.861656 6.407845 -11.633985
v -9.861656 6.407845 -12.489622
v -14.217476 6.490305 -12.489622
v -14.217476 6.490305 -11.633985
v -14.217476 6.490305 -10.778346
v -14.217476 6.490305 -9.922709
v -9.861656 6.490305 -9.922709
v -9.861656 6.490305 -10.778346
v -9.861656 6.490305 -11.633985
v -9.861656 6.490305 -12.489622
v -14.318130 6.407845 -12.548938
v -14.318130 6.407845 -11.653756
v -14.318130 6.407845 -10.758574
v -14.318130 6.407845 -9.863393
v -9.761002 6.407845 -9.863393
v -9.761002 6.407845 -10.758574
v -9.761002 6.407845 -11.653756
v -9.761002 6.407845 -12.548938
v -14.318130 6.490305 -12.548938
v -14.318130 6.490305 -11.653756
v -14.318130 6.490305 -10.758574
v -14.318130 6.490305 -9.863393
v -9.761002 6.490305 -9.863393
v -9.761002 6.490305 -10.758574
v -9.761002 6.490305 -11.653756
v -9.761002 6.490305 -12.548938
v -14.217476 5.784577 -9.922709
v -14.217476 5.784577 -10.778346
v -14.217476 5.784577 -11.633985
v -14.217476 5.784577 -12.489622
v -9.861656 5.784577 -12.489622
v -9.861656 5.784577 -11.633985
v -9.861656 5.784577 -10.778346
v -9.861656 5.784577 -9.922709
v -13.491506 5.632022 -9.067072
v -12.765536 5.632022 -9.067072
v -12.039566 5.632022 -9.067072
v -11.313596 5.632022 -9.067072
v -10.587626 5.632022 -9.067072
v -10.587626 5.632022 -13.345259
v -11.313596 5.632022 -13.345259
v -12.039566 5.632022 -13.345259
v -12.765536 5.632022 -13.345259
v -13.491507 5.632022 -13.345259
v -13.491506 6.407845 -9.067072
v -12.765536 6.407845 -9.067072
v -12.039566 6.407845 -9.067072
v -11.313596 6.407845 -9.067072
v -10.587626 6.407845 -9.067072
v -10.587626 6.407845 -13.345259
v -11.313596 6.407845 -13.345259
v -12.039566 6.407845 -13.345259
v -12.765536 6.407845 -13.345259
v -13.491507 6.407845 -13.345259
v -13.491506 6.490305 -9.067072
v -12.765536 6.490305 -9.067072
v -12.039566 6.490305 -9.067072
v -11.313596 6.490305 -9.067072
v -10.587626 6.490305 -9.067072
v -10.587626 6.490305 -13.345259
v -11.313596 6.490305 -13.345259
v -12.039566 6.490305 -13.345259
v -12.765536 6.490305 -13.345259
v -13.491507 6.490305 -13.345259
v -13.558609 6.407845 -8.968210
v -12.799088 6.407845 -8.968210
v -12.039566 6.407845 -8.968210
v -11.280045 6.407845 -8.968210
v -10.520523 6.407845 -8.968210
v -10.520523 6.407845 -13.444120
v -11.280045 6.407845 -13.444120
v -12.039566 6.407845 -13.444120
v -12.799088 6.407845 -13.444120
v -13.558609 6.407845 -13.444120
v -13.558609 6.490305 -8.968210
v -12.799088 6.490305 -8.968210
v -12.039566 6.490305 -8.968210
v -11.280045 6.490305 -8.968210
v -10.520523 6.490305 -8.968210
v -10.520523 6.490305 -13.444120
v -11.280045 6.490305 -13.444120
v -12.039566 6.490305 -13.444120
v -12.799088 6.490305 -13.444120
v -13.558609 6.490305 -13.444120
v -10.587626 5.784577 -9.067072
v -11.313596 5.784577 -9.067072
v -12.039566 5.784577 -9.067072
v -12.765536 5.784577 -9.067072
v -13.491507 5.784577 -9.067072
v -13.491506 5.784577 -13.345259
v -12.765536 5.784577 -13.345259
v -12.039566 5.784577 -13.345259
v -11.313596 5.784577 -13.345259
v -10.587626 5.784577 -13.345259
v -10.587626 6.490305 -9.922709
v -11.313596 6.490305 -9.922709
v -12.039566 6.490305 -9.922709
v -12.765536 6.490305 -9.922709
v -13.491507 6.490305 -9.922709
v -10.587626 6.490305 -10.778346
v -11.313596 6.490305 -10.778346
v -12.039566 6.490305 -10.778346
v -12.765536 6.490305 -10.778346
v -13.491507 6.490305 -10.778346
v -10.587626 6.490305 -11.633985
v -11.313596 6.490305 -11.633985
v -12.039566 6.490305 -11.633985
v -12.765536 6.490305 -11.633985
v -13.491507 6.490305 -11.633985
v -10.587626 6.490305 -12.489622
v -11.313596 6.490305 -12.489622
v -12.039566 6.490305 -12.489622
v -12.765536 6.490305 -12.489622
v -13.491507 6.490305 -12.489622
v -13.491506 5.632022 -9.922709
v -12.765536 5.632022 -9.922709
v -12.039566 5.632022 -9.922709
v -11.313596 5.632022 -9.922709
v -10.587626 5.632022 -9.922709
v -13.491506 5.632022 -10.778346
v -12.765536 5.632022 -10.778346
v -12.039566 5.632022 -10.778346
v -11.313596 5.632022 -10.778346
v -10.587626 5.632022 -10.778346
v -13.491506 5.632022 -11.633985
v -12.765536 5.632022 -11.633985
v -12.039566 5.632022 -11.633985
v -11.313596 5.632022 -11.633985
v -10.587626 5.632022 -11.633985
v -13.491506 5.632022 -12.489622
v -12.765536 5.632022 -12.489622
v -12.039566 5.632022 -12.489622
v -11.313596 5.632022 -12.489622
v -10.587626 5.632022 -12.489622
v -10.415494 5.863613 -9.067072
v -10.033789 5.863613 -9.067072
v -10.033789 6.328809 -9.067072
v -10.415494 6.328809 -9.067072
v -14.045343 5.863613 -9.067072
v -13.663638 5.863613 -9.067072
v -13.663638 6.328809 -9.067072
v -14.045343 6.328809 -9.067072
v -13.319374 5.863613 -9.067072
v -12.937669 5.863613 -9.067072
v -12.937668 6.328809 -9.067072
v -13.319374 6.328809 -9.067072
v -12.593404 5.863613 -9.067072
v -12.211699 5.863613 -9.067072
v -12.211699 6.328809 -9.067072
v -12.593404 6.328809 -9.067072
v -11.867434 5.863613 -9.067072
v -11.485728 5.863613 -9.067072
v -11.485728 6.328809 -9.067072
v -11.867434 6.328809 -9.067072
v -11.141464 5.863613 -9.067072
v -10.759758 5.863613 -9.067072
v -10.759758 6.328809 -9.067072
v -11.141463 6.328809 -9.067072
v -10.033789 5.863613 -9.159275
v -10.415494 5.863613 -9.159275
v -10.415494 6.328809 -9.159275
v -10.033789 6.328809 -9.159275
v -13.663638 5.863613 -9.159275
v -14.045343 5.863613 -9.159275
v -14.045343 6.328809 -9.159275
v -13.663638 6.328809 -9.159275
v -12.937669 5.863613 -9.159275
v -13.319374 5.863613 -9.159275
v -13.319374 6.328809 -9.159275
v -12.937668 6.328809 -9.159275
v -12.211699 5.863613 -9.159275
v -12.593404 5.863613 -9.159275
v -12.593404 6.328809 -9.159275
v -12.211699 6.328809 -9.159275
v -11.485728 5.863613 -9.159275
v -11.867434 5.863613 -9.159275
v -11.867434 6.328809 -9.159275
v -11.485728 6.328809 -9.159275
v -10.759758 5.863613 -9.159275
v -11.141464 5.863613 -9.159275
v -11.141463 6.328809 -9.159275
v -10.759758 6.328809 -9.159275
v -9.861656 5.862130 -12.655515
v -9.861656 5.862130 -13.179366
v -9.861656 6.330292 -13.179366
v -9.861656 6.330292 -12.655515
v -9.861656 5.862130 -9.232965
v -9.861656 5.862130 -9.756816
v -9.861656 6.330292 -9.756816
v -9.861656 6.330292 -9.232965
v -9.861656 5.862130 -10.088602
v -9.861656 5.862130 -10.612453
v -9.861656 6.330292 -10.612453
v -9.861656 6.330292 -10.088602
v -9.861656 5.862130 -10.944240
v -9.861656 5.862130 -11.468091
v -9.861656 6.330292 -11.468091
v -9.861656 6.330292 -10.944240
v -9.861656 5.862130 -11.799877
v -9.861656 5.862130 -12.323729
v -9.861656 6.330292 -12.323729
v -9.861656 6.330292 -11.799877
v -9.941063 5.862130 -13.179366
v -9.941063 5.862130 -12.655515
v -9.941063 6.330292 -12.655515
v -9.941063 6.330292 -13.179366
v -9.941063 5.862130 -9.756816
v -9.941063 5.862130 -9.232965
v -9.941063 6.330292 -9.232965
v -9.941063 6.330292 -9.756816
v -9.941063 5.862130 -10.612453
v -9.941063 5.862130 -10.088602
v -9.941063 6.330292 -10.088602
v -9.941063 6.330292 -10.612453
v -9.941063 5.862130 -11.468091
v -9.941063 5.862130 -10.944240
v -9.941063 6.330292 -10.944240
v -9.941063 6.330292 -11.468091
v -9.941063 5.862130 -12.323729
v -9.941063 5.862130 -11.799877
v -9.941063 6.330292 -11.799877
v -9.941063 6.330292 -12.323729
v -13.666407 5.864883 -13.345259
v -14.042576 5.864883 -13.345259
v -14.042576 6.327538 -13.345259
v -13.666407 6.327538 -13.345259
v -10.036556 5.864883 -13.345259
v -10.412725 5.864883 -13.345259
v -10.412725 6.327538 -13.345259
v -10.036556 6.327538 -13.345259
v -10.762527 5.864883 -13.345259
v -11.138696 5.864883 -13.345259
v -11.138696 6.327538 -13.345259
v -10.762527 6.327538 -13.345259
v -11.488497 5.864883 -13.345259
v -11.864666 5.864883 -13.345259
v -11.864666 6.327538 -13.345259
v -11.488497 6.327538 -13.345259
v -12.214466 5.864883 -13.345259
v -12.590635 5.864883 -13.345259
v -12.590635 6.327538 -13.345259
v -12.214466 6.327538 -13.345259
v -12.940436 5.864883 -13.345259
v -13.316606 5.864883 -13.345259
v -13.316606 6.327538 -13.345259
v -12.940436 6.327538 -13.345259
v -14.042576 5.864883 -13.250408
v -13.666407 5.864883 -13.250408
v -13.666407 6.327538 -13.250408
v -14.042576 6.327538 -13.250408
v -10.412725 5.864883 -13.250408
v -10.036556 5.864883 -13.250408
v -10.036556 6.327538 -13.250408
v -10.412725 6.327538 -13.250408
v -11.138696 5.864883 -13.250408
v -10.762527 5.864883 -13.250408
v -10.762527 6.327538 -13.250408
v -11.138696 6.327538 -13.250408
v -11.864666 5.864883 -13.250408
v -11.488497 5.864883 -13.250408
v -11.488497 6.327538 -13.250408
v -11.864666 6.327538 -13.250408
v -12.590635 5.864883 -13.250408
v -12.214466 5.864883 -13.250408
v -12.214466 6.327538 -13.250408
v -12.590635 6.327538 -13.250408
v -13.316606 5.864883 -13.250408
v -12.940436 5.864883 -13.250408
v -12.940436 6.327538 -13.250408
v -13.316606 6.327538 -13.250408
v -14.217476 6.490305 -9.067072
v -9.861656 6.490305 -9.067072
v -14.217476 6.490305 -13.345259
v -9.861656 6.490305 -13.345259
v -14.217476 7.266127 -13.345259
v -14.217476 7.266127 -9.067072
v -9.861656 7.266127 -9.067072
v -9.861656 7.266127 -13.345259
v -14.217476 7.348588 -13.345259
v -14.217476 7.348588 -9.067072
v -9.861656 7.348588 -9.067072
v -9.861656 7.348588 -13.345259
v -14.318130 7.266127 -13.444120
v -14.318130 7.266127 -8.968210
v -9.761002 7.266127 -8.968210
v -9.761002 7.266127 -13.444120
v -14.318130 7.348588 -13.444120
v -14.318130 7.348588 -8.968210
v -9.761002 7.348588 -8.968210
v -9.761002 7.348588 -13.444120
v -9.861656 6.642859 -13.345259
v -9.861656 6.642859 -9.067072
v -14.217476 6.642859 -9.067072
v -14.217476 6.642859 -13.345259
v -14.217476 6.490305 -12.489622
v -14.217476 6.490305 -11.633985
v -14.217476 6.490305 -10.778346
v -14.217476 6.490305 -9.922709
v -9.861656 6.490305 -9.922709
v -9.861656 6.490305 -10.778346
v -9.861656 6.490305 -11.633985
v -9.861656 6.490305 -12.489622
v -14.217476 7.266127 -12.489622
v -14.217476 7.266127 -11.633985
v -14.217476 7.266127 -10.778346
v -14.217476 7.266127 -9.922709
v -9.861656 7.266127 -9.922709
v -9.861656 7.266127 -10.778346
v -9.861656 7.266127 -11.633985
v -9.861656 7.266127 -12.489622
v -14.217476 7.348588 -12.489622
v -14.217476 7.348588 -11.633985
v -14.217476 7.348588 -10.778346
v -14.217476 7.348588 -9.922709
v -9.861656 7.348588 -9.922709
v -9.861656 7.348588 -10.778346
v -9.861656 7.348588 -11.633985
v -9.861656 7.348588 -12.489622
v -14.318130 7.266127 -12.548938
v -14.318130 7.266127 -11.653756
v -14.318130 7.266127 -10.758574
v -14.318130 7.266127 -9.863393
v -9.761002 7.266127 -9.863393
v -9.761002 7.266127 -10.758574
v -9.761002 7.266127 -11.653756
v -9.761002 7.266127 -12.548938
v -14.318130 7.348588 -12.548938
v -14.318130 7.348588 -11.653756
v -14.318130 7.348588 -10.758574
v -14.318130 7.348588 -9.863393
v -9.761002 7.348588 -9.863393
v -9.761002 7.348588 -10.758574
v -9.761002 7.348588 -11.653756
v -9.761002 7.348588 -12.548938
v -14.217476 6.642859 -9.922709
v -14.217476 6.642859 -10.778346
v -14.217476 6.642859 -11.633985
v -14.217476 6.642859 -12.489622
v -9.861656 6.642859 -12.489622
v -9.861656 6.642859 -11.633985
v -9.861656 6.642859 -10.778346
v -9.861656 6.642859 -9.922709
v -13.491506 6.490305 -9.067072
v -12.765536 6.490305 -9.067072
v -12.039566 6.490305 -9.067072
v -11.313596 6.490305 -9.067072
v -10.587626 6.490305 -9.067072
v -10.587626 6.490305 -13.345259
v -11.313596 6.490305 -13.345259
v -12.039566 6.490305 -13.345259
v -12.765536 6.490305 -13.345259
v -13.491507 6.490305 -13.345259
v -13.491506 7.266127 -9.067072
v -12.765536 7.266127 -9.067072
v -12.039566 7.266127 -9.067072
v -11.313596 7.266127 -9.067072
v -10.587626 7.266127 -9.067072
v -10.587626 7.266127 -13.345259
v -11.313596 7.266127 -13.345259
v -12.039566 7.266127 -13.345259
v -12.765536 7.266127 -13.345259
v -13.491507 7.266127 -13.345259
v -13.491506 7.348588 -9.067072
v -12.765536 7.348588 -9.067072
v -12.039566 7.348588 -9.067072
v -11.313596 7.348588 -9.067072
v -10.587626 7.348588 -9.067072
v -10.587626 7.348588 -13.345259
v -11.313596 7.348588 -13.345259
v -12.039566 7.348588 -13.345259
v -12.765536 7.348588 -13.345259
v -13.491507 7.348588 -13.345259
v -13.558609 7.266127 -8.968210
v -12.799088 7.266127 -8.968210
v -12.039566 7.266127 -8.968210
v -11.280045 7.266127 -8.968210
v -10.520523 7.266127 -8.968210
v -10.520523 7.266127 -13.444120
v -11.280045 7.266127 -13.444120
v -12.039566 7.266127 -13.444120
v -12.799088 7.266127 -13.444120
v -13.558609 7.266127 -13.444120
v -13.558609 7.348588 -8.968210
v -12.799088 7.348588 -8.968210
v -12.039566 7.348588 -8.968210
v -11.280045 7.348588 -8.968210
v -10.520523 7.348588 -8.968210
v -10.520523 7.348588 -13.444120
v -11.280045 7.348588 -13.444120
v -12.039566 7.348588 -13.444120
v -12.799088 7.348588 -13.444120
v -13.558609 7.348588 -13.444120
v -10.587626 6.642859 -9.067072
v -11.313596 6.642859 -9.067072
v -12.039566 6.642859 -9.067072
v -12.765536 6.642859 -9.067072
v -13.491507 6.642859 -9.067072
v -13.491506 6.642859 -13.345259
v -12.765536 6.642859 -13.345259
v -12.039566 6.642859 -13.345259
v -11.313596 6.642859 -13.345259
v -10.587626 6.642859 -13.345259
v -10.587626 7.348588 -9.922709
v -11.313596 7.348588 -9.922709
v -12.039566 7.348588 -9.922709
v -12.765536 7.348588 -9.922709
v -13.491507 7.348588 -9.922709
v -10.587626 7.348588 -10.778346
v -11.313596 7.348588 -10.778346
v -12.039566 7.348588 -10.778346
v -12.765536 7.348588 -10.778346
v -13.491507 7.348588 -10.778346
v -10.587626 7.348588 -11.633985
v -11.313596 7.348588 -11.633985
v -12.039566 7.348588 -11.633985
v -12.765536 7.348588 -11.633985
v -13.491507 7.348588 -11.633985
v -10.587626 7.348588 -12.489622
v -11.313596 7.348588 -12.489622
v -12.039566 7.348588 -12.489622
v -12.765536 7.348588 -12.489622
v -13.491507 7.348588 -12.489622
v -13.491506 6.490305 -9.922709
v -12.765536 6.490305 -9.922709
v -12.039566 6.490305 -9.922709
v -11.313596 6.490305 -9.922709
v -10.587626 6.490305 -9.922709
v -13.491506 6.490305 -10.778346
v -12.765536 6.490305 -10.778346
v -12.039566 6.490305 -10.778346
v -11.313596 6.490305 -10.778346
v -10.587626 6.490305 -10.778346
v -13.491506 6.490305 -11.633985
v -12.765536 6.490305 -11.633985
v -12.039566 6.490305 -11.633985
v -11.313596 6.490305 -11.633985
v -10.587626 6.490305 -11.633985
v -13.491506 6.490305 -12.489622
v -12.765536 6.490305 -12.489622
v -12.039566 6.490305 -12.489622
v -11.313596 6.490305 -12.489622
v -10.587626 6.490305 -12.489622
v -10.415494 6.721895 -9.067072
v -10.033789 6.721895 -9.067072
v -10.033789 7.187091 -9.067072
v -10.415494 7.187091 -9.067072
v -14.045343 6.721895 -9.067072
v -13.663638 6.721895 -9.067072
v -13.663638 7.187091 -9.067072
v -14.045343 7.187091 -9.067072
v -13.319374 6.721895 -9.067072
v -12.937669 6.721895 -9.067072
v -12.937668 7.187091 -9.067072
v -13.319374 7.187091 -9.067072
v -12.593404 6.721895 -9.067072
v -12.211699 6.721895 -9.067072
v -12.211699 7.187091 -9.067072
v -12.593404 7.187091 -9.067072
v -11.867434 6.721895 -9.067072
v -11.485728 6.721895 -9.067072
v -11.485728 7.187091 -9.067072
v -11.867434 7.187091 -9.067072
v -11.141464 6.721895 -9.067072
v -10.759758 6.721895 -9.067072
v -10.759758 7.187091 -9.067072
v -11.141463 7.187091 -9.067072
v -10.033789 6.721895 -9.159275
v -10.415494 6.721895 -9.159275
v -10.415494 7.187091 -9.159275
v -10.033789 7.187091 -9.159275
v -13.663638 6.721895 -9.159275
v -14.045343 6.721895 -9.159275
v -14.045343 7.187091 -9.159275
v -13.663638 7.187091 -9.159275
v -12.937669 6.721895 -9.159275
v -13.319374 6.721895 -9.159275
v -13.319374 7.187091 -9.159275
v -12.937668 7.187091 -9.159275
v -12.211699 6.721895 -9.159275
v -12.593404 6.721895 -9.159275
v -12.593404 7.187091 -9.159275
v -12.211699 7.187091 -9.159275
v -11.485728 6.721895 -9.159275
v -11.867434 6.721895 -9.159275
v -11.867434 7.187091 -9.159275
v -11.485728 7.187091 -9.159275
v -10.759758 6.721895 -9.159275
v -11.141464 6.721895 -9.159275
v -11.141463 7.187091 -9.159275
v -10.759758 7.187091 -9.159275
v -9.861656 6.720412 -12.655515
v -9.861656 6.720412 -13.179366
v -9.861656 7.188574 -13.179366
v -9.861656 7.188574 -12.655515
v -9.861656 6.720412 -9.232965
v -9.861656 6.720412 -9.756816
v -9.861656 7.188574 -9.756816
v -9.861656 7.188574 -9.232965
v -9.861656 6.720412 -10.088602
v -9.861656 6.720412 -10.612453
v -9.861656 7.188574 -10.612453
v -9.861656 7.188574 -10.088602
v -9.861656 6.720412 -10.944240
v -9.861656 6.720412 -11.468091
v -9.861656 7.188574 -11.468091
v -9.861656 7.188574 -10.944240
v -9.861656 6.720412 -11.799877
v -9.861656 6.720412 -12.323729
v -9.861656 7.188574 -12.323729
v -9.861656 7.188574 -11.799877
v -9.941063 6.720412 -13.179366
v -9.941063 6.720412 -12.655515
v -9.941063 7.188574 -12.655515
v -9.941063 7.188574 -13.179366
v -9.941063 6.720412 -9.756816
v -9.941063 6.720412 -9.232965
v -9.941063 7.188574 -9.232965
v -9.941063 7.188574 -9.756816
v -9.941063 6.720412 -10.612453
v -9.941063 6.720412 -10.088602
v -9.941063 7.188574 -10.088602
v -9.941063 7.188574 -10.612453
v -9.941063 6.720412 -11.468091
v -9.941063 6.720412 -10.944240
v -9.941063 7.188574 -10.944240
v -9.941063 7.188574 -11.468091
v -9.941063 6.720412 -12.323729
v -9.941063 6.720412 -11.799877
v -9.941063 7.188574 -11.799877
v -9.941063 7.188574 -12.323729
v -13.666407 6.723166 -13.345259
v -14.042576 6.723166 -13.345259
v -14.042576 7.185821 -13.345259
v -13.666407 7.185821 -13.345259
v -10.036556 6.723166 -13.345259
v -10.412725 6.723166 -13.345259
v -10.412725 7.185821 -13.345259
v -10.036556 7.185821 -13.345259
v -10.762527 6.723166 -13.345259
v -11.138696 6.723166 -13.345259
v -11.138696 7.185821 -13.345259
v -10.762527 7.185821 -13.345259
v -11.488497 6.723166 -13.345259
v -11.864666 6.723166 -13.345259
v -11.864666 7.185821 -13.345259
v -11.488497 7.185821 -13.345259
v -12.214466 6.723166 -13.345259
v -12.590635 6.723166 -13.345259
v -12.590635 7.185821 -13.345259
v -12.214466 7.185821 -13.345259
v -12.940436 6.723166 -13.345259
v -13.316606 6.723166 -13.345259
v -13.316606 7.185821 -13.345259
v -12.940436 7.185821 -13.345259
v -14.042576 6.723166 -13.250408
v -13.666407 6.723166 -13.250408
v -13.666407 7.185821 -13.250408
v -14.042576 7.185821 -13.250408
v -10.412725 6.723166 -13.250408
v -10.036556 6.723166 -13.250408
v -10.036556 7.185821 -13.250408
v -10.412725 7.185821 -13.250408
v -11.138696 6.723166 -13.250408
v -10.762527 6.723166 -13.250408
v -10.762527 7.185821 -13.250408
v -11.138696 7.185821 -13.250408
v -11.864666 6.723166 -13.250408
v -11.488497 6.723166 -13.250408
v -11.488497 7.185821 -13.250408
v -11.864666 7.185821 -13.250408
v -12.590635 6.723166 -13.250408
v -12.214466 6.723166 -13.250408
v -12.214466 7.185821 -13.250408
v -12.590635 7.185821 -13.250408
v -13.316606 6.723166 -13.250408
v -12.940436 6.723166 -13.250408
v -12.940436 7.185821 -13.250408
v -13.316606 7.185821 -13.250408
v -14.217476 7.348588 -9.067072
v -9.861656 7.348588 -9.067072
v -14.217476 7.348588 -13.345259
v -9.861656 7.348588 -13.345259
v -14.217476 8.124410 -13.345259
v -14.217476 8.124410 -9.067072
v -9.861656 8.124410 -9.067072
v -9.861656 8.124410 -13.345259
v -14.217476 8.206870 -13.345259
v -14.217476 8.206870 -9.067072
v -9.861656 8.206870 -9.067072
v -9.861656 8.206870 -13.345259
v -14.318130 8.124410 -13.444120
v -14.318130 8.124410 -8.968210
v -9.761002 8.124410 -8.968210
v -9.761002 8.124410 -13.444120
v -14.318130 8.206870 -13.444120
v -14.318130 8.206870 -8.968210
v -9.761002 8.206870 -8.968210
v -9.761002 8.206870 -13.444120
v -9.861656 7.501142 -13.345259
v -9.861656 7.501142 -9.067072
v -14.217476 7.501142 -9.067072
v -14.217476 7.501142 -13.345259
v -14.217476 7.348588 -12.489622
v -14.217476 7.348588 -11.633985
v -14.217476 7.348588 -10.778346
v -14.217476 7.348588 -9.922709
v -9.861656 7.348588 -9.922709
v -9.861656 7.348588 -10.778346
v -9.861656 7.348588 -11.633985
v -9.861656 7.348588 -12.489622
v -14.217476 8.124410 -12.489622
v -14.217476 8.124410 -11.633985
v -14.217476 8.124410 -10.778346
v -14.217476 8.124410 -9.922709
v -9.861656 8.124410 -9.922709
v -9.861656 8.124410 -10.778346
v -9.861656 8.124410 -11.633985
v -9.861656 8.124410 -12.489622
v -14.217476 8.206870 -12.489622
v -14.217476 8.206870 -11.633985
v -14.217476 8.206870 -10.778346
v -14.217476 8.206870 -9.922709
v -9.861656 8.206870 -9.922709
v -9.861656 8.206870 -10.778346
v -9.861656 8.206870 -11.633985
v -9.861656 8.206870 -12.489622
v -14.318130 8.124410 -12.548938
v -14.318130 8.124410 -11.653756
v -14.318130 8.124410 -10.758574
v -14.318130 8.124410 -9.863393
v -9.761002 8.124410 -9.863393
v -9.761002 8.124410 -10.758574
v -9.761002 8.124410 -11.653756
v -9.761002 8.124410 -12.548938
v -14.318130 8.206870 -12.548938
v -14.318130 8.206870 -11.653756
v -14.318130 8.206870 -10.758574
v -14.318130 8.206870 -9.863393
v -9.761002 8.206870 -9.863393
v -9.761002 8.206870 -10.758574
v -9.761002 8.206870 -11.653756
v -9.761002 8.206870 -12.548938
v -14.217476 7.501142 -9.922709
v -14.217476 7.501142 -10.778346
v -14.217476 7.501142 -11.633985
v -14.217476 7.501142 -12.489622
v -9.861656 7.501142 -12.489622
v -9.861656 7.501142 -11.633985
v -9.861656 7.501142 -10.778346
v -9.861656 7.501142 -9.922709
v -13.491506 7.348588 -9.067072
v -12.765536 7.348588 -9.067072
v -12.039566 7.348588 -9.067072
v -11.313596 7.348588 -9.067072
v -10.587626 7.348588 -9.067072
v -10.587626 7.348588 -13.345259
v -11.313596 7.348588 -13.345259
v -12.039566 7.348588 -13.345259
v -12.765536 7.348588 -13.345259
v -13.491507 7.348588 -13.345259
v -13.491506 8.124410 -9.067072
v -12.765536 8.124410 -9.067072
v -12.039566 8.124410 -9.067072
v -11.313596 8.124410 -9.067072
v -10.587626 8.124410 -9.067072
v -10.587626 8.124410 -13.345259
v -11.313596 8.124410 -13.345259
v -12.039566 8.124410 -13.345259
v -12.765536 8.124410 -13.345259
v -13.491507 8.124410 -13.345259
v -13.491506 8.206870 -9.067072
v -12.765536 8.206870 -9.067072
v -12.039566 8.206870 -9.067072
v -11.313596 8.206870 -9.067072
v -10.587626 8.206870 -9.067072
v -10.587626 8.206870 -13.345259
v -11.313596 8.206870 -13.345259
v -12.039566 8.206870 -13.345259
v -12.765536 8.206870 -13.345259
v -13.491507 8.206870 -13.345259
v -13.558609 8.124410 -8.968210
v -12.799088 8.124410 -8.968210
v -12.039566 8.124410 -8.968210
v -11.280045 8.124410 -8.968210
v -10.520523 8.124410 -8.968210
v -10.520523 8.124410 -13.444120
v -11.280045 8.124410 -13.444120
v -12.039566 8.124410 -13.444120
v -12.799088 8.124410 -13.444120
v -13.558609 8.124410 -13.444120
v -13.558609 8.206870 -8.968210
v -12.799088 8.206870 -8.968210
v -12.039566 8.206870 -8.968210
v -11.280045 8.206870 -8.968210
v -10.520523 8.206870 -8.968210
v -10.520523 8.206870 -13.444120
v -11.280045 8.206870 -13.444120
v -12.039566 8.206870 -13.444120
v -12.799088 8.206870 -13.444120
v -13.558609 8.206870 -13.444120
v -10.587626 7.501142 -9.067072
v -11.313596 7.501142 -9.067072
v -12.039566 7.501142 -9.067072
v -12.765536 7.501142 -9.067072
v -13.491507 7.501142 -9.067072
v -13.491506 7.501142 -13.345259
v -12.765536 7.501142 -13.345259
v -12.039566 7.501142 -13.345259
v -11.313596 7.501142 -13.345259
v -10.587626 7.501142 -13.345259
v -10.587626 8.206870 -9.922709
v -11.313596 8.206870 -9.922709
v -12.039566 8.206870 -9.922709
v -12.765536 8.206870 -9.922709
v -13.491507 8.206870 -9.922709
v -10.587626 8.206870 -10.778346
v -11.313596 8.206870 -10.778346
v -12.039566 8.206870 -10.778346
v -12.765536 8.206870 -10.778346
v -13.491507 8.206870 -10.778346
v -10.587626 8.206870 -11.633985
v -11.313596 8.206870 -11.633985
v -12.039566 8.206870 -11.633985
v -12.765536 8.206870 -11.633985
v -13.491507 8.206870 -11.633985
v -10.587626 8.206870 -12.489622
v -11.313596 8.206870 -12.489622
v -12.039566 8.206870 -12.489622
v -12.765536 8.206870 -12.489622
v -13.491507 8.206870 -12.489622
v -13.491506 7.348588 -9.922709
v -12.765536 7.348588 -9.922709
v -12.039566 7.348588 -9.922709
v -11.313596 7.348588 -9.922709
v -10.587626 7.348588 -9.922709
v -13.491506 7.348588 -10.778346
v -12.765536 7.348588 -10.778346
v -12.039566 7.348588 -10.778346
v -11.313596 7.348588 -10.778346
v -10.587626 7.348588 -10.778346
v -13.491506 7.348588 -11.633985
v -12.765536 7.348588 -11.633985
v -12.039566 7.348588 -11.633985
v -11.313596 7.348588 -11.633985
v -10.587626 7.348588 -11.633985
v -13.491506 7.348588 -12.489622
v -12.765536 7.348588 -12.489622
v -12.039566 7.348588 -12.489622
v -11.313596 7.348588 -12.489622
v -10.587626 7.348588 -12.489622
v -10.415494 7.580178 -9.067072
v -10.033789 7.580178 -9.067072
v -10.033789 8.045375 -9.067072
v -10.415494 8.045375 -9.067072
v -14.045343 7.580178 -9.067072
v -13.663638 7.580178 -9.067072
v -13.663638 8.045375 -9.067072
v -14.045343 8.045375 -9.067072
v -13.319374 7.580178 -9.067072
v -12.937669 7.580178 -9.067072
v -12.937668 8.045375 -9.067072
v -13.319374 8.045375 -9.067072
v -12.593404 7.580178 -9.067072
v -12.211699 7.580178 -9.067072
v -12.211699 8.045375 -9.067072
v -12.593404 8.045375 -9.067072
v -11.867434 7.580178 -9.067072
v -11.485728 7.580178 -9.067072
v -11.485728 8.045375 -9.067072
v -11.867434 8.045375 -9.067072
v -11.141464 7.580178 -9.067072
v -10.759758 7.580178 -9.067072
v -10.759758 8.045375 -9.067072
v -11.141463 8.045375 -9.067072
v -10.033789 7.580178 -9.159275
v -10.415494 7.580178 -9.159275
v -10.415494 8.045375 -9.159275
v -10.033789 8.045375 -9.159275
v -13.663638 7.580178 -9.159275
v -14.045343 7.580178 -9.159275
v -14.045343 8.045375 -9.159275
v -13.663638 8.045375 -9.159275
v -12.937669 7.580178 -9.159275
v -13.319374 7.580178 -9.159275
v -13.319374 8.045375 -9.159275
v -12.937668 8.045375 -9.159275
v -12.211699 7.580178 -9.159275
v -12.593404 7.580178 -9.159275
v -12.593404 8.045375 -9.159275
v -12.211699 8.045375 -9.159275
v -11.485728 7.580178 -9.159275
v -11.867434 7.580178 -9.159275
v -11.867434 8.045375 -9.159275
v -11.485728 8.045375 -9.159275
v -10.759758 7.580178 -9.159275
v -11.141464 7.580178 -9.159275
v -11.141463 8.045375 -9.159275
v -10.759758 8.045375 -9.159275
v -9.861656 7.578695 -12.655515
v -9.861656 7.578695 -13.179366
v -9.861656 8.046857 -13.179366
v -9.861656 8.046857 -12.655515
v -9.861656 7.578695 -9.232965
v -9.861656 7.578695 -9.756816
v -9.861656 8.046857 -9.756816
v -9.861656 8.046857 -9.232965
v -9.861656 7.578695 -10.088602
v -9.861656 7.578695 -10.612453
v -9.861656 8.046857 -10.612453
v -9.861656 8.046857 -10.088602
v -9.861656 7.578695 -10.944240
v -9.861656 7.578695 -11.468091
v -9.861656 8.046857 -11.468091
v -9.861656 8.046857 -10.944240
v -9.861656 7.578695 -11.799877
v -9.861656 7.578695 -12.323729
v -9.861656 8.046857 -12.323729
v -9.861656 8.046857 -11.799877
v -9.941063 7.578695 -13.179366
v -9.941063 7.578695 -12.655515
v -9.941063 8.046857 -12.655515
v -9.941063 8.046857 -13.179366
v -9.941063 7.578695 -9.756816
v -9.941063 7.578695 -9.232965
v -9.941063 8.046857 -9.232965
v -9.941063 8.046857 -9.756816
v -9.941063 7.578695 -10.612453
v -9.941063 7.578695 -10.088602
v -9.941063 8.046857 -10.088602
v -9.941063 8.046857 -10.612453
v -9.941063 7.578695 -11.468091
v -9.941063 7.578695 -10.944240
v -9.941063 8.046857 -10.944240
v -9.941063 8.046857 -11.468091
v -9.941063 7.578695 -12.323729
v -9.941063 7.578695 -11.799877
v -9.941063 8.046857 -11.799877
v -9.941063 8.046857 -12.323729
v -13.666407 7.581449 -13.345259
v -14.042576 7.581449 -13.345259
v -14.042576 8.044104 -13.345259
v -13.666407 8.044104 -13.345259
v -10.036556 7.581449 -13.345259
v -10.412725 7.581449 -13.345259
v -10.412725 8.044104 -13.345259
v -10.036556 8.044104 -13.345259
v -10.762527 7.581449 -13.345259
v -11.138696 7.581449 -13.345259
v -11.138696 8.044104 -13.345259
v -10.762527 8.044104 -13.345259
v -11.488497 7.581449 -13.345259
v -11.864666 7.581449 -13.345259
v -11.864666 8.044104 -13.345259
v -11.488497 8.044104 -13.345259
v -12.214466 7.581449 -13.345259
v -12.590635 7.581449 -13.345259
v -12.590635 8.044104 -13.345259
v -12.214466 8.044104 -13.345259
v -12.940436 7.581449 -13.345259
v -13.316606 7.581449 -13.345259
v -13.316606 8.044104 -13.345259
v -12.940436 8.044104 -13.345259
v -14.042576 7.581449 -13.250408
v -13.666407 7.581449 -13.250408
v -13.666407 8.044104 -13.250408
v -14.042576 8.044104 -13.250408
v -10.412725 7.581449 -13.250408
v -10.036556 7.581449 -13.250408
v -10.036556 8.044104 -13.250408
v -10.412725 8.044104 -13.250408
v -11.138696 7.581449 -13.250408
v -10.762527 7.581449 -13.250408
v -10.762527 8.044104 -13.250408
v -11.138696 8.044104 -13.250408
v -11.864666 7.581449 -13.250408
v -11.488497 7.581449 -13.250408
v -11.488497 8.044104 -13.250408
v -11.864666 8.044104 -13.250408
v -12.590635 7.581449 -13.250408
v -12.214466 7.581449 -13.250408
v -12.214466 8.044104 -13.250408
v -12.590635 8.044104 -13.250408
v -13.316606 7.581449 -13.250408
v -12.940436 7.581449 -13.250408
v -12.940436 8.044104 -13.250408
v -13.316606 8.044104 -13.250408
vn -0.0000 -1.0000 -0.0000
vn -0.0000 1.0000 -0.0000
vn -1.0000 -0.0000 -0.0000
vn 1.0000 -0.0000 -0.0000
vn -0.0000 -0.0000 -1.0000
vn -0.0000 -0.0000 1.0000
vt 0.833333 0.800000
vt 0.833333 1.000000
vt 1.000000 1.000000
vt 1.000000 0.800000
vt 0.166667 0.000000
vt 0.000000 0.000000
vt 0.166667 0.000000
vt 1.000000 0.038776
vt 1.000000 0.161224
vt 0.000000 0.200000
vt 0.000000 0.200000
vt 0.959847 1.000000
vt 0.793815 0.000000
vt 0.706184 0.000000
vt 1.000000 0.800000
vt 0.833333 1.000000
vt 0.000000 0.200000
vt 0.833333 1.000000
vt 1.000000 0.800000
vt 0.166667 1.000000
vt 0.000000 1.000000
vt 0.166667 1.000000
vt 0.833333 0.000000
vt 1.000000 0.000000
vt 0.833333 0.000000
vt 1.000000 0.200000
vt 1.000000 0.200000
vt 0.000000 0.800000
vt 0.000000 0.800000
vt 0.166667 1.000000
vt 0.166667 1.000000
vt 1.000000 0.400000
vt 1.000000 0.600000
vt 0.000000 0.600000
vt 0.000000 0.400000
vt 1.000000 0.600000
vt 1.000000 0.400000
vt 1.000000 0.400000
vt 0.833333 0.200000
vt 0.833333 0.400000
vt 0.833333 0.600000
vt 1.000000 0.838777
vt 1.000000 0.961224
vt 1.000000 0.761224
vt 1.000000 0.638776
vt 1.000000 0.561224
vt 1.000000 0.438776
vt 1.000000 0.761224
vt 0.833333 0.200000
vt 0.833333 0.400000
vt 0.833333 0.600000
vt 0.166667 0.800000
vt 0.166667 0.600000
vt 0.333333 0.800000
vt 0.333333 0.600000
vt 0.500000 0.800000
vt 0.500000 0.600000
vt 0.666667 0.800000
vt 0.666667 0.600000
vt 0.166667 0.400000
vt 0.333333 0.400000
vt 0.500000 0.400000
vt 0.666667 0.400000
vt 0.166667 0.200000
vt 0.333333 0.200000
vt 0.500000 0.200000
vt 0.666667 0.200000
vt 0.333333 0.000000
vt 0.500000 0.000000
vt 0.666667 0.000000
vt 0.166667 0.600000
vt 0.166667 0.800000
vt 0.333333 0.600000
vt 0.333333 0.800000
vt 0.500000 0.800000
vt 0.666667 0.600000
vt 0.666667 0.800000
vt 0.166667 0.400000
vt 0.333333 0.400000
vt 0.500000 0.400000
vt 0.666667 0.400000
vt 0.166667 0.200000
vt 0.333333 0.200000
vt 0.666667 0.200000
vt 0.333333 0.000000
vt 0.666667 1.000000
vt 0.500000 1.000000
vt 0.333333 1.000000
vt 0.166667 0.000000
vt 0.333333 0.000000
vt 0.500000 0.000000
vt 0.166667 0.000000
vt 0.666667 1.000000
vt 0.500000 1.000000
vt 0.627149 0.000000
vt 0.539518 0.000000
vt 0.460482 0.000000
vt 0.372851 0.000000
vt 0.293816 0.000000
vt 0.206184 0.000000
vt 0.793180 1.000000
vt 0.706820 1.000000
vt 0.126513 1.000000
vt 0.126513 1.000000
vt 0.873487 1.000000
vt 0.040153 1.000000
vt 0.206820 1.000000
vt 0.293180 1.000000
vt 0.960482 0.000000
vt 0.872851 0.000000
vt 0.960482 0.000000
vt 0.872851 0.000000
vt 0.127149 0.000000
vt 0.039518 0.000000
vt 0.127149 0.000000
vt 0.293816 0.000000
vt 0.206184 0.000000
vt 0.460482 0.000000
vt 0.372851 0.000000
vt 0.706185 0.000000
vt 1.000000 0.838776
vt 1.000000 0.161224
vt 1.000000 0.038776
vt 1.000000 0.361224
vt 1.000000 0.238776
vt 1.000000 0.561224
vt 1.000000 0.638776
vt 0.040153 1.000000
vt 0.873487 1.000000
vt 0.706820 1.000000
vt 0.793180 1.000000
vt 0.540153 1.000000
vt 0.626513 1.000000
vt 0.540153 1.000000
vt 0.626513 1.000000
vt 0.373487 1.000000
vt 0.459847 1.000000
vt 0.206820 1.000000
vt 0.293180 1.000000
s 0
usemtl A23
f 1160/719/247 1066/720/247 992/721/247 1020/722/247
f 1081/723/248 998/724/248 1006/724/248 1101/725/248
f 1213/726/248 1214/727/248 1233/727/248 1234/726/248
f 1053/728/249 1011/724/249 994/724/249 1024/729/249
f 1256/730/249 1253/730/249 1278/730/249 1279/730/249
f 1183/731/247 1184/732/247 1207/732/247 1208/731/247
f 1136/719/248 1036/733/248 1000/721/248 1086/734/248
f 1024/729/247 994/724/247 1002/724/247 1040/735/247
f 1086/734/248 1000/721/248 1008/721/248 1106/736/248
f 1028/737/247 996/721/247 1004/721/247 1044/733/247
f 1044/733/250 1004/721/250 1008/721/250 1052/722/250
f 1040/735/249 1002/724/249 1006/724/249 1048/728/249
f 1100/738/251 1001/739/251 1005/739/251 1110/740/251
f 1095/741/252 1003/742/252 1007/742/252 1105/741/252
f 1080/738/247 993/739/247 1001/739/247 1100/738/247
f 1075/743/247 995/742/247 1003/742/247 1095/741/247
f 1033/744/248 999/742/248 1007/742/248 1049/745/248
f 1029/746/248 997/739/248 1005/739/248 1045/747/248
f 1065/743/252 990/742/252 1010/742/252 1111/741/252
f 1070/748/251 991/739/251 1012/739/251 1116/749/251
f 1016/728/249 989/724/249 1011/724/249 1053/728/249
f 1020/722/250 992/721/250 1009/721/250 1057/722/250
f 990/742/250 1017/745/250 1060/745/250 1010/742/250
f 1017/745/250 1018/750/250 1059/750/250 1060/745/250
f 1018/750/250 1019/751/250 1058/751/250 1059/750/250
f 1019/751/250 1020/722/250 1057/722/250 1058/751/250
f 991/739/249 1013/747/249 1056/747/249 1012/739/249
f 1013/747/249 1014/752/249 1055/752/249 1056/747/249
f 1014/752/249 1015/753/249 1054/753/249 1055/752/249
f 1015/753/249 1016/728/249 1053/728/249 1054/753/249
f 998/724/248 1032/728/248 1048/728/248 1006/724/248
f 1032/728/248 1031/753/248 1047/753/248 1048/728/248
f 1031/753/248 1030/752/248 1046/752/248 1047/753/248
f 1030/752/248 1029/746/248 1045/747/248 1046/752/248
f 1000/721/248 1036/733/248 1052/722/248 1008/721/248
f 1036/733/248 1035/754/248 1051/751/248 1052/722/248
f 1035/754/248 1034/755/248 1050/750/248 1051/751/248
f 1034/755/248 1033/744/248 1049/745/248 1050/750/248
f 1001/739/249 1037/747/249 1045/747/249 1005/739/249
f 1037/747/249 1038/752/249 1046/752/249 1045/747/249
f 1038/752/249 1039/753/249 1047/753/249 1046/752/249
f 1039/753/249 1040/735/249 1048/728/249 1047/753/249
f 1003/742/250 1041/745/250 1049/745/250 1007/742/250
f 1041/745/250 1042/756/250 1050/750/250 1049/745/250
f 1042/756/250 1043/754/250 1051/751/250 1050/750/250
f 1043/754/250 1044/733/250 1052/722/250 1051/751/250
f 995/742/247 1025/745/247 1041/745/247 1003/742/247
f 1025/745/247 1026/750/247 1042/756/247 1041/745/247
f 1026/750/247 1027/751/247 1043/754/247 1042/756/247
f 1027/751/247 1028/737/247 1044/733/247 1043/754/247
f 993/739/247 1021/747/247 1037/747/247 1001/739/247
f 1021/747/247 1022/752/247 1038/752/247 1037/747/247
f 1022/752/247 1023/753/247 1039/753/247 1038/752/247
f 1023/753/247 1024/729/247 1040/735/247 1039/753/247
f 1085/743/248 999/742/248 1033/744/248 1121/757/248
f 1121/757/248 1033/744/248 1034/755/248 1126/758/248
f 1126/758/248 1034/755/248 1035/754/248 1131/759/248
f 1131/759/248 1035/754/248 1036/733/248 1136/719/248
f 1012/739/249 1056/747/249 1021/747/249 993/739/249
f 1056/747/249 1055/752/249 1022/752/249 1021/747/249
f 1055/752/249 1054/753/249 1023/753/249 1022/752/249
f 1054/753/249 1053/728/249 1024/729/249 1023/753/249
f 1209/760/248 1210/761/248 1229/761/248 1230/760/248
f 1227/762/247 1228/763/247 1247/763/247 1248/762/247
f 1223/764/247 1224/765/247 1243/765/247 1244/764/247
f 1226/766/252 1227/762/252 1248/762/252 1245/766/252
f 1065/743/247 1145/767/247 1017/745/247 990/742/247
f 1145/767/247 1150/768/247 1018/750/247 1017/745/247
f 1150/768/247 1155/769/247 1019/751/247 1018/750/247
f 1155/769/247 1160/719/247 1020/722/247 1019/751/247
f 1014/752/247 1013/747/247 1156/770/247 1151/771/247
f 1151/771/247 1156/770/247 1157/772/247 1152/773/247
f 1152/773/247 1157/772/247 1158/774/247 1153/775/247
f 1153/775/247 1158/774/247 1159/776/247 1154/777/247
f 1154/777/247 1159/776/247 1160/719/247 1155/769/247
f 1015/753/247 1014/752/247 1151/771/247 1146/778/247
f 1146/778/247 1151/771/247 1152/773/247 1147/779/247
f 1147/779/247 1152/773/247 1153/775/247 1148/780/247
f 1148/780/247 1153/775/247 1154/777/247 1149/781/247
f 1149/781/247 1154/777/247 1155/769/247 1150/768/247
f 1016/728/247 1015/753/247 1146/778/247 1141/782/247
f 1141/782/247 1146/778/247 1147/779/247 1142/783/247
f 1142/783/247 1147/779/247 1148/780/247 1143/784/247
f 1143/784/247 1148/780/247 1149/781/247 1144/785/247
f 1144/785/247 1149/781/247 1150/768/247 1145/767/247
f 989/724/247 1016/728/247 1141/782/247 1061/725/247
f 1061/725/247 1141/782/247 1142/783/247 1062/786/247
f 1062/786/247 1142/783/247 1143/784/247 1063/787/247
f 1063/787/247 1143/784/247 1144/785/247 1064/788/247
f 1064/788/247 1144/785/247 1145/767/247 1065/743/247
f 1030/752/248 1135/789/248 1140/790/248 1029/746/248
f 1135/789/248 1134/791/248 1139/792/248 1140/790/248
f 1134/791/248 1133/775/248 1138/793/248 1139/792/248
f 1133/775/248 1132/794/248 1137/795/248 1138/793/248
f 1132/794/248 1131/759/248 1136/719/248 1137/795/248
f 1031/753/248 1130/796/248 1135/789/248 1030/752/248
f 1130/796/248 1129/797/248 1134/791/248 1135/789/248
f 1129/797/248 1128/798/248 1133/775/248 1134/791/248
f 1128/798/248 1127/799/248 1132/794/248 1133/775/248
f 1127/799/248 1126/758/248 1131/759/248 1132/794/248
f 1032/728/248 1125/800/248 1130/796/248 1031/753/248
f 1125/800/248 1124/801/248 1129/797/248 1130/796/248
f 1124/801/248 1123/784/248 1128/798/248 1129/797/248
f 1123/784/248 1122/802/248 1127/799/248 1128/798/248
f 1122/802/248 1121/757/248 1126/758/248 1127/799/248
f 998/724/248 1081/723/248 1125/800/248 1032/728/248
f 1081/723/248 1082/803/248 1124/801/248 1125/800/248
f 1082/803/248 1083/787/248 1123/784/248 1124/801/248
f 1083/787/248 1084/788/248 1122/802/248 1123/784/248
f 1084/788/248 1085/743/248 1121/757/248 1122/802/248
f 992/721/251 1066/720/251 1120/720/251 1009/721/251
f 1066/720/251 1067/804/251 1119/804/251 1120/720/251
f 1067/804/251 1068/805/251 1118/805/251 1119/804/251
f 1068/805/251 1069/806/251 1117/806/251 1118/805/251
f 1069/806/251 1070/748/251 1116/749/251 1117/806/251
f 989/724/252 1061/725/252 1115/807/252 1011/724/252
f 1061/725/252 1062/786/252 1114/808/252 1115/807/252
f 1062/786/252 1063/787/252 1113/809/252 1114/808/252
f 1063/787/252 1064/788/252 1112/788/252 1113/809/252
f 1064/788/252 1065/743/252 1111/741/252 1112/788/252
f 994/724/247 1071/810/247 1091/725/247 1002/724/247
f 1071/810/247 1072/803/247 1092/808/247 1091/725/247
f 1072/803/247 1073/787/247 1093/787/247 1092/808/247
f 1073/787/247 1074/788/247 1094/788/247 1093/787/247
f 1074/788/247 1075/743/247 1095/741/247 1094/788/247
f 996/721/247 1076/736/247 1096/736/247 1004/721/247
f 1076/736/247 1077/811/247 1097/804/247 1096/736/247
f 1077/811/247 1078/812/247 1098/812/247 1097/804/247
f 1078/812/247 1079/806/247 1099/806/247 1098/812/247
f 1079/806/247 1080/738/247 1100/738/247 1099/806/247
f 1002/724/252 1091/725/252 1101/725/252 1006/724/252
f 1091/725/252 1092/808/252 1102/808/252 1101/725/252
f 1092/808/252 1093/787/252 1103/787/252 1102/808/252
f 1093/787/252 1094/788/252 1104/788/252 1103/787/252
f 1094/788/252 1095/741/252 1105/741/252 1104/788/252
f 1004/721/251 1096/736/251 1106/736/251 1008/721/251
f 1096/736/251 1097/804/251 1107/804/251 1106/736/251
f 1097/804/251 1098/812/251 1108/812/251 1107/804/251
f 1098/812/251 1099/806/251 1109/806/251 1108/812/251
f 1099/806/251 1100/738/251 1110/740/251 1109/806/251
f 997/739/248 1090/738/248 1110/740/248 1005/739/248
f 1090/738/248 1089/806/248 1109/806/248 1110/740/248
f 1089/806/248 1088/812/248 1108/812/248 1109/806/248
f 1088/812/248 1087/811/248 1107/804/248 1108/812/248
f 1087/811/248 1086/734/248 1106/736/248 1107/804/248
f 1029/746/248 1140/790/248 1090/738/248 997/739/248
f 1140/790/248 1139/792/248 1089/806/248 1090/738/248
f 1139/792/248 1138/793/248 1088/812/248 1089/806/248
f 1138/793/248 1137/795/248 1087/811/248 1088/812/248
f 1137/795/248 1136/719/248 1086/734/248 1087/811/248
f 1179/813/247 1180/814/247 1203/814/247 1204/813/247
f 1182/731/249 1183/731/249 1208/731/249 1205/731/249
f 1175/815/247 1176/816/247 1199/816/247 1200/815/247
f 1178/813/249 1179/813/249 1204/813/249 1201/813/249
f 1171/817/247 1172/818/247 1195/818/247 1196/817/247
f 1257/819/248 1258/820/248 1281/820/248 1282/819/248
f 1252/821/249 1249/822/249 1274/822/249 1275/821/249
f 1253/730/248 1254/823/248 1277/823/248 1278/730/248
f 1249/822/248 1250/824/248 1273/824/248 1274/822/248
f 1271/825/247 1272/826/247 1295/826/247 1296/825/247
f 999/742/248 1085/743/248 1105/741/248 1007/742/248
f 1085/743/248 1084/788/248 1104/788/248 1105/741/248
f 1084/788/248 1083/787/248 1103/787/248 1104/788/248
f 1083/787/248 1082/803/248 1102/808/248 1103/787/248
f 1082/803/248 1081/723/248 1101/725/248 1102/808/248
f 1013/747/247 991/739/247 1070/748/247 1156/770/247
f 1156/770/247 1070/748/247 1069/806/247 1157/772/247
f 1157/772/247 1069/806/247 1068/805/247 1158/774/247
f 1158/774/247 1068/805/247 1067/804/247 1159/776/247
f 1159/776/247 1067/804/247 1066/720/247 1160/719/247
f 1111/741/252 1010/742/252 1162/827/252 1161/828/252
f 1010/742/252 995/742/252 1163/829/252 1162/827/252
f 995/742/252 1075/743/252 1164/830/252 1163/829/252
f 1075/743/252 1111/741/252 1161/828/252 1164/830/252
f 1011/724/252 1115/807/252 1166/831/252 1165/832/252
f 1115/807/252 1071/810/252 1167/833/252 1166/831/252
f 1071/810/252 994/724/252 1168/832/252 1167/833/252
f 994/724/252 1011/724/252 1165/832/252 1168/832/252
f 1115/807/252 1114/808/252 1170/834/252 1169/835/252
f 1114/808/252 1072/803/252 1171/817/252 1170/834/252
f 1072/803/252 1071/810/252 1172/818/252 1171/817/252
f 1071/810/252 1115/807/252 1169/835/252 1172/818/252
f 1114/808/252 1113/809/252 1174/836/252 1173/837/252
f 1113/809/252 1073/787/252 1175/815/252 1174/836/252
f 1073/787/252 1072/803/252 1176/816/252 1175/815/252
f 1072/803/252 1114/808/252 1173/837/252 1176/816/252
f 1113/809/252 1112/788/252 1178/813/252 1177/814/252
f 1112/788/252 1074/788/252 1179/813/252 1178/813/252
f 1074/788/252 1073/787/252 1180/814/252 1179/813/252
f 1073/787/252 1113/809/252 1177/814/252 1180/814/252
f 1112/788/252 1111/741/252 1182/731/252 1181/838/252
f 1111/741/252 1075/743/252 1183/731/252 1182/731/252
f 1075/743/252 1074/788/252 1184/732/252 1183/731/252
f 1074/788/252 1112/788/252 1181/838/252 1184/732/252
f 1198/837/252 1197/836/252 1200/815/252 1199/816/252
f 1206/838/252 1205/731/252 1208/731/252 1207/732/252
f 1161/828/248 1162/827/248 1185/827/248 1186/828/248
f 1165/832/248 1166/831/248 1189/831/248 1190/832/248
f 1164/830/250 1161/828/250 1186/828/250 1187/830/250
f 1169/835/248 1170/834/248 1193/834/248 1194/835/248
f 1168/832/250 1165/832/250 1190/832/250 1191/832/250
f 1173/837/248 1174/836/248 1197/836/248 1198/837/248
f 1162/827/249 1163/829/249 1188/829/249 1185/827/249
f 1172/818/250 1169/835/250 1194/835/250 1195/818/250
f 1177/814/248 1178/813/248 1201/813/248 1202/814/248
f 1166/831/249 1167/833/249 1192/833/249 1189/831/249
f 1176/816/250 1173/837/250 1198/837/250 1199/816/250
f 1181/838/248 1182/731/248 1205/731/248 1206/838/248
f 1163/829/247 1164/830/247 1187/830/247 1188/829/247
f 1170/834/249 1171/817/249 1196/817/249 1193/834/249
f 1180/814/250 1177/814/250 1202/814/250 1203/814/250
f 1167/833/247 1168/832/247 1191/832/247 1192/833/247
f 1174/836/249 1175/815/249 1200/815/249 1197/836/249
f 1184/732/250 1181/838/250 1206/838/250 1207/732/250
f 1057/722/250 1009/721/250 1210/761/250 1209/760/250
f 1009/721/250 996/721/250 1211/761/250 1210/761/250
f 996/721/250 1028/737/250 1212/839/250 1211/761/250
f 1028/737/250 1057/722/250 1209/760/250 1212/839/250
f 1010/742/250 1060/745/250 1214/727/250 1213/726/250
f 1060/745/250 1025/745/250 1215/840/250 1214/727/250
f 1025/745/250 995/742/250 1216/841/250 1215/840/250
f 995/742/250 1010/742/250 1213/726/250 1216/841/250
f 1060/745/250 1059/750/250 1218/842/250 1217/843/250
f 1059/750/250 1026/750/250 1219/842/250 1218/842/250
f 1026/750/250 1025/745/250 1220/843/250 1219/842/250
f 1025/745/250 1060/745/250 1217/843/250 1220/843/250
f 1059/750/250 1058/751/250 1222/844/250 1221/765/250
f 1058/751/250 1027/751/250 1223/764/250 1222/844/250
f 1027/751/250 1026/750/250 1224/765/250 1223/764/250
f 1026/750/250 1059/750/250 1221/765/250 1224/765/250
f 1058/751/250 1057/722/250 1226/766/250 1225/845/250
f 1057/722/250 1028/737/250 1227/762/250 1226/766/250
f 1028/737/250 1027/751/250 1228/763/250 1227/762/250
f 1027/751/250 1058/751/250 1225/845/250 1228/763/250
f 1242/765/250 1241/844/250 1244/764/250 1243/765/250
f 1212/839/251 1209/760/251 1230/760/251 1231/839/251
f 1217/843/248 1218/842/248 1237/842/248 1238/843/248
f 1216/841/251 1213/726/251 1234/726/251 1235/841/251
f 1221/765/248 1222/844/248 1241/844/248 1242/765/248
f 1210/761/252 1211/761/252 1232/761/252 1229/761/252
f 1220/843/251 1217/843/251 1238/843/251 1239/843/251
f 1225/845/248 1226/766/248 1245/766/248 1246/845/248
f 1214/727/252 1215/840/252 1236/840/252 1233/727/252
f 1224/765/251 1221/765/251 1242/765/251 1243/765/251
f 1211/761/247 1212/839/247 1231/839/247 1232/761/247
f 1218/842/252 1219/842/252 1240/842/252 1237/842/252
f 1228/763/251 1225/845/251 1246/845/251 1247/763/251
f 1215/840/247 1216/841/247 1235/841/247 1236/840/247
f 1222/844/252 1223/764/252 1244/764/252 1241/844/252
f 1219/842/247 1220/843/247 1239/843/247 1240/842/247
f 1116/749/251 1012/739/251 1250/824/251 1249/822/251
f 1012/739/251 993/739/251 1251/846/251 1250/824/251
f 993/739/251 1080/738/251 1252/821/251 1251/846/251
f 1080/738/251 1116/749/251 1249/822/251 1252/821/251
f 1009/721/251 1120/720/251 1254/823/251 1253/730/251
f 1120/720/251 1076/736/251 1255/847/251 1254/823/251
f 1076/736/251 996/721/251 1256/730/251 1255/847/251
f 996/721/251 1009/721/251 1253/730/251 1256/730/251
f 1120/720/251 1119/804/251 1258/820/251 1257/819/251
f 1119/804/251 1077/811/251 1259/848/251 1258/820/251
f 1077/811/251 1076/736/251 1260/849/251 1259/848/251
f 1076/736/251 1120/720/251 1257/819/251 1260/849/251
f 1119/804/251 1118/805/251 1262/850/251 1261/851/251
f 1118/805/251 1078/812/251 1263/852/251 1262/850/251
f 1078/812/251 1077/811/251 1264/853/251 1263/852/251
f 1077/811/251 1119/804/251 1261/851/251 1264/853/251
f 1118/805/251 1117/806/251 1266/854/251 1265/855/251
f 1117/806/251 1079/806/251 1267/854/251 1266/854/251
f 1079/806/251 1078/812/251 1268/855/251 1267/854/251
f 1078/812/251 1118/805/251 1265/855/251 1268/855/251
f 1117/806/251 1116/749/251 1270/856/251 1269/857/251
f 1116/749/251 1080/738/251 1271/825/251 1270/856/251
f 1080/738/251 1079/806/251 1272/826/251 1271/825/251
f 1079/806/251 1117/806/251 1269/857/251 1272/826/251
f 1286/851/251 1285/850/251 1288/852/251 1287/853/251
f 1294/857/251 1293/856/251 1296/825/251 1295/826/251
f 1261/851/248 1262/850/248 1285/850/248 1286/851/248
f 1250/824/250 1251/846/250 1276/846/250 1273/824/250
f 1260/849/249 1257/819/249 1282/819/249 1283/849/249
f 1265/855/248 1266/854/248 1289/854/248 1290/855/248
f 1254/823/250 1255/847/250 1280/847/250 1277/823/250
f 1264/853/249 1261/851/249 1286/851/249 1287/853/249
f 1269/857/248 1270/856/248 1293/856/248 1294/857/248
f 1251/846/247 1252/821/247 1275/821/247 1276/846/247
f 1258/820/250 1259/848/250 1284/848/250 1281/820/250
f 1268/855/249 1265/855/249 1290/855/249 1291/855/249
f 1255/847/247 1256/730/247 1279/730/247 1280/847/247
f 1262/850/250 1263/852/250 1288/852/250 1285/850/250
f 1272/826/249 1269/857/249 1294/857/249 1295/826/249
f 1259/848/247 1260/849/247 1283/849/247 1284/848/247
f 1266/854/250 1267/854/250 1292/854/250 1289/854/250
f 1263/852/247 1264/853/247 1287/853/247 1288/852/247
f 1270/856/250 1271/825/250 1296/825/250 1293/856/250
f 1267/854/247 1268/855/247 1291/855/247 1292/854/247
f 1468/719/247 1374/720/247 1300/721/247 1328/722/247
f 1389/723/248 1306/724/248 1314/724/248 1409/725/248
f 1521/726/248 1522/727/248 1541/727/248 1542/726/248
f 1361/728/249 1319/724/249 1302/724/249 1332/729/249
f 1564/730/249 1561/730/249 1586/730/249 1587/730/249
f 1491/731/247 1492/732/247 1515/732/247 1516/731/247
f 1444/719/248 1344/733/248 1308/721/248 1394/734/248
f 1332/729/247 1302/724/247 1310/724/247 1348/735/247
f 1394/734/248 1308/721/248 1316/721/248 1414/736/248
f 1336/737/247 1304/721/247 1312/721/247 1352/733/247
f 1352/733/250 1312/721/250 1316/721/250 1360/722/250
f 1348/735/249 1310/724/249 1314/724/249 1356/728/249
f 1408/738/251 1309/739/251 1313/739/251 1418/740/251
f 1403/741/252 1311/742/252 1315/742/252 1413/741/252
f 1388/738/247 1301/739/247 1309/739/247 1408/738/247
f 1383/743/247 1303/742/247 1311/742/247 1403/741/247
f 1341/744/248 1307/742/248 1315/742/248 1357/745/248
f 1337/746/248 1305/739/248 1313/739/248 1353/747/248
f 1373/743/252 1298/742/252 1318/742/252 1419/741/252
f 1378/748/251 1299/739/251 1320/739/251 1424/749/251
f 1324/728/249 1297/724/249 1319/724/249 1361/728/249
f 1328/722/250 1300/721/250 1317/721/250 1365/722/250
f 1298/742/250 1325/745/250 1368/745/250 1318/742/250
f 1325/745/250 1326/750/250 1367/750/250 1368/745/250
f 1326/750/250 1327/751/250 1366/751/250 1367/750/250
f 1327/751/250 1328/722/250 1365/722/250 1366/751/250
f 1299/739/249 1321/747/249 1364/747/249 1320/739/249
f 1321/747/249 1322/752/249 1363/752/249 1364/747/249
f 1322/752/249 1323/753/249 1362/753/249 1363/752/249
f 1323/753/249 1324/728/249 1361/728/249 1362/753/249
f 1306/724/248 1340/728/248 1356/728/248 1314/724/248
f 1340/728/248 1339/753/248 1355/753/248 1356/728/248
f 1339/753/248 1338/752/248 1354/752/248 1355/753/248
f 1338/752/248 1337/746/248 1353/747/248 1354/752/248
f 1308/721/248 1344/733/248 1360/722/248 1316/721/248
f 1344/733/248 1343/754/248 1359/751/248 1360/722/248
f 1343/754/248 1342/755/248 1358/750/248 1359/751/248
f 1342/755/248 1341/744/248 1357/745/248 1358/750/248
f 1309/739/249 1345/747/249 1353/747/249 1313/739/249
f 1345/747/249 1346/752/249 1354/752/249 1353/747/249
f 1346/752/249 1347/753/249 1355/753/249 1354/752/249
f 1347/753/249 1348/735/249 1356/728/249 1355/753/249
f 1311/742/250 1349/745/250 1357/745/250 1315/742/250
f 1349/745/250 1350/756/250 1358/750/250 1357/745/250
f 1350/756/250 1351/754/250 1359/751/250 1358/750/250
f 1351/754/250 1352/733/250 1360/722/250 1359/751/250
f 1303/742/247 1333/745/247 1349/745/247 1311/742/247
f 1333/745/247 1334/750/247 1350/756/247 1349/745/247
f 1334/750/247 1335/751/247 1351/754/247 1350/756/247
f 1335/751/247 1336/737/247 1352/733/247 1351/754/247
f 1301/739/247 1329/747/247 1345/747/247 1309/739/247
f 1329/747/247 1330/752/247 1346/752/247 1345/747/247
f 1330/752/247 1331/753/247 1347/753/247 1346/752/247
f 1331/753/247 1332/729/247 1348/735/247 1347/753/247
f 1393/743/248 1307/742/248 1341/744/248 1429/757/248
f 1429/757/248 1341/744/248 1342/755/248 1434/758/248
f 1434/758/248 1342/755/248 1343/754/248 1439/759/248
f 1439/759/248 1343/754/248 1344/733/248 1444/719/248
f 1320/739/249 1364/747/249 1329/747/249 1301/739/249
f 1364/747/249 1363/752/249 1330/752/249 1329/747/249
f 1363/752/249 1362/753/249 1331/753/249 1330/752/249
f 1362/753/249 1361/728/249 1332/729/249 1331/753/249
f 1517/760/248 1518/761/248 1537/761/248 1538/760/248
f 1535/762/247 1536/763/247 1555/763/247 1556/762/247
f 1531/764/247 1532/765/247 1551/765/247 1552/764/247
f 1534/766/252 1535/762/252 1556/762/252 1553/766/252
f 1373/743/247 1453/767/247 1325/745/247 1298/742/247
f 1453/767/247 1458/768/247 1326/750/247 1325/745/247
f 1458/768/247 1463/769/247 1327/751/247 1326/750/247
f 1463/769/247 1468/719/247 1328/722/247 1327/751/247
f 1322/752/247 1321/747/247 1464/770/247 1459/771/247
f 1459/771/247 1464/770/247 1465/772/247 1460/773/247
f 1460/773/247 1465/772/247 1466/774/247 1461/775/247
f 1461/775/247 1466/774/247 1467/776/247 1462/777/247
f 1462/777/247 1467/776/247 1468/719/247 1463/769/247
f 1323/753/247 1322/752/247 1459/771/247 1454/778/247
f 1454/778/247 1459/771/247 1460/773/247 1455/779/247
f 1455/779/247 1460/773/247 1461/775/247 1456/780/247
f 1456/780/247 1461/775/247 1462/777/247 1457/781/247
f 1457/781/247 1462/777/247 1463/769/247 1458/768/247
f 1324/728/247 1323/753/247 1454/778/247 1449/782/247
f 1449/782/247 1454/778/247 1455/779/247 1450/783/247
f 1450/783/247 1455/779/247 1456/780/247 1451/784/247
f 1451/784/247 1456/780/247 1457/781/247 1452/785/247
f 1452/785/247 1457/781/247 1458/768/247 1453/767/247
f 1297/724/247 1324/728/247 1449/782/247 1369/725/247
f 1369/725/247 1449/782/247 1450/783/247 1370/786/247
f 1370/786/247 1450/783/247 1451/784/247 1371/787/247
f 1371/787/247 1451/784/247 1452/785/247 1372/788/247
f 1372/788/247 1452/785/247 1453/767/247 1373/743/247
f 1338/752/248 1443/789/248 1448/790/248 1337/746/248
f 1443/789/248 1442/791/248 1447/792/248 1448/790/248
f 1442/791/248 1441/775/248 1446/793/248 1447/792/248
f 1441/775/248 1440/794/248 1445/795/248 1446/793/248
f 1440/794/248 1439/759/248 1444/719/248 1445/795/248
f 1339/753/248 1438/796/248 1443/789/248 1338/752/248
f 1438/796/248 1437/797/248 1442/791/248 1443/789/248
f 1437/797/248 1436/798/248 1441/775/248 1442/791/248
f 1436/798/248 1435/799/248 1440/794/248 1441/775/248
f 1435/799/248 1434/758/248 1439/759/248 1440/794/248
f 1340/728/248 1433/800/248 1438/796/248 1339/753/248
f 1433/800/248 1432/801/248 1437/797/248 1438/796/248
f 1432/801/248 1431/784/248 1436/798/248 1437/797/248
f 1431/784/248 1430/802/248 1435/799/248 1436/798/248
f 1430/802/248 1429/757/248 1434/758/248 1435/799/248
f 1306/724/248 1389/723/248 1433/800/248 1340/728/248
f 1389/723/248 1390/803/248 1432/801/248 1433/800/248
f 1390/803/248 1391/787/248 1431/784/248 1432/801/248
f 1391/787/248 1392/788/248 1430/802/248 1431/784/248
f 1392/788/248 1393/743/248 1429/757/248 1430/802/248
f 1300/721/251 1374/720/251 1428/720/251 1317/721/251
f 1374/720/251 1375/804/251 1427/804/251 1428/720/251
f 1375/804/251 1376/805/251 1426/805/251 1427/804/251
f 1376/805/251 1377/806/251 1425/806/251 1426/805/251
f 1377/806/251 1378/748/251 1424/749/251 1425/806/251
f 1297/724/252 1369/725/252 1423/807/252 1319/724/252
f 1369/725/252 1370/786/252 1422/808/252 1423/807/252
f 1370/786/252 1371/787/252 1421/809/252 1422/808/252
f 1371/787/252 1372/788/252 1420/788/252 1421/809/252
f 1372/788/252 1373/743/252 1419/741/252 1420/788/252
f 1302/724/247 1379/810/247 1399/725/247 1310/724/247
f 1379/810/247 1380/803/247 1400/808/247 1399/725/247
f 1380/803/247 1381/787/247 1401/787/247 1400/808/247
f 1381/787/247 1382/788/247 1402/788/247 1401/787/247
f 1382/788/247 1383/743/247 1403/741/247 1402/788/247
f 1304/721/247 1384/736/247 1404/736/247 1312/721/247
f 1384/736/247 1385/811/247 1405/804/247 1404/736/247
f 1385/811/247 1386/812/247 1406/812/247 1405/804/247
f 1386/812/247 1387/806/247 1407/806/247 1406/812/247
f 1387/806/247 1388/738/247 1408/738/247 1407/806/247
f 1310/724/252 1399/725/252 1409/725/252 1314/724/252
f 1399/725/252 1400/808/252 1410/808/252 1409/725/252
f 1400/808/252 1401/787/252 1411/787/252 1410/808/252
f 1401/787/252 1402/788/252 1412/788/252 1411/787/252
f 1402/788/252 1403/741/252 1413/741/252 1412/788/252
f 1312/721/251 1404/736/251 1414/736/251 1316/721/251
f 1404/736/251 1405/804/251 1415/804/251 1414/736/251
f 1405/804/251 1406/812/251 1416/812/251 1415/804/251
f 1406/812/251 1407/806/251 1417/806/251 1416/812/251
f 1407/806/251 1408/738/251 1418/740/251 1417/806/251
f 1305/739/248 1398/738/248 1418/740/248 1313/739/248
f 1398/738/248 1397/806/248 1417/806/248 1418/740/248
f 1397/806/248 1396/812/248 1416/812/248 1417/806/248
f 1396/812/248 1395/811/248 1415/804/248 1416/812/248
f 1395/811/248 1394/734/248 1414/736/248 1415/804/248
f 1337/746/248 1448/790/248 1398/738/248 1305/739/248
f 1448/790/248 1447/792/248 1397/806/248 1398/738/248
f 1447/792/248 1446/793/248 1396/812/248 1397/806/248
f 1446/793/248 1445/795/248 1395/811/248 1396/812/248
f 1445/795/248 1444/719/248 1394/734/248 1395/811/248
f 1487/813/247 1488/814/247 1511/814/247 1512/813/247
f 1490/731/249 1491/731/249 1516/731/249 1513/731/249
f 1483/815/247 1484/816/247 1507/816/247 1508/815/247
f 1486/813/249 1487/813/249 1512/813/249 1509/813/249
f 1479/817/247 1480/818/247 1503/818/247 1504/817/247
f 1565/819/248 1566/820/248 1589/820/248 1590/819/248
f 1560/821/249 1557/822/249 1582/822/249 1583/821/249
f 1561/730/248 1562/823/248 1585/823/248 1586/730/248
f 1557/822/248 1558/824/248 1581/824/248 1582/822/248
f 1579/825/247 1580/826/247 1603/826/247 1604/825/247
f 1307/742/248 1393/743/248 1413/741/248 1315/742/248
f 1393/743/248 1392/788/248 1412/788/248 1413/741/248
f 1392/788/248 1391/787/248 1411/787/248 1412/788/248
f 1391/787/248 1390/803/248 1410/808/248 1411/787/248
f 1390/803/248 1389/723/248 1409/725/248 1410/808/248
f 1321/747/247 1299/739/247 1378/748/247 1464/770/247
f 1464/770/247 1378/748/247 1377/806/247 1465/772/247
f 1465/772/247 1377/806/247 1376/805/247 1466/774/247
f 1466/774/247 1376/805/247 1375/804/247 1467/776/247
f 1467/776/247 1375/804/247 1374/720/247 1468/719/247
f 1419/741/252 1318/742/252 1470/827/252 1469/828/252
f 1318/742/252 1303/742/252 1471/829/252 1470/827/252
f 1303/742/252 1383/743/252 1472/830/252 1471/829/252
f 1383/743/252 1419/741/252 1469/828/252 1472/830/252
f 1319/724/252 1423/807/252 1474/831/252 1473/832/252
f 1423/807/252 1379/810/252 1475/833/252 1474/831/252
f 1379/810/252 1302/724/252 1476/832/252 1475/833/252
f 1302/724/252 1319/724/252 1473/832/252 1476/832/252
f 1423/807/252 1422/808/252 1478/834/252 1477/835/252
f 1422/808/252 1380/803/252 1479/817/252 1478/834/252
f 1380/803/252 1379/810/252 1480/818/252 1479/817/252
f 1379/810/252 1423/807/252 1477/835/252 1480/818/252
f 1422/808/252 1421/809/252 1482/836/252 1481/837/252
f 1421/809/252 1381/787/252 1483/815/252 1482/836/252
f 1381/787/252 1380/803/252 1484/816/252 1483/815/252
f 1380/803/252 1422/808/252 1481/837/252 1484/816/252
f 1421/809/252 1420/788/252 1486/813/252 1485/814/252
f 1420/788/252 1382/788/252 1487/813/252 1486/813/252
f 1382/788/252 1381/787/252 1488/814/252 1487/813/252
f 1381/787/252 1421/809/252 1485/814/252 1488/814/252
f 1420/788/252 1419/741/252 1490/731/252 1489/838/252
f 1419/741/252 1383/743/252 1491/731/252 1490/731/252
f 1383/743/252 1382/788/252 1492/732/252 1491/731/252
f 1382/788/252 1420/788/252 1489/838/252 1492/732/252
f 1506/837/252 1505/836/252 1508/815/252 1507/816/252
f 1514/838/252 1513/731/252 1516/731/252 1515/732/252
f 1469/828/248 1470/827/248 1493/827/248 1494/828/248
f 1473/832/248 1474/831/248 1497/831/248 1498/832/248
f 1472/830/250 1469/828/250 1494/828/250 1495/830/250
f 1477/835/248 1478/834/248 1501/834/248 1502/835/248
f 1476/832/250 1473/832/250 1498/832/250 1499/832/250
f 1481/837/248 1482/836/248 1505/836/248 1506/837/248
f 1470/827/249 1471/829/249 1496/829/249 1493/827/249
f 1480/818/250 1477/835/250 1502/835/250 1503/818/250
f 1485/814/248 1486/813/248 1509/813/248 1510/814/248
f 1474/831/249 1475/833/249 1500/833/249 1497/831/249
f 1484/816/250 1481/837/250 1506/837/250 1507/816/250
f 1489/838/248 1490/731/248 1513/731/248 1514/838/248
f 1471/829/247 1472/830/247 1495/830/247 1496/829/247
f 1478/834/249 1479/817/249 1504/817/249 1501/834/249
f 1488/814/250 1485/814/250 1510/814/250 1511/814/250
f 1475/833/247 1476/832/247 1499/832/247 1500/833/247
f 1482/836/249 1483/815/249 1508/815/249 1505/836/249
f 1492/732/250 1489/838/250 1514/838/250 1515/732/250
f 1365/722/250 1317/721/250 1518/761/250 1517/760/250
f 1317/721/250 1304/721/250 1519/761/250 1518/761/250
f 1304/721/250 1336/737/250 1520/839/250 1519/761/250
f 1336/737/250 1365/722/250 1517/760/250 1520/839/250
f 1318/742/250 1368/745/250 1522/727/250 1521/726/250
f 1368/745/250 1333/745/250 1523/840/250 1522/727/250
f 1333/745/250 1303/742/250 1524/841/250 1523/840/250
f 1303/742/250 1318/742/250 1521/726/250 1524/841/250
f 1368/745/250 1367/750/250 1526/842/250 1525/843/250
f 1367/750/250 1334/750/250 1527/842/250 1526/842/250
f 1334/750/250 1333/745/250 1528/843/250 1527/842/250
f 1333/745/250 1368/745/250 1525/843/250 1528/843/250
f 1367/750/250 1366/751/250 1530/844/250 1529/765/250
f 1366/751/250 1335/751/250 1531/764/250 1530/844/250
f 1335/751/250 1334/750/250 1532/765/250 1531/764/250
f 1334/750/250 1367/750/250 1529/765/250 1532/765/250
f 1366/751/250 1365/722/250 1534/766/250 1533/845/250
f 1365/722/250 1336/737/250 1535/762/250 1534/766/250
f 1336/737/250 1335/751/250 1536/763/250 1535/762/250
f 1335/751/250 1366/751/250 1533/845/250 1536/763/250
f 1550/765/250 1549/844/250 1552/764/250 1551/765/250
f 1520/839/251 1517/760/251 1538/760/251 1539/839/251
f 1525/843/248 1526/842/248 1545/842/248 1546/843/248
f 1524/841/251 1521/726/251 1542/726/251 1543/841/251
f 1529/765/248 1530/844/248 1549/844/248 1550/765/248
f 1518/761/252 1519/761/252 1540/761/252 1537/761/252
f 1528/843/251 1525/843/251 1546/843/251 1547/843/251
f 1533/845/248 1534/766/248 1553/766/248 1554/845/248
f 1522/727/252 1523/840/252 1544/840/252 1541/727/252
f 1532/765/251 1529/765/251 1550/765/251 1551/765/251
f 1519/761/247 1520/839/247 1539/839/247 1540/761/247
f 1526/842/252 1527/842/252 1548/842/252 1545/842/252
f 1536/763/251 1533/845/251 1554/845/251 1555/763/251
f 1523/840/247 1524/841/247 1543/841/247 1544/840/247
f 1530/844/252 1531/764/252 1552/764/252 1549/844/252
f 1527/842/247 1528/843/247 1547/843/247 1548/842/247
f 1424/749/251 1320/739/251 1558/824/251 1557/822/251
f 1320/739/251 1301/739/251 1559/846/251 1558/824/251
f 1301/739/251 1388/738/251 1560/821/251 1559/846/251
f 1388/738/251 1424/749/251 1557/822/251 1560/821/251
f 1317/721/251 1428/720/251 1562/823/251 1561/730/251
f 1428/720/251 1384/736/251 1563/847/251 1562/823/251
f 1384/736/251 1304/721/251 1564/730/251 1563/847/251
f 1304/721/251 1317/721/251 1561/730/251 1564/730/251
f 1428/720/251 1427/804/251 1566/820/251 1565/819/251
f 1427/804/251 1385/811/251 1567/848/251 1566/820/251
f 1385/811/251 1384/736/251 1568/849/251 1567/848/251
f 1384/736/251 1428/720/251 1565/819/251 1568/849/251
f 1427/804/251 1426/805/251 1570/850/251 1569/851/251
f 1426/805/251 1386/812/251 1571/852/251 1570/850/251
f 1386/812/251 1385/811/251 1572/853/251 1571/852/251
f 1385/811/251 1427/804/251 1569/851/251 1572/853/251
f 1426/805/251 1425/806/251 1574/854/251 1573/855/251
f 1425/806/251 1387/806/251 1575/854/251 1574/854/251
f 1387/806/251 1386/812/251 1576/855/251 1575/854/251
f 1386/812/251 1426/805/251 1573/855/251 1576/855/251
f 1425/806/251 1424/749/251 1578/856/251 1577/857/251
f 1424/749/251 1388/738/251 1579/825/251 1578/856/251
f 1388/738/251 1387/806/251 1580/826/251 1579/825/251
f 1387/806/251 1425/806/251 1577/857/251 1580/826/251
f 1594/851/251 1593/850/251 1596/852/251 1595/853/251
f 1602/857/251 1601/856/251 1604/825/251 1603/826/251
f 1569/851/248 1570/850/248 1593/850/248 1594/851/248
f 1558/824/250 1559/846/250 1584/846/250 1581/824/250
f 1568/849/249 1565/819/249 1590/819/249 1591/849/249
f 1573/855/248 1574/854/248 1597/854/248 1598/855/248
f 1562/823/250 1563/847/250 1588/847/250 1585/823/250
f 1572/853/249 1569/851/249 1594/851/249 1595/853/249
f 1577/857/248 1578/856/248 1601/856/248 1602/857/248
f 1559/846/247 1560/821/247 1583/821/247 1584/846/247
f 1566/820/250 1567/848/250 1592/848/250 1589/820/250
f 1576/855/249 1573/855/249 1598/855/249 1599/855/249
f 1563/847/247 1564/730/247 1587/730/247 1588/847/247
f 1570/850/250 1571/852/250 1596/852/250 1593/850/250
f 1580/826/249 1577/857/249 1602/857/249 1603/826/249
f 1567/848/247 1568/849/247 1591/849/247 1592/848/247
f 1574/854/250 1575/854/250 1600/854/250 1597/854/250
f 1571/852/247 1572/853/247 1595/853/247 1596/852/247
f 1578/856/250 1579/825/250 1604/825/250 1601/856/250
f 1575/854/247 1576/855/247 1599/855/247 1600/854/247
f 1776/719/247 1682/720/247 1608/721/247 1636/722/247
f 1697/723/248 1614/724/248 1622/724/248 1717/725/248
f 1829/726/248 1830/727/248 1849/727/248 1850/726/248
f 1669/728/249 1627/724/249 1610/724/249 1640/729/249
f 1872/730/249 1869/730/249 1894/730/249 1895/730/249
f 1799/731/247 1800/732/247 1823/732/247 1824/731/247
f 1752/719/248 1652/733/248 1616/721/248 1702/734/248
f 1640/729/247 1610/724/247 1618/724/247 1656/735/247
f 1702/734/248 1616/721/248 1624/721/248 1722/736/248
f 1644/737/247 1612/721/247 1620/721/247 1660/733/247
f 1660/733/250 1620/721/250 1624/721/250 1668/722/250
f 1656/735/249 1618/724/249 1622/724/249 1664/728/249
f 1716/738/251 1617/739/251 1621/739/251 1726/740/251
f 1711/741/252 1619/742/252 1623/742/252 1721/741/252
f 1696/738/247 1609/739/247 1617/739/247 1716/738/247
f 1691/743/247 1611/742/247 1619/742/247 1711/741/247
f 1649/744/248 1615/742/248 1623/742/248 1665/745/248
f 1645/746/248 1613/739/248 1621/739/248 1661/747/248
f 1681/743/252 1606/742/252 1626/742/252 1727/741/252
f 1686/748/251 1607/739/251 1628/739/251 1732/749/251
f 1632/728/249 1605/724/249 1627/724/249 1669/728/249
f 1636/722/250 1608/721/250 1625/721/250 1673/722/250
f 1606/742/250 1633/745/250 1676/745/250 1626/742/250
f 1633/745/250 1634/750/250 1675/750/250 1676/745/250
f 1634/750/250 1635/751/250 1674/751/250 1675/750/250
f 1635/751/250 1636/722/250 1673/722/250 1674/751/250
f 1607/739/249 1629/747/249 1672/747/249 1628/739/249
f 1629/747/249 1630/752/249 1671/752/249 1672/747/249
f 1630/752/249 1631/753/249 1670/753/249 1671/752/249
f 1631/753/249 1632/728/249 1669/728/249 1670/753/249
f 1614/724/248 1648/728/248 1664/728/248 1622/724/248
f 1648/728/248 1647/753/248 1663/753/248 1664/728/248
f 1647/753/248 1646/752/248 1662/752/248 1663/753/248
f 1646/752/248 1645/746/248 1661/747/248 1662/752/248
f 1616/721/248 1652/733/248 1668/722/248 1624/721/248
f 1652/733/248 1651/754/248 1667/751/248 1668/722/248
f 1651/754/248 1650/755/248 1666/750/248 1667/751/248
f 1650/755/248 1649/744/248 1665/745/248 1666/750/248
f 1617/739/249 1653/747/249 1661/747/249 1621/739/249
f 1653/747/249 1654/752/249 1662/752/249 1661/747/249
f 1654/752/249 1655/753/249 1663/753/249 1662/752/249
f 1655/753/249 1656/735/249 1664/728/249 1663/753/249
f 1619/742/250 1657/745/250 1665/745/250 1623/742/250
f 1657/745/250 1658/756/250 1666/750/250 1665/745/250
f 1658/756/250 1659/754/250 1667/751/250 1666/750/250
f 1659/754/250 1660/733/250 1668/722/250 1667/751/250
f 1611/742/247 1641/745/247 1657/745/247 1619/742/247
f 1641/745/247 1642/750/247 1658/756/247 1657/745/247
f 1642/750/247 1643/751/247 1659/754/247 1658/756/247
f 1643/751/247 1644/737/247 1660/733/247 1659/754/247
f 1609/739/247 1637/747/247 1653/747/247 1617/739/247
f 1637/747/247 1638/752/247 1654/752/247 1653/747/247
f 1638/752/247 1639/753/247 1655/753/247 1654/752/247
f 1639/753/247 1640/729/247 1656/735/247 1655/753/247
f 1701/743/248 1615/742/248 1649/744/248 1737/757/248
f 1737/757/248 1649/744/248 1650/755/248 1742/758/248
f 1742/758/248 1650/755/248 1651/754/248 1747/759/248
f 1747/759/248 1651/754/248 1652/733/248 1752/719/248
f 1628/739/249 1672/747/249 1637/747/249 1609/739/249
f 1672/747/249 1671/752/249 1638/752/249 1637/747/249
f 1671/752/249 1670/753/249 1639/753/249 1638/752/249
f 1670/753/249 1669/728/249 1640/729/249 1639/753/249
f 1825/760/248 1826/761/248 1845/761/248 1846/760/248
f 1843/762/247 1844/763/247 1863/763/247 1864/762/247
f 1839/764/247 1840/765/247 1859/765/247 1860/764/247
f 1842/766/252 1843/762/252 1864/762/252 1861/766/252
f 1681/743/247 1761/767/247 1633/745/247 1606/742/247
f 1761/767/247 1766/768/247 1634/750/247 1633/745/247
f 1766/768/247 1771/769/247 1635/751/247 1634/750/247
f 1771/769/247 1776/719/247 1636/722/247 1635/751/247
f 1630/752/247 1629/747/247 1772/770/247 1767/771/247
f 1767/771/247 1772/770/247 1773/772/247 1768/773/247
f 1768/773/247 1773/772/247 1774/774/247 1769/775/247
f 1769/775/247 1774/774/247 1775/776/247 1770/777/247
f 1770/777/247 1775/776/247 1776/719/247 1771/769/247
f 1631/753/247 1630/752/247 1767/771/247 1762/778/247
f 1762/778/247 1767/771/247 1768/773/247 1763/779/247
f 1763/779/247 1768/773/247 1769/775/247 1764/780/247
f 1764/780/247 1769/775/247 1770/777/247 1765/781/247
f 1765/781/247 1770/777/247 1771/769/247 1766/768/247
f 1632/728/247 1631/753/247 1762/778/247 1757/782/247
f 1757/782/247 1762/778/247 1763/779/247 1758/783/247
f 1758/783/247 1763/779/247 1764/780/247 1759/784/247
f 1759/784/247 1764/780/247 1765/781/247 1760/785/247
f 1760/785/247 1765/781/247 1766/768/247 1761/767/247
f 1605/724/247 1632/728/247 1757/782/247 1677/725/247
f 1677/725/247 1757/782/247 1758/783/247 1678/786/247
f 1678/786/247 1758/783/247 1759/784/247 1679/787/247
f 1679/787/247 1759/784/247 1760/785/247 1680/788/247
f 1680/788/247 1760/785/247 1761/767/247 1681/743/247
f 1646/752/248 1751/789/248 1756/790/248 1645/746/248
f 1751/789/248 1750/791/248 1755/792/248 1756/790/248
f 1750/791/248 1749/775/248 1754/793/248 1755/792/248
f 1749/775/248 1748/794/248 1753/795/248 1754/793/248
f 1748/794/248 1747/759/248 1752/719/248 1753/795/248
f 1647/753/248 1746/796/248 1751/789/248 1646/752/248
f 1746/796/248 1745/797/248 1750/791/248 1751/789/248
f 1745/797/248 1744/798/248 1749/775/248 1750/791/248
f 1744/798/248 1743/799/248 1748/794/248 1749/775/248
f 1743/799/248 1742/758/248 1747/759/248 1748/794/248
f 1648/728/248 1741/800/248 1746/796/248 1647/753/248
f 1741/800/248 1740/801/248 1745/797/248 1746/796/248
f 1740/801/248 1739/784/248 1744/798/248 1745/797/248
f 1739/784/248 1738/802/248 1743/799/248 1744/798/248
f 1738/802/248 1737/757/248 1742/758/248 1743/799/248
f 1614/724/248 1697/723/248 1741/800/248 1648/728/248
f 1697/723/248 1698/803/248 1740/801/248 1741/800/248
f 1698/803/248 1699/787/248 1739/784/248 1740/801/248
f 1699/787/248 1700/788/248 1738/802/248 1739/784/248
f 1700/788/248 1701/743/248 1737/757/248 1738/802/248
f 1608/721/251 1682/720/251 1736/720/251 1625/721/251
f 1682/720/251 1683/804/251 1735/804/251 1736/720/251
f 1683/804/251 1684/805/251 1734/805/251 1735/804/251
f 1684/805/251 1685/806/251 1733/806/251 1734/805/251
f 1685/806/251 1686/748/251 1732/749/251 1733/806/251
f 1605/724/252 1677/725/252 1731/807/252 1627/724/252
f 1677/725/252 1678/786/252 1730/808/252 1731/807/252
f 1678/786/252 1679/787/252 1729/809/252 1730/808/252
f 1679/787/252 1680/788/252 1728/788/252 1729/809/252
f 1680/788/252 1681/743/252 1727/741/252 1728/788/252
f 1610/724/247 1687/810/247 1707/725/247 1618/724/247
f 1687/810/247 1688/803/247 1708/808/247 1707/725/247
f 1688/803/247 1689/787/247 1709/787/247 1708/808/247
f 1689/787/247 1690/788/247 1710/788/247 1709/787/247
f 1690/788/247 1691/743/247 1711/741/247 1710/788/247
f 1612/721/247 1692/736/247 1712/736/247 1620/721/247
f 1692/736/247 1693/811/247 1713/804/247 1712/736/247
f 1693/811/247 1694/812/247 1714/812/247 1713/804/247
f 1694/812/247 1695/806/247 1715/806/247 1714/812/247
f 1695/806/247 1696/738/247 1716/738/247 1715/806/247
f 1618/724/252 1707/725/252 1717/725/252 1622/724/252
f 1707/725/252 1708/808/252 1718/808/252 1717/725/252
f 1708/808/252 1709/787/252 1719/787/252 1718/808/252
f 1709/787/252 1710/788/252 1720/788/252 1719/787/252
f 1710/788/252 1711/741/252 1721/741/252 1720/788/252
f 1620/721/251 1712/736/251 1722/736/251 1624/721/251
f 1712/736/251 1713/804/251 1723/804/251 1722/736/251
f 1713/804/251 1714/812/251 1724/812/251 1723/804/251
f 1714/812/251 1715/806/251 1725/806/251 1724/812/251
f 1715/806/251 1716/738/251 1726/740/251 1725/806/251
f 1613/739/248 1706/738/248 1726/740/248 1621/739/248
f 1706/738/248 1705/806/248 1725/806/248 1726/740/248
f 1705/806/248 1704/812/248 1724/812/248 1725/806/248
f 1704/812/248 1703/811/248 1723/804/248 1724/812/248
f 1703/811/248 1702/734/248 1722/736/248 1723/804/248
f 1645/746/248 1756/790/248 1706/738/248 1613/739/248
f 1756/790/248 1755/792/248 1705/806/248 1706/738/248
f 1755/792/248 1754/793/248 1704/812/248 1705/806/248
f 1754/793/248 1753/795/248 1703/811/248 1704/812/248
f 1753/795/248 1752/719/248 1702/734/248 1703/811/248
f 1795/813/247 1796/814/247 1819/814/247 1820/813/247
f 1798/731/249 1799/731/249 1824/731/249 1821/731/249
f 1791/815/247 1792/816/247 1815/816/247 1816/815/247
f 1794/813/249 1795/813/249 1820/813/249 1817/813/249
f 1787/817/247 1788/818/247 1811/818/247 1812/817/247
f 1873/819/248 1874/820/248 1897/820/248 1898/819/248
f 1868/821/249 1865/822/249 1890/822/249 1891/821/249
f 1869/730/248 1870/823/248 1893/823/248 1894/730/248
f 1865/822/248 1866/824/248 1889/824/248 1890/822/248
f 1887/825/247 1888/826/247 1911/826/247 1912/825/247
f 1615/742/248 1701/743/248 1721/741/248 1623/742/248
f 1701/743/248 1700/788/248 1720/788/248 1721/741/248
f 1700/788/248 1699/787/248 1719/787/248 1720/788/248
f 1699/787/248 1698/803/248 1718/808/248 1719/787/248
f 1698/803/248 1697/723/248 1717/725/248 1718/808/248
f 1629/747/247 1607/739/247 1686/748/247 1772/770/247
f 1772/770/247 1686/748/247 1685/806/247 1773/772/247
f 1773/772/247 1685/806/247 1684/805/247 1774/774/247
f 1774/774/247 1684/805/247 1683/804/247 1775/776/247
f 1775/776/247 1683/804/247 1682/720/247 1776/719/247
f 1727/741/252 1626/742/252 1778/827/252 1777/828/252
f 1626/742/252 1611/742/252 1779/829/252 1778/827/252
f 1611/742/252 1691/743/252 1780/830/252 1779/829/252
f 1691/743/252 1727/741/252 1777/828/252 1780/830/252
f 1627/724/252 1731/807/252 1782/831/252 1781/832/252
f 1731/807/252 1687/810/252 1783/833/252 1782/831/252
f 1687/810/252 1610/724/252 1784/832/252 1783/833/252
f 1610/724/252 1627/724/252 1781/832/252 1784/832/252
f 1731/807/252 1730/808/252 1786/834/252 1785/835/252
f 1730/808/252 1688/803/252 1787/817/252 1786/834/252
f 1688/803/252 1687/810/252 1788/818/252 1787/817/252
f 1687/810/252 1731/807/252 1785/835/252 1788/818/252
f 1730/808/252 1729/809/252 1790/836/252 1789/837/252
f 1729/809/252 1689/787/252 1791/815/252 1790/836/252
f 1689/787/252 1688/803/252 1792/816/252 1791/815/252
f 1688/803/252 1730/808/252 1789/837/252 1792/816/252
f 1729/809/252 1728/788/252 1794/813/252 1793/814/252
f 1728/788/252 1690/788/252 1795/813/252 1794/813/252
f 1690/788/252 1689/787/252 1796/814/252 1795/813/252
f 1689/787/252 1729/809/252 1793/814/252 1796/814/252
f 1728/788/252 1727/741/252 1798/731/252 1797/838/252
f 1727/741/252 1691/743/252 1799/731/252 1798/731/252
f 1691/743/252 1690/788/252 1800/732/252 1799/731/252
f 1690/788/252 1728/788/252 1797/838/252 1800/732/252
f 1814/837/252 1813/836/252 1816/815/252 1815/816/252
f 1822/838/252 1821/731/252 1824/731/252 1823/732/252
f 1777/828/248 1778/827/248 1801/827/248 1802/828/248
f 1781/832/248 1782/831/248 1805/831/248 1806/832/248
f 1780/830/250 1777/828/250 1802/828/250 1803/830/250
f 1785/835/248 1786/834/248 1809/834/248 1810/835/248
f 1784/832/250 1781/832/250 1806/832/250 1807/832/250
f 1789/837/248 1790/836/248 1813/836/248 1814/837/248
f 1778/827/249 1779/829/249 1804/829/249 1801/827/249
f 1788/818/250 1785/835/250 1810/835/250 1811/818/250
f 1793/814/248 1794/813/248 1817/813/248 1818/814/248
f 1782/831/249 1783/833/249 1808/833/249 1805/831/249
f 1792/816/250 1789/837/250 1814/837/250 1815/816/250
f 1797/838/248 1798/731/248 1821/731/248 1822/838/248
f 1779/829/247 1780/830/247 1803/830/247 1804/829/247
f 1786/834/249 1787/817/249 1812/817/249 1809/834/249
f 1796/814/250 1793/814/250 1818/814/250 1819/814/250
f 1783/833/247 1784/832/247 1807/832/247 1808/833/247
f 1790/836/249 1791/815/249 1816/815/249 1813/836/249
f 1800/732/250 1797/838/250 1822/838/250 1823/732/250
f 1673/722/250 1625/721/250 1826/761/250 1825/760/250
f 1625/721/250 1612/721/250 1827/761/250 1826/761/250
f 1612/721/250 1644/737/250 1828/839/250 1827/761/250
f 1644/737/250 1673/722/250 1825/760/250 1828/839/250
f 1626/742/250 1676/745/250 1830/727/250 1829/726/250
f 1676/745/250 1641/745/250 1831/840/250 1830/727/250
f 1641/745/250 1611/742/250 1832/841/250 1831/840/250
f 1611/742/250 1626/742/250 1829/726/250 1832/841/250
f 1676/745/250 1675/750/250 1834/842/250 1833/843/250
f 1675/750/250 1642/750/250 1835/842/250 1834/842/250
f 1642/750/250 1641/745/250 1836/843/250 1835/842/250
f 1641/745/250 1676/745/250 1833/843/250 1836/843/250
f 1675/750/250 1674/751/250 1838/844/250 1837/765/250
f 1674/751/250 1643/751/250 1839/764/250 1838/844/250
f 1643/751/250 1642/750/250 1840/765/250 1839/764/250
f 1642/750/250 1675/750/250 1837/765/250 1840/765/250
f 1674/751/250 1673/722/250 1842/766/250 1841/845/250
f 1673/722/250 1644/737/250 1843/762/250 1842/766/250
f 1644/737/250 1643/751/250 1844/763/250 1843/762/250
f 1643/751/250 1674/751/250 1841/845/250 1844/763/250
f 1858/765/250 1857/844/250 1860/764/250 1859/765/250
f 1828/839/251 1825/760/251 1846/760/251 1847/839/251
f 1833/843/248 1834/842/248 1853/842/248 1854/843/248
f 1832/841/251 1829/726/251 1850/726/251 1851/841/251
f 1837/765/248 1838/844/248 1857/844/248 1858/765/248
f 1826/761/252 1827/761/252 1848/761/252 1845/761/252
f 1836/843/251 1833/843/251 1854/843/251 1855/843/251
f 1841/845/248 1842/766/248 1861/766/248 1862/845/248
f 1830/727/252 1831/840/252 1852/840/252 1849/727/252
f 1840/765/251 1837/765/251 1858/765/251 1859/765/251
f 1827/761/247 1828/839/247 1847/839/247 1848/761/247
f 1834/842/252 1835/842/252 1856/842/252 1853/842/252
f 1844/763/251 1841/845/251 1862/845/251 1863/763/251
f 1831/840/247 1832/841/247 1851/841/247 1852/840/247
f 1838/844/252 1839/764/252 1860/764/252 1857/844/252
f 1835/842/247 1836/843/247 1855/843/247 1856/842/247
f 1732/749/251 1628/739/251 1866/824/251 1865/822/251
f 1628/739/251 1609/739/251 1867/846/251 1866/824/251
f 1609/739/251 1696/738/251 1868/821/251 1867/846/251
f 1696/738/251 1732/749/251 1865/822/251 1868/821/251
f 1625/721/251 1736/720/251 1870/823/251 1869/730/251
f 1736/720/251 1692/736/251 1871/847/251 1870/823/251
f 1692/736/251 1612/721/251 1872/730/251 1871/847/251
f 1612/721/251 1625/721/251 1869/730/251 1872/730/251
f 1736/720/251 1735/804/251 1874/820/251 1873/819/251
f 1735/804/251 1693/811/251 1875/848/251 1874/820/251
f 1693/811/251 1692/736/251 1876/849/251 1875/848/251
f 1692/736/251 1736/720/251 1873/819/251 1876/849/251
f 1735/804/251 1734/805/251 1878/850/251 1877/851/251
f 1734/805/251 1694/812/251 1879/852/251 1878/850/251
f 1694/812/251 1693/811/251 1880/853/251 1879/852/251
f 1693/811/251 1735/804/251 1877/851/251 1880/853/251
f 1734/805/251 1733/806/251 1882/854/251 1881/855/251
f 1733/806/251 1695/806/251 1883/854/251 1882/854/251
f 1695/806/251 1694/812/251 1884/855/251 1883/854/251
f 1694/812/251 1734/805/251 1881/855/251 1884/855/251
f 1733/806/251 1732/749/251 1886/856/251 1885/857/251
f 1732/749/251 1696/738/251 1887/825/251 1886/856/251
f 1696/738/251 1695/806/251 1888/826/251 1887/825/251
f 1695/806/251 1733/806/251 1885/857/251 1888/826/251
f 1902/851/251 1901/850/251 1904/852/251 1903/853/251
f 1910/857/251 1909/856/251 1912/825/251 1911/826/251
f 1877/851/248 1878/850/248 1901/850/248 1902/851/248
f 1866/824/250 1867/846/250 1892/846/250 1889/824/250
f 1876/849/249 1873/819/249 1898/819/249 1899/849/249
f 1881/855/248 1882/854/248 1905/854/248 1906/855/248
f 1870/823/250 1871/847/250 1896/847/250 1893/823/250
f 1880/853/249 1877/851/249 1902/851/249 1903/853/249
f 1885/857/248 1886/856/248 1909/856/248 1910/857/248
f 1867/846/247 1868/821/247 1891/821/247 1892/846/247
f 1874/820/250 1875/848/250 1900/848/250 1897/820/250
f 1884/855/249 1881/855/249 1906/855/249 1907/855/249
f 1871/847/247 1872/730/247 1895/730/247 1896/847/247
f 1878/850/250 1879/852/250 1904/852/250 1901/850/250
f 1888/826/249 1885/857/249 1910/857/249 1911/826/249
f 1875/848/247 1876/849/247 1899/849/247 1900/848/247
f 1882/854/250 1883/854/250 1908/854/250 1905/854/250
f 1879/852/247 1880/853/247 1903/853/247 1904/852/247
f 1886/856/250 1887/825/250 1912/825/250 1909/856/250
f 1883/854/247 1884/855/247 1907/855/247 1908/854/247
f 2084/719/247 1990/720/247 1916/721/247 1944/722/247
f 2005/723/248 1922/724/248 1930/724/248 2025/725/248
f 2137/726/248 2138/727/248 2157/727/248 2158/726/248
f 1977/728/249 1935/724/249 1918/724/249 1948/729/249
f 2180/730/249 2177/730/249 2202/730/249 2203/730/249
f 2107/731/247 2108/732/247 2131/732/247 2132/731/247
f 2060/719/248 1960/733/248 1924/721/248 2010/734/248
f 1948/729/247 1918/724/247 1926/724/247 1964/735/247
f 2010/734/248 1924/721/248 1932/721/248 2030/736/248
f 1952/737/247 1920/721/247 1928/721/247 1968/733/247
f 1968/733/250 1928/721/250 1932/721/250 1976/722/250
f 1964/735/249 1926/724/249 1930/724/249 1972/728/249
f 2024/738/251 1925/739/251 1929/739/251 2034/740/251
f 2019/741/252 1927/742/252 1931/742/252 2029/741/252
f 2004/738/247 1917/739/247 1925/739/247 2024/738/247
f 1999/743/247 1919/742/247 1927/742/247 2019/741/247
f 1957/744/248 1923/742/248 1931/742/248 1973/745/248
f 1953/746/248 1921/739/248 1929/739/248 1969/747/248
f 1989/743/252 1914/742/252 1934/742/252 2035/741/252
f 1994/748/251 1915/739/251 1936/739/251 2040/749/251
f 1940/728/249 1913/724/249 1935/724/249 1977/728/249
f 1944/722/250 1916/721/250 1933/721/250 1981/722/250
f 1914/742/250 1941/745/250 1984/745/250 1934/742/250
f 1941/745/250 1942/750/250 1983/750/250 1984/745/250
f 1942/750/250 1943/751/250 1982/751/250 1983/750/250
f 1943/751/250 1944/722/250 1981/722/250 1982/751/250
f 1915/739/249 1937/747/249 1980/747/249 1936/739/249
f 1937/747/249 1938/752/249 1979/752/249 1980/747/249
f 1938/752/249 1939/753/249 1978/753/249 1979/752/249
f 1939/753/249 1940/728/249 1977/728/249 1978/753/249
f 1922/724/248 1956/728/248 1972/728/248 1930/724/248
f 1956/728/248 1955/753/248 1971/753/248 1972/728/248
f 1955/753/248 1954/752/248 1970/752/248 1971/753/248
f 1954/752/248 1953/746/248 1969/747/248 1970/752/248
f 1924/721/248 1960/733/248 1976/722/248 1932/721/248
f 1960/733/248 1959/754/248 1975/751/248 1976/722/248
f 1959/754/248 1958/755/248 1974/750/248 1975/751/248
f 1958/755/248 1957/744/248 1973/745/248 1974/750/248
f 1925/739/249 1961/747/249 1969/747/249 1929/739/249
f 1961/747/249 1962/752/249 1970/752/249 1969/747/249
f 1962/752/249 1963/753/249 1971/753/249 1970/752/249
f 1963/753/249 1964/735/249 1972/728/249 1971/753/249
f 1927/742/250 1965/745/250 1973/745/250 1931/742/250
f 1965/745/250 1966/756/250 1974/750/250 1973/745/250
f 1966/756/250 1967/754/250 1975/751/250 1974/750/250
f 1967/754/250 1968/733/250 1976/722/250 1975/751/250
f 1919/742/247 1949/745/247 1965/745/247 1927/742/247
f 1949/745/247 1950/750/247 1966/756/247 1965/745/247
f 1950/750/247 1951/751/247 1967/754/247 1966/756/247
f 1951/751/247 1952/737/247 1968/733/247 1967/754/247
f 1917/739/247 1945/747/247 1961/747/247 1925/739/247
f 1945/747/247 1946/752/247 1962/752/247 1961/747/247
f 1946/752/247 1947/753/247 1963/753/247 1962/752/247
f 1947/753/247 1948/729/247 1964/735/247 1963/753/247
f 2009/743/248 1923/742/248 1957/744/248 2045/757/248
f 2045/757/248 1957/744/248 1958/755/248 2050/758/248
f 2050/758/248 1958/755/248 1959/754/248 2055/759/248
f 2055/759/248 1959/754/248 1960/733/248 2060/719/248
f 1936/739/249 1980/747/249 1945/747/249 1917/739/249
f 1980/747/249 1979/752/249 1946/752/249 1945/747/249
f 1979/752/249 1978/753/249 1947/753/249 1946/752/249
f 1978/753/249 1977/728/249 1948/729/249 1947/753/249
f 2133/760/248 2134/761/248 2153/761/248 2154/760/248
f 2151/762/247 2152/763/247 2171/763/247 2172/762/247
f 2147/764/247 2148/765/247 2167/765/247 2168/764/247
f 2150/766/252 2151/762/252 2172/762/252 2169/766/252
f 1989/743/247 2069/767/247 1941/745/247 1914/742/247
f 2069/767/247 2074/768/247 1942/750/247 1941/745/247
f 2074/768/247 2079/769/247 1943/751/247 1942/750/247
f 2079/769/247 2084/719/247 1944/722/247 1943/751/247
f 1938/752/247 1937/747/247 2080/770/247 2075/771/247
f 2075/771/247 2080/770/247 2081/772/247 2076/773/247
f 2076/773/247 2081/772/247 2082/774/247 2077/775/247
f 2077/775/247 2082/774/247 2083/776/247 2078/777/247
f 2078/777/247 2083/776/247 2084/719/247 2079/769/247
f 1939/753/247 1938/752/247 2075/771/247 2070/778/247
f 2070/778/247 2075/771/247 2076/773/247 2071/779/247
f 2071/779/247 2076/773/247 2077/775/247 2072/780/247
f 2072/780/247 2077/775/247 2078/777/247 2073/781/247
f 2073/781/247 2078/777/247 2079/769/247 2074/768/247
f 1940/728/247 1939/753/247 2070/778/247 2065/782/247
f 2065/782/247 2070/778/247 2071/779/247 2066/783/247
f 2066/783/247 2071/779/247 2072/780/247 2067/784/247
f 2067/784/247 2072/780/247 2073/781/247 2068/785/247
f 2068/785/247 2073/781/247 2074/768/247 2069/767/247
f 1913/724/247 1940/728/247 2065/782/247 1985/725/247
f 1985/725/247 2065/782/247 2066/783/247 1986/786/247
f 1986/786/247 2066/783/247 2067/784/247 1987/787/247
f 1987/787/247 2067/784/247 2068/785/247 1988/788/247
f 1988/788/247 2068/785/247 2069/767/247 1989/743/247
f 1954/752/248 2059/789/248 2064/790/248 1953/746/248
f 2059/789/248 2058/791/248 2063/792/248 2064/790/248
f 2058/791/248 2057/775/248 2062/793/248 2063/792/248
f 2057/775/248 2056/794/248 2061/795/248 2062/793/248
f 2056/794/248 2055/759/248 2060/719/248 2061/795/248
f 1955/753/248 2054/796/248 2059/789/248 1954/752/248
f 2054/796/248 2053/797/248 2058/791/248 2059/789/248
f 2053/797/248 2052/798/248 2057/775/248 2058/791/248
f 2052/798/248 2051/799/248 2056/794/248 2057/775/248
f 2051/799/248 2050/758/248 2055/759/248 2056/794/248
f 1956/728/248 2049/800/248 2054/796/248 1955/753/248
f 2049/800/248 2048/801/248 2053/797/248 2054/796/248
f 2048/801/248 2047/784/248 2052/798/248 2053/797/248
f 2047/784/248 2046/802/248 2051/799/248 2052/798/248
f 2046/802/248 2045/757/248 2050/758/248 2051/799/248
f 1922/724/248 2005/723/248 2049/800/248 1956/728/248
f 2005/723/248 2006/803/248 2048/801/248 2049/800/248
f 2006/803/248 2007/787/248 2047/784/248 2048/801/248
f 2007/787/248 2008/788/248 2046/802/248 2047/784/248
f 2008/788/248 2009/743/248 2045/757/248 2046/802/248
f 1916/721/251 1990/720/251 2044/720/251 1933/721/251
f 1990/720/251 1991/804/251 2043/804/251 2044/720/251
f 1991/804/251 1992/805/251 2042/805/251 2043/804/251
f 1992/805/251 1993/806/251 2041/806/251 2042/805/251
f 1993/806/251 1994/748/251 2040/749/251 2041/806/251
f 1913/724/252 1985/725/252 2039/807/252 1935/724/252
f 1985/725/252 1986/786/252 2038/808/252 2039/807/252
f 1986/786/252 1987/787/252 2037/809/252 2038/808/252
f 1987/787/252 1988/788/252 2036/788/252 2037/809/252
f 1988/788/252 1989/743/252 2035/741/252 2036/788/252
f 1918/724/247 1995/810/247 2015/725/247 1926/724/247
f 1995/810/247 1996/803/247 2016/808/247 2015/725/247
f 1996/803/247 1997/787/247 2017/787/247 2016/808/247
f 1997/787/247 1998/788/247 2018/788/247 2017/787/247
f 1998/788/247 1999/743/247 2019/741/247 2018/788/247
f 1920/721/247 2000/736/247 2020/736/247 1928/721/247
f 2000/736/247 2001/811/247 2021/804/247 2020/736/247
f 2001/811/247 2002/812/247 2022/812/247 2021/804/247
f 2002/812/247 2003/806/247 2023/806/247 2022/812/247
f 2003/806/247 2004/738/247 2024/738/247 2023/806/247
f 1926/724/252 2015/725/252 2025/725/252 1930/724/252
f 2015/725/252 2016/808/252 2026/808/252 2025/725/252
f 2016/808/252 2017/787/252 2027/787/252 2026/808/252
f 2017/787/252 2018/788/252 2028/788/252 2027/787/252
f 2018/788/252 2019/741/252 2029/741/252 2028/788/252
f 1928/721/251 2020/736/251 2030/736/251 1932/721/251
f 2020/736/251 2021/804/251 2031/804/251 2030/736/251
f 2021/804/251 2022/812/251 2032/812/251 2031/804/251
f 2022/812/251 2023/806/251 2033/806/251 2032/812/251
f 2023/806/251 2024/738/251 2034/740/251 2033/806/251
f 1921/739/248 2014/738/248 2034/740/248 1929/739/248
f 2014/738/248 2013/806/248 2033/806/248 2034/740/248
f 2013/806/248 2012/812/248 2032/812/248 2033/806/248
f 2012/812/248 2011/811/248 2031/804/248 2032/812/248
f 2011/811/248 2010/734/248 2030/736/248 2031/804/248
f 1953/746/248 2064/790/248 2014/738/248 1921/739/248
f 2064/790/248 2063/792/248 2013/806/248 2014/738/248
f 2063/792/248 2062/793/248 2012/812/248 2013/806/248
f 2062/793/248 2061/795/248 2011/811/248 2012/812/248
f 2061/795/248 2060/719/248 2010/734/248 2011/811/248
f 2103/813/247 2104/814/247 2127/814/247 2128/813/247
f 2106/731/249 2107/731/249 2132/731/249 2129/731/249
f 2099/815/247 2100/816/247 2123/816/247 2124/815/247
f 2102/813/249 2103/813/249 2128/813/249 2125/813/249
f 2095/817/247 2096/818/247 2119/818/247 2120/817/247
f 2181/819/248 2182/820/248 2205/820/248 2206/819/248
f 2176/821/249 2173/822/249 2198/822/249 2199/821/249
f 2177/730/248 2178/823/248 2201/823/248 2202/730/248
f 2173/822/248 2174/824/248 2197/824/248 2198/822/248
f 2195/825/247 2196/826/247 2219/826/247 2220/825/247
f 1923/742/248 2009/743/248 2029/741/248 1931/742/248
f 2009/743/248 2008/788/248 2028/788/248 2029/741/248
f 2008/788/248 2007/787/248 2027/787/248 2028/788/248
f 2007/787/248 2006/803/248 2026/808/248 2027/787/248
f 2006/803/248 2005/723/248 2025/725/248 2026/808/248
f 1937/747/247 1915/739/247 1994/748/247 2080/770/247
f 2080/770/247 1994/748/247 1993/806/247 2081/772/247
f 2081/772/247 1993/806/247 1992/805/247 2082/774/247
f 2082/774/247 1992/805/247 1991/804/247 2083/776/247
f 2083/776/247 1991/804/247 1990/720/247 2084/719/247
f 2035/741/252 1934/742/252 2086/827/252 2085/828/252
f 1934/742/252 1919/742/252 2087/829/252 2086/827/252
f 1919/742/252 1999/743/252 2088/830/252 2087/829/252
f 1999/743/252 2035/741/252 2085/828/252 2088/830/252
f 1935/724/252 2039/807/252 2090/831/252 2089/832/252
f 2039/807/252 1995/810/252 2091/833/252 2090/831/252
f 1995/810/252 1918/724/252 2092/832/252 2091/833/252
f 1918/724/252 1935/724/252 2089/832/252 2092/832/252
f 2039/807/252 2038/808/252 2094/834/252 2093/835/252
f 2038/808/252 1996/803/252 2095/817/252 2094/834/252
f 1996/803/252 1995/810/252 2096/818/252 2095/817/252
f 1995/810/252 2039/807/252 2093/835/252 2096/818/252
f 2038/808/252 2037/809/252 2098/836/252 2097/837/252
f 2037/809/252 1997/787/252 2099/815/252 2098/836/252
f 1997/787/252 1996/803/252 2100/816/252 2099/815/252
f 1996/803/252 2038/808/252 2097/837/252 2100/816/252
f 2037/809/252 2036/788/252 2102/813/252 2101/814/252
f 2036/788/252 1998/788/252 2103/813/252 2102/813/252
f 1998/788/252 1997/787/252 2104/814/252 2103/813/252
f 1997/787/252 2037/809/252 2101/814/252 2104/814/252
f 2036/788/252 2035/741/252 2106/731/252 2105/838/252
f 2035/741/252 1999/743/252 2107/731/252 2106/731/252
f 1999/743/252 1998/788/252 2108/732/252 2107/731/252
f 1998/788/252 2036/788/252 2105/838/252 2108/732/252
f 2122/837/252 2121/836/252 2124/815/252 2123/816/252
f 2130/838/252 2129/731/252 2132/731/252 2131/732/252
f 2085/828/248 2086/827/248 2109/827/248 2110/828/248
f 2089/832/248 2090/831/248 2113/831/248 2114/832/248
f 2088/830/250 2085/828/250 2110/828/250 2111/830/250
f 2093/835/248 2094/834/248 2117/834/248 2118/835/248
f 2092/832/250 2089/832/250 2114/832/250 2115/832/250
f 2097/837/248 2098/836/248 2121/836/248 2122/837/248
f 2086/827/249 2087/829/249 2112/829/249 2109/827/249
f 2096/818/250 2093/835/250 2118/835/250 2119/818/250
f 2101/814/248 2102/813/248 2125/813/248 2126/814/248
f 2090/831/249 2091/833/249 2116/833/249 2113/831/249
f 2100/816/250 2097/837/250 2122/837/250 2123/816/250
f 2105/838/248 2106/731/248 2129/731/248 2130/838/248
f 2087/829/247 2088/830/247 2111/830/247 2112/829/247
f 2094/834/249 2095/817/249 2120/817/249 2117/834/249
f 2104/814/250 2101/814/250 2126/814/250 2127/814/250
f 2091/833/247 2092/832/247 2115/832/247 2116/833/247
f 2098/836/249 2099/815/249 2124/815/249 2121/836/249
f 2108/732/250 2105/838/250 2130/838/250 2131/732/250
f 1981/722/250 1933/721/250 2134/761/250 2133/760/250
f 1933/721/250 1920/721/250 2135/761/250 2134/761/250
f 1920/721/250 1952/737/250 2136/839/250 2135/761/250
f 1952/737/250 1981/722/250 2133/760/250 2136/839/250
f 1934/742/250 1984/745/250 2138/727/250 2137/726/250
f 1984/745/250 1949/745/250 2139/840/250 2138/727/250
f 1949/745/250 1919/742/250 2140/841/250 2139/840/250
f 1919/742/250 1934/742/250 2137/726/250 2140/841/250
f 1984/745/250 1983/750/250 2142/842/250 2141/843/250
f 1983/750/250 1950/750/250 2143/842/250 2142/842/250
f 1950/750/250 1949/745/250 2144/843/250 2143/842/250
f 1949/745/250 1984/745/250 2141/843/250 2144/843/250
f 1983/750/250 1982/751/250 2146/844/250 2145/765/250
f 1982/751/250 1951/751/250 2147/764/250 2146/844/250
f 1951/751/250 1950/750/250 2148/765/250 2147/764/250
f 1950/750/250 1983/750/250 2145/765/250 2148/765/250
f 1982/751/250 1981/722/250 2150/766/250 2149/845/250
f 1981/722/250 1952/737/250 2151/762/250 2150/766/250
f 1952/737/250 1951/751/250 2152/763/250 2151/762/250
f 1951/751/250 1982/751/250 2149/845/250 2152/763/250
f 2166/765/250 2165/844/250 2168/764/250 2167/765/250
f 2136/839/251 2133/760/251 2154/760/251 2155/839/251
f 2141/843/248 2142/842/248 2161/842/248 2162/843/248
f 2140/841/251 2137/726/251 2158/726/251 2159/841/251
f 2145/765/248 2146/844/248 2165/844/248 2166/765/248
f 2134/761/252 2135/761/252 2156/761/252 2153/761/252
f 2144/843/251 2141/843/251 2162/843/251 2163/843/251
f 2149/845/248 2150/766/248 2169/766/248 2170/845/248
f 2138/727/252 2139/840/252 2160/840/252 2157/727/252
f 2148/765/251 2145/765/251 2166/765/251 2167/765/251
f 2135/761/247 2136/839/247 2155/839/247 2156/761/247
f 2142/842/252 2143/842/252 2164/842/252 2161/842/252
f 2152/763/251 2149/845/251 2170/845/251 2171/763/251
f 2139/840/247 2140/841/247 2159/841/247 2160/840/247
f 2146/844/252 2147/764/252 2168/764/252 2165/844/252
f 2143/842/247 2144/843/247 2163/843/247 2164/842/247
f 2040/749/251 1936/739/251 2174/824/251 2173/822/251
f 1936/739/251 1917/739/251 2175/846/251 2174/824/251
f 1917/739/251 2004/738/251 2176/821/251 2175/846/251
f 2004/738/251 2040/749/251 2173/822/251 2176/821/251
f 1933/721/251 2044/720/251 2178/823/251 2177/730/251
f 2044/720/251 2000/736/251 2179/847/251 2178/823/251
f 2000/736/251 1920/721/251 2180/730/251 2179/847/251
f 1920/721/251 1933/721/251 2177/730/251 2180/730/251
f 2044/720/251 2043/804/251 2182/820/251 2181/819/251
f 2043/804/251 2001/811/251 2183/848/251 2182/820/251
f 2001/811/251 2000/736/251 2184/849/251 2183/848/251
f 2000/736/251 2044/720/251 2181/819/251 2184/849/251
f 2043/804/251 2042/805/251 2186/850/251 2185/851/251
f 2042/805/251 2002/812/251 2187/852/251 2186/850/251
f 2002/812/251 2001/811/251 2188/853/251 2187/852/251
f 2001/811/251 2043/804/251 2185/851/251 2188/853/251
f 2042/805/251 2041/806/251 2190/854/251 2189/855/251
f 2041/806/251 2003/806/251 2191/854/251 2190/854/251
f 2003/806/251 2002/812/251 2192/855/251 2191/854/251
f 2002/812/251 2042/805/251 2189/855/251 2192/855/251
f 2041/806/251 2040/749/251 2194/856/251 2193/857/251
f 2040/749/251 2004/738/251 2195/825/251 2194/856/251
f 2004/738/251 2003/806/251 2196/826/251 2195/825/251
f 2003/806/251 2041/806/251 2193/857/251 2196/826/251
f 2210/851/251 2209/850/251 2212/852/251 2211/853/251
f 2218/857/251 2217/856/251 2220/825/251 2219/826/251
f 2185/851/248 2186/850/248 2209/850/248 2210/851/248
f 2174/824/250 2175/846/250 2200/846/250 2197/824/250
f 2184/849/249 2181/819/249 2206/819/249 2207/849/249
f 2189/855/248 2190/854/248 2213/854/248 2214/855/248
f 2178/823/250 2179/847/250 2204/847/250 2201/823/250
f 2188/853/249 2185/851/249 2210/851/249 2211/853/249
f 2193/857/248 2194/856/248 2217/856/248 2218/857/248
f 2175/846/247 2176/821/247 2199/821/247 2200/846/247
f 2182/820/250 2183/848/250 2208/848/250 2205/820/250
f 2192/855/249 2189/855/249 2214/855/249 2215/855/249
f 2179/847/247 2180/730/247 2203/730/247 2204/847/247
f 2186/850/250 2187/852/250 2212/852/250 2209/850/250
f 2196/826/249 2193/857/249 2218/857/249 2219/826/249
f 2183/848/247 2184/849/247 2207/849/247 2208/848/247
f 2190/854/250 2191/854/250 2216/854/250 2213/854/250
f 2187/852/247 2188/853/247 2211/853/247 2212/852/247
f 2194/856/250 2195/825/250 2220/825/250 2217/856/250
f 2191/854/247 2192/855/247 2215/855/247 2216/854/247
f 2392/719/247 2298/720/247 2224/721/247 2252/722/247
f 2313/723/248 2230/724/248 2238/724/248 2333/725/248
f 2445/726/248 2446/727/248 2465/727/248 2466/726/248
f 2285/728/249 2243/724/249 2226/724/249 2256/729/249
f 2488/730/249 2485/730/249 2510/730/249 2511/730/249
f 2415/731/247 2416/732/247 2439/732/247 2440/731/247
f 2368/719/248 2268/733/248 2232/721/248 2318/734/248
f 2256/729/247 2226/724/247 2234/724/247 2272/735/247
f 2318/734/248 2232/721/248 2240/721/248 2338/736/248
f 2260/737/247 2228/721/247 2236/721/247 2276/733/247
f 2276/733/250 2236/721/250 2240/721/250 2284/722/250
f 2272/735/249 2234/724/249 2238/724/249 2280/728/249
f 2332/738/251 2233/739/251 2237/739/251 2342/740/251
f 2327/741/252 2235/742/252 2239/742/252 2337/741/252
f 2312/738/247 2225/739/247 2233/739/247 2332/738/247
f 2307/743/247 2227/742/247 2235/742/247 2327/741/247
f 2265/744/248 2231/742/248 2239/742/248 2281/745/248
f 2261/746/248 2229/739/248 2237/739/248 2277/747/248
f 2297/743/252 2222/742/252 2242/742/252 2343/741/252
f 2302/748/251 2223/739/251 2244/739/251 2348/749/251
f 2248/728/249 2221/724/249 2243/724/249 2285/728/249
f 2252/722/250 2224/721/250 2241/721/250 2289/722/250
f 2222/742/250 2249/745/250 2292/745/250 2242/742/250
f 2249/745/250 2250/750/250 2291/750/250 2292/745/250
f 2250/750/250 2251/751/250 2290/751/250 2291/750/250
f 2251/751/250 2252/722/250 2289/722/250 2290/751/250
f 2223/739/249 2245/747/249 2288/747/249 2244/739/249
f 2245/747/249 2246/752/249 2287/752/249 2288/747/249
f 2246/752/249 2247/753/249 2286/753/249 2287/752/249
f 2247/753/249 2248/728/249 2285/728/249 2286/753/249
f 2230/724/248 2264/728/248 2280/728/248 2238/724/248
f 2264/728/248 2263/753/248 2279/753/248 2280/728/248
f 2263/753/248 2262/752/248 2278/752/248 2279/753/248
f 2262/752/248 2261/746/248 2277/747/248 2278/752/248
f 2232/721/248 2268/733/248 2284/722/248 2240/721/248
f 2268/733/248 2267/754/248 2283/751/248 2284/722/248
f 2267/754/248 2266/755/248 2282/750/248 2283/751/248
f 2266/755/248 2265/744/248 2281/745/248 2282/750/248
f 2233/739/249 2269/747/249 2277/747/249 2237/739/249
f 2269/747/249 2270/752/249 2278/752/249 2277/747/249
f 2270/752/249 2271/753/249 2279/753/249 2278/752/249
f 2271/753/249 2272/735/249 2280/728/249 2279/753/249
f 2235/742/250 2273/745/250 2281/745/250 2239/742/250
f 2273/745/250 2274/756/250 2282/750/250 2281/745/250
f 2274/756/250 2275/754/250 2283/751/250 2282/750/250
f 2275/754/250 2276/733/250 2284/722/250 2283/751/250
f 2227/742/247 2257/745/247 2273/745/247 2235/742/247
f 2257/745/247 2258/750/247 2274/756/247 2273/745/247
f 2258/750/247 2259/751/247 2275/754/247 2274/756/247
f 2259/751/247 2260/737/247 2276/733/247 2275/754/247
f 2225/739/247 2253/747/247 2269/747/247 2233/739/247
f 2253/747/247 2254/752/247 2270/752/247 2269/747/247
f 2254/752/247 2255/753/247 2271/753/247 2270/752/247
f 2255/753/247 2256/729/247 2272/735/247 2271/753/247
f 2317/743/248 2231/742/248 2265/744/248 2353/757/248
f 2353/757/248 2265/744/248 2266/755/248 2358/758/248
f 2358/758/248 2266/755/248 2267/754/248 2363/759/248
f 2363/759/248 2267/754/248 2268/733/248 2368/719/248
f 2244/739/249 2288/747/249 2253/747/249 2225/739/249
f 2288/747/249 2287/752/249 2254/752/249 2253/747/249
f 2287/752/249 2286/753/249 2255/753/249 2254/752/249
f 2286/753/249 2285/728/249 2256/729/249 2255/753/249
f 2441/760/248 2442/761/248 2461/761/248 2462/760/248
f 2459/762/247 2460/763/247 2479/763/247 2480/762/247
f 2455/764/247 2456/765/247 2475/765/247 2476/764/247
f 2458/766/252 2459/762/252 2480/762/252 2477/766/252
f 2297/743/247 2377/767/247 2249/745/247 2222/742/247
f 2377/767/247 2382/768/247 2250/750/247 2249/745/247
f 2382/768/247 2387/769/247 2251/751/247 2250/750/247
f 2387/769/247 2392/719/247 2252/722/247 2251/751/247
f 2246/752/247 2245/747/247 2388/770/247 2383/771/247
f 2383/771/247 2388/770/247 2389/772/247 2384/773/247
f 2384/773/247 2389/772/247 2390/774/247 2385/775/247
f 2385/775/247 2390/774/247 2391/776/247 2386/777/247
f 2386/777/247 2391/776/247 2392/719/247 2387/769/247
f 2247/753/247 2246/752/247 2383/771/247 2378/778/247
f 2378/778/247 2383/771/247 2384/773/247 2379/779/247
f 2379/779/247 2384/773/247 2385/775/247 2380/780/247
f 2380/780/247 2385/775/247 2386/777/247 2381/781/247
f 2381/781/247 2386/777/247 2387/769/247 2382/768/247
f 2248/728/247 2247/753/247 2378/778/247 2373/782/247
f 2373/782/247 2378/778/247 2379/779/247 2374/783/247
f 2374/783/247 2379/779/247 2380/780/247 2375/784/247
f 2375/784/247 2380/780/247 2381/781/247 2376/785/247
f 2376/785/247 2381/781/247 2382/768/247 2377/767/247
f 2221/724/247 2248/728/247 2373/782/247 2293/725/247
f 2293/725/247 2373/782/247 2374/783/247 2294/786/247
f 2294/786/247 2374/783/247 2375/784/247 2295/787/247
f 2295/787/247 2375/784/247 2376/785/247 2296/788/247
f 2296/788/247 2376/785/247 2377/767/247 2297/743/247
f 2262/752/248 2367/789/248 2372/790/248 2261/746/248
f 2367/789/248 2366/791/248 2371/792/248 2372/790/248
f 2366/791/248 2365/775/248 2370/793/248 2371/792/248
f 2365/775/248 2364/794/248 2369/795/248 2370/793/248
f 2364/794/248 2363/759/248 2368/719/248 2369/795/248
f 2263/753/248 2362/796/248 2367/789/248 2262/752/248
f 2362/796/248 2361/797/248 2366/791/248 2367/789/248
f 2361/797/248 2360/798/248 2365/775/248 2366/791/248
f 2360/798/248 2359/799/248 2364/794/248 2365/775/248
f 2359/799/248 2358/758/248 2363/759/248 2364/794/248
f 2264/728/248 2357/800/248 2362/796/248 2263/753/248
f 2357/800/248 2356/801/248 2361/797/248 2362/796/248
f 2356/801/248 2355/784/248 2360/798/248 2361/797/248
f 2355/784/248 2354/802/248 2359/799/248 2360/798/248
f 2354/802/248 2353/757/248 2358/758/248 2359/799/248
f 2230/724/248 2313/723/248 2357/800/248 2264/728/248
f 2313/723/248 2314/803/248 2356/801/248 2357/800/248
f 2314/803/248 2315/787/248 2355/784/248 2356/801/248
f 2315/787/248 2316/788/248 2354/802/248 2355/784/248
f 2316/788/248 2317/743/248 2353/757/248 2354/802/248
f 2224/721/251 2298/720/251 2352/720/251 2241/721/251
f 2298/720/251 2299/804/251 2351/804/251 2352/720/251
f 2299/804/251 2300/805/251 2350/805/251 2351/804/251
f 2300/805/251 2301/806/251 2349/806/251 2350/805/251
f 2301/806/251 2302/748/251 2348/749/251 2349/806/251
f 2221/724/252 2293/725/252 2347/807/252 2243/724/252
f 2293/725/252 2294/786/252 2346/808/252 2347/807/252
f 2294/786/252 2295/787/252 2345/809/252 2346/808/252
f 2295/787/252 2296/788/252 2344/788/252 2345/809/252
f 2296/788/252 2297/743/252 2343/741/252 2344/788/252
f 2226/724/247 2303/810/247 2323/725/247 2234/724/247
f 2303/810/247 2304/803/247 2324/808/247 2323/725/247
f 2304/803/247 2305/787/247 2325/787/247 2324/808/247
f 2305/787/247 2306/788/247 2326/788/247 2325/787/247
f 2306/788/247 2307/743/247 2327/741/247 2326/788/247
f 2228/721/247 2308/736/247 2328/736/247 2236/721/247
f 2308/736/247 2309/811/247 2329/804/247 2328/736/247
f 2309/811/247 2310/812/247 2330/812/247 2329/804/247
f 2310/812/247 2311/806/247 2331/806/247 2330/812/247
f 2311/806/247 2312/738/247 2332/738/247 2331/806/247
f 2234/724/252 2323/725/252 2333/725/252 2238/724/252
f 2323/725/252 2324/808/252 2334/808/252 2333/725/252
f 2324/808/252 2325/787/252 2335/787/252 2334/808/252
f 2325/787/252 2326/788/252 2336/788/252 2335/787/252
f 2326/788/252 2327/741/252 2337/741/252 2336/788/252
f 2236/721/251 2328/736/251 2338/736/251 2240/721/251
f 2328/736/251 2329/804/251 2339/804/251 2338/736/251
f 2329/804/251 2330/812/251 2340/812/251 2339/804/251
f 2330/812/251 2331/806/251 2341/806/251 2340/812/251
f 2331/806/251 2332/738/251 2342/740/251 2341/806/251
f 2229/739/248 2322/738/248 2342/740/248 2237/739/248
f 2322/738/248 2321/806/248 2341/806/248 2342/740/248
f 2321/806/248 2320/812/248 2340/812/248 2341/806/248
f 2320/812/248 2319/811/248 2339/804/248 2340/812/248
f 2319/811/248 2318/734/248 2338/736/248 2339/804/248
f 2261/746/248 2372/790/248 2322/738/248 2229/739/248
f 2372/790/248 2371/792/248 2321/806/248 2322/738/248
f 2371/792/248 2370/793/248 2320/812/248 2321/806/248
f 2370/793/248 2369/795/248 2319/811/248 2320/812/248
f 2369/795/248 2368/719/248 2318/734/248 2319/811/248
f 2411/813/247 2412/814/247 2435/814/247 2436/813/247
f 2414/731/249 2415/731/249 2440/731/249 2437/731/249
f 2407/815/247 2408/816/247 2431/816/247 2432/815/247
f 2410/813/249 2411/813/249 2436/813/249 2433/813/249
f 2403/817/247 2404/818/247 2427/818/247 2428/817/247
f 2489/819/248 2490/820/248 2513/820/248 2514/819/248
f 2484/821/249 2481/822/249 2506/822/249 2507/821/249
f 2485/730/248 2486/823/248 2509/823/248 2510/730/248
f 2481/822/248 2482/824/248 2505/824/248 2506/822/248
f 2503/825/247 2504/826/247 2527/826/247 2528/825/247
f 2231/742/248 2317/743/248 2337/741/248 2239/742/248
f 2317/743/248 2316/788/248 2336/788/248 2337/741/248
f 2316/788/248 2315/787/248 2335/787/248 2336/788/248
f 2315/787/248 2314/803/248 2334/808/248 2335/787/248
f 2314/803/248 2313/723/248 2333/725/248 2334/808/248
f 2245/747/247 2223/739/247 2302/748/247 2388/770/247
f 2388/770/247 2302/748/247 2301/806/247 2389/772/247
f 2389/772/247 2301/806/247 2300/805/247 2390/774/247
f 2390/774/247 2300/805/247 2299/804/247 2391/776/247
f 2391/776/247 2299/804/247 2298/720/247 2392/719/247
f 2343/741/252 2242/742/252 2394/827/252 2393/828/252
f 2242/742/252 2227/742/252 2395/829/252 2394/827/252
f 2227/742/252 2307/743/252 2396/830/252 2395/829/252
f 2307/743/252 2343/741/252 2393/828/252 2396/830/252
f 2243/724/252 2347/807/252 2398/831/252 2397/832/252
f 2347/807/252 2303/810/252 2399/833/252 2398/831/252
f 2303/810/252 2226/724/252 2400/832/252 2399/833/252
f 2226/724/252 2243/724/252 2397/832/252 2400/832/252
f 2347/807/252 2346/808/252 2402/834/252 2401/835/252
f 2346/808/252 2304/803/252 2403/817/252 2402/834/252
f 2304/803/252 2303/810/252 2404/818/252 2403/817/252
f 2303/810/252 2347/807/252 2401/835/252 2404/818/252
f 2346/808/252 2345/809/252 2406/836/252 2405/837/252
f 2345/809/252 2305/787/252 2407/815/252 2406/836/252
f 2305/787/252 2304/803/252 2408/816/252 2407/815/252
f 2304/803/252 2346/808/252 2405/837/252 2408/816/252
f 2345/809/252 2344/788/252 2410/813/252 2409/814/252
f 2344/788/252 2306/788/252 2411/813/252 2410/813/252
f 2306/788/252 2305/787/252 2412/814/252 2411/813/252
f 2305/787/252 2345/809/252 2409/814/252 2412/814/252
f 2344/788/252 2343/741/252 2414/731/252 2413/838/252
f 2343/741/252 2307/743/252 2415/731/252 2414/731/252
f 2307/743/252 2306/788/252 2416/732/252 2415/731/252
f 2306/788/252 2344/788/252 2413/838/252 2416/732/252
f 2430/837/252 2429/836/252 2432/815/252 2431/816/252
f 2438/838/252 2437/731/252 2440/731/252 2439/732/252
f 2393/828/248 2394/827/248 2417/827/248 2418/828/248
f 2397/832/248 2398/831/248 2421/831/248 2422/832/248
f 2396/830/250 2393/828/250 2418/828/250 2419/830/250
f 2401/835/248 2402/834/248 2425/834/248 2426/835/248
f 2400/832/250 2397/832/250 2422/832/250 2423/832/250
f 2405/837/248 2406/836/248 2429/836/248 2430/837/248
f 2394/827/249 2395/829/249 2420/829/249 2417/827/249
f 2404/818/250 2401/835/250 2426/835/250 2427/818/250
f 2409/814/248 2410/813/248 2433/813/248 2434/814/248
f 2398/831/249 2399/833/249 2424/833/249 2421/831/249
f 2408/816/250 2405/837/250 2430/837/250 2431/816/250
f 2413/838/248 2414/731/248 2437/731/248 2438/838/248
f 2395/829/247 2396/830/247 2419/830/247 2420/829/247
f 2402/834/249 2403/817/249 2428/817/249 2425/834/249
f 2412/814/250 2409/814/250 2434/814/250 2435/814/250
f 2399/833/247 2400/832/247 2423/832/247 2424/833/247
f 2406/836/249 2407/815/249 2432/815/249 2429/836/249
f 2416/732/250 2413/838/250 2438/838/250 2439/732/250
f 2289/722/250 2241/721/250 2442/761/250 2441/760/250
f 2241/721/250 2228/721/250 2443/761/250 2442/761/250
f 2228/721/250 2260/737/250 2444/839/250 2443/761/250
f 2260/737/250 2289/722/250 2441/760/250 2444/839/250
f 2242/742/250 2292/745/250 2446/727/250 2445/726/250
f 2292/745/250 2257/745/250 2447/840/250 2446/727/250
f 2257/745/250 2227/742/250 2448/841/250 2447/840/250
f 2227/742/250 2242/742/250 2445/726/250 2448/841/250
f 2292/745/250 2291/750/250 2450/842/250 2449/843/250
f 2291/750/250 2258/750/250 2451/842/250 2450/842/250
f 2258/750/250 2257/745/250 2452/843/250 2451/842/250
f 2257/745/250 2292/745/250 2449/843/250 2452/843/250
f 2291/750/250 2290/751/250 2454/844/250 2453/765/250
f 2290/751/250 2259/751/250 2455/764/250 2454/844/250
f 2259/751/250 2258/750/250 2456/765/250 2455/764/250
f 2258/750/250 2291/750/250 2453/765/250 2456/765/250
f 2290/751/250 2289/722/250 2458/766/250 2457/845/250
f 2289/722/250 2260/737/250 2459/762/250 2458/766/250
f 2260/737/250 2259/751/250 2460/763/250 2459/762/250
f 2259/751/250 2290/751/250 2457/845/250 2460/763/250
f 2474/765/250 2473/844/250 2476/764/250 2475/765/250
f 2444/839/251 2441/760/251 2462/760/251 2463/839/251
f 2449/843/248 2450/842/248 2469/842/248 2470/843/248
f 2448/841/251 2445/726/251 2466/726/251 2467/841/251
f 2453/765/248 2454/844/248 2473/844/248 2474/765/248
f 2442/761/252 2443/761/252 2464/761/252 2461/761/252
f 2452/843/251 2449/843/251 2470/843/251 2471/843/251
f 2457/845/248 2458/766/248 2477/766/248 2478/845/248
f 2446/727/252 2447/840/252 2468/840/252 2465/727/252
f 2456/765/251 2453/765/251 2474/765/251 2475/765/251
f 2443/761/247 2444/839/247 2463/839/247 2464/761/247
f 2450/842/252 2451/842/252 2472/842/252 2469/842/252
f 2460/763/251 2457/845/251 2478/845/251 2479/763/251
f 2447/840/247 2448/841/247 2467/841/247 2468/840/247
f 2454/844/252 2455/764/252 2476/764/252 2473/844/252
f 2451/842/247 2452/843/247 2471/843/247 2472/842/247
f 2348/749/251 2244/739/251 2482/824/251 2481/822/251
f 2244/739/251 2225/739/251 2483/846/251 2482/824/251
f 2225/739/251 2312/738/251 2484/821/251 2483/846/251
f 2312/738/251 2348/749/251 2481/822/251 2484/821/251
f 2241/721/251 2352/720/251 2486/823/251 2485/730/251
f 2352/720/251 2308/736/251 2487/847/251 2486/823/251
f 2308/736/251 2228/721/251 2488/730/251 2487/847/251
f 2228/721/251 2241/721/251 2485/730/251 2488/730/251
f 2352/720/251 2351/804/251 2490/820/251 2489/819/251
f 2351/804/251 2309/811/251 2491/848/251 2490/820/251
f 2309/811/251 2308/736/251 2492/849/251 2491/848/251
f 2308/736/251 2352/720/251 2489/819/251 2492/849/251
f 2351/804/251 2350/805/251 2494/850/251 2493/851/251
f 2350/805/251 2310/812/251 2495/852/251 2494/850/251
f 2310/812/251 2309/811/251 2496/853/251 2495/852/251
f 2309/811/251 2351/804/251 2493/851/251 2496/853/251
f 2350/805/251 2349/806/251 2498/854/251 2497/855/251
f 2349/806/251 2311/806/251 2499/854/251 2498/854/251
f 2311/806/251 2310/812/251 2500/855/251 2499/854/251
f 2310/812/251 2350/805/251 2497/855/251 2500/855/251
f 2349/806/251 2348/749/251 2502/856/251 2501/857/251
f 2348/749/251 2312/738/251 2503/825/251 2502/856/251
f 2312/738/251 2311/806/251 2504/826/251 2503/825/251
f 2311/806/251 2349/806/251 2501/857/251 2504/826/251
f 2518/851/251 2517/850/251 2520/852/251 2519/853/251
f 2526/857/251 2525/856/251 2528/825/251 2527/826/251
f 2493/851/248 2494/850/248 2517/850/248 2518/851/248
f 2482/824/250 2483/846/250 2508/846/250 2505/824/250
f 2492/849/249 2489/819/249 2514/819/249 2515/849/249
f 2497/855/248 2498/854/248 2521/854/248 2522/855/248
f 2486/823/250 2487/847/250 2512/847/250 2509/823/250
f 2496/853/249 2493/851/249 2518/851/249 2519/853/249
f 2501/857/248 2502/856/248 2525/856/248 2526/857/248
f 2483/846/247 2484/821/247 2507/821/247 2508/846/247
f 2490/820/250 2491/848/250 2516/848/250 2513/820/250
f 2500/855/249 2497/855/249 2522/855/249 2523/855/249
f 2487/847/247 2488/730/247 2511/730/247 2512/847/247
f 2494/850/250 2495/852/250 2520/852/250 2517/850/250
f 2504/826/249 2501/857/249 2526/857/249 2527/826/249
f 2491/848/247 2492/849/247 2515/849/247 2516/848/247
f 2498/854/250 2499/854/250 2524/854/250 2521/854/250
f 2495/852/247 2496/853/247 2519/853/247 2520/852/247
f 2502/856/250 2503/825/250 2528/825/250 2525/856/250
f 2499/854/247 2500/855/247 2523/855/247 2524/854/247
f 2700/719/247 2606/720/247 2532/721/247 2560/722/247
f 2621/723/248 2538/724/248 2546/724/248 2641/725/248
f 2753/726/248 2754/727/248 2773/727/248 2774/726/248
f 2593/728/249 2551/724/249 2534/724/249 2564/729/249
f 2796/730/249 2793/730/249 2818/730/249 2819/730/249
f 2723/731/247 2724/732/247 2747/732/247 2748/731/247
f 2676/719/248 2576/733/248 2540/721/248 2626/734/248
f 2564/729/247 2534/724/247 2542/724/247 2580/735/247
f 2626/734/248 2540/721/248 2548/721/248 2646/736/248
f 2568/737/247 2536/721/247 2544/721/247 2584/733/247
f 2584/733/250 2544/721/250 2548/721/250 2592/722/250
f 2580/735/249 2542/724/249 2546/724/249 2588/728/249
f 2640/738/251 2541/739/251 2545/739/251 2650/740/251
f 2635/741/252 2543/742/252 2547/742/252 2645/741/252
f 2620/738/247 2533/739/247 2541/739/247 2640/738/247
f 2615/743/247 2535/742/247 2543/742/247 2635/741/247
f 2573/744/248 2539/742/248 2547/742/248 2589/745/248
f 2569/746/248 2537/739/248 2545/739/248 2585/747/248
f 2605/743/252 2530/742/252 2550/742/252 2651/741/252
f 2610/748/251 2531/739/251 2552/739/251 2656/749/251
f 2556/728/249 2529/724/249 2551/724/249 2593/728/249
f 2560/722/250 2532/721/250 2549/721/250 2597/722/250
f 2530/742/250 2557/745/250 2600/745/250 2550/742/250
f 2557/745/250 2558/750/250 2599/750/250 2600/745/250
f 2558/750/250 2559/751/250 2598/751/250 2599/750/250
f 2559/751/250 2560/722/250 2597/722/250 2598/751/250
f 2531/739/249 2553/747/249 2596/747/249 2552/739/249
f 2553/747/249 2554/752/249 2595/752/249 2596/747/249
f 2554/752/249 2555/753/249 2594/753/249 2595/752/249
f 2555/753/249 2556/728/249 2593/728/249 2594/753/249
f 2538/724/248 2572/728/248 2588/728/248 2546/724/248
f 2572/728/248 2571/753/248 2587/753/248 2588/728/248
f 2571/753/248 2570/752/248 2586/752/248 2587/753/248
f 2570/752/248 2569/746/248 2585/747/248 2586/752/248
f 2540/721/248 2576/733/248 2592/722/248 2548/721/248
f 2576/733/248 2575/754/248 2591/751/248 2592/722/248
f 2575/754/248 2574/755/248 2590/750/248 2591/751/248
f 2574/755/248 2573/744/248 2589/745/248 2590/750/248
f 2541/739/249 2577/747/249 2585/747/249 2545/739/249
f 2577/747/249 2578/752/249 2586/752/249 2585/747/249
f 2578/752/249 2579/753/249 2587/753/249 2586/752/249
f 2579/753/249 2580/735/249 2588/728/249 2587/753/249
f 2543/742/250 2581/745/250 2589/745/250 2547/742/250
f 2581/745/250 2582/756/250 2590/750/250 2589/745/250
f 2582/756/250 2583/754/250 2591/751/250 2590/750/250
f 2583/754/250 2584/733/250 2592/722/250 2591/751/250
f 2535/742/247 2565/745/247 2581/745/247 2543/742/247
f 2565/745/247 2566/750/247 2582/756/247 2581/745/247
f 2566/750/247 2567/751/247 2583/754/247 2582/756/247
f 2567/751/247 2568/737/247 2584/733/247 2583/754/247
f 2533/739/247 2561/747/247 2577/747/247 2541/739/247
f 2561/747/247 2562/752/247 2578/752/247 2577/747/247
f 2562/752/247 2563/753/247 2579/753/247 2578/752/247
f 2563/753/247 2564/729/247 2580/735/247 2579/753/247
f 2625/743/248 2539/742/248 2573/744/248 2661/757/248
f 2661/757/248 2573/744/248 2574/755/248 2666/758/248
f 2666/758/248 2574/755/248 2575/754/248 2671/759/248
f 2671/759/248 2575/754/248 2576/733/248 2676/719/248
f 2552/739/249 2596/747/249 2561/747/249 2533/739/249
f 2596/747/249 2595/752/249 2562/752/249 2561/747/249
f 2595/752/249 2594/753/249 2563/753/249 2562/752/249
f 2594/753/249 2593/728/249 2564/729/249 2563/753/249
f 2749/760/248 2750/761/248 2769/761/248 2770/760/248
f 2767/762/247 2768/763/247 2787/763/247 2788/762/247
f 2763/764/247 2764/765/247 2783/765/247 2784/764/247
f 2766/766/252 2767/762/252 2788/762/252 2785/766/252
f 2605/743/247 2685/767/247 2557/745/247 2530/742/247
f 2685/767/247 2690/768/247 2558/750/247 2557/745/247
f 2690/768/247 2695/769/247 2559/751/247 2558/750/247
f 2695/769/247 2700/719/247 2560/722/247 2559/751/247
f 2554/752/247 2553/747/247 2696/770/247 2691/771/247
f 2691/771/247 2696/770/247 2697/772/247 2692/773/247
f 2692/773/247 2697/772/247 2698/774/247 2693/775/247
f 2693/775/247 2698/774/247 2699/776/247 2694/777/247
f 2694/777/247 2699/776/247 2700/719/247 2695/769/247
f 2555/753/247 2554/752/247 2691/771/247 2686/778/247
f 2686/778/247 2691/771/247 2692/773/247 2687/779/247
f 2687/779/247 2692/773/247 2693/775/247 2688/780/247
f 2688/780/247 2693/775/247 2694/777/247 2689/781/247
f 2689/781/247 2694/777/247 2695/769/247 2690/768/247
f 2556/728/247 2555/753/247 2686/778/247 2681/782/247
f 2681/782/247 2686/778/247 2687/779/247 2682/783/247
f 2682/783/247 2687/779/247 2688/780/247 2683/784/247
f 2683/784/247 2688/780/247 2689/781/247 2684/785/247
f 2684/785/247 2689/781/247 2690/768/247 2685/767/247
f 2529/724/247 2556/728/247 2681/782/247 2601/725/247
f 2601/725/247 2681/782/247 2682/783/247 2602/786/247
f 2602/786/247 2682/783/247 2683/784/247 2603/787/247
f 2603/787/247 2683/784/247 2684/785/247 2604/788/247
f 2604/788/247 2684/785/247 2685/767/247 2605/743/247
f 2570/752/248 2675/789/248 2680/790/248 2569/746/248
f 2675/789/248 2674/791/248 2679/792/248 2680/790/248
f 2674/791/248 2673/775/248 2678/793/248 2679/792/248
f 2673/775/248 2672/794/248 2677/795/248 2678/793/248
f 2672/794/248 2671/759/248 2676/719/248 2677/795/248
f 2571/753/248 2670/796/248 2675/789/248 2570/752/248
f 2670/796/248 2669/797/248 2674/791/248 2675/789/248
f 2669/797/248 2668/798/248 2673/775/248 2674/791/248
f 2668/798/248 2667/799/248 2672/794/248 2673/775/248
f 2667/799/248 2666/758/248 2671/759/248 2672/794/248
f 2572/728/248 2665/800/248 2670/796/248 2571/753/248
f 2665/800/248 2664/801/248 2669/797/248 2670/796/248
f 2664/801/248 2663/784/248 2668/798/248 2669/797/248
f 2663/784/248 2662/802/248 2667/799/248 2668/798/248
f 2662/802/248 2661/757/248 2666/758/248 2667/799/248
f 2538/724/248 2621/723/248 2665/800/248 2572/728/248
f 2621/723/248 2622/803/248 2664/801/248 2665/800/248
f 2622/803/248 2623/787/248 2663/784/248 2664/801/248
f 2623/787/248 2624/788/248 2662/802/248 2663/784/248
f 2624/788/248 2625/743/248 2661/757/248 2662/802/248
f 2532/721/251 2606/720/251 2660/720/251 2549/721/251
f 2606/720/251 2607/804/251 2659/804/251 2660/720/251
f 2607/804/251 2608/805/251 2658/805/251 2659/804/251
f 2608/805/251 2609/806/251 2657/806/251 2658/805/251
f 2609/806/251 2610/748/251 2656/749/251 2657/806/251
f 2529/724/252 2601/725/252 2655/807/252 2551/724/252
f 2601/725/252 2602/786/252 2654/808/252 2655/807/252
f 2602/786/252 2603/787/252 2653/809/252 2654/808/252
f 2603/787/252 2604/788/252 2652/788/252 2653/809/252
f 2604/788/252 2605/743/252 2651/741/252 2652/788/252
f 2534/724/247 2611/810/247 2631/725/247 2542/724/247
f 2611/810/247 2612/803/247 2632/808/247 2631/725/247
f 2612/803/247 2613/787/247 2633/787/247 2632/808/247
f 2613/787/247 2614/788/247 2634/788/247 2633/787/247
f 2614/788/247 2615/743/247 2635/741/247 2634/788/247
f 2536/721/247 2616/736/247 2636/736/247 2544/721/247
f 2616/736/247 2617/811/247 2637/804/247 2636/736/247
f 2617/811/247 2618/812/247 2638/812/247 2637/804/247
f 2618/812/247 2619/806/247 2639/806/247 2638/812/247
f 2619/806/247 2620/738/247 2640/738/247 2639/806/247
f 2542/724/252 2631/725/252 2641/725/252 2546/724/252
f 2631/725/252 2632/808/252 2642/808/252 2641/725/252
f 2632/808/252 2633/787/252 2643/787/252 2642/808/252
f 2633/787/252 2634/788/252 2644/788/252 2643/787/252
f 2634/788/252 2635/741/252 2645/741/252 2644/788/252
f 2544/721/251 2636/736/251 2646/736/251 2548/721/251
f 2636/736/251 2637/804/251 2647/804/251 2646/736/251
f 2637/804/251 2638/812/251 2648/812/251 2647/804/251
f 2638/812/251 2639/806/251 2649/806/251 2648/812/251
f 2639/806/251 2640/738/251 2650/740/251 2649/806/251
f 2537/739/248 2630/738/248 2650/740/248 2545/739/248
f 2630/738/248 2629/806/248 2649/806/248 2650/740/248
f 2629/806/248 2628/812/248 2648/812/248 2649/806/248
f 2628/812/248 2627/811/248 2647/804/248 2648/812/248
f 2627/811/248 2626/734/248 2646/736/248 2647/804/248
f 2569/746/248 2680/790/248 2630/738/248 2537/739/248
f 2680/790/248 2679/792/248 2629/806/248 2630/738/248
f 2679/792/248 2678/793/248 2628/812/248 2629/806/248
f 2678/793/248 2677/795/248 2627/811/248 2628/812/248
f 2677/795/248 2676/719/248 2626/734/248 2627/811/248
f 2719/813/247 2720/814/247 2743/814/247 2744/813/247
f 2722/731/249 2723/731/249 2748/731/249 2745/731/249
f 2715/815/247 2716/816/247 2739/816/247 2740/815/247
f 2718/813/249 2719/813/249 2744/813/249 2741/813/249
f 2711/817/247 2712/818/247 2735/818/247 2736/817/247
f 2797/819/248 2798/820/248 2821/820/248 2822/819/248
f 2792/821/249 2789/822/249 2814/822/249 2815/821/249
f 2793/730/248 2794/823/248 2817/823/248 2818/730/248
f 2789/822/248 2790/824/248 2813/824/248 2814/822/248
f 2811/825/247 2812/826/247 2835/826/247 2836/825/247
f 2539/742/248 2625/743/248 2645/741/248 2547/742/248
f 2625/743/248 2624/788/248 2644/788/248 2645/741/248
f 2624/788/248 2623/787/248 2643/787/248 2644/788/248
f 2623/787/248 2622/803/248 2642/808/248 2643/787/248
f 2622/803/248 2621/723/248 2641/725/248 2642/808/248
f 2553/747/247 2531/739/247 2610/748/247 2696/770/247
f 2696/770/247 2610/748/247 2609/806/247 2697/772/247
f 2697/772/247 2609/806/247 2608/805/247 2698/774/247
f 2698/774/247 2608/805/247 2607/804/247 2699/776/247
f 2699/776/247 2607/804/247 2606/720/247 2700/719/247
f 2651/741/252 2550/742/252 2702/827/252 2701/828/252
f 2550/742/252 2535/742/252 2703/829/252 2702/827/252
f 2535/742/252 2615/743/252 2704/830/252 2703/829/252
f 2615/743/252 2651/741/252 2701/828/252 2704/830/252
f 2551/724/252 2655/807/252 2706/831/252 2705/832/252
f 2655/807/252 2611/810/252 2707/833/252 2706/831/252
f 2611/810/252 2534/724/252 2708/832/252 2707/833/252
f 2534/724/252 2551/724/252 2705/832/252 2708/832/252
f 2655/807/252 2654/808/252 2710/834/252 2709/835/252
f 2654/808/252 2612/803/252 2711/817/252 2710/834/252
f 2612/803/252 2611/810/252 2712/818/252 2711/817/252
f 2611/810/252 2655/807/252 2709/835/252 2712/818/252
f 2654/808/252 2653/809/252 2714/836/252 2713/837/252
f 2653/809/252 2613/787/252 2715/815/252 2714/836/252
f 2613/787/252 2612/803/252 2716/816/252 2715/815/252
f 2612/803/252 2654/808/252 2713/837/252 2716/816/252
f 2653/809/252 2652/788/252 2718/813/252 2717/814/252
f 2652/788/252 2614/788/252 2719/813/252 2718/813/252
f 2614/788/252 2613/787/252 2720/814/252 2719/813/252
f 2613/787/252 2653/809/252 2717/814/252 2720/814/252
f 2652/788/252 2651/741/252 2722/731/252 2721/838/252
f 2651/741/252 2615/743/252 2723/731/252 2722/731/252
f 2615/743/252 2614/788/252 2724/732/252 2723/731/252
f 2614/788/252 2652/788/252 2721/838/252 2724/732/252
f 2738/837/252 2737/836/252 2740/815/252 2739/816/252
f 2746/838/252 2745/731/252 2748/731/252 2747/732/252
f 2701/828/248 2702/827/248 2725/827/248 2726/828/248
f 2705/832/248 2706/831/248 2729/831/248 2730/832/248
f 2704/830/250 2701/828/250 2726/828/250 2727/830/250
f 2709/835/248 2710/834/248 2733/834/248 2734/835/248
f 2708/832/250 2705/832/250 2730/832/250 2731/832/250
f 2713/837/248 2714/836/248 2737/836/248 2738/837/248
f 2702/827/249 2703/829/249 2728/829/249 2725/827/249
f 2712/818/250 2709/835/250 2734/835/250 2735/818/250
f 2717/814/248 2718/813/248 2741/813/248 2742/814/248
f 2706/831/249 2707/833/249 2732/833/249 2729/831/249
f 2716/816/250 2713/837/250 2738/837/250 2739/816/250
f 2721/838/248 2722/731/248 2745/731/248 2746/838/248
f 2703/829/247 2704/830/247 2727/830/247 2728/829/247
f 2710/834/249 2711/817/249 2736/817/249 2733/834/249
f 2720/814/250 2717/814/250 2742/814/250 2743/814/250
f 2707/833/247 2708/832/247 2731/832/247 2732/833/247
f 2714/836/249 2715/815/249 2740/815/249 2737/836/249
f 2724/732/250 2721/838/250 2746/838/250 2747/732/250
f 2597/722/250 2549/721/250 2750/761/250 2749/760/250
f 2549/721/250 2536/721/250 2751/761/250 2750/761/250
f 2536/721/250 2568/737/250 2752/839/250 2751/761/250
f 2568/737/250 2597/722/250 2749/760/250 2752/839/250
f 2550/742/250 2600/745/250 2754/727/250 2753/726/250
f 2600/745/250 2565/745/250 2755/840/250 2754/727/250
f 2565/745/250 2535/742/250 2756/841/250 2755/840/250
f 2535/742/250 2550/742/250 2753/726/250 2756/841/250
f 2600/745/250 2599/750/250 2758/842/250 2757/843/250
f 2599/750/250 2566/750/250 2759/842/250 2758/842/250
f 2566/750/250 2565/745/250 2760/843/250 2759/842/250
f 2565/745/250 2600/745/250 2757/843/250 2760/843/250
f 2599/750/250 2598/751/250 2762/844/250 2761/765/250
f 2598/751/250 2567/751/250 2763/764/250 2762/844/250
f 2567/751/250 2566/750/250 2764/765/250 2763/764/250
f 2566/750/250 2599/750/250 2761/765/250 2764/765/250
f 2598/751/250 2597/722/250 2766/766/250 2765/845/250
f 2597/722/250 2568/737/250 2767/762/250 2766/766/250
f 2568/737/250 2567/751/250 2768/763/250 2767/762/250
f 2567/751/250 2598/751/250 2765/845/250 2768/763/250
f 2782/765/250 2781/844/250 2784/764/250 2783/765/250
f 2752/839/251 2749/760/251 2770/760/251 2771/839/251
f 2757/843/248 2758/842/248 2777/842/248 2778/843/248
f 2756/841/251 2753/726/251 2774/726/251 2775/841/251
f 2761/765/248 2762/844/248 2781/844/248 2782/765/248
f 2750/761/252 2751/761/252 2772/761/252 2769/761/252
f 2760/843/251 2757/843/251 2778/843/251 2779/843/251
f 2765/845/248 2766/766/248 2785/766/248 2786/845/248
f 2754/727/252 2755/840/252 2776/840/252 2773/727/252
f 2764/765/251 2761/765/251 2782/765/251 2783/765/251
f 2751/761/247 2752/839/247 2771/839/247 2772/761/247
f 2758/842/252 2759/842/252 2780/842/252 2777/842/252
f 2768/763/251 2765/845/251 2786/845/251 2787/763/251
f 2755/840/247 2756/841/247 2775/841/247 2776/840/247
f 2762/844/252 2763/764/252 2784/764/252 2781/844/252
f 2759/842/247 2760/843/247 2779/843/247 2780/842/247
f 2656/749/251 2552/739/251 2790/824/251 2789/822/251
f 2552/739/251 2533/739/251 2791/846/251 2790/824/251
f 2533/739/251 2620/738/251 2792/821/251 2791/846/251
f 2620/738/251 2656/749/251 2789/822/251 2792/821/251
f 2549/721/251 2660/720/251 2794/823/251 2793/730/251
f 2660/720/251 2616/736/251 2795/847/251 2794/823/251
f 2616/736/251 2536/721/251 2796/730/251 2795/847/251
f 2536/721/251 2549/721/251 2793/730/251 2796/730/251
f 2660/720/251 2659/804/251 2798/820/251 2797/819/251
f 2659/804/251 2617/811/251 2799/848/251 2798/820/251
f 2617/811/251 2616/736/251 2800/849/251 2799/848/251
f 2616/736/251 2660/720/251 2797/819/251 2800/849/251
f 2659/804/251 2658/805/251 2802/850/251 2801/851/251
f 2658/805/251 2618/812/251 2803/852/251 2802/850/251
f 2618/812/251 2617/811/251 2804/853/251 2803/852/251
f 2617/811/251 2659/804/251 2801/851/251 2804/853/251
f 2658/805/251 2657/806/251 2806/854/251 2805/855/251
f 2657/806/251 2619/806/251 2807/854/251 2806/854/251
f 2619/806/251 2618/812/251 2808/855/251 2807/854/251
f 2618/812/251 2658/805/251 2805/855/251 2808/855/251
f 2657/806/251 2656/749/251 2810/856/251 2809/857/251
f 2656/749/251 2620/738/251 2811/825/251 2810/856/251
f 2620/738/251 2619/806/251 2812/826/251 2811/825/251
f 2619/806/251 2657/806/251 2809/857/251 2812/826/251
f 2826/851/251 2825/850/251 2828/852/251 2827/853/251
f 2834/857/251 2833/856/251 2836/825/251 2835/826/251
f 2801/851/248 2802/850/248 2825/850/248 2826/851/248
f 2790/824/250 2791/846/250 2816/846/250 2813/824/250
f 2800/849/249 2797/819/249 2822/819/249 2823/849/249
f 2805/855/248 2806/854/248 2829/854/248 2830/855/248
f 2794/823/250 2795/847/250 2820/847/250 2817/823/250
f 2804/853/249 2801/851/249 2826/851/249 2827/853/249
f 2809/857/248 2810/856/248 2833/856/248 2834/857/248
f 2791/846/247 2792/821/247 2815/821/247 2816/846/247
f 2798/820/250 2799/848/250 2824/848/250 2821/820/250
f 2808/855/249 2805/855/249 2830/855/249 2831/855/249
f 2795/847/247 2796/730/247 2819/730/247 2820/847/247
f 2802/850/250 2803/852/250 2828/852/250 2825/850/250
f 2812/826/249 2809/857/249 2834/857/249 2835/826/249
f 2799/848/247 2800/849/247 2823/849/247 2824/848/247
f 2806/854/250 2807/854/250 2832/854/250 2829/854/250
f 2803/852/247 2804/853/247 2827/853/247 2828/852/247
f 2810/856/250 2811/825/250 2836/825/250 2833/856/250
f 2807/854/247 2808/855/247 2831/855/247 2832/854/247
f 3008/719/247 2914/720/247 2840/721/247 2868/722/247
f 2929/723/248 2846/724/248 2854/724/248 2949/725/248
f 3061/726/248 3062/727/248 3081/727/248 3082/726/248
f 2901/728/249 2859/724/249 2842/724/249 2872/729/249
f 3104/730/249 3101/730/249 3126/730/249 3127/730/249
f 3031/731/247 3032/732/247 3055/732/247 3056/731/247
f 2984/719/248 2884/733/248 2848/721/248 2934/734/248
f 2872/729/247 2842/724/247 2850/724/247 2888/735/247
f 2934/734/248 2848/721/248 2856/721/248 2954/736/248
f 2876/737/247 2844/721/247 2852/721/247 2892/733/247
f 2892/733/250 2852/721/250 2856/721/250 2900/722/250
f 2888/735/249 2850/724/249 2854/724/249 2896/728/249
f 2948/738/251 2849/739/251 2853/739/251 2958/740/251
f 2943/741/252 2851/742/252 2855/742/252 2953/741/252
f 2928/738/247 2841/739/247 2849/739/247 2948/738/247
f 2923/743/247 2843/742/247 2851/742/247 2943/741/247
f 2881/744/248 2847/742/248 2855/742/248 2897/745/248
f 2877/746/248 2845/739/248 2853/739/248 2893/747/248
f 2913/743/252 2838/742/252 2858/742/252 2959/741/252
f 2918/748/251 2839/739/251 2860/739/251 2964/749/251
f 2864/728/249 2837/724/249 2859/724/249 2901/728/249
f 2868/722/250 2840/721/250 2857/721/250 2905/722/250
f 2838/742/250 2865/745/250 2908/745/250 2858/742/250
f 2865/745/250 2866/750/250 2907/750/250 2908/745/250
f 2866/750/250 2867/751/250 2906/751/250 2907/750/250
f 2867/751/250 2868/722/250 2905/722/250 2906/751/250
f 2839/739/249 2861/747/249 2904/747/249 2860/739/249
f 2861/747/249 2862/752/249 2903/752/249 2904/747/249
f 2862/752/249 2863/753/249 2902/753/249 2903/752/249
f 2863/753/249 2864/728/249 2901/728/249 2902/753/249
f 2846/724/248 2880/728/248 2896/728/248 2854/724/248
f 2880/728/248 2879/753/248 2895/753/248 2896/728/248
f 2879/753/248 2878/752/248 2894/752/248 2895/753/248
f 2878/752/248 2877/746/248 2893/747/248 2894/752/248
f 2848/721/248 2884/733/248 2900/722/248 2856/721/248
f 2884/733/248 2883/754/248 2899/751/248 2900/722/248
f 2883/754/248 2882/755/248 2898/750/248 2899/751/248
f 2882/755/248 2881/744/248 2897/745/248 2898/750/248
f 2849/739/249 2885/747/249 2893/747/249 2853/739/249
f 2885/747/249 2886/752/249 2894/752/249 2893/747/249
f 2886/752/249 2887/753/249 2895/753/249 2894/752/249
f 2887/753/249 2888/735/249 2896/728/249 2895/753/249
f 2851/742/250 2889/745/250 2897/745/250 2855/742/250
f 2889/745/250 2890/756/250 2898/750/250 2897/745/250
f 2890/756/250 2891/754/250 2899/751/250 2898/750/250
f 2891/754/250 2892/733/250 2900/722/250 2899/751/250
f 2843/742/247 2873/745/247 2889/745/247 2851/742/247
f 2873/745/247 2874/750/247 2890/756/247 2889/745/247
f 2874/750/247 2875/751/247 2891/754/247 2890/756/247
f 2875/751/247 2876/737/247 2892/733/247 2891/754/247
f 2841/739/247 2869/747/247 2885/747/247 2849/739/247
f 2869/747/247 2870/752/247 2886/752/247 2885/747/247
f 2870/752/247 2871/753/247 2887/753/247 2886/752/247
f 2871/753/247 2872/729/247 2888/735/247 2887/753/247
f 2933/743/248 2847/742/248 2881/744/248 2969/757/248
f 2969/757/248 2881/744/248 2882/755/248 2974/758/248
f 2974/758/248 2882/755/248 2883/754/248 2979/759/248
f 2979/759/248 2883/754/248 2884/733/248 2984/719/248
f 2860/739/249 2904/747/249 2869/747/249 2841/739/249
f 2904/747/249 2903/752/249 2870/752/249 2869/747/249
f 2903/752/249 2902/753/249 2871/753/249 2870/752/249
f 2902/753/249 2901/728/249 2872/729/249 2871/753/249
f 3057/760/248 3058/761/248 3077/761/248 3078/760/248
f 3075/762/247 3076/763/247 3095/763/247 3096/762/247
f 3071/764/247 3072/765/247 3091/765/247 3092/764/247
f 3074/766/252 3075/762/252 3096/762/252 3093/766/252
f 2913/743/247 2993/767/247 2865/745/247 2838/742/247
f 2993/767/247 2998/768/247 2866/750/247 2865/745/247
f 2998/768/247 3003/769/247 2867/751/247 2866/750/247
f 3003/769/247 3008/719/247 2868/722/247 2867/751/247
f 2862/752/247 2861/747/247 3004/770/247 2999/771/247
f 2999/771/247 3004/770/247 3005/772/247 3000/773/247
f 3000/773/247 3005/772/247 3006/774/247 3001/775/247
f 3001/775/247 3006/774/247 3007/776/247 3002/777/247
f 3002/777/247 3007/776/247 3008/719/247 3003/769/247
f 2863/753/247 2862/752/247 2999/771/247 2994/778/247
f 2994/778/247 2999/771/247 3000/773/247 2995/779/247
f 2995/779/247 3000/773/247 3001/775/247 2996/780/247
f 2996/780/247 3001/775/247 3002/777/247 2997/781/247
f 2997/781/247 3002/777/247 3003/769/247 2998/768/247
f 2864/728/247 2863/753/247 2994/778/247 2989/782/247
f 2989/782/247 2994/778/247 2995/779/247 2990/783/247
f 2990/783/247 2995/779/247 2996/780/247 2991/784/247
f 2991/784/247 2996/780/247 2997/781/247 2992/785/247
f 2992/785/247 2997/781/247 2998/768/247 2993/767/247
f 2837/724/247 2864/728/247 2989/782/247 2909/725/247
f 2909/725/247 2989/782/247 2990/783/247 2910/786/247
f 2910/786/247 2990/783/247 2991/784/247 2911/787/247
f 2911/787/247 2991/784/247 2992/785/247 2912/788/247
f 2912/788/247 2992/785/247 2993/767/247 2913/743/247
f 2878/752/248 2983/789/248 2988/790/248 2877/746/248
f 2983/789/248 2982/791/248 2987/792/248 2988/790/248
f 2982/791/248 2981/775/248 2986/793/248 2987/792/248
f 2981/775/248 2980/794/248 2985/795/248 2986/793/248
f 2980/794/248 2979/759/248 2984/719/248 2985/795/248
f 2879/753/248 2978/796/248 2983/789/248 2878/752/248
f 2978/796/248 2977/797/248 2982/791/248 2983/789/248
f 2977/797/248 2976/798/248 2981/775/248 2982/791/248
f 2976/798/248 2975/799/248 2980/794/248 2981/775/248
f 2975/799/248 2974/758/248 2979/759/248 2980/794/248
f 2880/728/248 2973/800/248 2978/796/248 2879/753/248
f 2973/800/248 2972/801/248 2977/797/248 2978/796/248
f 2972/801/248 2971/784/248 2976/798/248 2977/797/248
f 2971/784/248 2970/802/248 2975/799/248 2976/798/248
f 2970/802/248 2969/757/248 2974/758/248 2975/799/248
f 2846/724/248 2929/723/248 2973/800/248 2880/728/248
f 2929/723/248 2930/803/248 2972/801/248 2973/800/248
f 2930/803/248 2931/787/248 2971/784/248 2972/801/248
f 2931/787/248 2932/788/248 2970/802/248 2971/784/248
f 2932/788/248 2933/743/248 2969/757/248 2970/802/248
f 2840/721/251 2914/720/251 2968/720/251 2857/721/251
f 2914/720/251 2915/804/251 2967/804/251 2968/720/251
f 2915/804/251 2916/805/251 2966/805/251 2967/804/251
f 2916/805/251 2917/806/251 2965/806/251 2966/805/251
f 2917/806/251 2918/748/251 2964/749/251 2965/806/251
f 2837/724/252 2909/725/252 2963/807/252 2859/724/252
f 2909/725/252 2910/786/252 2962/808/252 2963/807/252
f 2910/786/252 2911/787/252 2961/809/252 2962/808/252
f 2911/787/252 2912/788/252 2960/788/252 2961/809/252
f 2912/788/252 2913/743/252 2959/741/252 2960/788/252
f 2842/724/247 2919/810/247 2939/725/247 2850/724/247
f 2919/810/247 2920/803/247 2940/808/247 2939/725/247
f 2920/803/247 2921/787/247 2941/787/247 2940/808/247
f 2921/787/247 2922/788/247 2942/788/247 2941/787/247
f 2922/788/247 2923/743/247 2943/741/247 2942/788/247
f 2844/721/247 2924/736/247 2944/736/247 2852/721/247
f 2924/736/247 2925/811/247 2945/804/247 2944/736/247
f 2925/811/247 2926/812/247 2946/812/247 2945/804/247
f 2926/812/247 2927/806/247 2947/806/247 2946/812/247
f 2927/806/247 2928/738/247 2948/738/247 2947/806/247
f 2850/724/252 2939/725/252 2949/725/252 2854/724/252
f 2939/725/252 2940/808/252 2950/808/252 2949/725/252
f 2940/808/252 2941/787/252 2951/787/252 2950/808/252
f 2941/787/252 2942/788/252 2952/788/252 2951/787/252
f 2942/788/252 2943/741/252 2953/741/252 2952/788/252
f 2852/721/251 2944/736/251 2954/736/251 2856/721/251
f 2944/736/251 2945/804/251 2955/804/251 2954/736/251
f 2945/804/251 2946/812/251 2956/812/251 2955/804/251
f 2946/812/251 2947/806/251 2957/806/251 2956/812/251
f 2947/806/251 2948/738/251 2958/740/251 2957/806/251
f 2845/739/248 2938/738/248 2958/740/248 2853/739/248
f 2938/738/248 2937/806/248 2957/806/248 2958/740/248
f 2937/806/248 2936/812/248 2956/812/248 2957/806/248
f 2936/812/248 2935/811/248 2955/804/248 2956/812/248
f 2935/811/248 2934/734/248 2954/736/248 2955/804/248
f 2877/746/248 2988/790/248 2938/738/248 2845/739/248
f 2988/790/248 2987/792/248 2937/806/248 2938/738/248
f 2987/792/248 2986/793/248 2936/812/248 2937/806/248
f 2986/793/248 2985/795/248 2935/811/248 2936/812/248
f 2985/795/248 2984/719/248 2934/734/248 2935/811/248
f 3027/813/247 3028/814/247 3051/814/247 3052/813/247
f 3030/731/249 3031/731/249 3056/731/249 3053/731/249
f 3023/815/247 3024/816/247 3047/816/247 3048/815/247
f 3026/813/249 3027/813/249 3052/813/249 3049/813/249
f 3019/817/247 3020/818/247 3043/818/247 3044/817/247
f 3105/819/248 3106/820/248 3129/820/248 3130/819/248
f 3100/821/249 3097/822/249 3122/822/249 3123/821/249
f 3101/730/248 3102/823/248 3125/823/248 3126/730/248
f 3097/822/248 3098/824/248 3121/824/248 3122/822/248
f 3119/825/247 3120/826/247 3143/826/247 3144/825/247
f 2847/742/248 2933/743/248 2953/741/248 2855/742/248
f 2933/743/248 2932/788/248 2952/788/248 2953/741/248
f 2932/788/248 2931/787/248 2951/787/248 2952/788/248
f 2931/787/248 2930/803/248 2950/808/248 2951/787/248
f 2930/803/248 2929/723/248 2949/725/248 2950/808/248
f 2861/747/247 2839/739/247 2918/748/247 3004/770/247
f 3004/770/247 2918/748/247 2917/806/247 3005/772/247
f 3005/772/247 2917/806/247 2916/805/247 3006/774/247
f 3006/774/247 2916/805/247 2915/804/247 3007/776/247
f 3007/776/247 2915/804/247 2914/720/247 3008/719/247
f 2959/741/252 2858/742/252 3010/827/252 3009/828/252
f 2858/742/252 2843/742/252 3011/829/252 3010/827/252
f 2843/742/252 2923/743/252 3012/830/252 3011/829/252
f 2923/743/252 2959/741/252 3009/828/252 3012/830/252
f 2859/724/252 2963/807/252 3014/831/252 3013/832/252
f 2963/807/252 2919/810/252 3015/833/252 3014/831/252
f 2919/810/252 2842/724/252 3016/832/252 3015/833/252
f 2842/724/252 2859/724/252 3013/832/252 3016/832/252
f 2963/807/252 2962/808/252 3018/834/252 3017/835/252
f 2962/808/252 2920/803/252 3019/817/252 3018/834/252
f 2920/803/252 2919/810/252 3020/818/252 3019/817/252
f 2919/810/252 2963/807/252 3017/835/252 3020/818/252
f 2962/808/252 2961/809/252 3022/836/252 3021/837/252
f 2961/809/252 2921/787/252 3023/815/252 3022/836/252
f 2921/787/252 2920/803/252 3024/816/252 3023/815/252
f 2920/803/252 2962/808/252 3021/837/252 3024/816/252
f 2961/809/252 2960/788/252 3026/813/252 3025/814/252
f 2960/788/252 2922/788/252 3027/813/252 3026/813/252
f 2922/788/252 2921/787/252 3028/814/252 3027/813/252
f 2921/787/252 2961/809/252 3025/814/252 3028/814/252
f 2960/788/252 2959/741/252 3030/731/252 3029/838/252
f 2959/741/252 2923/743/252 3031/731/252 3030/731/252
f 2923/743/252 2922/788/252 3032/732/252 3031/731/252
f 2922/788/252 2960/788/252 3029/838/252 3032/732/252
f 3046/837/252 3045/836/252 3048/815/252 3047/816/252
f 3054/838/252 3053/731/252 3056/731/252 3055/732/252
f 3009/828/248 3010/827/248 3033/827/248 3034/828/248
f 3013/832/248 3014/831/248 3037/831/248 3038/832/248
f 3012/830/250 3009/828/250 3034/828/250 3035/830/250
f 3017/835/248 3018/834/248 3041/834/248 3042/835/248
f 3016/832/250 3013/832/250 3038/832/250 3039/832/250
f 3021/837/248 3022/836/248 3045/836/248 3046/837/248
f 3010/827/249 3011/829/249 3036/829/249 3033/827/249
f 3020/818/250 3017/835/250 3042/835/250 3043/818/250
f 3025/814/248 3026/813/248 3049/813/248 3050/814/248
f 3014/831/249 3015/833/249 3040/833/249 3037/831/249
f 3024/816/250 3021/837/250 3046/837/250 3047/816/250
f 3029/838/248 3030/731/248 3053/731/248 3054/838/248
f 3011/829/247 3012/830/247 3035/830/247 3036/829/247
f 3018/834/249 3019/817/249 3044/817/249 3041/834/249
f 3028/814/250 3025/814/250 3050/814/250 3051/814/250
f 3015/833/247 3016/832/247 3039/832/247 3040/833/247
f 3022/836/249 3023/815/249 3048/815/249 3045/836/249
f 3032/732/250 3029/838/250 3054/838/250 3055/732/250
f 2905/722/250 2857/721/250 3058/761/250 3057/760/250
f 2857/721/250 2844/721/250 3059/761/250 3058/761/250
f 2844/721/250 2876/737/250 3060/839/250 3059/761/250
f 2876/737/250 2905/722/250 3057/760/250 3060/839/250
f 2858/742/250 2908/745/250 3062/727/250 3061/726/250
f 2908/745/250 2873/745/250 3063/840/250 3062/727/250
f 2873/745/250 2843/742/250 3064/841/250 3063/840/250
f 2843/742/250 2858/742/250 3061/726/250 3064/841/250
f 2908/745/250 2907/750/250 3066/842/250 3065/843/250
f 2907/750/250 2874/750/250 3067/842/250 3066/842/250
f 2874/750/250 2873/745/250 3068/843/250 3067/842/250
f 2873/745/250 2908/745/250 3065/843/250 3068/843/250
f 2907/750/250 2906/751/250 3070/844/250 3069/765/250
f 2906/751/250 2875/751/250 3071/764/250 3070/844/250
f 2875/751/250 2874/750/250 3072/765/250 3071/764/250
f 2874/750/250 2907/750/250 3069/765/250 3072/765/250
f 2906/751/250 2905/722/250 3074/766/250 3073/845/250
f 2905/722/250 2876/737/250 3075/762/250 3074/766/250
f 2876/737/250 2875/751/250 3076/763/250 3075/762/250
f 2875/751/250 2906/751/250 3073/845/250 3076/763/250
f 3090/765/250 3089/844/250 3092/764/250 3091/765/250
f 3060/839/251 3057/760/251 3078/760/251 3079/839/251
f 3065/843/248 3066/842/248 3085/842/248 3086/843/248
f 3064/841/251 3061/726/251 3082/726/251 3083/841/251
f 3069/765/248 3070/844/248 3089/844/248 3090/765/248
f 3058/761/252 3059/761/252 3080/761/252 3077/761/252
f 3068/843/251 3065/843/251 3086/843/251 3087/843/251
f 3073/845/248 3074/766/248 3093/766/248 3094/845/248
f 3062/727/252 3063/840/252 3084/840/252 3081/727/252
f 3072/765/251 3069/765/251 3090/765/251 3091/765/251
f 3059/761/247 3060/839/247 3079/839/247 3080/761/247
f 3066/842/252 3067/842/252 3088/842/252 3085/842/252
f 3076/763/251 3073/845/251 3094/845/251 3095/763/251
f 3063/840/247 3064/841/247 3083/841/247 3084/840/247
f 3070/844/252 3071/764/252 3092/764/252 3089/844/252
f 3067/842/247 3068/843/247 3087/843/247 3088/842/247
f 2964/749/251 2860/739/251 3098/824/251 3097/822/251
f 2860/739/251 2841/739/251 3099/846/251 3098/824/251
f 2841/739/251 2928/738/251 3100/821/251 3099/846/251
f 2928/738/251 2964/749/251 3097/822/251 3100/821/251
f 2857/721/251 2968/720/251 3102/823/251 3101/730/251
f 2968/720/251 2924/736/251 3103/847/251 3102/823/251
f 2924/736/251 2844/721/251 3104/730/251 3103/847/251
f 2844/721/251 2857/721/251 3101/730/251 3104/730/251
f 2968/720/251 2967/804/251 3106/820/251 3105/819/251
f 2967/804/251 2925/811/251 3107/848/251 3106/820/251
f 2925/811/251 2924/736/251 3108/849/251 3107/848/251
f 2924/736/251 2968/720/251 3105/819/251 3108/849/251
f 2967/804/251 2966/805/251 3110/850/251 3109/851/251
f 2966/805/251 2926/812/251 3111/852/251 3110/850/251
f 2926/812/251 2925/811/251 3112/853/251 3111/852/251
f 2925/811/251 2967/804/251 3109/851/251 3112/853/251
f 2966/805/251 2965/806/251 3114/854/251 3113/855/251
f 2965/806/251 2927/806/251 3115/854/251 3114/854/251
f 2927/806/251 2926/812/251 3116/855/251 3115/854/251
f 2926/812/251 2966/805/251 3113/855/251 3116/855/251
f 2965/806/251 2964/749/251 3118/856/251 3117/857/251
f 2964/749/251 2928/738/251 3119/825/251 3118/856/251
f 2928/738/251 2927/806/251 3120/826/251 3119/825/251
f 2927/806/251 2965/806/251 3117/857/251 3120/826/251
f 3134/851/251 3133/850/251 3136/852/251 3135/853/251
f 3142/857/251 3141/856/251 3144/825/251 3143/826/251
f 3109/851/248 3110/850/248 3133/850/248 3134/851/248
f 3098/824/250 3099/846/250 3124/846/250 3121/824/250
f 3108/849/249 3105/819/249 3130/819/249 3131/849/249
f 3113/855/248 3114/854/248 3137/854/248 3138/855/248
f 3102/823/250 3103/847/250 3128/847/250 3125/823/250
f 3112/853/249 3109/851/249 3134/851/249 3135/853/249
f 3117/857/248 3118/856/248 3141/856/248 3142/857/248
f 3099/846/247 3100/821/247 3123/821/247 3124/846/247
f 3106/820/250 3107/848/250 3132/848/250 3129/820/250
f 3116/855/249 3113/855/249 3138/855/249 3139/855/249
f 3103/847/247 3104/730/247 3127/730/247 3128/847/247
f 3110/850/250 3111/852/250 3136/852/250 3133/850/250
f 3120/826/249 3117/857/249 3142/857/249 3143/826/249
f 3107/848/247 3108/849/247 3131/849/247 3132/848/247
f 3114/854/250 3115/854/250 3140/854/250 3137/854/250
f 3111/852/247 3112/853/247 3135/853/247 3136/852/247
f 3118/856/250 3119/825/250 3144/825/250 3141/856/250
f 3115/854/247 3116/855/247 3139/855/247 3140/854/247
f 3316/719/247 3222/720/247 3148/721/247 3176/722/247
f 3237/723/248 3154/724/248 3162/724/248 3257/725/248
f 3369/726/248 3370/727/248 3389/727/248 3390/726/248
f 3209/728/249 3167/724/249 3150/724/249 3180/729/249
f 3412/730/249 3409/730/249 3434/730/249 3435/730/249
f 3339/731/247 3340/732/247 3363/732/247 3364/731/247
f 3292/719/248 3192/733/248 3156/721/248 3242/734/248
f 3180/729/247 3150/724/247 3158/724/247 3196/735/247
f 3242/734/248 3156/721/248 3164/721/248 3262/736/248
f 3184/737/247 3152/721/247 3160/721/247 3200/733/247
f 3200/733/250 3160/721/250 3164/721/250 3208/722/250
f 3196/735/249 3158/724/249 3162/724/249 3204/728/249
f 3256/738/251 3157/739/251 3161/739/251 3266/740/251
f 3251/741/252 3159/742/252 3163/742/252 3261/741/252
f 3236/738/247 3149/739/247 3157/739/247 3256/738/247
f 3231/743/247 3151/742/247 3159/742/247 3251/741/247
f 3189/744/248 3155/742/248 3163/742/248 3205/745/248
f 3185/746/248 3153/739/248 3161/739/248 3201/747/248
f 3221/743/252 3146/742/252 3166/742/252 3267/741/252
f 3226/748/251 3147/739/251 3168/739/251 3272/749/251
f 3172/728/249 3145/724/249 3167/724/249 3209/728/249
f 3176/722/250 3148/721/250 3165/721/250 3213/722/250
f 3146/742/250 3173/745/250 3216/745/250 3166/742/250
f 3173/745/250 3174/750/250 3215/750/250 3216/745/250
f 3174/750/250 3175/751/250 3214/751/250 3215/750/250
f 3175/751/250 3176/722/250 3213/722/250 3214/751/250
f 3147/739/249 3169/747/249 3212/747/249 3168/739/249
f 3169/747/249 3170/752/249 3211/752/249 3212/747/249
f 3170/752/249 3171/753/249 3210/753/249 3211/752/249
f 3171/753/249 3172/728/249 3209/728/249 3210/753/249
f 3154/724/248 3188/728/248 3204/728/248 3162/724/248
f 3188/728/248 3187/753/248 3203/753/248 3204/728/248
f 3187/753/248 3186/752/248 3202/752/248 3203/753/248
f 3186/752/248 3185/746/248 3201/747/248 3202/752/248
f 3156/721/248 3192/733/248 3208/722/248 3164/721/248
f 3192/733/248 3191/754/248 3207/751/248 3208/722/248
f 3191/754/248 3190/755/248 3206/750/248 3207/751/248
f 3190/755/248 3189/744/248 3205/745/248 3206/750/248
f 3157/739/249 3193/747/249 3201/747/249 3161/739/249
f 3193/747/249 3194/752/249 3202/752/249 3201/747/249
f 3194/752/249 3195/753/249 3203/753/249 3202/752/249
f 3195/753/249 3196/735/249 3204/728/249 3203/753/249
f 3159/742/250 3197/745/250 3205/745/250 3163/742/250
f 3197/745/250 3198/756/250 3206/750/250 3205/745/250
f 3198/756/250 3199/754/250 3207/751/250 3206/750/250
f 3199/754/250 3200/733/250 3208/722/250 3207/751/250
f 3151/742/247 3181/745/247 3197/745/247 3159/742/247
f 3181/745/247 3182/750/247 3198/756/247 3197/745/247
f 3182/750/247 3183/751/247 3199/754/247 3198/756/247
f 3183/751/247 3184/737/247 3200/733/247 3199/754/247
f 3149/739/247 3177/747/247 3193/747/247 3157/739/247
f 3177/747/247 3178/752/247 3194/752/247 3193/747/247
f 3178/752/247 3179/753/247 3195/753/247 3194/752/247
f 3179/753/247 3180/729/247 3196/735/247 3195/753/247
f 3241/743/248 3155/742/248 3189/744/248 3277/757/248
f 3277/757/248 3189/744/248 3190/755/248 3282/758/248
f 3282/758/248 3190/755/248 3191/754/248 3287/759/248
f 3287/759/248 3191/754/248 3192/733/248 3292/719/248
f 3168/739/249 3212/747/249 3177/747/249 3149/739/249
f 3212/747/249 3211/752/249 3178/752/249 3177/747/249
f 3211/752/249 3210/753/249 3179/753/249 3178/752/249
f 3210/753/249 3209/728/249 3180/729/249 3179/753/249
f 3365/760/248 3366/761/248 3385/761/248 3386/760/248
f 3383/762/247 3384/763/247 3403/763/247 3404/762/247
f 3379/764/247 3380/765/247 3399/765/247 3400/764/247
f 3382/766/252 3383/762/252 3404/762/252 3401/766/252
f 3221/743/247 3301/767/247 3173/745/247 3146/742/247
f 3301/767/247 3306/768/247 3174/750/247 3173/745/247
f 3306/768/247 3311/769/247 3175/751/247 3174/750/247
f 3311/769/247 3316/719/247 3176/722/247 3175/751/247
f 3170/752/247 3169/747/247 3312/770/247 3307/771/247
f 3307/771/247 3312/770/247 3313/772/247 3308/773/247
f 3308/773/247 3313/772/247 3314/774/247 3309/775/247
f 3309/775/247 3314/774/247 3315/776/247 3310/777/247
f 3310/777/247 3315/776/247 3316/719/247 3311/769/247
f 3171/753/247 3170/752/247 3307/771/247 3302/778/247
f 3302/778/247 3307/771/247 3308/773/247 3303/779/247
f 3303/779/247 3308/773/247 3309/775/247 3304/780/247
f 3304/780/247 3309/775/247 3310/777/247 3305/781/247
f 3305/781/247 3310/777/247 3311/769/247 3306/768/247
f 3172/728/247 3171/753/247 3302/778/247 3297/782/247
f 3297/782/247 3302/778/247 3303/779/247 3298/783/247
f 3298/783/247 3303/779/247 3304/780/247 3299/784/247
f 3299/784/247 3304/780/247 3305/781/247 3300/785/247
f 3300/785/247 3305/781/247 3306/768/247 3301/767/247
f 3145/724/247 3172/728/247 3297/782/247 3217/725/247
f 3217/725/247 3297/782/247 3298/783/247 3218/786/247
f 3218/786/247 3298/783/247 3299/784/247 3219/787/247
f 3219/787/247 3299/784/247 3300/785/247 3220/788/247
f 3220/788/247 3300/785/247 3301/767/247 3221/743/247
f 3186/752/248 3291/789/248 3296/790/248 3185/746/248
f 3291/789/248 3290/791/248 3295/792/248 3296/790/248
f 3290/791/248 3289/775/248 3294/793/248 3295/792/248
f 3289/775/248 3288/794/248 3293/795/248 3294/793/248
f 3288/794/248 3287/759/248 3292/719/248 3293/795/248
f 3187/753/248 3286/796/248 3291/789/248 3186/752/248
f 3286/796/248 3285/797/248 3290/791/248 3291/789/248
f 3285/797/248 3284/798/248 3289/775/248 3290/791/248
f 3284/798/248 3283/799/248 3288/794/248 3289/775/248
f 3283/799/248 3282/758/248 3287/759/248 3288/794/248
f 3188/728/248 3281/800/248 3286/796/248 3187/753/248
f 3281/800/248 3280/801/248 3285/797/248 3286/796/248
f 3280/801/248 3279/784/248 3284/798/248 3285/797/248
f 3279/784/248 3278/802/248 3283/799/248 3284/798/248
f 3278/802/248 3277/757/248 3282/758/248 3283/799/248
f 3154/724/248 3237/723/248 3281/800/248 3188/728/248
f 3237/723/248 3238/803/248 3280/801/248 3281/800/248
f 3238/803/248 3239/787/248 3279/784/248 3280/801/248
f 3239/787/248 3240/788/248 3278/802/248 3279/784/248
f 3240/788/248 3241/743/248 3277/757/248 3278/802/248
f 3148/721/251 3222/720/251 3276/720/251 3165/721/251
f 3222/720/251 3223/804/251 3275/804/251 3276/720/251
f 3223/804/251 3224/805/251 3274/805/251 3275/804/251
f 3224/805/251 3225/806/251 3273/806/251 3274/805/251
f 3225/806/251 3226/748/251 3272/749/251 3273/806/251
f 3145/724/252 3217/725/252 3271/807/252 3167/724/252
f 3217/725/252 3218/786/252 3270/808/252 3271/807/252
f 3218/786/252 3219/787/252 3269/809/252 3270/808/252
f 3219/787/252 3220/788/252 3268/788/252 3269/809/252
f 3220/788/252 3221/743/252 3267/741/252 3268/788/252
f 3150/724/247 3227/810/247 3247/725/247 3158/724/247
f 3227/810/247 3228/803/247 3248/808/247 3247/725/247
f 3228/803/247 3229/787/247 3249/787/247 3248/808/247
f 3229/787/247 3230/788/247 3250/788/247 3249/787/247
f 3230/788/247 3231/743/247 3251/741/247 3250/788/247
f 3152/721/247 3232/736/247 3252/736/247 3160/721/247
f 3232/736/247 3233/811/247 3253/804/247 3252/736/247
f 3233/811/247 3234/812/247 3254/812/247 3253/804/247
f 3234/812/247 3235/806/247 3255/806/247 3254/812/247
f 3235/806/247 3236/738/247 3256/738/247 3255/806/247
f 3158/724/252 3247/725/252 3257/725/252 3162/724/252
f 3247/725/252 3248/808/252 3258/808/252 3257/725/252
f 3248/808/252 3249/787/252 3259/787/252 3258/808/252
f 3249/787/252 3250/788/252 3260/788/252 3259/787/252
f 3250/788/252 3251/741/252 3261/741/252 3260/788/252
f 3160/721/251 3252/736/251 3262/736/251 3164/721/251
f 3252/736/251 3253/804/251 3263/804/251 3262/736/251
f 3253/804/251 3254/812/251 3264/812/251 3263/804/251
f 3254/812/251 3255/806/251 3265/806/251 3264/812/251
f 3255/806/251 3256/738/251 3266/740/251 3265/806/251
f 3153/739/248 3246/738/248 3266/740/248 3161/739/248
f 3246/738/248 3245/806/248 3265/806/248 3266/740/248
f 3245/806/248 3244/812/248 3264/812/248 3265/806/248
f 3244/812/248 3243/811/248 3263/804/248 3264/812/248
f 3243/811/248 3242/734/248 3262/736/248 3263/804/248
f 3185/746/248 3296/790/248 3246/738/248 3153/739/248
f 3296/790/248 3295/792/248 3245/806/248 3246/738/248
f 3295/792/248 3294/793/248 3244/812/248 3245/806/248
f 3294/793/248 3293/795/248 3243/811/248 3244/812/248
f 3293/795/248 3292/719/248 3242/734/248 3243/811/248
f 3335/813/247 3336/814/247 3359/814/247 3360/813/247
f 3338/731/249 3339/731/249 3364/731/249 3361/731/249
f 3331/815/247 3332/816/247 3355/816/247 3356/815/247
f 3334/813/249 3335/813/249 3360/813/249 3357/813/249
f 3327/817/247 3328/818/247 3351/818/247 3352/817/247
f 3413/819/248 3414/820/248 3437/820/248 3438/819/248
f 3408/821/249 3405/822/249 3430/822/249 3431/821/249
f 3409/730/248 3410/823/248 3433/823/248 3434/730/248
f 3405/822/248 3406/824/248 3429/824/248 3430/822/248
f 3427/825/247 3428/826/247 3451/826/247 3452/825/247
f 3155/742/248 3241/743/248 3261/741/248 3163/742/248
f 3241/743/248 3240/788/248 3260/788/248 3261/741/248
f 3240/788/248 3239/787/248 3259/787/248 3260/788/248
f 3239/787/248 3238/803/248 3258/808/248 3259/787/248
f 3238/803/248 3237/723/248 3257/725/248 3258/808/248
f 3169/747/247 3147/739/247 3226/748/247 3312/770/247
f 3312/770/247 3226/748/247 3225/806/247 3313/772/247
f 3313/772/247 3225/806/247 3224/805/247 3314/774/247
f 3314/774/247 3224/805/247 3223/804/247 3315/776/247
f 3315/776/247 3223/804/247 3222/720/247 3316/719/247
f 3267/741/252 3166/742/252 3318/827/252 3317/828/252
f 3166/742/252 3151/742/252 3319/829/252 3318/827/252
f 3151/742/252 3231/743/252 3320/830/252 3319/829/252
f 3231/743/252 3267/741/252 3317/828/252 3320/830/252
f 3167/724/252 3271/807/252 3322/831/252 3321/832/252
f 3271/807/252 3227/810/252 3323/833/252 3322/831/252
f 3227/810/252 3150/724/252 3324/832/252 3323/833/252
f 3150/724/252 3167/724/252 3321/832/252 3324/832/252
f 3271/807/252 3270/808/252 3326/834/252 3325/835/252
f 3270/808/252 3228/803/252 3327/817/252 3326/834/252
f 3228/803/252 3227/810/252 3328/818/252 3327/817/252
f 3227/810/252 3271/807/252 3325/835/252 3328/818/252
f 3270/808/252 3269/809/252 3330/836/252 3329/837/252
f 3269/809/252 3229/787/252 3331/815/252 3330/836/252
f 3229/787/252 3228/803/252 3332/816/252 3331/815/252
f 3228/803/252 3270/808/252 3329/837/252 3332/816/252
f 3269/809/252 3268/788/252 3334/813/252 3333/814/252
f 3268/788/252 3230/788/252 3335/813/252 3334/813/252
f 3230/788/252 3229/787/252 3336/814/252 3335/813/252
f 3229/787/252 3269/809/252 3333/814/252 3336/814/252
f 3268/788/252 3267/741/252 3338/731/252 3337/838/252
f 3267/741/252 3231/743/252 3339/731/252 3338/731/252
f 3231/743/252 3230/788/252 3340/732/252 3339/731/252
f 3230/788/252 3268/788/252 3337/838/252 3340/732/252
f 3354/837/252 3353/836/252 3356/815/252 3355/816/252
f 3362/838/252 3361/731/252 3364/731/252 3363/732/252
f 3317/828/248 3318/827/248 3341/827/248 3342/828/248
f 3321/832/248 3322/831/248 3345/831/248 3346/832/248
f 3320/830/250 3317/828/250 3342/828/250 3343/830/250
f 3325/835/248 3326/834/248 3349/834/248 3350/835/248
f 3324/832/250 3321/832/250 3346/832/250 3347/832/250
f 3329/837/248 3330/836/248 3353/836/248 3354/837/248
f 3318/827/249 3319/829/249 3344/829/249 3341/827/249
f 3328/818/250 3325/835/250 3350/835/250 3351/818/250
f 3333/814/248 3334/813/248 3357/813/248 3358/814/248
f 3322/831/249 3323/833/249 3348/833/249 3345/831/249
f 3332/816/250 3329/837/250 3354/837/250 3355/816/250
f 3337/838/248 3338/731/248 3361/731/248 3362/838/248
f 3319/829/247 3320/830/247 3343/830/247 3344/829/247
f 3326/834/249 3327/817/249 3352/817/249 3349/834/249
f 3336/814/250 3333/814/250 3358/814/250 3359/814/250
f 3323/833/247 3324/832/247 3347/832/247 3348/833/247
f 3330/836/249 3331/815/249 3356/815/249 3353/836/249
f 3340/732/250 3337/838/250 3362/838/250 3363/732/250
f 3213/722/250 3165/721/250 3366/761/250 3365/760/250
f 3165/721/250 3152/721/250 3367/761/250 3366/761/250
f 3152/721/250 3184/737/250 3368/839/250 3367/761/250
f 3184/737/250 3213/722/250 3365/760/250 3368/839/250
f 3166/742/250 3216/745/250 3370/727/250 3369/726/250
f 3216/745/250 3181/745/250 3371/840/250 3370/727/250
f 3181/745/250 3151/742/250 3372/841/250 3371/840/250
f 3151/742/250 3166/742/250 3369/726/250 3372/841/250
f 3216/745/250 3215/750/250 3374/842/250 3373/843/250
f 3215/750/250 3182/750/250 3375/842/250 3374/842/250
f 3182/750/250 3181/745/250 3376/843/250 3375/842/250
f 3181/745/250 3216/745/250 3373/843/250 3376/843/250
f 3215/750/250 3214/751/250 3378/844/250 3377/765/250
f 3214/751/250 3183/751/250 3379/764/250 3378/844/250
f 3183/751/250 3182/750/250 3380/765/250 3379/764/250
f 3182/750/250 3215/750/250 3377/765/250 3380/765/250
f 3214/751/250 3213/722/250 3382/766/250 3381/845/250
f 3213/722/250 3184/737/250 3383/762/250 3382/766/250
f 3184/737/250 3183/751/250 3384/763/250 3383/762/250
f 3183/751/250 3214/751/250 3381/845/250 3384/763/250
f 3398/765/250 3397/844/250 3400/764/250 3399/765/250
f 3368/839/251 3365/760/251 3386/760/251 3387/839/251
f 3373/843/248 3374/842/248 3393/842/248 3394/843/248
f 3372/841/251 3369/726/251 3390/726/251 3391/841/251
f 3377/765/248 3378/844/248 3397/844/248 3398/765/248
f 3366/761/252 3367/761/252 3388/761/252 3385/761/252
f 3376/843/251 3373/843/251 3394/843/251 3395/843/251
f 3381/845/248 3382/766/248 3401/766/248 3402/845/248
f 3370/727/252 3371/840/252 3392/840/252 3389/727/252
f 3380/765/251 3377/765/251 3398/765/251 3399/765/251
f 3367/761/247 3368/839/247 3387/839/247 3388/761/247
f 3374/842/252 3375/842/252 3396/842/252 3393/842/252
f 3384/763/251 3381/845/251 3402/845/251 3403/763/251
f 3371/840/247 3372/841/247 3391/841/247 3392/840/247
f 3378/844/252 3379/764/252 3400/764/252 3397/844/252
f 3375/842/247 3376/843/247 3395/843/247 3396/842/247
f 3272/749/251 3168/739/251 3406/824/251 3405/822/251
f 3168/739/251 3149/739/251 3407/846/251 3406/824/251
f 3149/739/251 3236/738/251 3408/821/251 3407/846/251
f 3236/738/251 3272/749/251 3405/822/251 3408/821/251
f 3165/721/251 3276/720/251 3410/823/251 3409/730/251
f 3276/720/251 3232/736/251 3411/847/251 3410/823/251
f 3232/736/251 3152/721/251 3412/730/251 3411/847/251
f 3152/721/251 3165/721/251 3409/730/251 3412/730/251
f 3276/720/251 3275/804/251 3414/820/251 3413/819/251
f 3275/804/251 3233/811/251 3415/848/251 3414/820/251
f 3233/811/251 3232/736/251 3416/849/251 3415/848/251
f 3232/736/251 3276/720/251 3413/819/251 3416/849/251
f 3275/804/251 3274/805/251 3418/850/251 3417/851/251
f 3274/805/251 3234/812/251 3419/852/251 3418/850/251
f 3234/812/251 3233/811/251 3420/853/251 3419/852/251
f 3233/811/251 3275/804/251 3417/851/251 3420/853/251
f 3274/805/251 3273/806/251 3422/854/251 3421/855/251
f 3273/806/251 3235/806/251 3423/854/251 3422/854/251
f 3235/806/251 3234/812/251 3424/855/251 3423/854/251
f 3234/812/251 3274/805/251 3421/855/251 3424/855/251
f 3273/806/251 3272/749/251 3426/856/251 3425/857/251
f 3272/749/251 3236/738/251 3427/825/251 3426/856/251
f 3236/738/251 3235/806/251 3428/826/251 3427/825/251
f 3235/806/251 3273/806/251 3425/857/251 3428/826/251
f 3442/851/251 3441/850/251 3444/852/251 3443/853/251
f 3450/857/251 3449/856/251 3452/825/251 3451/826/251
f 3417/851/248 3418/850/248 3441/850/248 3442/851/248
f 3406/824/250 3407/846/250 3432/846/250 3429/824/250
f 3416/849/249 3413/819/249 3438/819/249 3439/849/249
f 3421/855/248 3422/854/248 3445/854/248 3446/855/248
f 3410/823/250 3411/847/250 3436/847/250 3433/823/250
f 3420/853/249 3417/851/249 3442/851/249 3443/853/249
f 3425/857/248 3426/856/248 3449/856/248 3450/857/248
f 3407/846/247 3408/821/247 3431/821/247 3432/846/247
f 3414/820/250 3415/848/250 3440/848/250 3437/820/250
f 3424/855/249 3421/855/249 3446/855/249 3447/855/249
f 3411/847/247 3412/730/247 3435/730/247 3436/847/247
f 3418/850/250 3419/852/250 3444/852/250 3441/850/250
f 3428/826/249 3425/857/249 3450/857/249 3451/826/249
f 3415/848/247 3416/849/247 3439/849/247 3440/848/247
f 3422/854/250 3423/854/250 3448/854/250 3445/854/250
f 3419/852/247 3420/853/247 3443/853/247 3444/852/247
f 3426/856/250 3427/825/250 3452/825/250 3449/856/250
f 3423/854/247 3424/855/247 3447/855/247 3448/854/247
f 3624/719/247 3530/720/247 3456/721/247 3484/722/247
f 3545/723/248 3462/724/248 3470/724/248 3565/725/248
f 3677/726/248 3678/727/248 3697/727/248 3698/726/248
f 3517/728/249 3475/724/249 3458/724/249 3488/729/249
f 3720/730/249 3717/730/249 3742/730/249 3743/730/249
f 3647/731/247 3648/732/247 3671/732/247 3672/731/247
f 3600/719/248 3500/733/248 3464/721/248 3550/734/248
f 3488/729/247 3458/724/247 3466/724/247 3504/735/247
f 3550/734/248 3464/721/248 3472/721/248 3570/736/248
f 3492/737/247 3460/721/247 3468/721/247 3508/733/247
f 3508/733/250 3468/721/250 3472/721/250 3516/722/250
f 3504/735/249 3466/724/249 3470/724/249 3512/728/249
f 3564/738/251 3465/739/251 3469/739/251 3574/740/251
f 3559/741/252 3467/742/252 3471/742/252 3569/741/252
f 3544/738/247 3457/739/247 3465/739/247 3564/738/247
f 3539/743/247 3459/742/247 3467/742/247 3559/741/247
f 3497/744/248 3463/742/248 3471/742/248 3513/745/248
f 3493/746/248 3461/739/248 3469/739/248 3509/747/248
f 3529/743/252 3454/742/252 3474/742/252 3575/741/252
f 3534/748/251 3455/739/251 3476/739/251 3580/749/251
f 3480/728/249 3453/724/249 3475/724/249 3517/728/249
f 3484/722/250 3456/721/250 3473/721/250 3521/722/250
f 3454/742/250 3481/745/250 3524/745/250 3474/742/250
f 3481/745/250 3482/750/250 3523/750/250 3524/745/250
f 3482/750/250 3483/751/250 3522/751/250 3523/750/250
f 3483/751/250 3484/722/250 3521/722/250 3522/751/250
f 3455/739/249 3477/747/249 3520/747/249 3476/739/249
f 3477/747/249 3478/752/249 3519/752/249 3520/747/249
f 3478/752/249 3479/753/249 3518/753/249 3519/752/249
f 3479/753/249 3480/728/249 3517/728/249 3518/753/249
f 3462/724/248 3496/728/248 3512/728/248 3470/724/248
f 3496/728/248 3495/753/248 3511/753/248 3512/728/248
f 3495/753/248 3494/752/248 3510/752/248 3511/753/248
f 3494/752/248 3493/746/248 3509/747/248 3510/752/248
f 3464/721/248 3500/733/248 3516/722/248 3472/721/248
f 3500/733/248 3499/754/248 3515/751/248 3516/722/248
f 3499/754/248 3498/755/248 3514/750/248 3515/751/248
f 3498/755/248 3497/744/248 3513/745/248 3514/750/248
f 3465/739/249 3501/747/249 3509/747/249 3469/739/249
f 3501/747/249 3502/752/249 3510/752/249 3509/747/249
f 3502/752/249 3503/753/249 3511/753/249 3510/752/249
f 3503/753/249 3504/735/249 3512/728/249 3511/753/249
f 3467/742/250 3505/745/250 3513/745/250 3471/742/250
f 3505/745/250 3506/756/250 3514/750/250 3513/745/250
f 3506/756/250 3507/754/250 3515/751/250 3514/750/250
f 3507/754/250 3508/733/250 3516/722/250 3515/751/250
f 3459/742/247 3489/745/247 3505/745/247 3467/742/247
f 3489/745/247 3490/750/247 3506/756/247 3505/745/247
f 3490/750/247 3491/751/247 3507/754/247 3506/756/247
f 3491/751/247 3492/737/247 3508/733/247 3507/754/247
f 3457/739/247 3485/747/247 3501/747/247 3465/739/247
f 3485/747/247 3486/752/247 3502/752/247 3501/747/247
f 3486/752/247 3487/753/247 3503/753/247 3502/752/247
f 3487/753/247 3488/729/247 3504/735/247 3503/753/247
f 3549/743/248 3463/742/248 3497/744/248 3585/757/248
f 3585/757/248 3497/744/248 3498/755/248 3590/758/248
f 3590/758/248 3498/755/248 3499/754/248 3595/759/248
f 3595/759/248 3499/754/248 3500/733/248 3600/719/248
f 3476/739/249 3520/747/249 3485/747/249 3457/739/249
f 3520/747/249 3519/752/249 3486/752/249 3485/747/249
f 3519/752/249 3518/753/249 3487/753/249 3486/752/249
f 3518/753/249 3517/728/249 3488/729/249 3487/753/249
f 3673/760/248 3674/761/248 3693/761/248 3694/760/248
f 3691/762/247 3692/763/247 3711/763/247 3712/762/247
f 3687/764/247 3688/765/247 3707/765/247 3708/764/247
f 3690/766/252 3691/762/252 3712/762/252 3709/766/252
f 3529/743/247 3609/767/247 3481/745/247 3454/742/247
f 3609/767/247 3614/768/247 3482/750/247 3481/745/247
f 3614/768/247 3619/769/247 3483/751/247 3482/750/247
f 3619/769/247 3624/719/247 3484/722/247 3483/751/247
f 3478/752/247 3477/747/247 3620/770/247 3615/771/247
f 3615/771/247 3620/770/247 3621/772/247 3616/773/247
f 3616/773/247 3621/772/247 3622/774/247 3617/775/247
f 3617/775/247 3622/774/247 3623/776/247 3618/777/247
f 3618/777/247 3623/776/247 3624/719/247 3619/769/247
f 3479/753/247 3478/752/247 3615/771/247 3610/778/247
f 3610/778/247 3615/771/247 3616/773/247 3611/779/247
f 3611/779/247 3616/773/247 3617/775/247 3612/780/247
f 3612/780/247 3617/775/247 3618/777/247 3613/781/247
f 3613/781/247 3618/777/247 3619/769/247 3614/768/247
f 3480/728/247 3479/753/247 3610/778/247 3605/782/247
f 3605/782/247 3610/778/247 3611/779/247 3606/783/247
f 3606/783/247 3611/779/247 3612/780/247 3607/784/247
f 3607/784/247 3612/780/247 3613/781/247 3608/785/247
f 3608/785/247 3613/781/247 3614/768/247 3609/767/247
f 3453/724/247 3480/728/247 3605/782/247 3525/725/247
f 3525/725/247 3605/782/247 3606/783/247 3526/786/247
f 3526/786/247 3606/783/247 3607/784/247 3527/787/247
f 3527/787/247 3607/784/247 3608/785/247 3528/788/247
f 3528/788/247 3608/785/247 3609/767/247 3529/743/247
f 3494/752/248 3599/789/248 3604/790/248 3493/746/248
f 3599/789/248 3598/791/248 3603/792/248 3604/790/248
f 3598/791/248 3597/775/248 3602/793/248 3603/792/248
f 3597/775/248 3596/794/248 3601/795/248 3602/793/248
f 3596/794/248 3595/759/248 3600/719/248 3601/795/248
f 3495/753/248 3594/796/248 3599/789/248 3494/752/248
f 3594/796/248 3593/797/248 3598/791/248 3599/789/248
f 3593/797/248 3592/798/248 3597/775/248 3598/791/248
f 3592/798/248 3591/799/248 3596/794/248 3597/775/248
f 3591/799/248 3590/758/248 3595/759/248 3596/794/248
f 3496/728/248 3589/800/248 3594/796/248 3495/753/248
f 3589/800/248 3588/801/248 3593/797/248 3594/796/248
f 3588/801/248 3587/784/248 3592/798/248 3593/797/248
f 3587/784/248 3586/802/248 3591/799/248 3592/798/248
f 3586/802/248 3585/757/248 3590/758/248 3591/799/248
f 3462/724/248 3545/723/248 3589/800/248 3496/728/248
f 3545/723/248 3546/803/248 3588/801/248 3589/800/248
f 3546/803/248 3547/787/248 3587/784/248 3588/801/248
f 3547/787/248 3548/788/248 3586/802/248 3587/784/248
f 3548/788/248 3549/743/248 3585/757/248 3586/802/248
f 3456/721/251 3530/720/251 3584/720/251 3473/721/251
f 3530/720/251 3531/804/251 3583/804/251 3584/720/251
f 3531/804/251 3532/805/251 3582/805/251 3583/804/251
f 3532/805/251 3533/806/251 3581/806/251 3582/805/251
f 3533/806/251 3534/748/251 3580/749/251 3581/806/251
f 3453/724/252 3525/725/252 3579/807/252 3475/724/252
f 3525/725/252 3526/786/252 3578/808/252 3579/807/252
f 3526/786/252 3527/787/252 3577/809/252 3578/808/252
f 3527/787/252 3528/788/252 3576/788/252 3577/809/252
f 3528/788/252 3529/743/252 3575/741/252 3576/788/252
f 3458/724/247 3535/810/247 3555/725/247 3466/724/247
f 3535/810/247 3536/803/247 3556/808/247 3555/725/247
f 3536/803/247 3537/787/247 3557/787/247 3556/808/247
f 3537/787/247 3538/788/247 3558/788/247 3557/787/247
f 3538/788/247 3539/743/247 3559/741/247 3558/788/247
f 3460/721/247 3540/736/247 3560/736/247 3468/721/247
f 3540/736/247 3541/811/247 3561/804/247 3560/736/247
f 3541/811/247 3542/812/247 3562/812/247 3561/804/247
f 3542/812/247 3543/806/247 3563/806/247 3562/812/247
f 3543/806/247 3544/738/247 3564/738/247 3563/806/247
f 3466/724/252 3555/725/252 3565/725/252 3470/724/252
f 3555/725/252 3556/808/252 3566/808/252 3565/725/252
f 3556/808/252 3557/787/252 3567/787/252 3566/808/252
f 3557/787/252 3558/788/252 3568/788/252 3567/787/252
f 3558/788/252 3559/741/252 3569/741/252 3568/788/252
f 3468/721/251 3560/736/251 3570/736/251 3472/721/251
f 3560/736/251 3561/804/251 3571/804/251 3570/736/251
f 3561/804/251 3562/812/251 3572/812/251 3571/804/251
f 3562/812/251 3563/806/251 3573/806/251 3572/812/251
f 3563/806/251 3564/738/251 3574/740/251 3573/806/251
f 3461/739/248 3554/738/248 3574/740/248 3469/739/248
f 3554/738/248 3553/806/248 3573/806/248 3574/740/248
f 3553/806/248 3552/812/248 3572/812/248 3573/806/248
f 3552/812/248 3551/811/248 3571/804/248 3572/812/248
f 3551/811/248 3550/734/248 3570/736/248 3571/804/248
f 3493/746/248 3604/790/248 3554/738/248 3461/739/248
f 3604/790/248 3603/792/248 3553/806/248 3554/738/248
f 3603/792/248 3602/793/248 3552/812/248 3553/806/248
f 3602/793/248 3601/795/248 3551/811/248 3552/812/248
f 3601/795/248 3600/719/248 3550/734/248 3551/811/248
f 3643/813/247 3644/814/247 3667/814/247 3668/813/247
f 3646/731/249 3647/731/249 3672/731/249 3669/731/249
f 3639/815/247 3640/816/247 3663/816/247 3664/815/247
f 3642/813/249 3643/813/249 3668/813/249 3665/813/249
f 3635/817/247 3636/818/247 3659/818/247 3660/817/247
f 3721/819/248 3722/820/248 3745/820/248 3746/819/248
f 3716/821/249 3713/822/249 3738/822/249 3739/821/249
f 3717/730/248 3718/823/248 3741/823/248 3742/730/248
f 3713/822/248 3714/824/248 3737/824/248 3738/822/248
f 3735/825/247 3736/826/247 3759/826/247 3760/825/247
f 3463/742/248 3549/743/248 3569/741/248 3471/742/248
f 3549/743/248 3548/788/248 3568/788/248 3569/741/248
f 3548/788/248 3547/787/248 3567/787/248 3568/788/248
f 3547/787/248 3546/803/248 3566/808/248 3567/787/248
f 3546/803/248 3545/723/248 3565/725/248 3566/808/248
f 3477/747/247 3455/739/247 3534/748/247 3620/770/247
f 3620/770/247 3534/748/247 3533/806/247 3621/772/247
f 3621/772/247 3533/806/247 3532/805/247 3622/774/247
f 3622/774/247 3532/805/247 3531/804/247 3623/776/247
f 3623/776/247 3531/804/247 3530/720/247 3624/719/247
f 3575/741/252 3474/742/252 3626/827/252 3625/828/252
f 3474/742/252 3459/742/252 3627/829/252 3626/827/252
f 3459/742/252 3539/743/252 3628/830/252 3627/829/252
f 3539/743/252 3575/741/252 3625/828/252 3628/830/252
f 3475/724/252 3579/807/252 3630/831/252 3629/832/252
f 3579/807/252 3535/810/252 3631/833/252 3630/831/252
f 3535/810/252 3458/724/252 3632/832/252 3631/833/252
f 3458/724/252 3475/724/252 3629/832/252 3632/832/252
f 3579/807/252 3578/808/252 3634/834/252 3633/835/252
f 3578/808/252 3536/803/252 3635/817/252 3634/834/252
f 3536/803/252 3535/810/252 3636/818/252 3635/817/252
f 3535/810/252 3579/807/252 3633/835/252 3636/818/252
f 3578/808/252 3577/809/252 3638/836/252 3637/837/252
f 3577/809/252 3537/787/252 3639/815/252 3638/836/252
f 3537/787/252 3536/803/252 3640/816/252 3639/815/252
f 3536/803/252 3578/808/252 3637/837/252 3640/816/252
f 3577/809/252 3576/788/252 3642/813/252 3641/814/252
f 3576/788/252 3538/788/252 3643/813/252 3642/813/252
f 3538/788/252 3537/787/252 3644/814/252 3643/813/252
f 3537/787/252 3577/809/252 3641/814/252 3644/814/252
f 3576/788/252 3575/741/252 3646/731/252 3645/838/252
f 3575/741/252 3539/743/252 3647/731/252 3646/731/252
f 3539/743/252 3538/788/252 3648/732/252 3647/731/252
f 3538/788/252 3576/788/252 3645/838/252 3648/732/252
f 3662/837/252 3661/836/252 3664/815/252 3663/816/252
f 3670/838/252 3669/731/252 3672/731/252 3671/732/252
f 3625/828/248 3626/827/248 3649/827/248 3650/828/248
f 3629/832/248 3630/831/248 3653/831/248 3654/832/248
f 3628/830/250 3625/828/250 3650/828/250 3651/830/250
f 3633/835/248 3634/834/248 3657/834/248 3658/835/248
f 3632/832/250 3629/832/250 3654/832/250 3655/832/250
f 3637/837/248 3638/836/248 3661/836/248 3662/837/248
f 3626/827/249 3627/829/249 3652/829/249 3649/827/249
f 3636/818/250 3633/835/250 3658/835/250 3659/818/250
f 3641/814/248 3642/813/248 3665/813/248 3666/814/248
f 3630/831/249 3631/833/249 3656/833/249 3653/831/249
f 3640/816/250 3637/837/250 3662/837/250 3663/816/250
f 3645/838/248 3646/731/248 3669/731/248 3670/838/248
f 3627/829/247 3628/830/247 3651/830/247 3652/829/247
f 3634/834/249 3635/817/249 3660/817/249 3657/834/249
f 3644/814/250 3641/814/250 3666/814/250 3667/814/250
f 3631/833/247 3632/832/247 3655/832/247 3656/833/247
f 3638/836/249 3639/815/249 3664/815/249 3661/836/249
f 3648/732/250 3645/838/250 3670/838/250 3671/732/250
f 3521/722/250 3473/721/250 3674/761/250 3673/760/250
f 3473/721/250 3460/721/250 3675/761/250 3674/761/250
f 3460/721/250 3492/737/250 3676/839/250 3675/761/250
f 3492/737/250 3521/722/250 3673/760/250 3676/839/250
f 3474/742/250 3524/745/250 3678/727/250 3677/726/250
f 3524/745/250 3489/745/250 3679/840/250 3678/727/250
f 3489/745/250 3459/742/250 3680/841/250 3679/840/250
f 3459/742/250 3474/742/250 3677/726/250 3680/841/250
f 3524/745/250 3523/750/250 3682/842/250 3681/843/250
f 3523/750/250 3490/750/250 3683/842/250 3682/842/250
f 3490/750/250 3489/745/250 3684/843/250 3683/842/250
f 3489/745/250 3524/745/250 3681/843/250 3684/843/250
f 3523/750/250 3522/751/250 3686/844/250 3685/765/250
f 3522/751/250 3491/751/250 3687/764/250 3686/844/250
f 3491/751/250 3490/750/250 3688/765/250 3687/764/250
f 3490/750/250 3523/750/250 3685/765/250 3688/765/250
f 3522/751/250 3521/722/250 3690/766/250 3689/845/250
f 3521/722/250 3492/737/250 3691/762/250 3690/766/250
f 3492/737/250 3491/751/250 3692/763/250 3691/762/250
f 3491/751/250 3522/751/250 3689/845/250 3692/763/250
f 3706/765/250 3705/844/250 3708/764/250 3707/765/250
f 3676/839/251 3673/760/251 3694/760/251 3695/839/251
f 3681/843/248 3682/842/248 3701/842/248 3702/843/248
f 3680/841/251 3677/726/251 3698/726/251 3699/841/251
f 3685/765/248 3686/844/248 3705/844/248 3706/765/248
f 3674/761/252 3675/761/252 3696/761/252 3693/761/252
f 3684/843/251 3681/843/251 3702/843/251 3703/843/251
f 3689/845/248 3690/766/248 3709/766/248 3710/845/248
f 3678/727/252 3679/840/252 3700/840/252 3697/727/252
f 3688/765/251 3685/765/251 3706/765/251 3707/765/251
f 3675/761/247 3676/839/247 3695/839/247 3696/761/247
f 3682/842/252 3683/842/252 3704/842/252 3701/842/252
f 3692/763/251 3689/845/251 3710/845/251 3711/763/251
f 3679/840/247 3680/841/247 3699/841/247 3700/840/247
f 3686/844/252 3687/764/252 3708/764/252 3705/844/252
f 3683/842/247 3684/843/247 3703/843/247 3704/842/247
f 3580/749/251 3476/739/251 3714/824/251 3713/822/251
f 3476/739/251 3457/739/251 3715/846/251 3714/824/251
f 3457/739/251 3544/738/251 3716/821/251 3715/846/251
f 3544/738/251 3580/749/251 3713/822/251 3716/821/251
f 3473/721/251 3584/720/251 3718/823/251 3717/730/251
f 3584/720/251 3540/736/251 3719/847/251 3718/823/251
f 3540/736/251 3460/721/251 3720/730/251 3719/847/251
f 3460/721/251 3473/721/251 3717/730/251 3720/730/251
f 3584/720/251 3583/804/251 3722/820/251 3721/819/251
f 3583/804/251 3541/811/251 3723/848/251 3722/820/251
f 3541/811/251 3540/736/251 3724/849/251 3723/848/251
f 3540/736/251 3584/720/251 3721/819/251 3724/849/251
f 3583/804/251 3582/805/251 3726/850/251 3725/851/251
f 3582/805/251 3542/812/251 3727/852/251 3726/850/251
f 3542/812/251 3541/811/251 3728/853/251 3727/852/251
f 3541/811/251 3583/804/251 3725/851/251 3728/853/251
f 3582/805/251 3581/806/251 3730/854/251 3729/855/251
f 3581/806/251 3543/806/251 3731/854/251 3730/854/251
f 3543/806/251 3542/812/251 3732/855/251 3731/854/251
f 3542/812/251 3582/805/251 3729/855/251 3732/855/251
f 3581/806/251 3580/749/251 3734/856/251 3733/857/251
f 3580/749/251 3544/738/251 3735/825/251 3734/856/251
f 3544/738/251 3543/806/251 3736/826/251 3735/825/251
f 3543/806/251 3581/806/251 3733/857/251 3736/826/251
f 3750/851/251 3749/850/251 3752/852/251 3751/853/251
f 3758/857/251 3757/856/251 3760/825/251 3759/826/251
f 3725/851/248 3726/850/248 3749/850/248 3750/851/248
f 3714/824/250 3715/846/250 3740/846/250 3737/824/250
f 3724/849/249 3721/819/249 3746/819/249 3747/849/249
f 3729/855/248 3730/854/248 3753/854/248 3754/855/248
f 3718/823/250 3719/847/250 3744/847/250 3741/823/250
f 3728/853/249 3725/851/249 3750/851/249 3751/853/249
f 3733/857/248 3734/856/248 3757/856/248 3758/857/248
f 3715/846/247 3716/821/247 3739/821/247 3740/846/247
f 3722/820/250 3723/848/250 3748/848/250 3745/820/250
f 3732/855/249 3729/855/249 3754/855/249 3755/855/249
f 3719/847/247 3720/730/247 3743/730/247 3744/847/247
f 3726/850/250 3727/852/250 3752/852/250 3749/850/250
f 3736/826/249 3733/857/249 3758/857/249 3759/826/249
f 3723/848/247 3724/849/247 3747/849/247 3748/848/247
f 3730/854/250 3731/854/250 3756/854/250 3753/854/250
f 3727/852/247 3728/853/247 3751/853/247 3752/852/247
f 3734/856/250 3735/825/250 3760/825/250 3757/856/250
f 3731/854/247 3732/855/247 3755/855/247 3756/854/247
usemtl A23_windows
f 1186/828/252 1185/827/252 1188/829/252 1187/830/252
f 1190/832/252 1189/831/252 1192/833/252 1191/832/252
f 1194/835/252 1193/834/252 1196/817/252 1195/818/252
f 1202/814/252 1201/813/252 1204/813/252 1203/814/252
f 1230/760/250 1229/761/250 1232/761/250 1231/839/250
f 1234/726/250 1233/727/250 1236/840/250 1235/841/250
f 1238/843/250 1237/842/250 1240/842/250 1239/843/250
f 1246/845/250 1245/766/250 1248/762/250 1247/763/250
f 1274/822/251 1273/824/251 1276/846/251 1275/821/251
f 1278/730/251 1277/823/251 1280/847/251 1279/730/251
f 1282/819/251 1281/820/251 1284/848/251 1283/849/251
f 1290/855/251 1289/854/251 1292/854/251 1291/855/251
f 1494/828/252 1493/827/252 1496/829/252 1495/830/252
f 1498/832/252 1497/831/252 1500/833/252 1499/832/252
f 1502/835/252 1501/834/252 1504/817/252 1503/818/252
f 1510/814/252 1509/813/252 1512/813/252 1511/814/252
f 1538/760/250 1537/761/250 1540/761/250 1539/839/250
f 1542/726/250 1541/727/250 1544/840/250 1543/841/250
f 1546/843/250 1545/842/250 1548/842/250 1547/843/250
f 1554/845/250 1553/766/250 1556/762/250 1555/763/250
f 1582/822/251 1581/824/251 1584/846/251 1583/821/251
f 1586/730/251 1585/823/251 1588/847/251 1587/730/251
f 1590/819/251 1589/820/251 1592/848/251 1591/849/251
f 1598/855/251 1597/854/251 1600/854/251 1599/855/251
f 1802/828/252 1801/827/252 1804/829/252 1803/830/252
f 1806/832/252 1805/831/252 1808/833/252 1807/832/252
f 1810/835/252 1809/834/252 1812/817/252 1811/818/252
f 1818/814/252 1817/813/252 1820/813/252 1819/814/252
f 1846/760/250 1845/761/250 1848/761/250 1847/839/250
f 1850/726/250 1849/727/250 1852/840/250 1851/841/250
f 1854/843/250 1853/842/250 1856/842/250 1855/843/250
f 1862/845/250 1861/766/250 1864/762/250 1863/763/250
f 1890/822/251 1889/824/251 1892/846/251 1891/821/251
f 1894/730/251 1893/823/251 1896/847/251 1895/730/251
f 1898/819/251 1897/820/251 1900/848/251 1899/849/251
f 1906/855/251 1905/854/251 1908/854/251 1907/855/251
f 2110/828/252 2109/827/252 2112/829/252 2111/830/252
f 2114/832/252 2113/831/252 2116/833/252 2115/832/252
f 2118/835/252 2117/834/252 2120/817/252 2119/818/252
f 2126/814/252 2125/813/252 2128/813/252 2127/814/252
f 2154/760/250 2153/761/250 2156/761/250 2155/839/250
f 2158/726/250 2157/727/250 2160/840/250 2159/841/250
f 2162/843/250 2161/842/250 2164/842/250 2163/843/250
f 2170/845/250 2169/766/250 2172/762/250 2171/763/250
f 2198/822/251 2197/824/251 2200/846/251 2199/821/251
f 2202/730/251 2201/823/251 2204/847/251 2203/730/251
f 2206/819/251 2205/820/251 2208/848/251 2207/849/251
f 2214/855/251 2213/854/251 2216/854/251 2215/855/251
f 2418/828/252 2417/827/252 2420/829/252 2419/830/252
f 2422/832/252 2421/831/252 2424/833/252 2423/832/252
f 2426/835/252 2425/834/252 2428/817/252 2427/818/252
f 2434/814/252 2433/813/252 2436/813/252 2435/814/252
f 2462/760/250 2461/761/250 2464/761/250 2463/839/250
f 2466/726/250 2465/727/250 2468/840/250 2467/841/250
f 2470/843/250 2469/842/250 2472/842/250 2471/843/250
f 2478/845/250 2477/766/250 2480/762/250 2479/763/250
f 2506/822/251 2505/824/251 2508/846/251 2507/821/251
f 2510/730/251 2509/823/251 2512/847/251 2511/730/251
f 2514/819/251 2513/820/251 2516/848/251 2515/849/251
f 2522/855/251 2521/854/251 2524/854/251 2523/855/251
f 2726/828/252 2725/827/252 2728/829/252 2727/830/252
f 2730/832/252 2729/831/252 2732/833/252 2731/832/252
f 2734/835/252 2733/834/252 2736/817/252 2735/818/252
f 2742/814/252 2741/813/252 2744/813/252 2743/814/252
f 2770/760/250 2769/761/250 2772/761/250 2771/839/250
f 2774/726/250 2773/727/250 2776/840/250 2775/841/250
f 2778/843/250 2777/842/250 2780/842/250 2779/843/250
f 2786/845/250 2785/766/250 2788/762/250 2787/763/250
f 2814/822/251 2813/824/251 2816/846/251 2815/821/251
f 2818/730/251 2817/823/251 2820/847/251 2819/730/251
f 2822/819/251 2821/820/251 2824/848/251 2823/849/251
f 2830/855/251 2829/854/251 2832/854/251 2831/855/251
f 3034/828/252 3033/827/252 3036/829/252 3035/830/252
f 3038/832/252 3037/831/252 3040/833/252 3039/832/252
f 3042/835/252 3041/834/252 3044/817/252 3043/818/252
f 3050/814/252 3049/813/252 3052/813/252 3051/814/252
f 3078/760/250 3077/761/250 3080/761/250 3079/839/250
f 3082/726/250 3081/727/250 3084/840/250 3083/841/250
f 3086/843/250 3085/842/250 3088/842/250 3087/843/250
f 3094/845/250 3093/766/250 3096/762/250 3095/763/250
f 3122/822/251 3121/824/251 3124/846/251 3123/821/251
f 3126/730/251 3125/823/251 3128/847/251 3127/730/251
f 3130/819/251 3129/820/251 3132/848/251 3131/849/251
f 3138/855/251 3137/854/251 3140/854/251 3139/855/251
f 3342/828/252 3341/827/252 3344/829/252 3343/830/252
f 3346/832/252 3345/831/252 3348/833/252 3347/832/252
f 3350/835/252 3349/834/252 3352/817/252 3351/818/252
f 3358/814/252 3357/813/252 3360/813/252 3359/814/252
f 3386/760/250 3385/761/250 3388/761/250 3387/839/250
f 3390/726/250 3389/727/250 3392/840/250 3391/841/250
f 3394/843/250 3393/842/250 3396/842/250 3395/843/250
f 3402/845/250 3401/766/250 3404/762/250 3403/763/250
f 3430/822/251 3429/824/251 3432/846/251 3431/821/251
f 3434/730/251 3433/823/251 3436/847/251 3435/730/251
f 3438/819/251 3437/820/251 3440/848/251 3439/849/251
f 3446/855/251 3445/854/251 3448/854/251 3447/855/251
f 3650/828/252 3649/827/252 3652/829/252 3651/830/252
f 3654/832/252 3653/831/252 3656/833/252 3655/832/252
f 3658/835/252 3657/834/252 3660/817/252 3659/818/252
f 3666/814/252 3665/813/252 3668/813/252 3667/814/252
f 3694/760/250 3693/761/250 3696/761/250 3695/839/250
f 3698/726/250 3697/727/250 3700/840/250 3699/841/250
f 3702/843/250 3701/842/250 3704/842/250 3703/843/250
f 3710/845/250 3709/766/250 3712/762/250 3711/763/250
f 3738/822/251 3737/824/251 3740/846/251 3739/821/251
f 3742/730/251 3741/823/251 3744/847/251 3743/730/251
f 3746/819/251 3745/820/251 3748/848/251 3747/849/251
f 3754/855/251 3753/854/251 3756/854/251 3755/855/251
