# Blender 4.0.2
# www.blender.org
mtllib A25.mtl
o Text.024
v -58.320866 3.989029 -31.462225
v -58.320866 3.989029 -30.802839
v -58.171448 3.989029 -30.803173
v -58.032532 3.989029 -30.787506
v -57.904602 3.989029 -30.756868
v -57.788124 3.989029 -30.712294
v -57.683575 3.989029 -30.654814
v -57.591431 3.989029 -30.585455
v -57.512161 3.989029 -30.505253
v -57.446243 3.989029 -30.415236
v -57.394146 3.989029 -30.316437
v -57.356350 3.989029 -30.209883
v -57.333321 3.989029 -30.096609
v -57.325542 3.989029 -29.977646
v -57.333263 3.989029 -29.859041
v -57.355885 3.989029 -29.746675
v -57.392578 3.989029 -29.641327
v -57.442524 3.989029 -29.543770
v -57.504902 3.989029 -29.454781
v -57.578888 3.989029 -29.375139
v -57.663658 3.989029 -29.305618
v -57.758396 3.989029 -29.246996
v -57.862274 3.989029 -29.200050
v -57.974468 3.989029 -29.165556
v -58.094162 3.989029 -29.144289
v -58.220531 3.989029 -29.137028
v -58.278782 3.989029 -29.138004
v -58.335358 3.989029 -29.140991
v -58.390598 3.989029 -29.146065
v -58.444836 3.989029 -29.153309
v -58.498405 3.989029 -29.162802
v -58.551636 3.989029 -29.174623
v -58.604870 3.989029 -29.188856
v -58.658440 3.989029 -29.205580
v -58.712677 3.989029 -29.224873
v -58.767918 3.989029 -29.246819
v -58.824493 3.989029 -29.271494
v -58.882744 3.989029 -29.298981
v -58.882744 3.989029 -29.688442
v -58.833500 3.989029 -29.657917
v -58.784100 3.989029 -29.629976
v -58.734562 3.989029 -29.604633
v -58.684898 3.989029 -29.581902
v -58.635124 3.989029 -29.561792
v -58.585251 3.989029 -29.544323
v -58.535294 3.989029 -29.529503
v -58.485268 3.989029 -29.517347
v -58.435188 3.989029 -29.507872
v -58.385063 3.989029 -29.501085
v -58.334911 3.989029 -29.497004
v -58.284744 3.989029 -29.495640
v -58.208694 3.989029 -29.500038
v -58.135525 3.989029 -29.512831
v -58.065952 3.989029 -29.533417
v -58.000687 3.989029 -29.561193
v -57.940437 3.989029 -29.595556
v -57.885914 3.989029 -29.635904
v -57.837830 3.989029 -29.681635
v -57.796894 3.989029 -29.732143
v -57.763817 3.989029 -29.786831
v -57.739311 3.989029 -29.845095
v -57.724087 3.989029 -29.906330
v -57.718857 3.989029 -29.969934
v -57.726231 3.989029 -30.052162
v -57.748100 3.989029 -30.130335
v -57.784073 3.989029 -30.203285
v -57.833755 3.989029 -30.269848
v -57.896763 3.989029 -30.328861
v -57.972702 3.989029 -30.379156
v -58.061184 3.989029 -30.419571
v -58.161816 3.989029 -30.448940
v -58.274212 3.989029 -30.466099
v -58.397976 3.989029 -30.469881
v -58.532722 3.989029 -30.459124
v -58.678062 3.989029 -30.432659
v -58.678062 3.989029 -31.801556
v -57.461998 3.989029 -31.801556
v -57.461998 3.989029 -31.462225
v -60.953663 3.989029 -29.171732
v -60.953663 3.989029 -29.198725
v -60.876160 3.989029 -29.288971
v -60.794853 3.989029 -29.383743
v -60.710789 3.989029 -29.482264
v -60.625008 3.989029 -29.583757
v -60.538559 3.989029 -29.687447
v -60.452488 3.989029 -29.792555
v -60.367836 3.989029 -29.898308
v -60.285652 3.989029 -30.003923
v -60.206982 3.989029 -30.108631
v -60.132866 3.989029 -30.211651
v -60.064350 3.989029 -30.312206
v -60.002483 3.989029 -30.409523
v -59.971714 3.989029 -30.460955
v -59.943623 3.989029 -30.509602
v -59.918205 3.989029 -30.556053
v -59.895462 3.989029 -30.600897
v -59.875393 3.989029 -30.644724
v -59.858002 3.989029 -30.688122
v -59.843285 3.989029 -30.731682
v -59.831245 3.989029 -30.775991
v -59.821880 3.989029 -30.821638
v -59.815193 3.989029 -30.869213
v -59.811180 3.989029 -30.919308
v -59.809841 3.989029 -30.972506
v -59.813946 3.989029 -31.042971
v -59.825951 3.989029 -31.109486
v -59.845398 3.989029 -31.171635
v -59.871826 3.989029 -31.229004
v -59.904778 3.989029 -31.281179
v -59.943790 3.989029 -31.327744
v -59.988403 3.989029 -31.368284
v -60.038158 3.989029 -31.402384
v -60.092598 3.989029 -31.429628
v -60.151260 3.989029 -31.449602
v -60.213684 3.989029 -31.461891
v -60.279411 3.989029 -31.466080
v -60.328667 3.989029 -31.464256
v -60.378147 3.989029 -31.458548
v -60.427906 3.989029 -31.448608
v -60.478001 3.989029 -31.434090
v -60.528484 3.989029 -31.414644
v -60.579414 3.989029 -31.389923
v -60.630844 3.989029 -31.359579
v -60.682831 3.989029 -31.323263
v -60.735435 3.989029 -31.280628
v -60.788704 3.989029 -31.231325
v -60.842701 3.989029 -31.175007
v -60.897476 3.989029 -31.111324
v -60.897476 3.989029 -31.585617
v -60.842606 3.989029 -31.626192
v -60.788296 3.989029 -31.663095
v -60.734432 3.989029 -31.696360
v -60.680901 3.989029 -31.726007
v -60.627594 3.989029 -31.752066
v -60.574394 3.989029 -31.774565
v -60.521198 3.989029 -31.793528
v -60.467892 3.989029 -31.808983
v -60.414360 3.989029 -31.820957
v -60.360497 3.989029 -31.829477
v -60.306187 3.989029 -31.834570
v -60.251316 3.989029 -31.836262
v -60.131191 3.989029 -31.829380
v -60.018074 3.989029 -31.809162
v -59.912621 3.989029 -31.776251
v -59.815491 3.989029 -31.731291
v -59.727333 3.989029 -31.674923
v -59.648804 3.989029 -31.607790
v -59.580559 3.989029 -31.530535
v -59.523254 3.989029 -31.443802
v -59.477543 3.989029 -31.348230
v -59.444084 3.989029 -31.244465
v -59.423527 3.989029 -31.133148
v -59.416527 3.989029 -31.014923
v -59.421619 3.989029 -30.909126
v -59.437187 3.989029 -30.804804
v -59.463684 3.989029 -30.700535
v -59.501553 3.989029 -30.594900
v -59.551235 3.989029 -30.486479
v -59.613186 3.989029 -30.373856
v -59.687843 3.989029 -30.255608
v -59.775654 3.989029 -30.130318
v -59.877068 3.989029 -29.996565
v -59.992527 3.989029 -29.852932
v -60.122478 3.989029 -29.697998
v -60.267368 3.989029 -29.530344
v -59.219872 3.989029 -29.530344
v -59.219872 3.989029 -29.171732
v -61.491459 3.989029 -29.171732
v -61.856682 3.989029 -29.946798
v -63.020569 3.989029 -29.946798
v -63.365723 3.989029 -29.171732
v -63.767063 3.989029 -29.171732
v -62.591133 3.989029 -31.816980
v -62.314209 3.989029 -31.816980
v -61.090118 3.989029 -29.171732
v -62.017216 3.989029 -30.286129
v -62.458691 3.989029 -31.238573
v -62.868061 3.989029 -30.286129
v -58.320866 3.736234 -31.462225
v -58.320866 3.736234 -30.802839
v -58.171448 3.736234 -30.803173
v -58.032532 3.736234 -30.787506
v -57.904602 3.736234 -30.756868
v -57.788124 3.736234 -30.712294
v -57.683575 3.736234 -30.654814
v -57.591431 3.736234 -30.585455
v -57.512161 3.736234 -30.505253
v -57.446243 3.736234 -30.415236
v -57.394146 3.736234 -30.316437
v -57.356350 3.736234 -30.209883
v -57.333321 3.736234 -30.096609
v -57.325542 3.736234 -29.977646
v -57.333263 3.736234 -29.859041
v -57.355885 3.736234 -29.746675
v -57.392578 3.736234 -29.641327
v -57.442524 3.736234 -29.543770
v -57.504902 3.736234 -29.454781
v -57.578888 3.736234 -29.375139
v -57.663658 3.736234 -29.305618
v -57.758396 3.736234 -29.246996
v -57.862274 3.736234 -29.200050
v -57.974468 3.736234 -29.165556
v -58.094162 3.736234 -29.144289
v -58.220531 3.736234 -29.137028
v -58.278782 3.736234 -29.138004
v -58.335358 3.736234 -29.140991
v -58.390598 3.736234 -29.146065
v -58.444836 3.736234 -29.153309
v -58.498405 3.736234 -29.162802
v -58.551636 3.736234 -29.174623
v -58.604870 3.736234 -29.188856
v -58.658440 3.736234 -29.205580
v -58.712677 3.736234 -29.224873
v -58.767918 3.736234 -29.246819
v -58.824493 3.736234 -29.271494
v -58.882744 3.736234 -29.298981
v -58.882744 3.736234 -29.688442
v -58.833500 3.736234 -29.657917
v -58.784100 3.736234 -29.629976
v -58.734562 3.736234 -29.604633
v -58.684898 3.736234 -29.581902
v -58.635124 3.736234 -29.561792
v -58.585251 3.736234 -29.544323
v -58.535294 3.736234 -29.529503
v -58.485268 3.736234 -29.517347
v -58.435188 3.736234 -29.507872
v -58.385063 3.736234 -29.501085
v -58.334911 3.736234 -29.497004
v -58.284744 3.736234 -29.495640
v -58.208694 3.736234 -29.500038
v -58.135525 3.736234 -29.512831
v -58.065952 3.736234 -29.533417
v -58.000687 3.736234 -29.561193
v -57.940437 3.736234 -29.595556
v -57.885914 3.736234 -29.635904
v -57.837830 3.736234 -29.681635
v -57.796894 3.736234 -29.732143
v -57.763817 3.736234 -29.786831
v -57.739311 3.736234 -29.845095
v -57.724087 3.736234 -29.906330
v -57.718857 3.736234 -29.969934
v -57.726231 3.736234 -30.052162
v -57.748100 3.736234 -30.130335
v -57.784073 3.736234 -30.203285
v -57.833755 3.736234 -30.269848
v -57.896763 3.736234 -30.328861
v -57.972702 3.736234 -30.379156
v -58.061184 3.736234 -30.419571
v -58.161816 3.736234 -30.448940
v -58.274212 3.736234 -30.466099
v -58.397976 3.736234 -30.469881
v -58.532722 3.736234 -30.459124
v -58.678062 3.736234 -30.432659
v -58.678062 3.736234 -31.801556
v -57.461998 3.736234 -31.801556
v -57.461998 3.736234 -31.462225
v -60.953663 3.736234 -29.171732
v -60.953663 3.736234 -29.198725
v -60.876160 3.736234 -29.288971
v -60.794853 3.736234 -29.383743
v -60.710789 3.736234 -29.482264
v -60.625008 3.736234 -29.583757
v -60.538559 3.736234 -29.687447
v -60.452488 3.736234 -29.792555
v -60.367836 3.736234 -29.898308
v -60.285652 3.736234 -30.003923
v -60.206982 3.736234 -30.108631
v -60.132866 3.736234 -30.211651
v -60.064350 3.736234 -30.312206
v -60.002483 3.736234 -30.409523
v -59.971714 3.736234 -30.460955
v -59.943623 3.736234 -30.509602
v -59.918205 3.736234 -30.556053
v -59.895462 3.736234 -30.600897
v -59.875393 3.736234 -30.644724
v -59.858002 3.736234 -30.688122
v -59.843285 3.736234 -30.731682
v -59.831245 3.736234 -30.775991
v -59.821880 3.736234 -30.821638
v -59.815193 3.736234 -30.869213
v -59.811180 3.736234 -30.919308
v -59.809841 3.736234 -30.972506
v -59.813946 3.736234 -31.042971
v -59.825951 3.736234 -31.109486
v -59.845398 3.736234 -31.171635
v -59.871826 3.736234 -31.229004
v -59.904778 3.736234 -31.281179
v -59.943790 3.736234 -31.327744
v -59.988403 3.736234 -31.368284
v -60.038158 3.736234 -31.402384
v -60.092598 3.736234 -31.429628
v -60.151260 3.736234 -31.449602
v -60.213684 3.736234 -31.461891
v -60.279411 3.736234 -31.466080
v -60.328667 3.736234 -31.464256
v -60.378147 3.736234 -31.458548
v -60.427906 3.736234 -31.448608
v -60.478001 3.736234 -31.434090
v -60.528484 3.736234 -31.414644
v -60.579414 3.736234 -31.389923
v -60.630844 3.736234 -31.359579
v -60.682831 3.736234 -31.323263
v -60.735435 3.736234 -31.280628
v -60.788704 3.736234 -31.231325
v -60.842701 3.736234 -31.175007
v -60.897476 3.736234 -31.111324
v -60.897476 3.736234 -31.585617
v -60.842606 3.736234 -31.626192
v -60.788296 3.736234 -31.663095
v -60.734432 3.736234 -31.696360
v -60.680901 3.736234 -31.726007
v -60.627594 3.736234 -31.752066
v -60.574394 3.736234 -31.774565
v -60.521198 3.736234 -31.793528
v -60.467892 3.736234 -31.808983
v -60.414360 3.736234 -31.820957
v -60.360497 3.736234 -31.829477
v -60.306187 3.736234 -31.834570
v -60.251316 3.736234 -31.836262
v -60.131191 3.736234 -31.829380
v -60.018074 3.736234 -31.809162
v -59.912621 3.736234 -31.776251
v -59.815491 3.736234 -31.731291
v -59.727333 3.736234 -31.674923
v -59.648804 3.736234 -31.607790
v -59.580559 3.736234 -31.530535
v -59.523254 3.736234 -31.443802
v -59.477543 3.736234 -31.348230
v -59.444084 3.736234 -31.244465
v -59.423527 3.736234 -31.133148
v -59.416527 3.736234 -31.014923
v -59.421619 3.736234 -30.909126
v -59.437187 3.736234 -30.804804
v -59.463684 3.736234 -30.700535
v -59.501553 3.736234 -30.594900
v -59.551235 3.736234 -30.486479
v -59.613186 3.736234 -30.373856
v -59.687843 3.736234 -30.255608
v -59.775654 3.736234 -30.130318
v -59.877068 3.736234 -29.996565
v -59.992527 3.736234 -29.852932
v -60.122478 3.736234 -29.697998
v -60.267368 3.736234 -29.530344
v -59.219872 3.736234 -29.530344
v -59.219872 3.736234 -29.171732
v -61.491459 3.736234 -29.171732
v -61.856682 3.736234 -29.946798
v -63.020569 3.736234 -29.946798
v -63.365723 3.736234 -29.171732
v -63.767063 3.736234 -29.171732
v -62.591133 3.736234 -31.816980
v -62.314209 3.736234 -31.816980
v -61.090118 3.736234 -29.171732
v -62.017216 3.736234 -30.286129
v -62.458691 3.736234 -31.238573
v -62.868061 3.736234 -30.286129
v -61.491459 3.736234 -29.171732
v -61.491459 3.989029 -29.171732
v -61.856682 3.736234 -29.946798
v -61.856682 3.989029 -29.946798
v -63.020569 3.736234 -29.946798
v -63.020569 3.989029 -29.946798
v -63.365723 3.736234 -29.171732
v -63.365723 3.989029 -29.171732
v -63.767063 3.736234 -29.171732
v -63.767063 3.989029 -29.171732
v -62.591133 3.736234 -31.816980
v -62.591133 3.989029 -31.816980
v -62.314209 3.736234 -31.816980
v -62.314209 3.989029 -31.816980
v -61.090118 3.736234 -29.171732
v -61.090118 3.989029 -29.171732
v -62.017216 3.736234 -30.286129
v -62.017216 3.989029 -30.286129
v -62.458691 3.736234 -31.238573
v -62.458691 3.989029 -31.238573
v -62.868061 3.736234 -30.286129
v -62.868061 3.989029 -30.286129
v -60.953663 3.736234 -29.171732
v -60.953663 3.989029 -29.171732
v -60.953663 3.736234 -29.198725
v -60.953663 3.989029 -29.198725
v -60.876160 3.736234 -29.288971
v -60.876160 3.989029 -29.288971
v -60.794853 3.736234 -29.383743
v -60.794853 3.989029 -29.383743
v -60.710789 3.736234 -29.482264
v -60.710789 3.989029 -29.482264
v -60.625008 3.736234 -29.583757
v -60.625008 3.989029 -29.583757
v -60.538559 3.736234 -29.687447
v -60.538559 3.989029 -29.687447
v -60.452488 3.736234 -29.792555
v -60.452488 3.989029 -29.792555
v -60.367836 3.736234 -29.898308
v -60.367836 3.989029 -29.898308
v -60.285652 3.736234 -30.003923
v -60.285652 3.989029 -30.003923
v -60.206982 3.736234 -30.108631
v -60.206982 3.989029 -30.108631
v -60.132866 3.736234 -30.211651
v -60.132866 3.989029 -30.211651
v -60.064350 3.736234 -30.312206
v -60.064350 3.989029 -30.312206
v -60.002483 3.736234 -30.409523
v -60.002483 3.989029 -30.409523
v -59.971714 3.736234 -30.460955
v -59.971714 3.989029 -30.460955
v -59.943623 3.736234 -30.509602
v -59.943623 3.989029 -30.509602
v -59.918205 3.736234 -30.556053
v -59.918205 3.989029 -30.556053
v -59.895462 3.736234 -30.600897
v -59.895462 3.989029 -30.600897
v -59.875393 3.736234 -30.644724
v -59.875393 3.989029 -30.644724
v -59.858002 3.736234 -30.688122
v -59.858002 3.989029 -30.688122
v -59.843285 3.736234 -30.731682
v -59.843285 3.989029 -30.731682
v -59.831245 3.736234 -30.775991
v -59.831245 3.989029 -30.775991
v -59.821880 3.736234 -30.821638
v -59.821880 3.989029 -30.821638
v -59.815193 3.736234 -30.869213
v -59.815193 3.989029 -30.869213
v -59.811180 3.736234 -30.919308
v -59.811180 3.989029 -30.919308
v -59.809841 3.736234 -30.972506
v -59.809841 3.989029 -30.972506
v -59.813946 3.736234 -31.042971
v -59.813946 3.989029 -31.042971
v -59.825951 3.736234 -31.109486
v -59.825951 3.989029 -31.109486
v -59.845398 3.736234 -31.171635
v -59.845398 3.989029 -31.171635
v -59.871826 3.736234 -31.229004
v -59.871826 3.989029 -31.229004
v -59.904778 3.736234 -31.281179
v -59.904778 3.989029 -31.281179
v -59.943790 3.736234 -31.327744
v -59.943790 3.989029 -31.327744
v -59.988403 3.736234 -31.368284
v -59.988403 3.989029 -31.368284
v -60.038158 3.736234 -31.402384
v -60.038158 3.989029 -31.402384
v -60.092598 3.736234 -31.429628
v -60.092598 3.989029 -31.429628
v -60.151260 3.736234 -31.449602
v -60.151260 3.989029 -31.449602
v -60.213684 3.736234 -31.461891
v -60.213684 3.989029 -31.461891
v -60.279411 3.736234 -31.466080
v -60.279411 3.989029 -31.466080
v -60.328667 3.736234 -31.464256
v -60.328667 3.989029 -31.464256
v -60.378147 3.736234 -31.458548
v -60.378147 3.989029 -31.458548
v -60.427906 3.736234 -31.448608
v -60.427906 3.989029 -31.448608
v -60.478001 3.736234 -31.434090
v -60.478001 3.989029 -31.434090
v -60.528484 3.736234 -31.414644
v -60.528484 3.989029 -31.414644
v -60.579414 3.736234 -31.389923
v -60.579414 3.989029 -31.389923
v -60.630844 3.736234 -31.359579
v -60.630844 3.989029 -31.359579
v -60.682831 3.736234 -31.323263
v -60.682831 3.989029 -31.323263
v -60.735435 3.736234 -31.280628
v -60.735435 3.989029 -31.280628
v -60.788704 3.736234 -31.231325
v -60.788704 3.989029 -31.231325
v -60.842701 3.736234 -31.175007
v -60.842701 3.989029 -31.175007
v -60.897476 3.736234 -31.111324
v -60.897476 3.989029 -31.111324
v -60.897476 3.736234 -31.585617
v -60.897476 3.989029 -31.585617
v -60.842606 3.736234 -31.626192
v -60.842606 3.989029 -31.626192
v -60.788296 3.736234 -31.663095
v -60.788296 3.989029 -31.663095
v -60.734432 3.736234 -31.696360
v -60.734432 3.989029 -31.696360
v -60.680901 3.736234 -31.726007
v -60.680901 3.989029 -31.726007
v -60.627594 3.736234 -31.752066
v -60.627594 3.989029 -31.752066
v -60.574394 3.736234 -31.774565
v -60.574394 3.989029 -31.774565
v -60.521198 3.736234 -31.793528
v -60.521198 3.989029 -31.793528
v -60.467892 3.736234 -31.808983
v -60.467892 3.989029 -31.808983
v -60.414360 3.736234 -31.820957
v -60.414360 3.989029 -31.820957
v -60.360497 3.736234 -31.829477
v -60.360497 3.989029 -31.829477
v -60.306187 3.736234 -31.834570
v -60.306187 3.989029 -31.834570
v -60.251316 3.736234 -31.836262
v -60.251316 3.989029 -31.836262
v -60.131191 3.736234 -31.829380
v -60.131191 3.989029 -31.829380
v -60.018074 3.736234 -31.809162
v -60.018074 3.989029 -31.809162
v -59.912621 3.736234 -31.776251
v -59.912621 3.989029 -31.776251
v -59.815491 3.736234 -31.731291
v -59.815491 3.989029 -31.731291
v -59.727333 3.736234 -31.674923
v -59.727333 3.989029 -31.674923
v -59.648804 3.736234 -31.607790
v -59.648804 3.989029 -31.607790
v -59.580559 3.736234 -31.530535
v -59.580559 3.989029 -31.530535
v -59.523254 3.736234 -31.443802
v -59.523254 3.989029 -31.443802
v -59.477543 3.736234 -31.348230
v -59.477543 3.989029 -31.348230
v -59.444084 3.736234 -31.244465
v -59.444084 3.989029 -31.244465
v -59.423527 3.736234 -31.133148
v -59.423527 3.989029 -31.133148
v -59.416527 3.736234 -31.014923
v -59.416527 3.989029 -31.014923
v -59.421619 3.736234 -30.909126
v -59.421619 3.989029 -30.909126
v -59.437187 3.736234 -30.804804
v -59.437187 3.989029 -30.804804
v -59.463684 3.736234 -30.700535
v -59.463684 3.989029 -30.700535
v -59.501553 3.736234 -30.594900
v -59.501553 3.989029 -30.594900
v -59.551235 3.736234 -30.486479
v -59.551235 3.989029 -30.486479
v -59.613186 3.736234 -30.373856
v -59.613186 3.989029 -30.373856
v -59.687843 3.736234 -30.255608
v -59.687843 3.989029 -30.255608
v -59.775654 3.736234 -30.130318
v -59.775654 3.989029 -30.130318
v -59.877068 3.736234 -29.996565
v -59.877068 3.989029 -29.996565
v -59.992527 3.736234 -29.852932
v -59.992527 3.989029 -29.852932
v -60.122478 3.736234 -29.697998
v -60.122478 3.989029 -29.697998
v -60.267368 3.736234 -29.530344
v -60.267368 3.989029 -29.530344
v -59.219872 3.736234 -29.530344
v -59.219872 3.989029 -29.530344
v -59.219872 3.736234 -29.171732
v -59.219872 3.989029 -29.171732
v -58.320866 3.736234 -31.462225
v -58.320866 3.989029 -31.462225
v -58.320866 3.736234 -30.802839
v -58.320866 3.989029 -30.802839
v -58.171448 3.736234 -30.803173
v -58.171448 3.989029 -30.803173
v -58.032532 3.736234 -30.787506
v -58.032532 3.989029 -30.787506
v -57.904602 3.736234 -30.756868
v -57.904602 3.989029 -30.756868
v -57.788124 3.736234 -30.712294
v -57.788124 3.989029 -30.712294
v -57.683575 3.736234 -30.654814
v -57.683575 3.989029 -30.654814
v -57.591431 3.736234 -30.585455
v -57.591431 3.989029 -30.585455
v -57.512161 3.736234 -30.505253
v -57.512161 3.989029 -30.505253
v -57.446243 3.736234 -30.415236
v -57.446243 3.989029 -30.415236
v -57.394146 3.736234 -30.316437
v -57.394146 3.989029 -30.316437
v -57.356350 3.736234 -30.209883
v -57.356350 3.989029 -30.209883
v -57.333321 3.736234 -30.096609
v -57.333321 3.989029 -30.096609
v -57.325542 3.736234 -29.977646
v -57.325542 3.989029 -29.977646
v -57.333263 3.736234 -29.859041
v -57.333263 3.989029 -29.859041
v -57.355885 3.736234 -29.746675
v -57.355885 3.989029 -29.746675
v -57.392578 3.736234 -29.641327
v -57.392578 3.989029 -29.641327
v -57.442524 3.736234 -29.543770
v -57.442524 3.989029 -29.543770
v -57.504902 3.736234 -29.454781
v -57.504902 3.989029 -29.454781
v -57.578888 3.736234 -29.375139
v -57.578888 3.989029 -29.375139
v -57.663658 3.736234 -29.305618
v -57.663658 3.989029 -29.305618
v -57.758396 3.736234 -29.246996
v -57.758396 3.989029 -29.246996
v -57.862274 3.736234 -29.200050
v -57.862274 3.989029 -29.200050
v -57.974468 3.736234 -29.165556
v -57.974468 3.989029 -29.165556
v -58.094162 3.736234 -29.144289
v -58.094162 3.989029 -29.144289
v -58.220531 3.736234 -29.137028
v -58.220531 3.989029 -29.137028
v -58.278782 3.736234 -29.138004
v -58.278782 3.989029 -29.138004
v -58.335358 3.736234 -29.140991
v -58.335358 3.989029 -29.140991
v -58.390598 3.736234 -29.146065
v -58.390598 3.989029 -29.146065
v -58.444836 3.736234 -29.153309
v -58.444836 3.989029 -29.153309
v -58.498405 3.736234 -29.162802
v -58.498405 3.989029 -29.162802
v -58.551636 3.736234 -29.174623
v -58.551636 3.989029 -29.174623
v -58.604870 3.736234 -29.188856
v -58.604870 3.989029 -29.188856
v -58.658440 3.736234 -29.205580
v -58.658440 3.989029 -29.205580
v -58.712677 3.736234 -29.224873
v -58.712677 3.989029 -29.224873
v -58.767918 3.736234 -29.246819
v -58.767918 3.989029 -29.246819
v -58.824493 3.736234 -29.271494
v -58.824493 3.989029 -29.271494
v -58.882744 3.736234 -29.298981
v -58.882744 3.989029 -29.298981
v -58.882744 3.736234 -29.688442
v -58.882744 3.989029 -29.688442
v -58.833500 3.736234 -29.657917
v -58.833500 3.989029 -29.657917
v -58.784100 3.736234 -29.629976
v -58.784100 3.989029 -29.629976
v -58.734562 3.736234 -29.604633
v -58.734562 3.989029 -29.604633
v -58.684898 3.736234 -29.581902
v -58.684898 3.989029 -29.581902
v -58.635124 3.736234 -29.561792
v -58.635124 3.989029 -29.561792
v -58.585251 3.736234 -29.544323
v -58.585251 3.989029 -29.544323
v -58.535294 3.736234 -29.529503
v -58.535294 3.989029 -29.529503
v -58.485268 3.736234 -29.517347
v -58.485268 3.989029 -29.517347
v -58.435188 3.736234 -29.507872
v -58.435188 3.989029 -29.507872
v -58.385063 3.736234 -29.501085
v -58.385063 3.989029 -29.501085
v -58.334911 3.736234 -29.497004
v -58.334911 3.989029 -29.497004
v -58.284744 3.736234 -29.495640
v -58.284744 3.989029 -29.495640
v -58.208694 3.736234 -29.500038
v -58.208694 3.989029 -29.500038
v -58.135525 3.736234 -29.512831
v -58.135525 3.989029 -29.512831
v -58.065952 3.736234 -29.533417
v -58.065952 3.989029 -29.533417
v -58.000687 3.736234 -29.561193
v -58.000687 3.989029 -29.561193
v -57.940437 3.736234 -29.595556
v -57.940437 3.989029 -29.595556
v -57.885914 3.736234 -29.635904
v -57.885914 3.989029 -29.635904
v -57.837830 3.736234 -29.681635
v -57.837830 3.989029 -29.681635
v -57.796894 3.736234 -29.732143
v -57.796894 3.989029 -29.732143
v -57.763817 3.736234 -29.786831
v -57.763817 3.989029 -29.786831
v -57.739311 3.736234 -29.845095
v -57.739311 3.989029 -29.845095
v -57.724087 3.736234 -29.906330
v -57.724087 3.989029 -29.906330
v -57.718857 3.736234 -29.969934
v -57.718857 3.989029 -29.969934
v -57.726231 3.736234 -30.052162
v -57.726231 3.989029 -30.052162
v -57.748100 3.736234 -30.130335
v -57.748100 3.989029 -30.130335
v -57.784073 3.736234 -30.203285
v -57.784073 3.989029 -30.203285
v -57.833755 3.736234 -30.269848
v -57.833755 3.989029 -30.269848
v -57.896763 3.736234 -30.328861
v -57.896763 3.989029 -30.328861
v -57.972702 3.736234 -30.379156
v -57.972702 3.989029 -30.379156
v -58.061184 3.736234 -30.419571
v -58.061184 3.989029 -30.419571
v -58.161816 3.736234 -30.448940
v -58.161816 3.989029 -30.448940
v -58.274212 3.736234 -30.466099
v -58.274212 3.989029 -30.466099
v -58.397976 3.736234 -30.469881
v -58.397976 3.989029 -30.469881
v -58.532722 3.736234 -30.459124
v -58.532722 3.989029 -30.459124
v -58.678062 3.736234 -30.432659
v -58.678062 3.989029 -30.432659
v -58.678062 3.736234 -31.801556
v -58.678062 3.989029 -31.801556
v -57.461998 3.736234 -31.801556
v -57.461998 3.989029 -31.801556
v -57.461998 3.736234 -31.462225
v -57.461998 3.989029 -31.462225
vn -0.0000 1.0000 -0.0000
vn -0.0000 -1.0000 -0.0000
vn -0.5267 -0.0000 0.8500
vn 0.5354 -0.0000 0.8446
vn -0.8241 -0.0000 0.5664
vn -0.5357 -0.0000 -0.8444
vn 0.5296 -0.0000 -0.8483
vn 0.8284 -0.0000 0.5602
vn -0.8285 -0.0000 -0.5599
vn 0.0131 -0.0000 0.9999
vn 0.8207 -0.0000 -0.5714
vn -0.6928 -0.0000 0.7211
vn -0.9366 -0.0000 -0.3503
vn -0.7588 -0.0000 -0.6513
vn -0.7598 -0.0000 -0.6501
vn -0.7622 -0.0000 -0.6473
vn -0.7659 -0.0000 -0.6429
vn -0.7709 -0.0000 -0.6370
vn -0.7772 -0.0000 -0.6293
vn -0.7850 -0.0000 -0.6195
vn -0.7944 -0.0000 -0.6074
vn -0.8057 -0.0000 -0.5924
vn -0.8191 -0.0000 -0.5736
vn -0.8353 -0.0000 -0.5499
vn -0.8511 -0.0000 -0.5250
vn -0.8621 -0.0000 -0.5068
vn -0.8717 -0.0000 -0.4901
vn -0.8847 -0.0000 -0.4662
vn -0.9007 -0.0000 -0.4344
vn -0.9190 -0.0000 -0.3943
vn -0.9382 -0.0000 -0.3462
vn -0.9566 -0.0000 -0.2913
vn -0.9728 -0.0000 -0.2317
vn -0.9854 -0.0000 -0.1702
vn -0.9940 -0.0000 -0.1096
vn -0.9986 -0.0000 -0.0525
vn -0.9999 -0.0000 0.0165
vn -0.9930 -0.0000 0.1181
vn -0.9711 -0.0000 0.2387
vn -0.9332 -0.0000 0.3594
vn -0.8787 -0.0000 0.4773
vn -0.8077 -0.0000 0.5895
vn -0.7211 -0.0000 0.6929
vn -0.6202 -0.0000 0.7844
vn -0.5075 -0.0000 0.8617
vn -0.3857 -0.0000 0.9226
vn -0.2582 -0.0000 0.9661
vn -0.1286 -0.0000 0.9917
vn -0.0133 -0.0000 0.9999
vn 0.0759 -0.0000 0.9971
vn 0.1554 -0.0000 0.9879
vn 0.2373 -0.0000 0.9714
vn 0.3192 -0.0000 0.9477
vn 0.3984 -0.0000 0.9172
vn 0.4727 -0.0000 0.8812
vn 0.5408 -0.0000 0.8412
vn 0.6015 -0.0000 0.7989
vn 0.6548 -0.0000 0.7558
vn 0.7008 -0.0000 0.7133
vn 0.7402 -0.0000 0.6723
vn -0.3267 -0.0000 0.9451
vn -0.8900 -0.0000 -0.4560
vn -0.5784 -0.0000 -0.8158
vn -0.5438 -0.0000 -0.8392
vn -0.5051 -0.0000 -0.8631
vn -0.4620 -0.0000 -0.8869
vn -0.4145 -0.0000 -0.9101
vn -0.3628 -0.0000 -0.9319
vn -0.3072 -0.0000 -0.9516
vn -0.2485 -0.0000 -0.9686
vn -0.1873 -0.0000 -0.9823
vn -0.1248 -0.0000 -0.9922
vn -0.0621 -0.0000 -0.9981
vn 0.0132 -0.0000 -0.9999
vn 0.1167 -0.0000 -0.9932
vn 0.2373 -0.0000 -0.9714
vn 0.3596 -0.0000 -0.9331
vn 0.4803 -0.0000 -0.8771
vn 0.5955 -0.0000 -0.8033
vn 0.7012 -0.0000 -0.7130
vn 0.7937 -0.0000 -0.6083
vn 0.8702 -0.0000 -0.4927
vn 0.9290 -0.0000 -0.3701
vn 0.9696 -0.0000 -0.2448
vn 0.9927 -0.0000 -0.1206
vn 1.0000 -0.0000 -0.0055
vn 0.9952 -0.0000 0.0980
vn 0.9804 -0.0000 0.1972
vn 0.9563 -0.0000 0.2922
vn 0.9260 -0.0000 0.3774
vn 0.8932 -0.0000 0.4496
vn 0.8613 -0.0000 0.5082
vn 0.8325 -0.0000 0.5541
vn 0.8080 -0.0000 0.5892
vn 0.7882 -0.0000 0.6154
vn 0.7728 -0.0000 0.6346
vn 0.7614 -0.0000 0.6483
vn 0.8985 -0.0000 -0.4390
vn 0.6928 -0.0000 -0.7211
vn 0.6928 -0.0000 0.7211
vn 0.6920 -0.0000 -0.7219
vn 0.0550 -0.0000 -0.9985
vn 0.1728 -0.0000 -0.9850
vn 0.2957 -0.0000 -0.9553
vn 0.4205 -0.0000 -0.9073
vn 0.5428 -0.0000 -0.8399
vn 0.6579 -0.0000 -0.7531
vn 0.7609 -0.0000 -0.6488
vn 0.8479 -0.0000 -0.5302
vn 0.9158 -0.0000 -0.4015
vn 0.9636 -0.0000 -0.2675
vn 0.9912 -0.0000 -0.1326
vn 1.0000 -0.0000 -0.0001
vn 0.9913 -0.0000 0.1315
vn 0.9646 -0.0000 0.2638
vn 0.9194 -0.0000 0.3934
vn 0.8565 -0.0000 0.5162
vn 0.7775 -0.0000 0.6289
vn 0.6848 -0.0000 0.7287
vn 0.5813 -0.0000 0.8137
vn 0.4699 -0.0000 0.8827
vn 0.3535 -0.0000 0.9355
vn 0.2348 -0.0000 0.9720
vn 0.1163 -0.0000 0.9932
vn 0.0203 -0.0000 0.9998
vn -0.0347 -0.0000 0.9994
vn -0.0721 -0.0000 0.9974
vn -0.1119 -0.0000 0.9937
vn -0.1535 -0.0000 0.9882
vn -0.1957 -0.0000 0.9807
vn -0.2376 -0.0000 0.9714
vn -0.2782 -0.0000 0.9605
vn -0.3166 -0.0000 0.9485
vn -0.3522 -0.0000 0.9359
vn -0.3845 -0.0000 0.9231
vn -0.4133 -0.0000 0.9106
vn -0.8391 -0.0000 0.5440
vn -0.4638 -0.0000 -0.8859
vn 0.5097 -0.0000 -0.8604
vn 0.4740 -0.0000 -0.8805
vn 0.4359 -0.0000 -0.9000
vn 0.3955 -0.0000 -0.9185
vn 0.3527 -0.0000 -0.9357
vn 0.3076 -0.0000 -0.9515
vn 0.2603 -0.0000 -0.9655
vn 0.2111 -0.0000 -0.9775
vn 0.1601 -0.0000 -0.9871
vn 0.1077 -0.0000 -0.9942
vn 0.0542 -0.0000 -0.9985
vn -0.0153 -0.0000 -0.9999
vn -0.1151 -0.0000 -0.9933
vn -0.2283 -0.0000 -0.9736
vn -0.3381 -0.0000 -0.9411
vn -0.4442 -0.0000 -0.8960
vn -0.5460 -0.0000 -0.8378
vn -0.6431 -0.0000 -0.7658
vn -0.7344 -0.0000 -0.6787
vn -0.8181 -0.0000 -0.5751
vn -0.8910 -0.0000 -0.4540
vn -0.9489 -0.0000 -0.3156
vn -0.9868 -0.0000 -0.1622
vn -1.0000 -0.0000 0.0037
vn -0.9836 -0.0000 0.1802
vn -0.9339 -0.0000 0.3576
vn -0.8525 -0.0000 0.5226
vn -0.7452 -0.0000 0.6668
vn -0.6199 -0.0000 0.7847
vn -0.4851 -0.0000 0.8744
vn -0.3486 -0.0000 0.9373
vn -0.2159 -0.0000 0.9764
vn -0.0909 -0.0000 0.9959
vn 0.0246 -0.0000 0.9997
vn 0.1295 -0.0000 0.9916
vn -0.6227 -0.0000 0.7825
vn -0.6928 -0.0000 -0.7211
vt 0.961039 0.000000
vt 0.000000 0.000000
vt 0.974026 0.000000
vt 0.987013 0.000000
vt 1.000000 0.000000
vt 0.012987 0.000000
vt 0.038961 0.000000
vt 0.025974 0.000000
vt 0.051948 0.000000
vt 0.064935 0.000000
vt 0.077922 0.000000
vt 0.948052 0.000000
vt 0.090909 0.000000
vt 0.935065 0.000000
vt 0.103896 0.000000
vt 0.922078 0.000000
vt 0.116883 0.000000
vt 0.909091 0.000000
vt 0.896104 0.000000
vt 0.883117 0.000000
vt 0.129870 0.000000
vt 0.870130 0.000000
vt 0.857143 0.000000
vt 0.142857 0.000000
vt 0.844156 0.000000
vt 0.155844 0.000000
vt 0.831169 0.000000
vt 0.818182 0.000000
vt 0.168831 0.000000
vt 0.805195 0.000000
vt 0.181818 0.000000
vt 0.792208 0.000000
vt 0.779221 0.000000
vt 0.194805 0.000000
vt 0.766234 0.000000
vt 0.753247 0.000000
vt 0.207792 0.000000
vt 0.740260 0.000000
vt 0.480519 0.000000
vt 0.506494 0.000000
vt 0.493506 0.000000
vt 0.727273 0.000000
vt 0.519481 0.000000
vt 0.220779 0.000000
vt 0.714286 0.000000
vt 0.532468 0.000000
vt 0.545455 0.000000
vt 0.701299 0.000000
vt 0.558442 0.000000
vt 0.571429 0.000000
vt 0.688312 0.000000
vt 0.584416 0.000000
vt 0.233766 0.000000
vt 0.675325 0.000000
vt 0.597403 0.000000
vt 0.610390 0.000000
vt 0.662338 0.000000
vt 0.623377 0.000000
vt 0.636364 0.000000
vt 0.649351 0.000000
vt 0.246753 0.000000
vt 0.259740 0.000000
vt 0.272727 0.000000
vt 0.467532 0.000000
vt 0.454545 0.000000
vt 0.285714 0.000000
vt 0.441558 0.000000
vt 0.428571 0.000000
vt 0.415584 0.000000
vt 0.298701 0.000000
vt 0.402597 0.000000
vt 0.389610 0.000000
vt 0.311688 0.000000
vt 0.376623 0.000000
vt 0.363636 0.000000
vt 0.350649 0.000000
vt 0.324675 0.000000
vt 0.337662 0.000000
vt 0.693182 0.000000
vt 0.715909 0.000000
vt 0.704545 0.000000
vt 0.681818 0.000000
vt 0.670455 0.000000
vt 0.659091 0.000000
vt 0.738636 0.000000
vt 0.647727 0.000000
vt 0.750000 0.000000
vt 0.625000 0.000000
vt 0.613636 0.000000
vt 0.761364 0.000000
vt 0.602273 0.000000
vt 0.590909 0.000000
vt 0.772727 0.000000
vt 0.579545 0.000000
vt 0.568182 0.000000
vt 0.784091 0.000000
vt 0.556818 0.000000
vt 0.534091 0.000000
vt 0.522727 0.000000
vt 0.511364 0.000000
vt 0.500000 0.000000
vt 0.488636 0.000000
vt 0.477273 0.000000
vt 0.465909 0.000000
vt 0.443182 0.000000
vt 0.431818 0.000000
vt 0.420455 0.000000
vt 0.795455 0.000000
vt 0.409091 0.000000
vt 0.397727 0.000000
vt 0.386364 0.000000
vt 0.806818 0.000000
vt 0.375000 0.000000
vt 0.352273 0.000000
vt 0.340909 0.000000
vt 0.329545 0.000000
vt 0.829545 0.000000
vt 0.318182 0.000000
vt 0.306818 0.000000
vt 0.840909 0.000000
vt 0.295455 0.000000
vt 0.284091 0.000000
vt 0.852273 0.000000
vt 0.261364 0.000000
vt 0.863636 0.000000
vt 0.250000 0.000000
vt 0.238636 0.000000
vt 0.875000 0.000000
vt 0.227273 0.000000
vt 0.215909 0.000000
vt 0.886364 0.000000
vt 0.204545 0.000000
vt 0.193182 0.000000
vt 0.897727 0.000000
vt 0.170455 0.000000
vt 0.159091 0.000000
vt 0.147727 0.000000
vt 0.136364 0.000000
vt 0.920455 0.000000
vt 0.125000 0.000000
vt 0.931818 0.000000
vt 0.113636 0.000000
vt 0.943182 0.000000
vt 0.102273 0.000000
vt 0.954545 0.000000
vt 0.079545 0.000000
vt 0.965909 0.000000
vt 0.068182 0.000000
vt 0.977273 0.000000
vt 0.056818 0.000000
vt 0.045455 0.000000
vt 0.988636 0.000000
vt 0.034091 0.000000
vt 0.022727 0.000000
vt 0.011364 0.000000
vt 0.400000 0.000000
vt 0.600000 0.000000
vt 0.900000 0.000000
vt 0.700000 0.000000
vt 0.800000 0.000000
vt 0.200000 0.000000
vt 0.100000 0.000000
vt 0.300000 0.000000
vt 0.000000 1.000000
vt 0.125000 1.000000
vt 0.250000 1.000000
vt 0.375000 1.000000
vt 0.500000 1.000000
vt 0.625000 1.000000
vt 0.750000 1.000000
vt 0.875000 1.000000
vt 1.000000 1.000000
vt 0.333333 1.000000
vt 0.333333 0.000000
vt 0.666667 1.000000
vt 0.666667 0.000000
vt 0.011236 1.000000
vt 0.011236 0.000000
vt 0.022472 1.000000
vt 0.022472 0.000000
vt 0.033708 1.000000
vt 0.033708 0.000000
vt 0.044944 1.000000
vt 0.044944 0.000000
vt 0.056180 1.000000
vt 0.056180 0.000000
vt 0.067416 1.000000
vt 0.067416 0.000000
vt 0.078652 1.000000
vt 0.078652 0.000000
vt 0.089888 1.000000
vt 0.089888 0.000000
vt 0.101124 1.000000
vt 0.101124 0.000000
vt 0.112360 1.000000
vt 0.112360 0.000000
vt 0.123596 1.000000
vt 0.123596 0.000000
vt 0.134831 1.000000
vt 0.134831 0.000000
vt 0.146067 1.000000
vt 0.146067 0.000000
vt 0.157303 1.000000
vt 0.157303 0.000000
vt 0.168539 1.000000
vt 0.168539 0.000000
vt 0.179775 1.000000
vt 0.179775 0.000000
vt 0.191011 1.000000
vt 0.191011 0.000000
vt 0.202247 1.000000
vt 0.202247 0.000000
vt 0.213483 1.000000
vt 0.213483 0.000000
vt 0.224719 1.000000
vt 0.224719 0.000000
vt 0.235955 1.000000
vt 0.235955 0.000000
vt 0.247191 1.000000
vt 0.247191 0.000000
vt 0.258427 1.000000
vt 0.258427 0.000000
vt 0.269663 1.000000
vt 0.269663 0.000000
vt 0.280899 1.000000
vt 0.280899 0.000000
vt 0.292135 1.000000
vt 0.292135 0.000000
vt 0.303371 1.000000
vt 0.303371 0.000000
vt 0.314607 1.000000
vt 0.314607 0.000000
vt 0.325843 1.000000
vt 0.325843 0.000000
vt 0.337079 1.000000
vt 0.337079 0.000000
vt 0.348315 1.000000
vt 0.348315 0.000000
vt 0.359551 1.000000
vt 0.359551 0.000000
vt 0.370787 1.000000
vt 0.370787 0.000000
vt 0.382022 1.000000
vt 0.382022 0.000000
vt 0.393258 1.000000
vt 0.393258 0.000000
vt 0.404494 1.000000
vt 0.404494 0.000000
vt 0.415730 1.000000
vt 0.415730 0.000000
vt 0.426966 1.000000
vt 0.426966 0.000000
vt 0.438202 1.000000
vt 0.438202 0.000000
vt 0.449438 1.000000
vt 0.449438 0.000000
vt 0.460674 1.000000
vt 0.460674 0.000000
vt 0.471910 1.000000
vt 0.471910 0.000000
vt 0.483146 1.000000
vt 0.483146 0.000000
vt 0.494382 1.000000
vt 0.494382 0.000000
vt 0.505618 1.000000
vt 0.505618 0.000000
vt 0.516854 1.000000
vt 0.516854 0.000000
vt 0.528090 1.000000
vt 0.528090 0.000000
vt 0.539326 1.000000
vt 0.539326 0.000000
vt 0.550562 1.000000
vt 0.550562 0.000000
vt 0.561798 1.000000
vt 0.561798 0.000000
vt 0.573034 1.000000
vt 0.573034 0.000000
vt 0.584270 1.000000
vt 0.584270 0.000000
vt 0.595506 1.000000
vt 0.595506 0.000000
vt 0.606742 1.000000
vt 0.606742 0.000000
vt 0.617977 1.000000
vt 0.617977 0.000000
vt 0.629214 1.000000
vt 0.629214 0.000000
vt 0.640449 1.000000
vt 0.640449 0.000000
vt 0.651685 1.000000
vt 0.651685 0.000000
vt 0.662921 1.000000
vt 0.662921 0.000000
vt 0.674157 1.000000
vt 0.674157 0.000000
vt 0.685393 1.000000
vt 0.685393 0.000000
vt 0.696629 1.000000
vt 0.696629 0.000000
vt 0.707865 1.000000
vt 0.707865 0.000000
vt 0.719101 1.000000
vt 0.719101 0.000000
vt 0.730337 1.000000
vt 0.730337 0.000000
vt 0.741573 1.000000
vt 0.741573 0.000000
vt 0.752809 1.000000
vt 0.752809 0.000000
vt 0.764045 1.000000
vt 0.764045 0.000000
vt 0.775281 1.000000
vt 0.775281 0.000000
vt 0.786517 1.000000
vt 0.786517 0.000000
vt 0.797753 1.000000
vt 0.797753 0.000000
vt 0.808989 1.000000
vt 0.808989 0.000000
vt 0.820225 1.000000
vt 0.820225 0.000000
vt 0.831461 1.000000
vt 0.831461 0.000000
vt 0.842697 1.000000
vt 0.842697 0.000000
vt 0.853933 1.000000
vt 0.853933 0.000000
vt 0.865169 1.000000
vt 0.865169 0.000000
vt 0.876405 1.000000
vt 0.876405 0.000000
vt 0.887640 1.000000
vt 0.887640 0.000000
vt 0.898876 1.000000
vt 0.898876 0.000000
vt 0.910112 1.000000
vt 0.910112 0.000000
vt 0.921348 1.000000
vt 0.921348 0.000000
vt 0.932584 1.000000
vt 0.932584 0.000000
vt 0.943820 1.000000
vt 0.943820 0.000000
vt 0.955056 1.000000
vt 0.955056 0.000000
vt 0.966292 1.000000
vt 0.966292 0.000000
vt 0.977528 1.000000
vt 0.977528 0.000000
vt 0.988764 1.000000
vt 0.988764 0.000000
vt 0.012821 1.000000
vt 0.012821 0.000000
vt 0.025641 1.000000
vt 0.025641 0.000000
vt 0.038462 1.000000
vt 0.038462 0.000000
vt 0.051282 1.000000
vt 0.051282 0.000000
vt 0.064103 1.000000
vt 0.064103 0.000000
vt 0.076923 1.000000
vt 0.076923 0.000000
vt 0.089744 1.000000
vt 0.089744 0.000000
vt 0.102564 1.000000
vt 0.102564 0.000000
vt 0.115385 1.000000
vt 0.115385 0.000000
vt 0.128205 1.000000
vt 0.128205 0.000000
vt 0.141026 1.000000
vt 0.141026 0.000000
vt 0.153846 1.000000
vt 0.153846 0.000000
vt 0.166667 1.000000
vt 0.166667 0.000000
vt 0.179487 1.000000
vt 0.179487 0.000000
vt 0.192308 1.000000
vt 0.192308 0.000000
vt 0.205128 1.000000
vt 0.205128 0.000000
vt 0.217949 1.000000
vt 0.217949 0.000000
vt 0.230769 1.000000
vt 0.230769 0.000000
vt 0.243590 1.000000
vt 0.243590 0.000000
vt 0.256410 1.000000
vt 0.256410 0.000000
vt 0.269231 1.000000
vt 0.269231 0.000000
vt 0.282051 1.000000
vt 0.282051 0.000000
vt 0.294872 1.000000
vt 0.294872 0.000000
vt 0.307692 1.000000
vt 0.307692 0.000000
vt 0.320513 1.000000
vt 0.320513 0.000000
vt 0.346154 1.000000
vt 0.346154 0.000000
vt 0.358974 1.000000
vt 0.358974 0.000000
vt 0.371795 1.000000
vt 0.371795 0.000000
vt 0.384615 1.000000
vt 0.384615 0.000000
vt 0.397436 1.000000
vt 0.397436 0.000000
vt 0.410256 1.000000
vt 0.410256 0.000000
vt 0.423077 1.000000
vt 0.423077 0.000000
vt 0.435897 1.000000
vt 0.435897 0.000000
vt 0.448718 1.000000
vt 0.448718 0.000000
vt 0.461538 1.000000
vt 0.461538 0.000000
vt 0.474359 1.000000
vt 0.474359 0.000000
vt 0.487179 1.000000
vt 0.487179 0.000000
vt 0.512821 1.000000
vt 0.512821 0.000000
vt 0.525641 1.000000
vt 0.525641 0.000000
vt 0.538462 1.000000
vt 0.538462 0.000000
vt 0.551282 1.000000
vt 0.551282 0.000000
vt 0.564103 1.000000
vt 0.564103 0.000000
vt 0.576923 1.000000
vt 0.576923 0.000000
vt 0.589744 1.000000
vt 0.589744 0.000000
vt 0.602564 1.000000
vt 0.602564 0.000000
vt 0.615385 1.000000
vt 0.615385 0.000000
vt 0.628205 1.000000
vt 0.628205 0.000000
vt 0.641026 1.000000
vt 0.641026 0.000000
vt 0.653846 1.000000
vt 0.653846 0.000000
vt 0.679487 1.000000
vt 0.679487 0.000000
vt 0.692308 1.000000
vt 0.692308 0.000000
vt 0.705128 1.000000
vt 0.705128 0.000000
vt 0.717949 1.000000
vt 0.717949 0.000000
vt 0.730769 1.000000
vt 0.730769 0.000000
vt 0.743590 1.000000
vt 0.743590 0.000000
vt 0.756410 1.000000
vt 0.756410 0.000000
vt 0.769231 1.000000
vt 0.769231 0.000000
vt 0.782051 1.000000
vt 0.782051 0.000000
vt 0.794872 1.000000
vt 0.794872 0.000000
vt 0.807692 1.000000
vt 0.807692 0.000000
vt 0.820513 1.000000
vt 0.820513 0.000000
vt 0.833333 1.000000
vt 0.833333 0.000000
vt 0.846154 1.000000
vt 0.846154 0.000000
vt 0.858974 1.000000
vt 0.858974 0.000000
vt 0.871795 1.000000
vt 0.871795 0.000000
vt 0.884615 1.000000
vt 0.884615 0.000000
vt 0.897436 1.000000
vt 0.897436 0.000000
vt 0.910256 1.000000
vt 0.910256 0.000000
vt 0.923077 1.000000
vt 0.923077 0.000000
vt 0.935897 1.000000
vt 0.935897 0.000000
vt 0.948718 1.000000
vt 0.948718 0.000000
vt 0.961538 1.000000
vt 0.961538 0.000000
vt 0.974359 1.000000
vt 0.974359 0.000000
vt 0.987179 1.000000
vt 0.987179 0.000000
s 0
usemtl A25_name
f 75/1/1 1/2/1 76/3/1
f 1/2/1 77/4/1 76/3/1
f 1/2/1 78/5/1 77/4/1
f 75/1/1 2/6/1 1/2/1
f 2/6/1 4/7/1 3/8/1
f 75/1/1 4/7/1 2/6/1
f 75/1/1 5/9/1 4/7/1
f 75/1/1 6/10/1 5/9/1
f 75/1/1 7/11/1 6/10/1
f 75/1/1 74/12/1 7/11/1
f 74/12/1 8/13/1 7/11/1
f 74/12/1 73/14/1 8/13/1
f 73/14/1 9/15/1 8/13/1
f 73/14/1 72/16/1 9/15/1
f 72/16/1 10/17/1 9/15/1
f 71/18/1 10/17/1 72/16/1
f 70/19/1 10/17/1 71/18/1
f 69/20/1 10/17/1 70/19/1
f 69/20/1 11/21/1 10/17/1
f 68/22/1 11/21/1 69/20/1
f 67/23/1 11/21/1 68/22/1
f 67/23/1 12/24/1 11/21/1
f 66/25/1 12/24/1 67/23/1
f 66/25/1 13/26/1 12/24/1
f 65/27/1 13/26/1 66/25/1
f 64/28/1 13/26/1 65/27/1
f 64/28/1 14/29/1 13/26/1
f 63/30/1 14/29/1 64/28/1
f 63/30/1 15/31/1 14/29/1
f 62/32/1 15/31/1 63/30/1
f 61/33/1 15/31/1 62/32/1
f 61/33/1 16/34/1 15/31/1
f 60/35/1 16/34/1 61/33/1
f 59/36/1 16/34/1 60/35/1
f 59/36/1 17/37/1 16/34/1
f 58/38/1 17/37/1 59/36/1
f 38/39/1 40/40/1 39/41/1
f 57/42/1 17/37/1 58/38/1
f 38/39/1 41/43/1 40/40/1
f 57/42/1 18/44/1 17/37/1
f 56/45/1 18/44/1 57/42/1
f 38/39/1 42/46/1 41/43/1
f 38/39/1 43/47/1 42/46/1
f 55/48/1 18/44/1 56/45/1
f 38/39/1 44/49/1 43/47/1
f 38/39/1 45/50/1 44/49/1
f 54/51/1 18/44/1 55/48/1
f 38/39/1 46/52/1 45/50/1
f 54/51/1 19/53/1 18/44/1
f 53/54/1 19/53/1 54/51/1
f 38/39/1 47/55/1 46/52/1
f 38/39/1 48/56/1 47/55/1
f 52/57/1 19/53/1 53/54/1
f 38/39/1 49/58/1 48/56/1
f 38/39/1 50/59/1 49/58/1
f 51/60/1 19/53/1 52/57/1
f 38/39/1 51/60/1 50/59/1
f 38/39/1 19/53/1 51/60/1
f 38/39/1 20/61/1 19/53/1
f 38/39/1 21/62/1 20/61/1
f 38/39/1 22/63/1 21/62/1
f 37/64/1 22/63/1 38/39/1
f 36/65/1 22/63/1 37/64/1
f 36/65/1 23/66/1 22/63/1
f 35/67/1 23/66/1 36/65/1
f 34/68/1 23/66/1 35/67/1
f 33/69/1 23/66/1 34/68/1
f 33/69/1 24/70/1 23/66/1
f 32/71/1 24/70/1 33/69/1
f 31/72/1 24/70/1 32/71/1
f 31/72/1 25/73/1 24/70/1
f 30/74/1 25/73/1 31/72/1
f 29/75/1 25/73/1 30/74/1
f 28/76/1 25/73/1 29/75/1
f 28/76/1 26/77/1 25/73/1
f 27/78/1 26/77/1 28/76/1
f 140/79/1 142/80/1 141/81/1
f 139/82/1 142/80/1 140/79/1
f 138/83/1 142/80/1 139/82/1
f 138/83/1 143/42/1 142/80/1
f 137/84/1 143/42/1 138/83/1
f 137/84/1 144/85/1 143/42/1
f 136/86/1 144/85/1 137/84/1
f 135/59/1 144/85/1 136/86/1
f 135/59/1 145/87/1 144/85/1
f 134/88/1 145/87/1 135/59/1
f 133/89/1 145/87/1 134/88/1
f 133/89/1 146/90/1 145/87/1
f 132/91/1 146/90/1 133/89/1
f 131/92/1 146/90/1 132/91/1
f 131/92/1 147/93/1 146/90/1
f 130/94/1 147/93/1 131/92/1
f 129/95/1 147/93/1 130/94/1
f 129/95/1 148/96/1 147/93/1
f 128/97/1 127/47/1 129/95/1
f 127/47/1 126/98/1 129/95/1
f 126/98/1 125/99/1 129/95/1
f 125/99/1 124/100/1 129/95/1
f 124/100/1 123/101/1 129/95/1
f 123/101/1 122/102/1 129/95/1
f 122/102/1 121/103/1 129/95/1
f 121/103/1 120/104/1 129/95/1
f 120/104/1 119/65/1 129/95/1
f 119/65/1 118/105/1 129/95/1
f 118/105/1 117/106/1 129/95/1
f 117/106/1 148/96/1 129/95/1
f 117/106/1 116/107/1 148/96/1
f 116/107/1 149/108/1 148/96/1
f 115/109/1 149/108/1 116/107/1
f 114/110/1 149/108/1 115/109/1
f 113/111/1 149/108/1 114/110/1
f 113/111/1 150/112/1 149/108/1
f 112/113/1 150/112/1 113/111/1
f 111/75/1 150/112/1 112/113/1
f 110/114/1 150/112/1 111/75/1
f 110/114/1 151/28/1 150/112/1
f 109/115/1 151/28/1 110/114/1
f 108/116/1 151/28/1 109/115/1
f 108/116/1 152/117/1 151/28/1
f 107/118/1 152/117/1 108/116/1
f 106/119/1 152/117/1 107/118/1
f 106/119/1 153/120/1 152/117/1
f 105/121/1 153/120/1 106/119/1
f 104/122/1 153/120/1 105/121/1
f 104/122/1 154/123/1 153/120/1
f 103/63/1 154/123/1 104/122/1
f 102/124/1 154/123/1 103/63/1
f 102/124/1 155/125/1 154/123/1
f 101/126/1 155/125/1 102/124/1
f 100/127/1 155/125/1 101/126/1
f 100/127/1 156/128/1 155/125/1
f 99/129/1 156/128/1 100/127/1
f 98/130/1 156/128/1 99/129/1
f 98/130/1 157/131/1 156/128/1
f 97/132/1 157/131/1 98/130/1
f 96/133/1 157/131/1 97/132/1
f 95/31/1 157/131/1 96/133/1
f 95/31/1 158/134/1 157/131/1
f 94/135/1 158/134/1 95/31/1
f 93/136/1 158/134/1 94/135/1
f 93/136/1 159/18/1 158/134/1
f 92/137/1 159/18/1 93/136/1
f 91/138/1 159/18/1 92/137/1
f 91/138/1 160/139/1 159/18/1
f 90/140/1 160/139/1 91/138/1
f 90/140/1 161/141/1 160/139/1
f 89/142/1 161/141/1 90/140/1
f 89/142/1 162/143/1 161/141/1
f 88/144/1 162/143/1 89/142/1
f 87/13/1 162/143/1 88/144/1
f 87/13/1 163/145/1 162/143/1
f 86/146/1 163/145/1 87/13/1
f 86/146/1 164/147/1 163/145/1
f 85/148/1 164/147/1 86/146/1
f 85/148/1 165/149/1 164/147/1
f 84/150/1 165/149/1 85/148/1
f 83/151/1 165/149/1 84/150/1
f 83/151/1 166/152/1 165/149/1
f 83/151/1 167/5/1 166/152/1
f 82/153/1 167/5/1 83/151/1
f 81/154/1 167/5/1 82/153/1
f 80/155/1 167/5/1 81/154/1
f 79/2/1 167/5/1 80/155/1
f 172/156/1 174/157/1 173/101/1
f 172/156/1 177/158/1 174/157/1
f 177/158/1 175/159/1 174/157/1
f 172/156/1 178/5/1 177/158/1
f 176/160/1 175/159/1 177/158/1
f 172/156/1 170/161/1 178/5/1
f 170/161/1 176/160/1 178/5/1
f 170/161/1 169/162/1 176/160/1
f 169/162/1 175/159/1 176/160/1
f 172/156/1 171/163/1 170/161/1
f 168/2/1 175/159/1 169/162/1
f 253/1/2 254/3/2 179/2/2
f 179/2/2 254/3/2 255/4/2
f 179/2/2 255/4/2 256/5/2
f 253/1/2 179/2/2 180/6/2
f 180/6/2 181/8/2 182/7/2
f 253/1/2 180/6/2 182/7/2
f 253/1/2 182/7/2 183/9/2
f 253/1/2 183/9/2 184/10/2
f 253/1/2 184/10/2 185/11/2
f 253/1/2 185/11/2 252/12/2
f 252/12/2 185/11/2 186/13/2
f 252/12/2 186/13/2 251/14/2
f 251/14/2 186/13/2 187/15/2
f 251/14/2 187/15/2 250/16/2
f 250/16/2 187/15/2 188/17/2
f 249/18/2 250/16/2 188/17/2
f 248/19/2 249/18/2 188/17/2
f 247/20/2 248/19/2 188/17/2
f 247/20/2 188/17/2 189/21/2
f 246/22/2 247/20/2 189/21/2
f 245/23/2 246/22/2 189/21/2
f 245/23/2 189/21/2 190/24/2
f 244/25/2 245/23/2 190/24/2
f 244/25/2 190/24/2 191/26/2
f 243/27/2 244/25/2 191/26/2
f 242/28/2 243/27/2 191/26/2
f 242/28/2 191/26/2 192/29/2
f 241/30/2 242/28/2 192/29/2
f 241/30/2 192/29/2 193/31/2
f 240/32/2 241/30/2 193/31/2
f 239/33/2 240/32/2 193/31/2
f 239/33/2 193/31/2 194/34/2
f 238/35/2 239/33/2 194/34/2
f 237/36/2 238/35/2 194/34/2
f 237/36/2 194/34/2 195/37/2
f 236/38/2 237/36/2 195/37/2
f 216/39/2 217/41/2 218/40/2
f 235/42/2 236/38/2 195/37/2
f 216/39/2 218/40/2 219/43/2
f 235/42/2 195/37/2 196/44/2
f 234/45/2 235/42/2 196/44/2
f 216/39/2 219/43/2 220/46/2
f 216/39/2 220/46/2 221/47/2
f 233/48/2 234/45/2 196/44/2
f 216/39/2 221/47/2 222/49/2
f 216/39/2 222/49/2 223/50/2
f 232/51/2 233/48/2 196/44/2
f 216/39/2 223/50/2 224/52/2
f 232/51/2 196/44/2 197/53/2
f 231/54/2 232/51/2 197/53/2
f 216/39/2 224/52/2 225/55/2
f 216/39/2 225/55/2 226/56/2
f 230/57/2 231/54/2 197/53/2
f 216/39/2 226/56/2 227/58/2
f 216/39/2 227/58/2 228/59/2
f 229/60/2 230/57/2 197/53/2
f 216/39/2 228/59/2 229/60/2
f 216/39/2 229/60/2 197/53/2
f 216/39/2 197/53/2 198/61/2
f 216/39/2 198/61/2 199/62/2
f 216/39/2 199/62/2 200/63/2
f 215/64/2 216/39/2 200/63/2
f 214/65/2 215/64/2 200/63/2
f 214/65/2 200/63/2 201/66/2
f 213/67/2 214/65/2 201/66/2
f 212/68/2 213/67/2 201/66/2
f 211/69/2 212/68/2 201/66/2
f 211/69/2 201/66/2 202/70/2
f 210/71/2 211/69/2 202/70/2
f 209/72/2 210/71/2 202/70/2
f 209/72/2 202/70/2 203/73/2
f 208/74/2 209/72/2 203/73/2
f 207/75/2 208/74/2 203/73/2
f 206/76/2 207/75/2 203/73/2
f 206/76/2 203/73/2 204/77/2
f 205/78/2 206/76/2 204/77/2
f 318/79/2 319/81/2 320/80/2
f 317/82/2 318/79/2 320/80/2
f 316/83/2 317/82/2 320/80/2
f 316/83/2 320/80/2 321/42/2
f 315/84/2 316/83/2 321/42/2
f 315/84/2 321/42/2 322/85/2
f 314/86/2 315/84/2 322/85/2
f 313/59/2 314/86/2 322/85/2
f 313/59/2 322/85/2 323/87/2
f 312/88/2 313/59/2 323/87/2
f 311/89/2 312/88/2 323/87/2
f 311/89/2 323/87/2 324/90/2
f 310/91/2 311/89/2 324/90/2
f 309/92/2 310/91/2 324/90/2
f 309/92/2 324/90/2 325/93/2
f 308/94/2 309/92/2 325/93/2
f 307/95/2 308/94/2 325/93/2
f 307/95/2 325/93/2 326/96/2
f 306/97/2 307/95/2 305/47/2
f 305/47/2 307/95/2 304/98/2
f 304/98/2 307/95/2 303/99/2
f 303/99/2 307/95/2 302/100/2
f 302/100/2 307/95/2 301/101/2
f 301/101/2 307/95/2 300/102/2
f 300/102/2 307/95/2 299/103/2
f 299/103/2 307/95/2 298/104/2
f 298/104/2 307/95/2 297/65/2
f 297/65/2 307/95/2 296/105/2
f 296/105/2 307/95/2 295/106/2
f 295/106/2 307/95/2 326/96/2
f 295/106/2 326/96/2 294/107/2
f 294/107/2 326/96/2 327/108/2
f 293/109/2 294/107/2 327/108/2
f 292/110/2 293/109/2 327/108/2
f 291/111/2 292/110/2 327/108/2
f 291/111/2 327/108/2 328/112/2
f 290/113/2 291/111/2 328/112/2
f 289/75/2 290/113/2 328/112/2
f 288/114/2 289/75/2 328/112/2
f 288/114/2 328/112/2 329/28/2
f 287/115/2 288/114/2 329/28/2
f 286/116/2 287/115/2 329/28/2
f 286/116/2 329/28/2 330/117/2
f 285/118/2 286/116/2 330/117/2
f 284/119/2 285/118/2 330/117/2
f 284/119/2 330/117/2 331/120/2
f 283/121/2 284/119/2 331/120/2
f 282/122/2 283/121/2 331/120/2
f 282/122/2 331/120/2 332/123/2
f 281/63/2 282/122/2 332/123/2
f 280/124/2 281/63/2 332/123/2
f 280/124/2 332/123/2 333/125/2
f 279/126/2 280/124/2 333/125/2
f 278/127/2 279/126/2 333/125/2
f 278/127/2 333/125/2 334/128/2
f 277/129/2 278/127/2 334/128/2
f 276/130/2 277/129/2 334/128/2
f 276/130/2 334/128/2 335/131/2
f 275/132/2 276/130/2 335/131/2
f 274/133/2 275/132/2 335/131/2
f 273/31/2 274/133/2 335/131/2
f 273/31/2 335/131/2 336/134/2
f 272/135/2 273/31/2 336/134/2
f 271/136/2 272/135/2 336/134/2
f 271/136/2 336/134/2 337/18/2
f 270/137/2 271/136/2 337/18/2
f 269/138/2 270/137/2 337/18/2
f 269/138/2 337/18/2 338/139/2
f 268/140/2 269/138/2 338/139/2
f 268/140/2 338/139/2 339/141/2
f 267/142/2 268/140/2 339/141/2
f 267/142/2 339/141/2 340/143/2
f 266/144/2 267/142/2 340/143/2
f 265/13/2 266/144/2 340/143/2
f 265/13/2 340/143/2 341/145/2
f 264/146/2 265/13/2 341/145/2
f 264/146/2 341/145/2 342/147/2
f 263/148/2 264/146/2 342/147/2
f 263/148/2 342/147/2 343/149/2
f 262/150/2 263/148/2 343/149/2
f 261/151/2 262/150/2 343/149/2
f 261/151/2 343/149/2 344/152/2
f 261/151/2 344/152/2 345/5/2
f 260/153/2 261/151/2 345/5/2
f 259/154/2 260/153/2 345/5/2
f 258/155/2 259/154/2 345/5/2
f 257/2/2 258/155/2 345/5/2
f 350/156/2 351/101/2 352/157/2
f 350/156/2 352/157/2 355/158/2
f 355/158/2 352/157/2 353/159/2
f 350/156/2 355/158/2 356/5/2
f 354/160/2 355/158/2 353/159/2
f 350/156/2 356/5/2 348/161/2
f 348/161/2 356/5/2 354/160/2
f 348/161/2 354/160/2 347/162/2
f 347/162/2 354/160/2 353/159/2
f 350/156/2 348/161/2 349/163/2
f 346/2/2 347/162/2 353/159/2
s 1
f 358/164/3 360/165/3 359/140/3 357/2/3
f 360/165/3 362/166/4 361/126/4 359/140/3
f 362/166/4 364/167/4 363/113/4 361/126/4
f 364/167/4 366/168/5 365/101/5 363/113/4
f 366/168/5 368/169/6 367/88/6 365/101/5
f 368/169/6 370/170/7 369/87/7 367/88/6
f 370/170/7 372/171/8 371/128/8 369/87/7
f 372/171/8 358/172/3 357/5/3 371/128/8
f 374/164/9 376/173/10 375/174/10 373/2/9
f 376/173/10 378/175/11 377/176/11 375/174/10
f 378/175/11 374/172/9 373/5/9 377/176/11
f 380/164/12 382/177/13 381/178/13 379/2/12
f 382/177/13 384/179/14 383/180/14 381/178/13
f 384/179/14 386/181/15 385/182/15 383/180/14
f 386/181/15 388/183/16 387/184/16 385/182/15
f 388/183/16 390/185/17 389/186/17 387/184/16
f 390/185/17 392/187/18 391/188/18 389/186/17
f 392/187/18 394/189/19 393/190/19 391/188/18
f 394/189/19 396/191/20 395/192/20 393/190/19
f 396/191/20 398/193/21 397/194/21 395/192/20
f 398/193/21 400/195/22 399/196/22 397/194/21
f 400/195/22 402/197/23 401/198/23 399/196/22
f 402/197/23 404/199/24 403/200/24 401/198/23
f 404/199/24 406/201/25 405/202/25 403/200/24
f 406/201/25 408/203/26 407/204/26 405/202/25
f 408/203/26 410/205/27 409/206/27 407/204/26
f 410/205/27 412/207/28 411/208/28 409/206/27
f 412/207/28 414/209/29 413/210/29 411/208/28
f 414/209/29 416/211/30 415/212/30 413/210/29
f 416/211/30 418/213/31 417/214/31 415/212/30
f 418/213/31 420/215/32 419/216/32 417/214/31
f 420/215/32 422/217/33 421/218/33 419/216/32
f 422/217/33 424/219/34 423/220/34 421/218/33
f 424/219/34 426/221/35 425/222/35 423/220/34
f 426/221/35 428/223/36 427/224/36 425/222/35
f 428/223/36 430/225/37 429/226/37 427/224/36
f 430/225/37 432/227/38 431/228/38 429/226/37
f 432/227/38 434/229/39 433/230/39 431/228/38
f 434/229/39 436/231/40 435/232/40 433/230/39
f 436/231/40 438/233/41 437/234/41 435/232/40
f 438/233/41 440/235/42 439/236/42 437/234/41
f 440/235/42 442/237/43 441/238/43 439/236/42
f 442/237/43 444/239/44 443/240/44 441/238/43
f 444/239/44 446/241/45 445/242/45 443/240/44
f 446/241/45 448/243/46 447/244/46 445/242/45
f 448/243/46 450/245/47 449/246/47 447/244/46
f 450/245/47 452/247/48 451/248/48 449/246/47
f 452/247/48 454/249/49 453/250/49 451/248/48
f 454/249/49 456/251/50 455/252/50 453/250/49
f 456/251/50 458/253/51 457/254/51 455/252/50
f 458/253/51 460/255/52 459/256/52 457/254/51
f 460/255/52 462/257/53 461/258/53 459/256/52
f 462/257/53 464/259/54 463/260/54 461/258/53
f 464/259/54 466/261/55 465/262/55 463/260/54
f 466/261/55 468/263/56 467/264/56 465/262/55
f 468/263/56 470/265/57 469/266/57 467/264/56
f 470/265/57 472/267/58 471/268/58 469/266/57
f 472/267/58 474/269/59 473/270/59 471/268/58
f 474/269/59 476/271/60 475/272/60 473/270/59
f 476/271/60 478/273/61 477/274/61 475/272/60
f 478/273/61 480/275/62 479/276/62 477/274/61
f 480/275/62 482/277/63 481/278/63 479/276/62
f 482/277/63 484/279/64 483/280/64 481/278/63
f 484/279/64 486/281/65 485/282/65 483/280/64
f 486/281/65 488/283/66 487/284/66 485/282/65
f 488/283/66 490/285/67 489/286/67 487/284/66
f 490/285/67 492/287/68 491/288/68 489/286/67
f 492/287/68 494/289/69 493/290/69 491/288/68
f 494/289/69 496/291/70 495/292/70 493/290/69
f 496/291/70 498/293/71 497/294/71 495/292/70
f 498/293/71 500/295/72 499/296/72 497/294/71
f 500/295/72 502/297/73 501/298/73 499/296/72
f 502/297/73 504/299/74 503/300/74 501/298/73
f 504/299/74 506/301/75 505/302/75 503/300/74
f 506/301/75 508/303/76 507/304/76 505/302/75
f 508/303/76 510/305/77 509/306/77 507/304/76
f 510/305/77 512/307/78 511/308/78 509/306/77
f 512/307/78 514/309/79 513/310/79 511/308/78
f 514/309/79 516/311/80 515/312/80 513/310/79
f 516/311/80 518/313/81 517/314/81 515/312/80
f 518/313/81 520/315/82 519/316/82 517/314/81
f 520/315/82 522/317/83 521/318/83 519/316/82
f 522/317/83 524/319/84 523/320/84 521/318/83
f 524/319/84 526/321/85 525/322/85 523/320/84
f 526/321/85 528/323/86 527/324/86 525/322/85
f 528/323/86 530/325/87 529/326/87 527/324/86
f 530/325/87 532/327/88 531/328/88 529/326/87
f 532/327/88 534/329/89 533/330/89 531/328/88
f 534/329/89 536/331/90 535/332/90 533/330/89
f 536/331/90 538/333/91 537/334/91 535/332/90
f 538/333/91 540/335/92 539/336/92 537/334/91
f 540/335/92 542/337/93 541/338/93 539/336/92
f 542/337/93 544/339/94 543/340/94 541/338/93
f 544/339/94 546/341/95 545/342/95 543/340/94
f 546/341/95 548/343/96 547/344/96 545/342/95
f 548/343/96 550/345/97 549/346/97 547/344/96
f 550/345/97 552/347/98 551/348/98 549/346/97
f 552/347/98 554/349/99 553/350/99 551/348/98
f 554/349/99 556/351/100 555/352/100 553/350/99
f 556/351/100 380/172/12 379/5/12 555/352/100
f 558/164/100 560/353/101 559/354/101 557/2/100
f 560/353/101 562/355/102 561/356/102 559/354/101
f 562/355/102 564/357/103 563/358/103 561/356/102
f 564/357/103 566/359/104 565/360/104 563/358/103
f 566/359/104 568/361/105 567/362/105 565/360/104
f 568/361/105 570/363/106 569/364/106 567/362/105
f 570/363/106 572/365/107 571/366/107 569/364/106
f 572/365/107 574/367/108 573/368/108 571/366/107
f 574/367/108 576/369/109 575/370/109 573/368/108
f 576/369/109 578/371/110 577/372/110 575/370/109
f 578/371/110 580/373/111 579/374/111 577/372/110
f 580/373/111 582/375/112 581/376/112 579/374/111
f 582/375/112 584/377/113 583/378/113 581/376/112
f 584/377/113 586/379/114 585/380/114 583/378/113
f 586/379/114 588/381/115 587/382/115 585/380/114
f 588/381/115 590/383/116 589/384/116 587/382/115
f 590/383/116 592/385/117 591/386/117 589/384/116
f 592/385/117 594/387/118 593/388/118 591/386/117
f 594/387/118 596/389/119 595/390/119 593/388/118
f 596/389/119 598/391/120 597/392/120 595/390/119
f 598/391/120 600/393/121 599/394/121 597/392/120
f 600/393/121 602/395/122 601/396/122 599/394/121
f 602/395/122 604/397/123 603/398/123 601/396/122
f 604/397/123 606/399/124 605/400/124 603/398/123
f 606/399/124 608/401/125 607/402/125 605/400/124
f 608/401/125 610/173/126 609/174/126 607/402/125
f 610/173/126 612/403/127 611/404/127 609/174/126
f 612/403/127 614/405/128 613/406/128 611/404/127
f 614/405/128 616/407/129 615/408/129 613/406/128
f 616/407/129 618/409/130 617/410/130 615/408/129
f 618/409/130 620/411/131 619/412/131 617/410/130
f 620/411/131 622/413/132 621/414/132 619/412/131
f 622/413/132 624/415/133 623/416/133 621/414/132
f 624/415/133 626/417/134 625/418/134 623/416/133
f 626/417/134 628/419/135 627/420/135 625/418/134
f 628/419/135 630/421/136 629/422/136 627/420/135
f 630/421/136 632/423/137 631/424/137 629/422/136
f 632/423/137 634/425/138 633/426/138 631/424/137
f 634/425/138 636/168/139 635/101/139 633/426/138
f 636/168/139 638/427/140 637/428/140 635/101/139
f 638/427/140 640/429/141 639/430/141 637/428/140
f 640/429/141 642/431/142 641/432/142 639/430/141
f 642/431/142 644/433/143 643/434/143 641/432/142
f 644/433/143 646/435/144 645/436/144 643/434/143
f 646/435/144 648/437/145 647/438/145 645/436/144
f 648/437/145 650/439/146 649/440/146 647/438/145
f 650/439/146 652/441/147 651/442/147 649/440/146
f 652/441/147 654/443/148 653/444/148 651/442/147
f 654/443/148 656/445/149 655/446/149 653/444/148
f 656/445/149 658/447/150 657/448/150 655/446/149
f 658/447/150 660/449/151 659/450/151 657/448/150
f 660/449/151 662/175/152 661/176/152 659/450/151
f 662/175/152 664/451/153 663/452/153 661/176/152
f 664/451/153 666/453/154 665/454/154 663/452/153
f 666/453/154 668/455/155 667/456/155 665/454/154
f 668/455/155 670/457/156 669/458/156 667/456/155
f 670/457/156 672/459/157 671/460/157 669/458/156
f 672/459/157 674/461/158 673/462/158 671/460/157
f 674/461/158 676/463/159 675/464/159 673/462/158
f 676/463/159 678/465/160 677/466/160 675/464/159
f 678/465/160 680/467/161 679/468/161 677/466/160
f 680/467/161 682/469/162 681/470/162 679/468/161
f 682/469/162 684/471/163 683/472/163 681/470/162
f 684/471/163 686/473/164 685/474/164 683/472/163
f 686/473/164 688/475/165 687/476/165 685/474/164
f 688/475/165 690/477/166 689/478/166 687/476/165
f 690/477/166 692/479/167 691/480/167 689/478/166
f 692/479/167 694/481/168 693/482/168 691/480/167
f 694/481/168 696/483/169 695/484/169 693/482/168
f 696/483/169 698/485/170 697/486/170 695/484/169
f 698/485/170 700/487/171 699/488/171 697/486/170
f 700/487/171 702/489/172 701/490/172 699/488/171
f 702/489/172 704/491/173 703/492/173 701/490/172
f 704/491/173 706/493/174 705/494/174 703/492/173
f 706/493/174 708/495/175 707/496/175 705/494/174
f 708/495/175 710/497/99 709/498/99 707/496/175
f 710/497/99 712/499/100 711/500/100 709/498/99
f 712/499/100 558/172/100 557/5/100 711/500/100
o Plane.058
v -74.997833 1.314713 -29.050739
v -47.047218 1.314713 -29.050739
v -74.997833 1.314713 -31.946461
v -47.047218 1.314713 -31.946461
v -74.997833 2.378862 -31.946461
v -74.997833 2.378862 -29.050739
v -47.047218 2.378862 -29.050739
v -47.047218 2.378862 -31.946461
v -74.997833 2.552050 -31.946461
v -74.997833 2.552050 -29.050739
v -47.047218 2.552050 -29.050739
v -47.047218 2.552050 -31.946461
v -75.294991 2.378862 -31.977245
v -75.294991 2.378862 -29.019955
v -46.750061 2.378862 -29.019955
v -46.750061 2.378862 -31.977245
v -75.294991 2.552050 -31.977245
v -75.294991 2.552050 -29.019955
v -46.750061 2.552050 -29.019955
v -46.750061 2.552050 -31.977245
v -74.997833 1.314713 -30.498600
v -47.047218 1.314713 -30.498600
v -74.997833 2.378862 -30.498600
v -47.047218 2.378862 -30.498600
v -74.997833 2.552050 -30.498600
v -47.047218 2.552050 -30.498600
v -75.294991 2.378862 -30.498600
v -46.750061 2.378862 -30.498600
v -75.294991 2.552050 -30.498600
v -46.750061 2.552050 -30.498600
v -47.047218 1.442411 -31.946461
v -47.047218 1.442411 -29.050739
v -74.997833 1.442411 -29.050739
v -74.997833 1.442411 -31.946461
v -74.997833 1.442411 -30.498600
v -47.047218 1.442411 -30.498600
v -47.047218 2.251164 -31.946461
v -74.997833 2.251164 -29.050739
v -74.997833 2.251164 -30.498600
v -47.047218 2.251164 -30.498600
v -47.047218 2.251164 -29.050739
v -74.997833 2.251164 -31.946461
v -72.668610 1.314713 -29.050739
v -70.339394 1.314713 -29.050739
v -68.010178 1.314713 -29.050739
v -65.680962 1.314713 -29.050739
v -63.351742 1.314713 -29.050739
v -61.022526 1.314713 -29.050739
v -58.693306 1.314713 -29.050739
v -56.364090 1.314713 -29.050739
v -54.034874 1.314713 -29.050739
v -51.705654 1.314713 -29.050739
v -49.376438 1.314713 -29.050739
v -49.376438 1.314713 -31.946461
v -51.705658 1.314713 -31.946461
v -54.034874 1.314713 -31.946461
v -56.364090 1.314713 -31.946461
v -58.693310 1.314713 -31.946461
v -61.022526 1.314713 -31.946461
v -63.351746 1.314713 -31.946461
v -65.680962 1.314713 -31.946461
v -68.010178 1.314713 -31.946461
v -70.339394 1.314713 -31.946461
v -72.668617 1.314713 -31.946461
v -72.668610 2.378862 -29.050739
v -70.339394 2.378862 -29.050739
v -68.010178 2.378862 -29.050739
v -65.680962 2.378862 -29.050739
v -63.351742 2.378862 -29.050739
v -61.022526 2.378862 -29.050739
v -58.693306 2.378862 -29.050739
v -56.364090 2.378862 -29.050739
v -54.034874 2.378862 -29.050739
v -51.705654 2.378862 -29.050739
v -49.376438 2.378862 -29.050739
v -49.376438 2.378862 -31.946461
v -51.705658 2.378862 -31.946461
v -54.034874 2.378862 -31.946461
v -56.364090 2.378862 -31.946461
v -58.693310 2.378862 -31.946461
v -61.022526 2.378862 -31.946461
v -63.351746 2.378862 -31.946461
v -65.680962 2.378862 -31.946461
v -68.010178 2.378862 -31.946461
v -70.339394 2.378862 -31.946461
v -72.668617 2.378862 -31.946461
v -72.668610 2.552050 -29.050739
v -70.339394 2.552050 -29.050739
v -68.010178 2.552050 -29.050739
v -65.680962 2.552050 -29.050739
v -63.351742 2.552050 -29.050739
v -61.022526 2.552050 -29.050739
v -58.693306 2.552050 -29.050739
v -56.364090 2.552050 -29.050739
v -54.034874 2.552050 -29.050739
v -51.705654 2.552050 -29.050739
v -49.376438 2.552050 -29.050739
v -49.376438 2.552050 -31.946461
v -51.705658 2.552050 -31.946461
v -54.034874 2.552050 -31.946461
v -56.364090 2.552050 -31.946461
v -58.693310 2.552050 -31.946461
v -61.022526 2.552050 -31.946461
v -63.351746 2.552050 -31.946461
v -65.680962 2.552050 -31.946461
v -68.010178 2.552050 -31.946461
v -70.339394 2.552050 -31.946461
v -72.668617 2.552050 -31.946461
v -72.916245 2.378862 -29.019955
v -70.537498 2.378862 -29.019955
v -68.158760 2.378862 -29.019955
v -65.780014 2.378862 -29.019955
v -63.401268 2.378862 -29.019955
v -61.022526 2.378862 -29.019955
v -58.643780 2.378862 -29.019955
v -56.265038 2.378862 -29.019955
v -53.886295 2.378862 -29.019955
v -51.507549 2.378862 -29.019955
v -49.128807 2.378862 -29.019955
v -49.128807 2.378862 -31.977245
v -51.507549 2.378862 -31.977245
v -53.886295 2.378862 -31.977245
v -56.265038 2.378862 -31.977245
v -58.643784 2.378862 -31.977245
v -61.022526 2.378862 -31.977245
v -63.401272 2.378862 -31.977245
v -65.780014 2.378862 -31.977245
v -68.158760 2.378862 -31.977245
v -70.537506 2.378862 -31.977245
v -72.916245 2.378862 -31.977245
v -72.916245 2.552050 -29.019955
v -70.537498 2.552050 -29.019955
v -68.158760 2.552050 -29.019955
v -65.780014 2.552050 -29.019955
v -63.401268 2.552050 -29.019955
v -61.022526 2.552050 -29.019955
v -58.643780 2.552050 -29.019955
v -56.265038 2.552050 -29.019955
v -53.886295 2.552050 -29.019955
v -51.507549 2.552050 -29.019955
v -49.128807 2.552050 -29.019955
v -49.128807 2.552050 -31.977245
v -51.507549 2.552050 -31.977245
v -53.886295 2.552050 -31.977245
v -56.265038 2.552050 -31.977245
v -58.643784 2.552050 -31.977245
v -61.022526 2.552050 -31.977245
v -63.401272 2.552050 -31.977245
v -65.780014 2.552050 -31.977245
v -68.158760 2.552050 -31.977245
v -70.537506 2.552050 -31.977245
v -72.916245 2.552050 -31.977245
v -49.376438 2.552050 -30.498600
v -51.705658 2.552050 -30.498600
v -54.034874 2.552050 -30.498600
v -56.364090 2.552050 -30.498600
v -58.693310 2.552050 -30.498600
v -61.022526 2.552050 -30.498600
v -63.351746 2.552050 -30.498600
v -65.680962 2.552050 -30.498600
v -68.010178 2.552050 -30.498600
v -70.339394 2.552050 -30.498600
v -72.668617 2.552050 -30.498600
v -72.668610 1.314713 -30.498600
v -70.339394 1.314713 -30.498600
v -68.010178 1.314713 -30.498600
v -65.680962 1.314713 -30.498600
v -63.351742 1.314713 -30.498600
v -61.022526 1.314713 -30.498600
v -58.693306 1.314713 -30.498600
v -56.364090 1.314713 -30.498600
v -54.034874 1.314713 -30.498600
v -51.705654 1.314713 -30.498600
v -49.376438 1.314713 -30.498600
v -49.376438 1.442411 -29.050739
v -51.705658 1.442411 -29.050739
v -54.034874 1.442411 -29.050739
v -56.364090 1.442411 -29.050739
v -58.693310 1.442411 -29.050739
v -61.022526 1.442411 -29.050739
v -63.351746 1.442411 -29.050739
v -65.680962 1.442411 -29.050739
v -68.010178 1.442411 -29.050739
v -70.339394 1.442411 -29.050739
v -72.668617 1.442411 -29.050739
v -72.668610 1.442411 -31.946461
v -70.339394 1.442411 -31.946461
v -68.010178 1.442411 -31.946461
v -65.680962 1.442411 -31.946461
v -63.351742 1.442411 -31.946461
v -61.022526 1.442411 -31.946461
v -58.693306 1.442411 -31.946461
v -56.364090 1.442411 -31.946461
v -54.034874 1.442411 -31.946461
v -51.705654 1.442411 -31.946461
v -49.376438 1.442411 -31.946461
v -49.376438 2.251164 -29.050739
v -51.705658 2.251164 -29.050739
v -54.034874 2.251164 -29.050739
v -56.364090 2.251164 -29.050739
v -58.693310 2.251164 -29.050739
v -61.022526 2.251164 -29.050739
v -63.351746 2.251164 -29.050739
v -65.680962 2.251164 -29.050739
v -68.010178 2.251164 -29.050739
v -70.339394 2.251164 -29.050739
v -72.668617 2.251164 -29.050739
v -72.668610 2.251164 -31.946461
v -70.339394 2.251164 -31.946461
v -68.010178 2.251164 -31.946461
v -65.680962 2.251164 -31.946461
v -63.351742 2.251164 -31.946461
v -61.022526 2.251164 -31.946461
v -58.693306 2.251164 -31.946461
v -56.364090 2.251164 -31.946461
v -54.034874 2.251164 -31.946461
v -51.705654 2.251164 -31.946461
v -49.376438 2.251164 -31.946461
v -48.695709 1.491121 -29.050739
v -47.727951 1.491121 -29.050739
v -47.727951 2.202455 -29.050739
v -48.695709 2.202455 -29.050739
v -74.317101 1.491121 -29.050739
v -73.349342 1.491121 -29.050739
v -73.349342 2.202455 -29.050739
v -74.317101 2.202455 -29.050739
v -71.987885 1.491121 -29.050739
v -71.020126 1.491121 -29.050739
v -71.020126 2.202455 -29.050739
v -71.987885 2.202455 -29.050739
v -69.658669 1.491121 -29.050739
v -68.690910 1.491121 -29.050739
v -68.690910 2.202455 -29.050739
v -69.658669 2.202455 -29.050739
v -67.329453 1.491121 -29.050739
v -66.361687 1.491121 -29.050739
v -66.361687 2.202455 -29.050739
v -67.329453 2.202455 -29.050739
v -65.000237 1.491121 -29.050739
v -64.032471 1.491121 -29.050739
v -64.032471 2.202455 -29.050739
v -65.000237 2.202455 -29.050739
v -62.671017 1.491121 -29.050739
v -61.703255 1.491121 -29.050739
v -61.703255 2.202455 -29.050739
v -62.671017 2.202455 -29.050739
v -60.341797 1.491121 -29.050739
v -59.374039 1.491121 -29.050739
v -59.374039 2.202455 -29.050739
v -60.341797 2.202455 -29.050739
v -58.012581 1.491121 -29.050739
v -57.044819 1.491121 -29.050739
v -57.044819 2.202455 -29.050739
v -58.012581 2.202455 -29.050739
v -55.683365 1.491121 -29.050739
v -54.715603 1.491121 -29.050739
v -54.715603 2.202455 -29.050739
v -55.683365 2.202455 -29.050739
v -53.354145 1.491121 -29.050739
v -52.386383 1.491121 -29.050739
v -52.386383 2.202455 -29.050739
v -53.354145 2.202455 -29.050739
v -51.024925 1.491121 -29.050739
v -50.057167 1.491121 -29.050739
v -50.057167 2.202455 -29.050739
v -51.024925 2.202455 -29.050739
v -47.727951 1.491121 -29.093937
v -48.695709 1.491121 -29.093937
v -48.695709 2.202455 -29.093937
v -47.727951 2.202455 -29.093937
v -73.349342 1.491121 -29.093937
v -74.317101 1.491121 -29.093937
v -74.317101 2.202455 -29.093937
v -73.349342 2.202455 -29.093937
v -71.020126 1.491121 -29.093937
v -71.987885 1.491121 -29.093937
v -71.987885 2.202455 -29.093937
v -71.020126 2.202455 -29.093937
v -68.690910 1.491121 -29.093937
v -69.658669 1.491121 -29.093937
v -69.658669 2.202455 -29.093937
v -68.690910 2.202455 -29.093937
v -66.361687 1.491121 -29.093937
v -67.329453 1.491121 -29.093937
v -67.329453 2.202455 -29.093937
v -66.361687 2.202455 -29.093937
v -64.032471 1.491121 -29.093937
v -65.000237 1.491121 -29.093937
v -65.000237 2.202455 -29.093937
v -64.032471 2.202455 -29.093937
v -61.703255 1.491121 -29.093937
v -62.671017 1.491121 -29.093937
v -62.671017 2.202455 -29.093937
v -61.703255 2.202455 -29.093937
v -59.374039 1.491121 -29.093937
v -60.341797 1.491121 -29.093937
v -60.341797 2.202455 -29.093937
v -59.374039 2.202455 -29.093937
v -57.044819 1.491121 -29.093937
v -58.012581 1.491121 -29.093937
v -58.012581 2.202455 -29.093937
v -57.044819 2.202455 -29.093937
v -54.715603 1.491121 -29.093937
v -55.683365 1.491121 -29.093937
v -55.683365 2.202455 -29.093937
v -54.715603 2.202455 -29.093937
v -52.386383 1.491121 -29.093937
v -53.354145 1.491121 -29.093937
v -53.354145 2.202455 -29.093937
v -52.386383 2.202455 -29.093937
v -50.057167 1.491121 -29.093937
v -51.024925 1.491121 -29.093937
v -51.024925 2.202455 -29.093937
v -50.057167 2.202455 -29.093937
v -74.997833 1.314713 -29.774670
v -74.997833 2.378862 -29.774670
v -74.997833 2.552050 -29.774670
v -75.294991 2.378862 -29.759277
v -75.294991 2.552050 -29.759277
v -47.047218 1.314713 -29.774670
v -47.047218 2.378862 -29.774670
v -47.047218 2.552050 -29.774670
v -46.750061 2.378862 -29.759277
v -46.750061 2.552050 -29.759277
v -47.047218 1.442411 -29.774670
v -74.997833 1.442411 -29.774670
v -47.047218 2.251164 -29.774670
v -74.997833 2.251164 -29.774670
v -72.668610 1.314713 -29.774670
v -70.339394 1.314713 -29.774670
v -68.010178 1.314713 -29.774670
v -65.680962 1.314713 -29.774670
v -63.351742 1.314713 -29.774670
v -61.022526 1.314713 -29.774670
v -58.693306 1.314713 -29.774670
v -56.364090 1.314713 -29.774670
v -54.034874 1.314713 -29.774670
v -51.705654 1.314713 -29.774670
v -49.376438 1.314713 -29.774670
v -72.668617 2.552050 -29.774670
v -70.339394 2.552050 -29.774670
v -68.010178 2.552050 -29.774670
v -65.680962 2.552050 -29.774670
v -63.351742 2.552050 -29.774670
v -61.022526 2.552050 -29.774670
v -58.693310 2.552050 -29.774670
v -56.364090 2.552050 -29.774670
v -54.034874 2.552050 -29.774670
v -51.705658 2.552050 -29.774670
v -49.376438 2.552050 -29.774670
v -47.047218 1.314713 -31.239250
v -47.047218 2.378862 -31.239250
v -47.047218 2.552050 -31.239250
v -46.750061 2.378862 -31.254997
v -46.750061 2.552050 -31.254997
v -74.997833 1.314713 -31.239250
v -74.997833 2.378862 -31.239250
v -74.997833 2.552050 -31.239250
v -75.294991 2.378862 -31.254997
v -75.294991 2.552050 -31.254997
v -74.997833 1.442411 -31.239250
v -47.047218 1.442411 -31.239250
v -74.997833 2.251164 -31.239250
v -47.047218 2.251164 -31.239250
v -72.668617 2.552050 -31.239250
v -70.339394 2.552050 -31.239250
v -68.010178 2.552050 -31.239250
v -65.680962 2.552050 -31.239250
v -63.351746 2.552050 -31.239250
v -61.022526 2.552050 -31.239250
v -58.693310 2.552050 -31.239250
v -56.364090 2.552050 -31.239250
v -54.034874 2.552050 -31.239250
v -51.705658 2.552050 -31.239250
v -49.376438 2.552050 -31.239250
v -72.668617 1.314713 -31.239250
v -70.339394 1.314713 -31.239250
v -68.010178 1.314713 -31.239250
v -65.680962 1.314713 -31.239250
v -63.351742 1.314713 -31.239250
v -61.022526 1.314713 -31.239250
v -58.693310 1.314713 -31.239250
v -56.364090 1.314713 -31.239250
v -54.034874 1.314713 -31.239250
v -51.705658 1.314713 -31.239250
v -49.376438 1.314713 -31.239250
v -74.997833 1.551479 -31.081335
v -74.997833 1.551479 -30.656513
v -74.997833 2.142097 -30.656513
v -74.997833 2.142097 -31.081335
v -74.997833 1.551479 -29.616756
v -74.997833 1.551479 -29.208654
v -74.997833 2.142097 -29.208654
v -74.997833 2.142097 -29.616756
v -74.997833 1.551479 -30.340687
v -74.997833 1.551479 -29.932585
v -74.997833 2.142097 -29.932585
v -74.997833 2.142097 -30.340687
v -74.997833 1.551479 -31.788546
v -74.997833 1.551479 -31.397163
v -74.997833 2.142097 -31.397163
v -74.997833 2.142097 -31.788546
v -47.047218 1.563190 -29.949539
v -47.047218 1.563190 -30.323730
v -47.047218 2.130386 -30.323730
v -47.047218 2.130386 -29.949539
v -47.047218 1.563190 -31.414120
v -47.047218 1.563190 -31.771589
v -47.047218 2.130386 -31.771589
v -47.047218 2.130386 -31.414120
v -47.047218 1.563190 -29.225611
v -47.047218 1.563190 -29.599800
v -47.047218 2.130386 -29.599800
v -47.047218 2.130386 -29.225611
v -47.047218 1.563190 -30.673470
v -47.047218 1.563190 -31.064379
v -47.047218 2.130386 -31.064379
v -47.047218 2.130386 -30.673470
v -73.246124 1.483735 -31.946461
v -74.420319 1.483735 -31.946461
v -74.420319 2.209841 -31.946461
v -73.246124 2.209841 -31.946461
v -47.624729 1.483735 -31.946461
v -48.798927 1.483735 -31.946461
v -48.798927 2.209841 -31.946461
v -47.624729 2.209841 -31.946461
v -49.953945 1.483735 -31.946461
v -51.128147 1.483735 -31.946461
v -51.128147 2.209841 -31.946461
v -49.953945 2.209841 -31.946461
v -52.283165 1.483735 -31.946461
v -53.457363 1.483735 -31.946461
v -53.457363 2.209841 -31.946461
v -52.283165 2.209841 -31.946461
v -54.612381 1.483735 -31.946461
v -55.786583 1.483735 -31.946461
v -55.786583 2.209841 -31.946461
v -54.612381 2.209841 -31.946461
v -56.941601 1.483735 -31.946461
v -58.115799 1.483735 -31.946461
v -58.115799 2.209841 -31.946461
v -56.941601 2.209841 -31.946461
v -59.270817 1.483735 -31.946461
v -60.445015 1.483735 -31.946461
v -60.445015 2.209841 -31.946461
v -59.270817 2.209841 -31.946461
v -61.600033 1.483735 -31.946461
v -62.774235 1.483735 -31.946461
v -62.774235 2.209841 -31.946461
v -61.600033 2.209841 -31.946461
v -63.929253 1.483735 -31.946461
v -65.103455 1.483735 -31.946461
v -65.103455 2.209841 -31.946461
v -63.929253 2.209841 -31.946461
v -66.258469 1.483735 -31.946461
v -67.432671 1.483735 -31.946461
v -67.432671 2.209841 -31.946461
v -66.258469 2.209841 -31.946461
v -68.587685 1.483735 -31.946461
v -69.761887 1.483735 -31.946461
v -69.761887 2.209841 -31.946461
v -68.587685 2.209841 -31.946461
v -70.916901 1.483735 -31.946461
v -72.091103 1.483735 -31.946461
v -72.091103 2.209841 -31.946461
v -70.916901 2.209841 -31.946461
v -74.997833 2.552050 -29.050739
v -47.047218 2.552050 -29.050739
v -74.997833 2.552050 -31.946461
v -47.047218 2.552050 -31.946461
v -74.997833 3.616199 -31.946461
v -74.997833 3.616199 -29.050739
v -47.047218 3.616199 -29.050739
v -47.047218 3.616199 -31.946461
v -74.997833 3.789386 -31.946461
v -74.997833 3.789386 -29.050739
v -47.047218 3.789386 -29.050739
v -47.047218 3.789386 -31.946461
v -75.294991 3.616199 -31.977245
v -75.294991 3.616199 -29.019955
v -46.750061 3.616199 -29.019955
v -46.750061 3.616199 -31.977245
v -75.294991 3.789386 -31.977245
v -75.294991 3.789386 -29.019955
v -46.750061 3.789386 -29.019955
v -46.750061 3.789386 -31.977245
v -74.997833 2.552050 -30.498600
v -47.047218 2.552050 -30.498600
v -74.997833 3.616199 -30.498600
v -47.047218 3.616199 -30.498600
v -74.997833 3.789386 -30.498600
v -47.047218 3.789386 -30.498600
v -75.294991 3.616199 -30.498600
v -46.750061 3.616199 -30.498600
v -75.294991 3.789386 -30.498600
v -46.750061 3.789386 -30.498600
v -47.047218 2.679748 -31.946461
v -47.047218 2.679748 -29.050739
v -74.997833 2.679748 -29.050739
v -74.997833 2.679748 -31.946461
v -74.997833 2.679748 -30.498600
v -47.047218 2.679748 -30.498600
v -47.047218 3.488501 -31.946461
v -74.997833 3.488501 -29.050739
v -74.997833 3.488501 -30.498600
v -47.047218 3.488501 -30.498600
v -47.047218 3.488501 -29.050739
v -74.997833 3.488501 -31.946461
v -72.668610 2.552050 -29.050739
v -70.339394 2.552050 -29.050739
v -68.010178 2.552050 -29.050739
v -65.680962 2.552050 -29.050739
v -63.351742 2.552050 -29.050739
v -61.022526 2.552050 -29.050739
v -58.693306 2.552050 -29.050739
v -56.364090 2.552050 -29.050739
v -54.034874 2.552050 -29.050739
v -51.705654 2.552050 -29.050739
v -49.376438 2.552050 -29.050739
v -49.376438 2.552050 -31.946461
v -51.705658 2.552050 -31.946461
v -54.034874 2.552050 -31.946461
v -56.364090 2.552050 -31.946461
v -58.693310 2.552050 -31.946461
v -61.022526 2.552050 -31.946461
v -63.351746 2.552050 -31.946461
v -65.680962 2.552050 -31.946461
v -68.010178 2.552050 -31.946461
v -70.339394 2.552050 -31.946461
v -72.668617 2.552050 -31.946461
v -72.668610 3.616199 -29.050739
v -70.339394 3.616199 -29.050739
v -68.010178 3.616199 -29.050739
v -65.680962 3.616199 -29.050739
v -63.351742 3.616199 -29.050739
v -61.022526 3.616199 -29.050739
v -58.693306 3.616199 -29.050739
v -56.364090 3.616199 -29.050739
v -54.034874 3.616199 -29.050739
v -51.705654 3.616199 -29.050739
v -49.376438 3.616199 -29.050739
v -49.376438 3.616199 -31.946461
v -51.705658 3.616199 -31.946461
v -54.034874 3.616199 -31.946461
v -56.364090 3.616199 -31.946461
v -58.693310 3.616199 -31.946461
v -61.022526 3.616199 -31.946461
v -63.351746 3.616199 -31.946461
v -65.680962 3.616199 -31.946461
v -68.010178 3.616199 -31.946461
v -70.339394 3.616199 -31.946461
v -72.668617 3.616199 -31.946461
v -72.668610 3.789386 -29.050739
v -70.339394 3.789386 -29.050739
v -68.010178 3.789386 -29.050739
v -65.680962 3.789386 -29.050739
v -63.351742 3.789386 -29.050739
v -61.022526 3.789386 -29.050739
v -58.693306 3.789386 -29.050739
v -56.364090 3.789386 -29.050739
v -54.034874 3.789386 -29.050739
v -51.705654 3.789386 -29.050739
v -49.376438 3.789386 -29.050739
v -49.376438 3.789386 -31.946461
v -51.705658 3.789386 -31.946461
v -54.034874 3.789386 -31.946461
v -56.364090 3.789386 -31.946461
v -58.693310 3.789386 -31.946461
v -61.022526 3.789386 -31.946461
v -63.351746 3.789386 -31.946461
v -65.680962 3.789386 -31.946461
v -68.010178 3.789386 -31.946461
v -70.339394 3.789386 -31.946461
v -72.668617 3.789386 -31.946461
v -72.916245 3.616199 -29.019955
v -70.537498 3.616199 -29.019955
v -68.158760 3.616199 -29.019955
v -65.780014 3.616199 -29.019955
v -63.401268 3.616199 -29.019955
v -61.022526 3.616199 -29.019955
v -58.643780 3.616199 -29.019955
v -56.265038 3.616199 -29.019955
v -53.886295 3.616199 -29.019955
v -51.507549 3.616199 -29.019955
v -49.128807 3.616199 -29.019955
v -49.128807 3.616199 -31.977245
v -51.507549 3.616199 -31.977245
v -53.886295 3.616199 -31.977245
v -56.265038 3.616199 -31.977245
v -58.643784 3.616199 -31.977245
v -61.022526 3.616199 -31.977245
v -63.401272 3.616199 -31.977245
v -65.780014 3.616199 -31.977245
v -68.158760 3.616199 -31.977245
v -70.537506 3.616199 -31.977245
v -72.916245 3.616199 -31.977245
v -72.916245 3.789386 -29.019955
v -70.537498 3.789386 -29.019955
v -68.158760 3.789386 -29.019955
v -65.780014 3.789386 -29.019955
v -63.401268 3.789386 -29.019955
v -61.022526 3.789386 -29.019955
v -58.643780 3.789386 -29.019955
v -56.265038 3.789386 -29.019955
v -53.886295 3.789386 -29.019955
v -51.507549 3.789386 -29.019955
v -49.128807 3.789386 -29.019955
v -49.128807 3.789386 -31.977245
v -51.507549 3.789386 -31.977245
v -53.886295 3.789386 -31.977245
v -56.265038 3.789386 -31.977245
v -58.643784 3.789386 -31.977245
v -61.022526 3.789386 -31.977245
v -63.401272 3.789386 -31.977245
v -65.780014 3.789386 -31.977245
v -68.158760 3.789386 -31.977245
v -70.537506 3.789386 -31.977245
v -72.916245 3.789386 -31.977245
v -49.376438 3.789386 -30.498600
v -51.705658 3.789386 -30.498600
v -54.034874 3.789386 -30.498600
v -56.364090 3.789386 -30.498600
v -58.693310 3.789386 -30.498600
v -61.022526 3.789386 -30.498600
v -63.351746 3.789386 -30.498600
v -65.680962 3.789386 -30.498600
v -68.010178 3.789386 -30.498600
v -70.339394 3.789386 -30.498600
v -72.668617 3.789386 -30.498600
v -72.668610 2.552050 -30.498600
v -70.339394 2.552050 -30.498600
v -68.010178 2.552050 -30.498600
v -65.680962 2.552050 -30.498600
v -63.351742 2.552050 -30.498600
v -61.022526 2.552050 -30.498600
v -58.693306 2.552050 -30.498600
v -56.364090 2.552050 -30.498600
v -54.034874 2.552050 -30.498600
v -51.705654 2.552050 -30.498600
v -49.376438 2.552050 -30.498600
v -49.376438 2.679748 -29.050739
v -51.705658 2.679748 -29.050739
v -54.034874 2.679748 -29.050739
v -56.364090 2.679748 -29.050739
v -58.693310 2.679748 -29.050739
v -61.022526 2.679748 -29.050739
v -63.351746 2.679748 -29.050739
v -65.680962 2.679748 -29.050739
v -68.010178 2.679748 -29.050739
v -70.339394 2.679748 -29.050739
v -72.668617 2.679748 -29.050739
v -72.668610 2.679748 -31.946461
v -70.339394 2.679748 -31.946461
v -68.010178 2.679748 -31.946461
v -65.680962 2.679748 -31.946461
v -63.351742 2.679748 -31.946461
v -61.022526 2.679748 -31.946461
v -58.693306 2.679748 -31.946461
v -56.364090 2.679748 -31.946461
v -54.034874 2.679748 -31.946461
v -51.705654 2.679748 -31.946461
v -49.376438 2.679748 -31.946461
v -49.376438 3.488501 -29.050739
v -51.705658 3.488501 -29.050739
v -54.034874 3.488501 -29.050739
v -56.364090 3.488501 -29.050739
v -58.693310 3.488501 -29.050739
v -61.022526 3.488501 -29.050739
v -63.351746 3.488501 -29.050739
v -65.680962 3.488501 -29.050739
v -68.010178 3.488501 -29.050739
v -70.339394 3.488501 -29.050739
v -72.668617 3.488501 -29.050739
v -72.668610 3.488501 -31.946461
v -70.339394 3.488501 -31.946461
v -68.010178 3.488501 -31.946461
v -65.680962 3.488501 -31.946461
v -63.351742 3.488501 -31.946461
v -61.022526 3.488501 -31.946461
v -58.693306 3.488501 -31.946461
v -56.364090 3.488501 -31.946461
v -54.034874 3.488501 -31.946461
v -51.705654 3.488501 -31.946461
v -49.376438 3.488501 -31.946461
v -48.695709 2.728457 -29.050739
v -47.727951 2.728457 -29.050739
v -47.727951 3.439791 -29.050739
v -48.695709 3.439791 -29.050739
v -74.317101 2.728457 -29.050739
v -73.349342 2.728457 -29.050739
v -73.349342 3.439791 -29.050739
v -74.317101 3.439791 -29.050739
v -71.987885 2.728457 -29.050739
v -71.020126 2.728457 -29.050739
v -71.020126 3.439791 -29.050739
v -71.987885 3.439791 -29.050739
v -69.658669 2.728457 -29.050739
v -68.690910 2.728457 -29.050739
v -68.690910 3.439791 -29.050739
v -69.658669 3.439791 -29.050739
v -67.329453 2.728457 -29.050739
v -66.361687 2.728457 -29.050739
v -66.361687 3.439791 -29.050739
v -67.329453 3.439791 -29.050739
v -65.000237 2.728457 -29.050739
v -64.032471 2.728457 -29.050739
v -64.032471 3.439791 -29.050739
v -65.000237 3.439791 -29.050739
v -62.671017 2.728457 -29.050739
v -61.703255 2.728457 -29.050739
v -61.703255 3.439791 -29.050739
v -62.671017 3.439791 -29.050739
v -60.341797 2.728457 -29.050739
v -59.374039 2.728457 -29.050739
v -59.374039 3.439791 -29.050739
v -60.341797 3.439791 -29.050739
v -58.012581 2.728457 -29.050739
v -57.044819 2.728457 -29.050739
v -57.044819 3.439791 -29.050739
v -58.012581 3.439791 -29.050739
v -55.683365 2.728457 -29.050739
v -54.715603 2.728457 -29.050739
v -54.715603 3.439791 -29.050739
v -55.683365 3.439791 -29.050739
v -53.354145 2.728457 -29.050739
v -52.386383 2.728457 -29.050739
v -52.386383 3.439791 -29.050739
v -53.354145 3.439791 -29.050739
v -51.024925 2.728457 -29.050739
v -50.057167 2.728457 -29.050739
v -50.057167 3.439791 -29.050739
v -51.024925 3.439791 -29.050739
v -47.727951 2.728457 -29.093937
v -48.695709 2.728457 -29.093937
v -48.695709 3.439791 -29.093937
v -47.727951 3.439791 -29.093937
v -73.349342 2.728457 -29.093937
v -74.317101 2.728457 -29.093937
v -74.317101 3.439791 -29.093937
v -73.349342 3.439791 -29.093937
v -71.020126 2.728457 -29.093937
v -71.987885 2.728457 -29.093937
v -71.987885 3.439791 -29.093937
v -71.020126 3.439791 -29.093937
v -68.690910 2.728457 -29.093937
v -69.658669 2.728457 -29.093937
v -69.658669 3.439791 -29.093937
v -68.690910 3.439791 -29.093937
v -66.361687 2.728457 -29.093937
v -67.329453 2.728457 -29.093937
v -67.329453 3.439791 -29.093937
v -66.361687 3.439791 -29.093937
v -64.032471 2.728457 -29.093937
v -65.000237 2.728457 -29.093937
v -65.000237 3.439791 -29.093937
v -64.032471 3.439791 -29.093937
v -61.703255 2.728457 -29.093937
v -62.671017 2.728457 -29.093937
v -62.671017 3.439791 -29.093937
v -61.703255 3.439791 -29.093937
v -59.374039 2.728457 -29.093937
v -60.341797 2.728457 -29.093937
v -60.341797 3.439791 -29.093937
v -59.374039 3.439791 -29.093937
v -57.044819 2.728457 -29.093937
v -58.012581 2.728457 -29.093937
v -58.012581 3.439791 -29.093937
v -57.044819 3.439791 -29.093937
v -54.715603 2.728457 -29.093937
v -55.683365 2.728457 -29.093937
v -55.683365 3.439791 -29.093937
v -54.715603 3.439791 -29.093937
v -52.386383 2.728457 -29.093937
v -53.354145 2.728457 -29.093937
v -53.354145 3.439791 -29.093937
v -52.386383 3.439791 -29.093937
v -50.057167 2.728457 -29.093937
v -51.024925 2.728457 -29.093937
v -51.024925 3.439791 -29.093937
v -50.057167 3.439791 -29.093937
v -74.997833 2.552050 -29.774670
v -74.997833 3.616199 -29.774670
v -74.997833 3.789386 -29.774670
v -75.294991 3.616199 -29.759277
v -75.294991 3.789386 -29.759277
v -47.047218 2.552050 -29.774670
v -47.047218 3.616199 -29.774670
v -47.047218 3.789386 -29.774670
v -46.750061 3.616199 -29.759277
v -46.750061 3.789386 -29.759277
v -47.047218 2.679748 -29.774670
v -74.997833 2.679748 -29.774670
v -47.047218 3.488501 -29.774670
v -74.997833 3.488501 -29.774670
v -72.668610 2.552050 -29.774670
v -70.339394 2.552050 -29.774670
v -68.010178 2.552050 -29.774670
v -65.680962 2.552050 -29.774670
v -63.351742 2.552050 -29.774670
v -61.022526 2.552050 -29.774670
v -58.693306 2.552050 -29.774670
v -56.364090 2.552050 -29.774670
v -54.034874 2.552050 -29.774670
v -51.705654 2.552050 -29.774670
v -49.376438 2.552050 -29.774670
v -72.668617 3.789386 -29.774670
v -70.339394 3.789386 -29.774670
v -68.010178 3.789386 -29.774670
v -65.680962 3.789386 -29.774670
v -63.351742 3.789386 -29.774670
v -61.022526 3.789386 -29.774670
v -58.693310 3.789386 -29.774670
v -56.364090 3.789386 -29.774670
v -54.034874 3.789386 -29.774670
v -51.705658 3.789386 -29.774670
v -49.376438 3.789386 -29.774670
v -47.047218 2.552050 -31.239250
v -47.047218 3.616199 -31.239250
v -47.047218 3.789386 -31.239250
v -46.750061 3.616199 -31.254997
v -46.750061 3.789386 -31.254997
v -74.997833 2.552050 -31.239250
v -74.997833 3.616199 -31.239250
v -74.997833 3.789386 -31.239250
v -75.294991 3.616199 -31.254997
v -75.294991 3.789386 -31.254997
v -74.997833 2.679748 -31.239250
v -47.047218 2.679748 -31.239250
v -74.997833 3.488501 -31.239250
v -47.047218 3.488501 -31.239250
v -72.668617 3.789386 -31.239250
v -70.339394 3.789386 -31.239250
v -68.010178 3.789386 -31.239250
v -65.680962 3.789386 -31.239250
v -63.351746 3.789386 -31.239250
v -61.022526 3.789386 -31.239250
v -58.693310 3.789386 -31.239250
v -56.364090 3.789386 -31.239250
v -54.034874 3.789386 -31.239250
v -51.705658 3.789386 -31.239250
v -49.376438 3.789386 -31.239250
v -72.668617 2.552050 -31.239250
v -70.339394 2.552050 -31.239250
v -68.010178 2.552050 -31.239250
v -65.680962 2.552050 -31.239250
v -63.351742 2.552050 -31.239250
v -61.022526 2.552050 -31.239250
v -58.693310 2.552050 -31.239250
v -56.364090 2.552050 -31.239250
v -54.034874 2.552050 -31.239250
v -51.705658 2.552050 -31.239250
v -49.376438 2.552050 -31.239250
v -74.997833 2.788815 -31.081335
v -74.997833 2.788815 -30.656513
v -74.997833 3.379434 -30.656513
v -74.997833 3.379434 -31.081335
v -74.997833 2.788815 -29.616756
v -74.997833 2.788815 -29.208654
v -74.997833 3.379434 -29.208654
v -74.997833 3.379434 -29.616756
v -74.997833 2.788815 -30.340687
v -74.997833 2.788815 -29.932585
v -74.997833 3.379434 -29.932585
v -74.997833 3.379434 -30.340687
v -74.997833 2.788815 -31.788546
v -74.997833 2.788815 -31.397163
v -74.997833 3.379434 -31.397163
v -74.997833 3.379434 -31.788546
v -47.047218 2.800526 -29.949539
v -47.047218 2.800526 -30.323730
v -47.047218 3.367723 -30.323730
v -47.047218 3.367723 -29.949539
v -47.047218 2.800526 -31.414120
v -47.047218 2.800526 -31.771589
v -47.047218 3.367723 -31.771589
v -47.047218 3.367723 -31.414120
v -47.047218 2.800526 -29.225611
v -47.047218 2.800526 -29.599800
v -47.047218 3.367723 -29.599800
v -47.047218 3.367723 -29.225611
v -47.047218 2.800526 -30.673470
v -47.047218 2.800526 -31.064379
v -47.047218 3.367723 -31.064379
v -47.047218 3.367723 -30.673470
v -73.246124 2.721071 -31.946461
v -74.420319 2.721071 -31.946461
v -74.420319 3.447177 -31.946461
v -73.246124 3.447177 -31.946461
v -47.624729 2.721071 -31.946461
v -48.798927 2.721071 -31.946461
v -48.798927 3.447177 -31.946461
v -47.624729 3.447177 -31.946461
v -49.953945 2.721071 -31.946461
v -51.128147 2.721071 -31.946461
v -51.128147 3.447177 -31.946461
v -49.953945 3.447177 -31.946461
v -52.283165 2.721071 -31.946461
v -53.457363 2.721071 -31.946461
v -53.457363 3.447177 -31.946461
v -52.283165 3.447177 -31.946461
v -54.612381 2.721071 -31.946461
v -55.786583 2.721071 -31.946461
v -55.786583 3.447177 -31.946461
v -54.612381 3.447177 -31.946461
v -56.941601 2.721071 -31.946461
v -58.115799 2.721071 -31.946461
v -58.115799 3.447177 -31.946461
v -56.941601 3.447177 -31.946461
v -59.270817 2.721071 -31.946461
v -60.445015 2.721071 -31.946461
v -60.445015 3.447177 -31.946461
v -59.270817 3.447177 -31.946461
v -61.600033 2.721071 -31.946461
v -62.774235 2.721071 -31.946461
v -62.774235 3.447177 -31.946461
v -61.600033 3.447177 -31.946461
v -63.929253 2.721071 -31.946461
v -65.103455 2.721071 -31.946461
v -65.103455 3.447177 -31.946461
v -63.929253 3.447177 -31.946461
v -66.258469 2.721071 -31.946461
v -67.432671 2.721071 -31.946461
v -67.432671 3.447177 -31.946461
v -66.258469 3.447177 -31.946461
v -68.587685 2.721071 -31.946461
v -69.761887 2.721071 -31.946461
v -69.761887 3.447177 -31.946461
v -68.587685 3.447177 -31.946461
v -70.916901 2.721071 -31.946461
v -72.091103 2.721071 -31.946461
v -72.091103 3.447177 -31.946461
v -70.916901 3.447177 -31.946461
vn -0.0000 -1.0000 -0.0000
vn 1.0000 -0.0000 -0.0000
vn -1.0000 -0.0000 -0.0000
vn -0.0000 -0.0000 -1.0000
vn -0.0000 -0.0000 1.0000
vn -0.0000 1.0000 -0.0000
vt 0.916667 0.755774
vt 0.916667 1.000000
vt 1.000000 1.000000
vt 1.000000 0.755774
vt 0.083333 1.000000
vt 0.000000 1.000000
vt 0.083333 1.000000
vt 1.000000 0.755774
vt 0.000000 0.250000
vt 0.000000 0.000000
vt 0.083333 1.000000
vt 0.916667 0.000000
vt 1.000000 0.000000
vt 0.916667 0.000000
vt 0.916667 0.755774
vt 0.083333 0.000000
vt 0.916667 1.000000
vt 0.916667 0.000000
vt 1.000000 0.250000
vt 0.000000 0.755774
vt 0.000000 0.755774
vt 1.000000 0.500000
vt 0.000000 0.500000
vt 0.916667 0.250000
vt 0.916667 0.500000
vt 0.916667 0.500000
vt 1.000000 0.310389
vt 1.000000 0.439611
vt 1.000000 0.439611
vt 1.000000 0.310389
vt 0.000000 0.701240
vt 0.000000 0.554534
vt 0.774355 0.000000
vt 0.808978 0.000000
vt 0.062672 1.000000
vt 0.020662 1.000000
vt 0.020662 1.000000
vt 0.000000 0.195466
vt 0.000000 0.054534
vt 0.000000 0.195466
vt 1.000000 0.816163
vt 1.000000 0.939611
vt 1.000000 0.816163
vt 0.979338 1.000000
vt 0.937328 1.000000
vt 0.937329 1.000000
vt 0.896005 1.000000
vt 0.853995 1.000000
vt 0.853995 1.000000
vt 0.812672 1.000000
vt 0.770662 1.000000
vt 0.770662 1.000000
vt 0.729338 1.000000
vt 0.687328 1.000000
vt 0.687329 1.000000
vt 0.729338 1.000000
vt 0.646005 1.000000
vt 0.603995 1.000000
vt 0.646005 1.000000
vt 0.562672 1.000000
vt 0.520662 1.000000
vt 0.479338 1.000000
vt 0.437328 1.000000
vt 0.437328 1.000000
vt 0.396005 1.000000
vt 0.353995 1.000000
vt 0.353995 1.000000
vt 0.396005 1.000000
vt 0.312672 1.000000
vt 0.270662 1.000000
vt 0.270662 1.000000
vt 0.312672 1.000000
vt 0.229338 1.000000
vt 0.187328 1.000000
vt 0.187328 1.000000
vt 0.146005 1.000000
vt 0.103995 1.000000
vt 0.103995 1.000000
vt 0.146005 1.000000
vt 0.225645 0.000000
vt 0.225645 0.000000
vt 0.642312 0.000000
vt 0.191021 0.000000
vt 0.607688 0.000000
vt 0.607688 0.000000
vt 0.058979 0.000000
vt 0.024355 0.000000
vt 0.475645 0.000000
vt 0.441021 0.000000
vt 0.892312 0.000000
vt 0.857688 0.000000
vt 0.833333 1.000000
vt 0.833333 1.000000
vt 0.750000 1.000000
vt 0.750000 1.000000
vt 0.666667 1.000000
vt 0.666667 1.000000
vt 0.583333 1.000000
vt 0.583333 1.000000
vt 0.500000 1.000000
vt 0.500000 1.000000
vt 0.416667 1.000000
vt 0.416667 1.000000
vt 0.333333 1.000000
vt 0.333333 1.000000
vt 0.250000 1.000000
vt 0.166667 1.000000
vt 0.166667 1.000000
vt 0.083333 0.000000
vt 0.083333 0.000000
vt 0.166667 0.000000
vt 0.166667 0.000000
vt 0.250000 0.000000
vt 0.333333 0.000000
vt 0.333333 0.000000
vt 0.416667 0.000000
vt 0.416667 0.000000
vt 0.500000 0.000000
vt 0.583333 0.000000
vt 0.666667 0.000000
vt 0.666667 0.000000
vt 0.750000 0.000000
vt 0.833333 0.000000
vt 0.083333 0.500000
vt 0.083333 0.250000
vt 0.166667 0.500000
vt 0.166667 0.250000
vt 0.250000 0.500000
vt 0.250000 0.250000
vt 0.333333 0.500000
vt 0.333333 0.250000
vt 0.416667 0.500000
vt 0.416667 0.250000
vt 0.500000 0.500000
vt 0.500000 0.250000
vt 0.583333 0.500000
vt 0.583333 0.250000
vt 0.666667 0.500000
vt 0.666667 0.250000
vt 0.750000 0.500000
vt 0.750000 0.250000
vt 0.833333 0.500000
vt 0.833333 0.250000
vt 0.083333 0.250000
vt 0.166667 0.250000
vt 0.333333 0.250000
vt 0.333333 0.500000
vt 0.416667 0.250000
vt 0.416667 0.500000
vt 0.500000 0.250000
vt 0.583333 0.250000
vt 0.583333 0.500000
vt 0.666667 0.250000
vt 0.750000 0.500000
vt 0.833333 0.250000
vt 0.166667 0.000000
vt 0.583333 0.000000
vt 0.666667 0.000000
vt 0.833333 0.000000
vt 0.916667 1.000000
vt 0.833333 1.000000
vt 0.750000 1.000000
vt 0.750000 1.000000
vt 0.666667 1.000000
vt 0.333333 1.000000
vt 0.333333 1.000000
vt 0.166667 1.000000
vt 0.833333 0.000000
vt 0.083333 0.755774
vt 0.166667 0.755774
vt 0.250000 0.755774
vt 0.333333 0.755774
vt 0.416667 0.755774
vt 0.500000 0.755774
vt 0.583333 0.755774
vt 0.666667 0.755774
vt 0.750000 0.755774
vt 0.833333 0.755774
vt 0.916667 1.000000
vt 0.833333 1.000000
vt 0.750000 1.000000
vt 0.666667 1.000000
vt 0.583333 1.000000
vt 0.250000 1.000000
vt 0.166667 1.000000
vt 0.250000 0.755774
vt 0.333333 0.755774
vt 0.416667 0.755774
vt 0.500000 0.755774
vt 0.583333 0.755774
vt 0.750000 0.755774
vt 0.975645 0.000000
vt 0.941021 0.000000
vt 0.975645 0.000000
vt 0.941021 0.000000
vt 0.142312 0.000000
vt 0.107688 0.000000
vt 0.142312 0.000000
vt 0.308979 0.000000
vt 0.274355 0.000000
vt 0.308979 0.000000
vt 0.392312 0.000000
vt 0.357688 0.000000
vt 0.357688 0.000000
vt 0.441021 0.000000
vt 0.558979 0.000000
vt 0.524355 0.000000
vt 0.558979 0.000000
vt 0.725645 0.000000
vt 0.691021 0.000000
vt 0.725645 0.000000
vt 0.808979 0.000000
vt 0.774355 0.000000
vt 0.892312 0.000000
vt 0.000000 0.445466
vt 0.000000 0.304534
vt 1.000000 0.060389
vt 1.000000 0.189611
vt 1.000000 0.560389
vt 1.000000 0.695385
vt 1.000000 0.560389
vt 0.000000 0.945466
vt 0.000000 0.810307
s 0
usemtl A25_main
f 1098/501/176 766/502/176 716/503/176 1063/504/176
f 798/505/176 717/506/176 725/506/176 842/507/176
f 1076/504/177 749/503/177 720/503/177 1064/508/177
f 1040/509/178 750/510/178 718/510/178 1028/509/178
f 920/511/179 754/506/179 717/506/179 798/505/179
f 909/512/180 753/513/180 719/513/180 787/514/180
f 1087/515/181 1065/508/181 724/503/181 810/502/181
f 799/516/181 722/510/181 730/510/181 843/516/181
f 1028/509/176 718/510/176 726/510/176 1030/509/176
f 810/502/181 724/503/181 732/503/181 854/517/181
f 1030/509/178 726/510/178 730/510/178 1031/509/178
f 842/507/179 725/506/179 729/506/179 864/507/179
f 831/514/180 727/513/180 731/513/180 853/518/180
f 1066/504/177 728/503/177 732/503/177 1067/504/177
f 787/514/176 719/513/176 727/513/176 831/514/176
f 1034/519/181 723/513/181 731/513/181 1036/519/181
f 1070/520/181 721/506/181 729/506/181 1072/521/181
f 1064/508/176 720/503/176 728/503/176 1066/504/176
f 1033/519/176 736/522/176 740/522/176 1035/519/176
f 1029/509/181 737/523/181 741/523/181 1031/509/181
f 1065/508/181 738/522/181 742/522/181 1067/504/181
f 1035/519/177 740/522/177 742/522/177 1036/519/177
f 1071/521/178 739/523/178 741/523/178 1072/521/178
f 1069/520/176 735/523/176 739/523/176 1071/521/176
f 1062/524/181 1034/519/181 738/522/181 865/525/181
f 1075/521/178 751/523/178 735/523/178 1069/520/178
f 1039/519/177 752/522/177 736/522/177 1033/519/177
f 1051/524/176 886/526/176 734/522/176 1032/519/176
f 1032/519/177 734/522/177 748/522/177 1037/519/177
f 1068/521/178 733/523/178 747/523/178 1073/521/178
f 765/514/180 714/513/180 744/513/180 887/512/180
f 776/507/179 715/506/179 746/506/179 898/511/179
f 1027/509/178 713/510/178 745/510/178 1038/509/178
f 1063/504/177 716/503/177 743/503/177 1074/504/177
f 1115/527/177 1116/528/177 1117/529/177 1118/530/177
f 1099/531/178 1100/532/178 1101/532/178 1102/531/178
f 971/533/181 972/534/181 1019/534/181 1020/533/181
f 1143/550/179 1144/551/179 1145/552/179 1146/550/179
f 1151/557/179 1152/558/179 1153/558/179 1154/559/179
f 1159/562/179 1160/563/179 1161/564/179 1162/562/179
f 1171/573/179 1172/574/179 1173/575/179 1174/573/179
f 944/580/178 945/581/178 994/581/178 991/580/178
f 964/582/178 965/582/178 1014/582/178 1011/582/178
f 946/583/177 943/583/177 992/583/177 993/583/177
f 966/584/177 963/585/177 1012/585/177 1013/584/177
f 937/586/176 938/587/176 985/587/176 986/586/176
f 957/588/176 958/589/176 1005/589/176 1006/588/176
f 943/583/181 944/580/181 991/580/181 992/583/181
f 977/590/176 978/591/176 1025/591/176 1026/590/176
f 963/585/181 964/582/181 1011/582/181 1012/585/181
f 936/586/178 937/586/178 986/586/178 983/586/178
f 956/588/178 957/588/178 1006/588/178 1003/588/178
f 716/503/179 766/502/179 908/502/179 743/503/179
f 766/502/179 767/592/179 907/593/179 908/502/179
f 767/592/179 768/594/179 906/595/179 907/593/179
f 768/594/179 769/596/179 905/597/179 906/595/179
f 769/596/179 770/598/179 904/599/179 905/597/179
f 770/598/179 771/600/179 903/601/179 904/599/179
f 771/600/179 772/602/179 902/603/179 903/601/179
f 772/602/179 773/604/179 901/605/179 902/603/179
f 773/604/179 774/606/179 900/606/179 901/605/179
f 774/606/179 775/607/179 899/608/179 900/606/179
f 775/607/179 776/507/179 898/511/179 899/608/179
f 713/510/180 755/609/180 897/610/180 745/510/180
f 755/609/180 756/611/180 896/612/180 897/610/180
f 756/611/180 757/613/180 895/613/180 896/612/180
f 757/613/180 758/614/180 894/615/180 895/613/180
f 758/614/180 759/616/180 893/617/180 894/615/180
f 759/616/180 760/618/180 892/618/180 893/617/180
f 760/618/180 761/619/180 891/619/180 892/618/180
f 761/619/180 762/620/180 890/621/180 891/619/180
f 762/620/180 763/622/180 889/622/180 890/621/180
f 763/622/180 764/623/180 888/623/180 889/622/180
f 764/623/180 765/514/180 887/512/180 888/623/180
f 1027/509/176 733/523/176 876/624/176 1041/625/176
f 1041/625/176 876/624/176 877/626/176 1042/627/176
f 1042/627/176 877/626/176 878/628/176 1043/629/176
f 1043/629/176 878/628/176 879/630/176 1044/631/176
f 1044/631/176 879/630/176 880/632/176 1045/633/176
f 1045/633/176 880/632/176 881/634/176 1046/635/176
f 1046/635/176 881/634/176 882/636/176 1047/637/176
f 1047/637/176 882/636/176 883/638/176 1048/639/176
f 1048/639/176 883/638/176 884/640/176 1049/641/176
f 1049/641/176 884/640/176 885/642/176 1050/643/176
f 1050/643/176 885/642/176 886/526/176 1051/524/176
f 1029/509/181 1052/644/181 875/624/181 737/523/181
f 1052/644/181 1053/645/181 874/626/181 875/624/181
f 1053/645/181 1054/629/181 873/628/181 874/626/181
f 1054/629/181 1055/646/181 872/647/181 873/628/181
f 1055/646/181 1056/648/181 871/649/181 872/647/181
f 1056/648/181 1057/650/181 870/634/181 871/649/181
f 1057/650/181 1058/651/181 869/652/181 870/634/181
f 1058/651/181 1059/653/181 868/638/181 869/652/181
f 1059/653/181 1060/641/181 867/654/181 868/638/181
f 1060/641/181 1061/655/181 866/642/181 867/654/181
f 1061/655/181 1062/524/181 865/525/181 866/642/181
f 718/510/176 777/516/176 821/609/176 726/510/176
f 777/516/176 778/656/176 822/612/176 821/609/176
f 778/656/176 779/613/176 823/613/176 822/612/176
f 779/613/176 780/615/176 824/615/176 823/613/176
f 780/615/176 781/616/176 825/616/176 824/615/176
f 781/616/176 782/618/176 826/618/176 825/616/176
f 782/618/176 783/619/176 827/657/176 826/618/176
f 783/619/176 784/658/176 828/658/176 827/657/176
f 784/658/176 785/622/176 829/622/176 828/658/176
f 785/622/176 786/659/176 830/659/176 829/622/176
f 786/659/176 787/514/176 831/514/176 830/659/176
f 726/510/180 821/609/180 843/516/180 730/510/180
f 821/609/180 822/612/180 844/611/180 843/516/180
f 822/612/180 823/613/180 845/613/180 844/611/180
f 823/613/180 824/615/180 846/614/180 845/613/180
f 824/615/180 825/616/180 847/616/180 846/614/180
f 825/616/180 826/618/180 848/618/180 847/616/180
f 826/618/180 827/657/180 849/657/180 848/618/180
f 827/657/180 828/658/180 850/658/180 849/657/180
f 828/658/180 829/622/180 851/622/180 850/658/180
f 829/622/180 830/659/180 852/659/180 851/622/180
f 830/659/180 831/514/180 853/518/180 852/659/180
f 728/503/179 832/660/179 854/517/179 732/503/179
f 832/660/179 833/661/179 855/592/179 854/517/179
f 833/661/179 834/662/179 856/663/179 855/592/179
f 834/662/179 835/664/179 857/596/179 856/663/179
f 835/664/179 836/598/179 858/598/179 857/596/179
f 836/598/179 837/601/179 859/601/179 858/598/179
f 837/601/179 838/602/179 860/602/179 859/601/179
f 838/602/179 839/665/179 861/666/179 860/602/179
f 839/665/179 840/606/179 862/606/179 861/666/179
f 840/606/179 841/607/179 863/667/179 862/606/179
f 841/607/179 842/507/179 864/507/179 863/667/179
f 721/506/181 820/507/181 864/507/181 729/506/181
f 820/507/181 819/607/181 863/667/181 864/507/181
f 819/607/181 818/606/181 862/606/181 863/667/181
f 818/606/181 817/665/181 861/666/181 862/606/181
f 817/665/181 816/602/181 860/602/181 861/666/181
f 816/602/181 815/601/181 859/601/181 860/602/181
f 815/601/181 814/599/181 858/598/181 859/601/181
f 814/599/181 813/596/181 857/596/181 858/598/181
f 813/596/181 812/663/181 856/663/181 857/596/181
f 812/663/181 811/592/181 855/592/181 856/663/181
f 811/592/181 810/502/181 854/517/181 855/592/181
f 723/513/181 809/514/181 853/518/181 731/513/181
f 809/514/181 808/668/181 852/659/181 853/518/181
f 808/668/181 807/622/181 851/622/181 852/659/181
f 807/622/181 806/658/181 850/658/181 851/622/181
f 806/658/181 805/657/181 849/657/181 850/658/181
f 805/657/181 804/618/181 848/618/181 849/657/181
f 804/618/181 803/616/181 847/616/181 848/618/181
f 803/616/181 802/615/181 846/614/181 847/616/181
f 802/615/181 801/613/181 845/613/181 846/614/181
f 801/613/181 800/656/181 844/611/181 845/613/181
f 800/656/181 799/516/181 843/516/181 844/611/181
f 1070/520/181 1077/669/181 820/507/181 721/506/181
f 1077/669/181 1078/670/181 819/607/181 820/507/181
f 1078/670/181 1079/671/181 818/606/181 819/607/181
f 1079/671/181 1080/672/181 817/665/181 818/606/181
f 1080/672/181 1081/673/181 816/602/181 817/665/181
f 1081/673/181 1082/674/181 815/601/181 816/602/181
f 1082/674/181 1083/675/181 814/599/181 815/601/181
f 1083/675/181 1084/676/181 813/596/181 814/599/181
f 1084/676/181 1085/677/181 812/663/181 813/596/181
f 1085/677/181 1086/678/181 811/592/181 812/663/181
f 1086/678/181 1087/515/181 810/502/181 811/592/181
f 750/510/180 919/610/180 777/516/180 718/510/180
f 919/610/180 918/612/180 778/656/180 777/516/180
f 918/612/180 917/613/180 779/613/180 778/656/180
f 917/613/180 916/614/180 780/615/180 779/613/180
f 916/614/180 915/617/180 781/616/180 780/615/180
f 915/617/180 914/618/180 782/618/180 781/616/180
f 914/618/180 913/619/180 783/619/180 782/618/180
f 913/619/180 912/621/180 784/658/180 783/619/180
f 912/621/180 911/622/180 785/622/180 784/658/180
f 911/622/180 910/623/180 786/659/180 785/622/180
f 910/623/180 909/512/180 787/514/180 786/659/180
f 749/503/179 930/660/179 788/679/179 720/503/179
f 930/660/179 929/593/179 789/680/179 788/679/179
f 929/593/179 928/663/179 790/681/179 789/680/179
f 928/663/179 927/682/179 791/596/179 790/681/179
f 927/682/179 926/599/179 792/683/179 791/596/179
f 926/599/179 925/601/179 793/601/179 792/683/179
f 925/601/179 924/603/179 794/603/179 793/601/179
f 924/603/179 923/665/179 795/605/179 794/603/179
f 923/665/179 922/606/179 796/684/179 795/605/179
f 922/606/179 921/608/179 797/685/179 796/684/179
f 921/608/179 920/511/179 798/505/179 797/685/179
f 720/503/176 788/679/176 832/660/176 728/503/176
f 788/679/176 789/680/176 833/661/176 832/660/176
f 789/680/176 790/681/176 834/662/176 833/661/176
f 790/681/176 791/596/176 835/664/176 834/662/176
f 791/596/176 792/683/176 836/598/176 835/664/176
f 792/683/176 793/601/176 837/601/176 836/598/176
f 793/601/176 794/603/176 838/602/176 837/601/176
f 794/603/176 795/605/176 839/665/176 838/602/176
f 795/605/176 796/684/176 840/606/176 839/665/176
f 796/684/176 797/685/176 841/607/176 840/606/176
f 797/685/176 798/505/176 842/507/176 841/607/176
f 1068/521/176 715/506/176 776/507/176 1088/669/176
f 1088/669/176 776/507/176 775/607/176 1089/670/176
f 1089/670/176 775/607/176 774/606/176 1090/686/176
f 1090/686/176 774/606/176 773/604/176 1091/687/176
f 1091/687/176 773/604/176 772/602/176 1092/688/176
f 1092/688/176 772/602/176 771/600/176 1093/689/176
f 1093/689/176 771/600/176 770/598/176 1094/690/176
f 1094/690/176 770/598/176 769/596/176 1095/676/176
f 1095/676/176 769/596/176 768/594/176 1096/691/176
f 1096/691/176 768/594/176 767/592/176 1097/678/176
f 1097/678/176 767/592/176 766/502/176 1098/501/176
f 887/512/180 744/513/180 932/692/180 931/693/180
f 744/513/180 753/513/180 933/694/180 932/692/180
f 753/513/180 909/512/180 934/695/180 933/694/180
f 909/512/180 887/512/180 931/693/180 934/695/180
f 745/510/180 897/610/180 936/586/180 935/587/180
f 897/610/180 919/610/180 937/586/180 936/586/180
f 919/610/180 750/510/180 938/587/180 937/586/180
f 750/510/180 745/510/180 935/587/180 938/587/180
f 897/610/180 896/612/180 940/696/180 939/697/180
f 896/612/180 918/612/180 941/698/180 940/696/180
f 918/612/180 919/610/180 942/697/180 941/698/180
f 919/610/180 897/610/180 939/697/180 942/697/180
f 896/612/180 895/613/180 944/580/180 943/583/180
f 895/613/180 917/613/180 945/581/180 944/580/180
f 917/613/180 918/612/180 946/583/180 945/581/180
f 918/612/180 896/612/180 943/583/180 946/583/180
f 895/613/180 894/615/180 948/699/180 947/700/180
f 894/615/180 916/614/180 949/701/180 948/699/180
f 916/614/180 917/613/180 950/700/180 949/701/180
f 917/613/180 895/613/180 947/700/180 950/700/180
f 894/615/180 893/617/180 952/702/180 951/703/180
f 893/617/180 915/617/180 953/702/180 952/702/180
f 915/617/180 916/614/180 954/704/180 953/702/180
f 916/614/180 894/615/180 951/703/180 954/704/180
f 893/617/180 892/618/180 956/588/180 955/705/180
f 892/618/180 914/618/180 957/588/180 956/588/180
f 914/618/180 915/617/180 958/589/180 957/588/180
f 915/617/180 893/617/180 955/705/180 958/589/180
f 892/618/180 891/619/180 960/706/180 959/707/180
f 891/619/180 913/619/180 961/708/180 960/706/180
f 913/619/180 914/618/180 962/707/180 961/708/180
f 914/618/180 892/618/180 959/707/180 962/707/180
f 891/619/180 890/621/180 964/582/180 963/585/180
f 890/621/180 912/621/180 965/582/180 964/582/180
f 912/621/180 913/619/180 966/584/180 965/582/180
f 913/619/180 891/619/180 963/585/180 966/584/180
f 890/621/180 889/622/180 968/709/180 967/710/180
f 889/622/180 911/622/180 969/711/180 968/709/180
f 911/622/180 912/621/180 970/710/180 969/711/180
f 912/621/180 890/621/180 967/710/180 970/710/180
f 889/622/180 888/623/180 972/534/180 971/533/180
f 888/623/180 910/623/180 973/712/180 972/534/180
f 910/623/180 911/622/180 974/713/180 973/712/180
f 911/622/180 889/622/180 971/533/180 974/713/180
f 888/623/180 887/512/180 976/714/180 975/591/180
f 887/512/180 909/512/180 977/590/180 976/714/180
f 909/512/180 910/623/180 978/591/180 977/590/180
f 910/623/180 888/623/180 975/591/180 978/591/180
f 988/697/180 987/696/180 990/698/180 989/697/180
f 996/700/180 995/699/180 998/701/180 997/700/180
f 1004/705/180 1003/588/180 1006/588/180 1005/589/180
f 1012/585/180 1011/582/180 1014/582/180 1013/584/180
f 1020/533/180 1019/534/180 1022/712/180 1021/713/180
f 951/703/181 952/702/181 999/702/181 1000/703/181
f 965/582/176 966/584/176 1013/584/176 1014/582/176
f 931/693/181 932/692/181 979/692/181 980/693/181
f 945/581/176 946/583/176 993/583/176 994/581/176
f 974/713/177 971/533/177 1020/533/177 1021/713/177
f 954/704/177 951/703/177 1000/703/177 1001/704/177
f 934/695/177 931/693/177 980/693/177 981/695/177
f 972/534/178 973/712/178 1022/712/178 1019/534/178
f 952/702/178 953/702/178 1002/702/178 999/702/178
f 932/692/178 933/694/178 982/694/178 979/692/178
f 959/707/181 960/706/181 1007/706/181 1008/707/181
f 973/712/176 974/713/176 1021/713/176 1022/712/176
f 939/697/181 940/696/181 987/696/181 988/697/181
f 953/702/176 954/704/176 1001/704/176 1002/702/176
f 933/694/176 934/695/176 981/695/176 982/694/176
f 962/707/177 959/707/177 1008/707/177 1009/707/177
f 942/697/177 939/697/177 988/697/177 989/697/177
f 960/706/178 961/708/178 1010/708/178 1007/706/178
f 940/696/178 941/698/178 990/698/178 987/696/178
f 967/710/181 968/709/181 1015/709/181 1016/710/181
f 947/700/181 948/699/181 995/699/181 996/700/181
f 961/708/176 962/707/176 1009/707/176 1010/708/176
f 941/698/176 942/697/176 989/697/176 990/698/176
f 970/710/177 967/710/177 1016/710/177 1017/710/177
f 950/700/177 947/700/177 996/700/177 997/700/177
f 968/709/178 969/711/178 1018/711/178 1015/709/178
f 948/699/178 949/701/178 998/701/178 995/699/178
f 975/591/181 976/714/181 1023/714/181 1024/591/181
f 955/705/181 956/588/181 1003/588/181 1004/705/181
f 969/711/176 970/710/176 1017/710/176 1018/711/176
f 935/587/181 936/586/181 983/586/181 984/587/181
f 949/701/176 950/700/176 997/700/176 998/701/176
f 978/591/177 975/591/177 1024/591/177 1025/591/177
f 958/589/177 955/705/177 1004/705/177 1005/589/177
f 938/587/177 935/587/177 984/587/177 985/587/177
f 976/714/178 977/590/178 1026/590/178 1023/714/178
f 808/668/181 809/514/181 1062/524/181 1061/655/181
f 807/622/181 808/668/181 1061/655/181 1060/641/181
f 806/658/181 807/622/181 1060/641/181 1059/653/181
f 805/657/181 806/658/181 1059/653/181 1058/651/181
f 804/618/181 805/657/181 1058/651/181 1057/650/181
f 803/616/181 804/618/181 1057/650/181 1056/648/181
f 802/615/181 803/616/181 1056/648/181 1055/646/181
f 801/613/181 802/615/181 1055/646/181 1054/629/181
f 800/656/181 801/613/181 1054/629/181 1053/645/181
f 799/516/181 800/656/181 1053/645/181 1052/644/181
f 722/510/181 799/516/181 1052/644/181 1029/509/181
f 764/623/176 1050/643/176 1051/524/176 765/514/176
f 763/622/176 1049/641/176 1050/643/176 764/623/176
f 762/620/176 1048/639/176 1049/641/176 763/622/176
f 761/619/176 1047/637/176 1048/639/176 762/620/176
f 760/618/176 1046/635/176 1047/637/176 761/619/176
f 759/616/176 1045/633/176 1046/635/176 760/618/176
f 758/614/176 1044/631/176 1045/633/176 759/616/176
f 757/613/176 1043/629/176 1044/631/176 758/614/176
f 756/611/176 1042/627/176 1043/629/176 757/613/176
f 755/609/176 1041/625/176 1042/627/176 756/611/176
f 713/510/176 1027/509/176 1041/625/176 755/609/176
f 733/523/178 1027/509/178 1038/509/178 747/523/178
f 714/513/177 1032/519/177 1037/519/177 744/513/177
f 765/514/176 1051/524/176 1032/519/176 714/513/176
f 753/513/177 1039/519/177 1033/519/177 719/513/177
f 809/514/181 723/513/181 1034/519/181 1062/524/181
f 727/513/177 1035/519/177 1036/519/177 731/513/177
f 722/510/181 1029/509/181 1031/509/181 730/510/181
f 719/513/176 1033/519/176 1035/519/176 727/513/176
f 738/522/181 1034/519/181 1036/519/181 742/522/181
f 739/523/178 1030/509/178 1031/509/178 741/523/178
f 735/523/176 1028/509/176 1030/509/176 739/523/176
f 751/523/178 1040/509/178 1028/509/178 735/523/178
f 885/642/176 1097/678/176 1098/501/176 886/526/176
f 884/640/176 1096/691/176 1097/678/176 885/642/176
f 883/638/176 1095/676/176 1096/691/176 884/640/176
f 882/636/176 1094/690/176 1095/676/176 883/638/176
f 881/634/176 1093/689/176 1094/690/176 882/636/176
f 880/632/176 1092/688/176 1093/689/176 881/634/176
f 879/630/176 1091/687/176 1092/688/176 880/632/176
f 878/628/176 1090/686/176 1091/687/176 879/630/176
f 877/626/176 1089/670/176 1090/686/176 878/628/176
f 876/624/176 1088/669/176 1089/670/176 877/626/176
f 733/523/176 1068/521/176 1088/669/176 876/624/176
f 866/642/181 865/525/181 1087/515/181 1086/678/181
f 867/654/181 866/642/181 1086/678/181 1085/677/181
f 868/638/181 867/654/181 1085/677/181 1084/676/181
f 869/652/181 868/638/181 1084/676/181 1083/675/181
f 870/634/181 869/652/181 1083/675/181 1082/674/181
f 871/649/181 870/634/181 1082/674/181 1081/673/181
f 872/647/181 871/649/181 1081/673/181 1080/672/181
f 873/628/181 872/647/181 1080/672/181 1079/671/181
f 874/626/181 873/628/181 1079/671/181 1078/670/181
f 875/624/181 874/626/181 1078/670/181 1077/669/181
f 737/523/181 875/624/181 1077/669/181 1070/520/181
f 1127/719/177 1128/720/177 1129/720/177 1130/721/177
f 734/522/177 1063/504/177 1074/504/177 748/522/177
f 715/506/178 1068/521/178 1073/521/178 746/506/178
f 754/506/178 1075/521/178 1069/520/178 717/506/178
f 717/506/176 1069/520/176 1071/521/176 725/506/176
f 725/506/178 1071/521/178 1072/521/178 729/506/178
f 724/503/181 1065/508/181 1067/504/181 732/503/181
f 736/522/176 1064/508/176 1066/504/176 740/522/176
f 737/523/181 1070/520/181 1072/521/181 741/523/181
f 740/522/177 1066/504/177 1067/504/177 742/522/177
f 865/525/181 738/522/181 1065/508/181 1087/515/181
f 752/522/177 1076/504/177 1064/508/177 736/522/177
f 886/526/176 1098/501/176 1063/504/176 734/522/176
f 1073/521/178 747/523/178 1100/532/178 1099/531/178
f 747/523/178 751/523/178 1101/532/178 1100/532/178
f 751/523/178 1075/521/178 1102/531/178 1101/532/178
f 1075/521/178 1073/521/178 1099/531/178 1102/531/178
f 1038/509/178 745/510/178 1104/539/178 1103/538/178
f 745/510/178 750/510/178 1105/539/178 1104/539/178
f 750/510/178 1040/509/178 1106/540/178 1105/539/178
f 1040/509/178 1038/509/178 1103/538/178 1106/540/178
f 747/523/178 1038/509/178 1108/716/178 1107/715/178
f 1038/509/178 1040/509/178 1109/716/178 1108/716/178
f 1040/509/178 751/523/178 1110/715/178 1109/716/178
f 751/523/178 747/523/178 1107/715/178 1110/715/178
f 746/506/178 1073/521/178 1112/723/178 1111/722/178
f 1073/521/178 1075/521/178 1113/723/178 1112/723/178
f 1075/521/178 754/506/178 1114/722/178 1113/723/178
f 754/506/178 746/506/178 1111/722/178 1114/722/178
f 1037/519/177 748/522/177 1116/528/177 1115/527/177
f 748/522/177 752/522/177 1117/529/177 1116/528/177
f 752/522/177 1039/519/177 1118/530/177 1117/529/177
f 1039/519/177 1037/519/177 1115/527/177 1118/530/177
f 1074/504/177 743/503/177 1120/542/177 1119/541/177
f 743/503/177 749/503/177 1121/542/177 1120/542/177
f 749/503/177 1076/504/177 1122/543/177 1121/542/177
f 1076/504/177 1074/504/177 1119/541/177 1122/543/177
f 744/513/177 1037/519/177 1124/718/177 1123/717/177
f 1037/519/177 1039/519/177 1125/718/177 1124/718/177
f 1039/519/177 753/513/177 1126/717/177 1125/718/177
f 753/513/177 744/513/177 1123/717/177 1126/717/177
f 748/522/177 1074/504/177 1128/720/177 1127/719/177
f 1074/504/177 1076/504/177 1129/720/177 1128/720/177
f 1076/504/177 752/522/177 1130/721/177 1129/720/177
f 752/522/177 748/522/177 1127/719/177 1130/721/177
f 898/511/179 746/506/179 1132/536/179 1131/535/179
f 746/506/179 754/506/179 1133/537/179 1132/536/179
f 754/506/179 920/511/179 1134/535/179 1133/537/179
f 920/511/179 898/511/179 1131/535/179 1134/535/179
f 743/503/179 908/502/179 1136/545/179 1135/544/179
f 908/502/179 930/660/179 1137/546/179 1136/545/179
f 930/660/179 749/503/179 1138/544/179 1137/546/179
f 749/503/179 743/503/179 1135/544/179 1138/544/179
f 908/502/179 907/593/179 1140/548/179 1139/547/179
f 907/593/179 929/593/179 1141/549/179 1140/548/179
f 929/593/179 930/660/179 1142/547/179 1141/549/179
f 930/660/179 908/502/179 1139/547/179 1142/547/179
f 907/593/179 906/595/179 1144/551/179 1143/550/179
f 906/595/179 928/663/179 1145/552/179 1144/551/179
f 928/663/179 929/593/179 1146/550/179 1145/552/179
f 929/593/179 907/593/179 1143/550/179 1146/550/179
f 906/595/179 905/597/179 1148/554/179 1147/553/179
f 905/597/179 927/682/179 1149/555/179 1148/554/179
f 927/682/179 928/663/179 1150/556/179 1149/555/179
f 928/663/179 906/595/179 1147/553/179 1150/556/179
f 905/597/179 904/599/179 1152/558/179 1151/557/179
f 904/599/179 926/599/179 1153/558/179 1152/558/179
f 926/599/179 927/682/179 1154/559/179 1153/558/179
f 927/682/179 905/597/179 1151/557/179 1154/559/179
f 904/599/179 903/601/179 1156/561/179 1155/560/179
f 903/601/179 925/601/179 1157/561/179 1156/561/179
f 925/601/179 926/599/179 1158/560/179 1157/561/179
f 926/599/179 904/599/179 1155/560/179 1158/560/179
f 903/601/179 902/603/179 1160/563/179 1159/562/179
f 902/603/179 924/603/179 1161/564/179 1160/563/179
f 924/603/179 925/601/179 1162/562/179 1161/564/179
f 925/601/179 903/601/179 1159/562/179 1162/562/179
f 902/603/179 901/605/179 1164/566/179 1163/565/179
f 901/605/179 923/665/179 1165/567/179 1164/566/179
f 923/665/179 924/603/179 1166/568/179 1165/567/179
f 924/603/179 902/603/179 1163/565/179 1166/568/179
f 901/605/179 900/606/179 1168/570/179 1167/569/179
f 900/606/179 922/606/179 1169/571/179 1168/570/179
f 922/606/179 923/665/179 1170/572/179 1169/571/179
f 923/665/179 901/605/179 1167/569/179 1170/572/179
f 900/606/179 899/608/179 1172/574/179 1171/573/179
f 899/608/179 921/608/179 1173/575/179 1172/574/179
f 921/608/179 922/606/179 1174/573/179 1173/575/179
f 922/606/179 900/606/179 1171/573/179 1174/573/179
f 899/608/179 898/511/179 1176/577/179 1175/576/179
f 898/511/179 920/511/179 1177/578/179 1176/577/179
f 920/511/179 921/608/179 1178/579/179 1177/578/179
f 921/608/179 899/608/179 1175/576/179 1178/579/179
f 1564/501/176 1232/502/176 1182/503/176 1529/504/176
f 1264/505/176 1183/506/176 1191/506/176 1308/507/176
f 1542/504/177 1215/503/177 1186/503/177 1530/508/177
f 1506/509/178 1216/510/178 1184/510/178 1494/509/178
f 1386/511/179 1220/506/179 1183/506/179 1264/505/179
f 1375/512/180 1219/513/180 1185/513/180 1253/514/180
f 1553/515/181 1531/508/181 1190/503/181 1276/502/181
f 1265/516/181 1188/510/181 1196/510/181 1309/516/181
f 1494/509/176 1184/510/176 1192/510/176 1496/509/176
f 1276/502/181 1190/503/181 1198/503/181 1320/517/181
f 1496/509/178 1192/510/178 1196/510/178 1497/509/178
f 1308/507/179 1191/506/179 1195/506/179 1330/507/179
f 1297/514/180 1193/513/180 1197/513/180 1319/518/180
f 1532/504/177 1194/503/177 1198/503/177 1533/504/177
f 1253/514/176 1185/513/176 1193/513/176 1297/514/176
f 1500/519/181 1189/513/181 1197/513/181 1502/519/181
f 1536/520/181 1187/506/181 1195/506/181 1538/521/181
f 1530/508/176 1186/503/176 1194/503/176 1532/504/176
f 1499/519/176 1202/522/176 1206/522/176 1501/519/176
f 1495/509/181 1203/523/181 1207/523/181 1497/509/181
f 1531/508/181 1204/522/181 1208/522/181 1533/504/181
f 1501/519/177 1206/522/177 1208/522/177 1502/519/177
f 1537/521/178 1205/523/178 1207/523/178 1538/521/178
f 1535/520/176 1201/523/176 1205/523/176 1537/521/176
f 1528/524/181 1500/519/181 1204/522/181 1331/525/181
f 1541/521/178 1217/523/178 1201/523/178 1535/520/178
f 1505/519/177 1218/522/177 1202/522/177 1499/519/177
f 1517/524/176 1352/526/176 1200/522/176 1498/519/176
f 1498/519/177 1200/522/177 1214/522/177 1503/519/177
f 1534/521/178 1199/523/178 1213/523/178 1539/521/178
f 1231/514/180 1180/513/180 1210/513/180 1353/512/180
f 1242/507/179 1181/506/179 1212/506/179 1364/511/179
f 1493/509/178 1179/510/178 1211/510/178 1504/509/178
f 1529/504/177 1182/503/177 1209/503/177 1540/504/177
f 1581/527/177 1582/528/177 1583/529/177 1584/530/177
f 1565/531/178 1566/532/178 1567/532/178 1568/531/178
f 1437/533/181 1438/534/181 1485/534/181 1486/533/181
f 1609/550/179 1610/551/179 1611/552/179 1612/550/179
f 1617/557/179 1618/558/179 1619/558/179 1620/559/179
f 1625/562/179 1626/563/179 1627/564/179 1628/562/179
f 1637/573/179 1638/574/179 1639/575/179 1640/573/179
f 1410/580/178 1411/581/178 1460/581/178 1457/580/178
f 1430/582/178 1431/582/178 1480/582/178 1477/582/178
f 1412/583/177 1409/583/177 1458/583/177 1459/583/177
f 1432/584/177 1429/585/177 1478/585/177 1479/584/177
f 1403/586/176 1404/587/176 1451/587/176 1452/586/176
f 1423/588/176 1424/589/176 1471/589/176 1472/588/176
f 1409/583/181 1410/580/181 1457/580/181 1458/583/181
f 1443/590/176 1444/591/176 1491/591/176 1492/590/176
f 1429/585/181 1430/582/181 1477/582/181 1478/585/181
f 1402/586/178 1403/586/178 1452/586/178 1449/586/178
f 1422/588/178 1423/588/178 1472/588/178 1469/588/178
f 1182/503/179 1232/502/179 1374/502/179 1209/503/179
f 1232/502/179 1233/592/179 1373/593/179 1374/502/179
f 1233/592/179 1234/594/179 1372/595/179 1373/593/179
f 1234/594/179 1235/596/179 1371/597/179 1372/595/179
f 1235/596/179 1236/598/179 1370/599/179 1371/597/179
f 1236/598/179 1237/600/179 1369/601/179 1370/599/179
f 1237/600/179 1238/602/179 1368/603/179 1369/601/179
f 1238/602/179 1239/604/179 1367/605/179 1368/603/179
f 1239/604/179 1240/606/179 1366/606/179 1367/605/179
f 1240/606/179 1241/607/179 1365/608/179 1366/606/179
f 1241/607/179 1242/507/179 1364/511/179 1365/608/179
f 1179/510/180 1221/609/180 1363/610/180 1211/510/180
f 1221/609/180 1222/611/180 1362/612/180 1363/610/180
f 1222/611/180 1223/613/180 1361/613/180 1362/612/180
f 1223/613/180 1224/614/180 1360/615/180 1361/613/180
f 1224/614/180 1225/616/180 1359/617/180 1360/615/180
f 1225/616/180 1226/618/180 1358/618/180 1359/617/180
f 1226/618/180 1227/619/180 1357/619/180 1358/618/180
f 1227/619/180 1228/620/180 1356/621/180 1357/619/180
f 1228/620/180 1229/622/180 1355/622/180 1356/621/180
f 1229/622/180 1230/623/180 1354/623/180 1355/622/180
f 1230/623/180 1231/514/180 1353/512/180 1354/623/180
f 1493/509/176 1199/523/176 1342/624/176 1507/625/176
f 1507/625/176 1342/624/176 1343/626/176 1508/627/176
f 1508/627/176 1343/626/176 1344/628/176 1509/629/176
f 1509/629/176 1344/628/176 1345/630/176 1510/631/176
f 1510/631/176 1345/630/176 1346/632/176 1511/633/176
f 1511/633/176 1346/632/176 1347/634/176 1512/635/176
f 1512/635/176 1347/634/176 1348/636/176 1513/637/176
f 1513/637/176 1348/636/176 1349/638/176 1514/639/176
f 1514/639/176 1349/638/176 1350/640/176 1515/641/176
f 1515/641/176 1350/640/176 1351/642/176 1516/643/176
f 1516/643/176 1351/642/176 1352/526/176 1517/524/176
f 1495/509/181 1518/644/181 1341/624/181 1203/523/181
f 1518/644/181 1519/645/181 1340/626/181 1341/624/181
f 1519/645/181 1520/629/181 1339/628/181 1340/626/181
f 1520/629/181 1521/646/181 1338/647/181 1339/628/181
f 1521/646/181 1522/648/181 1337/649/181 1338/647/181
f 1522/648/181 1523/650/181 1336/634/181 1337/649/181
f 1523/650/181 1524/651/181 1335/652/181 1336/634/181
f 1524/651/181 1525/653/181 1334/638/181 1335/652/181
f 1525/653/181 1526/641/181 1333/654/181 1334/638/181
f 1526/641/181 1527/655/181 1332/642/181 1333/654/181
f 1527/655/181 1528/524/181 1331/525/181 1332/642/181
f 1184/510/176 1243/516/176 1287/609/176 1192/510/176
f 1243/516/176 1244/656/176 1288/612/176 1287/609/176
f 1244/656/176 1245/613/176 1289/613/176 1288/612/176
f 1245/613/176 1246/615/176 1290/615/176 1289/613/176
f 1246/615/176 1247/616/176 1291/616/176 1290/615/176
f 1247/616/176 1248/618/176 1292/618/176 1291/616/176
f 1248/618/176 1249/619/176 1293/657/176 1292/618/176
f 1249/619/176 1250/658/176 1294/658/176 1293/657/176
f 1250/658/176 1251/622/176 1295/622/176 1294/658/176
f 1251/622/176 1252/659/176 1296/659/176 1295/622/176
f 1252/659/176 1253/514/176 1297/514/176 1296/659/176
f 1192/510/180 1287/609/180 1309/516/180 1196/510/180
f 1287/609/180 1288/612/180 1310/611/180 1309/516/180
f 1288/612/180 1289/613/180 1311/613/180 1310/611/180
f 1289/613/180 1290/615/180 1312/614/180 1311/613/180
f 1290/615/180 1291/616/180 1313/616/180 1312/614/180
f 1291/616/180 1292/618/180 1314/618/180 1313/616/180
f 1292/618/180 1293/657/180 1315/657/180 1314/618/180
f 1293/657/180 1294/658/180 1316/658/180 1315/657/180
f 1294/658/180 1295/622/180 1317/622/180 1316/658/180
f 1295/622/180 1296/659/180 1318/659/180 1317/622/180
f 1296/659/180 1297/514/180 1319/518/180 1318/659/180
f 1194/503/179 1298/660/179 1320/517/179 1198/503/179
f 1298/660/179 1299/661/179 1321/592/179 1320/517/179
f 1299/661/179 1300/662/179 1322/663/179 1321/592/179
f 1300/662/179 1301/664/179 1323/596/179 1322/663/179
f 1301/664/179 1302/598/179 1324/598/179 1323/596/179
f 1302/598/179 1303/601/179 1325/601/179 1324/598/179
f 1303/601/179 1304/602/179 1326/602/179 1325/601/179
f 1304/602/179 1305/665/179 1327/666/179 1326/602/179
f 1305/665/179 1306/606/179 1328/606/179 1327/666/179
f 1306/606/179 1307/607/179 1329/667/179 1328/606/179
f 1307/607/179 1308/507/179 1330/507/179 1329/667/179
f 1187/506/181 1286/507/181 1330/507/181 1195/506/181
f 1286/507/181 1285/607/181 1329/667/181 1330/507/181
f 1285/607/181 1284/606/181 1328/606/181 1329/667/181
f 1284/606/181 1283/665/181 1327/666/181 1328/606/181
f 1283/665/181 1282/602/181 1326/602/181 1327/666/181
f 1282/602/181 1281/601/181 1325/601/181 1326/602/181
f 1281/601/181 1280/599/181 1324/598/181 1325/601/181
f 1280/599/181 1279/596/181 1323/596/181 1324/598/181
f 1279/596/181 1278/663/181 1322/663/181 1323/596/181
f 1278/663/181 1277/592/181 1321/592/181 1322/663/181
f 1277/592/181 1276/502/181 1320/517/181 1321/592/181
f 1189/513/181 1275/514/181 1319/518/181 1197/513/181
f 1275/514/181 1274/668/181 1318/659/181 1319/518/181
f 1274/668/181 1273/622/181 1317/622/181 1318/659/181
f 1273/622/181 1272/658/181 1316/658/181 1317/622/181
f 1272/658/181 1271/657/181 1315/657/181 1316/658/181
f 1271/657/181 1270/618/181 1314/618/181 1315/657/181
f 1270/618/181 1269/616/181 1313/616/181 1314/618/181
f 1269/616/181 1268/615/181 1312/614/181 1313/616/181
f 1268/615/181 1267/613/181 1311/613/181 1312/614/181
f 1267/613/181 1266/656/181 1310/611/181 1311/613/181
f 1266/656/181 1265/516/181 1309/516/181 1310/611/181
f 1536/520/181 1543/669/181 1286/507/181 1187/506/181
f 1543/669/181 1544/670/181 1285/607/181 1286/507/181
f 1544/670/181 1545/671/181 1284/606/181 1285/607/181
f 1545/671/181 1546/672/181 1283/665/181 1284/606/181
f 1546/672/181 1547/673/181 1282/602/181 1283/665/181
f 1547/673/181 1548/674/181 1281/601/181 1282/602/181
f 1548/674/181 1549/675/181 1280/599/181 1281/601/181
f 1549/675/181 1550/676/181 1279/596/181 1280/599/181
f 1550/676/181 1551/677/181 1278/663/181 1279/596/181
f 1551/677/181 1552/678/181 1277/592/181 1278/663/181
f 1552/678/181 1553/515/181 1276/502/181 1277/592/181
f 1216/510/180 1385/610/180 1243/516/180 1184/510/180
f 1385/610/180 1384/612/180 1244/656/180 1243/516/180
f 1384/612/180 1383/613/180 1245/613/180 1244/656/180
f 1383/613/180 1382/614/180 1246/615/180 1245/613/180
f 1382/614/180 1381/617/180 1247/616/180 1246/615/180
f 1381/617/180 1380/618/180 1248/618/180 1247/616/180
f 1380/618/180 1379/619/180 1249/619/180 1248/618/180
f 1379/619/180 1378/621/180 1250/658/180 1249/619/180
f 1378/621/180 1377/622/180 1251/622/180 1250/658/180
f 1377/622/180 1376/623/180 1252/659/180 1251/622/180
f 1376/623/180 1375/512/180 1253/514/180 1252/659/180
f 1215/503/179 1396/660/179 1254/679/179 1186/503/179
f 1396/660/179 1395/593/179 1255/680/179 1254/679/179
f 1395/593/179 1394/663/179 1256/681/179 1255/680/179
f 1394/663/179 1393/682/179 1257/596/179 1256/681/179
f 1393/682/179 1392/599/179 1258/683/179 1257/596/179
f 1392/599/179 1391/601/179 1259/601/179 1258/683/179
f 1391/601/179 1390/603/179 1260/603/179 1259/601/179
f 1390/603/179 1389/665/179 1261/605/179 1260/603/179
f 1389/665/179 1388/606/179 1262/684/179 1261/605/179
f 1388/606/179 1387/608/179 1263/685/179 1262/684/179
f 1387/608/179 1386/511/179 1264/505/179 1263/685/179
f 1186/503/176 1254/679/176 1298/660/176 1194/503/176
f 1254/679/176 1255/680/176 1299/661/176 1298/660/176
f 1255/680/176 1256/681/176 1300/662/176 1299/661/176
f 1256/681/176 1257/596/176 1301/664/176 1300/662/176
f 1257/596/176 1258/683/176 1302/598/176 1301/664/176
f 1258/683/176 1259/601/176 1303/601/176 1302/598/176
f 1259/601/176 1260/603/176 1304/602/176 1303/601/176
f 1260/603/176 1261/605/176 1305/665/176 1304/602/176
f 1261/605/176 1262/684/176 1306/606/176 1305/665/176
f 1262/684/176 1263/685/176 1307/607/176 1306/606/176
f 1263/685/176 1264/505/176 1308/507/176 1307/607/176
f 1534/521/176 1181/506/176 1242/507/176 1554/669/176
f 1554/669/176 1242/507/176 1241/607/176 1555/670/176
f 1555/670/176 1241/607/176 1240/606/176 1556/686/176
f 1556/686/176 1240/606/176 1239/604/176 1557/687/176
f 1557/687/176 1239/604/176 1238/602/176 1558/688/176
f 1558/688/176 1238/602/176 1237/600/176 1559/689/176
f 1559/689/176 1237/600/176 1236/598/176 1560/690/176
f 1560/690/176 1236/598/176 1235/596/176 1561/676/176
f 1561/676/176 1235/596/176 1234/594/176 1562/691/176
f 1562/691/176 1234/594/176 1233/592/176 1563/678/176
f 1563/678/176 1233/592/176 1232/502/176 1564/501/176
f 1353/512/180 1210/513/180 1398/692/180 1397/693/180
f 1210/513/180 1219/513/180 1399/694/180 1398/692/180
f 1219/513/180 1375/512/180 1400/695/180 1399/694/180
f 1375/512/180 1353/512/180 1397/693/180 1400/695/180
f 1211/510/180 1363/610/180 1402/586/180 1401/587/180
f 1363/610/180 1385/610/180 1403/586/180 1402/586/180
f 1385/610/180 1216/510/180 1404/587/180 1403/586/180
f 1216/510/180 1211/510/180 1401/587/180 1404/587/180
f 1363/610/180 1362/612/180 1406/696/180 1405/697/180
f 1362/612/180 1384/612/180 1407/698/180 1406/696/180
f 1384/612/180 1385/610/180 1408/697/180 1407/698/180
f 1385/610/180 1363/610/180 1405/697/180 1408/697/180
f 1362/612/180 1361/613/180 1410/580/180 1409/583/180
f 1361/613/180 1383/613/180 1411/581/180 1410/580/180
f 1383/613/180 1384/612/180 1412/583/180 1411/581/180
f 1384/612/180 1362/612/180 1409/583/180 1412/583/180
f 1361/613/180 1360/615/180 1414/699/180 1413/700/180
f 1360/615/180 1382/614/180 1415/701/180 1414/699/180
f 1382/614/180 1383/613/180 1416/700/180 1415/701/180
f 1383/613/180 1361/613/180 1413/700/180 1416/700/180
f 1360/615/180 1359/617/180 1418/702/180 1417/703/180
f 1359/617/180 1381/617/180 1419/702/180 1418/702/180
f 1381/617/180 1382/614/180 1420/704/180 1419/702/180
f 1382/614/180 1360/615/180 1417/703/180 1420/704/180
f 1359/617/180 1358/618/180 1422/588/180 1421/705/180
f 1358/618/180 1380/618/180 1423/588/180 1422/588/180
f 1380/618/180 1381/617/180 1424/589/180 1423/588/180
f 1381/617/180 1359/617/180 1421/705/180 1424/589/180
f 1358/618/180 1357/619/180 1426/706/180 1425/707/180
f 1357/619/180 1379/619/180 1427/708/180 1426/706/180
f 1379/619/180 1380/618/180 1428/707/180 1427/708/180
f 1380/618/180 1358/618/180 1425/707/180 1428/707/180
f 1357/619/180 1356/621/180 1430/582/180 1429/585/180
f 1356/621/180 1378/621/180 1431/582/180 1430/582/180
f 1378/621/180 1379/619/180 1432/584/180 1431/582/180
f 1379/619/180 1357/619/180 1429/585/180 1432/584/180
f 1356/621/180 1355/622/180 1434/709/180 1433/710/180
f 1355/622/180 1377/622/180 1435/711/180 1434/709/180
f 1377/622/180 1378/621/180 1436/710/180 1435/711/180
f 1378/621/180 1356/621/180 1433/710/180 1436/710/180
f 1355/622/180 1354/623/180 1438/534/180 1437/533/180
f 1354/623/180 1376/623/180 1439/712/180 1438/534/180
f 1376/623/180 1377/622/180 1440/713/180 1439/712/180
f 1377/622/180 1355/622/180 1437/533/180 1440/713/180
f 1354/623/180 1353/512/180 1442/714/180 1441/591/180
f 1353/512/180 1375/512/180 1443/590/180 1442/714/180
f 1375/512/180 1376/623/180 1444/591/180 1443/590/180
f 1376/623/180 1354/623/180 1441/591/180 1444/591/180
f 1454/697/180 1453/696/180 1456/698/180 1455/697/180
f 1462/700/180 1461/699/180 1464/701/180 1463/700/180
f 1470/705/180 1469/588/180 1472/588/180 1471/589/180
f 1478/585/180 1477/582/180 1480/582/180 1479/584/180
f 1486/533/180 1485/534/180 1488/712/180 1487/713/180
f 1417/703/181 1418/702/181 1465/702/181 1466/703/181
f 1431/582/176 1432/584/176 1479/584/176 1480/582/176
f 1397/693/181 1398/692/181 1445/692/181 1446/693/181
f 1411/581/176 1412/583/176 1459/583/176 1460/581/176
f 1440/713/177 1437/533/177 1486/533/177 1487/713/177
f 1420/704/177 1417/703/177 1466/703/177 1467/704/177
f 1400/695/177 1397/693/177 1446/693/177 1447/695/177
f 1438/534/178 1439/712/178 1488/712/178 1485/534/178
f 1418/702/178 1419/702/178 1468/702/178 1465/702/178
f 1398/692/178 1399/694/178 1448/694/178 1445/692/178
f 1425/707/181 1426/706/181 1473/706/181 1474/707/181
f 1439/712/176 1440/713/176 1487/713/176 1488/712/176
f 1405/697/181 1406/696/181 1453/696/181 1454/697/181
f 1419/702/176 1420/704/176 1467/704/176 1468/702/176
f 1399/694/176 1400/695/176 1447/695/176 1448/694/176
f 1428/707/177 1425/707/177 1474/707/177 1475/707/177
f 1408/697/177 1405/697/177 1454/697/177 1455/697/177
f 1426/706/178 1427/708/178 1476/708/178 1473/706/178
f 1406/696/178 1407/698/178 1456/698/178 1453/696/178
f 1433/710/181 1434/709/181 1481/709/181 1482/710/181
f 1413/700/181 1414/699/181 1461/699/181 1462/700/181
f 1427/708/176 1428/707/176 1475/707/176 1476/708/176
f 1407/698/176 1408/697/176 1455/697/176 1456/698/176
f 1436/710/177 1433/710/177 1482/710/177 1483/710/177
f 1416/700/177 1413/700/177 1462/700/177 1463/700/177
f 1434/709/178 1435/711/178 1484/711/178 1481/709/178
f 1414/699/178 1415/701/178 1464/701/178 1461/699/178
f 1441/591/181 1442/714/181 1489/714/181 1490/591/181
f 1421/705/181 1422/588/181 1469/588/181 1470/705/181
f 1435/711/176 1436/710/176 1483/710/176 1484/711/176
f 1401/587/181 1402/586/181 1449/586/181 1450/587/181
f 1415/701/176 1416/700/176 1463/700/176 1464/701/176
f 1444/591/177 1441/591/177 1490/591/177 1491/591/177
f 1424/589/177 1421/705/177 1470/705/177 1471/589/177
f 1404/587/177 1401/587/177 1450/587/177 1451/587/177
f 1442/714/178 1443/590/178 1492/590/178 1489/714/178
f 1274/668/181 1275/514/181 1528/524/181 1527/655/181
f 1273/622/181 1274/668/181 1527/655/181 1526/641/181
f 1272/658/181 1273/622/181 1526/641/181 1525/653/181
f 1271/657/181 1272/658/181 1525/653/181 1524/651/181
f 1270/618/181 1271/657/181 1524/651/181 1523/650/181
f 1269/616/181 1270/618/181 1523/650/181 1522/648/181
f 1268/615/181 1269/616/181 1522/648/181 1521/646/181
f 1267/613/181 1268/615/181 1521/646/181 1520/629/181
f 1266/656/181 1267/613/181 1520/629/181 1519/645/181
f 1265/516/181 1266/656/181 1519/645/181 1518/644/181
f 1188/510/181 1265/516/181 1518/644/181 1495/509/181
f 1230/623/176 1516/643/176 1517/524/176 1231/514/176
f 1229/622/176 1515/641/176 1516/643/176 1230/623/176
f 1228/620/176 1514/639/176 1515/641/176 1229/622/176
f 1227/619/176 1513/637/176 1514/639/176 1228/620/176
f 1226/618/176 1512/635/176 1513/637/176 1227/619/176
f 1225/616/176 1511/633/176 1512/635/176 1226/618/176
f 1224/614/176 1510/631/176 1511/633/176 1225/616/176
f 1223/613/176 1509/629/176 1510/631/176 1224/614/176
f 1222/611/176 1508/627/176 1509/629/176 1223/613/176
f 1221/609/176 1507/625/176 1508/627/176 1222/611/176
f 1179/510/176 1493/509/176 1507/625/176 1221/609/176
f 1199/523/178 1493/509/178 1504/509/178 1213/523/178
f 1180/513/177 1498/519/177 1503/519/177 1210/513/177
f 1231/514/176 1517/524/176 1498/519/176 1180/513/176
f 1219/513/177 1505/519/177 1499/519/177 1185/513/177
f 1275/514/181 1189/513/181 1500/519/181 1528/524/181
f 1193/513/177 1501/519/177 1502/519/177 1197/513/177
f 1188/510/181 1495/509/181 1497/509/181 1196/510/181
f 1185/513/176 1499/519/176 1501/519/176 1193/513/176
f 1204/522/181 1500/519/181 1502/519/181 1208/522/181
f 1205/523/178 1496/509/178 1497/509/178 1207/523/178
f 1201/523/176 1494/509/176 1496/509/176 1205/523/176
f 1217/523/178 1506/509/178 1494/509/178 1201/523/178
f 1351/642/176 1563/678/176 1564/501/176 1352/526/176
f 1350/640/176 1562/691/176 1563/678/176 1351/642/176
f 1349/638/176 1561/676/176 1562/691/176 1350/640/176
f 1348/636/176 1560/690/176 1561/676/176 1349/638/176
f 1347/634/176 1559/689/176 1560/690/176 1348/636/176
f 1346/632/176 1558/688/176 1559/689/176 1347/634/176
f 1345/630/176 1557/687/176 1558/688/176 1346/632/176
f 1344/628/176 1556/686/176 1557/687/176 1345/630/176
f 1343/626/176 1555/670/176 1556/686/176 1344/628/176
f 1342/624/176 1554/669/176 1555/670/176 1343/626/176
f 1199/523/176 1534/521/176 1554/669/176 1342/624/176
f 1332/642/181 1331/525/181 1553/515/181 1552/678/181
f 1333/654/181 1332/642/181 1552/678/181 1551/677/181
f 1334/638/181 1333/654/181 1551/677/181 1550/676/181
f 1335/652/181 1334/638/181 1550/676/181 1549/675/181
f 1336/634/181 1335/652/181 1549/675/181 1548/674/181
f 1337/649/181 1336/634/181 1548/674/181 1547/673/181
f 1338/647/181 1337/649/181 1547/673/181 1546/672/181
f 1339/628/181 1338/647/181 1546/672/181 1545/671/181
f 1340/626/181 1339/628/181 1545/671/181 1544/670/181
f 1341/624/181 1340/626/181 1544/670/181 1543/669/181
f 1203/523/181 1341/624/181 1543/669/181 1536/520/181
f 1593/719/177 1594/720/177 1595/720/177 1596/721/177
f 1200/522/177 1529/504/177 1540/504/177 1214/522/177
f 1181/506/178 1534/521/178 1539/521/178 1212/506/178
f 1220/506/178 1541/521/178 1535/520/178 1183/506/178
f 1183/506/176 1535/520/176 1537/521/176 1191/506/176
f 1191/506/178 1537/521/178 1538/521/178 1195/506/178
f 1190/503/181 1531/508/181 1533/504/181 1198/503/181
f 1202/522/176 1530/508/176 1532/504/176 1206/522/176
f 1203/523/181 1536/520/181 1538/521/181 1207/523/181
f 1206/522/177 1532/504/177 1533/504/177 1208/522/177
f 1331/525/181 1204/522/181 1531/508/181 1553/515/181
f 1218/522/177 1542/504/177 1530/508/177 1202/522/177
f 1352/526/176 1564/501/176 1529/504/176 1200/522/176
f 1539/521/178 1213/523/178 1566/532/178 1565/531/178
f 1213/523/178 1217/523/178 1567/532/178 1566/532/178
f 1217/523/178 1541/521/178 1568/531/178 1567/532/178
f 1541/521/178 1539/521/178 1565/531/178 1568/531/178
f 1504/509/178 1211/510/178 1570/539/178 1569/538/178
f 1211/510/178 1216/510/178 1571/539/178 1570/539/178
f 1216/510/178 1506/509/178 1572/540/178 1571/539/178
f 1506/509/178 1504/509/178 1569/538/178 1572/540/178
f 1213/523/178 1504/509/178 1574/716/178 1573/715/178
f 1504/509/178 1506/509/178 1575/716/178 1574/716/178
f 1506/509/178 1217/523/178 1576/715/178 1575/716/178
f 1217/523/178 1213/523/178 1573/715/178 1576/715/178
f 1212/506/178 1539/521/178 1578/723/178 1577/722/178
f 1539/521/178 1541/521/178 1579/723/178 1578/723/178
f 1541/521/178 1220/506/178 1580/722/178 1579/723/178
f 1220/506/178 1212/506/178 1577/722/178 1580/722/178
f 1503/519/177 1214/522/177 1582/528/177 1581/527/177
f 1214/522/177 1218/522/177 1583/529/177 1582/528/177
f 1218/522/177 1505/519/177 1584/530/177 1583/529/177
f 1505/519/177 1503/519/177 1581/527/177 1584/530/177
f 1540/504/177 1209/503/177 1586/542/177 1585/541/177
f 1209/503/177 1215/503/177 1587/542/177 1586/542/177
f 1215/503/177 1542/504/177 1588/543/177 1587/542/177
f 1542/504/177 1540/504/177 1585/541/177 1588/543/177
f 1210/513/177 1503/519/177 1590/718/177 1589/717/177
f 1503/519/177 1505/519/177 1591/718/177 1590/718/177
f 1505/519/177 1219/513/177 1592/717/177 1591/718/177
f 1219/513/177 1210/513/177 1589/717/177 1592/717/177
f 1214/522/177 1540/504/177 1594/720/177 1593/719/177
f 1540/504/177 1542/504/177 1595/720/177 1594/720/177
f 1542/504/177 1218/522/177 1596/721/177 1595/720/177
f 1218/522/177 1214/522/177 1593/719/177 1596/721/177
f 1364/511/179 1212/506/179 1598/536/179 1597/535/179
f 1212/506/179 1220/506/179 1599/537/179 1598/536/179
f 1220/506/179 1386/511/179 1600/535/179 1599/537/179
f 1386/511/179 1364/511/179 1597/535/179 1600/535/179
f 1209/503/179 1374/502/179 1602/545/179 1601/544/179
f 1374/502/179 1396/660/179 1603/546/179 1602/545/179
f 1396/660/179 1215/503/179 1604/544/179 1603/546/179
f 1215/503/179 1209/503/179 1601/544/179 1604/544/179
f 1374/502/179 1373/593/179 1606/548/179 1605/547/179
f 1373/593/179 1395/593/179 1607/549/179 1606/548/179
f 1395/593/179 1396/660/179 1608/547/179 1607/549/179
f 1396/660/179 1374/502/179 1605/547/179 1608/547/179
f 1373/593/179 1372/595/179 1610/551/179 1609/550/179
f 1372/595/179 1394/663/179 1611/552/179 1610/551/179
f 1394/663/179 1395/593/179 1612/550/179 1611/552/179
f 1395/593/179 1373/593/179 1609/550/179 1612/550/179
f 1372/595/179 1371/597/179 1614/554/179 1613/553/179
f 1371/597/179 1393/682/179 1615/555/179 1614/554/179
f 1393/682/179 1394/663/179 1616/556/179 1615/555/179
f 1394/663/179 1372/595/179 1613/553/179 1616/556/179
f 1371/597/179 1370/599/179 1618/558/179 1617/557/179
f 1370/599/179 1392/599/179 1619/558/179 1618/558/179
f 1392/599/179 1393/682/179 1620/559/179 1619/558/179
f 1393/682/179 1371/597/179 1617/557/179 1620/559/179
f 1370/599/179 1369/601/179 1622/561/179 1621/560/179
f 1369/601/179 1391/601/179 1623/561/179 1622/561/179
f 1391/601/179 1392/599/179 1624/560/179 1623/561/179
f 1392/599/179 1370/599/179 1621/560/179 1624/560/179
f 1369/601/179 1368/603/179 1626/563/179 1625/562/179
f 1368/603/179 1390/603/179 1627/564/179 1626/563/179
f 1390/603/179 1391/601/179 1628/562/179 1627/564/179
f 1391/601/179 1369/601/179 1625/562/179 1628/562/179
f 1368/603/179 1367/605/179 1630/566/179 1629/565/179
f 1367/605/179 1389/665/179 1631/567/179 1630/566/179
f 1389/665/179 1390/603/179 1632/568/179 1631/567/179
f 1390/603/179 1368/603/179 1629/565/179 1632/568/179
f 1367/605/179 1366/606/179 1634/570/179 1633/569/179
f 1366/606/179 1388/606/179 1635/571/179 1634/570/179
f 1388/606/179 1389/665/179 1636/572/179 1635/571/179
f 1389/665/179 1367/605/179 1633/569/179 1636/572/179
f 1366/606/179 1365/608/179 1638/574/179 1637/573/179
f 1365/608/179 1387/608/179 1639/575/179 1638/574/179
f 1387/608/179 1388/606/179 1640/573/179 1639/575/179
f 1388/606/179 1366/606/179 1637/573/179 1640/573/179
f 1365/608/179 1364/511/179 1642/577/179 1641/576/179
f 1364/511/179 1386/511/179 1643/578/179 1642/577/179
f 1386/511/179 1387/608/179 1644/579/179 1643/578/179
f 1387/608/179 1365/608/179 1641/576/179 1644/579/179
usemtl A25_main_windows
f 1131/535/179 1132/536/179 1133/537/179 1134/535/179
f 1103/538/178 1104/539/178 1105/539/178 1106/540/178
f 1119/541/177 1120/542/177 1121/542/177 1122/543/177
f 1135/544/179 1136/545/179 1137/546/179 1138/544/179
f 1139/547/179 1140/548/179 1141/549/179 1142/547/179
f 1147/553/179 1148/554/179 1149/555/179 1150/556/179
f 1155/560/179 1156/561/179 1157/561/179 1158/560/179
f 1163/565/179 1164/566/179 1165/567/179 1166/568/179
f 1167/569/179 1168/570/179 1169/571/179 1170/572/179
f 1175/576/179 1176/577/179 1177/578/179 1178/579/179
f 980/693/180 979/692/180 982/694/180 981/695/180
f 984/587/180 983/586/180 986/586/180 985/587/180
f 992/583/180 991/580/180 994/581/180 993/583/180
f 1000/703/180 999/702/180 1002/702/180 1001/704/180
f 1008/707/180 1007/706/180 1010/708/180 1009/707/180
f 1016/710/180 1015/709/180 1018/711/180 1017/710/180
f 1024/591/180 1023/714/180 1026/590/180 1025/591/180
f 1107/715/178 1108/716/178 1109/716/178 1110/715/178
f 1123/717/177 1124/718/177 1125/718/177 1126/717/177
f 1111/722/178 1112/723/178 1113/723/178 1114/722/178
f 1597/535/179 1598/536/179 1599/537/179 1600/535/179
f 1569/538/178 1570/539/178 1571/539/178 1572/540/178
f 1585/541/177 1586/542/177 1587/542/177 1588/543/177
f 1601/544/179 1602/545/179 1603/546/179 1604/544/179
f 1605/547/179 1606/548/179 1607/549/179 1608/547/179
f 1613/553/179 1614/554/179 1615/555/179 1616/556/179
f 1621/560/179 1622/561/179 1623/561/179 1624/560/179
f 1629/565/179 1630/566/179 1631/567/179 1632/568/179
f 1633/569/179 1634/570/179 1635/571/179 1636/572/179
f 1641/576/179 1642/577/179 1643/578/179 1644/579/179
f 1446/693/180 1445/692/180 1448/694/180 1447/695/180
f 1450/587/180 1449/586/180 1452/586/180 1451/587/180
f 1458/583/180 1457/580/180 1460/581/180 1459/583/180
f 1466/703/180 1465/702/180 1468/702/180 1467/704/180
f 1474/707/180 1473/706/180 1476/708/180 1475/707/180
f 1482/710/180 1481/709/180 1484/711/180 1483/710/180
f 1490/591/180 1489/714/180 1492/590/180 1491/591/180
f 1573/715/178 1574/716/178 1575/716/178 1576/715/178
f 1589/717/177 1590/718/177 1591/718/177 1592/717/177
f 1577/722/178 1578/723/178 1579/723/178 1580/722/178
o Plane.057
v -74.994812 0.173601 -29.030920
v -47.050240 0.173601 -29.030920
v -74.994812 0.173601 -31.966280
v -47.050240 0.173601 -31.966280
v -74.994812 1.148571 -31.966280
v -74.994812 1.148571 -29.030920
v -47.050240 1.148571 -29.030920
v -47.050240 1.148571 -31.966280
v -74.994812 1.314713 -31.966280
v -74.994812 1.314713 -29.030920
v -47.050240 1.314713 -29.030920
v -47.050240 1.314713 -31.966280
v -75.429482 1.148571 -32.147095
v -75.429482 1.148571 -28.850105
v -46.615570 1.148571 -28.850105
v -46.615570 1.148571 -32.147095
v -75.429482 1.314713 -32.147095
v -75.429482 1.314713 -28.850105
v -46.615570 1.314713 -28.850105
v -46.615570 1.314713 -32.147095
v -72.666100 0.173601 -29.030920
v -70.337387 0.173601 -29.030920
v -68.008667 0.173601 -29.030920
v -65.679955 0.173601 -29.030920
v -63.351238 0.173601 -29.030920
v -61.022526 0.173601 -29.030920
v -58.693810 0.173601 -29.030920
v -56.365097 0.173601 -29.030920
v -54.036381 0.173601 -29.030920
v -51.707668 0.173601 -29.030920
v -49.378952 0.173601 -29.030920
v -49.378952 0.173601 -31.966280
v -51.707668 0.173601 -31.966280
v -54.036385 0.173601 -31.966280
v -56.365097 0.173601 -31.966280
v -58.693813 0.173601 -31.966280
v -61.022526 0.173601 -31.966280
v -63.351242 0.173601 -31.966280
v -65.679955 0.173601 -31.966280
v -68.008667 0.173601 -31.966280
v -70.337387 0.173601 -31.966280
v -72.666100 0.173601 -31.966280
v -72.666100 1.148571 -29.030920
v -70.337387 1.148571 -29.030920
v -68.008667 1.148571 -29.030920
v -65.679955 1.148571 -29.030920
v -63.351238 1.148571 -29.030920
v -61.022526 1.148571 -29.030920
v -58.693810 1.148571 -29.030920
v -56.365097 1.148571 -29.030920
v -54.036381 1.148571 -29.030920
v -51.707668 1.148571 -29.030920
v -49.378952 1.148571 -29.030920
v -49.378952 1.148571 -31.966280
v -51.707668 1.148571 -31.966280
v -54.036385 1.148571 -31.966280
v -56.365097 1.148571 -31.966280
v -58.693813 1.148571 -31.966280
v -61.022526 1.148571 -31.966280
v -63.351242 1.148571 -31.966280
v -65.679955 1.148571 -31.966280
v -68.008667 1.148571 -31.966280
v -70.337387 1.148571 -31.966280
v -72.666100 1.148571 -31.966280
v -72.666100 1.314713 -29.030920
v -70.337387 1.314713 -29.030920
v -68.008667 1.314713 -29.030920
v -65.679955 1.314713 -29.030920
v -63.351238 1.314713 -29.030920
v -61.022526 1.314713 -29.030920
v -58.693810 1.314713 -29.030920
v -56.365097 1.314713 -29.030920
v -54.036381 1.314713 -29.030920
v -51.707668 1.314713 -29.030920
v -49.378952 1.314713 -29.030920
v -49.378952 1.314713 -31.966280
v -51.707668 1.314713 -31.966280
v -54.036385 1.314713 -31.966280
v -56.365097 1.314713 -31.966280
v -58.693813 1.314713 -31.966280
v -61.022526 1.314713 -31.966280
v -63.351242 1.314713 -31.966280
v -65.679955 1.314713 -31.966280
v -68.008667 1.314713 -31.966280
v -70.337387 1.314713 -31.966280
v -72.666100 1.314713 -31.966280
v -73.028320 1.148571 -28.850105
v -70.627159 1.148571 -28.850105
v -68.226006 1.148571 -28.850105
v -65.824844 1.148571 -28.850105
v -63.423687 1.148571 -28.850105
v -61.022526 1.148571 -28.850105
v -58.621368 1.148571 -28.850105
v -56.220207 1.148571 -28.850105
v -53.819050 1.148571 -28.850105
v -51.417892 1.148571 -28.850105
v -49.016731 1.148571 -28.850105
v -49.016731 1.148571 -32.147095
v -51.417889 1.148571 -32.147095
v -53.819050 1.148571 -32.147095
v -56.220207 1.148571 -32.147095
v -58.621365 1.148571 -32.147095
v -61.022526 1.148571 -32.147095
v -63.423683 1.148571 -32.147095
v -65.824844 1.148571 -32.147095
v -68.226006 1.148571 -32.147095
v -70.627159 1.148571 -32.147095
v -73.028320 1.148571 -32.147095
v -73.028320 1.314713 -28.850105
v -70.627159 1.314713 -28.850105
v -68.226006 1.314713 -28.850105
v -65.824844 1.314713 -28.850105
v -63.423687 1.314713 -28.850105
v -61.022526 1.314713 -28.850105
v -58.621368 1.314713 -28.850105
v -56.220207 1.314713 -28.850105
v -53.819050 1.314713 -28.850105
v -51.417892 1.314713 -28.850105
v -49.016731 1.314713 -28.850105
v -49.016731 1.314713 -32.147095
v -51.417889 1.314713 -32.147095
v -53.819050 1.314713 -32.147095
v -56.220207 1.314713 -32.147095
v -58.621365 1.314713 -32.147095
v -61.022526 1.314713 -32.147095
v -63.423683 1.314713 -32.147095
v -65.824844 1.314713 -32.147095
v -68.226006 1.314713 -32.147095
v -70.627159 1.314713 -32.147095
v -73.028320 1.314713 -32.147095
v -47.050240 0.308109 -29.030920
v -74.994812 0.308109 -29.030920
v -47.050240 0.308109 -31.966280
v -74.994812 0.308109 -31.966280
v -49.378952 0.308109 -31.966280
v -51.707668 0.308109 -31.966280
v -54.036385 0.308109 -31.966280
v -56.365097 0.308109 -31.966280
v -58.693813 0.308109 -31.966280
v -61.022526 0.308109 -31.966280
v -63.351242 0.308109 -31.966280
v -65.679955 0.308109 -31.966280
v -68.008667 0.308109 -31.966280
v -70.337387 0.308109 -31.966280
v -72.666100 0.308109 -31.966280
v -72.666100 0.308109 -29.030920
v -70.337387 0.308109 -29.030920
v -68.008667 0.308109 -29.030920
v -65.679955 0.308109 -29.030920
v -63.351238 0.308109 -29.030920
v -58.693810 0.308109 -29.030920
v -56.365097 0.308109 -29.030920
v -54.036381 0.308109 -29.030920
v -51.707668 0.308109 -29.030920
v -49.378952 0.308109 -29.030920
v -47.050240 1.037642 -29.030920
v -47.050240 1.037642 -31.966280
v -49.378952 1.037642 -31.966280
v -51.707668 1.037642 -31.966280
v -54.036385 1.037642 -31.966280
v -56.365097 1.037642 -31.966280
v -58.693813 1.037642 -31.966280
v -61.022526 1.037642 -31.966280
v -63.351242 1.037642 -31.966280
v -65.679955 1.037642 -31.966280
v -68.008667 1.037642 -31.966280
v -70.337387 1.037642 -31.966280
v -72.666100 1.037642 -31.966280
v -72.666100 1.037642 -29.030920
v -70.337387 1.037642 -29.030920
v -68.008667 1.037642 -29.030920
v -65.679955 1.037642 -29.030920
v -63.351238 1.037642 -29.030920
v -61.022526 1.037642 -29.030920
v -58.693810 1.037642 -29.030920
v -56.365097 1.037642 -29.030920
v -54.036381 1.037642 -29.030920
v -51.707668 1.037642 -29.030920
v -49.378952 1.037642 -29.030920
v -74.994812 1.037642 -29.030920
v -74.994812 1.037642 -31.966280
v -74.994812 0.173601 -31.232441
v -74.994812 0.173601 -30.498600
v -74.994812 0.173601 -29.764759
v -47.050240 0.173601 -29.764759
v -47.050240 0.173601 -30.498600
v -47.050240 0.173601 -31.232441
v -74.994812 1.148571 -31.232441
v -74.994812 1.148571 -30.498600
v -74.994812 1.148571 -29.764759
v -47.050240 1.148571 -29.764759
v -47.050240 1.148571 -30.498600
v -47.050240 1.148571 -31.232441
v -74.994812 1.314713 -31.232441
v -74.994812 1.314713 -30.498600
v -74.994812 1.314713 -29.764759
v -47.050240 1.314713 -29.764759
v -47.050240 1.314713 -30.498600
v -47.050240 1.314713 -31.232441
v -75.429482 1.148571 -31.322847
v -75.429482 1.148571 -30.498600
v -75.429482 1.148571 -29.674353
v -46.615570 1.148571 -29.674353
v -46.615570 1.148571 -30.498600
v -46.615570 1.148571 -31.322847
v -75.429482 1.314713 -31.322847
v -75.429482 1.314713 -30.498600
v -75.429482 1.314713 -29.674353
v -46.615570 1.314713 -29.674353
v -46.615570 1.314713 -30.498600
v -46.615570 1.314713 -31.322847
v -72.666100 1.314713 -29.764759
v -72.666100 1.314713 -30.498600
v -72.666100 1.314713 -31.232441
v -70.337387 1.314713 -29.764759
v -70.337387 1.314713 -30.498600
v -70.337387 1.314713 -31.232441
v -68.008667 1.314713 -29.764759
v -68.008667 1.314713 -30.498600
v -68.008667 1.314713 -31.232441
v -65.679955 1.314713 -29.764759
v -65.679955 1.314713 -30.498600
v -65.679955 1.314713 -31.232441
v -63.351238 1.314713 -29.764759
v -63.351242 1.314713 -30.498600
v -63.351242 1.314713 -31.232441
v -61.022526 1.314713 -29.764759
v -61.022526 1.314713 -30.498600
v -61.022526 1.314713 -31.232441
v -58.693810 1.314713 -29.764759
v -58.693810 1.314713 -30.498600
v -58.693813 1.314713 -31.232441
v -56.365097 1.314713 -29.764759
v -56.365097 1.314713 -30.498600
v -56.365097 1.314713 -31.232441
v -54.036381 1.314713 -29.764759
v -54.036385 1.314713 -30.498600
v -54.036385 1.314713 -31.232441
v -51.707668 1.314713 -29.764759
v -51.707668 1.314713 -30.498600
v -51.707668 1.314713 -31.232441
v -49.378952 1.314713 -29.764759
v -49.378952 1.314713 -30.498600
v -49.378952 1.314713 -31.232441
v -72.666100 0.173601 -31.232441
v -72.666100 0.173601 -30.498600
v -72.666100 0.173601 -29.764759
v -70.337387 0.173601 -31.232441
v -70.337387 0.173601 -30.498600
v -70.337387 0.173601 -29.764759
v -68.008667 0.173601 -31.232441
v -68.008667 0.173601 -30.498600
v -68.008667 0.173601 -29.764759
v -65.679955 0.173601 -31.232441
v -65.679955 0.173601 -30.498600
v -65.679955 0.173601 -29.764759
v -63.351242 0.173601 -31.232441
v -63.351242 0.173601 -30.498600
v -63.351238 0.173601 -29.764759
v -61.022526 0.173601 -31.232441
v -61.022526 0.173601 -30.498600
v -61.022526 0.173601 -29.764759
v -58.693813 0.173601 -31.232441
v -58.693810 0.173601 -30.498600
v -58.693810 0.173601 -29.764759
v -56.365097 0.173601 -31.232441
v -56.365097 0.173601 -30.498600
v -56.365097 0.173601 -29.764759
v -54.036385 0.173601 -31.232441
v -54.036385 0.173601 -30.498600
v -54.036381 0.173601 -29.764759
v -51.707668 0.173601 -31.232441
v -51.707668 0.173601 -30.498600
v -51.707668 0.173601 -29.764759
v -49.378952 0.173601 -31.232441
v -49.378952 0.173601 -30.498600
v -49.378952 0.173601 -29.764759
v -74.994812 0.308109 -29.764759
v -74.994812 0.308109 -30.498600
v -74.994812 0.308109 -31.232441
v -47.050240 0.308109 -31.232441
v -47.050240 0.308109 -30.498600
v -47.050240 0.308109 -29.764759
v -74.994812 1.037642 -29.764759
v -74.994812 1.037642 -30.498600
v -74.994812 1.037642 -31.232441
v -47.050240 1.037642 -31.232441
v -47.050240 1.037642 -30.498600
v -47.050240 1.037642 -29.764759
v -74.994812 0.401387 -29.674278
v -74.994812 0.401387 -29.121403
v -74.994812 0.944364 -29.121403
v -74.994812 0.944364 -29.674278
v -74.994812 0.401387 -31.875797
v -74.994812 0.401387 -31.322922
v -74.994812 0.944364 -31.322922
v -74.994812 0.944364 -31.875797
v -74.994812 0.401387 -31.141958
v -74.994812 0.401387 -30.589083
v -74.994812 0.944364 -30.589083
v -74.994812 0.944364 -31.141958
v -74.994812 0.401387 -30.408117
v -74.994812 0.401387 -29.855242
v -74.994812 0.944364 -29.855242
v -74.994812 0.944364 -30.408117
v -47.050240 0.430982 -31.351631
v -47.050240 0.430982 -31.847090
v -47.050240 0.914769 -31.847090
v -47.050240 0.914769 -31.351631
v -47.050240 0.430982 -29.150110
v -47.050240 0.430982 -29.645569
v -47.050240 0.914769 -29.645569
v -47.050240 0.914769 -29.150110
v -47.050240 0.430982 -29.883949
v -47.050240 0.430982 -30.379410
v -47.050240 0.914769 -30.379410
v -47.050240 0.914769 -29.883949
v -47.050240 0.430982 -30.617790
v -47.050240 0.430982 -31.113251
v -47.050240 0.914769 -31.113251
v -47.050240 0.914769 -30.617790
v -70.644447 0.439790 -31.966280
v -72.359032 0.439790 -31.966280
v -72.359032 0.905961 -31.966280
v -70.644447 0.905961 -31.966280
v -68.315735 0.439790 -31.966280
v -70.030319 0.439790 -31.966280
v -70.030319 0.905961 -31.966280
v -68.315735 0.905961 -31.966280
v -65.987022 0.439790 -31.966280
v -67.701607 0.439790 -31.966280
v -67.701607 0.905961 -31.966280
v -65.987022 0.905961 -31.966280
v -63.658306 0.439790 -31.966280
v -65.372894 0.439790 -31.966280
v -65.372894 0.905961 -31.966280
v -63.658306 0.905961 -31.966280
v -61.329590 0.439790 -31.966280
v -63.044178 0.439790 -31.966280
v -63.044178 0.905961 -31.966280
v -61.329590 0.905961 -31.966280
v -59.000877 0.439790 -31.966280
v -60.715462 0.439790 -31.966280
v -60.715462 0.905961 -31.966280
v -59.000877 0.905961 -31.966280
v -56.672161 0.439790 -31.966280
v -58.386749 0.439790 -31.966280
v -58.386749 0.905961 -31.966280
v -56.672161 0.905961 -31.966280
v -54.343449 0.439790 -31.966280
v -56.058033 0.439790 -31.966280
v -56.058033 0.905961 -31.966280
v -54.343449 0.905961 -31.966280
v -52.014732 0.439790 -31.966280
v -53.729321 0.439790 -31.966280
v -53.729321 0.905961 -31.966280
v -52.014732 0.905961 -31.966280
v -49.686020 0.439790 -31.966280
v -51.400604 0.439790 -31.966280
v -51.400604 0.905961 -31.966280
v -49.686020 0.905961 -31.966280
v -47.357304 0.439790 -31.966280
v -49.071892 0.439790 -31.966280
v -49.071892 0.905961 -31.966280
v -47.357304 0.905961 -31.966280
v -72.973160 0.439790 -31.966280
v -74.687752 0.439790 -31.966280
v -74.687752 0.905961 -31.966280
v -72.973160 0.905961 -31.966280
v -63.351238 0.173601 -29.137156
v -61.022526 0.173601 -29.137156
v -58.693810 0.173601 -29.137156
v -63.351238 0.308109 -29.137156
v -61.022526 0.308109 -29.137156
v -58.693810 0.308109 -29.137156
v -63.351238 1.037642 -29.137156
v -61.022526 1.037642 -29.137156
v -58.693810 1.037642 -29.137156
v -51.461273 0.413772 -29.030920
v -49.625347 0.413772 -29.030920
v -49.625347 0.931979 -29.030920
v -51.461273 0.931979 -29.030920
v -53.789989 0.413772 -29.030920
v -51.954060 0.413772 -29.030920
v -51.954060 0.931979 -29.030920
v -53.789989 0.931979 -29.030920
v -56.118702 0.413772 -29.030920
v -54.282776 0.413772 -29.030920
v -54.282776 0.931979 -29.030920
v -56.118702 0.931979 -29.030920
v -58.447418 0.413772 -29.030920
v -56.611488 0.413772 -29.030920
v -56.611488 0.931979 -29.030920
v -58.447418 0.931979 -29.030920
v -65.433563 0.413772 -29.030920
v -63.597633 0.413772 -29.030920
v -63.597633 0.931979 -29.030920
v -65.433563 0.931979 -29.030920
v -67.762276 0.413772 -29.030920
v -65.926346 0.413772 -29.030920
v -65.926346 0.931979 -29.030920
v -67.762276 0.931979 -29.030920
v -70.090988 0.413772 -29.030920
v -68.255058 0.413772 -29.030920
v -68.255058 0.931979 -29.030920
v -70.090988 0.931979 -29.030920
v -72.419708 0.413772 -29.030920
v -70.583778 0.413772 -29.030920
v -70.583778 0.931979 -29.030920
v -72.419708 0.931979 -29.030920
v -74.748421 0.413772 -29.030920
v -72.912491 0.413772 -29.030920
v -72.912491 0.931979 -29.030920
v -74.748421 0.931979 -29.030920
v -49.132561 0.413772 -29.030920
v -47.296631 0.413772 -29.030920
v -47.296631 0.931979 -29.030920
v -49.132561 0.931979 -29.030920
vn -0.0000 -1.0000 -0.0000
vn -0.0000 1.0000 -0.0000
vn -0.0000 -0.0000 1.0000
vn 1.0000 -0.0000 -0.0000
vn -1.0000 -0.0000 -0.0000
vn -0.0000 -0.0000 -1.0000
vt 0.916667 0.750000
vt 0.916667 1.000000
vt 1.000000 1.000000
vt 1.000000 0.750000
vt 0.083333 0.000000
vt 0.000000 0.000000
vt 0.083333 0.000000
vt 0.916667 0.000000
vt 1.000000 0.000000
vt 0.000000 0.250000
vt 0.000000 0.250000
vt 0.083333 1.000000
vt 0.000000 1.000000
vt 0.916667 0.750000
vt 0.916667 1.000000
vt 0.916667 1.000000
vt 0.083333 1.000000
vt 0.916667 0.000000
vt 1.000000 0.250000
vt 0.000000 0.750000
vt 0.166667 0.000000
vt 0.250000 0.000000
vt 0.333333 0.000000
vt 0.333333 0.000000
vt 0.416667 0.000000
vt 0.500000 0.000000
vt 0.500000 0.000000
vt 0.583333 0.000000
vt 0.666667 0.000000
vt 0.750000 0.000000
vt 0.833333 0.000000
vt 0.833333 1.000000
vt 0.833333 1.000000
vt 0.750000 1.000000
vt 0.750000 1.000000
vt 0.666667 1.000000
vt 0.583333 1.000000
vt 0.583333 1.000000
vt 0.500000 1.000000
vt 0.500000 1.000000
vt 0.416667 1.000000
vt 0.416667 1.000000
vt 0.333333 1.000000
vt 0.333333 1.000000
vt 0.250000 1.000000
vt 0.166667 1.000000
vt 0.166667 1.000000
vt 0.250000 0.000000
vt 0.333333 0.000000
vt 0.583333 0.000000
vt 0.666667 0.000000
vt 0.750000 1.000000
vt 0.416667 1.000000
vt 0.333333 1.000000
vt 0.166667 1.000000
vt 0.333333 1.000000
vt 0.750000 1.000000
vt 0.833333 1.000000
vt 0.083333 0.750000
vt 0.166667 0.750000
vt 0.250000 0.750000
vt 0.333333 0.750000
vt 0.416667 0.750000
vt 0.500000 0.750000
vt 0.583333 0.750000
vt 0.666667 0.750000
vt 0.750000 0.750000
vt 0.833333 0.750000
vt 0.833333 1.000000
vt 0.416667 1.000000
vt 0.416667 0.000000
vt 0.833333 0.000000
vt 0.833333 0.000000
vt 0.750000 0.000000
vt 0.500000 0.000000
vt 0.250000 0.000000
vt 0.083333 0.750000
vt 0.333333 0.750000
vt 0.416667 0.750000
vt 0.500000 0.750000
vt 0.583333 0.750000
vt 0.666667 0.750000
vt 0.750000 1.000000
vt 0.750000 0.750000
vt 0.833333 0.750000
vt 0.666667 0.000000
vt 0.166667 0.000000
vt 0.083333 0.000000
vt 0.842151 0.000000
vt 0.907849 0.000000
vt 0.842151 0.000000
vt 0.758817 0.000000
vt 0.824516 0.000000
vt 0.824516 0.000000
vt 0.758817 0.000000
vt 0.675484 0.000000
vt 0.741183 0.000000
vt 0.675484 0.000000
vt 0.592151 0.000000
vt 0.657849 0.000000
vt 0.657849 0.000000
vt 0.342151 0.000000
vt 0.407849 0.000000
vt 0.407849 0.000000
vt 0.258817 0.000000
vt 0.324516 0.000000
vt 0.324516 0.000000
vt 0.258817 0.000000
vt 0.175484 0.000000
vt 0.241183 0.000000
vt 0.241183 0.000000
vt 0.175484 0.000000
vt 0.092151 0.000000
vt 0.157849 0.000000
vt 0.157849 0.000000
vt 0.092151 0.000000
vt 0.008817 0.000000
vt 0.074516 0.000000
vt 0.074516 0.000000
vt 0.008817 0.000000
vt 0.155678 1.000000
vt 0.094322 1.000000
vt 0.094322 1.000000
vt 0.155678 1.000000
vt 0.239012 1.000000
vt 0.177655 1.000000
vt 0.177655 1.000000
vt 0.322345 1.000000
vt 0.260988 1.000000
vt 0.260988 1.000000
vt 0.405678 1.000000
vt 0.344322 1.000000
vt 0.344322 1.000000
vt 0.489012 1.000000
vt 0.427655 1.000000
vt 0.427655 1.000000
vt 0.489012 1.000000
vt 0.572345 1.000000
vt 0.510988 1.000000
vt 0.510988 1.000000
vt 0.572345 1.000000
vt 0.655678 1.000000
vt 0.594322 1.000000
vt 0.594322 1.000000
vt 0.655678 1.000000
vt 0.739012 1.000000
vt 0.677655 1.000000
vt 0.677655 1.000000
vt 0.822345 1.000000
vt 0.760988 1.000000
vt 0.760988 1.000000
vt 0.905678 1.000000
vt 0.844322 1.000000
vt 0.844322 1.000000
vt 0.905678 1.000000
vt 0.989012 1.000000
vt 0.927655 1.000000
vt 0.927655 1.000000
vt 0.072345 1.000000
vt 0.010988 1.000000
vt 0.010988 1.000000
vt 0.000000 0.219175
vt 0.000000 0.030825
vt 0.000000 0.030825
vt 1.000000 0.790605
vt 1.000000 0.959395
vt 1.000000 0.790605
vt 0.925484 0.000000
vt 0.991183 0.000000
vt 0.925484 0.000000
vt 1.000000 0.040605
vt 1.000000 0.209395
vt 1.000000 0.209395
vt 1.000000 0.040605
vt 1.000000 0.290605
vt 1.000000 0.459395
vt 1.000000 0.540605
vt 1.000000 0.709395
vt 1.000000 0.709395
vt 1.000000 0.540605
vt 0.000000 0.969175
vt 0.000000 0.780825
vt 0.000000 0.780825
vt 0.000000 0.719175
vt 0.000000 0.530825
vt 0.000000 0.469175
vt 0.000000 0.280825
vt 1.000000 0.250000
vt 1.000000 0.500000
vt 1.000000 0.500000
vt 0.000000 0.500000
vt 0.000000 0.500000
vt 0.833333 0.250000
vt 0.916667 0.250000
vt 0.833333 0.500000
vt 0.916667 0.500000
vt 0.750000 0.250000
vt 0.750000 0.500000
vt 0.666667 0.250000
vt 0.666667 0.500000
vt 0.583333 0.250000
vt 0.583333 0.500000
vt 0.500000 0.250000
vt 0.500000 0.500000
vt 0.416667 0.250000
vt 0.416667 0.500000
vt 0.333333 0.250000
vt 0.333333 0.500000
vt 0.250000 0.250000
vt 0.250000 0.500000
vt 0.166667 0.250000
vt 0.166667 0.500000
vt 0.083333 0.250000
vt 0.083333 0.500000
vt 0.916667 0.250000
vt 0.833333 0.250000
vt 0.833333 0.500000
vt 0.750000 0.250000
vt 0.750000 0.500000
vt 0.666667 0.250000
vt 0.666667 0.500000
vt 0.583333 0.250000
vt 0.583333 0.500000
vt 0.500000 0.250000
vt 0.500000 0.500000
vt 0.416667 0.250000
vt 0.416667 0.500000
vt 0.333333 0.250000
vt 0.333333 0.500000
vt 0.250000 0.250000
vt 0.250000 0.500000
vt 0.166667 0.250000
vt 0.166667 0.500000
vt 0.083333 0.250000
vt 0.083333 0.500000
vt 1.000000 0.500000
s 0
usemtl A25-1
f 1919/724/182 1676/725/182 1648/726/182 1831/727/182
f 1709/728/183 1654/729/183 1662/729/183 1753/730/183
f 1823/731/184 1800/732/184 1651/732/184 1697/731/184
f 1931/727/185 1801/726/185 1652/726/185 1837/727/185
f 1928/733/186 1824/729/186 1650/729/186 1834/734/186
f 1812/735/187 1825/736/187 1649/736/187 1708/735/187
f 1888/737/183 1843/727/183 1656/726/183 1720/738/183
f 1834/734/182 1650/729/182 1658/729/182 1846/733/182
f 1720/738/183 1656/726/183 1664/726/183 1764/739/183
f 1837/727/182 1652/726/182 1660/726/182 1849/727/182
f 1849/727/185 1660/726/185 1664/726/185 1855/727/185
f 1846/733/186 1658/729/186 1662/729/186 1852/733/186
f 1752/740/187 1657/736/187 1661/736/187 1774/740/187
f 1741/731/184 1659/732/184 1663/732/184 1763/741/184
f 1708/735/182 1649/736/182 1657/736/182 1752/740/182
f 1697/731/182 1651/732/182 1659/732/182 1741/731/182
f 1841/742/183 1655/732/183 1663/732/183 1853/742/183
f 1838/743/183 1653/736/183 1661/736/183 1850/743/183
f 1650/729/182 1687/730/182 1731/730/182 1658/729/182
f 1687/730/182 1688/744/182 1732/744/182 1731/730/182
f 1688/744/182 1689/745/182 1733/745/182 1732/744/182
f 1689/745/182 1690/746/182 1734/747/182 1733/745/182
f 1690/746/182 1691/748/182 1735/748/182 1734/747/182
f 1691/748/182 1692/749/182 1736/750/182 1735/748/182
f 1692/749/182 1693/751/182 1737/751/182 1736/750/182
f 1693/751/182 1694/752/182 1738/752/182 1737/751/182
f 1694/752/182 1695/753/182 1739/753/182 1738/752/182
f 1695/753/182 1696/754/182 1740/754/182 1739/753/182
f 1696/754/182 1697/731/182 1741/731/182 1740/754/182
f 1652/726/182 1698/739/182 1742/739/182 1660/726/182
f 1698/739/182 1699/755/182 1743/756/182 1742/739/182
f 1699/755/182 1700/757/182 1744/758/182 1743/756/182
f 1700/757/182 1701/759/182 1745/759/182 1744/758/182
f 1701/759/182 1702/760/182 1746/761/182 1745/759/182
f 1702/760/182 1703/762/182 1747/763/182 1746/761/182
f 1703/762/182 1704/764/182 1748/765/182 1747/763/182
f 1704/764/182 1705/766/182 1749/767/182 1748/765/182
f 1705/766/182 1706/768/182 1750/768/182 1749/767/182
f 1706/768/182 1707/769/182 1751/770/182 1750/768/182
f 1707/769/182 1708/735/182 1752/740/182 1751/770/182
f 1658/729/184 1731/730/184 1753/730/184 1662/729/184
f 1731/730/184 1732/744/184 1754/744/184 1753/730/184
f 1732/744/184 1733/745/184 1755/771/184 1754/744/184
f 1733/745/184 1734/747/184 1756/772/184 1755/771/184
f 1734/747/184 1735/748/184 1757/748/184 1756/772/184
f 1735/748/184 1736/750/184 1758/750/184 1757/748/184
f 1736/750/184 1737/751/184 1759/773/184 1758/750/184
f 1737/751/184 1738/752/184 1760/774/184 1759/773/184
f 1738/752/184 1739/753/184 1761/753/184 1760/774/184
f 1739/753/184 1740/754/184 1762/754/184 1761/753/184
f 1740/754/184 1741/731/184 1763/741/184 1762/754/184
f 1660/726/187 1742/739/187 1764/739/187 1664/726/187
f 1742/739/187 1743/756/187 1765/755/187 1764/739/187
f 1743/756/187 1744/758/187 1766/775/187 1765/755/187
f 1744/758/187 1745/759/187 1767/759/187 1766/775/187
f 1745/759/187 1746/761/187 1768/761/187 1767/759/187
f 1746/761/187 1747/763/187 1769/763/187 1768/761/187
f 1747/763/187 1748/765/187 1770/776/187 1769/763/187
f 1748/765/187 1749/767/187 1771/777/187 1770/776/187
f 1749/767/187 1750/768/187 1772/768/187 1771/777/187
f 1750/768/187 1751/770/187 1773/770/187 1772/768/187
f 1751/770/187 1752/740/187 1774/740/187 1773/770/187
f 1653/736/183 1730/735/183 1774/740/183 1661/736/183
f 1730/735/183 1729/778/183 1773/770/183 1774/740/183
f 1729/778/183 1728/768/183 1772/768/183 1773/770/183
f 1728/768/183 1727/779/183 1771/777/183 1772/768/183
f 1727/779/183 1726/776/183 1770/776/183 1771/777/183
f 1726/776/183 1725/762/183 1769/763/183 1770/776/183
f 1725/762/183 1724/760/183 1768/761/183 1769/763/183
f 1724/760/183 1723/759/183 1767/759/183 1768/761/183
f 1723/759/183 1722/780/183 1766/775/183 1767/759/183
f 1722/780/183 1721/781/183 1765/755/183 1766/775/183
f 1721/781/183 1720/738/183 1764/739/183 1765/755/183
f 1838/743/183 1858/782/183 1730/735/183 1653/736/183
f 1858/782/183 1861/783/183 1729/778/183 1730/735/183
f 1861/783/183 1864/784/183 1728/768/183 1729/778/183
f 1864/784/183 1867/785/183 1727/779/183 1728/768/183
f 1867/785/183 1870/786/183 1726/776/183 1727/779/183
f 1870/786/183 1873/787/183 1725/762/183 1726/776/183
f 1873/787/183 1876/788/183 1724/760/183 1725/762/183
f 1876/788/183 1879/789/183 1723/759/183 1724/760/183
f 1879/789/183 1882/790/183 1722/780/183 1723/759/183
f 1882/790/183 1885/791/183 1721/781/183 1722/780/183
f 1885/791/183 1888/737/183 1720/738/183 1721/781/183
f 1801/726/187 1802/739/187 1698/739/187 1652/726/187
f 1802/739/187 1803/792/187 1699/755/187 1698/739/187
f 1803/792/187 1804/757/187 1700/757/187 1699/755/187
f 1804/757/187 1805/759/187 1701/759/187 1700/757/187
f 1805/759/187 1806/760/187 1702/760/187 1701/759/187
f 1806/760/187 1807/762/187 1703/762/187 1702/760/187
f 1807/762/187 1808/793/187 1704/764/187 1703/762/187
f 1808/793/187 1809/766/187 1705/766/187 1704/764/187
f 1809/766/187 1810/768/187 1706/768/187 1705/766/187
f 1810/768/187 1811/770/187 1707/769/187 1706/768/187
f 1811/770/187 1812/735/187 1708/735/187 1707/769/187
f 1824/729/184 1813/730/184 1687/730/184 1650/729/184
f 1813/730/184 1814/744/184 1688/744/184 1687/730/184
f 1814/744/184 1815/745/184 1689/745/184 1688/744/184
f 1815/745/184 1816/746/184 1690/746/184 1689/745/184
f 1816/746/184 1817/794/184 1691/748/184 1690/746/184
f 1817/794/184 1818/749/184 1692/749/184 1691/748/184
f 1818/749/184 1819/751/184 1693/751/184 1692/749/184
f 1819/751/184 1820/752/184 1694/752/184 1693/751/184
f 1820/752/184 1821/753/184 1695/753/184 1694/752/184
f 1821/753/184 1822/795/184 1696/754/184 1695/753/184
f 1822/795/184 1823/731/184 1697/731/184 1696/754/184
f 1655/732/183 1719/731/183 1763/741/183 1663/732/183
f 1719/731/183 1718/796/183 1762/754/183 1763/741/183
f 1718/796/183 1717/797/183 1761/753/183 1762/754/183
f 1717/797/183 1716/752/183 1760/774/183 1761/753/183
f 1716/752/183 1715/773/183 1759/773/183 1760/774/183
f 1715/773/183 1714/798/183 1758/750/183 1759/773/183
f 1714/798/183 1713/748/183 1757/748/183 1758/750/183
f 1713/748/183 1712/746/183 1756/772/183 1757/748/183
f 1712/746/183 1711/799/183 1755/771/183 1756/772/183
f 1711/799/183 1710/744/183 1754/744/183 1755/771/183
f 1710/744/183 1709/728/183 1753/730/183 1754/744/183
f 1826/743/182 1647/736/182 1686/735/182 1889/800/182
f 1889/800/182 1686/735/182 1685/770/182 1892/783/182
f 1892/783/182 1685/770/182 1684/768/182 1895/784/182
f 1895/784/182 1684/768/182 1683/766/182 1898/801/182
f 1898/801/182 1683/766/182 1682/764/182 1901/802/182
f 1901/802/182 1682/764/182 1681/762/182 1904/803/182
f 1904/803/182 1681/762/182 1680/760/182 1907/804/182
f 1907/804/182 1680/760/182 1679/759/182 1910/805/182
f 1910/805/182 1679/759/182 1678/806/182 1913/807/182
f 1913/807/182 1678/806/182 1677/755/182 1916/808/182
f 1916/808/182 1677/755/182 1676/725/182 1919/724/182
f 1674/795/184 1675/731/184 1799/731/184 1798/795/184
f 1673/753/184 1674/795/184 1798/795/184 1797/753/184
f 1672/809/184 1673/753/184 1797/753/184 1796/752/184
f 1671/751/184 1672/809/184 1796/752/184 1795/751/184
f 1817/794/185 1794/794/185 2017/794/185 2020/794/185
f 1669/794/183 1670/749/183 2015/749/183 2014/794/183
f 1668/747/184 1669/794/184 1794/794/184 1793/746/184
f 1667/745/184 1668/747/184 1793/746/184 1792/745/184
f 1666/810/184 1667/745/184 1792/745/184 1791/744/184
f 1665/811/184 1666/810/184 1791/744/184 1790/811/184
f 1645/729/184 1665/811/184 1790/811/184 1776/729/184
f 1685/770/187 1686/735/187 1789/735/187 1788/770/187
f 1684/768/187 1685/770/187 1788/770/187 1787/768/187
f 1683/766/187 1684/768/187 1787/768/187 1786/766/187
f 1682/764/187 1683/766/187 1786/766/187 1785/793/187
f 1681/762/187 1682/764/187 1785/793/187 1784/762/187
f 1680/760/187 1681/762/187 1784/762/187 1783/760/187
f 1679/759/187 1680/760/187 1783/760/187 1782/759/187
f 1678/806/187 1679/759/187 1782/759/187 1781/806/187
f 1677/755/187 1678/806/187 1781/806/187 1780/792/187
f 1676/725/187 1677/755/187 1780/792/187 1779/739/187
f 1648/726/187 1676/725/187 1779/739/187 1777/726/187
f 1686/735/187 1647/736/187 1778/736/187 1789/735/187
f 1828/734/186 1645/729/186 1776/729/186 1922/733/186
f 1831/727/185 1648/726/185 1777/726/185 1925/727/185
f 1675/731/184 1646/732/184 1775/732/184 1799/731/184
f 2023/812/184 2024/813/184 2025/813/184 2026/814/184
f 2031/819/184 2032/820/184 2033/820/184 2034/821/184
f 1795/751/186 1819/751/186 2022/751/186 2019/751/186
f 1819/751/182 1818/749/182 2021/749/182 2022/751/182
f 2047/832/184 2048/833/184 2049/834/184 2050/835/184
f 1966/844/187 1967/845/187 1968/846/187 1969/847/187
f 1978/854/187 1979/855/187 1980/856/187 1981/854/187
f 1986/861/187 1987/862/187 1988/863/187 1989/864/187
f 1994/869/187 1995/870/187 1996/871/187 1997/869/187
f 2002/875/187 2003/876/187 2004/877/187 2005/878/187
f 1962/900/185 1963/901/185 1964/902/185 1965/903/185
f 1942/907/186 1943/908/186 1944/908/186 1945/907/186
f 1646/732/185 1829/742/185 1927/911/185 1775/732/185
f 1829/742/185 1830/912/185 1926/913/185 1927/911/185
f 1830/912/185 1831/727/185 1925/727/185 1926/913/185
f 1647/736/186 1826/743/186 1924/743/186 1778/736/186
f 1826/743/186 1827/914/186 1923/915/186 1924/743/186
f 1827/914/186 1828/734/186 1922/733/186 1923/915/186
f 1674/795/182 1918/916/182 1921/917/182 1675/731/182
f 1918/916/182 1917/918/182 1920/919/182 1921/917/182
f 1917/918/182 1916/808/182 1919/724/182 1920/919/182
f 1673/753/182 1915/920/182 1918/916/182 1674/795/182
f 1915/920/182 1914/921/182 1917/918/182 1918/916/182
f 1914/921/182 1913/807/182 1916/808/182 1917/918/182
f 1672/809/182 1912/922/182 1915/920/182 1673/753/182
f 1912/922/182 1911/923/182 1914/921/182 1915/920/182
f 1911/923/182 1910/805/182 1913/807/182 1914/921/182
f 1671/751/182 1909/924/182 1912/922/182 1672/809/182
f 1909/924/182 1908/925/182 1911/923/182 1912/922/182
f 1908/925/182 1907/804/182 1910/805/182 1911/923/182
f 1670/749/182 1906/926/182 1909/924/182 1671/751/182
f 1906/926/182 1905/927/182 1908/925/182 1909/924/182
f 1905/927/182 1904/803/182 1907/804/182 1908/925/182
f 1669/794/182 1903/928/182 1906/926/182 1670/749/182
f 1903/928/182 1902/929/182 1905/927/182 1906/926/182
f 1902/929/182 1901/802/182 1904/803/182 1905/927/182
f 1668/747/182 1900/930/182 1903/928/182 1669/794/182
f 1900/930/182 1899/931/182 1902/929/182 1903/928/182
f 1899/931/182 1898/801/182 1901/802/182 1902/929/182
f 1667/745/182 1897/932/182 1900/930/182 1668/747/182
f 1897/932/182 1896/933/182 1899/931/182 1900/930/182
f 1896/933/182 1895/784/182 1898/801/182 1899/931/182
f 1666/810/182 1894/934/182 1897/932/182 1667/745/182
f 1894/934/182 1893/935/182 1896/933/182 1897/932/182
f 1893/935/182 1892/783/182 1895/784/182 1896/933/182
f 1665/811/182 1891/936/182 1894/934/182 1666/810/182
f 1891/936/182 1890/937/182 1893/935/182 1894/934/182
f 1890/937/182 1889/800/182 1892/783/182 1893/935/182
f 1645/729/182 1828/734/182 1891/936/182 1665/811/182
f 1828/734/182 1827/914/182 1890/937/182 1891/936/182
f 1827/914/182 1826/743/182 1889/800/182 1890/937/182
f 1718/796/183 1719/731/183 1886/938/183 1883/939/183
f 1883/939/183 1886/938/183 1887/919/183 1884/940/183
f 1884/940/183 1887/919/183 1888/737/183 1885/791/183
f 1717/797/183 1718/796/183 1883/939/183 1880/941/183
f 1880/941/183 1883/939/183 1884/940/183 1881/942/183
f 1881/942/183 1884/940/183 1885/791/183 1882/790/183
f 1716/752/183 1717/797/183 1880/941/183 1877/943/183
f 1877/943/183 1880/941/183 1881/942/183 1878/944/183
f 1878/944/183 1881/942/183 1882/790/183 1879/789/183
f 1715/773/183 1716/752/183 1877/943/183 1874/945/183
f 1874/945/183 1877/943/183 1878/944/183 1875/946/183
f 1875/946/183 1878/944/183 1879/789/183 1876/788/183
f 1714/798/183 1715/773/183 1874/945/183 1871/947/183
f 1871/947/183 1874/945/183 1875/946/183 1872/948/183
f 1872/948/183 1875/946/183 1876/788/183 1873/787/183
f 1713/748/183 1714/798/183 1871/947/183 1868/949/183
f 1868/949/183 1871/947/183 1872/948/183 1869/950/183
f 1869/950/183 1872/948/183 1873/787/183 1870/786/183
f 1712/746/183 1713/748/183 1868/949/183 1865/951/183
f 1865/951/183 1868/949/183 1869/950/183 1866/952/183
f 1866/952/183 1869/950/183 1870/786/183 1867/785/183
f 1711/799/183 1712/746/183 1865/951/183 1862/953/183
f 1862/953/183 1865/951/183 1866/952/183 1863/954/183
f 1863/954/183 1866/952/183 1867/785/183 1864/784/183
f 1710/744/183 1711/799/183 1862/953/183 1859/955/183
f 1859/955/183 1862/953/183 1863/954/183 1860/956/183
f 1860/956/183 1863/954/183 1864/784/183 1861/783/183
f 1709/728/183 1710/744/183 1859/955/183 1856/957/183
f 1856/957/183 1859/955/183 1860/956/183 1857/958/183
f 1857/958/183 1860/956/183 1861/783/183 1858/782/183
f 1654/729/183 1709/728/183 1856/957/183 1840/733/183
f 1840/733/183 1856/957/183 1857/958/183 1839/914/183
f 1839/914/183 1857/958/183 1858/782/183 1838/743/183
f 1654/729/183 1840/733/183 1852/733/183 1662/729/183
f 1840/733/183 1839/914/183 1851/915/183 1852/733/183
f 1839/914/183 1838/743/183 1850/743/183 1851/915/183
f 1656/726/183 1843/727/183 1855/727/183 1664/726/183
f 1843/727/183 1842/959/183 1854/959/183 1855/727/183
f 1842/959/183 1841/742/183 1853/742/183 1854/959/183
f 1657/736/186 1844/743/186 1850/743/186 1661/736/186
f 1844/743/186 1845/915/186 1851/915/186 1850/743/186
f 1845/915/186 1846/733/186 1852/733/186 1851/915/186
f 1659/732/185 1847/742/185 1853/742/185 1663/732/185
f 1847/742/185 1848/959/185 1854/959/185 1853/742/185
f 1848/959/185 1849/727/185 1855/727/185 1854/959/185
f 1651/732/182 1835/742/182 1847/742/182 1659/732/182
f 1835/742/182 1836/912/182 1848/959/182 1847/742/182
f 1836/912/182 1837/727/182 1849/727/182 1848/959/182
f 1649/736/182 1832/743/182 1844/743/182 1657/736/182
f 1832/743/182 1833/914/182 1845/915/182 1844/743/182
f 1833/914/182 1834/734/182 1846/733/182 1845/915/182
f 1719/731/183 1655/732/183 1841/742/183 1886/938/183
f 1886/938/183 1841/742/183 1842/959/183 1887/919/183
f 1887/919/183 1842/959/183 1843/727/183 1888/737/183
f 1825/736/186 1930/743/186 1832/743/186 1649/736/186
f 1930/743/186 1929/915/186 1833/914/186 1832/743/186
f 1929/915/186 1928/733/186 1834/734/186 1833/914/186
f 1800/732/185 1933/911/185 1835/742/185 1651/732/185
f 1933/911/185 1932/912/185 1836/912/185 1835/742/185
f 1932/912/185 1931/727/185 1837/727/185 1836/912/185
f 1675/731/182 1921/917/182 1829/742/182 1646/732/182
f 1921/917/182 1920/919/182 1830/912/182 1829/742/182
f 1920/919/182 1919/724/182 1831/727/182 1830/912/182
f 1922/733/186 1776/729/186 1935/886/186 1934/885/186
f 1776/729/186 1824/729/186 1936/887/186 1935/886/186
f 1824/729/186 1928/733/186 1937/885/186 1936/887/186
f 1928/733/186 1922/733/186 1934/885/186 1937/885/186
f 1778/736/186 1924/743/186 1939/905/186 1938/904/186
f 1924/743/186 1930/743/186 1940/906/186 1939/905/186
f 1930/743/186 1825/736/186 1941/904/186 1940/906/186
f 1825/736/186 1778/736/186 1938/904/186 1941/904/186
f 1924/743/186 1923/915/186 1943/908/186 1942/907/186
f 1923/915/186 1929/915/186 1944/908/186 1943/908/186
f 1929/915/186 1930/743/186 1945/907/186 1944/908/186
f 1930/743/186 1924/743/186 1942/907/186 1945/907/186
f 1923/915/186 1922/733/186 1947/910/186 1946/909/186
f 1922/733/186 1928/733/186 1948/910/186 1947/910/186
f 1928/733/186 1929/915/186 1949/909/186 1948/910/186
f 1929/915/186 1923/915/186 1946/909/186 1949/909/186
f 1925/727/185 1777/726/185 1951/889/185 1950/888/185
f 1777/726/185 1801/726/185 1952/889/185 1951/889/185
f 1801/726/185 1931/727/185 1953/890/185 1952/889/185
f 1931/727/185 1925/727/185 1950/888/185 1953/890/185
f 1775/732/185 1927/911/185 1955/895/185 1954/894/185
f 1927/911/185 1933/911/185 1956/896/185 1955/895/185
f 1933/911/185 1800/732/185 1957/897/185 1956/896/185
f 1800/732/185 1775/732/185 1954/894/185 1957/897/185
f 1927/911/185 1926/913/185 1959/899/185 1958/898/185
f 1926/913/185 1932/912/185 1960/899/185 1959/899/185
f 1932/912/185 1933/911/185 1961/898/185 1960/899/185
f 1933/911/185 1927/911/185 1958/898/185 1961/898/185
f 1926/913/185 1925/727/185 1963/901/185 1962/900/185
f 1925/727/185 1931/727/185 1964/902/185 1963/901/185
f 1931/727/185 1932/912/185 1965/903/185 1964/902/185
f 1932/912/185 1926/913/185 1962/900/185 1965/903/185
f 1788/770/187 1789/735/187 1967/845/187 1966/844/187
f 1789/735/187 1812/735/187 1968/846/187 1967/845/187
f 1812/735/187 1811/770/187 1969/847/187 1968/846/187
f 1811/770/187 1788/770/187 1966/844/187 1969/847/187
f 1787/768/187 1788/770/187 1971/849/187 1970/848/187
f 1788/770/187 1811/770/187 1972/850/187 1971/849/187
f 1811/770/187 1810/768/187 1973/848/187 1972/850/187
f 1810/768/187 1787/768/187 1970/848/187 1973/848/187
f 1786/766/187 1787/768/187 1975/852/187 1974/851/187
f 1787/768/187 1810/768/187 1976/853/187 1975/852/187
f 1810/768/187 1809/766/187 1977/851/187 1976/853/187
f 1809/766/187 1786/766/187 1974/851/187 1977/851/187
f 1785/793/187 1786/766/187 1979/855/187 1978/854/187
f 1786/766/187 1809/766/187 1980/856/187 1979/855/187
f 1809/766/187 1808/793/187 1981/854/187 1980/856/187
f 1808/793/187 1785/793/187 1978/854/187 1981/854/187
f 1784/762/187 1785/793/187 1983/858/187 1982/857/187
f 1785/793/187 1808/793/187 1984/859/187 1983/858/187
f 1808/793/187 1807/762/187 1985/860/187 1984/859/187
f 1807/762/187 1784/762/187 1982/857/187 1985/860/187
f 1783/760/187 1784/762/187 1987/862/187 1986/861/187
f 1784/762/187 1807/762/187 1988/863/187 1987/862/187
f 1807/762/187 1806/760/187 1989/864/187 1988/863/187
f 1806/760/187 1783/760/187 1986/861/187 1989/864/187
f 1782/759/187 1783/760/187 1991/866/187 1990/865/187
f 1783/760/187 1806/760/187 1992/867/187 1991/866/187
f 1806/760/187 1805/759/187 1993/868/187 1992/867/187
f 1805/759/187 1782/759/187 1990/865/187 1993/868/187
f 1781/806/187 1782/759/187 1995/870/187 1994/869/187
f 1782/759/187 1805/759/187 1996/871/187 1995/870/187
f 1805/759/187 1804/757/187 1997/869/187 1996/871/187
f 1804/757/187 1781/806/187 1994/869/187 1997/869/187
f 1780/792/187 1781/806/187 1999/873/187 1998/872/187
f 1781/806/187 1804/757/187 2000/874/187 1999/873/187
f 1804/757/187 1803/792/187 2001/872/187 2000/874/187
f 1803/792/187 1780/792/187 1998/872/187 2001/872/187
f 1779/739/187 1780/792/187 2003/876/187 2002/875/187
f 1780/792/187 1803/792/187 2004/877/187 2003/876/187
f 1803/792/187 1802/739/187 2005/878/187 2004/877/187
f 1802/739/187 1779/739/187 2002/875/187 2005/878/187
f 1777/726/187 1779/739/187 2007/880/187 2006/879/187
f 1779/739/187 1802/739/187 2008/881/187 2007/880/187
f 1802/739/187 1801/726/187 2009/879/187 2008/881/187
f 1801/726/187 1777/726/187 2006/879/187 2009/879/187
f 1789/735/187 1778/736/187 2011/883/187 2010/882/187
f 1778/736/187 1825/736/187 2012/884/187 2011/883/187
f 1825/736/187 1812/735/187 2013/882/187 2012/884/187
f 1812/735/187 1789/735/187 2010/882/187 2013/882/187
f 2015/749/184 2016/751/184 2019/751/184 2018/749/184
f 2014/794/184 2015/749/184 2018/749/184 2017/794/184
f 2018/749/184 2019/751/184 2022/751/184 2021/749/184
f 2017/794/184 2018/749/184 2021/749/184 2020/794/184
f 1671/751/186 1795/751/186 2019/751/186 2016/751/186
f 1794/794/185 1669/794/185 2014/794/185 2017/794/185
f 1818/749/182 1817/794/182 2020/794/182 2021/749/182
f 1670/749/183 1671/751/183 2016/751/183 2015/749/183
f 1798/795/184 1799/731/184 2024/813/184 2023/812/184
f 1799/731/184 1823/731/184 2025/813/184 2024/813/184
f 1823/731/184 1822/795/184 2026/814/184 2025/813/184
f 1822/795/184 1798/795/184 2023/812/184 2026/814/184
f 1797/753/184 1798/795/184 2028/816/184 2027/815/184
f 1798/795/184 1822/795/184 2029/817/184 2028/816/184
f 1822/795/184 1821/753/184 2030/818/184 2029/817/184
f 1821/753/184 1797/753/184 2027/815/184 2030/818/184
f 1796/752/184 1797/753/184 2032/820/184 2031/819/184
f 1797/753/184 1821/753/184 2033/820/184 2032/820/184
f 1821/753/184 1820/752/184 2034/821/184 2033/820/184
f 1820/752/184 1796/752/184 2031/819/184 2034/821/184
f 1795/751/184 1796/752/184 2036/823/184 2035/822/184
f 1796/752/184 1820/752/184 2037/824/184 2036/823/184
f 1820/752/184 1819/751/184 2038/822/184 2037/824/184
f 1819/751/184 1795/751/184 2035/822/184 2038/822/184
f 1793/746/184 1794/794/184 2040/826/184 2039/825/184
f 1794/794/184 1817/794/184 2041/827/184 2040/826/184
f 1817/794/184 1816/746/184 2042/825/184 2041/827/184
f 1816/746/184 1793/746/184 2039/825/184 2042/825/184
f 1792/745/184 1793/746/184 2044/829/184 2043/828/184
f 1793/746/184 1816/746/184 2045/830/184 2044/829/184
f 1816/746/184 1815/745/184 2046/831/184 2045/830/184
f 1815/745/184 1792/745/184 2043/828/184 2046/831/184
f 1791/744/184 1792/745/184 2048/833/184 2047/832/184
f 1792/745/184 1815/745/184 2049/834/184 2048/833/184
f 1815/745/184 1814/744/184 2050/835/184 2049/834/184
f 1814/744/184 1791/744/184 2047/832/184 2050/835/184
f 1790/811/184 1791/744/184 2052/837/184 2051/836/184
f 1791/744/184 1814/744/184 2053/838/184 2052/837/184
f 1814/744/184 1813/730/184 2054/839/184 2053/838/184
f 1813/730/184 1790/811/184 2051/836/184 2054/839/184
f 1776/729/184 1790/811/184 2056/841/184 2055/840/184
f 1790/811/184 1813/730/184 2057/842/184 2056/841/184
f 1813/730/184 1824/729/184 2058/843/184 2057/842/184
f 1824/729/184 1776/729/184 2055/840/184 2058/843/184
f 1799/731/184 1775/732/184 2060/892/184 2059/891/184
f 1775/732/184 1800/732/184 2061/892/184 2060/892/184
f 1800/732/184 1823/731/184 2062/893/184 2061/892/184
f 1823/731/184 1799/731/184 2059/891/184 2062/893/184
usemtl A25-1_windows
f 2027/815/184 2028/816/184 2029/817/184 2030/818/184
f 2035/822/184 2036/823/184 2037/824/184 2038/822/184
f 2039/825/184 2040/826/184 2041/827/184 2042/825/184
f 2043/828/184 2044/829/184 2045/830/184 2046/831/184
f 2051/836/184 2052/837/184 2053/838/184 2054/839/184
f 2055/840/184 2056/841/184 2057/842/184 2058/843/184
f 1970/848/187 1971/849/187 1972/850/187 1973/848/187
f 1974/851/187 1975/852/187 1976/853/187 1977/851/187
f 1982/857/187 1983/858/187 1984/859/187 1985/860/187
f 1990/865/187 1991/866/187 1992/867/187 1993/868/187
f 1998/872/187 1999/873/187 2000/874/187 2001/872/187
f 2006/879/187 2007/880/187 2008/881/187 2009/879/187
f 2010/882/187 2011/883/187 2012/884/187 2013/882/187
f 1934/885/186 1935/886/186 1936/887/186 1937/885/186
f 1950/888/185 1951/889/185 1952/889/185 1953/890/185
f 2059/891/184 2060/892/184 2061/892/184 2062/893/184
f 1954/894/185 1955/895/185 1956/896/185 1957/897/185
f 1958/898/185 1959/899/185 1960/899/185 1961/898/185
f 1938/904/186 1939/905/186 1940/906/186 1941/904/186
f 1946/909/186 1947/910/186 1948/910/186 1949/909/186
