# Blender 4.0.2
# www.blender.org
mtllib A30.mtl
o Text.033
v -83.213043 15.909548 -25.974556
v -83.393906 15.909548 -26.022581
v -83.561905 15.909548 -26.100939
v -83.716118 15.909548 -26.208250
v -83.855629 15.909548 -26.343136
v -83.979523 15.909548 -26.504217
v -84.086876 15.909548 -26.690117
v -84.176773 15.909548 -26.899454
v -84.248283 15.909548 -27.130852
v -84.300507 15.909548 -27.382929
v -84.332512 15.909548 -27.654310
v -84.343391 15.909548 -27.943613
v -84.332520 15.909548 -28.232918
v -84.300507 15.909548 -28.504297
v -84.248291 15.909548 -28.756376
v -84.176773 15.909548 -28.987774
v -84.086876 15.909548 -29.197109
v -83.979523 15.909548 -29.383009
v -83.855629 15.909548 -29.544090
v -83.716118 15.909548 -29.678976
v -83.561905 15.909548 -29.786287
v -83.393906 15.909548 -29.864645
v -83.213043 15.909548 -29.912672
v -83.020241 15.909548 -29.928986
v -82.827438 15.909548 -29.912672
v -82.646576 15.909548 -29.864647
v -82.478577 15.909548 -29.786287
v -82.324364 15.909548 -29.678976
v -82.184853 15.909548 -29.544090
v -82.060959 15.909548 -29.383009
v -81.953606 15.909548 -29.197109
v -81.863708 15.909548 -28.987772
v -81.792198 15.909548 -28.756374
v -81.739975 15.909548 -28.504297
v -81.707970 15.909548 -28.232918
v -81.697098 15.909548 -27.943613
v -81.707962 15.909548 -27.654310
v -81.739975 15.909548 -27.382929
v -81.792191 15.909548 -27.130852
v -81.863708 15.909548 -26.899454
v -81.953606 15.909548 -26.690117
v -82.060959 15.909548 -26.504217
v -82.184853 15.909548 -26.343136
v -82.324364 15.909548 -26.208250
v -82.478577 15.909548 -26.100939
v -82.646576 15.909548 -26.022581
v -82.827438 15.909548 -25.974556
v -83.020241 15.909548 -25.958241
v -83.130699 15.909548 -29.390093
v -83.233299 15.909548 -29.356485
v -83.327721 15.909548 -29.301289
v -83.413620 15.909548 -29.225178
v -83.490662 15.909548 -29.128817
v -83.558517 15.909548 -29.012878
v -83.616852 15.909548 -28.878033
v -83.665329 15.909548 -28.724947
v -83.703613 15.909548 -28.554293
v -83.731377 15.909548 -28.366739
v -83.748276 15.909548 -28.162956
v -83.753983 15.909548 -27.943613
v -83.748276 15.909548 -27.724270
v -83.731377 15.909548 -27.520487
v -83.703613 15.909548 -27.332933
v -83.665329 15.909548 -27.162279
v -83.616852 15.909548 -27.009195
v -83.558517 15.909548 -26.874348
v -83.490662 15.909548 -26.758410
v -83.413620 15.909548 -26.662050
v -83.327721 15.909548 -26.585938
v -83.233307 15.909548 -26.530743
v -83.130699 15.909548 -26.497133
v -83.020241 15.909548 -26.485783
v -82.909782 15.909548 -26.497133
v -82.807182 15.909548 -26.530743
v -82.712761 15.909548 -26.585938
v -82.626862 15.909548 -26.662050
v -82.549820 15.909548 -26.758410
v -82.481964 15.909548 -26.874348
v -82.423630 15.909548 -27.009195
v -82.375153 15.909548 -27.162279
v -82.336868 15.909548 -27.332933
v -82.309105 15.909548 -27.520487
v -82.292206 15.909548 -27.724270
v -82.286499 15.909548 -27.943613
v -82.292206 15.909548 -28.162956
v -82.309105 15.909548 -28.366739
v -82.336868 15.909548 -28.554293
v -82.375153 15.909548 -28.724947
v -82.423630 15.909548 -28.878033
v -82.481964 15.909548 -29.012878
v -82.549820 15.909548 -29.128817
v -82.626862 15.909548 -29.225178
v -82.712761 15.909548 -29.301289
v -82.807175 15.909548 -29.356485
v -82.909782 15.909548 -29.390093
v -83.020241 15.909548 -29.401443
v -86.982368 15.909548 -29.791553
v -86.921127 15.909548 -29.816061
v -86.859810 15.909548 -29.838049
v -86.798119 15.909548 -29.857555
v -86.735748 15.909548 -29.874619
v -86.672424 15.909548 -29.889278
v -86.607849 15.909548 -29.901575
v -86.541725 15.909548 -29.911549
v -86.473770 15.909548 -29.919237
v -86.403679 15.909548 -29.924679
v -86.331161 15.909548 -29.927916
v -86.255936 15.909548 -29.928986
v -86.078011 15.909548 -29.920818
v -85.911621 15.909548 -29.896738
v -85.757500 15.909548 -29.857372
v -85.616417 15.909548 -29.803352
v -85.489113 15.909548 -29.735308
v -85.376343 15.909548 -29.653870
v -85.278862 15.909548 -29.559669
v -85.197418 15.909548 -29.453337
v -85.132767 15.909548 -29.335501
v -85.085655 15.909548 -29.206793
v -85.056831 15.909548 -29.067844
v -85.047058 15.909548 -28.919283
v -85.050232 15.909548 -28.815327
v -85.059929 15.909548 -28.718697
v -85.076378 15.909548 -28.628922
v -85.099854 15.909548 -28.545528
v -85.130592 15.909548 -28.468044
v -85.168854 15.909548 -28.395994
v -85.214874 15.909548 -28.328909
v -85.268921 15.909548 -28.266315
v -85.331238 15.909548 -28.207739
v -85.402069 15.909548 -28.152708
v -85.481682 15.909548 -28.100750
v -85.570305 15.909548 -28.051392
v -85.472794 15.909548 -28.015869
v -85.384644 15.909548 -27.969534
v -85.305679 15.909548 -27.913389
v -85.235733 15.909548 -27.848442
v -85.174644 15.909548 -27.775694
v -85.122238 15.909548 -27.696150
v -85.078354 15.909548 -27.610817
v -85.042831 15.909548 -27.520697
v -85.015488 15.909548 -27.426796
v -84.996162 15.909548 -27.330116
v -84.984688 15.909548 -27.231667
v -84.980904 15.909548 -27.132446
v -84.991875 15.909548 -26.963966
v -85.024063 15.909548 -26.805176
v -85.076385 15.909548 -26.657021
v -85.147743 15.909548 -26.520447
v -85.237068 15.909548 -26.396400
v -85.343269 15.909548 -26.285828
v -85.465248 15.909548 -26.189671
v -85.601936 15.909548 -26.108877
v -85.752235 15.909548 -26.044392
v -85.915070 15.909548 -25.997160
v -86.089348 15.909548 -25.968128
v -86.273979 15.909548 -25.958241
v -86.344894 15.909548 -25.959885
v -86.416260 15.909548 -25.964779
v -86.488052 15.909548 -25.972864
v -86.560219 15.909548 -25.984081
v -86.632713 15.909548 -25.998371
v -86.705505 15.909548 -26.015675
v -86.778549 15.909548 -26.035933
v -86.851799 15.909548 -26.059084
v -86.925217 15.909548 -26.085073
v -86.998756 15.909548 -26.113840
v -87.072388 15.909548 -26.145325
v -87.146057 15.909548 -26.179468
v -87.146057 15.909548 -26.780752
v -87.068115 15.909548 -26.733242
v -86.990631 15.909548 -26.689966
v -86.913567 15.909548 -26.650906
v -86.836876 15.909548 -26.616039
v -86.760521 15.909548 -26.585350
v -86.684456 15.909548 -26.558815
v -86.608643 15.909548 -26.536417
v -86.533043 15.909548 -26.518137
v -86.457603 15.909548 -26.503952
v -86.382294 15.909548 -26.493845
v -86.307068 15.909548 -26.487795
v -86.231880 15.909548 -26.485783
v -86.134216 15.909548 -26.490799
v -86.042961 15.909548 -26.505583
v -85.958511 15.909548 -26.529743
v -85.881271 15.909548 -26.562885
v -85.811630 15.909548 -26.604616
v -85.749985 15.909548 -26.654539
v -85.696732 15.909548 -26.712261
v -85.652283 15.909548 -26.777390
v -85.617012 15.909548 -26.849531
v -85.591331 15.909548 -26.928289
v -85.575630 15.909548 -27.013271
v -85.570305 15.909548 -27.104084
v -85.576447 15.909548 -27.197187
v -85.594833 15.909548 -27.285919
v -85.625465 15.909548 -27.369450
v -85.668320 15.909548 -27.446955
v -85.723358 15.909548 -27.517605
v -85.790581 15.909548 -27.580574
v -85.869949 15.909548 -27.635033
v -85.961456 15.909548 -27.680157
v -86.065079 15.909548 -27.715118
v -86.180786 15.909548 -27.739088
v -86.308563 15.909548 -27.751242
v -86.448395 15.909548 -27.750748
v -86.448395 15.909548 -28.261272
v -86.318710 15.909548 -28.265606
v -86.200302 15.909548 -28.278448
v -86.093178 15.909548 -28.299562
v -85.997322 15.909548 -28.328712
v -85.912743 15.909548 -28.365664
v -85.839447 15.909548 -28.410175
v -85.777420 15.909548 -28.462017
v -85.726677 15.909548 -28.520947
v -85.687210 15.909548 -28.586733
v -85.659019 15.909548 -28.659136
v -85.642105 15.909548 -28.737921
v -85.636459 15.909548 -28.822849
v -85.642159 15.909548 -28.909306
v -85.658958 15.909548 -28.989794
v -85.686455 15.909548 -29.064020
v -85.724228 15.909548 -29.131685
v -85.771858 15.909548 -29.192497
v -85.828918 15.909548 -29.246161
v -85.895012 15.909548 -29.292377
v -85.969704 15.909548 -29.330853
v -86.052582 15.909548 -29.361294
v -86.143227 15.909548 -29.383404
v -86.241219 15.909548 -29.396885
v -86.346153 15.909548 -29.401443
v -86.401230 15.909548 -29.400482
v -86.455467 15.909548 -29.397532
v -86.509293 15.909548 -29.392492
v -86.563110 15.909548 -29.385267
v -86.617355 15.909548 -29.375757
v -86.672424 15.909548 -29.363865
v -86.728760 15.909548 -29.349489
v -86.786758 15.909548 -29.332535
v -86.846840 15.909548 -29.312901
v -86.909439 15.909548 -29.290489
v -86.974953 15.909548 -29.265202
v -87.043808 15.909548 -29.236942
v -87.043808 15.909548 -29.764484
v -88.132401 15.909548 -26.009293
v -88.679703 15.909548 -27.149464
v -90.423851 15.909548 -27.149464
v -90.941078 15.909548 -26.009293
v -91.542511 15.909548 -26.009293
v -89.780319 15.909548 -29.900623
v -89.365334 15.909548 -29.900623
v -87.530968 15.909548 -26.009293
v -88.920273 15.909548 -27.648643
v -89.581848 15.909548 -29.049749
v -90.195305 15.909548 -27.648643
v -83.213043 14.834080 -25.974556
v -83.393906 14.834080 -26.022581
v -83.561905 14.834080 -26.100939
v -83.716118 14.834080 -26.208250
v -83.855629 14.834080 -26.343136
v -83.979523 14.834080 -26.504217
v -84.086876 14.834080 -26.690117
v -84.176773 14.834080 -26.899454
v -84.248283 14.834080 -27.130852
v -84.300507 14.834080 -27.382929
v -84.332512 14.834080 -27.654310
v -84.343391 14.834080 -27.943613
v -84.332520 14.834080 -28.232918
v -84.300507 14.834080 -28.504297
v -84.248291 14.834080 -28.756376
v -84.176773 14.834080 -28.987774
v -84.086876 14.834080 -29.197109
v -83.979523 14.834080 -29.383009
v -83.855629 14.834080 -29.544090
v -83.716118 14.834080 -29.678976
v -83.561905 14.834080 -29.786287
v -83.393906 14.834080 -29.864645
v -83.213043 14.834080 -29.912672
v -83.020241 14.834080 -29.928986
v -82.827438 14.834080 -29.912672
v -82.646576 14.834080 -29.864647
v -82.478577 14.834080 -29.786287
v -82.324364 14.834080 -29.678976
v -82.184853 14.834080 -29.544090
v -82.060959 14.834080 -29.383009
v -81.953606 14.834080 -29.197109
v -81.863708 14.834080 -28.987772
v -81.792198 14.834080 -28.756374
v -81.739975 14.834080 -28.504297
v -81.707970 14.834080 -28.232918
v -81.697098 14.834080 -27.943613
v -81.707962 14.834080 -27.654310
v -81.739975 14.834080 -27.382929
v -81.792191 14.834080 -27.130852
v -81.863708 14.834080 -26.899454
v -81.953606 14.834080 -26.690117
v -82.060959 14.834080 -26.504217
v -82.184853 14.834080 -26.343136
v -82.324364 14.834080 -26.208250
v -82.478577 14.834080 -26.100939
v -82.646576 14.834080 -26.022581
v -82.827438 14.834080 -25.974556
v -83.020241 14.834080 -25.958241
v -83.130699 14.834080 -29.390093
v -83.233299 14.834080 -29.356485
v -83.327721 14.834080 -29.301289
v -83.413620 14.834080 -29.225178
v -83.490662 14.834080 -29.128817
v -83.558517 14.834080 -29.012878
v -83.616852 14.834080 -28.878033
v -83.665329 14.834080 -28.724947
v -83.703613 14.834080 -28.554293
v -83.731377 14.834080 -28.366739
v -83.748276 14.834080 -28.162956
v -83.753983 14.834080 -27.943613
v -83.748276 14.834080 -27.724270
v -83.731377 14.834080 -27.520487
v -83.703613 14.834080 -27.332933
v -83.665329 14.834080 -27.162279
v -83.616852 14.834080 -27.009195
v -83.558517 14.834080 -26.874348
v -83.490662 14.834080 -26.758410
v -83.413620 14.834080 -26.662050
v -83.327721 14.834080 -26.585938
v -83.233307 14.834080 -26.530743
v -83.130699 14.834080 -26.497133
v -83.020241 14.834080 -26.485783
v -82.909782 14.834080 -26.497133
v -82.807182 14.834080 -26.530743
v -82.712761 14.834080 -26.585938
v -82.626862 14.834080 -26.662050
v -82.549820 14.834080 -26.758410
v -82.481964 14.834080 -26.874348
v -82.423630 14.834080 -27.009195
v -82.375153 14.834080 -27.162279
v -82.336868 14.834080 -27.332933
v -82.309105 14.834080 -27.520487
v -82.292206 14.834080 -27.724270
v -82.286499 14.834080 -27.943613
v -82.292206 14.834080 -28.162956
v -82.309105 14.834080 -28.366739
v -82.336868 14.834080 -28.554293
v -82.375153 14.834080 -28.724947
v -82.423630 14.834080 -28.878033
v -82.481964 14.834080 -29.012878
v -82.549820 14.834080 -29.128817
v -82.626862 14.834080 -29.225178
v -82.712761 14.834080 -29.301289
v -82.807175 14.834080 -29.356485
v -82.909782 14.834080 -29.390093
v -83.020241 14.834080 -29.401443
v -86.982368 14.834080 -29.791553
v -86.921127 14.834080 -29.816061
v -86.859810 14.834080 -29.838049
v -86.798119 14.834080 -29.857555
v -86.735748 14.834080 -29.874619
v -86.672424 14.834080 -29.889278
v -86.607849 14.834080 -29.901575
v -86.541725 14.834080 -29.911549
v -86.473770 14.834080 -29.919237
v -86.403679 14.834080 -29.924679
v -86.331161 14.834080 -29.927916
v -86.255936 14.834080 -29.928986
v -86.078011 14.834080 -29.920818
v -85.911621 14.834080 -29.896738
v -85.757500 14.834080 -29.857372
v -85.616417 14.834080 -29.803352
v -85.489113 14.834080 -29.735308
v -85.376343 14.834080 -29.653870
v -85.278862 14.834080 -29.559669
v -85.197418 14.834080 -29.453337
v -85.132767 14.834080 -29.335501
v -85.085655 14.834080 -29.206793
v -85.056831 14.834080 -29.067844
v -85.047058 14.834080 -28.919283
v -85.050232 14.834080 -28.815327
v -85.059929 14.834080 -28.718697
v -85.076378 14.834080 -28.628922
v -85.099854 14.834080 -28.545528
v -85.130592 14.834080 -28.468044
v -85.168854 14.834080 -28.395994
v -85.214874 14.834080 -28.328909
v -85.268921 14.834080 -28.266315
v -85.331238 14.834080 -28.207739
v -85.402069 14.834080 -28.152708
v -85.481682 14.834080 -28.100750
v -85.570305 14.834080 -28.051392
v -85.472794 14.834080 -28.015869
v -85.384644 14.834080 -27.969534
v -85.305679 14.834080 -27.913389
v -85.235733 14.834080 -27.848442
v -85.174644 14.834080 -27.775694
v -85.122238 14.834080 -27.696150
v -85.078354 14.834080 -27.610817
v -85.042831 14.834080 -27.520697
v -85.015488 14.834080 -27.426796
v -84.996162 14.834080 -27.330116
v -84.984688 14.834080 -27.231667
v -84.980904 14.834080 -27.132446
v -84.991875 14.834080 -26.963966
v -85.024063 14.834080 -26.805176
v -85.076385 14.834080 -26.657021
v -85.147743 14.834080 -26.520447
v -85.237068 14.834080 -26.396400
v -85.343269 14.834080 -26.285828
v -85.465248 14.834080 -26.189671
v -85.601936 14.834080 -26.108877
v -85.752235 14.834080 -26.044392
v -85.915070 14.834080 -25.997160
v -86.089348 14.834080 -25.968128
v -86.273979 14.834080 -25.958241
v -86.344894 14.834080 -25.959885
v -86.416260 14.834080 -25.964779
v -86.488052 14.834080 -25.972864
v -86.560219 14.834080 -25.984081
v -86.632713 14.834080 -25.998371
v -86.705505 14.834080 -26.015675
v -86.778549 14.834080 -26.035933
v -86.851799 14.834080 -26.059084
v -86.925217 14.834080 -26.085073
v -86.998756 14.834080 -26.113840
v -87.072388 14.834080 -26.145325
v -87.146057 14.834080 -26.179468
v -87.146057 14.834080 -26.780752
v -87.068115 14.834080 -26.733242
v -86.990631 14.834080 -26.689966
v -86.913567 14.834080 -26.650906
v -86.836876 14.834080 -26.616039
v -86.760521 14.834080 -26.585350
v -86.684456 14.834080 -26.558815
v -86.608643 14.834080 -26.536417
v -86.533043 14.834080 -26.518137
v -86.457603 14.834080 -26.503952
v -86.382294 14.834080 -26.493845
v -86.307068 14.834080 -26.487795
v -86.231880 14.834080 -26.485783
v -86.134216 14.834080 -26.490799
v -86.042961 14.834080 -26.505583
v -85.958511 14.834080 -26.529743
v -85.881271 14.834080 -26.562885
v -85.811630 14.834080 -26.604616
v -85.749985 14.834080 -26.654539
v -85.696732 14.834080 -26.712261
v -85.652283 14.834080 -26.777390
v -85.617012 14.834080 -26.849531
v -85.591331 14.834080 -26.928289
v -85.575630 14.834080 -27.013271
v -85.570305 14.834080 -27.104084
v -85.576447 14.834080 -27.197187
v -85.594833 14.834080 -27.285919
v -85.625465 14.834080 -27.369450
v -85.668320 14.834080 -27.446955
v -85.723358 14.834080 -27.517605
v -85.790581 14.834080 -27.580574
v -85.869949 14.834080 -27.635033
v -85.961456 14.834080 -27.680157
v -86.065079 14.834080 -27.715118
v -86.180786 14.834080 -27.739088
v -86.308563 14.834080 -27.751242
v -86.448395 14.834080 -27.750748
v -86.448395 14.834080 -28.261272
v -86.318710 14.834080 -28.265606
v -86.200302 14.834080 -28.278448
v -86.093178 14.834080 -28.299562
v -85.997322 14.834080 -28.328712
v -85.912743 14.834080 -28.365664
v -85.839447 14.834080 -28.410175
v -85.777420 14.834080 -28.462017
v -85.726677 14.834080 -28.520947
v -85.687210 14.834080 -28.586733
v -85.659019 14.834080 -28.659136
v -85.642105 14.834080 -28.737921
v -85.636459 14.834080 -28.822849
v -85.642159 14.834080 -28.909306
v -85.658958 14.834080 -28.989794
v -85.686455 14.834080 -29.064020
v -85.724228 14.834080 -29.131685
v -85.771858 14.834080 -29.192497
v -85.828918 14.834080 -29.246161
v -85.895012 14.834080 -29.292377
v -85.969704 14.834080 -29.330853
v -86.052582 14.834080 -29.361294
v -86.143227 14.834080 -29.383404
v -86.241219 14.834080 -29.396885
v -86.346153 14.834080 -29.401443
v -86.401230 14.834080 -29.400482
v -86.455467 14.834080 -29.397532
v -86.509293 14.834080 -29.392492
v -86.563110 14.834080 -29.385267
v -86.617355 14.834080 -29.375757
v -86.672424 14.834080 -29.363865
v -86.728760 14.834080 -29.349489
v -86.786758 14.834080 -29.332535
v -86.846840 14.834080 -29.312901
v -86.909439 14.834080 -29.290489
v -86.974953 14.834080 -29.265202
v -87.043808 14.834080 -29.236942
v -87.043808 14.834080 -29.764484
v -88.132401 14.834080 -26.009293
v -88.679703 14.834080 -27.149464
v -90.423851 14.834080 -27.149464
v -90.941078 14.834080 -26.009293
v -91.542511 14.834080 -26.009293
v -89.780319 14.834080 -29.900623
v -89.365334 14.834080 -29.900623
v -87.530968 14.834080 -26.009293
v -88.920273 14.834080 -27.648643
v -89.581848 14.834080 -29.049749
v -90.195305 14.834080 -27.648643
v -88.132401 14.834080 -26.009293
v -88.132401 15.909548 -26.009293
v -88.679703 14.834080 -27.149464
v -88.679703 15.909548 -27.149464
v -90.423851 14.834080 -27.149464
v -90.423851 15.909548 -27.149464
v -90.941078 14.834080 -26.009293
v -90.941078 15.909548 -26.009293
v -91.542511 14.834080 -26.009293
v -91.542511 15.909548 -26.009293
v -89.780319 14.834080 -29.900623
v -89.780319 15.909548 -29.900623
v -89.365334 14.834080 -29.900623
v -89.365334 15.909548 -29.900623
v -87.530968 14.834080 -26.009293
v -87.530968 15.909548 -26.009293
v -88.920273 14.834080 -27.648643
v -88.920273 15.909548 -27.648643
v -89.581848 14.834080 -29.049749
v -89.581848 15.909548 -29.049749
v -90.195305 14.834080 -27.648643
v -90.195305 15.909548 -27.648643
v -86.982368 14.834080 -29.791553
v -86.982368 15.909548 -29.791553
v -86.921127 14.834080 -29.816061
v -86.921127 15.909548 -29.816061
v -86.859810 14.834080 -29.838049
v -86.859810 15.909548 -29.838049
v -86.798119 14.834080 -29.857555
v -86.798119 15.909548 -29.857555
v -86.735748 14.834080 -29.874619
v -86.735748 15.909548 -29.874619
v -86.672424 14.834080 -29.889278
v -86.672424 15.909548 -29.889278
v -86.607849 14.834080 -29.901575
v -86.607849 15.909548 -29.901575
v -86.541725 14.834080 -29.911549
v -86.541725 15.909548 -29.911549
v -86.473770 14.834080 -29.919237
v -86.473770 15.909548 -29.919237
v -86.403679 14.834080 -29.924679
v -86.403679 15.909548 -29.924679
v -86.331161 14.834080 -29.927916
v -86.331161 15.909548 -29.927916
v -86.255936 14.834080 -29.928986
v -86.255936 15.909548 -29.928986
v -86.078011 14.834080 -29.920818
v -86.078011 15.909548 -29.920818
v -85.911621 14.834080 -29.896738
v -85.911621 15.909548 -29.896738
v -85.757500 14.834080 -29.857372
v -85.757500 15.909548 -29.857372
v -85.616417 14.834080 -29.803352
v -85.616417 15.909548 -29.803352
v -85.489113 14.834080 -29.735308
v -85.489113 15.909548 -29.735308
v -85.376343 14.834080 -29.653870
v -85.376343 15.909548 -29.653870
v -85.278862 14.834080 -29.559669
v -85.278862 15.909548 -29.559669
v -85.197418 14.834080 -29.453337
v -85.197418 15.909548 -29.453337
v -85.132767 14.834080 -29.335501
v -85.132767 15.909548 -29.335501
v -85.085655 14.834080 -29.206793
v -85.085655 15.909548 -29.206793
v -85.056831 14.834080 -29.067844
v -85.056831 15.909548 -29.067844
v -85.047058 14.834080 -28.919283
v -85.047058 15.909548 -28.919283
v -85.050232 14.834080 -28.815327
v -85.050232 15.909548 -28.815327
v -85.059929 14.834080 -28.718697
v -85.059929 15.909548 -28.718697
v -85.076378 14.834080 -28.628922
v -85.076378 15.909548 -28.628922
v -85.099854 14.834080 -28.545528
v -85.099854 15.909548 -28.545528
v -85.130592 14.834080 -28.468044
v -85.130592 15.909548 -28.468044
v -85.168854 14.834080 -28.395994
v -85.168854 15.909548 -28.395994
v -85.214874 14.834080 -28.328909
v -85.214874 15.909548 -28.328909
v -85.268921 14.834080 -28.266315
v -85.268921 15.909548 -28.266315
v -85.331238 14.834080 -28.207739
v -85.331238 15.909548 -28.207739
v -85.402069 14.834080 -28.152708
v -85.402069 15.909548 -28.152708
v -85.481682 14.834080 -28.100750
v -85.481682 15.909548 -28.100750
v -85.570305 14.834080 -28.051392
v -85.570305 15.909548 -28.051392
v -85.472794 14.834080 -28.015869
v -85.472794 15.909548 -28.015869
v -85.384644 14.834080 -27.969534
v -85.384644 15.909548 -27.969534
v -85.305679 14.834080 -27.913389
v -85.305679 15.909548 -27.913389
v -85.235733 14.834080 -27.848442
v -85.235733 15.909548 -27.848442
v -85.174644 14.834080 -27.775694
v -85.174644 15.909548 -27.775694
v -85.122238 14.834080 -27.696150
v -85.122238 15.909548 -27.696150
v -85.078354 14.834080 -27.610817
v -85.078354 15.909548 -27.610817
v -85.042831 14.834080 -27.520697
v -85.042831 15.909548 -27.520697
v -85.015488 14.834080 -27.426796
v -85.015488 15.909548 -27.426796
v -84.996162 14.834080 -27.330116
v -84.996162 15.909548 -27.330116
v -84.984688 14.834080 -27.231667
v -84.984688 15.909548 -27.231667
v -84.980904 14.834080 -27.132446
v -84.980904 15.909548 -27.132446
v -84.991875 14.834080 -26.963966
v -84.991875 15.909548 -26.963966
v -85.024063 14.834080 -26.805176
v -85.024063 15.909548 -26.805176
v -85.076385 14.834080 -26.657021
v -85.076385 15.909548 -26.657021
v -85.147743 14.834080 -26.520447
v -85.147743 15.909548 -26.520447
v -85.237068 14.834080 -26.396400
v -85.237068 15.909548 -26.396400
v -85.343269 14.834080 -26.285828
v -85.343269 15.909548 -26.285828
v -85.465248 14.834080 -26.189671
v -85.465248 15.909548 -26.189671
v -85.601936 14.834080 -26.108877
v -85.601936 15.909548 -26.108877
v -85.752235 14.834080 -26.044392
v -85.752235 15.909548 -26.044392
v -85.915070 14.834080 -25.997160
v -85.915070 15.909548 -25.997160
v -86.089348 14.834080 -25.968128
v -86.089348 15.909548 -25.968128
v -86.273979 14.834080 -25.958241
v -86.273979 15.909548 -25.958241
v -86.344894 14.834080 -25.959885
v -86.344894 15.909548 -25.959885
v -86.416260 14.834080 -25.964779
v -86.416260 15.909548 -25.964779
v -86.488052 14.834080 -25.972864
v -86.488052 15.909548 -25.972864
v -86.560219 14.834080 -25.984081
v -86.560219 15.909548 -25.984081
v -86.632713 14.834080 -25.998371
v -86.632713 15.909548 -25.998371
v -86.705505 14.834080 -26.015675
v -86.705505 15.909548 -26.015675
v -86.778549 14.834080 -26.035933
v -86.778549 15.909548 -26.035933
v -86.851799 14.834080 -26.059084
v -86.851799 15.909548 -26.059084
v -86.925217 14.834080 -26.085073
v -86.925217 15.909548 -26.085073
v -86.998756 14.834080 -26.113840
v -86.998756 15.909548 -26.113840
v -87.072388 14.834080 -26.145325
v -87.072388 15.909548 -26.145325
v -87.146057 14.834080 -26.179468
v -87.146057 15.909548 -26.179468
v -87.146057 14.834080 -26.780752
v -87.146057 15.909548 -26.780752
v -87.068115 14.834080 -26.733242
v -87.068115 15.909548 -26.733242
v -86.990631 14.834080 -26.689966
v -86.990631 15.909548 -26.689966
v -86.913567 14.834080 -26.650906
v -86.913567 15.909548 -26.650906
v -86.836876 14.834080 -26.616039
v -86.836876 15.909548 -26.616039
v -86.760521 14.834080 -26.585350
v -86.760521 15.909548 -26.585350
v -86.684456 14.834080 -26.558815
v -86.684456 15.909548 -26.558815
v -86.608643 14.834080 -26.536417
v -86.608643 15.909548 -26.536417
v -86.533043 14.834080 -26.518137
v -86.533043 15.909548 -26.518137
v -86.457603 14.834080 -26.503952
v -86.457603 15.909548 -26.503952
v -86.382294 14.834080 -26.493845
v -86.382294 15.909548 -26.493845
v -86.307068 14.834080 -26.487795
v -86.307068 15.909548 -26.487795
v -86.231880 14.834080 -26.485783
v -86.231880 15.909548 -26.485783
v -86.134216 14.834080 -26.490799
v -86.134216 15.909548 -26.490799
v -86.042961 14.834080 -26.505583
v -86.042961 15.909548 -26.505583
v -85.958511 14.834080 -26.529743
v -85.958511 15.909548 -26.529743
v -85.881271 14.834080 -26.562885
v -85.881271 15.909548 -26.562885
v -85.811630 14.834080 -26.604616
v -85.811630 15.909548 -26.604616
v -85.749985 14.834080 -26.654539
v -85.749985 15.909548 -26.654539
v -85.696732 14.834080 -26.712261
v -85.696732 15.909548 -26.712261
v -85.652283 14.834080 -26.777390
v -85.652283 15.909548 -26.777390
v -85.617012 14.834080 -26.849531
v -85.617012 15.909548 -26.849531
v -85.591331 14.834080 -26.928289
v -85.591331 15.909548 -26.928289
v -85.575630 14.834080 -27.013271
v -85.575630 15.909548 -27.013271
v -85.570305 14.834080 -27.104084
v -85.570305 15.909548 -27.104084
v -85.576447 14.834080 -27.197187
v -85.576447 15.909548 -27.197187
v -85.594833 14.834080 -27.285919
v -85.594833 15.909548 -27.285919
v -85.625465 14.834080 -27.369450
v -85.625465 15.909548 -27.369450
v -85.668320 14.834080 -27.446955
v -85.668320 15.909548 -27.446955
v -85.723358 14.834080 -27.517605
v -85.723358 15.909548 -27.517605
v -85.790581 14.834080 -27.580574
v -85.790581 15.909548 -27.580574
v -85.869949 14.834080 -27.635033
v -85.869949 15.909548 -27.635033
v -85.961456 14.834080 -27.680157
v -85.961456 15.909548 -27.680157
v -86.065079 14.834080 -27.715118
v -86.065079 15.909548 -27.715118
v -86.180786 14.834080 -27.739088
v -86.180786 15.909548 -27.739088
v -86.308563 14.834080 -27.751242
v -86.308563 15.909548 -27.751242
v -86.448395 14.834080 -27.750748
v -86.448395 15.909548 -27.750748
v -86.448395 14.834080 -28.261272
v -86.448395 15.909548 -28.261272
v -86.318710 14.834080 -28.265606
v -86.318710 15.909548 -28.265606
v -86.200302 14.834080 -28.278448
v -86.200302 15.909548 -28.278448
v -86.093178 14.834080 -28.299562
v -86.093178 15.909548 -28.299562
v -85.997322 14.834080 -28.328712
v -85.997322 15.909548 -28.328712
v -85.912743 14.834080 -28.365664
v -85.912743 15.909548 -28.365664
v -85.839447 14.834080 -28.410175
v -85.839447 15.909548 -28.410175
v -85.777420 14.834080 -28.462017
v -85.777420 15.909548 -28.462017
v -85.726677 14.834080 -28.520947
v -85.726677 15.909548 -28.520947
v -85.687210 14.834080 -28.586733
v -85.687210 15.909548 -28.586733
v -85.659019 14.834080 -28.659136
v -85.659019 15.909548 -28.659136
v -85.642105 14.834080 -28.737921
v -85.642105 15.909548 -28.737921
v -85.636459 14.834080 -28.822849
v -85.636459 15.909548 -28.822849
v -85.642159 14.834080 -28.909306
v -85.642159 15.909548 -28.909306
v -85.658958 14.834080 -28.989794
v -85.658958 15.909548 -28.989794
v -85.686455 14.834080 -29.064020
v -85.686455 15.909548 -29.064020
v -85.724228 14.834080 -29.131685
v -85.724228 15.909548 -29.131685
v -85.771858 14.834080 -29.192497
v -85.771858 15.909548 -29.192497
v -85.828918 14.834080 -29.246161
v -85.828918 15.909548 -29.246161
v -85.895012 14.834080 -29.292377
v -85.895012 15.909548 -29.292377
v -85.969704 14.834080 -29.330853
v -85.969704 15.909548 -29.330853
v -86.052582 14.834080 -29.361294
v -86.052582 15.909548 -29.361294
v -86.143227 14.834080 -29.383404
v -86.143227 15.909548 -29.383404
v -86.241219 14.834080 -29.396885
v -86.241219 15.909548 -29.396885
v -86.346153 14.834080 -29.401443
v -86.346153 15.909548 -29.401443
v -86.401230 14.834080 -29.400482
v -86.401230 15.909548 -29.400482
v -86.455467 14.834080 -29.397532
v -86.455467 15.909548 -29.397532
v -86.509293 14.834080 -29.392492
v -86.509293 15.909548 -29.392492
v -86.563110 14.834080 -29.385267
v -86.563110 15.909548 -29.385267
v -86.617355 14.834080 -29.375757
v -86.617355 15.909548 -29.375757
v -86.672424 14.834080 -29.363865
v -86.672424 15.909548 -29.363865
v -86.728760 14.834080 -29.349489
v -86.728760 15.909548 -29.349489
v -86.786758 14.834080 -29.332535
v -86.786758 15.909548 -29.332535
v -86.846840 14.834080 -29.312901
v -86.846840 15.909548 -29.312901
v -86.909439 14.834080 -29.290489
v -86.909439 15.909548 -29.290489
v -86.974953 14.834080 -29.265202
v -86.974953 15.909548 -29.265202
v -87.043808 14.834080 -29.236942
v -87.043808 15.909548 -29.236942
v -87.043808 14.834080 -29.764484
v -87.043808 15.909548 -29.764484
v -83.213043 14.834080 -25.974556
v -83.213043 15.909548 -25.974556
v -83.393906 14.834080 -26.022581
v -83.393906 15.909548 -26.022581
v -83.561905 14.834080 -26.100939
v -83.561905 15.909548 -26.100939
v -83.716118 14.834080 -26.208250
v -83.716118 15.909548 -26.208250
v -83.855629 14.834080 -26.343136
v -83.855629 15.909548 -26.343136
v -83.979523 14.834080 -26.504217
v -83.979523 15.909548 -26.504217
v -84.086876 14.834080 -26.690117
v -84.086876 15.909548 -26.690117
v -84.176773 14.834080 -26.899454
v -84.176773 15.909548 -26.899454
v -84.248283 14.834080 -27.130852
v -84.248283 15.909548 -27.130852
v -84.300507 14.834080 -27.382929
v -84.300507 15.909548 -27.382929
v -84.332512 14.834080 -27.654310
v -84.332512 15.909548 -27.654310
v -84.343391 14.834080 -27.943613
v -84.343391 15.909548 -27.943613
v -84.332520 14.834080 -28.232918
v -84.332520 15.909548 -28.232918
v -84.300507 14.834080 -28.504297
v -84.300507 15.909548 -28.504297
v -84.248291 14.834080 -28.756376
v -84.248291 15.909548 -28.756376
v -84.176773 14.834080 -28.987774
v -84.176773 15.909548 -28.987774
v -84.086876 14.834080 -29.197109
v -84.086876 15.909548 -29.197109
v -83.979523 14.834080 -29.383009
v -83.979523 15.909548 -29.383009
v -83.855629 14.834080 -29.544090
v -83.855629 15.909548 -29.544090
v -83.716118 14.834080 -29.678976
v -83.716118 15.909548 -29.678976
v -83.561905 14.834080 -29.786287
v -83.561905 15.909548 -29.786287
v -83.393906 14.834080 -29.864645
v -83.393906 15.909548 -29.864645
v -83.213043 14.834080 -29.912672
v -83.213043 15.909548 -29.912672
v -83.020241 14.834080 -29.928986
v -83.020241 15.909548 -29.928986
v -82.827438 14.834080 -29.912672
v -82.827438 15.909548 -29.912672
v -82.646576 14.834080 -29.864647
v -82.646576 15.909548 -29.864647
v -82.478577 14.834080 -29.786287
v -82.478577 15.909548 -29.786287
v -82.324364 14.834080 -29.678976
v -82.324364 15.909548 -29.678976
v -82.184853 14.834080 -29.544090
v -82.184853 15.909548 -29.544090
v -82.060959 14.834080 -29.383009
v -82.060959 15.909548 -29.383009
v -81.953606 14.834080 -29.197109
v -81.953606 15.909548 -29.197109
v -81.863708 14.834080 -28.987772
v -81.863708 15.909548 -28.987772
v -81.792198 14.834080 -28.756374
v -81.792198 15.909548 -28.756374
v -81.739975 14.834080 -28.504297
v -81.739975 15.909548 -28.504297
v -81.707970 14.834080 -28.232918
v -81.707970 15.909548 -28.232918
v -81.697098 14.834080 -27.943613
v -81.697098 15.909548 -27.943613
v -81.707962 14.834080 -27.654310
v -81.707962 15.909548 -27.654310
v -81.739975 14.834080 -27.382929
v -81.739975 15.909548 -27.382929
v -81.792191 14.834080 -27.130852
v -81.792191 15.909548 -27.130852
v -81.863708 14.834080 -26.899454
v -81.863708 15.909548 -26.899454
v -81.953606 14.834080 -26.690117
v -81.953606 15.909548 -26.690117
v -82.060959 14.834080 -26.504217
v -82.060959 15.909548 -26.504217
v -82.184853 14.834080 -26.343136
v -82.184853 15.909548 -26.343136
v -82.324364 14.834080 -26.208250
v -82.324364 15.909548 -26.208250
v -82.478577 14.834080 -26.100939
v -82.478577 15.909548 -26.100939
v -82.646576 14.834080 -26.022581
v -82.646576 15.909548 -26.022581
v -82.827438 14.834080 -25.974556
v -82.827438 15.909548 -25.974556
v -83.020241 14.834080 -25.958241
v -83.020241 15.909548 -25.958241
v -83.130699 14.834080 -29.390093
v -83.130699 15.909548 -29.390093
v -83.233299 14.834080 -29.356485
v -83.233299 15.909548 -29.356485
v -83.327721 14.834080 -29.301289
v -83.327721 15.909548 -29.301289
v -83.413620 14.834080 -29.225178
v -83.413620 15.909548 -29.225178
v -83.490662 14.834080 -29.128817
v -83.490662 15.909548 -29.128817
v -83.558517 14.834080 -29.012878
v -83.558517 15.909548 -29.012878
v -83.616852 14.834080 -28.878033
v -83.616852 15.909548 -28.878033
v -83.665329 14.834080 -28.724947
v -83.665329 15.909548 -28.724947
v -83.703613 14.834080 -28.554293
v -83.703613 15.909548 -28.554293
v -83.731377 14.834080 -28.366739
v -83.731377 15.909548 -28.366739
v -83.748276 14.834080 -28.162956
v -83.748276 15.909548 -28.162956
v -83.753983 14.834080 -27.943613
v -83.753983 15.909548 -27.943613
v -83.748276 14.834080 -27.724270
v -83.748276 15.909548 -27.724270
v -83.731377 14.834080 -27.520487
v -83.731377 15.909548 -27.520487
v -83.703613 14.834080 -27.332933
v -83.703613 15.909548 -27.332933
v -83.665329 14.834080 -27.162279
v -83.665329 15.909548 -27.162279
v -83.616852 14.834080 -27.009195
v -83.616852 15.909548 -27.009195
v -83.558517 14.834080 -26.874348
v -83.558517 15.909548 -26.874348
v -83.490662 14.834080 -26.758410
v -83.490662 15.909548 -26.758410
v -83.413620 14.834080 -26.662050
v -83.413620 15.909548 -26.662050
v -83.327721 14.834080 -26.585938
v -83.327721 15.909548 -26.585938
v -83.233307 14.834080 -26.530743
v -83.233307 15.909548 -26.530743
v -83.130699 14.834080 -26.497133
v -83.130699 15.909548 -26.497133
v -83.020241 14.834080 -26.485783
v -83.020241 15.909548 -26.485783
v -82.909782 14.834080 -26.497133
v -82.909782 15.909548 -26.497133
v -82.807182 14.834080 -26.530743
v -82.807182 15.909548 -26.530743
v -82.712761 14.834080 -26.585938
v -82.712761 15.909548 -26.585938
v -82.626862 14.834080 -26.662050
v -82.626862 15.909548 -26.662050
v -82.549820 14.834080 -26.758410
v -82.549820 15.909548 -26.758410
v -82.481964 14.834080 -26.874348
v -82.481964 15.909548 -26.874348
v -82.423630 14.834080 -27.009195
v -82.423630 15.909548 -27.009195
v -82.375153 14.834080 -27.162279
v -82.375153 15.909548 -27.162279
v -82.336868 14.834080 -27.332933
v -82.336868 15.909548 -27.332933
v -82.309105 14.834080 -27.520487
v -82.309105 15.909548 -27.520487
v -82.292206 14.834080 -27.724270
v -82.292206 15.909548 -27.724270
v -82.286499 14.834080 -27.943613
v -82.286499 15.909548 -27.943613
v -82.292206 14.834080 -28.162956
v -82.292206 15.909548 -28.162956
v -82.309105 14.834080 -28.366739
v -82.309105 15.909548 -28.366739
v -82.336868 14.834080 -28.554293
v -82.336868 15.909548 -28.554293
v -82.375153 14.834080 -28.724947
v -82.375153 15.909548 -28.724947
v -82.423630 14.834080 -28.878033
v -82.423630 15.909548 -28.878033
v -82.481964 14.834080 -29.012878
v -82.481964 15.909548 -29.012878
v -82.549820 14.834080 -29.128817
v -82.549820 15.909548 -29.128817
v -82.626862 14.834080 -29.225178
v -82.626862 15.909548 -29.225178
v -82.712761 14.834080 -29.301289
v -82.712761 15.909548 -29.301289
v -82.807175 14.834080 -29.356485
v -82.807175 15.909548 -29.356485
v -82.909782 14.834080 -29.390093
v -82.909782 15.909548 -29.390093
v -83.020241 14.834080 -29.401443
v -83.020241 15.909548 -29.401443
vn -0.0000 1.0000 -0.0000
vn 0.0001 1.0000 -0.0000
vn -0.0000 -1.0000 -0.0000
vn 0.0001 -1.0000 -0.0000
vn -0.5197 -0.0000 0.8543
vn 0.5284 -0.0000 0.8490
vn -0.8192 -0.0000 0.5735
vn -0.5286 -0.0000 -0.8489
vn 0.5225 -0.0000 -0.8526
vn 0.8235 -0.0000 0.5673
vn -0.8237 -0.0000 -0.5671
vn 0.0129 -0.0000 0.9999
vn 0.8157 -0.0000 -0.5785
vn -0.3874 -0.0000 -0.9219
vn -0.3546 -0.0000 -0.9350
vn -0.3195 -0.0000 -0.9476
vn -0.2827 -0.0000 -0.9592
vn -0.2448 -0.0000 -0.9696
vn -0.2063 -0.0000 -0.9785
vn -0.1681 -0.0000 -0.9858
vn -0.1308 -0.0000 -0.9914
vn -0.0949 -0.0000 -0.9955
vn -0.0610 -0.0000 -0.9981
vn -0.0294 -0.0000 -0.9996
vn 0.0158 -0.0000 -0.9999
vn 0.0946 -0.0000 -0.9955
vn 0.1956 -0.0000 -0.9807
vn 0.3029 -0.0000 -0.9530
vn 0.4151 -0.0000 -0.9098
vn 0.5294 -0.0000 -0.8484
vn 0.6416 -0.0000 -0.7670
vn 0.7462 -0.0000 -0.6657
vn 0.8375 -0.0000 -0.5464
vn 0.9104 -0.0000 -0.4138
vn 0.9616 -0.0000 -0.2743
vn 0.9909 -0.0000 -0.1348
vn 0.9998 -0.0000 -0.0176
vn 0.9979 -0.0000 0.0652
vn 0.9901 -0.0000 0.1402
vn 0.9741 -0.0000 0.2259
vn 0.9473 -0.0000 0.3204
vn 0.9077 -0.0000 0.4196
vn 0.8552 -0.0000 0.5183
vn 0.7919 -0.0000 0.6107
vn 0.7218 -0.0000 0.6921
vn 0.6498 -0.0000 0.7601
vn 0.5805 -0.0000 0.8143
vn 0.5168 -0.0000 0.8561
vn 0.9962 -0.0000 -0.0872
vn 0.4045 -0.0000 -0.9145
vn 0.5233 -0.0000 -0.8521
vn 0.6311 -0.0000 -0.7757
vn 0.7244 -0.0000 -0.6894
vn 0.8017 -0.0000 -0.5978
vn 0.8634 -0.0000 -0.5046
vn 0.9109 -0.0000 -0.4127
vn 0.9462 -0.0000 -0.3236
vn 0.9713 -0.0000 -0.2381
vn 0.9878 -0.0000 -0.1560
vn 0.9970 -0.0000 -0.0770
vn 0.9999 -0.0000 0.0134
vn 0.9912 -0.0000 0.1322
vn 0.9638 -0.0000 0.2666
vn 0.9168 -0.0000 0.3992
vn 0.8509 -0.0000 0.5253
vn 0.7681 -0.0000 0.6403
vn 0.6715 -0.0000 0.7410
vn 0.5650 -0.0000 0.8251
vn 0.4523 -0.0000 0.8919
vn 0.3369 -0.0000 0.9415
vn 0.2217 -0.0000 0.9751
vn 0.1090 -0.0000 0.9940
vn 0.0152 -0.0000 0.9999
vn -0.0458 -0.0000 0.9990
vn -0.0902 -0.0000 0.9959
vn -0.1328 -0.0000 0.9911
vn -0.1735 -0.0000 0.9848
vn -0.2124 -0.0000 0.9772
vn -0.2493 -0.0000 0.9684
vn -0.2844 -0.0000 0.9587
vn -0.3176 -0.0000 0.9482
vn -0.3490 -0.0000 0.9371
vn -0.3788 -0.0000 0.9255
vn -0.4069 -0.0000 0.9135
vn -0.8345 -0.0000 0.5510
vn -0.4568 -0.0000 -0.8896
vn 0.5041 -0.0000 -0.8636
vn 0.4699 -0.0000 -0.8827
vn 0.4331 -0.0000 -0.9014
vn 0.3935 -0.0000 -0.9193
vn 0.3512 -0.0000 -0.9363
vn 0.3064 -0.0000 -0.9519
vn 0.2592 -0.0000 -0.9658
vn 0.2100 -0.0000 -0.9777
vn 0.1589 -0.0000 -0.9873
vn 0.1066 -0.0000 -0.9943
vn 0.0535 -0.0000 -0.9986
vn -0.0123 -0.0000 -0.9999
vn -0.1057 -0.0000 -0.9944
vn -0.2178 -0.0000 -0.9760
vn -0.3352 -0.0000 -0.9421
vn -0.4550 -0.0000 -0.8905
vn -0.5729 -0.0000 -0.8196
vn -0.6838 -0.0000 -0.7297
vn -0.7824 -0.0000 -0.6228
vn -0.8643 -0.0000 -0.5030
vn -0.9267 -0.0000 -0.3757
vn -0.9691 -0.0000 -0.2465
vn -0.9927 -0.0000 -0.1204
vn -1.0000 -0.0000 0.0036
vn -0.9909 -0.0000 0.1348
vn -0.9616 -0.0000 0.2745
vn -0.9096 -0.0000 0.4155
vn -0.8344 -0.0000 0.5512
vn -0.7383 -0.0000 0.6745
vn -0.6262 -0.0000 0.7796
vn -0.5051 -0.0000 0.8631
vn -0.3816 -0.0000 0.9243
vn -0.2616 -0.0000 0.9652
vn -0.1489 -0.0000 0.9888
vn -0.0456 -0.0000 0.9990
vn -0.6848 -0.0000 0.7288
vn -0.6989 -0.0000 -0.7152
vn -0.0706 -0.0000 -0.9975
vn -0.1507 -0.0000 -0.9886
vn -0.2424 -0.0000 -0.9702
vn -0.3461 -0.0000 -0.9382
vn -0.4605 -0.0000 -0.8876
vn -0.5816 -0.0000 -0.8135
vn -0.7016 -0.0000 -0.7126
vn -0.8103 -0.0000 -0.5859
vn -0.8977 -0.0000 -0.4405
vn -0.9578 -0.0000 -0.2875
vn -0.9904 -0.0000 -0.1385
vn -1.0000 -0.0000 -0.0003
vn -0.9908 -0.0000 0.1355
vn -0.9609 -0.0000 0.2768
vn -0.9081 -0.0000 0.4189
vn -0.8326 -0.0000 0.5539
vn -0.7381 -0.0000 0.6747
vn -0.6305 -0.0000 0.7762
vn -0.5165 -0.0000 0.8563
vn -0.4020 -0.0000 0.9157
vn -0.2912 -0.0000 0.9567
vn -0.1868 -0.0000 0.9824
vn -0.0899 -0.0000 0.9959
vn -0.0130 -0.0000 0.9999
vn 0.0359 -0.0000 0.9994
vn 0.0738 -0.0000 0.9973
vn 0.1131 -0.0000 0.9936
vn 0.1529 -0.0000 0.9882
vn 0.1919 -0.0000 0.9814
vn 0.2292 -0.0000 0.9734
vn 0.2640 -0.0000 0.9645
vn 0.2956 -0.0000 0.9553
vn 0.3239 -0.0000 0.9461
vn 0.3486 -0.0000 0.9373
vn 0.3699 -0.0000 0.9291
vn -0.5258 -0.0000 0.8506
vn -0.8289 -0.0000 -0.5595
vn -0.1710 -0.0000 0.9853
vn -0.3407 -0.0000 0.9402
vn -0.4984 -0.0000 0.8669
vn -0.6349 -0.0000 0.7726
vn -0.7457 -0.0000 0.6663
vn -0.8310 -0.0000 0.5563
vn -0.8939 -0.0000 0.4483
vn -0.9384 -0.0000 0.3455
vn -0.9684 -0.0000 0.2494
vn -0.9871 -0.0000 0.1602
vn -0.9970 -0.0000 0.0774
vn -1.0000 -0.0000 -0.0000
vn -0.9970 -0.0000 -0.0774
vn -0.9871 -0.0000 -0.1602
vn -0.9684 -0.0000 -0.2494
vn -0.9384 -0.0000 -0.3455
vn -0.8939 -0.0000 -0.4483
vn -0.8310 -0.0000 -0.5563
vn -0.7457 -0.0000 -0.6663
vn -0.6349 -0.0000 -0.7726
vn -0.4984 -0.0000 -0.8669
vn -0.3407 -0.0000 -0.9402
vn -0.1710 -0.0000 -0.9853
vn -0.0000 -0.0000 -1.0000
vn 0.1710 -0.0000 -0.9853
vn 0.3407 -0.0000 -0.9402
vn 0.4984 -0.0000 -0.8669
vn 0.6349 -0.0000 -0.7726
vn 0.7457 -0.0000 -0.6663
vn 0.8310 -0.0000 -0.5563
vn 0.8939 -0.0000 -0.4483
vn 0.9384 -0.0000 -0.3455
vn 0.9684 -0.0000 -0.2494
vn 0.9871 -0.0000 -0.1602
vn 0.9970 -0.0000 -0.0774
vn 1.0000 -0.0000 -0.0000
vn 0.9970 -0.0000 0.0774
vn 0.9871 -0.0000 0.1602
vn 0.9684 -0.0000 0.2494
vn 0.9384 -0.0000 0.3455
vn 0.8939 -0.0000 0.4483
vn 0.8310 -0.0000 0.5563
vn 0.7457 -0.0000 0.6663
vn 0.6349 -0.0000 0.7726
vn 0.4984 -0.0000 0.8669
vn 0.3407 -0.0000 0.9402
vn 0.1710 -0.0000 0.9853
vn -0.0000 -0.0000 1.0000
vn 0.2077 -0.0000 0.9782
vn 0.4098 -0.0000 0.9122
vn 0.5863 -0.0000 0.8101
vn 0.7245 -0.0000 0.6893
vn 0.8241 -0.0000 0.5665
vn 0.8920 -0.0000 0.4521
vn 0.9367 -0.0000 0.3500
vn 0.9654 -0.0000 0.2607
vn 0.9831 -0.0000 0.1828
vn 0.9934 -0.0000 0.1146
vn 0.9985 -0.0000 0.0544
vn 0.9985 -0.0000 -0.0544
vn 0.9934 -0.0000 -0.1146
vn 0.9831 -0.0000 -0.1828
vn 0.9654 -0.0000 -0.2607
vn 0.9367 -0.0000 -0.3500
vn 0.8920 -0.0000 -0.4521
vn 0.8240 -0.0000 -0.5665
vn 0.7245 -0.0000 -0.6893
vn 0.5863 -0.0000 -0.8101
vn 0.4098 -0.0000 -0.9122
vn 0.2077 -0.0000 -0.9782
vn -0.2077 -0.0000 -0.9782
vn -0.4098 -0.0000 -0.9122
vn -0.5863 -0.0000 -0.8101
vn -0.7245 -0.0000 -0.6893
vn -0.8240 -0.0000 -0.5665
vn -0.8920 -0.0000 -0.4521
vn -0.9367 -0.0000 -0.3500
vn -0.9654 -0.0000 -0.2607
vn -0.9831 -0.0000 -0.1828
vn -0.9934 -0.0000 -0.1146
vn -0.9985 -0.0000 -0.0544
vn -0.9985 -0.0000 0.0544
vn -0.9934 -0.0000 0.1146
vn -0.9831 -0.0000 0.1828
vn -0.9654 -0.0000 0.2607
vn -0.9367 -0.0000 0.3500
vn -0.8920 -0.0000 0.4521
vn -0.8240 -0.0000 0.5665
vn -0.7245 -0.0000 0.6893
vn -0.5863 -0.0000 0.8101
vn -0.4098 -0.0000 0.9122
vn -0.2077 -0.0000 0.9782
vt 0.231579 0.000000
vt 0.252632 0.000000
vt 0.242105 0.000000
vt 0.263158 0.000000
vt 0.221053 0.000000
vt 0.273684 0.000000
vt 0.210526 0.000000
vt 0.284211 0.000000
vt 0.200000 0.000000
vt 0.189474 0.000000
vt 0.294737 0.000000
vt 0.178947 0.000000
vt 1.000000 0.000000
vt 0.305263 0.000000
vt 0.505263 0.000000
vt 0.989474 0.000000
vt 0.515789 0.000000
vt 0.978947 0.000000
vt 0.168421 0.000000
vt 0.315789 0.000000
vt 0.526316 0.000000
vt 0.968421 0.000000
vt 0.536842 0.000000
vt 0.957895 0.000000
vt 0.547368 0.000000
vt 0.947368 0.000000
vt 0.157895 0.000000
vt 0.326316 0.000000
vt 0.557895 0.000000
vt 0.936842 0.000000
vt 0.568421 0.000000
vt 0.926316 0.000000
vt 0.147368 0.000000
vt 0.336842 0.000000
vt 0.578947 0.000000
vt 0.915789 0.000000
vt 0.136842 0.000000
vt 0.347368 0.000000
vt 0.589474 0.000000
vt 0.905263 0.000000
vt 0.600000 0.000000
vt 0.894737 0.000000
vt 0.126316 0.000000
vt 0.357895 0.000000
vt 0.610526 0.000000
vt 0.884211 0.000000
vt 0.115789 0.000000
vt 0.368421 0.000000
vt 0.621053 0.000000
vt 0.873684 0.000000
vt 0.105263 0.000000
vt 0.631579 0.000000
vt 0.863158 0.000000
vt 0.378947 0.000000
vt 0.642105 0.000000
vt 0.852632 0.000000
vt 0.094737 0.000000
vt 0.389474 0.000000
vt 0.652632 0.000000
vt 0.842105 0.000000
vt 0.084211 0.000000
vt 0.400000 0.000000
vt 0.831579 0.000000
vt 0.663158 0.000000
vt 0.821053 0.000000
vt 0.673684 0.000000
vt 0.073684 0.000000
vt 0.410526 0.000000
vt 0.810526 0.000000
vt 0.684211 0.000000
vt 0.063158 0.000000
vt 0.421053 0.000000
vt 0.800000 0.000000
vt 0.694737 0.000000
vt 0.789474 0.000000
vt 0.705263 0.000000
vt 0.052632 0.000000
vt 0.431579 0.000000
vt 0.778947 0.000000
vt 0.715789 0.000000
vt 0.768421 0.000000
vt 0.726316 0.000000
vt 0.757895 0.000000
vt 0.736842 0.000000
vt 0.042105 0.000000
vt 0.442105 0.000000
vt 0.747368 0.000000
vt 0.031579 0.000000
vt 0.452632 0.000000
vt 0.021053 0.000000
vt 0.463158 0.000000
vt 0.010526 0.000000
vt 0.473684 0.000000
vt 0.000000 0.000000
vt 0.484211 0.000000
vt 0.494737 0.000000
vt 0.068493 0.000000
vt 0.082192 0.000000
vt 0.075342 0.000000
vt 0.061644 0.000000
vt 0.054795 0.000000
vt 0.089041 0.000000
vt 0.047945 0.000000
vt 0.041096 0.000000
vt 0.034247 0.000000
vt 0.095890 0.000000
vt 0.027397 0.000000
vt 0.020548 0.000000
vt 0.013699 0.000000
vt 0.102740 0.000000
vt 0.006849 0.000000
vt 0.109589 0.000000
vt 0.993151 0.000000
vt 0.986301 0.000000
vt 0.979452 0.000000
vt 0.972603 0.000000
vt 0.965753 0.000000
vt 0.958904 0.000000
vt 0.952055 0.000000
vt 0.116438 0.000000
vt 0.945205 0.000000
vt 0.938356 0.000000
vt 0.123288 0.000000
vt 0.931507 0.000000
vt 0.924658 0.000000
vt 0.917808 0.000000
vt 0.130137 0.000000
vt 0.910959 0.000000
vt 0.904110 0.000000
vt 0.136986 0.000000
vt 0.897260 0.000000
vt 0.890411 0.000000
vt 0.883562 0.000000
vt 0.143836 0.000000
vt 0.876712 0.000000
vt 0.869863 0.000000
vt 0.863014 0.000000
vt 0.150685 0.000000
vt 0.856164 0.000000
vt 0.849315 0.000000
vt 0.157534 0.000000
vt 0.842466 0.000000
vt 0.835616 0.000000
vt 0.164384 0.000000
vt 0.828767 0.000000
vt 0.821918 0.000000
vt 0.171233 0.000000
vt 0.815068 0.000000
vt 0.178082 0.000000
vt 0.808219 0.000000
vt 0.184932 0.000000
vt 0.801370 0.000000
vt 0.191781 0.000000
vt 0.794521 0.000000
vt 0.198630 0.000000
vt 0.787671 0.000000
vt 0.780822 0.000000
vt 0.205479 0.000000
vt 0.773973 0.000000
vt 0.212329 0.000000
vt 0.767123 0.000000
vt 0.760274 0.000000
vt 0.753425 0.000000
vt 0.219178 0.000000
vt 0.746575 0.000000
vt 0.739726 0.000000
vt 0.226027 0.000000
vt 0.232877 0.000000
vt 0.239726 0.000000
vt 0.246575 0.000000
vt 0.253425 0.000000
vt 0.260274 0.000000
vt 0.267123 0.000000
vt 0.273973 0.000000
vt 0.732877 0.000000
vt 0.280822 0.000000
vt 0.726027 0.000000
vt 0.719178 0.000000
vt 0.712329 0.000000
vt 0.287671 0.000000
vt 0.705479 0.000000
vt 0.698630 0.000000
vt 0.294521 0.000000
vt 0.691781 0.000000
vt 0.301370 0.000000
vt 0.684932 0.000000
vt 0.678082 0.000000
vt 0.308219 0.000000
vt 0.671233 0.000000
vt 0.315068 0.000000
vt 0.664384 0.000000
vt 0.321918 0.000000
vt 0.657534 0.000000
vt 0.328767 0.000000
vt 0.650685 0.000000
vt 0.643836 0.000000
vt 0.335616 0.000000
vt 0.636986 0.000000
vt 0.630137 0.000000
vt 0.342466 0.000000
vt 0.486301 0.000000
vt 0.500000 0.000000
vt 0.493151 0.000000
vt 0.623288 0.000000
vt 0.506849 0.000000
vt 0.616438 0.000000
vt 0.513699 0.000000
vt 0.349315 0.000000
vt 0.609589 0.000000
vt 0.520548 0.000000
vt 0.527397 0.000000
vt 0.602740 0.000000
vt 0.534247 0.000000
vt 0.595890 0.000000
vt 0.541096 0.000000
vt 0.547945 0.000000
vt 0.589041 0.000000
vt 0.356164 0.000000
vt 0.554795 0.000000
vt 0.582192 0.000000
vt 0.561644 0.000000
vt 0.568493 0.000000
vt 0.575342 0.000000
vt 0.363014 0.000000
vt 0.369863 0.000000
vt 0.376712 0.000000
vt 0.479452 0.000000
vt 0.472603 0.000000
vt 0.465753 0.000000
vt 0.383562 0.000000
vt 0.458904 0.000000
vt 0.452055 0.000000
vt 0.390411 0.000000
vt 0.445205 0.000000
vt 0.438356 0.000000
vt 0.431507 0.000000
vt 0.397260 0.000000
vt 0.424658 0.000000
vt 0.417808 0.000000
vt 0.404110 0.000000
vt 0.410959 0.000000
vt 0.900000 0.000000
vt 0.700000 0.000000
vt 0.100000 0.000000
vt 0.300000 0.000000
vt 0.000000 1.000000
vt 0.125000 1.000000
vt 0.125000 0.000000
vt 0.250000 1.000000
vt 0.250000 0.000000
vt 0.375000 1.000000
vt 0.375000 0.000000
vt 0.500000 1.000000
vt 0.625000 1.000000
vt 0.625000 0.000000
vt 0.750000 1.000000
vt 0.750000 0.000000
vt 0.875000 1.000000
vt 0.875000 0.000000
vt 1.000000 1.000000
vt 0.333333 1.000000
vt 0.333333 0.000000
vt 0.666667 1.000000
vt 0.666667 0.000000
vt 0.006803 1.000000
vt 0.006803 0.000000
vt 0.013605 1.000000
vt 0.013605 0.000000
vt 0.020408 1.000000
vt 0.020408 0.000000
vt 0.027211 1.000000
vt 0.027211 0.000000
vt 0.034014 1.000000
vt 0.034014 0.000000
vt 0.040816 1.000000
vt 0.040816 0.000000
vt 0.047619 1.000000
vt 0.047619 0.000000
vt 0.054422 1.000000
vt 0.054422 0.000000
vt 0.061224 1.000000
vt 0.061224 0.000000
vt 0.068027 1.000000
vt 0.068027 0.000000
vt 0.074830 1.000000
vt 0.074830 0.000000
vt 0.081633 1.000000
vt 0.081633 0.000000
vt 0.088435 1.000000
vt 0.088435 0.000000
vt 0.095238 1.000000
vt 0.095238 0.000000
vt 0.102041 1.000000
vt 0.102041 0.000000
vt 0.108844 1.000000
vt 0.108844 0.000000
vt 0.115646 1.000000
vt 0.115646 0.000000
vt 0.122449 1.000000
vt 0.122449 0.000000
vt 0.129252 1.000000
vt 0.129252 0.000000
vt 0.136054 1.000000
vt 0.136054 0.000000
vt 0.142857 1.000000
vt 0.142857 0.000000
vt 0.149660 1.000000
vt 0.149660 0.000000
vt 0.156463 1.000000
vt 0.156463 0.000000
vt 0.163265 1.000000
vt 0.163265 0.000000
vt 0.170068 1.000000
vt 0.170068 0.000000
vt 0.176871 1.000000
vt 0.176871 0.000000
vt 0.183673 1.000000
vt 0.183673 0.000000
vt 0.190476 1.000000
vt 0.190476 0.000000
vt 0.197279 1.000000
vt 0.197279 0.000000
vt 0.204082 1.000000
vt 0.204082 0.000000
vt 0.210884 1.000000
vt 0.210884 0.000000
vt 0.217687 1.000000
vt 0.217687 0.000000
vt 0.224490 1.000000
vt 0.224490 0.000000
vt 0.231293 1.000000
vt 0.231293 0.000000
vt 0.238095 1.000000
vt 0.238095 0.000000
vt 0.244898 1.000000
vt 0.244898 0.000000
vt 0.251701 1.000000
vt 0.251701 0.000000
vt 0.258503 1.000000
vt 0.258503 0.000000
vt 0.265306 1.000000
vt 0.265306 0.000000
vt 0.272109 1.000000
vt 0.272109 0.000000
vt 0.278912 1.000000
vt 0.278912 0.000000
vt 0.285714 1.000000
vt 0.285714 0.000000
vt 0.292517 1.000000
vt 0.292517 0.000000
vt 0.299320 1.000000
vt 0.299320 0.000000
vt 0.306122 1.000000
vt 0.306122 0.000000
vt 0.312925 1.000000
vt 0.312925 0.000000
vt 0.319728 1.000000
vt 0.319728 0.000000
vt 0.326531 1.000000
vt 0.326531 0.000000
vt 0.340136 1.000000
vt 0.340136 0.000000
vt 0.346939 1.000000
vt 0.346939 0.000000
vt 0.353741 1.000000
vt 0.353741 0.000000
vt 0.360544 1.000000
vt 0.360544 0.000000
vt 0.367347 1.000000
vt 0.367347 0.000000
vt 0.374150 1.000000
vt 0.374150 0.000000
vt 0.380952 1.000000
vt 0.380952 0.000000
vt 0.387755 1.000000
vt 0.387755 0.000000
vt 0.394558 1.000000
vt 0.394558 0.000000
vt 0.401361 1.000000
vt 0.401361 0.000000
vt 0.408163 1.000000
vt 0.408163 0.000000
vt 0.414966 1.000000
vt 0.414966 0.000000
vt 0.421769 1.000000
vt 0.421769 0.000000
vt 0.428571 1.000000
vt 0.428571 0.000000
vt 0.435374 1.000000
vt 0.435374 0.000000
vt 0.442177 1.000000
vt 0.442177 0.000000
vt 0.448980 1.000000
vt 0.448980 0.000000
vt 0.455782 1.000000
vt 0.455782 0.000000
vt 0.462585 1.000000
vt 0.462585 0.000000
vt 0.469388 1.000000
vt 0.469388 0.000000
vt 0.476190 1.000000
vt 0.476190 0.000000
vt 0.482993 1.000000
vt 0.482993 0.000000
vt 0.489796 1.000000
vt 0.489796 0.000000
vt 0.496599 1.000000
vt 0.496599 0.000000
vt 0.503401 1.000000
vt 0.503401 0.000000
vt 0.510204 1.000000
vt 0.510204 0.000000
vt 0.517007 1.000000
vt 0.517007 0.000000
vt 0.523810 1.000000
vt 0.523810 0.000000
vt 0.530612 1.000000
vt 0.530612 0.000000
vt 0.537415 1.000000
vt 0.537415 0.000000
vt 0.544218 1.000000
vt 0.544218 0.000000
vt 0.551020 1.000000
vt 0.551020 0.000000
vt 0.557823 1.000000
vt 0.557823 0.000000
vt 0.564626 1.000000
vt 0.564626 0.000000
vt 0.571429 1.000000
vt 0.571429 0.000000
vt 0.578231 1.000000
vt 0.578231 0.000000
vt 0.585034 1.000000
vt 0.585034 0.000000
vt 0.591837 1.000000
vt 0.591837 0.000000
vt 0.598639 1.000000
vt 0.598639 0.000000
vt 0.605442 1.000000
vt 0.605442 0.000000
vt 0.612245 1.000000
vt 0.612245 0.000000
vt 0.619048 1.000000
vt 0.619048 0.000000
vt 0.625850 1.000000
vt 0.625850 0.000000
vt 0.632653 1.000000
vt 0.632653 0.000000
vt 0.639456 1.000000
vt 0.639456 0.000000
vt 0.646259 1.000000
vt 0.646259 0.000000
vt 0.653061 1.000000
vt 0.653061 0.000000
vt 0.659864 1.000000
vt 0.659864 0.000000
vt 0.673469 1.000000
vt 0.673469 0.000000
vt 0.680272 1.000000
vt 0.680272 0.000000
vt 0.687075 1.000000
vt 0.687075 0.000000
vt 0.693878 1.000000
vt 0.693878 0.000000
vt 0.700680 1.000000
vt 0.700680 0.000000
vt 0.707483 1.000000
vt 0.707483 0.000000
vt 0.714286 1.000000
vt 0.714286 0.000000
vt 0.721088 1.000000
vt 0.721088 0.000000
vt 0.727891 1.000000
vt 0.727891 0.000000
vt 0.734694 1.000000
vt 0.734694 0.000000
vt 0.741497 1.000000
vt 0.741497 0.000000
vt 0.748299 1.000000
vt 0.748299 0.000000
vt 0.755102 1.000000
vt 0.755102 0.000000
vt 0.761905 1.000000
vt 0.761905 0.000000
vt 0.768707 1.000000
vt 0.768707 0.000000
vt 0.775510 1.000000
vt 0.775510 0.000000
vt 0.782313 1.000000
vt 0.782313 0.000000
vt 0.789116 1.000000
vt 0.789116 0.000000
vt 0.795918 1.000000
vt 0.795918 0.000000
vt 0.802721 1.000000
vt 0.802721 0.000000
vt 0.809524 1.000000
vt 0.809524 0.000000
vt 0.816327 1.000000
vt 0.816327 0.000000
vt 0.823129 1.000000
vt 0.823129 0.000000
vt 0.829932 1.000000
vt 0.829932 0.000000
vt 0.836735 1.000000
vt 0.836735 0.000000
vt 0.843537 1.000000
vt 0.843537 0.000000
vt 0.850340 1.000000
vt 0.850340 0.000000
vt 0.857143 1.000000
vt 0.857143 0.000000
vt 0.863946 1.000000
vt 0.863946 0.000000
vt 0.870748 1.000000
vt 0.870748 0.000000
vt 0.877551 1.000000
vt 0.877551 0.000000
vt 0.884354 1.000000
vt 0.884354 0.000000
vt 0.891156 1.000000
vt 0.891156 0.000000
vt 0.897959 1.000000
vt 0.897959 0.000000
vt 0.904762 1.000000
vt 0.904762 0.000000
vt 0.911565 1.000000
vt 0.911565 0.000000
vt 0.918367 1.000000
vt 0.918367 0.000000
vt 0.925170 1.000000
vt 0.925170 0.000000
vt 0.931973 1.000000
vt 0.931973 0.000000
vt 0.938776 1.000000
vt 0.938776 0.000000
vt 0.945578 1.000000
vt 0.945578 0.000000
vt 0.952381 1.000000
vt 0.952381 0.000000
vt 0.959184 1.000000
vt 0.959184 0.000000
vt 0.965986 1.000000
vt 0.965986 0.000000
vt 0.972789 1.000000
vt 0.972789 0.000000
vt 0.979592 1.000000
vt 0.979592 0.000000
vt 0.986395 1.000000
vt 0.986395 0.000000
vt 0.993197 1.000000
vt 0.993197 0.000000
vt 0.020833 1.000000
vt 0.020833 0.000000
vt 0.041667 1.000000
vt 0.041667 0.000000
vt 0.062500 1.000000
vt 0.062500 0.000000
vt 0.083333 1.000000
vt 0.083333 0.000000
vt 0.104167 1.000000
vt 0.104167 0.000000
vt 0.145833 1.000000
vt 0.145833 0.000000
vt 0.166667 1.000000
vt 0.166667 0.000000
vt 0.187500 1.000000
vt 0.187500 0.000000
vt 0.208333 1.000000
vt 0.208333 0.000000
vt 0.229167 1.000000
vt 0.229167 0.000000
vt 0.270833 1.000000
vt 0.270833 0.000000
vt 0.291667 1.000000
vt 0.291667 0.000000
vt 0.312500 1.000000
vt 0.312500 0.000000
vt 0.354167 1.000000
vt 0.354167 0.000000
vt 0.395833 1.000000
vt 0.395833 0.000000
vt 0.416667 1.000000
vt 0.416667 0.000000
vt 0.437500 1.000000
vt 0.437500 0.000000
vt 0.458333 1.000000
vt 0.458333 0.000000
vt 0.479167 1.000000
vt 0.479167 0.000000
vt 0.520833 1.000000
vt 0.520833 0.000000
vt 0.541667 1.000000
vt 0.541667 0.000000
vt 0.562500 1.000000
vt 0.562500 0.000000
vt 0.583333 1.000000
vt 0.583333 0.000000
vt 0.604167 1.000000
vt 0.604167 0.000000
vt 0.645833 1.000000
vt 0.645833 0.000000
vt 0.687500 1.000000
vt 0.687500 0.000000
vt 0.708333 1.000000
vt 0.708333 0.000000
vt 0.729167 1.000000
vt 0.729167 0.000000
vt 0.770833 1.000000
vt 0.770833 0.000000
vt 0.791667 1.000000
vt 0.791667 0.000000
vt 0.812500 1.000000
vt 0.812500 0.000000
vt 0.833333 1.000000
vt 0.833333 0.000000
vt 0.854167 1.000000
vt 0.854167 0.000000
vt 0.895833 1.000000
vt 0.895833 0.000000
vt 0.916667 1.000000
vt 0.916667 0.000000
vt 0.937500 1.000000
vt 0.937500 0.000000
vt 0.958333 1.000000
vt 0.958333 0.000000
vt 0.979167 1.000000
vt 0.979167 0.000000
s 0
usemtl A30_name
f 23/1/1 25/2/1 24/3/1
f 23/1/1 26/4/1 25/2/1
f 22/5/1 26/4/1 23/1/1
f 22/5/1 27/6/1 26/4/1
f 21/7/1 27/6/1 22/5/1
f 21/7/1 28/8/1 27/6/1
f 20/9/1 28/8/1 21/7/1
f 19/10/1 28/8/1 20/9/1
f 19/10/1 29/11/1 28/8/1
f 18/12/1 29/11/1 19/10/1
f 18/12/1 96/13/1 29/11/1
f 96/13/1 30/14/1 29/11/1
f 18/12/1 49/15/1 96/13/1
f 95/16/1 30/14/1 96/13/1
f 18/12/1 50/17/1 49/15/1
f 94/18/1 30/14/1 95/16/1
f 17/19/1 50/17/1 18/12/1
f 94/18/1 31/20/1 30/14/1
f 17/19/1 51/21/1 50/17/1
f 93/22/1 31/20/1 94/18/1
f 17/19/1 52/23/1 51/21/1
f 92/24/1 31/20/1 93/22/1
f 17/19/1 53/25/1 52/23/1
f 91/26/1 31/20/1 92/24/1
f 16/27/1 53/25/1 17/19/1
f 91/26/1 32/28/1 31/20/1
f 16/27/1 54/29/1 53/25/1
f 90/30/1 32/28/1 91/26/1
f 16/27/1 55/31/1 54/29/1
f 89/32/1 32/28/1 90/30/1
f 15/33/1 55/31/1 16/27/1
f 89/32/1 33/34/1 32/28/1
f 15/33/1 56/35/1 55/31/1
f 88/36/1 33/34/1 89/32/1
f 14/37/1 56/35/1 15/33/1
f 88/36/1 34/38/1 33/34/1
f 14/37/1 57/39/1 56/35/1
f 87/40/1 34/38/1 88/36/1
f 14/37/1 58/41/1 57/39/1
f 86/42/1 34/38/1 87/40/1
f 13/43/1 58/41/1 14/37/1
f 86/42/1 35/44/1 34/38/1
f 13/43/1 59/45/1 58/41/1
f 85/46/1 35/44/1 86/42/1
f 12/47/1 59/45/1 13/43/1
f 85/46/1 36/48/1 35/44/1
f 12/47/1 60/49/1 59/45/1
f 84/50/1 36/48/1 85/46/1
f 11/51/1 60/49/1 12/47/1
f 11/51/1 61/52/1 60/49/1
f 83/53/1 36/48/1 84/50/1
f 83/53/1 37/54/1 36/48/1
f 11/51/1 62/55/1 61/52/1
f 82/56/1 37/54/1 83/53/1
f 10/57/1 62/55/1 11/51/1
f 82/56/1 38/58/1 37/54/1
f 10/57/1 63/59/1 62/55/1
f 81/60/1 38/58/1 82/56/1
f 9/61/1 63/59/1 10/57/1
f 81/60/1 39/62/1 38/58/1
f 80/63/1 39/62/1 81/60/1
f 9/61/1 64/64/1 63/59/1
f 79/65/1 39/62/1 80/63/1
f 9/61/1 65/66/1 64/64/1
f 8/67/1 65/66/1 9/61/1
f 79/65/1 40/68/1 39/62/1
f 78/69/1 40/68/1 79/65/1
f 8/67/1 66/70/1 65/66/1
f 7/71/1 66/70/1 8/67/1
f 78/69/1 41/72/1 40/68/1
f 77/73/1 41/72/1 78/69/1
f 7/71/1 67/74/1 66/70/1
f 76/75/1 41/72/1 77/73/1
f 7/71/1 68/76/1 67/74/1
f 6/77/1 68/76/1 7/71/1
f 76/75/1 42/78/1 41/72/1
f 75/79/1 42/78/1 76/75/1
f 6/77/1 69/80/1 68/76/1
f 74/81/1 42/78/1 75/79/1
f 6/77/1 70/82/1 69/80/1
f 73/83/1 42/78/1 74/81/1
f 6/77/1 71/84/1 70/82/1
f 5/85/1 71/84/1 6/77/1
f 73/83/1 43/86/1 42/78/1
f 72/87/1 43/86/1 73/83/1
f 5/85/1 72/87/1 71/84/1
f 5/85/1 43/86/1 72/87/1
f 4/88/1 43/86/1 5/85/1
f 4/88/1 44/89/1 43/86/1
f 3/90/1 44/89/1 4/88/1
f 3/90/1 45/91/1 44/89/1
f 2/92/1 45/91/1 3/90/1
f 2/92/1 46/93/1 45/91/1
f 1/94/1 46/93/1 2/92/1
f 1/94/1 47/95/1 46/93/1
f 48/96/1 47/95/1 1/94/1
f 107/97/1 109/98/1 108/99/1
f 106/100/1 109/98/1 107/97/1
f 105/101/1 109/98/1 106/100/1
f 105/101/1 110/102/1 109/98/1
f 104/103/1 110/102/1 105/101/1
f 103/104/1 110/102/1 104/103/1
f 102/105/1 110/102/1 103/104/1
f 102/105/1 111/106/1 110/102/1
f 101/107/1 111/106/1 102/105/1
f 100/108/1 111/106/1 101/107/1
f 99/109/1 111/106/1 100/108/1
f 99/109/1 112/110/1 111/106/1
f 98/111/1 112/110/1 99/109/1
f 97/94/1 112/110/1 98/111/1
f 97/94/1 113/112/1 112/110/1
f 243/13/1 113/112/1 97/94/1
f 242/113/1 241/114/1 243/13/1
f 241/114/1 240/115/1 243/13/1
f 240/115/1 239/116/1 243/13/1
f 239/116/1 238/117/1 243/13/1
f 238/117/1 113/112/1 243/13/1
f 238/117/1 237/118/1 113/112/1
f 237/118/1 236/119/1 113/112/1
f 236/119/1 114/120/1 113/112/1
f 236/119/1 235/121/1 114/120/1
f 235/121/1 234/122/1 114/120/1
f 234/122/1 115/123/1 114/120/1
f 234/122/2 233/124/2 115/123/2
f 233/124/1 232/125/1 115/123/1
f 232/125/1 231/126/1 115/123/1
f 231/126/1 116/127/1 115/123/1
f 231/126/1 230/128/1 116/127/1
f 230/128/1 229/129/1 116/127/1
f 229/129/1 117/130/1 116/127/1
f 228/131/1 117/130/1 229/129/1
f 227/132/1 117/130/1 228/131/1
f 226/133/1 117/130/1 227/132/1
f 226/133/1 118/134/1 117/130/1
f 225/135/1 118/134/1 226/133/1
f 224/136/1 118/134/1 225/135/1
f 223/137/1 118/134/1 224/136/1
f 223/137/1 119/138/1 118/134/1
f 222/139/1 119/138/1 223/137/1
f 221/140/1 119/138/1 222/139/1
f 221/140/1 120/141/1 119/138/1
f 220/142/1 120/141/1 221/140/1
f 219/143/1 120/141/1 220/142/1
f 219/143/1 121/144/1 120/141/1
f 218/145/1 121/144/1 219/143/1
f 217/146/1 121/144/1 218/145/1
f 217/146/1 122/147/1 121/144/1
f 216/148/1 122/147/1 217/146/1
f 216/148/1 123/149/1 122/147/1
f 215/150/1 123/149/1 216/148/1
f 215/150/1 124/151/1 123/149/1
f 214/152/1 124/151/1 215/150/1
f 214/152/1 125/153/1 124/151/1
f 213/154/1 125/153/1 214/152/1
f 213/154/1 126/155/1 125/153/1
f 212/156/1 126/155/1 213/154/1
f 211/157/1 126/155/1 212/156/1
f 211/157/1 127/158/1 126/155/1
f 210/159/1 127/158/1 211/157/1
f 210/159/1 128/160/1 127/158/1
f 209/161/1 128/160/1 210/159/1
f 208/162/1 128/160/1 209/161/1
f 207/163/1 128/160/1 208/162/1
f 207/163/1 129/164/1 128/160/1
f 206/165/1 129/164/1 207/163/1
f 205/166/1 129/164/1 206/165/1
f 205/166/1 130/167/1 129/164/1
f 205/166/1 131/168/1 130/167/1
f 205/166/1 132/169/1 131/168/1
f 205/166/1 133/170/1 132/169/1
f 205/166/1 134/171/1 133/170/1
f 205/166/1 135/172/1 134/171/1
f 205/166/1 136/173/1 135/172/1
f 205/166/1 137/174/1 136/173/1
f 205/166/1 204/175/1 137/174/1
f 204/175/1 138/176/1 137/174/1
f 203/177/1 138/176/1 204/175/1
f 202/178/1 138/176/1 203/177/1
f 201/179/1 138/176/1 202/178/1
f 201/179/1 139/180/1 138/176/1
f 200/181/1 139/180/1 201/179/1
f 199/182/1 139/180/1 200/181/1
f 199/182/1 140/183/1 139/180/1
f 198/184/1 140/183/1 199/182/1
f 198/184/1 141/185/1 140/183/1
f 197/186/1 141/185/1 198/184/1
f 196/187/1 141/185/1 197/186/1
f 196/187/1 142/188/1 141/185/1
f 195/189/1 142/188/1 196/187/1
f 195/189/1 143/190/1 142/188/1
f 194/191/1 143/190/1 195/189/1
f 194/191/1 144/192/1 143/190/1
f 193/193/1 144/192/1 194/191/1
f 193/193/1 145/194/1 144/192/1
f 192/195/1 145/194/1 193/193/1
f 191/196/1 145/194/1 192/195/1
f 191/196/1 146/197/1 145/194/1
f 190/198/1 146/197/1 191/196/1
f 189/199/1 146/197/1 190/198/1
f 189/199/1 147/200/1 146/197/1
f 168/201/1 170/202/1 169/203/1
f 188/204/1 147/200/1 189/199/1
f 168/201/1 171/205/1 170/202/1
f 187/206/1 147/200/1 188/204/1
f 168/201/1 172/207/1 171/205/1
f 187/206/1 148/208/1 147/200/1
f 186/209/1 148/208/1 187/206/1
f 168/201/1 173/210/1 172/207/1
f 168/201/1 174/211/1 173/210/1
f 185/212/1 148/208/1 186/209/1
f 168/201/1 175/213/1 174/211/1
f 184/214/1 148/208/1 185/212/1
f 168/201/1 176/215/1 175/213/1
f 168/201/1 177/216/1 176/215/1
f 183/217/1 148/208/1 184/214/1
f 183/217/1 149/218/1 148/208/1
f 168/201/1 178/219/1 177/216/1
f 182/220/1 149/218/1 183/217/1
f 168/201/1 179/221/1 178/219/1
f 168/201/1 180/222/1 179/221/1
f 181/223/1 149/218/1 182/220/1
f 168/201/1 181/223/1 180/222/1
f 168/201/1 149/218/1 181/223/1
f 168/201/1 150/224/1 149/218/1
f 168/201/1 151/225/1 150/224/1
f 168/201/1 152/226/1 151/225/1
f 167/227/1 152/226/1 168/201/1
f 166/228/1 152/226/1 167/227/1
f 165/229/1 152/226/1 166/228/1
f 165/229/1 153/230/1 152/226/1
f 164/231/1 153/230/1 165/229/1
f 163/232/1 153/230/1 164/231/1
f 163/232/1 154/233/1 153/230/1
f 162/234/1 154/233/1 163/232/1
f 161/235/1 154/233/1 162/234/1
f 160/236/1 154/233/1 161/235/1
f 160/236/1 155/237/1 154/233/1
f 159/238/1 155/237/1 160/236/1
f 158/239/1 155/237/1 159/238/1
f 158/239/1 156/240/1 155/237/1
f 157/241/1 156/240/1 158/239/1
f 248/62/1 250/41/1 249/202/1
f 248/62/1 253/242/1 250/41/1
f 253/242/1 251/243/1 250/41/1
f 248/62/1 254/13/1 253/242/1
f 252/73/1 251/243/1 253/242/1
f 248/62/1 246/9/1 254/13/1
f 246/9/1 252/73/1 254/13/1
f 246/9/1 245/244/1 252/73/1
f 245/244/1 251/243/1 252/73/1
f 248/62/1 247/245/1 246/9/1
f 244/94/1 251/243/1 245/244/1
f 277/1/3 278/3/3 279/2/3
f 277/1/3 279/2/3 280/4/3
f 276/5/3 277/1/3 280/4/3
f 276/5/3 280/4/3 281/6/3
f 275/7/3 276/5/3 281/6/3
f 275/7/3 281/6/3 282/8/3
f 274/9/3 275/7/3 282/8/3
f 273/10/3 274/9/3 282/8/3
f 273/10/3 282/8/3 283/11/3
f 272/12/3 273/10/3 283/11/3
f 272/12/3 283/11/3 350/13/3
f 350/13/3 283/11/3 284/14/3
f 272/12/3 350/13/3 303/15/3
f 349/16/3 350/13/3 284/14/3
f 272/12/3 303/15/3 304/17/3
f 348/18/3 349/16/3 284/14/3
f 271/19/3 272/12/3 304/17/3
f 348/18/3 284/14/3 285/20/3
f 271/19/3 304/17/3 305/21/3
f 347/22/3 348/18/3 285/20/3
f 271/19/3 305/21/3 306/23/3
f 346/24/3 347/22/3 285/20/3
f 271/19/3 306/23/3 307/25/3
f 345/26/3 346/24/3 285/20/3
f 270/27/3 271/19/3 307/25/3
f 345/26/3 285/20/3 286/28/3
f 270/27/3 307/25/3 308/29/3
f 344/30/3 345/26/3 286/28/3
f 270/27/3 308/29/3 309/31/3
f 343/32/3 344/30/3 286/28/3
f 269/33/3 270/27/3 309/31/3
f 343/32/3 286/28/3 287/34/3
f 269/33/3 309/31/3 310/35/3
f 342/36/3 343/32/3 287/34/3
f 268/37/3 269/33/3 310/35/3
f 342/36/3 287/34/3 288/38/3
f 268/37/3 310/35/3 311/39/3
f 341/40/3 342/36/3 288/38/3
f 268/37/3 311/39/3 312/41/3
f 340/42/3 341/40/3 288/38/3
f 267/43/3 268/37/3 312/41/3
f 340/42/3 288/38/3 289/44/3
f 267/43/3 312/41/3 313/45/3
f 339/46/3 340/42/3 289/44/3
f 266/47/3 267/43/3 313/45/3
f 339/46/3 289/44/3 290/48/3
f 266/47/3 313/45/3 314/49/3
f 338/50/3 339/46/3 290/48/3
f 265/51/3 266/47/3 314/49/3
f 265/51/3 314/49/3 315/52/3
f 337/53/3 338/50/3 290/48/3
f 337/53/3 290/48/3 291/54/3
f 265/51/3 315/52/3 316/55/3
f 336/56/3 337/53/3 291/54/3
f 264/57/3 265/51/3 316/55/3
f 336/56/3 291/54/3 292/58/3
f 264/57/3 316/55/3 317/59/3
f 335/60/3 336/56/3 292/58/3
f 263/61/3 264/57/3 317/59/3
f 335/60/3 292/58/3 293/62/3
f 334/63/3 335/60/3 293/62/3
f 263/61/3 317/59/3 318/64/3
f 333/65/3 334/63/3 293/62/3
f 263/61/3 318/64/3 319/66/3
f 262/67/3 263/61/3 319/66/3
f 333/65/3 293/62/3 294/68/3
f 332/69/3 333/65/3 294/68/3
f 262/67/3 319/66/3 320/70/3
f 261/71/3 262/67/3 320/70/3
f 332/69/3 294/68/3 295/72/3
f 331/73/3 332/69/3 295/72/3
f 261/71/3 320/70/3 321/74/3
f 330/75/3 331/73/3 295/72/3
f 261/71/3 321/74/3 322/76/3
f 260/77/3 261/71/3 322/76/3
f 330/75/3 295/72/3 296/78/3
f 329/79/3 330/75/3 296/78/3
f 260/77/3 322/76/3 323/80/3
f 328/81/3 329/79/3 296/78/3
f 260/77/3 323/80/3 324/82/3
f 327/83/3 328/81/3 296/78/3
f 260/77/3 324/82/3 325/84/3
f 259/85/3 260/77/3 325/84/3
f 327/83/3 296/78/3 297/86/3
f 326/87/3 327/83/3 297/86/3
f 259/85/3 325/84/3 326/87/3
f 259/85/3 326/87/3 297/86/3
f 258/88/3 259/85/3 297/86/3
f 258/88/3 297/86/3 298/89/3
f 257/90/3 258/88/3 298/89/3
f 257/90/3 298/89/3 299/91/3
f 256/92/3 257/90/3 299/91/3
f 256/92/3 299/91/3 300/93/3
f 255/94/3 256/92/3 300/93/3
f 255/94/3 300/93/3 301/95/3
f 302/96/3 255/94/3 301/95/3
f 361/97/3 362/99/3 363/98/3
f 360/100/3 361/97/3 363/98/3
f 359/101/3 360/100/3 363/98/3
f 359/101/3 363/98/3 364/102/3
f 358/103/3 359/101/3 364/102/3
f 357/104/3 358/103/3 364/102/3
f 356/105/3 357/104/3 364/102/3
f 356/105/3 364/102/3 365/106/3
f 355/107/3 356/105/3 365/106/3
f 354/108/3 355/107/3 365/106/3
f 353/109/3 354/108/3 365/106/3
f 353/109/3 365/106/3 366/110/3
f 352/111/3 353/109/3 366/110/3
f 351/94/3 352/111/3 366/110/3
f 351/94/3 366/110/3 367/112/3
f 497/13/3 351/94/3 367/112/3
f 496/113/3 497/13/3 495/114/3
f 495/114/3 497/13/3 494/115/3
f 494/115/3 497/13/3 493/116/3
f 493/116/3 497/13/3 492/117/3
f 492/117/3 497/13/3 367/112/3
f 492/117/3 367/112/3 491/118/3
f 491/118/3 367/112/3 490/119/3
f 490/119/3 367/112/3 368/120/3
f 490/119/3 368/120/3 489/121/3
f 489/121/3 368/120/3 488/122/3
f 488/122/3 368/120/3 369/123/3
f 488/122/4 369/123/4 487/124/4
f 487/124/3 369/123/3 486/125/3
f 486/125/3 369/123/3 485/126/3
f 485/126/3 369/123/3 370/127/3
f 485/126/3 370/127/3 484/128/3
f 484/128/3 370/127/3 483/129/3
f 483/129/3 370/127/3 371/130/3
f 482/131/3 483/129/3 371/130/3
f 481/132/3 482/131/3 371/130/3
f 480/133/3 481/132/3 371/130/3
f 480/133/3 371/130/3 372/134/3
f 479/135/3 480/133/3 372/134/3
f 478/136/3 479/135/3 372/134/3
f 477/137/3 478/136/3 372/134/3
f 477/137/3 372/134/3 373/138/3
f 476/139/3 477/137/3 373/138/3
f 475/140/3 476/139/3 373/138/3
f 475/140/3 373/138/3 374/141/3
f 474/142/3 475/140/3 374/141/3
f 473/143/3 474/142/3 374/141/3
f 473/143/3 374/141/3 375/144/3
f 472/145/3 473/143/3 375/144/3
f 471/146/3 472/145/3 375/144/3
f 471/146/3 375/144/3 376/147/3
f 470/148/3 471/146/3 376/147/3
f 470/148/3 376/147/3 377/149/3
f 469/150/3 470/148/3 377/149/3
f 469/150/3 377/149/3 378/151/3
f 468/152/3 469/150/3 378/151/3
f 468/152/3 378/151/3 379/153/3
f 467/154/3 468/152/3 379/153/3
f 467/154/3 379/153/3 380/155/3
f 466/156/3 467/154/3 380/155/3
f 465/157/3 466/156/3 380/155/3
f 465/157/3 380/155/3 381/158/3
f 464/159/3 465/157/3 381/158/3
f 464/159/3 381/158/3 382/160/3
f 463/161/3 464/159/3 382/160/3
f 462/162/3 463/161/3 382/160/3
f 461/163/3 462/162/3 382/160/3
f 461/163/3 382/160/3 383/164/3
f 460/165/3 461/163/3 383/164/3
f 459/166/3 460/165/3 383/164/3
f 459/166/3 383/164/3 384/167/3
f 459/166/3 384/167/3 385/168/3
f 459/166/3 385/168/3 386/169/3
f 459/166/3 386/169/3 387/170/3
f 459/166/3 387/170/3 388/171/3
f 459/166/3 388/171/3 389/172/3
f 459/166/3 389/172/3 390/173/3
f 459/166/3 390/173/3 391/174/3
f 459/166/3 391/174/3 458/175/3
f 458/175/3 391/174/3 392/176/3
f 457/177/3 458/175/3 392/176/3
f 456/178/3 457/177/3 392/176/3
f 455/179/3 456/178/3 392/176/3
f 455/179/3 392/176/3 393/180/3
f 454/181/3 455/179/3 393/180/3
f 453/182/3 454/181/3 393/180/3
f 453/182/3 393/180/3 394/183/3
f 452/184/3 453/182/3 394/183/3
f 452/184/3 394/183/3 395/185/3
f 451/186/3 452/184/3 395/185/3
f 450/187/3 451/186/3 395/185/3
f 450/187/3 395/185/3 396/188/3
f 449/189/3 450/187/3 396/188/3
f 449/189/3 396/188/3 397/190/3
f 448/191/3 449/189/3 397/190/3
f 448/191/3 397/190/3 398/192/3
f 447/193/3 448/191/3 398/192/3
f 447/193/3 398/192/3 399/194/3
f 446/195/3 447/193/3 399/194/3
f 445/196/3 446/195/3 399/194/3
f 445/196/3 399/194/3 400/197/3
f 444/198/3 445/196/3 400/197/3
f 443/199/3 444/198/3 400/197/3
f 443/199/3 400/197/3 401/200/3
f 422/201/3 423/203/3 424/202/3
f 442/204/3 443/199/3 401/200/3
f 422/201/3 424/202/3 425/205/3
f 441/206/3 442/204/3 401/200/3
f 422/201/3 425/205/3 426/207/3
f 441/206/3 401/200/3 402/208/3
f 440/209/3 441/206/3 402/208/3
f 422/201/3 426/207/3 427/210/3
f 422/201/3 427/210/3 428/211/3
f 439/212/3 440/209/3 402/208/3
f 422/201/3 428/211/3 429/213/3
f 438/214/3 439/212/3 402/208/3
f 422/201/3 429/213/3 430/215/3
f 422/201/3 430/215/3 431/216/3
f 437/217/3 438/214/3 402/208/3
f 437/217/3 402/208/3 403/218/3
f 422/201/3 431/216/3 432/219/3
f 436/220/3 437/217/3 403/218/3
f 422/201/3 432/219/3 433/221/3
f 422/201/3 433/221/3 434/222/3
f 435/223/3 436/220/3 403/218/3
f 422/201/3 434/222/3 435/223/3
f 422/201/3 435/223/3 403/218/3
f 422/201/3 403/218/3 404/224/3
f 422/201/3 404/224/3 405/225/3
f 422/201/3 405/225/3 406/226/3
f 421/227/3 422/201/3 406/226/3
f 420/228/3 421/227/3 406/226/3
f 419/229/3 420/228/3 406/226/3
f 419/229/3 406/226/3 407/230/3
f 418/231/3 419/229/3 407/230/3
f 417/232/3 418/231/3 407/230/3
f 417/232/3 407/230/3 408/233/3
f 416/234/3 417/232/3 408/233/3
f 415/235/3 416/234/3 408/233/3
f 414/236/3 415/235/3 408/233/3
f 414/236/3 408/233/3 409/237/3
f 413/238/3 414/236/3 409/237/3
f 412/239/3 413/238/3 409/237/3
f 412/239/3 409/237/3 410/240/3
f 411/241/3 412/239/3 410/240/3
f 502/62/3 503/202/3 504/41/3
f 502/62/3 504/41/3 507/242/3
f 507/242/3 504/41/3 505/243/3
f 502/62/3 507/242/3 508/13/3
f 506/73/3 507/242/3 505/243/3
f 502/62/3 508/13/3 500/9/3
f 500/9/3 508/13/3 506/73/3
f 500/9/3 506/73/3 499/244/3
f 499/244/3 506/73/3 505/243/3
f 502/62/3 500/9/3 501/245/3
f 498/94/3 499/244/3 505/243/3
s 1
f 510/246/5 512/247/5 511/248/5 509/94/5
f 512/247/5 514/249/6 513/250/6 511/248/5
f 514/249/6 516/251/6 515/252/6 513/250/6
f 516/251/6 518/253/7 517/202/7 515/252/6
f 518/253/7 520/254/8 519/255/8 517/202/7
f 520/254/8 522/256/9 521/257/9 519/255/8
f 522/256/9 524/258/10 523/259/10 521/257/9
f 524/258/10 510/260/5 509/13/5 523/259/10
f 526/246/11 528/261/12 527/262/12 525/94/11
f 528/261/12 530/263/13 529/264/13 527/262/12
f 530/263/13 526/260/11 525/13/11 529/264/13
f 532/246/14 534/265/15 533/266/15 531/94/14
f 534/265/15 536/267/16 535/268/16 533/266/15
f 536/267/16 538/269/17 537/270/17 535/268/16
f 538/269/17 540/271/18 539/272/18 537/270/17
f 540/271/18 542/273/19 541/274/19 539/272/18
f 542/273/19 544/275/20 543/276/20 541/274/19
f 544/275/20 546/277/21 545/278/21 543/276/20
f 546/277/21 548/279/22 547/280/22 545/278/21
f 548/279/22 550/281/23 549/282/23 547/280/22
f 550/281/23 552/283/24 551/284/24 549/282/23
f 552/283/24 554/285/25 553/286/25 551/284/24
f 554/285/25 556/287/26 555/288/26 553/286/25
f 556/287/26 558/289/27 557/290/27 555/288/26
f 558/289/27 560/291/28 559/292/28 557/290/27
f 560/291/28 562/293/29 561/294/29 559/292/28
f 562/293/29 564/295/30 563/296/30 561/294/29
f 564/295/30 566/297/31 565/298/31 563/296/30
f 566/297/31 568/299/32 567/300/32 565/298/31
f 568/299/32 570/301/33 569/302/33 567/300/32
f 570/301/33 572/303/34 571/304/34 569/302/33
f 572/303/34 574/305/35 573/306/35 571/304/34
f 574/305/35 576/307/36 575/308/36 573/306/35
f 576/307/36 578/309/37 577/310/37 575/308/36
f 578/309/37 580/311/38 579/312/38 577/310/37
f 580/311/38 582/313/39 581/314/39 579/312/38
f 582/313/39 584/315/40 583/316/40 581/314/39
f 584/315/40 586/317/41 585/318/41 583/316/40
f 586/317/41 588/319/42 587/320/42 585/318/41
f 588/319/42 590/321/43 589/322/43 587/320/42
f 590/321/43 592/323/44 591/324/44 589/322/43
f 592/323/44 594/325/45 593/326/45 591/324/44
f 594/325/45 596/327/46 595/328/46 593/326/45
f 596/327/46 598/329/47 597/330/47 595/328/46
f 598/329/47 600/331/48 599/332/48 597/330/47
f 600/331/48 602/333/49 601/334/49 599/332/48
f 602/333/49 604/335/50 603/336/50 601/334/49
f 604/335/50 606/337/51 605/338/51 603/336/50
f 606/337/51 608/339/52 607/340/52 605/338/51
f 608/339/52 610/341/53 609/342/53 607/340/52
f 610/341/53 612/343/54 611/344/54 609/342/53
f 612/343/54 614/345/55 613/346/55 611/344/54
f 614/345/55 616/347/56 615/348/56 613/346/55
f 616/347/56 618/349/57 617/350/57 615/348/56
f 618/349/57 620/351/58 619/352/58 617/350/57
f 620/351/58 622/353/59 621/354/59 619/352/58
f 622/353/59 624/355/60 623/356/60 621/354/59
f 624/355/60 626/357/61 625/358/61 623/356/60
f 626/357/61 628/359/62 627/360/62 625/358/61
f 628/359/62 630/261/63 629/262/63 627/360/62
f 630/261/63 632/361/64 631/362/64 629/262/63
f 632/361/64 634/363/65 633/364/65 631/362/64
f 634/363/65 636/365/66 635/366/66 633/364/65
f 636/365/66 638/367/67 637/368/67 635/366/66
f 638/367/67 640/369/68 639/370/68 637/368/67
f 640/369/68 642/371/69 641/372/69 639/370/68
f 642/371/69 644/373/70 643/374/70 641/372/69
f 644/373/70 646/375/71 645/376/71 643/374/70
f 646/375/71 648/377/72 647/378/72 645/376/71
f 648/377/72 650/379/73 649/380/73 647/378/72
f 650/379/73 652/381/74 651/382/74 649/380/73
f 652/381/74 654/383/75 653/384/75 651/382/74
f 654/383/75 656/385/76 655/386/76 653/384/75
f 656/385/76 658/387/77 657/388/77 655/386/76
f 658/387/77 660/389/78 659/390/78 657/388/77
f 660/389/78 662/391/79 661/392/79 659/390/78
f 662/391/79 664/393/80 663/394/80 661/392/79
f 664/393/80 666/395/81 665/396/81 663/394/80
f 666/395/81 668/397/82 667/398/82 665/396/81
f 668/397/82 670/399/83 669/400/83 667/398/82
f 670/399/83 672/401/84 671/402/84 669/400/83
f 672/401/84 674/403/85 673/404/85 671/402/84
f 674/403/85 676/405/86 675/406/86 673/404/85
f 676/405/86 678/407/87 677/408/87 675/406/86
f 678/407/87 680/409/88 679/410/88 677/408/87
f 680/409/88 682/411/89 681/412/89 679/410/88
f 682/411/89 684/413/90 683/414/90 681/412/89
f 684/413/90 686/415/91 685/416/91 683/414/90
f 686/415/91 688/417/92 687/418/92 685/416/91
f 688/417/92 690/419/93 689/420/93 687/418/92
f 690/419/93 692/421/94 691/422/94 689/420/93
f 692/421/94 694/423/95 693/424/95 691/422/94
f 694/423/95 696/425/96 695/426/96 693/424/95
f 696/425/96 698/427/97 697/428/97 695/426/96
f 698/427/97 700/429/98 699/430/98 697/428/97
f 700/429/98 702/431/99 701/432/99 699/430/98
f 702/431/99 704/433/100 703/434/100 701/432/99
f 704/433/100 706/435/101 705/436/101 703/434/100
f 706/435/101 708/437/102 707/438/102 705/436/101
f 708/437/102 710/439/103 709/440/103 707/438/102
f 710/439/103 712/441/104 711/442/104 709/440/103
f 712/441/104 714/443/105 713/444/105 711/442/104
f 714/443/105 716/445/106 715/446/106 713/444/105
f 716/445/106 718/447/107 717/448/107 715/446/106
f 718/447/107 720/449/108 719/450/108 717/448/107
f 720/449/108 722/451/109 721/452/109 719/450/108
f 722/451/109 724/453/110 723/454/110 721/452/109
f 724/453/110 726/455/111 725/456/111 723/454/110
f 726/455/111 728/263/112 727/264/112 725/456/111
f 728/263/112 730/457/113 729/458/113 727/264/112
f 730/457/113 732/459/114 731/460/114 729/458/113
f 732/459/114 734/461/115 733/462/115 731/460/114
f 734/461/115 736/463/116 735/464/116 733/462/115
f 736/463/116 738/465/117 737/466/117 735/464/116
f 738/465/117 740/467/118 739/468/118 737/466/117
f 740/467/118 742/469/119 741/470/119 739/468/118
f 742/469/119 744/471/120 743/472/120 741/470/119
f 744/471/120 746/473/121 745/474/121 743/472/120
f 746/473/121 748/475/122 747/476/122 745/474/121
f 748/475/122 750/477/123 749/478/123 747/476/122
f 750/477/123 752/479/124 751/480/124 749/478/123
f 752/479/124 754/481/125 753/482/125 751/480/124
f 754/481/125 756/483/126 755/484/126 753/482/125
f 756/483/126 758/485/127 757/486/127 755/484/126
f 758/485/127 760/487/128 759/488/128 757/486/127
f 760/487/128 762/489/129 761/490/129 759/488/128
f 762/489/129 764/491/130 763/492/130 761/490/129
f 764/491/130 766/493/131 765/494/131 763/492/130
f 766/493/131 768/495/132 767/496/132 765/494/131
f 768/495/132 770/497/133 769/498/133 767/496/132
f 770/497/133 772/499/134 771/500/134 769/498/133
f 772/499/134 774/501/135 773/502/135 771/500/134
f 774/501/135 776/503/136 775/504/136 773/502/135
f 776/503/136 778/505/137 777/506/137 775/504/136
f 778/505/137 780/507/138 779/508/138 777/506/137
f 780/507/138 782/509/139 781/510/139 779/508/138
f 782/509/139 784/511/140 783/512/140 781/510/139
f 784/511/140 786/513/141 785/514/141 783/512/140
f 786/513/141 788/515/142 787/516/142 785/514/141
f 788/515/142 790/517/143 789/518/143 787/516/142
f 790/517/143 792/519/144 791/520/144 789/518/143
f 792/519/144 794/521/145 793/522/145 791/520/144
f 794/521/145 796/523/146 795/524/146 793/522/145
f 796/523/146 798/525/147 797/526/147 795/524/146
f 798/525/147 800/527/148 799/528/148 797/526/147
f 800/527/148 802/529/149 801/530/149 799/528/148
f 802/529/149 804/531/150 803/532/150 801/530/149
f 804/531/150 806/533/151 805/534/151 803/532/150
f 806/533/151 808/535/152 807/536/152 805/534/151
f 808/535/152 810/537/153 809/538/153 807/536/152
f 810/537/153 812/539/154 811/540/154 809/538/153
f 812/539/154 814/541/155 813/542/155 811/540/154
f 814/541/155 816/543/156 815/544/156 813/542/155
f 816/543/156 818/545/157 817/546/157 815/544/156
f 818/545/157 820/547/158 819/548/158 817/546/157
f 820/547/158 822/549/159 821/550/159 819/548/158
f 822/549/159 824/551/160 823/552/160 821/550/159
f 824/551/160 532/260/14 531/13/14 823/552/160
f 826/246/161 828/553/162 827/554/162 825/94/161
f 828/553/162 830/555/163 829/556/163 827/554/162
f 830/555/163 832/557/164 831/558/164 829/556/163
f 832/557/164 834/559/165 833/560/165 831/558/164
f 834/559/165 836/561/166 835/562/166 833/560/165
f 836/561/166 838/247/167 837/248/167 835/562/166
f 838/247/167 840/563/168 839/564/168 837/248/167
f 840/563/168 842/565/169 841/566/169 839/564/168
f 842/565/169 844/567/170 843/568/170 841/566/169
f 844/567/170 846/569/171 845/570/171 843/568/170
f 846/569/171 848/571/172 847/572/172 845/570/171
f 848/571/172 850/249/173 849/250/173 847/572/172
f 850/249/173 852/573/174 851/574/174 849/250/173
f 852/573/174 854/575/175 853/576/175 851/574/174
f 854/575/175 856/577/176 855/578/176 853/576/175
f 856/577/176 858/261/177 857/262/177 855/578/176
f 858/261/177 860/579/178 859/580/178 857/262/177
f 860/579/178 862/251/179 861/252/179 859/580/178
f 862/251/179 864/581/180 863/582/180 861/252/179
f 864/581/180 866/583/181 865/584/181 863/582/180
f 866/583/181 868/585/182 867/586/182 865/584/181
f 868/585/182 870/587/183 869/588/183 867/586/182
f 870/587/183 872/589/184 871/590/184 869/588/183
f 872/589/184 874/253/185 873/202/185 871/590/184
f 874/253/185 876/591/186 875/592/186 873/202/185
f 876/591/186 878/593/187 877/594/187 875/592/186
f 878/593/187 880/595/188 879/596/188 877/594/187
f 880/595/188 882/597/189 881/598/189 879/596/188
f 882/597/189 884/599/190 883/600/190 881/598/189
f 884/599/190 886/254/191 885/255/191 883/600/190
f 886/254/191 888/601/192 887/602/192 885/255/191
f 888/601/192 890/263/193 889/264/193 887/602/192
f 890/263/193 892/603/194 891/604/194 889/264/193
f 892/603/194 894/605/195 893/606/195 891/604/194
f 894/605/195 896/607/196 895/608/196 893/606/195
f 896/607/196 898/256/197 897/257/197 895/608/196
f 898/256/197 900/609/198 899/610/198 897/257/197
f 900/609/198 902/611/199 901/612/199 899/610/198
f 902/611/199 904/613/200 903/614/200 901/612/199
f 904/613/200 906/615/201 905/616/201 903/614/200
f 906/615/201 908/617/202 907/618/202 905/616/201
f 908/617/202 910/258/203 909/259/203 907/618/202
f 910/258/203 912/619/204 911/620/204 909/259/203
f 912/619/204 914/621/205 913/622/205 911/620/204
f 914/621/205 916/623/206 915/624/206 913/622/205
f 916/623/206 918/625/207 917/626/207 915/624/206
f 918/625/207 920/627/208 919/628/208 917/626/207
f 920/627/208 826/260/161 825/13/161 919/628/208
f 922/246/209 924/553/210 923/554/210 921/94/209
f 924/553/210 926/555/211 925/556/211 923/554/210
f 926/555/211 928/557/212 927/558/212 925/556/211
f 928/557/212 930/559/213 929/560/213 927/558/212
f 930/559/213 932/561/214 931/562/214 929/560/213
f 932/561/214 934/247/215 933/248/215 931/562/214
f 934/247/215 936/563/216 935/564/216 933/248/215
f 936/563/216 938/565/217 937/566/217 935/564/216
f 938/565/217 940/567/218 939/568/218 937/566/217
f 940/567/218 942/569/219 941/570/219 939/568/218
f 942/569/219 944/571/196 943/572/196 941/570/219
f 944/571/196 946/249/220 945/250/220 943/572/196
f 946/249/220 948/573/221 947/574/221 945/250/220
f 948/573/221 950/575/222 949/576/222 947/574/221
f 950/575/222 952/577/223 951/578/223 949/576/222
f 952/577/223 954/261/224 953/262/224 951/578/223
f 954/261/224 956/579/225 955/580/225 953/262/224
f 956/579/225 958/251/226 957/252/226 955/580/225
f 958/251/226 960/581/227 959/582/227 957/252/226
f 960/581/227 962/583/228 961/584/228 959/582/227
f 962/583/228 964/585/229 963/586/229 961/584/228
f 964/585/229 966/587/230 965/588/230 963/586/229
f 966/587/230 968/589/184 967/590/184 965/588/230
f 968/589/184 970/253/231 969/202/231 967/590/184
f 970/253/231 972/591/232 971/592/232 969/202/231
f 972/591/232 974/593/233 973/594/233 971/592/232
f 974/593/233 976/595/234 975/596/234 973/594/233
f 976/595/234 978/597/235 977/598/235 975/596/234
f 978/597/235 980/599/236 979/600/236 977/598/235
f 980/599/236 982/254/237 981/255/237 979/600/236
f 982/254/237 984/601/238 983/602/238 981/255/237
f 984/601/238 986/263/239 985/264/239 983/602/238
f 986/263/239 988/603/240 987/604/240 985/264/239
f 988/603/240 990/605/241 989/606/241 987/604/240
f 990/605/241 992/607/172 991/608/172 989/606/241
f 992/607/172 994/256/242 993/257/242 991/608/172
f 994/256/242 996/609/243 995/610/243 993/257/242
f 996/609/243 998/611/244 997/612/244 995/610/243
f 998/611/244 1000/613/245 999/614/245 997/612/244
f 1000/613/245 1002/615/246 1001/616/246 999/614/245
f 1002/615/246 1004/617/247 1003/618/247 1001/616/246
f 1004/617/247 1006/258/248 1005/259/248 1003/618/247
f 1006/258/248 1008/619/249 1007/620/249 1005/259/248
f 1008/619/249 1010/621/250 1009/622/250 1007/620/249
f 1010/621/250 1012/623/251 1011/624/251 1009/622/250
f 1012/623/251 1014/625/252 1013/626/252 1011/624/251
f 1014/625/252 1016/627/208 1015/628/208 1013/626/252
f 1016/627/208 922/260/209 921/13/209 1015/628/208
o Plane.069
v -92.944656 0.152912 -25.469534
v -80.774368 0.152912 -25.469534
v -92.944656 0.152912 -30.432451
v -80.774368 0.152912 -30.432451
v -92.944656 1.527438 -30.432451
v -92.944656 1.527438 -25.469534
v -80.774368 1.527438 -25.469534
v -80.774368 1.527438 -30.432451
v -92.944656 1.788578 -30.432451
v -92.944656 1.788578 -25.469534
v -80.774368 1.788578 -25.469534
v -80.774368 1.788578 -30.432451
v -93.963524 1.527438 -30.847935
v -93.963524 1.527438 -25.054050
v -79.755501 1.527438 -25.054050
v -79.755501 1.527438 -30.847935
v -93.963524 1.788578 -30.847935
v -93.963524 1.788578 -25.054050
v -79.755501 1.788578 -25.054050
v -79.755501 1.788578 -30.847935
v -80.774368 0.302007 -30.432451
v -80.774368 0.302007 -25.469534
v -92.944656 0.302007 -25.469534
v -92.944656 0.302007 -30.432451
v -91.592400 0.152912 -25.469534
v -90.240150 0.152912 -25.469534
v -88.887894 0.152912 -25.469534
v -87.535637 0.152912 -25.469534
v -86.183388 0.152912 -25.469534
v -84.831131 0.152912 -25.469534
v -83.478874 0.152912 -25.469534
v -82.126625 0.152912 -25.469534
v -82.126625 0.152912 -30.432451
v -83.478874 0.152912 -30.432451
v -84.831131 0.152912 -30.432451
v -86.183388 0.152912 -30.432451
v -87.535637 0.152912 -30.432451
v -88.887894 0.152912 -30.432451
v -90.240150 0.152912 -30.432451
v -91.592400 0.152912 -30.432451
v -91.592400 1.527438 -25.469534
v -90.240150 1.527438 -25.469534
v -88.887894 1.527438 -25.469534
v -87.535637 1.527438 -25.469534
v -86.183388 1.527438 -25.469534
v -84.831131 1.527438 -25.469534
v -83.478874 1.527438 -25.469534
v -82.126625 1.527438 -25.469534
v -82.126625 1.527438 -30.432451
v -83.478874 1.527438 -30.432451
v -84.831131 1.527438 -30.432451
v -86.183388 1.527438 -30.432451
v -87.535637 1.527438 -30.432451
v -88.887894 1.527438 -30.432451
v -90.240150 1.527438 -30.432451
v -91.592400 1.527438 -30.432451
v -91.592400 1.788578 -25.469534
v -90.240150 1.788578 -25.469534
v -88.887894 1.788578 -25.469534
v -87.535637 1.788578 -25.469534
v -86.183388 1.788578 -25.469534
v -84.831131 1.788578 -25.469534
v -83.478874 1.788578 -25.469534
v -82.126625 1.788578 -25.469534
v -82.126625 1.788578 -30.432451
v -83.478874 1.788578 -30.432451
v -84.831131 1.788578 -30.432451
v -86.183388 1.788578 -30.432451
v -87.535637 1.788578 -30.432451
v -88.887894 1.788578 -30.432451
v -90.240150 1.788578 -30.432451
v -91.592400 1.788578 -30.432451
v -92.384857 1.527438 -25.054050
v -90.806183 1.527438 -25.054050
v -89.227516 1.527438 -25.054050
v -87.648849 1.527438 -25.054050
v -86.070175 1.527438 -25.054050
v -84.491508 1.527438 -25.054050
v -82.912842 1.527438 -25.054050
v -81.334167 1.527438 -25.054050
v -81.334167 1.527438 -30.847935
v -82.912842 1.527438 -30.847935
v -84.491508 1.527438 -30.847935
v -86.070175 1.527438 -30.847935
v -87.648849 1.527438 -30.847935
v -89.227516 1.527438 -30.847935
v -90.806183 1.527438 -30.847935
v -92.384857 1.527438 -30.847935
v -92.384857 1.788578 -25.054050
v -90.806183 1.788578 -25.054050
v -89.227516 1.788578 -25.054050
v -87.648849 1.788578 -25.054050
v -86.070175 1.788578 -25.054050
v -84.491508 1.788578 -25.054050
v -82.912842 1.788578 -25.054050
v -81.334167 1.788578 -25.054050
v -81.334167 1.788578 -30.847935
v -82.912842 1.788578 -30.847935
v -84.491508 1.788578 -30.847935
v -86.070175 1.788578 -30.847935
v -87.648849 1.788578 -30.847935
v -89.227516 1.788578 -30.847935
v -90.806183 1.788578 -30.847935
v -92.384857 1.788578 -30.847935
v -82.126625 0.302007 -25.469534
v -83.478874 0.302007 -25.469534
v -84.831131 0.302007 -25.469534
v -86.183388 0.302007 -25.469534
v -87.535637 0.302007 -25.469534
v -88.887894 0.302007 -25.469534
v -90.240150 0.302007 -25.469534
v -91.592400 0.302007 -25.469534
v -91.592400 0.302007 -30.432451
v -90.240150 0.302007 -30.432451
v -88.887894 0.302007 -30.432451
v -87.535637 0.302007 -30.432451
v -86.183388 0.302007 -30.432451
v -84.831131 0.302007 -30.432451
v -83.478874 0.302007 -30.432451
v -82.126625 0.302007 -30.432451
v -92.944656 0.152912 -29.605299
v -92.944656 0.152912 -28.778145
v -92.944656 0.152912 -27.950993
v -92.944656 0.152912 -27.123840
v -92.944656 0.152912 -26.296686
v -80.774368 0.152912 -26.296686
v -80.774368 0.152912 -27.123840
v -80.774368 0.152912 -27.950993
v -80.774368 0.152912 -28.778145
v -80.774368 0.152912 -29.605299
v -92.944656 1.527438 -29.605299
v -92.944656 1.527438 -28.778145
v -92.944656 1.527438 -27.950993
v -92.944656 1.527438 -27.123840
v -92.944656 1.527438 -26.296686
v -80.774368 1.527438 -26.296686
v -80.774368 1.527438 -27.123840
v -80.774368 1.527438 -27.950993
v -80.774368 1.527438 -28.778145
v -80.774368 1.527438 -29.605299
v -92.944656 1.788578 -29.605299
v -92.944656 1.788578 -28.778145
v -92.944656 1.788578 -27.950993
v -92.944656 1.788578 -27.123840
v -92.944656 1.788578 -26.296686
v -80.774368 1.788578 -26.296686
v -80.774368 1.788578 -27.123840
v -80.774368 1.788578 -27.950993
v -80.774368 1.788578 -28.778145
v -80.774368 1.788578 -29.605299
v -93.963524 1.527438 -29.882288
v -93.963524 1.527438 -28.916639
v -93.963524 1.527438 -27.950993
v -93.963524 1.527438 -26.985346
v -93.963524 1.527438 -26.019697
v -79.755501 1.527438 -26.019697
v -79.755501 1.527438 -26.985346
v -79.755501 1.527438 -27.950993
v -79.755501 1.527438 -28.916639
v -79.755501 1.527438 -29.882288
v -93.963524 1.788578 -29.882288
v -93.963524 1.788578 -28.916639
v -93.963524 1.788578 -27.950993
v -93.963524 1.788578 -26.985346
v -93.963524 1.788578 -26.019697
v -79.755501 1.788578 -26.019697
v -79.755501 1.788578 -26.985346
v -79.755501 1.788578 -27.950993
v -79.755501 1.788578 -28.916639
v -79.755501 1.788578 -29.882288
v -92.944656 0.302007 -26.296686
v -92.944656 0.302007 -27.123840
v -92.944656 0.302007 -27.950993
v -92.944656 0.302007 -28.778145
v -92.944656 0.302007 -29.605299
v -80.774368 0.302007 -29.605299
v -80.774368 0.302007 -28.778145
v -80.774368 0.302007 -27.950993
v -80.774368 0.302007 -27.123840
v -80.774368 0.302007 -26.296686
v -91.592400 1.788578 -26.296686
v -91.592400 1.788578 -27.123840
v -91.592400 1.788578 -27.950993
v -91.592400 1.788578 -28.778145
v -91.592400 1.788578 -29.605299
v -90.240150 1.788578 -26.296686
v -90.240150 1.788578 -27.123840
v -90.240150 1.788578 -27.950993
v -90.240150 1.788578 -28.778145
v -90.240150 1.788578 -29.605299
v -88.887894 1.788578 -26.296686
v -88.887894 1.788578 -27.123840
v -88.887894 1.788578 -27.950993
v -88.887894 1.788578 -28.778145
v -88.887894 1.788578 -29.605299
v -87.535637 1.788578 -26.296686
v -87.535637 1.788578 -27.123840
v -87.535637 1.788578 -27.950993
v -87.535637 1.788578 -28.778145
v -87.535637 1.788578 -29.605299
v -86.183388 1.788578 -26.296686
v -86.183388 1.788578 -27.123840
v -86.183388 1.788578 -27.950993
v -86.183388 1.788578 -28.778145
v -86.183388 1.788578 -29.605299
v -84.831131 1.788578 -26.296686
v -84.831131 1.788578 -27.123840
v -84.831131 1.788578 -27.950993
v -84.831131 1.788578 -28.778145
v -84.831131 1.788578 -29.605299
v -83.478874 1.788578 -26.296686
v -83.478874 1.788578 -27.123840
v -83.478874 1.788578 -27.950993
v -83.478874 1.788578 -28.778145
v -83.478874 1.788578 -29.605299
v -82.126625 1.788578 -26.296686
v -82.126625 1.788578 -27.123840
v -82.126625 1.788578 -27.950993
v -82.126625 1.788578 -28.778145
v -82.126625 1.788578 -29.605299
v -91.592400 0.152912 -29.605299
v -91.592400 0.152912 -28.778145
v -91.592400 0.152912 -27.950993
v -91.592400 0.152912 -27.123840
v -91.592400 0.152912 -26.296686
v -90.240150 0.152912 -29.605299
v -90.240150 0.152912 -28.778145
v -90.240150 0.152912 -27.950993
v -90.240150 0.152912 -27.123840
v -90.240150 0.152912 -26.296686
v -88.887894 0.152912 -29.605299
v -88.887894 0.152912 -28.778145
v -88.887894 0.152912 -27.950993
v -88.887894 0.152912 -27.123840
v -88.887894 0.152912 -26.296686
v -87.535637 0.152912 -29.605299
v -87.535637 0.152912 -28.778145
v -87.535637 0.152912 -27.950993
v -87.535637 0.152912 -27.123840
v -87.535637 0.152912 -26.296686
v -86.183388 0.152912 -29.605299
v -86.183388 0.152912 -28.778145
v -86.183388 0.152912 -27.950993
v -86.183388 0.152912 -27.123840
v -86.183388 0.152912 -26.296686
v -84.831131 0.152912 -29.605299
v -84.831131 0.152912 -28.778145
v -84.831131 0.152912 -27.950993
v -84.831131 0.152912 -27.123840
v -84.831131 0.152912 -26.296686
v -83.478874 0.152912 -29.605299
v -83.478874 0.152912 -28.778145
v -83.478874 0.152912 -27.950993
v -83.478874 0.152912 -27.123840
v -83.478874 0.152912 -26.296686
v -82.126625 0.152912 -29.605299
v -82.126625 0.152912 -28.778145
v -82.126625 0.152912 -27.950993
v -82.126625 0.152912 -27.123840
v -82.126625 0.152912 -26.296686
v -80.774368 0.369136 -29.771875
v -80.774368 0.369136 -30.265875
v -80.774368 1.460309 -30.265875
v -80.774368 1.460309 -29.771877
v -80.774368 0.369136 -25.636110
v -80.774368 0.369136 -26.130108
v -80.774368 1.460309 -26.130110
v -80.774368 1.460309 -25.636110
v -80.774368 0.369136 -26.463264
v -80.774368 0.369136 -26.957262
v -80.774368 1.460309 -26.957262
v -80.774368 1.460309 -26.463264
v -80.774368 0.369136 -27.290417
v -80.774368 0.369136 -27.784414
v -80.774368 1.460309 -27.784414
v -80.774368 1.460309 -27.290417
v -80.774368 0.369136 -28.117571
v -80.774368 0.369136 -28.611568
v -80.774368 1.460309 -28.611568
v -80.774368 1.460309 -28.117571
v -80.774368 0.369136 -28.944723
v -80.774368 0.369136 -29.438721
v -80.774368 1.460309 -29.438721
v -80.774368 1.460309 -28.944723
v -81.770844 0.360473 -25.469534
v -81.130142 0.360473 -25.469534
v -81.130142 1.468971 -25.469534
v -81.770844 1.468971 -25.469534
v -92.588882 0.360473 -25.469534
v -91.948181 0.360473 -25.469534
v -91.948181 1.468971 -25.469534
v -92.588882 1.468971 -25.469534
v -91.236626 0.360473 -25.469534
v -90.595924 0.360473 -25.469534
v -90.595924 1.468971 -25.469534
v -91.236626 1.468971 -25.469534
v -89.884369 0.360473 -25.469534
v -89.243668 0.360473 -25.469534
v -89.243668 1.468971 -25.469534
v -89.884369 1.468971 -25.469534
v -88.532120 0.360473 -25.469534
v -87.891418 0.360473 -25.469534
v -87.891418 1.468971 -25.469534
v -88.532120 1.468971 -25.469534
v -87.179863 0.360473 -25.469534
v -86.539162 0.360473 -25.469534
v -86.539162 1.468971 -25.469534
v -87.179863 1.468971 -25.469534
v -85.827606 0.360473 -25.469534
v -85.186905 0.360473 -25.469534
v -85.186905 1.468971 -25.469534
v -85.827606 1.468971 -25.469534
v -84.475357 0.360473 -25.469534
v -83.834656 0.360473 -25.469534
v -83.834656 1.468971 -25.469534
v -84.475357 1.468971 -25.469534
v -83.123100 0.360473 -25.469534
v -82.482399 0.360473 -25.469534
v -82.482399 1.468971 -25.469534
v -83.123100 1.468971 -25.469534
v -92.944656 0.372173 -26.122572
v -92.944656 0.372173 -25.643648
v -92.944656 1.457271 -25.643648
v -92.944656 1.457271 -26.122572
v -92.944656 0.372173 -30.258337
v -92.944656 0.372173 -29.779413
v -92.944656 1.457271 -29.779413
v -92.944656 1.457271 -30.258337
v -92.944656 0.372173 -29.431185
v -92.944656 0.372173 -28.952261
v -92.944656 1.457271 -28.952261
v -92.944656 1.457271 -29.431185
v -92.944656 0.372173 -28.604031
v -92.944656 0.372173 -28.125107
v -92.944656 1.457271 -28.125107
v -92.944656 1.457271 -28.604031
v -92.944656 0.372173 -27.776878
v -92.944656 0.372173 -27.297955
v -92.944656 1.457271 -27.297955
v -92.944656 1.457271 -27.776878
v -92.944656 0.372173 -26.949724
v -92.944656 0.372173 -26.470800
v -92.944656 1.457271 -26.470800
v -92.944656 1.457271 -26.949724
v -91.924805 0.356632 -30.432451
v -92.612259 0.356632 -30.432451
v -92.612259 1.472813 -30.432451
v -91.924805 1.472813 -30.432451
v -81.106766 0.356632 -30.432451
v -81.794220 0.356632 -30.432451
v -81.794220 1.472813 -30.432451
v -81.106766 1.472813 -30.432451
v -82.459023 0.356632 -30.432451
v -83.146477 0.356632 -30.432451
v -83.146477 1.472813 -30.432451
v -82.459023 1.472813 -30.432451
v -83.811279 0.356632 -30.432451
v -84.498734 0.356632 -30.432451
v -84.498734 1.472813 -30.432451
v -83.811279 1.472813 -30.432451
v -85.163528 0.356632 -30.432451
v -85.850983 0.356632 -30.432451
v -85.850983 1.472813 -30.432451
v -85.163528 1.472813 -30.432451
v -86.515785 0.356632 -30.432451
v -87.203239 0.356632 -30.432451
v -87.203239 1.472813 -30.432451
v -86.515785 1.472813 -30.432451
v -87.868042 0.356632 -30.432451
v -88.555496 0.356632 -30.432451
v -88.555496 1.472813 -30.432451
v -87.868042 1.472813 -30.432451
v -89.220291 0.356632 -30.432451
v -89.907745 0.356632 -30.432451
v -89.907745 1.472813 -30.432451
v -89.220291 1.472813 -30.432451
v -90.572548 0.356632 -30.432451
v -91.260002 0.356632 -30.432451
v -91.260002 1.472813 -30.432451
v -90.572548 1.472813 -30.432451
v -92.612259 0.356632 -30.357695
v -91.924805 0.356632 -30.357695
v -91.924805 1.472813 -30.357695
v -92.612259 1.472813 -30.357695
v -81.794220 0.356632 -30.357695
v -81.106766 0.356632 -30.357695
v -81.106766 1.472813 -30.357695
v -81.794220 1.472813 -30.357695
v -83.146477 0.356632 -30.357695
v -82.459023 0.356632 -30.357695
v -82.459023 1.472813 -30.357695
v -83.146477 1.472813 -30.357695
v -84.498734 0.356632 -30.357695
v -83.811279 0.356632 -30.357695
v -83.811279 1.472813 -30.357695
v -84.498734 1.472813 -30.357695
v -85.850983 0.356632 -30.357695
v -85.163528 0.356632 -30.357695
v -85.163528 1.472813 -30.357695
v -85.850983 1.472813 -30.357695
v -87.203239 0.356632 -30.357695
v -86.515785 0.356632 -30.357695
v -86.515785 1.472813 -30.357695
v -87.203239 1.472813 -30.357695
v -88.555496 0.356632 -30.357695
v -87.868042 0.356632 -30.357695
v -87.868042 1.472813 -30.357695
v -88.555496 1.472813 -30.357695
v -89.907745 0.356632 -30.357695
v -89.220291 0.356632 -30.357695
v -89.220291 1.472813 -30.357695
v -89.907745 1.472813 -30.357695
v -91.260002 0.356632 -30.357695
v -90.572548 0.356632 -30.357695
v -90.572548 1.472813 -30.357695
v -91.260002 1.472813 -30.357695
v -92.944656 1.788578 -25.469534
v -80.774368 1.788578 -25.469534
v -92.944656 1.788578 -30.432451
v -80.774368 1.788578 -30.432451
v -92.944656 3.163103 -30.432451
v -92.944656 3.163103 -25.469534
v -80.774368 3.163103 -25.469534
v -80.774368 3.163103 -30.432451
v -92.944656 3.424243 -30.432451
v -92.944656 3.424243 -25.469534
v -80.774368 3.424243 -25.469534
v -80.774368 3.424243 -30.432451
v -93.963524 3.163103 -30.847935
v -93.963524 3.163103 -25.054050
v -79.755501 3.163103 -25.054050
v -79.755501 3.163103 -30.847935
v -93.963524 3.424243 -30.847935
v -93.963524 3.424243 -25.054050
v -79.755501 3.424243 -25.054050
v -79.755501 3.424243 -30.847935
v -80.774368 1.937672 -30.432451
v -80.774368 1.937672 -25.469534
v -92.944656 1.937672 -25.469534
v -92.944656 1.937672 -30.432451
v -91.592400 1.788578 -25.469534
v -90.240150 1.788578 -25.469534
v -88.887894 1.788578 -25.469534
v -87.535637 1.788578 -25.469534
v -86.183388 1.788578 -25.469534
v -84.831131 1.788578 -25.469534
v -83.478874 1.788578 -25.469534
v -82.126625 1.788578 -25.469534
v -82.126625 1.788578 -30.432451
v -83.478874 1.788578 -30.432451
v -84.831131 1.788578 -30.432451
v -86.183388 1.788578 -30.432451
v -87.535637 1.788578 -30.432451
v -88.887894 1.788578 -30.432451
v -90.240150 1.788578 -30.432451
v -91.592400 1.788578 -30.432451
v -91.592400 3.163103 -25.469534
v -90.240150 3.163103 -25.469534
v -88.887894 3.163103 -25.469534
v -87.535637 3.163103 -25.469534
v -86.183388 3.163103 -25.469534
v -84.831131 3.163103 -25.469534
v -83.478874 3.163103 -25.469534
v -82.126625 3.163103 -25.469534
v -82.126625 3.163103 -30.432451
v -83.478874 3.163103 -30.432451
v -84.831131 3.163103 -30.432451
v -86.183388 3.163103 -30.432451
v -87.535637 3.163103 -30.432451
v -88.887894 3.163103 -30.432451
v -90.240150 3.163103 -30.432451
v -91.592400 3.163103 -30.432451
v -91.592400 3.424243 -25.469534
v -90.240150 3.424243 -25.469534
v -88.887894 3.424243 -25.469534
v -87.535637 3.424243 -25.469534
v -86.183388 3.424243 -25.469534
v -84.831131 3.424243 -25.469534
v -83.478874 3.424243 -25.469534
v -82.126625 3.424243 -25.469534
v -82.126625 3.424243 -30.432451
v -83.478874 3.424243 -30.432451
v -84.831131 3.424243 -30.432451
v -86.183388 3.424243 -30.432451
v -87.535637 3.424243 -30.432451
v -88.887894 3.424243 -30.432451
v -90.240150 3.424243 -30.432451
v -91.592400 3.424243 -30.432451
v -92.384857 3.163103 -25.054050
v -90.806183 3.163103 -25.054050
v -89.227516 3.163103 -25.054050
v -87.648849 3.163103 -25.054050
v -86.070175 3.163103 -25.054050
v -84.491508 3.163103 -25.054050
v -82.912842 3.163103 -25.054050
v -81.334167 3.163103 -25.054050
v -81.334167 3.163103 -30.847935
v -82.912842 3.163103 -30.847935
v -84.491508 3.163103 -30.847935
v -86.070175 3.163103 -30.847935
v -87.648849 3.163103 -30.847935
v -89.227516 3.163103 -30.847935
v -90.806183 3.163103 -30.847935
v -92.384857 3.163103 -30.847935
v -92.384857 3.424243 -25.054050
v -90.806183 3.424243 -25.054050
v -89.227516 3.424243 -25.054050
v -87.648849 3.424243 -25.054050
v -86.070175 3.424243 -25.054050
v -84.491508 3.424243 -25.054050
v -82.912842 3.424243 -25.054050
v -81.334167 3.424243 -25.054050
v -81.334167 3.424243 -30.847935
v -82.912842 3.424243 -30.847935
v -84.491508 3.424243 -30.847935
v -86.070175 3.424243 -30.847935
v -87.648849 3.424243 -30.847935
v -89.227516 3.424243 -30.847935
v -90.806183 3.424243 -30.847935
v -92.384857 3.424243 -30.847935
v -82.126625 1.937672 -25.469534
v -83.478874 1.937672 -25.469534
v -84.831131 1.937672 -25.469534
v -86.183388 1.937672 -25.469534
v -87.535637 1.937672 -25.469534
v -88.887894 1.937672 -25.469534
v -90.240150 1.937672 -25.469534
v -91.592400 1.937672 -25.469534
v -91.592400 1.937672 -30.432451
v -90.240150 1.937672 -30.432451
v -88.887894 1.937672 -30.432451
v -87.535637 1.937672 -30.432451
v -86.183388 1.937672 -30.432451
v -84.831131 1.937672 -30.432451
v -83.478874 1.937672 -30.432451
v -82.126625 1.937672 -30.432451
v -92.944656 1.788578 -29.605299
v -92.944656 1.788578 -28.778145
v -92.944656 1.788578 -27.950993
v -92.944656 1.788578 -27.123840
v -92.944656 1.788578 -26.296686
v -80.774368 1.788578 -26.296686
v -80.774368 1.788578 -27.123840
v -80.774368 1.788578 -27.950993
v -80.774368 1.788578 -28.778145
v -80.774368 1.788578 -29.605299
v -92.944656 3.163103 -29.605299
v -92.944656 3.163103 -28.778145
v -92.944656 3.163103 -27.950993
v -92.944656 3.163103 -27.123840
v -92.944656 3.163103 -26.296686
v -80.774368 3.163103 -26.296686
v -80.774368 3.163103 -27.123840
v -80.774368 3.163103 -27.950993
v -80.774368 3.163103 -28.778145
v -80.774368 3.163103 -29.605299
v -92.944656 3.424243 -29.605299
v -92.944656 3.424243 -28.778145
v -92.944656 3.424243 -27.950993
v -92.944656 3.424243 -27.123840
v -92.944656 3.424243 -26.296686
v -80.774368 3.424243 -26.296686
v -80.774368 3.424243 -27.123840
v -80.774368 3.424243 -27.950993
v -80.774368 3.424243 -28.778145
v -80.774368 3.424243 -29.605299
v -93.963524 3.163103 -29.882288
v -93.963524 3.163103 -28.916639
v -93.963524 3.163103 -27.950993
v -93.963524 3.163103 -26.985346
v -93.963524 3.163103 -26.019697
v -79.755501 3.163103 -26.019697
v -79.755501 3.163103 -26.985346
v -79.755501 3.163103 -27.950993
v -79.755501 3.163103 -28.916639
v -79.755501 3.163103 -29.882288
v -93.963524 3.424243 -29.882288
v -93.963524 3.424243 -28.916639
v -93.963524 3.424243 -27.950993
v -93.963524 3.424243 -26.985346
v -93.963524 3.424243 -26.019697
v -79.755501 3.424243 -26.019697
v -79.755501 3.424243 -26.985346
v -79.755501 3.424243 -27.950993
v -79.755501 3.424243 -28.916639
v -79.755501 3.424243 -29.882288
v -92.944656 1.937672 -26.296686
v -92.944656 1.937672 -27.123840
v -92.944656 1.937672 -27.950993
v -92.944656 1.937672 -28.778145
v -92.944656 1.937672 -29.605299
v -80.774368 1.937672 -29.605299
v -80.774368 1.937672 -28.778145
v -80.774368 1.937672 -27.950993
v -80.774368 1.937672 -27.123840
v -80.774368 1.937672 -26.296686
v -91.592400 3.424243 -26.296686
v -91.592400 3.424243 -27.123840
v -91.592400 3.424243 -27.950993
v -91.592400 3.424243 -28.778145
v -91.592400 3.424243 -29.605299
v -90.240150 3.424243 -26.296686
v -90.240150 3.424243 -27.123840
v -90.240150 3.424243 -27.950993
v -90.240150 3.424243 -28.778145
v -90.240150 3.424243 -29.605299
v -88.887894 3.424243 -26.296686
v -88.887894 3.424243 -27.123840
v -88.887894 3.424243 -27.950993
v -88.887894 3.424243 -28.778145
v -88.887894 3.424243 -29.605299
v -87.535637 3.424243 -26.296686
v -87.535637 3.424243 -27.123840
v -87.535637 3.424243 -27.950993
v -87.535637 3.424243 -28.778145
v -87.535637 3.424243 -29.605299
v -86.183388 3.424243 -26.296686
v -86.183388 3.424243 -27.123840
v -86.183388 3.424243 -27.950993
v -86.183388 3.424243 -28.778145
v -86.183388 3.424243 -29.605299
v -84.831131 3.424243 -26.296686
v -84.831131 3.424243 -27.123840
v -84.831131 3.424243 -27.950993
v -84.831131 3.424243 -28.778145
v -84.831131 3.424243 -29.605299
v -83.478874 3.424243 -26.296686
v -83.478874 3.424243 -27.123840
v -83.478874 3.424243 -27.950993
v -83.478874 3.424243 -28.778145
v -83.478874 3.424243 -29.605299
v -82.126625 3.424243 -26.296686
v -82.126625 3.424243 -27.123840
v -82.126625 3.424243 -27.950993
v -82.126625 3.424243 -28.778145
v -82.126625 3.424243 -29.605299
v -91.592400 1.788578 -29.605299
v -91.592400 1.788578 -28.778145
v -91.592400 1.788578 -27.950993
v -91.592400 1.788578 -27.123840
v -91.592400 1.788578 -26.296686
v -90.240150 1.788578 -29.605299
v -90.240150 1.788578 -28.778145
v -90.240150 1.788578 -27.950993
v -90.240150 1.788578 -27.123840
v -90.240150 1.788578 -26.296686
v -88.887894 1.788578 -29.605299
v -88.887894 1.788578 -28.778145
v -88.887894 1.788578 -27.950993
v -88.887894 1.788578 -27.123840
v -88.887894 1.788578 -26.296686
v -87.535637 1.788578 -29.605299
v -87.535637 1.788578 -28.778145
v -87.535637 1.788578 -27.950993
v -87.535637 1.788578 -27.123840
v -87.535637 1.788578 -26.296686
v -86.183388 1.788578 -29.605299
v -86.183388 1.788578 -28.778145
v -86.183388 1.788578 -27.950993
v -86.183388 1.788578 -27.123840
v -86.183388 1.788578 -26.296686
v -84.831131 1.788578 -29.605299
v -84.831131 1.788578 -28.778145
v -84.831131 1.788578 -27.950993
v -84.831131 1.788578 -27.123840
v -84.831131 1.788578 -26.296686
v -83.478874 1.788578 -29.605299
v -83.478874 1.788578 -28.778145
v -83.478874 1.788578 -27.950993
v -83.478874 1.788578 -27.123840
v -83.478874 1.788578 -26.296686
v -82.126625 1.788578 -29.605299
v -82.126625 1.788578 -28.778145
v -82.126625 1.788578 -27.950993
v -82.126625 1.788578 -27.123840
v -82.126625 1.788578 -26.296686
v -80.774368 2.004801 -29.771875
v -80.774368 2.004801 -30.265875
v -80.774368 3.095974 -30.265875
v -80.774368 3.095974 -29.771877
v -80.774368 2.004801 -25.636110
v -80.774368 2.004801 -26.130108
v -80.774368 3.095974 -26.130110
v -80.774368 3.095974 -25.636110
v -80.774368 2.004801 -26.463264
v -80.774368 2.004801 -26.957262
v -80.774368 3.095974 -26.957262
v -80.774368 3.095974 -26.463264
v -80.774368 2.004801 -27.290417
v -80.774368 2.004801 -27.784414
v -80.774368 3.095974 -27.784414
v -80.774368 3.095974 -27.290417
v -80.774368 2.004801 -28.117571
v -80.774368 2.004801 -28.611568
v -80.774368 3.095974 -28.611568
v -80.774368 3.095974 -28.117571
v -80.774368 2.004801 -28.944723
v -80.774368 2.004801 -29.438721
v -80.774368 3.095974 -29.438721
v -80.774368 3.095974 -28.944723
v -81.770844 1.996139 -25.469534
v -81.130142 1.996139 -25.469534
v -81.130142 3.104637 -25.469534
v -81.770844 3.104637 -25.469534
v -92.588882 1.996139 -25.469534
v -91.948181 1.996139 -25.469534
v -91.948181 3.104637 -25.469534
v -92.588882 3.104637 -25.469534
v -91.236626 1.996139 -25.469534
v -90.595924 1.996139 -25.469534
v -90.595924 3.104637 -25.469534
v -91.236626 3.104637 -25.469534
v -89.884369 1.996139 -25.469534
v -89.243668 1.996139 -25.469534
v -89.243668 3.104637 -25.469534
v -89.884369 3.104637 -25.469534
v -88.532120 1.996139 -25.469534
v -87.891418 1.996139 -25.469534
v -87.891418 3.104637 -25.469534
v -88.532120 3.104637 -25.469534
v -87.179863 1.996139 -25.469534
v -86.539162 1.996139 -25.469534
v -86.539162 3.104637 -25.469534
v -87.179863 3.104637 -25.469534
v -85.827606 1.996139 -25.469534
v -85.186905 1.996139 -25.469534
v -85.186905 3.104637 -25.469534
v -85.827606 3.104637 -25.469534
v -84.475357 1.996139 -25.469534
v -83.834656 1.996139 -25.469534
v -83.834656 3.104637 -25.469534
v -84.475357 3.104637 -25.469534
v -83.123100 1.996139 -25.469534
v -82.482399 1.996139 -25.469534
v -82.482399 3.104637 -25.469534
v -83.123100 3.104637 -25.469534
v -92.944656 2.007839 -26.122572
v -92.944656 2.007839 -25.643648
v -92.944656 3.092937 -25.643648
v -92.944656 3.092937 -26.122572
v -92.944656 2.007839 -30.258337
v -92.944656 2.007839 -29.779413
v -92.944656 3.092937 -29.779413
v -92.944656 3.092937 -30.258337
v -92.944656 2.007839 -29.431185
v -92.944656 2.007839 -28.952261
v -92.944656 3.092937 -28.952261
v -92.944656 3.092937 -29.431185
v -92.944656 2.007839 -28.604031
v -92.944656 2.007839 -28.125107
v -92.944656 3.092937 -28.125107
v -92.944656 3.092937 -28.604031
v -92.944656 2.007839 -27.776878
v -92.944656 2.007839 -27.297955
v -92.944656 3.092937 -27.297955
v -92.944656 3.092937 -27.776878
v -92.944656 2.007839 -26.949724
v -92.944656 2.007839 -26.470800
v -92.944656 3.092937 -26.470800
v -92.944656 3.092937 -26.949724
v -91.924805 1.992298 -30.432451
v -92.612259 1.992298 -30.432451
v -92.612259 3.108478 -30.432451
v -91.924805 3.108478 -30.432451
v -81.106766 1.992298 -30.432451
v -81.794220 1.992298 -30.432451
v -81.794220 3.108478 -30.432451
v -81.106766 3.108478 -30.432451
v -82.459023 1.992298 -30.432451
v -83.146477 1.992298 -30.432451
v -83.146477 3.108478 -30.432451
v -82.459023 3.108478 -30.432451
v -83.811279 1.992298 -30.432451
v -84.498734 1.992298 -30.432451
v -84.498734 3.108478 -30.432451
v -83.811279 3.108478 -30.432451
v -85.163528 1.992298 -30.432451
v -85.850983 1.992298 -30.432451
v -85.850983 3.108478 -30.432451
v -85.163528 3.108478 -30.432451
v -86.515785 1.992298 -30.432451
v -87.203239 1.992298 -30.432451
v -87.203239 3.108478 -30.432451
v -86.515785 3.108478 -30.432451
v -87.868042 1.992298 -30.432451
v -88.555496 1.992298 -30.432451
v -88.555496 3.108478 -30.432451
v -87.868042 3.108478 -30.432451
v -89.220291 1.992298 -30.432451
v -89.907745 1.992298 -30.432451
v -89.907745 3.108478 -30.432451
v -89.220291 3.108478 -30.432451
v -90.572548 1.992298 -30.432451
v -91.260002 1.992298 -30.432451
v -91.260002 3.108478 -30.432451
v -90.572548 3.108478 -30.432451
v -92.612259 1.992298 -30.357695
v -91.924805 1.992298 -30.357695
v -91.924805 3.108478 -30.357695
v -92.612259 3.108478 -30.357695
v -81.794220 1.992298 -30.357695
v -81.106766 1.992298 -30.357695
v -81.106766 3.108478 -30.357695
v -81.794220 3.108478 -30.357695
v -83.146477 1.992298 -30.357695
v -82.459023 1.992298 -30.357695
v -82.459023 3.108478 -30.357695
v -83.146477 3.108478 -30.357695
v -84.498734 1.992298 -30.357695
v -83.811279 1.992298 -30.357695
v -83.811279 3.108478 -30.357695
v -84.498734 3.108478 -30.357695
v -85.850983 1.992298 -30.357695
v -85.163528 1.992298 -30.357695
v -85.163528 3.108478 -30.357695
v -85.850983 3.108478 -30.357695
v -87.203239 1.992298 -30.357695
v -86.515785 1.992298 -30.357695
v -86.515785 3.108478 -30.357695
v -87.203239 3.108478 -30.357695
v -88.555496 1.992298 -30.357695
v -87.868042 1.992298 -30.357695
v -87.868042 3.108478 -30.357695
v -88.555496 3.108478 -30.357695
v -89.907745 1.992298 -30.357695
v -89.220291 1.992298 -30.357695
v -89.220291 3.108478 -30.357695
v -89.907745 3.108478 -30.357695
v -91.260002 1.992298 -30.357695
v -90.572548 1.992298 -30.357695
v -90.572548 3.108478 -30.357695
v -91.260002 3.108478 -30.357695
v -92.944656 3.424243 -25.469534
v -80.774368 3.424243 -25.469534
v -92.944656 3.424243 -30.432451
v -80.774368 3.424243 -30.432451
v -92.944656 4.798769 -30.432451
v -92.944656 4.798769 -25.469534
v -80.774368 4.798769 -25.469534
v -80.774368 4.798769 -30.432451
v -92.944656 5.059909 -30.432451
v -92.944656 5.059909 -25.469534
v -80.774368 5.059909 -25.469534
v -80.774368 5.059909 -30.432451
v -93.963524 4.798769 -30.847935
v -93.963524 4.798769 -25.054050
v -79.755501 4.798769 -25.054050
v -79.755501 4.798769 -30.847935
v -93.963524 5.059909 -30.847935
v -93.963524 5.059909 -25.054050
v -79.755501 5.059909 -25.054050
v -79.755501 5.059909 -30.847935
v -80.774368 3.573338 -30.432451
v -80.774368 3.573338 -25.469534
v -92.944656 3.573338 -25.469534
v -92.944656 3.573338 -30.432451
v -91.592400 3.424243 -25.469534
v -90.240150 3.424243 -25.469534
v -88.887894 3.424243 -25.469534
v -87.535637 3.424243 -25.469534
v -86.183388 3.424243 -25.469534
v -84.831131 3.424243 -25.469534
v -83.478874 3.424243 -25.469534
v -82.126625 3.424243 -25.469534
v -82.126625 3.424243 -30.432451
v -83.478874 3.424243 -30.432451
v -84.831131 3.424243 -30.432451
v -86.183388 3.424243 -30.432451
v -87.535637 3.424243 -30.432451
v -88.887894 3.424243 -30.432451
v -90.240150 3.424243 -30.432451
v -91.592400 3.424243 -30.432451
v -91.592400 4.798769 -25.469534
v -90.240150 4.798769 -25.469534
v -88.887894 4.798769 -25.469534
v -87.535637 4.798769 -25.469534
v -86.183388 4.798769 -25.469534
v -84.831131 4.798769 -25.469534
v -83.478874 4.798769 -25.469534
v -82.126625 4.798769 -25.469534
v -82.126625 4.798769 -30.432451
v -83.478874 4.798769 -30.432451
v -84.831131 4.798769 -30.432451
v -86.183388 4.798769 -30.432451
v -87.535637 4.798769 -30.432451
v -88.887894 4.798769 -30.432451
v -90.240150 4.798769 -30.432451
v -91.592400 4.798769 -30.432451
v -91.592400 5.059909 -25.469534
v -90.240150 5.059909 -25.469534
v -88.887894 5.059909 -25.469534
v -87.535637 5.059909 -25.469534
v -86.183388 5.059909 -25.469534
v -84.831131 5.059909 -25.469534
v -83.478874 5.059909 -25.469534
v -82.126625 5.059909 -25.469534
v -82.126625 5.059909 -30.432451
v -83.478874 5.059909 -30.432451
v -84.831131 5.059909 -30.432451
v -86.183388 5.059909 -30.432451
v -87.535637 5.059909 -30.432451
v -88.887894 5.059909 -30.432451
v -90.240150 5.059909 -30.432451
v -91.592400 5.059909 -30.432451
v -92.384857 4.798769 -25.054050
v -90.806183 4.798769 -25.054050
v -89.227516 4.798769 -25.054050
v -87.648849 4.798769 -25.054050
v -86.070175 4.798769 -25.054050
v -84.491508 4.798769 -25.054050
v -82.912842 4.798769 -25.054050
v -81.334167 4.798769 -25.054050
v -81.334167 4.798769 -30.847935
v -82.912842 4.798769 -30.847935
v -84.491508 4.798769 -30.847935
v -86.070175 4.798769 -30.847935
v -87.648849 4.798769 -30.847935
v -89.227516 4.798769 -30.847935
v -90.806183 4.798769 -30.847935
v -92.384857 4.798769 -30.847935
v -92.384857 5.059909 -25.054050
v -90.806183 5.059909 -25.054050
v -89.227516 5.059909 -25.054050
v -87.648849 5.059909 -25.054050
v -86.070175 5.059909 -25.054050
v -84.491508 5.059909 -25.054050
v -82.912842 5.059909 -25.054050
v -81.334167 5.059909 -25.054050
v -81.334167 5.059909 -30.847935
v -82.912842 5.059909 -30.847935
v -84.491508 5.059909 -30.847935
v -86.070175 5.059909 -30.847935
v -87.648849 5.059909 -30.847935
v -89.227516 5.059909 -30.847935
v -90.806183 5.059909 -30.847935
v -92.384857 5.059909 -30.847935
v -82.126625 3.573338 -25.469534
v -83.478874 3.573338 -25.469534
v -84.831131 3.573338 -25.469534
v -86.183388 3.573338 -25.469534
v -87.535637 3.573338 -25.469534
v -88.887894 3.573338 -25.469534
v -90.240150 3.573338 -25.469534
v -91.592400 3.573338 -25.469534
v -91.592400 3.573338 -30.432451
v -90.240150 3.573338 -30.432451
v -88.887894 3.573338 -30.432451
v -87.535637 3.573338 -30.432451
v -86.183388 3.573338 -30.432451
v -84.831131 3.573338 -30.432451
v -83.478874 3.573338 -30.432451
v -82.126625 3.573338 -30.432451
v -92.944656 3.424243 -29.605299
v -92.944656 3.424243 -28.778145
v -92.944656 3.424243 -27.950993
v -92.944656 3.424243 -27.123840
v -92.944656 3.424243 -26.296686
v -80.774368 3.424243 -26.296686
v -80.774368 3.424243 -27.123840
v -80.774368 3.424243 -27.950993
v -80.774368 3.424243 -28.778145
v -80.774368 3.424243 -29.605299
v -92.944656 4.798769 -29.605299
v -92.944656 4.798769 -28.778145
v -92.944656 4.798769 -27.950993
v -92.944656 4.798769 -27.123840
v -92.944656 4.798769 -26.296686
v -80.774368 4.798769 -26.296686
v -80.774368 4.798769 -27.123840
v -80.774368 4.798769 -27.950993
v -80.774368 4.798769 -28.778145
v -80.774368 4.798769 -29.605299
v -92.944656 5.059909 -29.605299
v -92.944656 5.059909 -28.778145
v -92.944656 5.059909 -27.950993
v -92.944656 5.059909 -27.123840
v -92.944656 5.059909 -26.296686
v -80.774368 5.059909 -26.296686
v -80.774368 5.059909 -27.123840
v -80.774368 5.059909 -27.950993
v -80.774368 5.059909 -28.778145
v -80.774368 5.059909 -29.605299
v -93.963524 4.798769 -29.882288
v -93.963524 4.798769 -28.916639
v -93.963524 4.798769 -27.950993
v -93.963524 4.798769 -26.985346
v -93.963524 4.798769 -26.019697
v -79.755501 4.798769 -26.019697
v -79.755501 4.798769 -26.985346
v -79.755501 4.798769 -27.950993
v -79.755501 4.798769 -28.916639
v -79.755501 4.798769 -29.882288
v -93.963524 5.059909 -29.882288
v -93.963524 5.059909 -28.916639
v -93.963524 5.059909 -27.950993
v -93.963524 5.059909 -26.985346
v -93.963524 5.059909 -26.019697
v -79.755501 5.059909 -26.019697
v -79.755501 5.059909 -26.985346
v -79.755501 5.059909 -27.950993
v -79.755501 5.059909 -28.916639
v -79.755501 5.059909 -29.882288
v -92.944656 3.573338 -26.296686
v -92.944656 3.573338 -27.123840
v -92.944656 3.573338 -27.950993
v -92.944656 3.573338 -28.778145
v -92.944656 3.573338 -29.605299
v -80.774368 3.573338 -29.605299
v -80.774368 3.573338 -28.778145
v -80.774368 3.573338 -27.950993
v -80.774368 3.573338 -27.123840
v -80.774368 3.573338 -26.296686
v -91.592400 5.059909 -26.296686
v -91.592400 5.059909 -27.123840
v -91.592400 5.059909 -27.950993
v -91.592400 5.059909 -28.778145
v -91.592400 5.059909 -29.605299
v -90.240150 5.059909 -26.296686
v -90.240150 5.059909 -27.123840
v -90.240150 5.059909 -27.950993
v -90.240150 5.059909 -28.778145
v -90.240150 5.059909 -29.605299
v -88.887894 5.059909 -26.296686
v -88.887894 5.059909 -27.123840
v -88.887894 5.059909 -27.950993
v -88.887894 5.059909 -28.778145
v -88.887894 5.059909 -29.605299
v -87.535637 5.059909 -26.296686
v -87.535637 5.059909 -27.123840
v -87.535637 5.059909 -27.950993
v -87.535637 5.059909 -28.778145
v -87.535637 5.059909 -29.605299
v -86.183388 5.059909 -26.296686
v -86.183388 5.059909 -27.123840
v -86.183388 5.059909 -27.950993
v -86.183388 5.059909 -28.778145
v -86.183388 5.059909 -29.605299
v -84.831131 5.059909 -26.296686
v -84.831131 5.059909 -27.123840
v -84.831131 5.059909 -27.950993
v -84.831131 5.059909 -28.778145
v -84.831131 5.059909 -29.605299
v -83.478874 5.059909 -26.296686
v -83.478874 5.059909 -27.123840
v -83.478874 5.059909 -27.950993
v -83.478874 5.059909 -28.778145
v -83.478874 5.059909 -29.605299
v -82.126625 5.059909 -26.296686
v -82.126625 5.059909 -27.123840
v -82.126625 5.059909 -27.950993
v -82.126625 5.059909 -28.778145
v -82.126625 5.059909 -29.605299
v -91.592400 3.424243 -29.605299
v -91.592400 3.424243 -28.778145
v -91.592400 3.424243 -27.950993
v -91.592400 3.424243 -27.123840
v -91.592400 3.424243 -26.296686
v -90.240150 3.424243 -29.605299
v -90.240150 3.424243 -28.778145
v -90.240150 3.424243 -27.950993
v -90.240150 3.424243 -27.123840
v -90.240150 3.424243 -26.296686
v -88.887894 3.424243 -29.605299
v -88.887894 3.424243 -28.778145
v -88.887894 3.424243 -27.950993
v -88.887894 3.424243 -27.123840
v -88.887894 3.424243 -26.296686
v -87.535637 3.424243 -29.605299
v -87.535637 3.424243 -28.778145
v -87.535637 3.424243 -27.950993
v -87.535637 3.424243 -27.123840
v -87.535637 3.424243 -26.296686
v -86.183388 3.424243 -29.605299
v -86.183388 3.424243 -28.778145
v -86.183388 3.424243 -27.950993
v -86.183388 3.424243 -27.123840
v -86.183388 3.424243 -26.296686
v -84.831131 3.424243 -29.605299
v -84.831131 3.424243 -28.778145
v -84.831131 3.424243 -27.950993
v -84.831131 3.424243 -27.123840
v -84.831131 3.424243 -26.296686
v -83.478874 3.424243 -29.605299
v -83.478874 3.424243 -28.778145
v -83.478874 3.424243 -27.950993
v -83.478874 3.424243 -27.123840
v -83.478874 3.424243 -26.296686
v -82.126625 3.424243 -29.605299
v -82.126625 3.424243 -28.778145
v -82.126625 3.424243 -27.950993
v -82.126625 3.424243 -27.123840
v -82.126625 3.424243 -26.296686
v -80.774368 3.640467 -29.771875
v -80.774368 3.640467 -30.265875
v -80.774368 4.731640 -30.265875
v -80.774368 4.731640 -29.771877
v -80.774368 3.640467 -25.636110
v -80.774368 3.640467 -26.130108
v -80.774368 4.731640 -26.130110
v -80.774368 4.731640 -25.636110
v -80.774368 3.640467 -26.463264
v -80.774368 3.640467 -26.957262
v -80.774368 4.731640 -26.957262
v -80.774368 4.731640 -26.463264
v -80.774368 3.640467 -27.290417
v -80.774368 3.640467 -27.784414
v -80.774368 4.731640 -27.784414
v -80.774368 4.731640 -27.290417
v -80.774368 3.640467 -28.117571
v -80.774368 3.640467 -28.611568
v -80.774368 4.731640 -28.611568
v -80.774368 4.731640 -28.117571
v -80.774368 3.640467 -28.944723
v -80.774368 3.640467 -29.438721
v -80.774368 4.731640 -29.438721
v -80.774368 4.731640 -28.944723
v -81.770844 3.631804 -25.469534
v -81.130142 3.631804 -25.469534
v -81.130142 4.740303 -25.469534
v -81.770844 4.740303 -25.469534
v -92.588882 3.631804 -25.469534
v -91.948181 3.631804 -25.469534
v -91.948181 4.740303 -25.469534
v -92.588882 4.740303 -25.469534
v -91.236626 3.631804 -25.469534
v -90.595924 3.631804 -25.469534
v -90.595924 4.740303 -25.469534
v -91.236626 4.740303 -25.469534
v -89.884369 3.631804 -25.469534
v -89.243668 3.631804 -25.469534
v -89.243668 4.740303 -25.469534
v -89.884369 4.740303 -25.469534
v -88.532120 3.631804 -25.469534
v -87.891418 3.631804 -25.469534
v -87.891418 4.740303 -25.469534
v -88.532120 4.740303 -25.469534
v -87.179863 3.631804 -25.469534
v -86.539162 3.631804 -25.469534
v -86.539162 4.740303 -25.469534
v -87.179863 4.740303 -25.469534
v -85.827606 3.631804 -25.469534
v -85.186905 3.631804 -25.469534
v -85.186905 4.740303 -25.469534
v -85.827606 4.740303 -25.469534
v -84.475357 3.631804 -25.469534
v -83.834656 3.631804 -25.469534
v -83.834656 4.740303 -25.469534
v -84.475357 4.740303 -25.469534
v -83.123100 3.631804 -25.469534
v -82.482399 3.631804 -25.469534
v -82.482399 4.740303 -25.469534
v -83.123100 4.740303 -25.469534
v -92.944656 3.643504 -26.122572
v -92.944656 3.643504 -25.643648
v -92.944656 4.728602 -25.643648
v -92.944656 4.728602 -26.122572
v -92.944656 3.643504 -30.258337
v -92.944656 3.643504 -29.779413
v -92.944656 4.728602 -29.779413
v -92.944656 4.728602 -30.258337
v -92.944656 3.643504 -29.431185
v -92.944656 3.643504 -28.952261
v -92.944656 4.728602 -28.952261
v -92.944656 4.728602 -29.431185
v -92.944656 3.643504 -28.604031
v -92.944656 3.643504 -28.125107
v -92.944656 4.728602 -28.125107
v -92.944656 4.728602 -28.604031
v -92.944656 3.643504 -27.776878
v -92.944656 3.643504 -27.297955
v -92.944656 4.728602 -27.297955
v -92.944656 4.728602 -27.776878
v -92.944656 3.643504 -26.949724
v -92.944656 3.643504 -26.470800
v -92.944656 4.728602 -26.470800
v -92.944656 4.728602 -26.949724
v -91.924805 3.627963 -30.432451
v -92.612259 3.627963 -30.432451
v -92.612259 4.744144 -30.432451
v -91.924805 4.744144 -30.432451
v -81.106766 3.627963 -30.432451
v -81.794220 3.627963 -30.432451
v -81.794220 4.744144 -30.432451
v -81.106766 4.744144 -30.432451
v -82.459023 3.627963 -30.432451
v -83.146477 3.627963 -30.432451
v -83.146477 4.744144 -30.432451
v -82.459023 4.744144 -30.432451
v -83.811279 3.627963 -30.432451
v -84.498734 3.627963 -30.432451
v -84.498734 4.744144 -30.432451
v -83.811279 4.744144 -30.432451
v -85.163528 3.627963 -30.432451
v -85.850983 3.627963 -30.432451
v -85.850983 4.744144 -30.432451
v -85.163528 4.744144 -30.432451
v -86.515785 3.627963 -30.432451
v -87.203239 3.627963 -30.432451
v -87.203239 4.744144 -30.432451
v -86.515785 4.744144 -30.432451
v -87.868042 3.627963 -30.432451
v -88.555496 3.627963 -30.432451
v -88.555496 4.744144 -30.432451
v -87.868042 4.744144 -30.432451
v -89.220291 3.627963 -30.432451
v -89.907745 3.627963 -30.432451
v -89.907745 4.744144 -30.432451
v -89.220291 4.744144 -30.432451
v -90.572548 3.627963 -30.432451
v -91.260002 3.627963 -30.432451
v -91.260002 4.744144 -30.432451
v -90.572548 4.744144 -30.432451
v -92.612259 3.627963 -30.357695
v -91.924805 3.627963 -30.357695
v -91.924805 4.744144 -30.357695
v -92.612259 4.744144 -30.357695
v -81.794220 3.627963 -30.357695
v -81.106766 3.627963 -30.357695
v -81.106766 4.744144 -30.357695
v -81.794220 4.744144 -30.357695
v -83.146477 3.627963 -30.357695
v -82.459023 3.627963 -30.357695
v -82.459023 4.744144 -30.357695
v -83.146477 4.744144 -30.357695
v -84.498734 3.627963 -30.357695
v -83.811279 3.627963 -30.357695
v -83.811279 4.744144 -30.357695
v -84.498734 4.744144 -30.357695
v -85.850983 3.627963 -30.357695
v -85.163528 3.627963 -30.357695
v -85.163528 4.744144 -30.357695
v -85.850983 4.744144 -30.357695
v -87.203239 3.627963 -30.357695
v -86.515785 3.627963 -30.357695
v -86.515785 4.744144 -30.357695
v -87.203239 4.744144 -30.357695
v -88.555496 3.627963 -30.357695
v -87.868042 3.627963 -30.357695
v -87.868042 4.744144 -30.357695
v -88.555496 4.744144 -30.357695
v -89.907745 3.627963 -30.357695
v -89.220291 3.627963 -30.357695
v -89.220291 4.744144 -30.357695
v -89.907745 4.744144 -30.357695
v -91.260002 3.627963 -30.357695
v -90.572548 3.627963 -30.357695
v -90.572548 4.744144 -30.357695
v -91.260002 4.744144 -30.357695
v -92.944656 5.059909 -25.469534
v -80.774368 5.059909 -25.469534
v -92.944656 5.059909 -30.432451
v -80.774368 5.059909 -30.432451
v -92.944656 6.434434 -30.432451
v -92.944656 6.434434 -25.469534
v -80.774368 6.434434 -25.469534
v -80.774368 6.434434 -30.432451
v -92.944656 6.695574 -30.432451
v -92.944656 6.695574 -25.469534
v -80.774368 6.695574 -25.469534
v -80.774368 6.695574 -30.432451
v -93.963524 6.434434 -30.847935
v -93.963524 6.434434 -25.054050
v -79.755501 6.434434 -25.054050
v -79.755501 6.434434 -30.847935
v -93.963524 6.695574 -30.847935
v -93.963524 6.695574 -25.054050
v -79.755501 6.695574 -25.054050
v -79.755501 6.695574 -30.847935
v -80.774368 5.209004 -30.432451
v -80.774368 5.209004 -25.469534
v -92.944656 5.209004 -25.469534
v -92.944656 5.209004 -30.432451
v -91.592400 5.059909 -25.469534
v -90.240150 5.059909 -25.469534
v -88.887894 5.059909 -25.469534
v -87.535637 5.059909 -25.469534
v -86.183388 5.059909 -25.469534
v -84.831131 5.059909 -25.469534
v -83.478874 5.059909 -25.469534
v -82.126625 5.059909 -25.469534
v -82.126625 5.059909 -30.432451
v -83.478874 5.059909 -30.432451
v -84.831131 5.059909 -30.432451
v -86.183388 5.059909 -30.432451
v -87.535637 5.059909 -30.432451
v -88.887894 5.059909 -30.432451
v -90.240150 5.059909 -30.432451
v -91.592400 5.059909 -30.432451
v -91.592400 6.434434 -25.469534
v -90.240150 6.434434 -25.469534
v -88.887894 6.434434 -25.469534
v -87.535637 6.434434 -25.469534
v -86.183388 6.434434 -25.469534
v -84.831131 6.434434 -25.469534
v -83.478874 6.434434 -25.469534
v -82.126625 6.434434 -25.469534
v -82.126625 6.434434 -30.432451
v -83.478874 6.434434 -30.432451
v -84.831131 6.434434 -30.432451
v -86.183388 6.434434 -30.432451
v -87.535637 6.434434 -30.432451
v -88.887894 6.434434 -30.432451
v -90.240150 6.434434 -30.432451
v -91.592400 6.434434 -30.432451
v -91.592400 6.695574 -25.469534
v -90.240150 6.695574 -25.469534
v -88.887894 6.695574 -25.469534
v -87.535637 6.695574 -25.469534
v -86.183388 6.695574 -25.469534
v -84.831131 6.695574 -25.469534
v -83.478874 6.695574 -25.469534
v -82.126625 6.695574 -25.469534
v -82.126625 6.695574 -30.432451
v -83.478874 6.695574 -30.432451
v -84.831131 6.695574 -30.432451
v -86.183388 6.695574 -30.432451
v -87.535637 6.695574 -30.432451
v -88.887894 6.695574 -30.432451
v -90.240150 6.695574 -30.432451
v -91.592400 6.695574 -30.432451
v -92.384857 6.434434 -25.054050
v -90.806183 6.434434 -25.054050
v -89.227516 6.434434 -25.054050
v -87.648849 6.434434 -25.054050
v -86.070175 6.434434 -25.054050
v -84.491508 6.434434 -25.054050
v -82.912842 6.434434 -25.054050
v -81.334167 6.434434 -25.054050
v -81.334167 6.434434 -30.847935
v -82.912842 6.434434 -30.847935
v -84.491508 6.434434 -30.847935
v -86.070175 6.434434 -30.847935
v -87.648849 6.434434 -30.847935
v -89.227516 6.434434 -30.847935
v -90.806183 6.434434 -30.847935
v -92.384857 6.434434 -30.847935
v -92.384857 6.695574 -25.054050
v -90.806183 6.695574 -25.054050
v -89.227516 6.695574 -25.054050
v -87.648849 6.695574 -25.054050
v -86.070175 6.695574 -25.054050
v -84.491508 6.695574 -25.054050
v -82.912842 6.695574 -25.054050
v -81.334167 6.695574 -25.054050
v -81.334167 6.695574 -30.847935
v -82.912842 6.695574 -30.847935
v -84.491508 6.695574 -30.847935
v -86.070175 6.695574 -30.847935
v -87.648849 6.695574 -30.847935
v -89.227516 6.695574 -30.847935
v -90.806183 6.695574 -30.847935
v -92.384857 6.695574 -30.847935
v -82.126625 5.209004 -25.469534
v -83.478874 5.209004 -25.469534
v -84.831131 5.209004 -25.469534
v -86.183388 5.209004 -25.469534
v -87.535637 5.209004 -25.469534
v -88.887894 5.209004 -25.469534
v -90.240150 5.209004 -25.469534
v -91.592400 5.209004 -25.469534
v -91.592400 5.209004 -30.432451
v -90.240150 5.209004 -30.432451
v -88.887894 5.209004 -30.432451
v -87.535637 5.209004 -30.432451
v -86.183388 5.209004 -30.432451
v -84.831131 5.209004 -30.432451
v -83.478874 5.209004 -30.432451
v -82.126625 5.209004 -30.432451
v -92.944656 5.059909 -29.605299
v -92.944656 5.059909 -28.778145
v -92.944656 5.059909 -27.950993
v -92.944656 5.059909 -27.123840
v -92.944656 5.059909 -26.296686
v -80.774368 5.059909 -26.296686
v -80.774368 5.059909 -27.123840
v -80.774368 5.059909 -27.950993
v -80.774368 5.059909 -28.778145
v -80.774368 5.059909 -29.605299
v -92.944656 6.434434 -29.605299
v -92.944656 6.434434 -28.778145
v -92.944656 6.434434 -27.950993
v -92.944656 6.434434 -27.123840
v -92.944656 6.434434 -26.296686
v -80.774368 6.434434 -26.296686
v -80.774368 6.434434 -27.123840
v -80.774368 6.434434 -27.950993
v -80.774368 6.434434 -28.778145
v -80.774368 6.434434 -29.605299
v -92.944656 6.695574 -29.605299
v -92.944656 6.695574 -28.778145
v -92.944656 6.695574 -27.950993
v -92.944656 6.695574 -27.123840
v -92.944656 6.695574 -26.296686
v -80.774368 6.695574 -26.296686
v -80.774368 6.695574 -27.123840
v -80.774368 6.695574 -27.950993
v -80.774368 6.695574 -28.778145
v -80.774368 6.695574 -29.605299
v -93.963524 6.434434 -29.882288
v -93.963524 6.434434 -28.916639
v -93.963524 6.434434 -27.950993
v -93.963524 6.434434 -26.985346
v -93.963524 6.434434 -26.019697
v -79.755501 6.434434 -26.019697
v -79.755501 6.434434 -26.985346
v -79.755501 6.434434 -27.950993
v -79.755501 6.434434 -28.916639
v -79.755501 6.434434 -29.882288
v -93.963524 6.695574 -29.882288
v -93.963524 6.695574 -28.916639
v -93.963524 6.695574 -27.950993
v -93.963524 6.695574 -26.985346
v -93.963524 6.695574 -26.019697
v -79.755501 6.695574 -26.019697
v -79.755501 6.695574 -26.985346
v -79.755501 6.695574 -27.950993
v -79.755501 6.695574 -28.916639
v -79.755501 6.695574 -29.882288
v -92.944656 5.209004 -26.296686
v -92.944656 5.209004 -27.123840
v -92.944656 5.209004 -27.950993
v -92.944656 5.209004 -28.778145
v -92.944656 5.209004 -29.605299
v -80.774368 5.209004 -29.605299
v -80.774368 5.209004 -28.778145
v -80.774368 5.209004 -27.950993
v -80.774368 5.209004 -27.123840
v -80.774368 5.209004 -26.296686
v -91.592400 6.695574 -26.296686
v -91.592400 6.695574 -27.123840
v -91.592400 6.695574 -27.950993
v -91.592400 6.695574 -28.778145
v -91.592400 6.695574 -29.605299
v -90.240150 6.695574 -26.296686
v -90.240150 6.695574 -27.123840
v -90.240150 6.695574 -27.950993
v -90.240150 6.695574 -28.778145
v -90.240150 6.695574 -29.605299
v -88.887894 6.695574 -26.296686
v -88.887894 6.695574 -27.123840
v -88.887894 6.695574 -27.950993
v -88.887894 6.695574 -28.778145
v -88.887894 6.695574 -29.605299
v -87.535637 6.695574 -26.296686
v -87.535637 6.695574 -27.123840
v -87.535637 6.695574 -27.950993
v -87.535637 6.695574 -28.778145
v -87.535637 6.695574 -29.605299
v -86.183388 6.695574 -26.296686
v -86.183388 6.695574 -27.123840
v -86.183388 6.695574 -27.950993
v -86.183388 6.695574 -28.778145
v -86.183388 6.695574 -29.605299
v -84.831131 6.695574 -26.296686
v -84.831131 6.695574 -27.123840
v -84.831131 6.695574 -27.950993
v -84.831131 6.695574 -28.778145
v -84.831131 6.695574 -29.605299
v -83.478874 6.695574 -26.296686
v -83.478874 6.695574 -27.123840
v -83.478874 6.695574 -27.950993
v -83.478874 6.695574 -28.778145
v -83.478874 6.695574 -29.605299
v -82.126625 6.695574 -26.296686
v -82.126625 6.695574 -27.123840
v -82.126625 6.695574 -27.950993
v -82.126625 6.695574 -28.778145
v -82.126625 6.695574 -29.605299
v -91.592400 5.059909 -29.605299
v -91.592400 5.059909 -28.778145
v -91.592400 5.059909 -27.950993
v -91.592400 5.059909 -27.123840
v -91.592400 5.059909 -26.296686
v -90.240150 5.059909 -29.605299
v -90.240150 5.059909 -28.778145
v -90.240150 5.059909 -27.950993
v -90.240150 5.059909 -27.123840
v -90.240150 5.059909 -26.296686
v -88.887894 5.059909 -29.605299
v -88.887894 5.059909 -28.778145
v -88.887894 5.059909 -27.950993
v -88.887894 5.059909 -27.123840
v -88.887894 5.059909 -26.296686
v -87.535637 5.059909 -29.605299
v -87.535637 5.059909 -28.778145
v -87.535637 5.059909 -27.950993
v -87.535637 5.059909 -27.123840
v -87.535637 5.059909 -26.296686
v -86.183388 5.059909 -29.605299
v -86.183388 5.059909 -28.778145
v -86.183388 5.059909 -27.950993
v -86.183388 5.059909 -27.123840
v -86.183388 5.059909 -26.296686
v -84.831131 5.059909 -29.605299
v -84.831131 5.059909 -28.778145
v -84.831131 5.059909 -27.950993
v -84.831131 5.059909 -27.123840
v -84.831131 5.059909 -26.296686
v -83.478874 5.059909 -29.605299
v -83.478874 5.059909 -28.778145
v -83.478874 5.059909 -27.950993
v -83.478874 5.059909 -27.123840
v -83.478874 5.059909 -26.296686
v -82.126625 5.059909 -29.605299
v -82.126625 5.059909 -28.778145
v -82.126625 5.059909 -27.950993
v -82.126625 5.059909 -27.123840
v -82.126625 5.059909 -26.296686
v -80.774368 5.276133 -29.771875
v -80.774368 5.276133 -30.265875
v -80.774368 6.367306 -30.265875
v -80.774368 6.367306 -29.771877
v -80.774368 5.276133 -25.636110
v -80.774368 5.276133 -26.130108
v -80.774368 6.367306 -26.130110
v -80.774368 6.367306 -25.636110
v -80.774368 5.276133 -26.463264
v -80.774368 5.276133 -26.957262
v -80.774368 6.367306 -26.957262
v -80.774368 6.367306 -26.463264
v -80.774368 5.276133 -27.290417
v -80.774368 5.276133 -27.784414
v -80.774368 6.367306 -27.784414
v -80.774368 6.367306 -27.290417
v -80.774368 5.276133 -28.117571
v -80.774368 5.276133 -28.611568
v -80.774368 6.367306 -28.611568
v -80.774368 6.367306 -28.117571
v -80.774368 5.276133 -28.944723
v -80.774368 5.276133 -29.438721
v -80.774368 6.367306 -29.438721
v -80.774368 6.367306 -28.944723
v -81.770844 5.267470 -25.469534
v -81.130142 5.267470 -25.469534
v -81.130142 6.375968 -25.469534
v -81.770844 6.375968 -25.469534
v -92.588882 5.267470 -25.469534
v -91.948181 5.267470 -25.469534
v -91.948181 6.375968 -25.469534
v -92.588882 6.375968 -25.469534
v -91.236626 5.267470 -25.469534
v -90.595924 5.267470 -25.469534
v -90.595924 6.375968 -25.469534
v -91.236626 6.375968 -25.469534
v -89.884369 5.267470 -25.469534
v -89.243668 5.267470 -25.469534
v -89.243668 6.375968 -25.469534
v -89.884369 6.375968 -25.469534
v -88.532120 5.267470 -25.469534
v -87.891418 5.267470 -25.469534
v -87.891418 6.375968 -25.469534
v -88.532120 6.375968 -25.469534
v -87.179863 5.267470 -25.469534
v -86.539162 5.267470 -25.469534
v -86.539162 6.375968 -25.469534
v -87.179863 6.375968 -25.469534
v -85.827606 5.267470 -25.469534
v -85.186905 5.267470 -25.469534
v -85.186905 6.375968 -25.469534
v -85.827606 6.375968 -25.469534
v -84.475357 5.267470 -25.469534
v -83.834656 5.267470 -25.469534
v -83.834656 6.375968 -25.469534
v -84.475357 6.375968 -25.469534
v -83.123100 5.267470 -25.469534
v -82.482399 5.267470 -25.469534
v -82.482399 6.375968 -25.469534
v -83.123100 6.375968 -25.469534
v -92.944656 5.279170 -26.122572
v -92.944656 5.279170 -25.643648
v -92.944656 6.364268 -25.643648
v -92.944656 6.364268 -26.122572
v -92.944656 5.279170 -30.258337
v -92.944656 5.279170 -29.779413
v -92.944656 6.364268 -29.779413
v -92.944656 6.364268 -30.258337
v -92.944656 5.279170 -29.431185
v -92.944656 5.279170 -28.952261
v -92.944656 6.364268 -28.952261
v -92.944656 6.364268 -29.431185
v -92.944656 5.279170 -28.604031
v -92.944656 5.279170 -28.125107
v -92.944656 6.364268 -28.125107
v -92.944656 6.364268 -28.604031
v -92.944656 5.279170 -27.776878
v -92.944656 5.279170 -27.297955
v -92.944656 6.364268 -27.297955
v -92.944656 6.364268 -27.776878
v -92.944656 5.279170 -26.949724
v -92.944656 5.279170 -26.470800
v -92.944656 6.364268 -26.470800
v -92.944656 6.364268 -26.949724
v -91.924805 5.263629 -30.432451
v -92.612259 5.263629 -30.432451
v -92.612259 6.379809 -30.432451
v -91.924805 6.379809 -30.432451
v -81.106766 5.263629 -30.432451
v -81.794220 5.263629 -30.432451
v -81.794220 6.379809 -30.432451
v -81.106766 6.379809 -30.432451
v -82.459023 5.263629 -30.432451
v -83.146477 5.263629 -30.432451
v -83.146477 6.379809 -30.432451
v -82.459023 6.379809 -30.432451
v -83.811279 5.263629 -30.432451
v -84.498734 5.263629 -30.432451
v -84.498734 6.379809 -30.432451
v -83.811279 6.379809 -30.432451
v -85.163528 5.263629 -30.432451
v -85.850983 5.263629 -30.432451
v -85.850983 6.379809 -30.432451
v -85.163528 6.379809 -30.432451
v -86.515785 5.263629 -30.432451
v -87.203239 5.263629 -30.432451
v -87.203239 6.379809 -30.432451
v -86.515785 6.379809 -30.432451
v -87.868042 5.263629 -30.432451
v -88.555496 5.263629 -30.432451
v -88.555496 6.379809 -30.432451
v -87.868042 6.379809 -30.432451
v -89.220291 5.263629 -30.432451
v -89.907745 5.263629 -30.432451
v -89.907745 6.379809 -30.432451
v -89.220291 6.379809 -30.432451
v -90.572548 5.263629 -30.432451
v -91.260002 5.263629 -30.432451
v -91.260002 6.379809 -30.432451
v -90.572548 6.379809 -30.432451
v -92.612259 5.263629 -30.357695
v -91.924805 5.263629 -30.357695
v -91.924805 6.379809 -30.357695
v -92.612259 6.379809 -30.357695
v -81.794220 5.263629 -30.357695
v -81.106766 5.263629 -30.357695
v -81.106766 6.379809 -30.357695
v -81.794220 6.379809 -30.357695
v -83.146477 5.263629 -30.357695
v -82.459023 5.263629 -30.357695
v -82.459023 6.379809 -30.357695
v -83.146477 6.379809 -30.357695
v -84.498734 5.263629 -30.357695
v -83.811279 5.263629 -30.357695
v -83.811279 6.379809 -30.357695
v -84.498734 6.379809 -30.357695
v -85.850983 5.263629 -30.357695
v -85.163528 5.263629 -30.357695
v -85.163528 6.379809 -30.357695
v -85.850983 6.379809 -30.357695
v -87.203239 5.263629 -30.357695
v -86.515785 5.263629 -30.357695
v -86.515785 6.379809 -30.357695
v -87.203239 6.379809 -30.357695
v -88.555496 5.263629 -30.357695
v -87.868042 5.263629 -30.357695
v -87.868042 6.379809 -30.357695
v -88.555496 6.379809 -30.357695
v -89.907745 5.263629 -30.357695
v -89.220291 5.263629 -30.357695
v -89.220291 6.379809 -30.357695
v -89.907745 6.379809 -30.357695
v -91.260002 5.263629 -30.357695
v -90.572548 5.263629 -30.357695
v -90.572548 6.379809 -30.357695
v -91.260002 6.379809 -30.357695
v -92.944656 6.695574 -25.469534
v -80.774368 6.695574 -25.469534
v -92.944656 6.695574 -30.432451
v -80.774368 6.695574 -30.432451
v -92.944656 8.070100 -30.432451
v -92.944656 8.070100 -25.469534
v -80.774368 8.070100 -25.469534
v -80.774368 8.070100 -30.432451
v -92.944656 8.331240 -30.432451
v -92.944656 8.331240 -25.469534
v -80.774368 8.331240 -25.469534
v -80.774368 8.331240 -30.432451
v -93.963524 8.070100 -30.847935
v -93.963524 8.070100 -25.054050
v -79.755501 8.070100 -25.054050
v -79.755501 8.070100 -30.847935
v -93.963524 8.331240 -30.847935
v -93.963524 8.331240 -25.054050
v -79.755501 8.331240 -25.054050
v -79.755501 8.331240 -30.847935
v -80.774368 6.844669 -30.432451
v -80.774368 6.844669 -25.469534
v -92.944656 6.844669 -25.469534
v -92.944656 6.844669 -30.432451
v -91.592400 6.695574 -25.469534
v -90.240150 6.695574 -25.469534
v -88.887894 6.695574 -25.469534
v -87.535637 6.695574 -25.469534
v -86.183388 6.695574 -25.469534
v -84.831131 6.695574 -25.469534
v -83.478874 6.695574 -25.469534
v -82.126625 6.695574 -25.469534
v -82.126625 6.695574 -30.432451
v -83.478874 6.695574 -30.432451
v -84.831131 6.695574 -30.432451
v -86.183388 6.695574 -30.432451
v -87.535637 6.695574 -30.432451
v -88.887894 6.695574 -30.432451
v -90.240150 6.695574 -30.432451
v -91.592400 6.695574 -30.432451
v -91.592400 8.070100 -25.469534
v -90.240150 8.070100 -25.469534
v -88.887894 8.070100 -25.469534
v -87.535637 8.070100 -25.469534
v -86.183388 8.070100 -25.469534
v -84.831131 8.070100 -25.469534
v -83.478874 8.070100 -25.469534
v -82.126625 8.070100 -25.469534
v -82.126625 8.070100 -30.432451
v -83.478874 8.070100 -30.432451
v -84.831131 8.070100 -30.432451
v -86.183388 8.070100 -30.432451
v -87.535637 8.070100 -30.432451
v -88.887894 8.070100 -30.432451
v -90.240150 8.070100 -30.432451
v -91.592400 8.070100 -30.432451
v -91.592400 8.331240 -25.469534
v -90.240150 8.331240 -25.469534
v -88.887894 8.331240 -25.469534
v -87.535637 8.331240 -25.469534
v -86.183388 8.331240 -25.469534
v -84.831131 8.331240 -25.469534
v -83.478874 8.331240 -25.469534
v -82.126625 8.331240 -25.469534
v -82.126625 8.331240 -30.432451
v -83.478874 8.331240 -30.432451
v -84.831131 8.331240 -30.432451
v -86.183388 8.331240 -30.432451
v -87.535637 8.331240 -30.432451
v -88.887894 8.331240 -30.432451
v -90.240150 8.331240 -30.432451
v -91.592400 8.331240 -30.432451
v -92.384857 8.070100 -25.054050
v -90.806183 8.070100 -25.054050
v -89.227516 8.070100 -25.054050
v -87.648849 8.070100 -25.054050
v -86.070175 8.070100 -25.054050
v -84.491508 8.070100 -25.054050
v -82.912842 8.070100 -25.054050
v -81.334167 8.070100 -25.054050
v -81.334167 8.070100 -30.847935
v -82.912842 8.070100 -30.847935
v -84.491508 8.070100 -30.847935
v -86.070175 8.070100 -30.847935
v -87.648849 8.070100 -30.847935
v -89.227516 8.070100 -30.847935
v -90.806183 8.070100 -30.847935
v -92.384857 8.070100 -30.847935
v -92.384857 8.331240 -25.054050
v -90.806183 8.331240 -25.054050
v -89.227516 8.331240 -25.054050
v -87.648849 8.331240 -25.054050
v -86.070175 8.331240 -25.054050
v -84.491508 8.331240 -25.054050
v -82.912842 8.331240 -25.054050
v -81.334167 8.331240 -25.054050
v -81.334167 8.331240 -30.847935
v -82.912842 8.331240 -30.847935
v -84.491508 8.331240 -30.847935
v -86.070175 8.331240 -30.847935
v -87.648849 8.331240 -30.847935
v -89.227516 8.331240 -30.847935
v -90.806183 8.331240 -30.847935
v -92.384857 8.331240 -30.847935
v -82.126625 6.844669 -25.469534
v -83.478874 6.844669 -25.469534
v -84.831131 6.844669 -25.469534
v -86.183388 6.844669 -25.469534
v -87.535637 6.844669 -25.469534
v -88.887894 6.844669 -25.469534
v -90.240150 6.844669 -25.469534
v -91.592400 6.844669 -25.469534
v -91.592400 6.844669 -30.432451
v -90.240150 6.844669 -30.432451
v -88.887894 6.844669 -30.432451
v -87.535637 6.844669 -30.432451
v -86.183388 6.844669 -30.432451
v -84.831131 6.844669 -30.432451
v -83.478874 6.844669 -30.432451
v -82.126625 6.844669 -30.432451
v -92.944656 6.695574 -29.605299
v -92.944656 6.695574 -28.778145
v -92.944656 6.695574 -27.950993
v -92.944656 6.695574 -27.123840
v -92.944656 6.695574 -26.296686
v -80.774368 6.695574 -26.296686
v -80.774368 6.695574 -27.123840
v -80.774368 6.695574 -27.950993
v -80.774368 6.695574 -28.778145
v -80.774368 6.695574 -29.605299
v -92.944656 8.070100 -29.605299
v -92.944656 8.070100 -28.778145
v -92.944656 8.070100 -27.950993
v -92.944656 8.070100 -27.123840
v -92.944656 8.070100 -26.296686
v -80.774368 8.070100 -26.296686
v -80.774368 8.070100 -27.123840
v -80.774368 8.070100 -27.950993
v -80.774368 8.070100 -28.778145
v -80.774368 8.070100 -29.605299
v -92.944656 8.331240 -29.605299
v -92.944656 8.331240 -28.778145
v -92.944656 8.331240 -27.950993
v -92.944656 8.331240 -27.123840
v -92.944656 8.331240 -26.296686
v -80.774368 8.331240 -26.296686
v -80.774368 8.331240 -27.123840
v -80.774368 8.331240 -27.950993
v -80.774368 8.331240 -28.778145
v -80.774368 8.331240 -29.605299
v -93.963524 8.070100 -29.882288
v -93.963524 8.070100 -28.916639
v -93.963524 8.070100 -27.950993
v -93.963524 8.070100 -26.985346
v -93.963524 8.070100 -26.019697
v -79.755501 8.070100 -26.019697
v -79.755501 8.070100 -26.985346
v -79.755501 8.070100 -27.950993
v -79.755501 8.070100 -28.916639
v -79.755501 8.070100 -29.882288
v -93.963524 8.331240 -29.882288
v -93.963524 8.331240 -28.916639
v -93.963524 8.331240 -27.950993
v -93.963524 8.331240 -26.985346
v -93.963524 8.331240 -26.019697
v -79.755501 8.331240 -26.019697
v -79.755501 8.331240 -26.985346
v -79.755501 8.331240 -27.950993
v -79.755501 8.331240 -28.916639
v -79.755501 8.331240 -29.882288
v -92.944656 6.844669 -26.296686
v -92.944656 6.844669 -27.123840
v -92.944656 6.844669 -27.950993
v -92.944656 6.844669 -28.778145
v -92.944656 6.844669 -29.605299
v -80.774368 6.844669 -29.605299
v -80.774368 6.844669 -28.778145
v -80.774368 6.844669 -27.950993
v -80.774368 6.844669 -27.123840
v -80.774368 6.844669 -26.296686
v -91.592400 8.331240 -26.296686
v -91.592400 8.331240 -27.123840
v -91.592400 8.331240 -27.950993
v -91.592400 8.331240 -28.778145
v -91.592400 8.331240 -29.605299
v -90.240150 8.331240 -26.296686
v -90.240150 8.331240 -27.123840
v -90.240150 8.331240 -27.950993
v -90.240150 8.331240 -28.778145
v -90.240150 8.331240 -29.605299
v -88.887894 8.331240 -26.296686
v -88.887894 8.331240 -27.123840
v -88.887894 8.331240 -27.950993
v -88.887894 8.331240 -28.778145
v -88.887894 8.331240 -29.605299
v -87.535637 8.331240 -26.296686
v -87.535637 8.331240 -27.123840
v -87.535637 8.331240 -27.950993
v -87.535637 8.331240 -28.778145
v -87.535637 8.331240 -29.605299
v -86.183388 8.331240 -26.296686
v -86.183388 8.331240 -27.123840
v -86.183388 8.331240 -27.950993
v -86.183388 8.331240 -28.778145
v -86.183388 8.331240 -29.605299
v -84.831131 8.331240 -26.296686
v -84.831131 8.331240 -27.123840
v -84.831131 8.331240 -27.950993
v -84.831131 8.331240 -28.778145
v -84.831131 8.331240 -29.605299
v -83.478874 8.331240 -26.296686
v -83.478874 8.331240 -27.123840
v -83.478874 8.331240 -27.950993
v -83.478874 8.331240 -28.778145
v -83.478874 8.331240 -29.605299
v -82.126625 8.331240 -26.296686
v -82.126625 8.331240 -27.123840
v -82.126625 8.331240 -27.950993
v -82.126625 8.331240 -28.778145
v -82.126625 8.331240 -29.605299
v -91.592400 6.695574 -29.605299
v -91.592400 6.695574 -28.778145
v -91.592400 6.695574 -27.950993
v -91.592400 6.695574 -27.123840
v -91.592400 6.695574 -26.296686
v -90.240150 6.695574 -29.605299
v -90.240150 6.695574 -28.778145
v -90.240150 6.695574 -27.950993
v -90.240150 6.695574 -27.123840
v -90.240150 6.695574 -26.296686
v -88.887894 6.695574 -29.605299
v -88.887894 6.695574 -28.778145
v -88.887894 6.695574 -27.950993
v -88.887894 6.695574 -27.123840
v -88.887894 6.695574 -26.296686
v -87.535637 6.695574 -29.605299
v -87.535637 6.695574 -28.778145
v -87.535637 6.695574 -27.950993
v -87.535637 6.695574 -27.123840
v -87.535637 6.695574 -26.296686
v -86.183388 6.695574 -29.605299
v -86.183388 6.695574 -28.778145
v -86.183388 6.695574 -27.950993
v -86.183388 6.695574 -27.123840
v -86.183388 6.695574 -26.296686
v -84.831131 6.695574 -29.605299
v -84.831131 6.695574 -28.778145
v -84.831131 6.695574 -27.950993
v -84.831131 6.695574 -27.123840
v -84.831131 6.695574 -26.296686
v -83.478874 6.695574 -29.605299
v -83.478874 6.695574 -28.778145
v -83.478874 6.695574 -27.950993
v -83.478874 6.695574 -27.123840
v -83.478874 6.695574 -26.296686
v -82.126625 6.695574 -29.605299
v -82.126625 6.695574 -28.778145
v -82.126625 6.695574 -27.950993
v -82.126625 6.695574 -27.123840
v -82.126625 6.695574 -26.296686
v -80.774368 6.911798 -29.771875
v -80.774368 6.911798 -30.265875
v -80.774368 8.002971 -30.265875
v -80.774368 8.002971 -29.771877
v -80.774368 6.911798 -25.636110
v -80.774368 6.911798 -26.130108
v -80.774368 8.002971 -26.130110
v -80.774368 8.002971 -25.636110
v -80.774368 6.911798 -26.463264
v -80.774368 6.911798 -26.957262
v -80.774368 8.002971 -26.957262
v -80.774368 8.002971 -26.463264
v -80.774368 6.911798 -27.290417
v -80.774368 6.911798 -27.784414
v -80.774368 8.002971 -27.784414
v -80.774368 8.002971 -27.290417
v -80.774368 6.911798 -28.117571
v -80.774368 6.911798 -28.611568
v -80.774368 8.002971 -28.611568
v -80.774368 8.002971 -28.117571
v -80.774368 6.911798 -28.944723
v -80.774368 6.911798 -29.438721
v -80.774368 8.002971 -29.438721
v -80.774368 8.002971 -28.944723
v -81.770844 6.903136 -25.469534
v -81.130142 6.903136 -25.469534
v -81.130142 8.011633 -25.469534
v -81.770844 8.011633 -25.469534
v -92.588882 6.903136 -25.469534
v -91.948181 6.903136 -25.469534
v -91.948181 8.011633 -25.469534
v -92.588882 8.011633 -25.469534
v -91.236626 6.903136 -25.469534
v -90.595924 6.903136 -25.469534
v -90.595924 8.011633 -25.469534
v -91.236626 8.011633 -25.469534
v -89.884369 6.903136 -25.469534
v -89.243668 6.903136 -25.469534
v -89.243668 8.011633 -25.469534
v -89.884369 8.011633 -25.469534
v -88.532120 6.903136 -25.469534
v -87.891418 6.903136 -25.469534
v -87.891418 8.011633 -25.469534
v -88.532120 8.011633 -25.469534
v -87.179863 6.903136 -25.469534
v -86.539162 6.903136 -25.469534
v -86.539162 8.011633 -25.469534
v -87.179863 8.011633 -25.469534
v -85.827606 6.903136 -25.469534
v -85.186905 6.903136 -25.469534
v -85.186905 8.011633 -25.469534
v -85.827606 8.011633 -25.469534
v -84.475357 6.903136 -25.469534
v -83.834656 6.903136 -25.469534
v -83.834656 8.011633 -25.469534
v -84.475357 8.011633 -25.469534
v -83.123100 6.903136 -25.469534
v -82.482399 6.903136 -25.469534
v -82.482399 8.011633 -25.469534
v -83.123100 8.011633 -25.469534
v -92.944656 6.914835 -26.122572
v -92.944656 6.914835 -25.643648
v -92.944656 7.999934 -25.643648
v -92.944656 7.999934 -26.122572
v -92.944656 6.914835 -30.258337
v -92.944656 6.914835 -29.779413
v -92.944656 7.999934 -29.779413
v -92.944656 7.999934 -30.258337
v -92.944656 6.914835 -29.431185
v -92.944656 6.914835 -28.952261
v -92.944656 7.999934 -28.952261
v -92.944656 7.999934 -29.431185
v -92.944656 6.914835 -28.604031
v -92.944656 6.914835 -28.125107
v -92.944656 7.999934 -28.125107
v -92.944656 7.999934 -28.604031
v -92.944656 6.914835 -27.776878
v -92.944656 6.914835 -27.297955
v -92.944656 7.999934 -27.297955
v -92.944656 7.999934 -27.776878
v -92.944656 6.914835 -26.949724
v -92.944656 6.914835 -26.470800
v -92.944656 7.999934 -26.470800
v -92.944656 7.999934 -26.949724
v -91.924805 6.899294 -30.432451
v -92.612259 6.899294 -30.432451
v -92.612259 8.015474 -30.432451
v -91.924805 8.015474 -30.432451
v -81.106766 6.899294 -30.432451
v -81.794220 6.899294 -30.432451
v -81.794220 8.015474 -30.432451
v -81.106766 8.015474 -30.432451
v -82.459023 6.899294 -30.432451
v -83.146477 6.899294 -30.432451
v -83.146477 8.015474 -30.432451
v -82.459023 8.015474 -30.432451
v -83.811279 6.899294 -30.432451
v -84.498734 6.899294 -30.432451
v -84.498734 8.015474 -30.432451
v -83.811279 8.015474 -30.432451
v -85.163528 6.899294 -30.432451
v -85.850983 6.899294 -30.432451
v -85.850983 8.015474 -30.432451
v -85.163528 8.015474 -30.432451
v -86.515785 6.899294 -30.432451
v -87.203239 6.899294 -30.432451
v -87.203239 8.015474 -30.432451
v -86.515785 8.015474 -30.432451
v -87.868042 6.899294 -30.432451
v -88.555496 6.899294 -30.432451
v -88.555496 8.015474 -30.432451
v -87.868042 8.015474 -30.432451
v -89.220291 6.899294 -30.432451
v -89.907745 6.899294 -30.432451
v -89.907745 8.015474 -30.432451
v -89.220291 8.015474 -30.432451
v -90.572548 6.899294 -30.432451
v -91.260002 6.899294 -30.432451
v -91.260002 8.015474 -30.432451
v -90.572548 8.015474 -30.432451
v -92.612259 6.899294 -30.357695
v -91.924805 6.899294 -30.357695
v -91.924805 8.015474 -30.357695
v -92.612259 8.015474 -30.357695
v -81.794220 6.899294 -30.357695
v -81.106766 6.899294 -30.357695
v -81.106766 8.015474 -30.357695
v -81.794220 8.015474 -30.357695
v -83.146477 6.899294 -30.357695
v -82.459023 6.899294 -30.357695
v -82.459023 8.015474 -30.357695
v -83.146477 8.015474 -30.357695
v -84.498734 6.899294 -30.357695
v -83.811279 6.899294 -30.357695
v -83.811279 8.015474 -30.357695
v -84.498734 8.015474 -30.357695
v -85.850983 6.899294 -30.357695
v -85.163528 6.899294 -30.357695
v -85.163528 8.015474 -30.357695
v -85.850983 8.015474 -30.357695
v -87.203239 6.899294 -30.357695
v -86.515785 6.899294 -30.357695
v -86.515785 8.015474 -30.357695
v -87.203239 8.015474 -30.357695
v -88.555496 6.899294 -30.357695
v -87.868042 6.899294 -30.357695
v -87.868042 8.015474 -30.357695
v -88.555496 8.015474 -30.357695
v -89.907745 6.899294 -30.357695
v -89.220291 6.899294 -30.357695
v -89.220291 8.015474 -30.357695
v -89.907745 8.015474 -30.357695
v -91.260002 6.899294 -30.357695
v -90.572548 6.899294 -30.357695
v -90.572548 8.015474 -30.357695
v -91.260002 8.015474 -30.357695
v -92.944656 8.331240 -25.469534
v -80.774368 8.331240 -25.469534
v -92.944656 8.331240 -30.432451
v -80.774368 8.331240 -30.432451
v -92.944656 9.705765 -30.432451
v -92.944656 9.705765 -25.469534
v -80.774368 9.705765 -25.469534
v -80.774368 9.705765 -30.432451
v -92.944656 9.966906 -30.432451
v -92.944656 9.966906 -25.469534
v -80.774368 9.966906 -25.469534
v -80.774368 9.966906 -30.432451
v -93.963524 9.705765 -30.847935
v -93.963524 9.705765 -25.054050
v -79.755501 9.705765 -25.054050
v -79.755501 9.705765 -30.847935
v -93.963524 9.966906 -30.847935
v -93.963524 9.966906 -25.054050
v -79.755501 9.966906 -25.054050
v -79.755501 9.966906 -30.847935
v -80.774368 8.480334 -30.432451
v -80.774368 8.480334 -25.469534
v -92.944656 8.480334 -25.469534
v -92.944656 8.480334 -30.432451
v -91.592400 8.331240 -25.469534
v -90.240150 8.331240 -25.469534
v -88.887894 8.331240 -25.469534
v -87.535637 8.331240 -25.469534
v -86.183388 8.331240 -25.469534
v -84.831131 8.331240 -25.469534
v -83.478874 8.331240 -25.469534
v -82.126625 8.331240 -25.469534
v -82.126625 8.331240 -30.432451
v -83.478874 8.331240 -30.432451
v -84.831131 8.331240 -30.432451
v -86.183388 8.331240 -30.432451
v -87.535637 8.331240 -30.432451
v -88.887894 8.331240 -30.432451
v -90.240150 8.331240 -30.432451
v -91.592400 8.331240 -30.432451
v -91.592400 9.705765 -25.469534
v -90.240150 9.705765 -25.469534
v -88.887894 9.705765 -25.469534
v -87.535637 9.705765 -25.469534
v -86.183388 9.705765 -25.469534
v -84.831131 9.705765 -25.469534
v -83.478874 9.705765 -25.469534
v -82.126625 9.705765 -25.469534
v -82.126625 9.705765 -30.432451
v -83.478874 9.705765 -30.432451
v -84.831131 9.705765 -30.432451
v -86.183388 9.705765 -30.432451
v -87.535637 9.705765 -30.432451
v -88.887894 9.705765 -30.432451
v -90.240150 9.705765 -30.432451
v -91.592400 9.705765 -30.432451
v -91.592400 9.966906 -25.469534
v -90.240150 9.966906 -25.469534
v -88.887894 9.966906 -25.469534
v -87.535637 9.966906 -25.469534
v -86.183388 9.966906 -25.469534
v -84.831131 9.966906 -25.469534
v -83.478874 9.966906 -25.469534
v -82.126625 9.966906 -25.469534
v -82.126625 9.966906 -30.432451
v -83.478874 9.966906 -30.432451
v -84.831131 9.966906 -30.432451
v -86.183388 9.966906 -30.432451
v -87.535637 9.966906 -30.432451
v -88.887894 9.966906 -30.432451
v -90.240150 9.966906 -30.432451
v -91.592400 9.966906 -30.432451
v -92.384857 9.705765 -25.054050
v -90.806183 9.705765 -25.054050
v -89.227516 9.705765 -25.054050
v -87.648849 9.705765 -25.054050
v -86.070175 9.705765 -25.054050
v -84.491508 9.705765 -25.054050
v -82.912842 9.705765 -25.054050
v -81.334167 9.705765 -25.054050
v -81.334167 9.705765 -30.847935
v -82.912842 9.705765 -30.847935
v -84.491508 9.705765 -30.847935
v -86.070175 9.705765 -30.847935
v -87.648849 9.705765 -30.847935
v -89.227516 9.705765 -30.847935
v -90.806183 9.705765 -30.847935
v -92.384857 9.705765 -30.847935
v -92.384857 9.966906 -25.054050
v -90.806183 9.966906 -25.054050
v -89.227516 9.966906 -25.054050
v -87.648849 9.966906 -25.054050
v -86.070175 9.966906 -25.054050
v -84.491508 9.966906 -25.054050
v -82.912842 9.966906 -25.054050
v -81.334167 9.966906 -25.054050
v -81.334167 9.966906 -30.847935
v -82.912842 9.966906 -30.847935
v -84.491508 9.966906 -30.847935
v -86.070175 9.966906 -30.847935
v -87.648849 9.966906 -30.847935
v -89.227516 9.966906 -30.847935
v -90.806183 9.966906 -30.847935
v -92.384857 9.966906 -30.847935
v -82.126625 8.480334 -25.469534
v -83.478874 8.480334 -25.469534
v -84.831131 8.480334 -25.469534
v -86.183388 8.480334 -25.469534
v -87.535637 8.480334 -25.469534
v -88.887894 8.480334 -25.469534
v -90.240150 8.480334 -25.469534
v -91.592400 8.480334 -25.469534
v -91.592400 8.480334 -30.432451
v -90.240150 8.480334 -30.432451
v -88.887894 8.480334 -30.432451
v -87.535637 8.480334 -30.432451
v -86.183388 8.480334 -30.432451
v -84.831131 8.480334 -30.432451
v -83.478874 8.480334 -30.432451
v -82.126625 8.480334 -30.432451
v -92.944656 8.331240 -29.605299
v -92.944656 8.331240 -28.778145
v -92.944656 8.331240 -27.950993
v -92.944656 8.331240 -27.123840
v -92.944656 8.331240 -26.296686
v -80.774368 8.331240 -26.296686
v -80.774368 8.331240 -27.123840
v -80.774368 8.331240 -27.950993
v -80.774368 8.331240 -28.778145
v -80.774368 8.331240 -29.605299
v -92.944656 9.705765 -29.605299
v -92.944656 9.705765 -28.778145
v -92.944656 9.705765 -27.950993
v -92.944656 9.705765 -27.123840
v -92.944656 9.705765 -26.296686
v -80.774368 9.705765 -26.296686
v -80.774368 9.705765 -27.123840
v -80.774368 9.705765 -27.950993
v -80.774368 9.705765 -28.778145
v -80.774368 9.705765 -29.605299
v -92.944656 9.966906 -29.605299
v -92.944656 9.966906 -28.778145
v -92.944656 9.966906 -27.950993
v -92.944656 9.966906 -27.123840
v -92.944656 9.966906 -26.296686
v -80.774368 9.966906 -26.296686
v -80.774368 9.966906 -27.123840
v -80.774368 9.966906 -27.950993
v -80.774368 9.966906 -28.778145
v -80.774368 9.966906 -29.605299
v -93.963524 9.705765 -29.882288
v -93.963524 9.705765 -28.916639
v -93.963524 9.705765 -27.950993
v -93.963524 9.705765 -26.985346
v -93.963524 9.705765 -26.019697
v -79.755501 9.705765 -26.019697
v -79.755501 9.705765 -26.985346
v -79.755501 9.705765 -27.950993
v -79.755501 9.705765 -28.916639
v -79.755501 9.705765 -29.882288
v -93.963524 9.966906 -29.882288
v -93.963524 9.966906 -28.916639
v -93.963524 9.966906 -27.950993
v -93.963524 9.966906 -26.985346
v -93.963524 9.966906 -26.019697
v -79.755501 9.966906 -26.019697
v -79.755501 9.966906 -26.985346
v -79.755501 9.966906 -27.950993
v -79.755501 9.966906 -28.916639
v -79.755501 9.966906 -29.882288
v -92.944656 8.480334 -26.296686
v -92.944656 8.480334 -27.123840
v -92.944656 8.480334 -27.950993
v -92.944656 8.480334 -28.778145
v -92.944656 8.480334 -29.605299
v -80.774368 8.480334 -29.605299
v -80.774368 8.480334 -28.778145
v -80.774368 8.480334 -27.950993
v -80.774368 8.480334 -27.123840
v -80.774368 8.480334 -26.296686
v -91.592400 9.966906 -26.296686
v -91.592400 9.966906 -27.123840
v -91.592400 9.966906 -27.950993
v -91.592400 9.966906 -28.778145
v -91.592400 9.966906 -29.605299
v -90.240150 9.966906 -26.296686
v -90.240150 9.966906 -27.123840
v -90.240150 9.966906 -27.950993
v -90.240150 9.966906 -28.778145
v -90.240150 9.966906 -29.605299
v -88.887894 9.966906 -26.296686
v -88.887894 9.966906 -27.123840
v -88.887894 9.966906 -27.950993
v -88.887894 9.966906 -28.778145
v -88.887894 9.966906 -29.605299
v -87.535637 9.966906 -26.296686
v -87.535637 9.966906 -27.123840
v -87.535637 9.966906 -27.950993
v -87.535637 9.966906 -28.778145
v -87.535637 9.966906 -29.605299
v -86.183388 9.966906 -26.296686
v -86.183388 9.966906 -27.123840
v -86.183388 9.966906 -27.950993
v -86.183388 9.966906 -28.778145
v -86.183388 9.966906 -29.605299
v -84.831131 9.966906 -26.296686
v -84.831131 9.966906 -27.123840
v -84.831131 9.966906 -27.950993
v -84.831131 9.966906 -28.778145
v -84.831131 9.966906 -29.605299
v -83.478874 9.966906 -26.296686
v -83.478874 9.966906 -27.123840
v -83.478874 9.966906 -27.950993
v -83.478874 9.966906 -28.778145
v -83.478874 9.966906 -29.605299
v -82.126625 9.966906 -26.296686
v -82.126625 9.966906 -27.123840
v -82.126625 9.966906 -27.950993
v -82.126625 9.966906 -28.778145
v -82.126625 9.966906 -29.605299
v -91.592400 8.331240 -29.605299
v -91.592400 8.331240 -28.778145
v -91.592400 8.331240 -27.950993
v -91.592400 8.331240 -27.123840
v -91.592400 8.331240 -26.296686
v -90.240150 8.331240 -29.605299
v -90.240150 8.331240 -28.778145
v -90.240150 8.331240 -27.950993
v -90.240150 8.331240 -27.123840
v -90.240150 8.331240 -26.296686
v -88.887894 8.331240 -29.605299
v -88.887894 8.331240 -28.778145
v -88.887894 8.331240 -27.950993
v -88.887894 8.331240 -27.123840
v -88.887894 8.331240 -26.296686
v -87.535637 8.331240 -29.605299
v -87.535637 8.331240 -28.778145
v -87.535637 8.331240 -27.950993
v -87.535637 8.331240 -27.123840
v -87.535637 8.331240 -26.296686
v -86.183388 8.331240 -29.605299
v -86.183388 8.331240 -28.778145
v -86.183388 8.331240 -27.950993
v -86.183388 8.331240 -27.123840
v -86.183388 8.331240 -26.296686
v -84.831131 8.331240 -29.605299
v -84.831131 8.331240 -28.778145
v -84.831131 8.331240 -27.950993
v -84.831131 8.331240 -27.123840
v -84.831131 8.331240 -26.296686
v -83.478874 8.331240 -29.605299
v -83.478874 8.331240 -28.778145
v -83.478874 8.331240 -27.950993
v -83.478874 8.331240 -27.123840
v -83.478874 8.331240 -26.296686
v -82.126625 8.331240 -29.605299
v -82.126625 8.331240 -28.778145
v -82.126625 8.331240 -27.950993
v -82.126625 8.331240 -27.123840
v -82.126625 8.331240 -26.296686
v -80.774368 8.547463 -29.771875
v -80.774368 8.547463 -30.265875
v -80.774368 9.638637 -30.265875
v -80.774368 9.638637 -29.771877
v -80.774368 8.547463 -25.636110
v -80.774368 8.547463 -26.130108
v -80.774368 9.638637 -26.130110
v -80.774368 9.638637 -25.636110
v -80.774368 8.547463 -26.463264
v -80.774368 8.547463 -26.957262
v -80.774368 9.638637 -26.957262
v -80.774368 9.638637 -26.463264
v -80.774368 8.547463 -27.290417
v -80.774368 8.547463 -27.784414
v -80.774368 9.638637 -27.784414
v -80.774368 9.638637 -27.290417
v -80.774368 8.547463 -28.117571
v -80.774368 8.547463 -28.611568
v -80.774368 9.638637 -28.611568
v -80.774368 9.638637 -28.117571
v -80.774368 8.547463 -28.944723
v -80.774368 8.547463 -29.438721
v -80.774368 9.638637 -29.438721
v -80.774368 9.638637 -28.944723
v -81.770844 8.538801 -25.469534
v -81.130142 8.538801 -25.469534
v -81.130142 9.647299 -25.469534
v -81.770844 9.647299 -25.469534
v -92.588882 8.538801 -25.469534
v -91.948181 8.538801 -25.469534
v -91.948181 9.647299 -25.469534
v -92.588882 9.647299 -25.469534
v -91.236626 8.538801 -25.469534
v -90.595924 8.538801 -25.469534
v -90.595924 9.647299 -25.469534
v -91.236626 9.647299 -25.469534
v -89.884369 8.538801 -25.469534
v -89.243668 8.538801 -25.469534
v -89.243668 9.647299 -25.469534
v -89.884369 9.647299 -25.469534
v -88.532120 8.538801 -25.469534
v -87.891418 8.538801 -25.469534
v -87.891418 9.647299 -25.469534
v -88.532120 9.647299 -25.469534
v -87.179863 8.538801 -25.469534
v -86.539162 8.538801 -25.469534
v -86.539162 9.647299 -25.469534
v -87.179863 9.647299 -25.469534
v -85.827606 8.538801 -25.469534
v -85.186905 8.538801 -25.469534
v -85.186905 9.647299 -25.469534
v -85.827606 9.647299 -25.469534
v -84.475357 8.538801 -25.469534
v -83.834656 8.538801 -25.469534
v -83.834656 9.647299 -25.469534
v -84.475357 9.647299 -25.469534
v -83.123100 8.538801 -25.469534
v -82.482399 8.538801 -25.469534
v -82.482399 9.647299 -25.469534
v -83.123100 9.647299 -25.469534
v -92.944656 8.550501 -26.122572
v -92.944656 8.550501 -25.643648
v -92.944656 9.635599 -25.643648
v -92.944656 9.635599 -26.122572
v -92.944656 8.550501 -30.258337
v -92.944656 8.550501 -29.779413
v -92.944656 9.635599 -29.779413
v -92.944656 9.635599 -30.258337
v -92.944656 8.550501 -29.431185
v -92.944656 8.550501 -28.952261
v -92.944656 9.635599 -28.952261
v -92.944656 9.635599 -29.431185
v -92.944656 8.550501 -28.604031
v -92.944656 8.550501 -28.125107
v -92.944656 9.635599 -28.125107
v -92.944656 9.635599 -28.604031
v -92.944656 8.550501 -27.776878
v -92.944656 8.550501 -27.297955
v -92.944656 9.635599 -27.297955
v -92.944656 9.635599 -27.776878
v -92.944656 8.550501 -26.949724
v -92.944656 8.550501 -26.470800
v -92.944656 9.635599 -26.470800
v -92.944656 9.635599 -26.949724
v -91.924805 8.534960 -30.432451
v -92.612259 8.534960 -30.432451
v -92.612259 9.651140 -30.432451
v -91.924805 9.651140 -30.432451
v -81.106766 8.534960 -30.432451
v -81.794220 8.534960 -30.432451
v -81.794220 9.651140 -30.432451
v -81.106766 9.651140 -30.432451
v -82.459023 8.534960 -30.432451
v -83.146477 8.534960 -30.432451
v -83.146477 9.651140 -30.432451
v -82.459023 9.651140 -30.432451
v -83.811279 8.534960 -30.432451
v -84.498734 8.534960 -30.432451
v -84.498734 9.651140 -30.432451
v -83.811279 9.651140 -30.432451
v -85.163528 8.534960 -30.432451
v -85.850983 8.534960 -30.432451
v -85.850983 9.651140 -30.432451
v -85.163528 9.651140 -30.432451
v -86.515785 8.534960 -30.432451
v -87.203239 8.534960 -30.432451
v -87.203239 9.651140 -30.432451
v -86.515785 9.651140 -30.432451
v -87.868042 8.534960 -30.432451
v -88.555496 8.534960 -30.432451
v -88.555496 9.651140 -30.432451
v -87.868042 9.651140 -30.432451
v -89.220291 8.534960 -30.432451
v -89.907745 8.534960 -30.432451
v -89.907745 9.651140 -30.432451
v -89.220291 9.651140 -30.432451
v -90.572548 8.534960 -30.432451
v -91.260002 8.534960 -30.432451
v -91.260002 9.651140 -30.432451
v -90.572548 9.651140 -30.432451
v -92.612259 8.534960 -30.357695
v -91.924805 8.534960 -30.357695
v -91.924805 9.651140 -30.357695
v -92.612259 9.651140 -30.357695
v -81.794220 8.534960 -30.357695
v -81.106766 8.534960 -30.357695
v -81.106766 9.651140 -30.357695
v -81.794220 9.651140 -30.357695
v -83.146477 8.534960 -30.357695
v -82.459023 8.534960 -30.357695
v -82.459023 9.651140 -30.357695
v -83.146477 9.651140 -30.357695
v -84.498734 8.534960 -30.357695
v -83.811279 8.534960 -30.357695
v -83.811279 9.651140 -30.357695
v -84.498734 9.651140 -30.357695
v -85.850983 8.534960 -30.357695
v -85.163528 8.534960 -30.357695
v -85.163528 9.651140 -30.357695
v -85.850983 9.651140 -30.357695
v -87.203239 8.534960 -30.357695
v -86.515785 8.534960 -30.357695
v -86.515785 9.651140 -30.357695
v -87.203239 9.651140 -30.357695
v -88.555496 8.534960 -30.357695
v -87.868042 8.534960 -30.357695
v -87.868042 9.651140 -30.357695
v -88.555496 9.651140 -30.357695
v -89.907745 8.534960 -30.357695
v -89.220291 8.534960 -30.357695
v -89.220291 9.651140 -30.357695
v -89.907745 9.651140 -30.357695
v -91.260002 8.534960 -30.357695
v -90.572548 8.534960 -30.357695
v -90.572548 9.651140 -30.357695
v -91.260002 9.651140 -30.357695
v -92.944656 9.966906 -25.469534
v -80.774368 9.966906 -25.469534
v -92.944656 9.966906 -30.432451
v -80.774368 9.966906 -30.432451
v -92.944656 11.341431 -30.432451
v -92.944656 11.341431 -25.469534
v -80.774368 11.341431 -25.469534
v -80.774368 11.341431 -30.432451
v -92.944656 11.602571 -30.432451
v -92.944656 11.602571 -25.469534
v -80.774368 11.602571 -25.469534
v -80.774368 11.602571 -30.432451
v -93.963524 11.341431 -30.847935
v -93.963524 11.341431 -25.054050
v -79.755501 11.341431 -25.054050
v -79.755501 11.341431 -30.847935
v -93.963524 11.602571 -30.847935
v -93.963524 11.602571 -25.054050
v -79.755501 11.602571 -25.054050
v -79.755501 11.602571 -30.847935
v -80.774368 10.116000 -30.432451
v -80.774368 10.116000 -25.469534
v -92.944656 10.116000 -25.469534
v -92.944656 10.116000 -30.432451
v -91.592400 9.966906 -25.469534
v -90.240150 9.966906 -25.469534
v -88.887894 9.966906 -25.469534
v -87.535637 9.966906 -25.469534
v -86.183388 9.966906 -25.469534
v -84.831131 9.966906 -25.469534
v -83.478874 9.966906 -25.469534
v -82.126625 9.966906 -25.469534
v -82.126625 9.966906 -30.432451
v -83.478874 9.966906 -30.432451
v -84.831131 9.966906 -30.432451
v -86.183388 9.966906 -30.432451
v -87.535637 9.966906 -30.432451
v -88.887894 9.966906 -30.432451
v -90.240150 9.966906 -30.432451
v -91.592400 9.966906 -30.432451
v -91.592400 11.341431 -25.469534
v -90.240150 11.341431 -25.469534
v -88.887894 11.341431 -25.469534
v -87.535637 11.341431 -25.469534
v -86.183388 11.341431 -25.469534
v -84.831131 11.341431 -25.469534
v -83.478874 11.341431 -25.469534
v -82.126625 11.341431 -25.469534
v -82.126625 11.341431 -30.432451
v -83.478874 11.341431 -30.432451
v -84.831131 11.341431 -30.432451
v -86.183388 11.341431 -30.432451
v -87.535637 11.341431 -30.432451
v -88.887894 11.341431 -30.432451
v -90.240150 11.341431 -30.432451
v -91.592400 11.341431 -30.432451
v -91.592400 11.602571 -25.469534
v -90.240150 11.602571 -25.469534
v -88.887894 11.602571 -25.469534
v -87.535637 11.602571 -25.469534
v -86.183388 11.602571 -25.469534
v -84.831131 11.602571 -25.469534
v -83.478874 11.602571 -25.469534
v -82.126625 11.602571 -25.469534
v -82.126625 11.602571 -30.432451
v -83.478874 11.602571 -30.432451
v -84.831131 11.602571 -30.432451
v -86.183388 11.602571 -30.432451
v -87.535637 11.602571 -30.432451
v -88.887894 11.602571 -30.432451
v -90.240150 11.602571 -30.432451
v -91.592400 11.602571 -30.432451
v -92.384857 11.341431 -25.054050
v -90.806183 11.341431 -25.054050
v -89.227516 11.341431 -25.054050
v -87.648849 11.341431 -25.054050
v -86.070175 11.341431 -25.054050
v -84.491508 11.341431 -25.054050
v -82.912842 11.341431 -25.054050
v -81.334167 11.341431 -25.054050
v -81.334167 11.341431 -30.847935
v -82.912842 11.341431 -30.847935
v -84.491508 11.341431 -30.847935
v -86.070175 11.341431 -30.847935
v -87.648849 11.341431 -30.847935
v -89.227516 11.341431 -30.847935
v -90.806183 11.341431 -30.847935
v -92.384857 11.341431 -30.847935
v -92.384857 11.602571 -25.054050
v -90.806183 11.602571 -25.054050
v -89.227516 11.602571 -25.054050
v -87.648849 11.602571 -25.054050
v -86.070175 11.602571 -25.054050
v -84.491508 11.602571 -25.054050
v -82.912842 11.602571 -25.054050
v -81.334167 11.602571 -25.054050
v -81.334167 11.602571 -30.847935
v -82.912842 11.602571 -30.847935
v -84.491508 11.602571 -30.847935
v -86.070175 11.602571 -30.847935
v -87.648849 11.602571 -30.847935
v -89.227516 11.602571 -30.847935
v -90.806183 11.602571 -30.847935
v -92.384857 11.602571 -30.847935
v -82.126625 10.116000 -25.469534
v -83.478874 10.116000 -25.469534
v -84.831131 10.116000 -25.469534
v -86.183388 10.116000 -25.469534
v -87.535637 10.116000 -25.469534
v -88.887894 10.116000 -25.469534
v -90.240150 10.116000 -25.469534
v -91.592400 10.116000 -25.469534
v -91.592400 10.116000 -30.432451
v -90.240150 10.116000 -30.432451
v -88.887894 10.116000 -30.432451
v -87.535637 10.116000 -30.432451
v -86.183388 10.116000 -30.432451
v -84.831131 10.116000 -30.432451
v -83.478874 10.116000 -30.432451
v -82.126625 10.116000 -30.432451
v -92.944656 9.966906 -29.605299
v -92.944656 9.966906 -28.778145
v -92.944656 9.966906 -27.950993
v -92.944656 9.966906 -27.123840
v -92.944656 9.966906 -26.296686
v -80.774368 9.966906 -26.296686
v -80.774368 9.966906 -27.123840
v -80.774368 9.966906 -27.950993
v -80.774368 9.966906 -28.778145
v -80.774368 9.966906 -29.605299
v -92.944656 11.341431 -29.605299
v -92.944656 11.341431 -28.778145
v -92.944656 11.341431 -27.950993
v -92.944656 11.341431 -27.123840
v -92.944656 11.341431 -26.296686
v -80.774368 11.341431 -26.296686
v -80.774368 11.341431 -27.123840
v -80.774368 11.341431 -27.950993
v -80.774368 11.341431 -28.778145
v -80.774368 11.341431 -29.605299
v -92.944656 11.602571 -29.605299
v -92.944656 11.602571 -28.778145
v -92.944656 11.602571 -27.950993
v -92.944656 11.602571 -27.123840
v -92.944656 11.602571 -26.296686
v -80.774368 11.602571 -26.296686
v -80.774368 11.602571 -27.123840
v -80.774368 11.602571 -27.950993
v -80.774368 11.602571 -28.778145
v -80.774368 11.602571 -29.605299
v -93.963524 11.341431 -29.882288
v -93.963524 11.341431 -28.916639
v -93.963524 11.341431 -27.950993
v -93.963524 11.341431 -26.985346
v -93.963524 11.341431 -26.019697
v -79.755501 11.341431 -26.019697
v -79.755501 11.341431 -26.985346
v -79.755501 11.341431 -27.950993
v -79.755501 11.341431 -28.916639
v -79.755501 11.341431 -29.882288
v -93.963524 11.602571 -29.882288
v -93.963524 11.602571 -28.916639
v -93.963524 11.602571 -27.950993
v -93.963524 11.602571 -26.985346
v -93.963524 11.602571 -26.019697
v -79.755501 11.602571 -26.019697
v -79.755501 11.602571 -26.985346
v -79.755501 11.602571 -27.950993
v -79.755501 11.602571 -28.916639
v -79.755501 11.602571 -29.882288
v -92.944656 10.116000 -26.296686
v -92.944656 10.116000 -27.123840
v -92.944656 10.116000 -27.950993
v -92.944656 10.116000 -28.778145
v -92.944656 10.116000 -29.605299
v -80.774368 10.116000 -29.605299
v -80.774368 10.116000 -28.778145
v -80.774368 10.116000 -27.950993
v -80.774368 10.116000 -27.123840
v -80.774368 10.116000 -26.296686
v -91.592400 11.602571 -26.296686
v -91.592400 11.602571 -27.123840
v -91.592400 11.602571 -27.950993
v -91.592400 11.602571 -28.778145
v -91.592400 11.602571 -29.605299
v -90.240150 11.602571 -26.296686
v -90.240150 11.602571 -27.123840
v -90.240150 11.602571 -27.950993
v -90.240150 11.602571 -28.778145
v -90.240150 11.602571 -29.605299
v -88.887894 11.602571 -26.296686
v -88.887894 11.602571 -27.123840
v -88.887894 11.602571 -27.950993
v -88.887894 11.602571 -28.778145
v -88.887894 11.602571 -29.605299
v -87.535637 11.602571 -26.296686
v -87.535637 11.602571 -27.123840
v -87.535637 11.602571 -27.950993
v -87.535637 11.602571 -28.778145
v -87.535637 11.602571 -29.605299
v -86.183388 11.602571 -26.296686
v -86.183388 11.602571 -27.123840
v -86.183388 11.602571 -27.950993
v -86.183388 11.602571 -28.778145
v -86.183388 11.602571 -29.605299
v -84.831131 11.602571 -26.296686
v -84.831131 11.602571 -27.123840
v -84.831131 11.602571 -27.950993
v -84.831131 11.602571 -28.778145
v -84.831131 11.602571 -29.605299
v -83.478874 11.602571 -26.296686
v -83.478874 11.602571 -27.123840
v -83.478874 11.602571 -27.950993
v -83.478874 11.602571 -28.778145
v -83.478874 11.602571 -29.605299
v -82.126625 11.602571 -26.296686
v -82.126625 11.602571 -27.123840
v -82.126625 11.602571 -27.950993
v -82.126625 11.602571 -28.778145
v -82.126625 11.602571 -29.605299
v -91.592400 9.966906 -29.605299
v -91.592400 9.966906 -28.778145
v -91.592400 9.966906 -27.950993
v -91.592400 9.966906 -27.123840
v -91.592400 9.966906 -26.296686
v -90.240150 9.966906 -29.605299
v -90.240150 9.966906 -28.778145
v -90.240150 9.966906 -27.950993
v -90.240150 9.966906 -27.123840
v -90.240150 9.966906 -26.296686
v -88.887894 9.966906 -29.605299
v -88.887894 9.966906 -28.778145
v -88.887894 9.966906 -27.950993
v -88.887894 9.966906 -27.123840
v -88.887894 9.966906 -26.296686
v -87.535637 9.966906 -29.605299
v -87.535637 9.966906 -28.778145
v -87.535637 9.966906 -27.950993
v -87.535637 9.966906 -27.123840
v -87.535637 9.966906 -26.296686
v -86.183388 9.966906 -29.605299
v -86.183388 9.966906 -28.778145
v -86.183388 9.966906 -27.950993
v -86.183388 9.966906 -27.123840
v -86.183388 9.966906 -26.296686
v -84.831131 9.966906 -29.605299
v -84.831131 9.966906 -28.778145
v -84.831131 9.966906 -27.950993
v -84.831131 9.966906 -27.123840
v -84.831131 9.966906 -26.296686
v -83.478874 9.966906 -29.605299
v -83.478874 9.966906 -28.778145
v -83.478874 9.966906 -27.950993
v -83.478874 9.966906 -27.123840
v -83.478874 9.966906 -26.296686
v -82.126625 9.966906 -29.605299
v -82.126625 9.966906 -28.778145
v -82.126625 9.966906 -27.950993
v -82.126625 9.966906 -27.123840
v -82.126625 9.966906 -26.296686
v -80.774368 10.183129 -29.771875
v -80.774368 10.183129 -30.265875
v -80.774368 11.274302 -30.265875
v -80.774368 11.274302 -29.771877
v -80.774368 10.183129 -25.636110
v -80.774368 10.183129 -26.130108
v -80.774368 11.274302 -26.130110
v -80.774368 11.274302 -25.636110
v -80.774368 10.183129 -26.463264
v -80.774368 10.183129 -26.957262
v -80.774368 11.274302 -26.957262
v -80.774368 11.274302 -26.463264
v -80.774368 10.183129 -27.290417
v -80.774368 10.183129 -27.784414
v -80.774368 11.274302 -27.784414
v -80.774368 11.274302 -27.290417
v -80.774368 10.183129 -28.117571
v -80.774368 10.183129 -28.611568
v -80.774368 11.274302 -28.611568
v -80.774368 11.274302 -28.117571
v -80.774368 10.183129 -28.944723
v -80.774368 10.183129 -29.438721
v -80.774368 11.274302 -29.438721
v -80.774368 11.274302 -28.944723
v -81.770844 10.174467 -25.469534
v -81.130142 10.174467 -25.469534
v -81.130142 11.282965 -25.469534
v -81.770844 11.282965 -25.469534
v -92.588882 10.174467 -25.469534
v -91.948181 10.174467 -25.469534
v -91.948181 11.282965 -25.469534
v -92.588882 11.282965 -25.469534
v -91.236626 10.174467 -25.469534
v -90.595924 10.174467 -25.469534
v -90.595924 11.282965 -25.469534
v -91.236626 11.282965 -25.469534
v -89.884369 10.174467 -25.469534
v -89.243668 10.174467 -25.469534
v -89.243668 11.282965 -25.469534
v -89.884369 11.282965 -25.469534
v -88.532120 10.174467 -25.469534
v -87.891418 10.174467 -25.469534
v -87.891418 11.282965 -25.469534
v -88.532120 11.282965 -25.469534
v -87.179863 10.174467 -25.469534
v -86.539162 10.174467 -25.469534
v -86.539162 11.282965 -25.469534
v -87.179863 11.282965 -25.469534
v -85.827606 10.174467 -25.469534
v -85.186905 10.174467 -25.469534
v -85.186905 11.282965 -25.469534
v -85.827606 11.282965 -25.469534
v -84.475357 10.174467 -25.469534
v -83.834656 10.174467 -25.469534
v -83.834656 11.282965 -25.469534
v -84.475357 11.282965 -25.469534
v -83.123100 10.174467 -25.469534
v -82.482399 10.174467 -25.469534
v -82.482399 11.282965 -25.469534
v -83.123100 11.282965 -25.469534
v -92.944656 10.186167 -26.122572
v -92.944656 10.186167 -25.643648
v -92.944656 11.271265 -25.643648
v -92.944656 11.271265 -26.122572
v -92.944656 10.186167 -30.258337
v -92.944656 10.186167 -29.779413
v -92.944656 11.271265 -29.779413
v -92.944656 11.271265 -30.258337
v -92.944656 10.186167 -29.431185
v -92.944656 10.186167 -28.952261
v -92.944656 11.271265 -28.952261
v -92.944656 11.271265 -29.431185
v -92.944656 10.186167 -28.604031
v -92.944656 10.186167 -28.125107
v -92.944656 11.271265 -28.125107
v -92.944656 11.271265 -28.604031
v -92.944656 10.186167 -27.776878
v -92.944656 10.186167 -27.297955
v -92.944656 11.271265 -27.297955
v -92.944656 11.271265 -27.776878
v -92.944656 10.186167 -26.949724
v -92.944656 10.186167 -26.470800
v -92.944656 11.271265 -26.470800
v -92.944656 11.271265 -26.949724
v -91.924805 10.170626 -30.432451
v -92.612259 10.170626 -30.432451
v -92.612259 11.286806 -30.432451
v -91.924805 11.286806 -30.432451
v -81.106766 10.170626 -30.432451
v -81.794220 10.170626 -30.432451
v -81.794220 11.286806 -30.432451
v -81.106766 11.286806 -30.432451
v -82.459023 10.170626 -30.432451
v -83.146477 10.170626 -30.432451
v -83.146477 11.286806 -30.432451
v -82.459023 11.286806 -30.432451
v -83.811279 10.170626 -30.432451
v -84.498734 10.170626 -30.432451
v -84.498734 11.286806 -30.432451
v -83.811279 11.286806 -30.432451
v -85.163528 10.170626 -30.432451
v -85.850983 10.170626 -30.432451
v -85.850983 11.286806 -30.432451
v -85.163528 11.286806 -30.432451
v -86.515785 10.170626 -30.432451
v -87.203239 10.170626 -30.432451
v -87.203239 11.286806 -30.432451
v -86.515785 11.286806 -30.432451
v -87.868042 10.170626 -30.432451
v -88.555496 10.170626 -30.432451
v -88.555496 11.286806 -30.432451
v -87.868042 11.286806 -30.432451
v -89.220291 10.170626 -30.432451
v -89.907745 10.170626 -30.432451
v -89.907745 11.286806 -30.432451
v -89.220291 11.286806 -30.432451
v -90.572548 10.170626 -30.432451
v -91.260002 10.170626 -30.432451
v -91.260002 11.286806 -30.432451
v -90.572548 11.286806 -30.432451
v -92.612259 10.170626 -30.357695
v -91.924805 10.170626 -30.357695
v -91.924805 11.286806 -30.357695
v -92.612259 11.286806 -30.357695
v -81.794220 10.170626 -30.357695
v -81.106766 10.170626 -30.357695
v -81.106766 11.286806 -30.357695
v -81.794220 11.286806 -30.357695
v -83.146477 10.170626 -30.357695
v -82.459023 10.170626 -30.357695
v -82.459023 11.286806 -30.357695
v -83.146477 11.286806 -30.357695
v -84.498734 10.170626 -30.357695
v -83.811279 10.170626 -30.357695
v -83.811279 11.286806 -30.357695
v -84.498734 11.286806 -30.357695
v -85.850983 10.170626 -30.357695
v -85.163528 10.170626 -30.357695
v -85.163528 11.286806 -30.357695
v -85.850983 11.286806 -30.357695
v -87.203239 10.170626 -30.357695
v -86.515785 10.170626 -30.357695
v -86.515785 11.286806 -30.357695
v -87.203239 11.286806 -30.357695
v -88.555496 10.170626 -30.357695
v -87.868042 10.170626 -30.357695
v -87.868042 11.286806 -30.357695
v -88.555496 11.286806 -30.357695
v -89.907745 10.170626 -30.357695
v -89.220291 10.170626 -30.357695
v -89.220291 11.286806 -30.357695
v -89.907745 11.286806 -30.357695
v -91.260002 10.170626 -30.357695
v -90.572548 10.170626 -30.357695
v -90.572548 11.286806 -30.357695
v -91.260002 11.286806 -30.357695
v -92.944656 11.602571 -25.469534
v -80.774368 11.602571 -25.469534
v -92.944656 11.602571 -30.432451
v -80.774368 11.602571 -30.432451
v -92.944656 12.977097 -30.432451
v -92.944656 12.977097 -25.469534
v -80.774368 12.977097 -25.469534
v -80.774368 12.977097 -30.432451
v -92.944656 13.238237 -30.432451
v -92.944656 13.238237 -25.469534
v -80.774368 13.238237 -25.469534
v -80.774368 13.238237 -30.432451
v -93.963524 12.977097 -30.847935
v -93.963524 12.977097 -25.054050
v -79.755501 12.977097 -25.054050
v -79.755501 12.977097 -30.847935
v -93.963524 13.238237 -30.847935
v -93.963524 13.238237 -25.054050
v -79.755501 13.238237 -25.054050
v -79.755501 13.238237 -30.847935
v -80.774368 11.751666 -30.432451
v -80.774368 11.751666 -25.469534
v -92.944656 11.751666 -25.469534
v -92.944656 11.751666 -30.432451
v -91.592400 11.602571 -25.469534
v -90.240150 11.602571 -25.469534
v -88.887894 11.602571 -25.469534
v -87.535637 11.602571 -25.469534
v -86.183388 11.602571 -25.469534
v -84.831131 11.602571 -25.469534
v -83.478874 11.602571 -25.469534
v -82.126625 11.602571 -25.469534
v -82.126625 11.602571 -30.432451
v -83.478874 11.602571 -30.432451
v -84.831131 11.602571 -30.432451
v -86.183388 11.602571 -30.432451
v -87.535637 11.602571 -30.432451
v -88.887894 11.602571 -30.432451
v -90.240150 11.602571 -30.432451
v -91.592400 11.602571 -30.432451
v -91.592400 12.977097 -25.469534
v -90.240150 12.977097 -25.469534
v -88.887894 12.977097 -25.469534
v -87.535637 12.977097 -25.469534
v -86.183388 12.977097 -25.469534
v -84.831131 12.977097 -25.469534
v -83.478874 12.977097 -25.469534
v -82.126625 12.977097 -25.469534
v -82.126625 12.977097 -30.432451
v -83.478874 12.977097 -30.432451
v -84.831131 12.977097 -30.432451
v -86.183388 12.977097 -30.432451
v -87.535637 12.977097 -30.432451
v -88.887894 12.977097 -30.432451
v -90.240150 12.977097 -30.432451
v -91.592400 12.977097 -30.432451
v -91.592400 13.238237 -25.469534
v -90.240150 13.238237 -25.469534
v -88.887894 13.238237 -25.469534
v -87.535637 13.238237 -25.469534
v -86.183388 13.238237 -25.469534
v -84.831131 13.238237 -25.469534
v -83.478874 13.238237 -25.469534
v -82.126625 13.238237 -25.469534
v -82.126625 13.238237 -30.432451
v -83.478874 13.238237 -30.432451
v -84.831131 13.238237 -30.432451
v -86.183388 13.238237 -30.432451
v -87.535637 13.238237 -30.432451
v -88.887894 13.238237 -30.432451
v -90.240150 13.238237 -30.432451
v -91.592400 13.238237 -30.432451
v -92.384857 12.977097 -25.054050
v -90.806183 12.977097 -25.054050
v -89.227516 12.977097 -25.054050
v -87.648849 12.977097 -25.054050
v -86.070175 12.977097 -25.054050
v -84.491508 12.977097 -25.054050
v -82.912842 12.977097 -25.054050
v -81.334167 12.977097 -25.054050
v -81.334167 12.977097 -30.847935
v -82.912842 12.977097 -30.847935
v -84.491508 12.977097 -30.847935
v -86.070175 12.977097 -30.847935
v -87.648849 12.977097 -30.847935
v -89.227516 12.977097 -30.847935
v -90.806183 12.977097 -30.847935
v -92.384857 12.977097 -30.847935
v -92.384857 13.238237 -25.054050
v -90.806183 13.238237 -25.054050
v -89.227516 13.238237 -25.054050
v -87.648849 13.238237 -25.054050
v -86.070175 13.238237 -25.054050
v -84.491508 13.238237 -25.054050
v -82.912842 13.238237 -25.054050
v -81.334167 13.238237 -25.054050
v -81.334167 13.238237 -30.847935
v -82.912842 13.238237 -30.847935
v -84.491508 13.238237 -30.847935
v -86.070175 13.238237 -30.847935
v -87.648849 13.238237 -30.847935
v -89.227516 13.238237 -30.847935
v -90.806183 13.238237 -30.847935
v -92.384857 13.238237 -30.847935
v -82.126625 11.751666 -25.469534
v -83.478874 11.751666 -25.469534
v -84.831131 11.751666 -25.469534
v -86.183388 11.751666 -25.469534
v -87.535637 11.751666 -25.469534
v -88.887894 11.751666 -25.469534
v -90.240150 11.751666 -25.469534
v -91.592400 11.751666 -25.469534
v -91.592400 11.751666 -30.432451
v -90.240150 11.751666 -30.432451
v -88.887894 11.751666 -30.432451
v -87.535637 11.751666 -30.432451
v -86.183388 11.751666 -30.432451
v -84.831131 11.751666 -30.432451
v -83.478874 11.751666 -30.432451
v -82.126625 11.751666 -30.432451
v -92.944656 11.602571 -29.605299
v -92.944656 11.602571 -28.778145
v -92.944656 11.602571 -27.950993
v -92.944656 11.602571 -27.123840
v -92.944656 11.602571 -26.296686
v -80.774368 11.602571 -26.296686
v -80.774368 11.602571 -27.123840
v -80.774368 11.602571 -27.950993
v -80.774368 11.602571 -28.778145
v -80.774368 11.602571 -29.605299
v -92.944656 12.977097 -29.605299
v -92.944656 12.977097 -28.778145
v -92.944656 12.977097 -27.950993
v -92.944656 12.977097 -27.123840
v -92.944656 12.977097 -26.296686
v -80.774368 12.977097 -26.296686
v -80.774368 12.977097 -27.123840
v -80.774368 12.977097 -27.950993
v -80.774368 12.977097 -28.778145
v -80.774368 12.977097 -29.605299
v -92.944656 13.238237 -29.605299
v -92.944656 13.238237 -28.778145
v -92.944656 13.238237 -27.950993
v -92.944656 13.238237 -27.123840
v -92.944656 13.238237 -26.296686
v -80.774368 13.238237 -26.296686
v -80.774368 13.238237 -27.123840
v -80.774368 13.238237 -27.950993
v -80.774368 13.238237 -28.778145
v -80.774368 13.238237 -29.605299
v -93.963524 12.977097 -29.882288
v -93.963524 12.977097 -28.916639
v -93.963524 12.977097 -27.950993
v -93.963524 12.977097 -26.985346
v -93.963524 12.977097 -26.019697
v -79.755501 12.977097 -26.019697
v -79.755501 12.977097 -26.985346
v -79.755501 12.977097 -27.950993
v -79.755501 12.977097 -28.916639
v -79.755501 12.977097 -29.882288
v -93.963524 13.238237 -29.882288
v -93.963524 13.238237 -28.916639
v -93.963524 13.238237 -27.950993
v -93.963524 13.238237 -26.985346
v -93.963524 13.238237 -26.019697
v -79.755501 13.238237 -26.019697
v -79.755501 13.238237 -26.985346
v -79.755501 13.238237 -27.950993
v -79.755501 13.238237 -28.916639
v -79.755501 13.238237 -29.882288
v -92.944656 11.751666 -26.296686
v -92.944656 11.751666 -27.123840
v -92.944656 11.751666 -27.950993
v -92.944656 11.751666 -28.778145
v -92.944656 11.751666 -29.605299
v -80.774368 11.751666 -29.605299
v -80.774368 11.751666 -28.778145
v -80.774368 11.751666 -27.950993
v -80.774368 11.751666 -27.123840
v -80.774368 11.751666 -26.296686
v -91.592400 13.238237 -26.296686
v -91.592400 13.238237 -27.123840
v -91.592400 13.238237 -27.950993
v -91.592400 13.238237 -28.778145
v -91.592400 13.238237 -29.605299
v -90.240150 13.238237 -26.296686
v -90.240150 13.238237 -27.123840
v -90.240150 13.238237 -27.950993
v -90.240150 13.238237 -28.778145
v -90.240150 13.238237 -29.605299
v -88.887894 13.238237 -26.296686
v -88.887894 13.238237 -27.123840
v -88.887894 13.238237 -27.950993
v -88.887894 13.238237 -28.778145
v -88.887894 13.238237 -29.605299
v -87.535637 13.238237 -26.296686
v -87.535637 13.238237 -27.123840
v -87.535637 13.238237 -27.950993
v -87.535637 13.238237 -28.778145
v -87.535637 13.238237 -29.605299
v -86.183388 13.238237 -26.296686
v -86.183388 13.238237 -27.123840
v -86.183388 13.238237 -27.950993
v -86.183388 13.238237 -28.778145
v -86.183388 13.238237 -29.605299
v -84.831131 13.238237 -26.296686
v -84.831131 13.238237 -27.123840
v -84.831131 13.238237 -27.950993
v -84.831131 13.238237 -28.778145
v -84.831131 13.238237 -29.605299
v -83.478874 13.238237 -26.296686
v -83.478874 13.238237 -27.123840
v -83.478874 13.238237 -27.950993
v -83.478874 13.238237 -28.778145
v -83.478874 13.238237 -29.605299
v -82.126625 13.238237 -26.296686
v -82.126625 13.238237 -27.123840
v -82.126625 13.238237 -27.950993
v -82.126625 13.238237 -28.778145
v -82.126625 13.238237 -29.605299
v -91.592400 11.602571 -29.605299
v -91.592400 11.602571 -28.778145
v -91.592400 11.602571 -27.950993
v -91.592400 11.602571 -27.123840
v -91.592400 11.602571 -26.296686
v -90.240150 11.602571 -29.605299
v -90.240150 11.602571 -28.778145
v -90.240150 11.602571 -27.950993
v -90.240150 11.602571 -27.123840
v -90.240150 11.602571 -26.296686
v -88.887894 11.602571 -29.605299
v -88.887894 11.602571 -28.778145
v -88.887894 11.602571 -27.950993
v -88.887894 11.602571 -27.123840
v -88.887894 11.602571 -26.296686
v -87.535637 11.602571 -29.605299
v -87.535637 11.602571 -28.778145
v -87.535637 11.602571 -27.950993
v -87.535637 11.602571 -27.123840
v -87.535637 11.602571 -26.296686
v -86.183388 11.602571 -29.605299
v -86.183388 11.602571 -28.778145
v -86.183388 11.602571 -27.950993
v -86.183388 11.602571 -27.123840
v -86.183388 11.602571 -26.296686
v -84.831131 11.602571 -29.605299
v -84.831131 11.602571 -28.778145
v -84.831131 11.602571 -27.950993
v -84.831131 11.602571 -27.123840
v -84.831131 11.602571 -26.296686
v -83.478874 11.602571 -29.605299
v -83.478874 11.602571 -28.778145
v -83.478874 11.602571 -27.950993
v -83.478874 11.602571 -27.123840
v -83.478874 11.602571 -26.296686
v -82.126625 11.602571 -29.605299
v -82.126625 11.602571 -28.778145
v -82.126625 11.602571 -27.950993
v -82.126625 11.602571 -27.123840
v -82.126625 11.602571 -26.296686
v -80.774368 11.818795 -29.771875
v -80.774368 11.818795 -30.265875
v -80.774368 12.909968 -30.265875
v -80.774368 12.909968 -29.771877
v -80.774368 11.818795 -25.636110
v -80.774368 11.818795 -26.130108
v -80.774368 12.909968 -26.130110
v -80.774368 12.909968 -25.636110
v -80.774368 11.818795 -26.463264
v -80.774368 11.818795 -26.957262
v -80.774368 12.909968 -26.957262
v -80.774368 12.909968 -26.463264
v -80.774368 11.818795 -27.290417
v -80.774368 11.818795 -27.784414
v -80.774368 12.909968 -27.784414
v -80.774368 12.909968 -27.290417
v -80.774368 11.818795 -28.117571
v -80.774368 11.818795 -28.611568
v -80.774368 12.909968 -28.611568
v -80.774368 12.909968 -28.117571
v -80.774368 11.818795 -28.944723
v -80.774368 11.818795 -29.438721
v -80.774368 12.909968 -29.438721
v -80.774368 12.909968 -28.944723
v -81.770844 11.810133 -25.469534
v -81.130142 11.810133 -25.469534
v -81.130142 12.918631 -25.469534
v -81.770844 12.918631 -25.469534
v -92.588882 11.810133 -25.469534
v -91.948181 11.810133 -25.469534
v -91.948181 12.918631 -25.469534
v -92.588882 12.918631 -25.469534
v -91.236626 11.810133 -25.469534
v -90.595924 11.810133 -25.469534
v -90.595924 12.918631 -25.469534
v -91.236626 12.918631 -25.469534
v -89.884369 11.810133 -25.469534
v -89.243668 11.810133 -25.469534
v -89.243668 12.918631 -25.469534
v -89.884369 12.918631 -25.469534
v -88.532120 11.810133 -25.469534
v -87.891418 11.810133 -25.469534
v -87.891418 12.918631 -25.469534
v -88.532120 12.918631 -25.469534
v -87.179863 11.810133 -25.469534
v -86.539162 11.810133 -25.469534
v -86.539162 12.918631 -25.469534
v -87.179863 12.918631 -25.469534
v -85.827606 11.810133 -25.469534
v -85.186905 11.810133 -25.469534
v -85.186905 12.918631 -25.469534
v -85.827606 12.918631 -25.469534
v -84.475357 11.810133 -25.469534
v -83.834656 11.810133 -25.469534
v -83.834656 12.918631 -25.469534
v -84.475357 12.918631 -25.469534
v -83.123100 11.810133 -25.469534
v -82.482399 11.810133 -25.469534
v -82.482399 12.918631 -25.469534
v -83.123100 12.918631 -25.469534
v -92.944656 11.821833 -26.122572
v -92.944656 11.821833 -25.643648
v -92.944656 12.906931 -25.643648
v -92.944656 12.906931 -26.122572
v -92.944656 11.821833 -30.258337
v -92.944656 11.821833 -29.779413
v -92.944656 12.906931 -29.779413
v -92.944656 12.906931 -30.258337
v -92.944656 11.821833 -29.431185
v -92.944656 11.821833 -28.952261
v -92.944656 12.906931 -28.952261
v -92.944656 12.906931 -29.431185
v -92.944656 11.821833 -28.604031
v -92.944656 11.821833 -28.125107
v -92.944656 12.906931 -28.125107
v -92.944656 12.906931 -28.604031
v -92.944656 11.821833 -27.776878
v -92.944656 11.821833 -27.297955
v -92.944656 12.906931 -27.297955
v -92.944656 12.906931 -27.776878
v -92.944656 11.821833 -26.949724
v -92.944656 11.821833 -26.470800
v -92.944656 12.906931 -26.470800
v -92.944656 12.906931 -26.949724
v -91.924805 11.806292 -30.432451
v -92.612259 11.806292 -30.432451
v -92.612259 12.922472 -30.432451
v -91.924805 12.922472 -30.432451
v -81.106766 11.806292 -30.432451
v -81.794220 11.806292 -30.432451
v -81.794220 12.922472 -30.432451
v -81.106766 12.922472 -30.432451
v -82.459023 11.806292 -30.432451
v -83.146477 11.806292 -30.432451
v -83.146477 12.922472 -30.432451
v -82.459023 12.922472 -30.432451
v -83.811279 11.806292 -30.432451
v -84.498734 11.806292 -30.432451
v -84.498734 12.922472 -30.432451
v -83.811279 12.922472 -30.432451
v -85.163528 11.806292 -30.432451
v -85.850983 11.806292 -30.432451
v -85.850983 12.922472 -30.432451
v -85.163528 12.922472 -30.432451
v -86.515785 11.806292 -30.432451
v -87.203239 11.806292 -30.432451
v -87.203239 12.922472 -30.432451
v -86.515785 12.922472 -30.432451
v -87.868042 11.806292 -30.432451
v -88.555496 11.806292 -30.432451
v -88.555496 12.922472 -30.432451
v -87.868042 12.922472 -30.432451
v -89.220291 11.806292 -30.432451
v -89.907745 11.806292 -30.432451
v -89.907745 12.922472 -30.432451
v -89.220291 12.922472 -30.432451
v -90.572548 11.806292 -30.432451
v -91.260002 11.806292 -30.432451
v -91.260002 12.922472 -30.432451
v -90.572548 12.922472 -30.432451
v -92.612259 11.806292 -30.357695
v -91.924805 11.806292 -30.357695
v -91.924805 12.922472 -30.357695
v -92.612259 12.922472 -30.357695
v -81.794220 11.806292 -30.357695
v -81.106766 11.806292 -30.357695
v -81.106766 12.922472 -30.357695
v -81.794220 12.922472 -30.357695
v -83.146477 11.806292 -30.357695
v -82.459023 11.806292 -30.357695
v -82.459023 12.922472 -30.357695
v -83.146477 12.922472 -30.357695
v -84.498734 11.806292 -30.357695
v -83.811279 11.806292 -30.357695
v -83.811279 12.922472 -30.357695
v -84.498734 12.922472 -30.357695
v -85.850983 11.806292 -30.357695
v -85.163528 11.806292 -30.357695
v -85.163528 12.922472 -30.357695
v -85.850983 12.922472 -30.357695
v -87.203239 11.806292 -30.357695
v -86.515785 11.806292 -30.357695
v -86.515785 12.922472 -30.357695
v -87.203239 12.922472 -30.357695
v -88.555496 11.806292 -30.357695
v -87.868042 11.806292 -30.357695
v -87.868042 12.922472 -30.357695
v -88.555496 12.922472 -30.357695
v -89.907745 11.806292 -30.357695
v -89.220291 11.806292 -30.357695
v -89.220291 12.922472 -30.357695
v -89.907745 12.922472 -30.357695
v -91.260002 11.806292 -30.357695
v -90.572548 11.806292 -30.357695
v -90.572548 12.922472 -30.357695
v -91.260002 12.922472 -30.357695
v -92.944656 13.238237 -25.469534
v -80.774368 13.238237 -25.469534
v -92.944656 13.238237 -30.432451
v -80.774368 13.238237 -30.432451
v -92.944656 14.612762 -30.432451
v -92.944656 14.612762 -25.469534
v -80.774368 14.612762 -25.469534
v -80.774368 14.612762 -30.432451
v -92.944656 14.873903 -30.432451
v -92.944656 14.873903 -25.469534
v -80.774368 14.873903 -25.469534
v -80.774368 14.873903 -30.432451
v -93.963524 14.612762 -30.847935
v -93.963524 14.612762 -25.054050
v -79.755501 14.612762 -25.054050
v -79.755501 14.612762 -30.847935
v -93.963524 14.873903 -30.847935
v -93.963524 14.873903 -25.054050
v -79.755501 14.873903 -25.054050
v -79.755501 14.873903 -30.847935
v -80.774368 13.387332 -30.432451
v -80.774368 13.387332 -25.469534
v -92.944656 13.387332 -25.469534
v -92.944656 13.387332 -30.432451
v -91.592400 13.238237 -25.469534
v -90.240150 13.238237 -25.469534
v -88.887894 13.238237 -25.469534
v -87.535637 13.238237 -25.469534
v -86.183388 13.238237 -25.469534
v -84.831131 13.238237 -25.469534
v -83.478874 13.238237 -25.469534
v -82.126625 13.238237 -25.469534
v -82.126625 13.238237 -30.432451
v -83.478874 13.238237 -30.432451
v -84.831131 13.238237 -30.432451
v -86.183388 13.238237 -30.432451
v -87.535637 13.238237 -30.432451
v -88.887894 13.238237 -30.432451
v -90.240150 13.238237 -30.432451
v -91.592400 13.238237 -30.432451
v -91.592400 14.612762 -25.469534
v -90.240150 14.612762 -25.469534
v -88.887894 14.612762 -25.469534
v -87.535637 14.612762 -25.469534
v -86.183388 14.612762 -25.469534
v -84.831131 14.612762 -25.469534
v -83.478874 14.612762 -25.469534
v -82.126625 14.612762 -25.469534
v -82.126625 14.612762 -30.432451
v -83.478874 14.612762 -30.432451
v -84.831131 14.612762 -30.432451
v -86.183388 14.612762 -30.432451
v -87.535637 14.612762 -30.432451
v -88.887894 14.612762 -30.432451
v -90.240150 14.612762 -30.432451
v -91.592400 14.612762 -30.432451
v -91.592400 14.873903 -25.469534
v -90.240150 14.873903 -25.469534
v -88.887894 14.873903 -25.469534
v -87.535637 14.873903 -25.469534
v -86.183388 14.873903 -25.469534
v -84.831131 14.873903 -25.469534
v -83.478874 14.873903 -25.469534
v -82.126625 14.873903 -25.469534
v -82.126625 14.873903 -30.432451
v -83.478874 14.873903 -30.432451
v -84.831131 14.873903 -30.432451
v -86.183388 14.873903 -30.432451
v -87.535637 14.873903 -30.432451
v -88.887894 14.873903 -30.432451
v -90.240150 14.873903 -30.432451
v -91.592400 14.873903 -30.432451
v -92.384857 14.612762 -25.054050
v -90.806183 14.612762 -25.054050
v -89.227516 14.612762 -25.054050
v -87.648849 14.612762 -25.054050
v -86.070175 14.612762 -25.054050
v -84.491508 14.612762 -25.054050
v -82.912842 14.612762 -25.054050
v -81.334167 14.612762 -25.054050
v -81.334167 14.612762 -30.847935
v -82.912842 14.612762 -30.847935
v -84.491508 14.612762 -30.847935
v -86.070175 14.612762 -30.847935
v -87.648849 14.612762 -30.847935
v -89.227516 14.612762 -30.847935
v -90.806183 14.612762 -30.847935
v -92.384857 14.612762 -30.847935
v -92.384857 14.873903 -25.054050
v -90.806183 14.873903 -25.054050
v -89.227516 14.873903 -25.054050
v -87.648849 14.873903 -25.054050
v -86.070175 14.873903 -25.054050
v -84.491508 14.873903 -25.054050
v -82.912842 14.873903 -25.054050
v -81.334167 14.873903 -25.054050
v -81.334167 14.873903 -30.847935
v -82.912842 14.873903 -30.847935
v -84.491508 14.873903 -30.847935
v -86.070175 14.873903 -30.847935
v -87.648849 14.873903 -30.847935
v -89.227516 14.873903 -30.847935
v -90.806183 14.873903 -30.847935
v -92.384857 14.873903 -30.847935
v -82.126625 13.387332 -25.469534
v -83.478874 13.387332 -25.469534
v -84.831131 13.387332 -25.469534
v -86.183388 13.387332 -25.469534
v -87.535637 13.387332 -25.469534
v -88.887894 13.387332 -25.469534
v -90.240150 13.387332 -25.469534
v -91.592400 13.387332 -25.469534
v -91.592400 13.387332 -30.432451
v -90.240150 13.387332 -30.432451
v -88.887894 13.387332 -30.432451
v -87.535637 13.387332 -30.432451
v -86.183388 13.387332 -30.432451
v -84.831131 13.387332 -30.432451
v -83.478874 13.387332 -30.432451
v -82.126625 13.387332 -30.432451
v -92.944656 13.238237 -29.605299
v -92.944656 13.238237 -28.778145
v -92.944656 13.238237 -27.950993
v -92.944656 13.238237 -27.123840
v -92.944656 13.238237 -26.296686
v -80.774368 13.238237 -26.296686
v -80.774368 13.238237 -27.123840
v -80.774368 13.238237 -27.950993
v -80.774368 13.238237 -28.778145
v -80.774368 13.238237 -29.605299
v -92.944656 14.612762 -29.605299
v -92.944656 14.612762 -28.778145
v -92.944656 14.612762 -27.950993
v -92.944656 14.612762 -27.123840
v -92.944656 14.612762 -26.296686
v -80.774368 14.612762 -26.296686
v -80.774368 14.612762 -27.123840
v -80.774368 14.612762 -27.950993
v -80.774368 14.612762 -28.778145
v -80.774368 14.612762 -29.605299
v -92.944656 14.873903 -29.605299
v -92.944656 14.873903 -28.778145
v -92.944656 14.873903 -27.950993
v -92.944656 14.873903 -27.123840
v -92.944656 14.873903 -26.296686
v -80.774368 14.873903 -26.296686
v -80.774368 14.873903 -27.123840
v -80.774368 14.873903 -27.950993
v -80.774368 14.873903 -28.778145
v -80.774368 14.873903 -29.605299
v -93.963524 14.612762 -29.882288
v -93.963524 14.612762 -28.916639
v -93.963524 14.612762 -27.950993
v -93.963524 14.612762 -26.985346
v -93.963524 14.612762 -26.019697
v -79.755501 14.612762 -26.019697
v -79.755501 14.612762 -26.985346
v -79.755501 14.612762 -27.950993
v -79.755501 14.612762 -28.916639
v -79.755501 14.612762 -29.882288
v -93.963524 14.873903 -29.882288
v -93.963524 14.873903 -28.916639
v -93.963524 14.873903 -27.950993
v -93.963524 14.873903 -26.985346
v -93.963524 14.873903 -26.019697
v -79.755501 14.873903 -26.019697
v -79.755501 14.873903 -26.985346
v -79.755501 14.873903 -27.950993
v -79.755501 14.873903 -28.916639
v -79.755501 14.873903 -29.882288
v -92.944656 13.387332 -26.296686
v -92.944656 13.387332 -27.123840
v -92.944656 13.387332 -27.950993
v -92.944656 13.387332 -28.778145
v -92.944656 13.387332 -29.605299
v -80.774368 13.387332 -29.605299
v -80.774368 13.387332 -28.778145
v -80.774368 13.387332 -27.950993
v -80.774368 13.387332 -27.123840
v -80.774368 13.387332 -26.296686
v -91.592400 14.873903 -26.296686
v -91.592400 14.873903 -27.123840
v -91.592400 14.873903 -27.950993
v -91.592400 14.873903 -28.778145
v -91.592400 14.873903 -29.605299
v -90.240150 14.873903 -26.296686
v -90.240150 14.873903 -27.123840
v -90.240150 14.873903 -27.950993
v -90.240150 14.873903 -28.778145
v -90.240150 14.873903 -29.605299
v -88.887894 14.873903 -26.296686
v -88.887894 14.873903 -27.123840
v -88.887894 14.873903 -27.950993
v -88.887894 14.873903 -28.778145
v -88.887894 14.873903 -29.605299
v -87.535637 14.873903 -26.296686
v -87.535637 14.873903 -27.123840
v -87.535637 14.873903 -27.950993
v -87.535637 14.873903 -28.778145
v -87.535637 14.873903 -29.605299
v -86.183388 14.873903 -26.296686
v -86.183388 14.873903 -27.123840
v -86.183388 14.873903 -27.950993
v -86.183388 14.873903 -28.778145
v -86.183388 14.873903 -29.605299
v -84.831131 14.873903 -26.296686
v -84.831131 14.873903 -27.123840
v -84.831131 14.873903 -27.950993
v -84.831131 14.873903 -28.778145
v -84.831131 14.873903 -29.605299
v -83.478874 14.873903 -26.296686
v -83.478874 14.873903 -27.123840
v -83.478874 14.873903 -27.950993
v -83.478874 14.873903 -28.778145
v -83.478874 14.873903 -29.605299
v -82.126625 14.873903 -26.296686
v -82.126625 14.873903 -27.123840
v -82.126625 14.873903 -27.950993
v -82.126625 14.873903 -28.778145
v -82.126625 14.873903 -29.605299
v -91.592400 13.238237 -29.605299
v -91.592400 13.238237 -28.778145
v -91.592400 13.238237 -27.950993
v -91.592400 13.238237 -27.123840
v -91.592400 13.238237 -26.296686
v -90.240150 13.238237 -29.605299
v -90.240150 13.238237 -28.778145
v -90.240150 13.238237 -27.950993
v -90.240150 13.238237 -27.123840
v -90.240150 13.238237 -26.296686
v -88.887894 13.238237 -29.605299
v -88.887894 13.238237 -28.778145
v -88.887894 13.238237 -27.950993
v -88.887894 13.238237 -27.123840
v -88.887894 13.238237 -26.296686
v -87.535637 13.238237 -29.605299
v -87.535637 13.238237 -28.778145
v -87.535637 13.238237 -27.950993
v -87.535637 13.238237 -27.123840
v -87.535637 13.238237 -26.296686
v -86.183388 13.238237 -29.605299
v -86.183388 13.238237 -28.778145
v -86.183388 13.238237 -27.950993
v -86.183388 13.238237 -27.123840
v -86.183388 13.238237 -26.296686
v -84.831131 13.238237 -29.605299
v -84.831131 13.238237 -28.778145
v -84.831131 13.238237 -27.950993
v -84.831131 13.238237 -27.123840
v -84.831131 13.238237 -26.296686
v -83.478874 13.238237 -29.605299
v -83.478874 13.238237 -28.778145
v -83.478874 13.238237 -27.950993
v -83.478874 13.238237 -27.123840
v -83.478874 13.238237 -26.296686
v -82.126625 13.238237 -29.605299
v -82.126625 13.238237 -28.778145
v -82.126625 13.238237 -27.950993
v -82.126625 13.238237 -27.123840
v -82.126625 13.238237 -26.296686
v -80.774368 13.454461 -29.771875
v -80.774368 13.454461 -30.265875
v -80.774368 14.545634 -30.265875
v -80.774368 14.545634 -29.771877
v -80.774368 13.454461 -25.636110
v -80.774368 13.454461 -26.130108
v -80.774368 14.545634 -26.130110
v -80.774368 14.545634 -25.636110
v -80.774368 13.454461 -26.463264
v -80.774368 13.454461 -26.957262
v -80.774368 14.545634 -26.957262
v -80.774368 14.545634 -26.463264
v -80.774368 13.454461 -27.290417
v -80.774368 13.454461 -27.784414
v -80.774368 14.545634 -27.784414
v -80.774368 14.545634 -27.290417
v -80.774368 13.454461 -28.117571
v -80.774368 13.454461 -28.611568
v -80.774368 14.545634 -28.611568
v -80.774368 14.545634 -28.117571
v -80.774368 13.454461 -28.944723
v -80.774368 13.454461 -29.438721
v -80.774368 14.545634 -29.438721
v -80.774368 14.545634 -28.944723
v -81.770844 13.445799 -25.469534
v -81.130142 13.445799 -25.469534
v -81.130142 14.554296 -25.469534
v -81.770844 14.554296 -25.469534
v -92.588882 13.445799 -25.469534
v -91.948181 13.445799 -25.469534
v -91.948181 14.554296 -25.469534
v -92.588882 14.554296 -25.469534
v -91.236626 13.445799 -25.469534
v -90.595924 13.445799 -25.469534
v -90.595924 14.554296 -25.469534
v -91.236626 14.554296 -25.469534
v -89.884369 13.445799 -25.469534
v -89.243668 13.445799 -25.469534
v -89.243668 14.554296 -25.469534
v -89.884369 14.554296 -25.469534
v -88.532120 13.445799 -25.469534
v -87.891418 13.445799 -25.469534
v -87.891418 14.554296 -25.469534
v -88.532120 14.554296 -25.469534
v -87.179863 13.445799 -25.469534
v -86.539162 13.445799 -25.469534
v -86.539162 14.554296 -25.469534
v -87.179863 14.554296 -25.469534
v -85.827606 13.445799 -25.469534
v -85.186905 13.445799 -25.469534
v -85.186905 14.554296 -25.469534
v -85.827606 14.554296 -25.469534
v -84.475357 13.445799 -25.469534
v -83.834656 13.445799 -25.469534
v -83.834656 14.554296 -25.469534
v -84.475357 14.554296 -25.469534
v -83.123100 13.445799 -25.469534
v -82.482399 13.445799 -25.469534
v -82.482399 14.554296 -25.469534
v -83.123100 14.554296 -25.469534
v -92.944656 13.457499 -26.122572
v -92.944656 13.457499 -25.643648
v -92.944656 14.542597 -25.643648
v -92.944656 14.542597 -26.122572
v -92.944656 13.457499 -30.258337
v -92.944656 13.457499 -29.779413
v -92.944656 14.542597 -29.779413
v -92.944656 14.542597 -30.258337
v -92.944656 13.457499 -29.431185
v -92.944656 13.457499 -28.952261
v -92.944656 14.542597 -28.952261
v -92.944656 14.542597 -29.431185
v -92.944656 13.457499 -28.604031
v -92.944656 13.457499 -28.125107
v -92.944656 14.542597 -28.125107
v -92.944656 14.542597 -28.604031
v -92.944656 13.457499 -27.776878
v -92.944656 13.457499 -27.297955
v -92.944656 14.542597 -27.297955
v -92.944656 14.542597 -27.776878
v -92.944656 13.457499 -26.949724
v -92.944656 13.457499 -26.470800
v -92.944656 14.542597 -26.470800
v -92.944656 14.542597 -26.949724
v -91.924805 13.441957 -30.432451
v -92.612259 13.441957 -30.432451
v -92.612259 14.558138 -30.432451
v -91.924805 14.558138 -30.432451
v -81.106766 13.441957 -30.432451
v -81.794220 13.441957 -30.432451
v -81.794220 14.558138 -30.432451
v -81.106766 14.558138 -30.432451
v -82.459023 13.441957 -30.432451
v -83.146477 13.441957 -30.432451
v -83.146477 14.558138 -30.432451
v -82.459023 14.558138 -30.432451
v -83.811279 13.441957 -30.432451
v -84.498734 13.441957 -30.432451
v -84.498734 14.558138 -30.432451
v -83.811279 14.558138 -30.432451
v -85.163528 13.441957 -30.432451
v -85.850983 13.441957 -30.432451
v -85.850983 14.558138 -30.432451
v -85.163528 14.558138 -30.432451
v -86.515785 13.441957 -30.432451
v -87.203239 13.441957 -30.432451
v -87.203239 14.558138 -30.432451
v -86.515785 14.558138 -30.432451
v -87.868042 13.441957 -30.432451
v -88.555496 13.441957 -30.432451
v -88.555496 14.558138 -30.432451
v -87.868042 14.558138 -30.432451
v -89.220291 13.441957 -30.432451
v -89.907745 13.441957 -30.432451
v -89.907745 14.558138 -30.432451
v -89.220291 14.558138 -30.432451
v -90.572548 13.441957 -30.432451
v -91.260002 13.441957 -30.432451
v -91.260002 14.558138 -30.432451
v -90.572548 14.558138 -30.432451
v -92.612259 13.441957 -30.357695
v -91.924805 13.441957 -30.357695
v -91.924805 14.558138 -30.357695
v -92.612259 14.558138 -30.357695
v -81.794220 13.441957 -30.357695
v -81.106766 13.441957 -30.357695
v -81.106766 14.558138 -30.357695
v -81.794220 14.558138 -30.357695
v -83.146477 13.441957 -30.357695
v -82.459023 13.441957 -30.357695
v -82.459023 14.558138 -30.357695
v -83.146477 14.558138 -30.357695
v -84.498734 13.441957 -30.357695
v -83.811279 13.441957 -30.357695
v -83.811279 14.558138 -30.357695
v -84.498734 14.558138 -30.357695
v -85.850983 13.441957 -30.357695
v -85.163528 13.441957 -30.357695
v -85.163528 14.558138 -30.357695
v -85.850983 14.558138 -30.357695
v -87.203239 13.441957 -30.357695
v -86.515785 13.441957 -30.357695
v -86.515785 14.558138 -30.357695
v -87.203239 14.558138 -30.357695
v -88.555496 13.441957 -30.357695
v -87.868042 13.441957 -30.357695
v -87.868042 14.558138 -30.357695
v -88.555496 14.558138 -30.357695
v -89.907745 13.441957 -30.357695
v -89.220291 13.441957 -30.357695
v -89.220291 14.558138 -30.357695
v -89.907745 14.558138 -30.357695
v -91.260002 13.441957 -30.357695
v -90.572548 13.441957 -30.357695
v -90.572548 14.558138 -30.357695
v -91.260002 14.558138 -30.357695
vn -0.0000 -1.0000 -0.0000
vn -0.0000 1.0000 -0.0000
vn 1.0000 -0.0000 -0.0000
vn -1.0000 -0.0000 -0.0000
vn -0.0000 -0.0000 1.0000
vn -0.0000 -0.0000 -1.0000
vt 0.888889 0.833333
vt 0.888889 1.000000
vt 1.000000 1.000000
vt 1.000000 0.833333
vt 0.111111 0.000000
vt 0.000000 0.000000
vt 1.000000 0.866898
vt 1.000000 0.966436
vt 1.000000 0.866898
vt 0.000000 0.131584
vt 0.000000 0.035083
vt 0.000000 0.035083
vt 0.000000 0.131584
vt 0.249535 1.000000
vt 0.249535 1.000000
vt 0.918122 0.000000
vt 0.970767 0.000000
vt 0.888889 0.833333
vt 1.000000 0.833333
vt 0.888889 1.000000
vt 0.000000 0.166667
vt 0.000000 0.166667
vt 1.000000 0.833333
vt 0.111111 1.000000
vt 0.000000 1.000000
vt 0.888889 0.000000
vt 1.000000 0.000000
vt 1.000000 0.833333
vt 1.000000 0.166667
vt 1.000000 0.166667
vt 0.000000 0.833333
vt 0.000000 0.833333
vt 0.888889 0.000000
vt 0.111111 1.000000
vt 0.777778 1.000000
vt 0.666667 1.000000
vt 0.555556 1.000000
vt 0.444444 1.000000
vt 0.333333 1.000000
vt 0.333333 1.000000
vt 0.222222 1.000000
vt 0.222222 1.000000
vt 0.111111 0.000000
vt 0.222222 0.000000
vt 0.222222 0.000000
vt 0.333333 0.000000
vt 0.333333 0.000000
vt 0.444444 0.000000
vt 0.555556 0.000000
vt 0.555556 0.000000
vt 0.666667 0.000000
vt 0.777778 0.000000
vt 0.222222 0.000000
vt 0.555556 0.000000
vt 0.666667 0.000000
vt 0.777778 1.000000
vt 0.666667 1.000000
vt 0.444445 1.000000
vt 0.333333 1.000000
vt 0.222222 1.000000
vt 0.444445 1.000000
vt 0.555556 1.000000
vt 0.111111 0.833333
vt 0.222222 0.833333
vt 0.333333 0.833333
vt 0.444445 0.833333
vt 0.555556 0.833333
vt 0.666667 0.833333
vt 0.777778 0.833333
vt 0.029233 0.000000
vt 0.081878 0.000000
vt 0.081878 0.000000
vt 0.029233 0.000000
vt 0.140344 0.000000
vt 0.192989 0.000000
vt 0.192989 0.000000
vt 0.251455 0.000000
vt 0.304100 0.000000
vt 0.304100 0.000000
vt 0.362567 0.000000
vt 0.415211 0.000000
vt 0.362567 0.000000
vt 0.473678 0.000000
vt 0.526322 0.000000
vt 0.526322 0.000000
vt 0.473678 0.000000
vt 0.584789 0.000000
vt 0.637434 0.000000
vt 0.637434 0.000000
vt 0.584789 0.000000
vt 0.695900 0.000000
vt 0.748545 0.000000
vt 0.695900 0.000000
vt 0.807011 0.000000
vt 0.859656 0.000000
vt 0.861576 1.000000
vt 0.861576 1.000000
vt 0.306021 1.000000
vt 0.306021 1.000000
vt 0.027312 1.000000
vt 0.083799 1.000000
vt 0.471757 1.000000
vt 0.528243 1.000000
vt 0.805090 1.000000
vt 0.027312 1.000000
vt 0.471757 1.000000
vt 0.000000 0.833333
vt 0.333333 0.833333
vt 0.444444 0.833333
vt 0.555556 0.833333
vt 0.666667 0.833333
vt 0.777778 0.166667
vt 0.888889 0.166667
vt 0.777778 0.333333
vt 0.888889 0.333333
vt 0.777778 0.500000
vt 0.888889 0.500000
vt 0.777778 0.666667
vt 0.888889 0.666667
vt 0.666667 0.166667
vt 0.666667 0.333333
vt 0.666667 0.500000
vt 0.666667 0.666667
vt 0.555556 0.166667
vt 0.555556 0.333333
vt 0.555556 0.500000
vt 0.555556 0.666667
vt 0.444444 0.166667
vt 0.444444 0.333333
vt 0.444444 0.500000
vt 0.444444 0.666667
vt 0.333333 0.166667
vt 0.333333 0.333333
vt 0.333333 0.500000
vt 0.333333 0.666667
vt 0.222222 0.166667
vt 0.222222 0.333333
vt 0.222222 0.500000
vt 0.222222 0.666667
vt 0.111111 0.166667
vt 0.111111 0.333333
vt 0.111111 0.500000
vt 0.111111 0.666667
vt 0.000000 0.333333
vt 0.000000 0.500000
vt 0.000000 0.666667
vt 0.888889 0.166667
vt 0.777778 0.166667
vt 0.888889 0.333333
vt 0.777778 0.333333
vt 0.888889 0.500000
vt 0.888889 0.666667
vt 0.777778 0.666667
vt 0.666667 0.166667
vt 0.666667 0.333333
vt 0.666667 0.500000
vt 0.666667 0.666667
vt 0.555556 0.166667
vt 0.555556 0.333333
vt 0.555556 0.666667
vt 0.444444 0.166667
vt 0.444445 0.333333
vt 0.444445 0.500000
vt 0.444445 0.666667
vt 0.333333 0.166667
vt 0.333333 0.333333
vt 0.333333 0.500000
vt 0.333333 0.666667
vt 0.222222 0.166667
vt 0.222222 0.333333
vt 0.222222 0.666667
vt 0.111111 0.166667
vt 0.111111 0.333333
vt 0.111111 0.666667
vt 0.000000 0.166667
vt 0.000000 0.333333
vt 0.000000 0.500000
vt 0.000000 0.666667
vt 1.000000 0.166667
vt 1.000000 0.166667
vt 1.000000 0.333333
vt 1.000000 0.333333
vt 1.000000 0.500000
vt 1.000000 0.666667
vt 1.000000 0.666667
vt 0.000000 0.333333
vt 1.000000 0.666667
vt 1.000000 0.500000
vt 1.000000 0.333333
vt 0.000000 0.666667
vt 1.000000 0.333333
vt 1.000000 0.166667
vt 0.000000 0.964917
vt 0.000000 0.868416
vt 0.000000 0.868416
vt 0.000000 0.964917
vt 0.000000 0.798250
vt 0.000000 0.701750
vt 0.000000 0.701750
vt 0.000000 0.798250
vt 0.000000 0.631584
vt 0.000000 0.535083
vt 0.000000 0.631584
vt 0.000000 0.464917
vt 0.000000 0.368416
vt 0.000000 0.368416
vt 0.000000 0.464917
vt 0.000000 0.298250
vt 0.000000 0.201750
vt 0.000000 0.298250
vt 1.000000 0.033564
vt 1.000000 0.133102
vt 1.000000 0.133102
vt 1.000000 0.033564
vt 1.000000 0.200231
vt 1.000000 0.299769
vt 1.000000 0.299769
vt 1.000000 0.200231
vt 1.000000 0.366898
vt 1.000000 0.466436
vt 1.000000 0.466436
vt 1.000000 0.366898
vt 1.000000 0.533564
vt 1.000000 0.633102
vt 1.000000 0.533564
vt 1.000000 0.700231
vt 1.000000 0.799769
vt 1.000000 0.799769
vt 1.000000 0.700231
vt 0.083799 1.000000
vt 0.916201 1.000000
vt 0.972687 1.000000
vt 0.916201 1.000000
vt 0.972687 1.000000
vt 0.805090 1.000000
vt 0.693979 1.000000
vt 0.750465 1.000000
vt 0.693979 1.000000
vt 0.750465 1.000000
vt 0.582868 1.000000
vt 0.639354 1.000000
vt 0.582868 1.000000
vt 0.639354 1.000000
vt 0.528243 1.000000
vt 0.360646 1.000000
vt 0.417132 1.000000
vt 0.360646 1.000000
vt 0.417132 1.000000
vt 0.138424 1.000000
vt 0.194910 1.000000
vt 0.138424 1.000000
vt 0.194910 1.000000
s 0
usemtl A30
f 1272/629/253 1049/630/253 1020/631/253 1146/632/253
f 1073/633/254 1026/634/254 1034/634/254 1105/633/254
f 1390/642/255 1391/643/255 1428/643/255 1425/642/255
f 1236/646/254 1166/647/254 1028/631/254 1081/648/254
f 1151/649/253 1022/634/253 1030/634/253 1171/650/253
f 1081/648/254 1028/631/254 1036/631/254 1113/648/254
f 1156/651/253 1024/631/253 1032/631/253 1176/647/253
f 1104/652/258 1029/653/258 1033/653/258 1120/652/258
f 1096/654/257 1031/655/257 1035/655/257 1112/654/257
f 1176/647/255 1032/631/255 1036/631/255 1186/656/255
f 1171/650/256 1030/634/256 1034/634/256 1181/649/256
f 1072/652/253 1021/653/253 1029/653/253 1104/652/253
f 1064/654/253 1023/655/253 1031/655/253 1096/654/253
f 1162/657/254 1027/655/254 1035/655/254 1182/658/254
f 1157/659/254 1025/653/254 1033/653/254 1177/660/254
f 1048/661/257 1018/655/257 1038/655/257 1121/661/257
f 1056/652/258 1019/653/258 1040/653/258 1129/662/258
f 1141/649/256 1017/634/256 1039/634/256 1187/649/256
f 1146/632/255 1020/631/255 1037/631/255 1192/632/255
f 1020/631/258 1049/630/258 1136/630/258 1037/631/258
f 1049/630/258 1050/663/258 1135/663/258 1136/630/258
f 1050/663/258 1051/664/258 1134/664/258 1135/663/258
f 1051/664/258 1052/665/258 1133/665/258 1134/664/258
f 1052/665/258 1053/666/258 1132/666/258 1133/665/258
f 1053/666/258 1054/667/258 1131/668/258 1132/666/258
f 1054/667/258 1055/669/258 1130/670/258 1131/668/258
f 1055/669/258 1056/652/258 1129/662/258 1130/670/258
f 1017/634/257 1041/671/257 1128/633/257 1039/634/257
f 1041/671/257 1042/672/257 1127/673/257 1128/633/257
f 1042/672/257 1043/674/257 1126/675/257 1127/673/257
f 1043/674/257 1044/676/257 1125/676/257 1126/675/257
f 1044/676/257 1045/677/257 1124/678/257 1125/676/257
f 1045/677/257 1046/679/257 1123/679/257 1124/678/257
f 1046/679/257 1047/680/257 1122/680/257 1123/679/257
f 1047/680/257 1048/661/257 1121/661/257 1122/680/257
f 1022/634/253 1057/633/253 1089/633/253 1030/634/253
f 1057/633/253 1058/672/253 1090/681/253 1089/633/253
f 1058/672/253 1059/675/253 1091/675/253 1090/681/253
f 1059/675/253 1060/676/253 1092/676/253 1091/675/253
f 1060/676/253 1061/677/253 1093/682/253 1092/676/253
f 1061/677/253 1062/679/253 1094/683/253 1093/682/253
f 1062/679/253 1063/680/253 1095/680/253 1094/683/253
f 1063/680/253 1064/654/253 1096/654/253 1095/680/253
f 1024/631/253 1065/648/253 1097/648/253 1032/631/253
f 1065/648/253 1066/663/253 1098/684/253 1097/648/253
f 1066/663/253 1067/685/253 1099/685/253 1098/684/253
f 1067/685/253 1068/665/253 1100/665/253 1099/685/253
f 1068/665/253 1069/666/253 1101/686/253 1100/665/253
f 1069/666/253 1070/687/253 1102/687/253 1101/686/253
f 1070/687/253 1071/669/253 1103/688/253 1102/687/253
f 1071/669/253 1072/652/253 1104/652/253 1103/688/253
f 1030/634/257 1089/633/257 1105/633/257 1034/634/257
f 1089/633/257 1090/681/257 1106/681/257 1105/633/257
f 1090/681/257 1091/675/257 1107/675/257 1106/681/257
f 1091/675/257 1092/676/257 1108/676/257 1107/675/257
f 1092/676/257 1093/682/257 1109/682/257 1108/676/257
f 1093/682/257 1094/683/257 1110/683/257 1109/682/257
f 1094/683/257 1095/680/257 1111/680/257 1110/683/257
f 1095/680/257 1096/654/257 1112/654/257 1111/680/257
f 1032/631/258 1097/648/258 1113/648/258 1036/631/258
f 1097/648/258 1098/684/258 1114/684/258 1113/648/258
f 1098/684/258 1099/685/258 1115/685/258 1114/684/258
f 1099/685/258 1100/665/258 1116/665/258 1115/685/258
f 1100/665/258 1101/686/258 1117/686/258 1116/665/258
f 1101/686/258 1102/687/258 1118/687/258 1117/686/258
f 1102/687/258 1103/688/258 1119/688/258 1118/687/258
f 1103/688/258 1104/652/258 1120/652/258 1119/688/258
f 1025/653/254 1088/652/254 1120/652/254 1033/653/254
f 1088/652/254 1087/669/254 1119/688/254 1120/652/254
f 1087/669/254 1086/667/254 1118/687/254 1119/688/254
f 1086/667/254 1085/689/254 1117/686/254 1118/687/254
f 1085/689/254 1084/690/254 1116/665/254 1117/686/254
f 1084/690/254 1083/685/254 1115/685/254 1116/665/254
f 1083/685/254 1082/663/254 1114/684/254 1115/685/254
f 1082/663/254 1081/648/254 1113/648/254 1114/684/254
f 1157/659/254 1201/691/254 1088/652/254 1025/653/254
f 1201/691/254 1206/692/254 1087/669/254 1088/652/254
f 1206/692/254 1211/693/254 1086/667/254 1087/669/254
f 1211/693/254 1216/694/254 1085/689/254 1086/667/254
f 1216/694/254 1221/695/254 1084/690/254 1085/689/254
f 1221/695/254 1226/696/254 1083/685/254 1084/690/254
f 1226/696/254 1231/697/254 1082/663/254 1083/685/254
f 1231/697/254 1236/646/254 1081/648/254 1082/663/254
f 1309/702/257 1310/703/257 1311/704/257 1312/702/257
f 1317/708/257 1318/709/257 1319/709/257 1320/710/257
f 1325/715/257 1326/716/257 1327/717/257 1328/718/257
f 1333/722/257 1334/723/257 1335/723/257 1336/722/257
f 1372/724/256 1369/725/256 1406/725/256 1407/724/256
f 1392/726/256 1389/727/256 1426/727/256 1427/726/256
f 1363/728/253 1364/729/253 1399/729/253 1400/728/253
f 1383/730/253 1384/731/253 1419/731/253 1420/730/253
f 1369/725/254 1370/732/254 1405/732/254 1406/725/254
f 1389/727/254 1390/642/254 1425/642/254 1426/727/254
f 1362/733/255 1363/728/255 1400/728/255 1397/733/255
f 1382/734/255 1383/730/255 1420/730/255 1417/734/255
f 1027/655/254 1080/661/254 1112/654/254 1035/655/254
f 1080/661/254 1079/680/254 1111/680/254 1112/654/254
f 1079/680/254 1078/683/254 1110/683/254 1111/680/254
f 1078/683/254 1077/678/254 1109/682/254 1110/683/254
f 1077/678/254 1076/676/254 1108/676/254 1109/682/254
f 1076/676/254 1075/675/254 1107/675/254 1108/676/254
f 1075/675/254 1074/672/254 1106/681/254 1107/675/254
f 1074/672/254 1073/633/254 1105/633/254 1106/681/254
f 1137/735/253 1019/653/253 1056/652/253 1237/691/253
f 1237/691/253 1056/652/253 1055/669/253 1242/692/253
f 1242/692/253 1055/669/253 1054/667/253 1247/736/253
f 1247/736/253 1054/667/253 1053/666/253 1252/737/253
f 1252/737/253 1053/666/253 1052/665/253 1257/738/253
f 1257/738/253 1052/665/253 1051/664/253 1262/739/253
f 1262/739/253 1051/664/253 1050/663/253 1267/697/253
f 1267/697/253 1050/663/253 1049/630/253 1272/629/253
f 1047/680/253 1271/740/253 1276/741/253 1048/661/253
f 1271/740/253 1270/742/253 1275/743/253 1276/741/253
f 1270/742/253 1269/744/253 1274/745/253 1275/743/253
f 1269/744/253 1268/746/253 1273/747/253 1274/745/253
f 1268/746/253 1267/697/253 1272/629/253 1273/747/253
f 1046/679/253 1266/748/253 1271/740/253 1047/680/253
f 1266/748/253 1265/749/253 1270/742/253 1271/740/253
f 1265/749/253 1264/750/253 1269/744/253 1270/742/253
f 1264/750/253 1263/751/253 1268/746/253 1269/744/253
f 1263/751/253 1262/739/253 1267/697/253 1268/746/253
f 1045/677/253 1261/752/253 1266/748/253 1046/679/253
f 1261/752/253 1260/753/253 1265/749/253 1266/748/253
f 1260/753/253 1259/754/253 1264/750/253 1265/749/253
f 1259/754/253 1258/755/253 1263/751/253 1264/750/253
f 1258/755/253 1257/738/253 1262/739/253 1263/751/253
f 1044/676/253 1256/756/253 1261/752/253 1045/677/253
f 1256/756/253 1255/757/253 1260/753/253 1261/752/253
f 1255/757/253 1254/758/253 1259/754/253 1260/753/253
f 1254/758/253 1253/759/253 1258/755/253 1259/754/253
f 1253/759/253 1252/737/253 1257/738/253 1258/755/253
f 1043/674/253 1251/760/253 1256/756/253 1044/676/253
f 1251/760/253 1250/761/253 1255/757/253 1256/756/253
f 1250/761/253 1249/762/253 1254/758/253 1255/757/253
f 1249/762/253 1248/763/253 1253/759/253 1254/758/253
f 1248/763/253 1247/736/253 1252/737/253 1253/759/253
f 1042/672/253 1246/764/253 1251/760/253 1043/674/253
f 1246/764/253 1245/765/253 1250/761/253 1251/760/253
f 1245/765/253 1244/766/253 1249/762/253 1250/761/253
f 1244/766/253 1243/767/253 1248/763/253 1249/762/253
f 1243/767/253 1242/692/253 1247/736/253 1248/763/253
f 1041/671/253 1241/768/253 1246/764/253 1042/672/253
f 1241/768/253 1240/769/253 1245/765/253 1246/764/253
f 1240/769/253 1239/770/253 1244/766/253 1245/765/253
f 1239/770/253 1238/771/253 1243/767/253 1244/766/253
f 1238/771/253 1237/691/253 1242/692/253 1243/767/253
f 1017/634/253 1141/649/253 1241/768/253 1041/671/253
f 1141/649/253 1140/772/253 1240/769/253 1241/768/253
f 1140/772/253 1139/773/253 1239/770/253 1240/769/253
f 1139/773/253 1138/774/253 1238/771/253 1239/770/253
f 1138/774/253 1137/735/253 1237/691/253 1238/771/253
f 1079/680/254 1080/661/254 1232/775/254 1227/776/254
f 1227/776/254 1232/775/254 1233/777/254 1228/778/254
f 1228/778/254 1233/777/254 1234/779/254 1229/744/254
f 1229/744/254 1234/779/254 1235/780/254 1230/781/254
f 1230/781/254 1235/780/254 1236/646/254 1231/697/254
f 1078/683/254 1079/680/254 1227/776/254 1222/782/254
f 1222/782/254 1227/776/254 1228/778/254 1223/783/254
f 1223/783/254 1228/778/254 1229/744/254 1224/784/254
f 1224/784/254 1229/744/254 1230/781/254 1225/785/254
f 1225/785/254 1230/781/254 1231/697/254 1226/696/254
f 1077/678/254 1078/683/254 1222/782/254 1217/786/254
f 1217/786/254 1222/782/254 1223/783/254 1218/787/254
f 1218/787/254 1223/783/254 1224/784/254 1219/754/254
f 1219/754/254 1224/784/254 1225/785/254 1220/788/254
f 1220/788/254 1225/785/254 1226/696/254 1221/695/254
f 1076/676/254 1077/678/254 1217/786/254 1212/789/254
f 1212/789/254 1217/786/254 1218/787/254 1213/790/254
f 1213/790/254 1218/787/254 1219/754/254 1214/791/254
f 1214/791/254 1219/754/254 1220/788/254 1215/792/254
f 1215/792/254 1220/788/254 1221/695/254 1216/694/254
f 1075/675/254 1076/676/254 1212/789/254 1207/793/254
f 1207/793/254 1212/789/254 1213/790/254 1208/794/254
f 1208/794/254 1213/790/254 1214/791/254 1209/795/254
f 1209/795/254 1214/791/254 1215/792/254 1210/796/254
f 1210/796/254 1215/792/254 1216/694/254 1211/693/254
f 1074/672/254 1075/675/254 1207/793/254 1202/797/254
f 1202/797/254 1207/793/254 1208/794/254 1203/798/254
f 1203/798/254 1208/794/254 1209/795/254 1204/766/254
f 1204/766/254 1209/795/254 1210/796/254 1205/799/254
f 1205/799/254 1210/796/254 1211/693/254 1206/692/254
f 1073/633/254 1074/672/254 1202/797/254 1197/800/254
f 1197/800/254 1202/797/254 1203/798/254 1198/801/254
f 1198/801/254 1203/798/254 1204/766/254 1199/770/254
f 1199/770/254 1204/766/254 1205/799/254 1200/802/254
f 1200/802/254 1205/799/254 1206/692/254 1201/691/254
f 1026/634/254 1073/633/254 1197/800/254 1161/803/254
f 1161/803/254 1197/800/254 1198/801/254 1160/804/254
f 1160/804/254 1198/801/254 1199/770/254 1159/805/254
f 1159/805/254 1199/770/254 1200/802/254 1158/806/254
f 1158/806/254 1200/802/254 1201/691/254 1157/659/254
f 1018/655/255 1142/807/255 1196/808/255 1038/655/255
f 1142/807/255 1143/809/255 1195/810/255 1196/808/255
f 1143/809/255 1144/811/255 1194/811/255 1195/810/255
f 1144/811/255 1145/812/255 1193/813/255 1194/811/255
f 1145/812/255 1146/632/255 1192/632/255 1193/813/255
f 1019/653/256 1137/735/256 1191/659/256 1040/653/256
f 1137/735/256 1138/774/256 1190/806/256 1191/659/256
f 1138/774/256 1139/773/256 1189/805/256 1190/806/256
f 1139/773/256 1140/772/256 1188/814/256 1189/805/256
f 1140/772/256 1141/649/256 1187/649/256 1188/814/256
f 1026/634/254 1161/803/254 1181/649/254 1034/634/254
f 1161/803/254 1160/804/254 1180/772/254 1181/649/254
f 1160/804/254 1159/805/254 1179/773/254 1180/772/254
f 1159/805/254 1158/806/254 1178/774/254 1179/773/254
f 1158/806/254 1157/659/254 1177/660/254 1178/774/254
f 1028/631/254 1166/647/254 1186/656/254 1036/631/254
f 1166/647/254 1165/815/254 1185/815/254 1186/656/254
f 1165/815/254 1164/816/254 1184/816/254 1185/815/254
f 1164/816/254 1163/817/254 1183/817/254 1184/816/254
f 1163/817/254 1162/657/254 1182/658/254 1183/817/254
f 1029/653/256 1167/659/256 1177/660/256 1033/653/256
f 1167/659/256 1168/818/256 1178/774/256 1177/660/256
f 1168/818/256 1169/773/256 1179/773/256 1178/774/256
f 1169/773/256 1170/772/256 1180/772/256 1179/773/256
f 1170/772/256 1171/650/256 1181/649/256 1180/772/256
f 1031/655/255 1172/657/255 1182/658/255 1035/655/255
f 1172/657/255 1173/819/255 1183/817/255 1182/658/255
f 1173/819/255 1174/816/255 1184/816/255 1183/817/255
f 1174/816/255 1175/815/255 1185/815/255 1184/816/255
f 1175/815/255 1176/647/255 1186/656/255 1185/815/255
f 1023/655/253 1152/820/253 1172/657/253 1031/655/253
f 1152/820/253 1153/819/253 1173/819/253 1172/657/253
f 1153/819/253 1154/816/253 1174/816/253 1173/819/253
f 1154/816/253 1155/815/253 1175/815/253 1174/816/253
f 1155/815/253 1156/651/253 1176/647/253 1175/815/253
f 1021/653/253 1147/660/253 1167/659/253 1029/653/253
f 1147/660/253 1148/818/253 1168/818/253 1167/659/253
f 1148/818/253 1149/773/253 1169/773/253 1168/818/253
f 1149/773/253 1150/772/253 1170/772/253 1169/773/253
f 1150/772/253 1151/649/253 1171/650/253 1170/772/253
f 1080/661/254 1027/655/254 1162/657/254 1232/775/254
f 1232/775/254 1162/657/254 1163/817/254 1233/777/254
f 1233/777/254 1163/817/254 1164/816/254 1234/779/254
f 1234/779/254 1164/816/254 1165/815/254 1235/780/254
f 1235/780/254 1165/815/254 1166/647/254 1236/646/254
f 1345/825/256 1346/826/256 1347/827/256 1348/828/256
f 1357/836/256 1358/837/256 1359/837/256 1360/838/256
f 1289/847/255 1290/848/255 1291/849/255 1292/850/255
f 1297/854/255 1298/855/255 1299/856/255 1300/857/255
f 1048/661/253 1276/741/253 1142/807/253 1018/655/253
f 1276/741/253 1275/743/253 1143/809/253 1142/807/253
f 1275/743/253 1274/745/253 1144/811/253 1143/809/253
f 1274/745/253 1273/747/253 1145/812/253 1144/811/253
f 1273/747/253 1272/629/253 1146/632/253 1145/812/253
f 1192/632/255 1037/631/255 1278/636/255 1277/635/255
f 1037/631/255 1024/631/255 1279/636/255 1278/636/255
f 1024/631/255 1156/651/255 1280/637/255 1279/636/255
f 1156/651/255 1192/632/255 1277/635/255 1280/637/255
f 1038/655/255 1196/808/255 1282/840/255 1281/839/255
f 1196/808/255 1152/820/255 1283/841/255 1282/840/255
f 1152/820/255 1023/655/255 1284/842/255 1283/841/255
f 1023/655/255 1038/655/255 1281/839/255 1284/842/255
f 1196/808/255 1195/810/255 1286/844/255 1285/843/255
f 1195/810/255 1153/819/255 1287/845/255 1286/844/255
f 1153/819/255 1152/820/255 1288/846/255 1287/845/255
f 1152/820/255 1196/808/255 1285/843/255 1288/846/255
f 1195/810/255 1194/811/255 1290/848/255 1289/847/255
f 1194/811/255 1154/816/255 1291/849/255 1290/848/255
f 1154/816/255 1153/819/255 1292/850/255 1291/849/255
f 1153/819/255 1195/810/255 1289/847/255 1292/850/255
f 1194/811/255 1193/813/255 1294/852/255 1293/851/255
f 1193/813/255 1155/815/255 1295/852/255 1294/852/255
f 1155/815/255 1154/816/255 1296/853/255 1295/852/255
f 1154/816/255 1194/811/255 1293/851/255 1296/853/255
f 1193/813/255 1192/632/255 1298/855/255 1297/854/255
f 1192/632/255 1156/651/255 1299/856/255 1298/855/255
f 1156/651/255 1155/815/255 1300/857/255 1299/856/255
f 1155/815/255 1193/813/255 1297/854/255 1300/857/255
f 1121/661/257 1038/655/257 1302/645/257 1301/644/257
f 1038/655/257 1023/655/257 1303/645/257 1302/645/257
f 1023/655/257 1064/654/257 1304/644/257 1303/645/257
f 1064/654/257 1121/661/257 1301/644/257 1304/644/257
f 1039/634/257 1128/633/257 1306/699/257 1305/698/257
f 1128/633/257 1057/633/257 1307/700/257 1306/699/257
f 1057/633/257 1022/634/257 1308/701/257 1307/700/257
f 1022/634/257 1039/634/257 1305/698/257 1308/701/257
f 1128/633/257 1127/673/257 1310/703/257 1309/702/257
f 1127/673/257 1058/672/257 1311/704/257 1310/703/257
f 1058/672/257 1057/633/257 1312/702/257 1311/704/257
f 1057/633/257 1128/633/257 1309/702/257 1312/702/257
f 1127/673/257 1126/675/257 1314/706/257 1313/705/257
f 1126/675/257 1059/675/257 1315/707/257 1314/706/257
f 1059/675/257 1058/672/257 1316/705/257 1315/707/257
f 1058/672/257 1127/673/257 1313/705/257 1316/705/257
f 1126/675/257 1125/676/257 1318/709/257 1317/708/257
f 1125/676/257 1060/676/257 1319/709/257 1318/709/257
f 1060/676/257 1059/675/257 1320/710/257 1319/709/257
f 1059/675/257 1126/675/257 1317/708/257 1320/710/257
f 1125/676/257 1124/678/257 1322/712/257 1321/711/257
f 1124/678/257 1061/677/257 1323/713/257 1322/712/257
f 1061/677/257 1060/676/257 1324/714/257 1323/713/257
f 1060/676/257 1125/676/257 1321/711/257 1324/714/257
f 1124/678/257 1123/679/257 1326/716/257 1325/715/257
f 1123/679/257 1062/679/257 1327/717/257 1326/716/257
f 1062/679/257 1061/677/257 1328/718/257 1327/717/257
f 1061/677/257 1124/678/257 1325/715/257 1328/718/257
f 1123/679/257 1122/680/257 1330/720/257 1329/719/257
f 1122/680/257 1063/680/257 1331/720/257 1330/720/257
f 1063/680/257 1062/679/257 1332/721/257 1331/720/257
f 1062/679/257 1123/679/257 1329/719/257 1332/721/257
f 1122/680/257 1121/661/257 1334/723/257 1333/722/257
f 1121/661/257 1064/654/257 1335/723/257 1334/723/257
f 1064/654/257 1063/680/257 1336/722/257 1335/723/257
f 1063/680/257 1122/680/257 1333/722/257 1336/722/257
f 1187/649/256 1039/634/256 1338/639/256 1337/638/256
f 1039/634/256 1022/634/256 1339/640/256 1338/639/256
f 1022/634/256 1151/649/256 1340/641/256 1339/640/256
f 1151/649/256 1187/649/256 1337/638/256 1340/641/256
f 1040/653/256 1191/659/256 1342/822/256 1341/821/256
f 1191/659/256 1147/660/256 1343/823/256 1342/822/256
f 1147/660/256 1021/653/256 1344/824/256 1343/823/256
f 1021/653/256 1040/653/256 1341/821/256 1344/824/256
f 1191/659/256 1190/806/256 1346/826/256 1345/825/256
f 1190/806/256 1148/818/256 1347/827/256 1346/826/256
f 1148/818/256 1147/660/256 1348/828/256 1347/827/256
f 1147/660/256 1191/659/256 1345/825/256 1348/828/256
f 1190/806/256 1189/805/256 1350/830/256 1349/829/256
f 1189/805/256 1149/773/256 1351/830/256 1350/830/256
f 1149/773/256 1148/818/256 1352/831/256 1351/830/256
f 1148/818/256 1190/806/256 1349/829/256 1352/831/256
f 1189/805/256 1188/814/256 1354/833/256 1353/832/256
f 1188/814/256 1150/772/256 1355/834/256 1354/833/256
f 1150/772/256 1149/773/256 1356/835/256 1355/834/256
f 1149/773/256 1189/805/256 1353/832/256 1356/835/256
f 1188/814/256 1187/649/256 1358/837/256 1357/836/256
f 1187/649/256 1151/649/256 1359/837/256 1358/837/256
f 1151/649/256 1150/772/256 1360/838/256 1359/837/256
f 1150/772/256 1188/814/256 1357/836/256 1360/838/256
f 1129/662/258 1040/653/258 1362/733/258 1361/858/258
f 1040/653/258 1021/653/258 1363/728/258 1362/733/258
f 1021/653/258 1072/652/258 1364/729/258 1363/728/258
f 1072/652/258 1129/662/258 1361/858/258 1364/729/258
f 1037/631/258 1136/630/258 1366/859/258 1365/860/258
f 1136/630/258 1065/648/258 1367/861/258 1366/859/258
f 1065/648/258 1024/631/258 1368/862/258 1367/861/258
f 1024/631/258 1037/631/258 1365/860/258 1368/862/258
f 1136/630/258 1135/663/258 1370/732/258 1369/725/258
f 1135/663/258 1066/663/258 1371/863/258 1370/732/258
f 1066/663/258 1065/648/258 1372/724/258 1371/863/258
f 1065/648/258 1136/630/258 1369/725/258 1372/724/258
f 1135/663/258 1134/664/258 1374/864/258 1373/865/258
f 1134/664/258 1067/685/258 1375/866/258 1374/864/258
f 1067/685/258 1066/663/258 1376/867/258 1375/866/258
f 1066/663/258 1135/663/258 1373/865/258 1376/867/258
f 1134/664/258 1133/665/258 1378/868/258 1377/869/258
f 1133/665/258 1068/665/258 1379/870/258 1378/868/258
f 1068/665/258 1067/685/258 1380/871/258 1379/870/258
f 1067/685/258 1134/664/258 1377/869/258 1380/871/258
f 1133/665/258 1132/666/258 1382/734/258 1381/872/258
f 1132/666/258 1069/666/258 1383/730/258 1382/734/258
f 1069/666/258 1068/665/258 1384/731/258 1383/730/258
f 1068/665/258 1133/665/258 1381/872/258 1384/731/258
f 1132/666/258 1131/668/258 1386/873/258 1385/874/258
f 1131/668/258 1070/687/258 1387/875/258 1386/873/258
f 1070/687/258 1069/666/258 1388/876/258 1387/875/258
f 1069/666/258 1132/666/258 1385/874/258 1388/876/258
f 1131/668/258 1130/670/258 1390/642/258 1389/727/258
f 1130/670/258 1071/669/258 1391/643/258 1390/642/258
f 1071/669/258 1070/687/258 1392/726/258 1391/643/258
f 1070/687/258 1131/668/258 1389/727/258 1392/726/258
f 1130/670/258 1129/662/258 1394/877/258 1393/878/258
f 1129/662/258 1072/652/258 1395/879/258 1394/877/258
f 1072/652/258 1071/669/258 1396/880/258 1395/879/258
f 1071/669/258 1130/670/258 1393/878/258 1396/880/258
f 1410/865/258 1409/864/258 1412/866/258 1411/867/258
f 1418/872/258 1417/734/258 1420/730/258 1419/731/258
f 1426/727/258 1425/642/258 1428/643/258 1427/726/258
f 1370/732/255 1371/863/255 1408/863/255 1405/732/255
f 1377/869/254 1378/868/254 1413/868/254 1414/869/254
f 1391/643/253 1392/726/253 1427/726/253 1428/643/253
f 1371/863/253 1372/724/253 1407/724/253 1408/863/253
f 1380/871/256 1377/869/256 1414/869/256 1415/871/256
f 1378/868/255 1379/870/255 1416/870/255 1413/868/255
f 1385/874/254 1386/873/254 1421/873/254 1422/874/254
f 1365/860/254 1366/859/254 1401/859/254 1402/860/254
f 1379/870/253 1380/871/253 1415/871/253 1416/870/253
f 1388/876/256 1385/874/256 1422/874/256 1423/876/256
f 1368/862/256 1365/860/256 1402/860/256 1403/862/256
f 1386/873/255 1387/875/255 1424/875/255 1421/873/255
f 1366/859/255 1367/861/255 1404/861/255 1401/859/255
f 1393/878/254 1394/877/254 1429/877/254 1430/878/254
f 1373/865/254 1374/864/254 1409/864/254 1410/865/254
f 1387/875/253 1388/876/253 1423/876/253 1424/875/253
f 1367/861/253 1368/862/253 1403/862/253 1404/861/253
f 1396/880/256 1393/878/256 1430/878/256 1431/880/256
f 1376/867/256 1373/865/256 1410/865/256 1411/867/256
f 1394/877/255 1395/879/255 1432/879/255 1429/877/255
f 1374/864/255 1375/866/255 1412/866/255 1409/864/255
f 1381/872/254 1382/734/254 1417/734/254 1418/872/254
f 1395/879/253 1396/880/253 1431/880/253 1432/879/253
f 1361/858/254 1362/733/254 1397/733/254 1398/858/254
f 1375/866/253 1376/867/253 1411/867/253 1412/866/253
f 1384/731/256 1381/872/256 1418/872/256 1419/731/256
f 1364/729/256 1361/858/256 1398/858/256 1399/729/256
f 1688/629/253 1465/630/253 1436/631/253 1562/632/253
f 1489/633/254 1442/634/254 1450/634/254 1521/633/254
f 1806/642/255 1807/643/255 1844/643/255 1841/642/255
f 1652/646/254 1582/647/254 1444/631/254 1497/648/254
f 1567/649/253 1438/634/253 1446/634/253 1587/650/253
f 1497/648/254 1444/631/254 1452/631/254 1529/648/254
f 1572/651/253 1440/631/253 1448/631/253 1592/647/253
f 1520/652/258 1445/653/258 1449/653/258 1536/652/258
f 1512/654/257 1447/655/257 1451/655/257 1528/654/257
f 1592/647/255 1448/631/255 1452/631/255 1602/656/255
f 1587/650/256 1446/634/256 1450/634/256 1597/649/256
f 1488/652/253 1437/653/253 1445/653/253 1520/652/253
f 1480/654/253 1439/655/253 1447/655/253 1512/654/253
f 1578/657/254 1443/655/254 1451/655/254 1598/658/254
f 1573/659/254 1441/653/254 1449/653/254 1593/660/254
f 1464/661/257 1434/655/257 1454/655/257 1537/661/257
f 1472/652/258 1435/653/258 1456/653/258 1545/662/258
f 1557/649/256 1433/634/256 1455/634/256 1603/649/256
f 1562/632/255 1436/631/255 1453/631/255 1608/632/255
f 1436/631/258 1465/630/258 1552/630/258 1453/631/258
f 1465/630/258 1466/663/258 1551/663/258 1552/630/258
f 1466/663/258 1467/664/258 1550/664/258 1551/663/258
f 1467/664/258 1468/665/258 1549/665/258 1550/664/258
f 1468/665/258 1469/666/258 1548/666/258 1549/665/258
f 1469/666/258 1470/667/258 1547/668/258 1548/666/258
f 1470/667/258 1471/669/258 1546/670/258 1547/668/258
f 1471/669/258 1472/652/258 1545/662/258 1546/670/258
f 1433/634/257 1457/671/257 1544/633/257 1455/634/257
f 1457/671/257 1458/672/257 1543/673/257 1544/633/257
f 1458/672/257 1459/674/257 1542/675/257 1543/673/257
f 1459/674/257 1460/676/257 1541/676/257 1542/675/257
f 1460/676/257 1461/677/257 1540/678/257 1541/676/257
f 1461/677/257 1462/679/257 1539/679/257 1540/678/257
f 1462/679/257 1463/680/257 1538/680/257 1539/679/257
f 1463/680/257 1464/661/257 1537/661/257 1538/680/257
f 1438/634/253 1473/633/253 1505/633/253 1446/634/253
f 1473/633/253 1474/672/253 1506/681/253 1505/633/253
f 1474/672/253 1475/675/253 1507/675/253 1506/681/253
f 1475/675/253 1476/676/253 1508/676/253 1507/675/253
f 1476/676/253 1477/677/253 1509/682/253 1508/676/253
f 1477/677/253 1478/679/253 1510/683/253 1509/682/253
f 1478/679/253 1479/680/253 1511/680/253 1510/683/253
f 1479/680/253 1480/654/253 1512/654/253 1511/680/253
f 1440/631/253 1481/648/253 1513/648/253 1448/631/253
f 1481/648/253 1482/663/253 1514/684/253 1513/648/253
f 1482/663/253 1483/685/253 1515/685/253 1514/684/253
f 1483/685/253 1484/665/253 1516/665/253 1515/685/253
f 1484/665/253 1485/666/253 1517/686/253 1516/665/253
f 1485/666/253 1486/687/253 1518/687/253 1517/686/253
f 1486/687/253 1487/669/253 1519/688/253 1518/687/253
f 1487/669/253 1488/652/253 1520/652/253 1519/688/253
f 1446/634/257 1505/633/257 1521/633/257 1450/634/257
f 1505/633/257 1506/681/257 1522/681/257 1521/633/257
f 1506/681/257 1507/675/257 1523/675/257 1522/681/257
f 1507/675/257 1508/676/257 1524/676/257 1523/675/257
f 1508/676/257 1509/682/257 1525/682/257 1524/676/257
f 1509/682/257 1510/683/257 1526/683/257 1525/682/257
f 1510/683/257 1511/680/257 1527/680/257 1526/683/257
f 1511/680/257 1512/654/257 1528/654/257 1527/680/257
f 1448/631/258 1513/648/258 1529/648/258 1452/631/258
f 1513/648/258 1514/684/258 1530/684/258 1529/648/258
f 1514/684/258 1515/685/258 1531/685/258 1530/684/258
f 1515/685/258 1516/665/258 1532/665/258 1531/685/258
f 1516/665/258 1517/686/258 1533/686/258 1532/665/258
f 1517/686/258 1518/687/258 1534/687/258 1533/686/258
f 1518/687/258 1519/688/258 1535/688/258 1534/687/258
f 1519/688/258 1520/652/258 1536/652/258 1535/688/258
f 1441/653/254 1504/652/254 1536/652/254 1449/653/254
f 1504/652/254 1503/669/254 1535/688/254 1536/652/254
f 1503/669/254 1502/667/254 1534/687/254 1535/688/254
f 1502/667/254 1501/689/254 1533/686/254 1534/687/254
f 1501/689/254 1500/690/254 1532/665/254 1533/686/254
f 1500/690/254 1499/685/254 1531/685/254 1532/665/254
f 1499/685/254 1498/663/254 1530/684/254 1531/685/254
f 1498/663/254 1497/648/254 1529/648/254 1530/684/254
f 1573/659/254 1617/691/254 1504/652/254 1441/653/254
f 1617/691/254 1622/692/254 1503/669/254 1504/652/254
f 1622/692/254 1627/693/254 1502/667/254 1503/669/254
f 1627/693/254 1632/694/254 1501/689/254 1502/667/254
f 1632/694/254 1637/695/254 1500/690/254 1501/689/254
f 1637/695/254 1642/696/254 1499/685/254 1500/690/254
f 1642/696/254 1647/697/254 1498/663/254 1499/685/254
f 1647/697/254 1652/646/254 1497/648/254 1498/663/254
f 1725/702/257 1726/703/257 1727/704/257 1728/702/257
f 1733/708/257 1734/709/257 1735/709/257 1736/710/257
f 1741/715/257 1742/716/257 1743/717/257 1744/718/257
f 1749/722/257 1750/723/257 1751/723/257 1752/722/257
f 1788/724/256 1785/725/256 1822/725/256 1823/724/256
f 1808/726/256 1805/727/256 1842/727/256 1843/726/256
f 1779/728/253 1780/729/253 1815/729/253 1816/728/253
f 1799/730/253 1800/731/253 1835/731/253 1836/730/253
f 1785/725/254 1786/732/254 1821/732/254 1822/725/254
f 1805/727/254 1806/642/254 1841/642/254 1842/727/254
f 1778/733/255 1779/728/255 1816/728/255 1813/733/255
f 1798/734/255 1799/730/255 1836/730/255 1833/734/255
f 1443/655/254 1496/661/254 1528/654/254 1451/655/254
f 1496/661/254 1495/680/254 1527/680/254 1528/654/254
f 1495/680/254 1494/683/254 1526/683/254 1527/680/254
f 1494/683/254 1493/678/254 1525/682/254 1526/683/254
f 1493/678/254 1492/676/254 1524/676/254 1525/682/254
f 1492/676/254 1491/675/254 1523/675/254 1524/676/254
f 1491/675/254 1490/672/254 1522/681/254 1523/675/254
f 1490/672/254 1489/633/254 1521/633/254 1522/681/254
f 1553/735/253 1435/653/253 1472/652/253 1653/691/253
f 1653/691/253 1472/652/253 1471/669/253 1658/692/253
f 1658/692/253 1471/669/253 1470/667/253 1663/736/253
f 1663/736/253 1470/667/253 1469/666/253 1668/737/253
f 1668/737/253 1469/666/253 1468/665/253 1673/738/253
f 1673/738/253 1468/665/253 1467/664/253 1678/739/253
f 1678/739/253 1467/664/253 1466/663/253 1683/697/253
f 1683/697/253 1466/663/253 1465/630/253 1688/629/253
f 1463/680/253 1687/740/253 1692/741/253 1464/661/253
f 1687/740/253 1686/742/253 1691/743/253 1692/741/253
f 1686/742/253 1685/744/253 1690/745/253 1691/743/253
f 1685/744/253 1684/746/253 1689/747/253 1690/745/253
f 1684/746/253 1683/697/253 1688/629/253 1689/747/253
f 1462/679/253 1682/748/253 1687/740/253 1463/680/253
f 1682/748/253 1681/749/253 1686/742/253 1687/740/253
f 1681/749/253 1680/750/253 1685/744/253 1686/742/253
f 1680/750/253 1679/751/253 1684/746/253 1685/744/253
f 1679/751/253 1678/739/253 1683/697/253 1684/746/253
f 1461/677/253 1677/752/253 1682/748/253 1462/679/253
f 1677/752/253 1676/753/253 1681/749/253 1682/748/253
f 1676/753/253 1675/754/253 1680/750/253 1681/749/253
f 1675/754/253 1674/755/253 1679/751/253 1680/750/253
f 1674/755/253 1673/738/253 1678/739/253 1679/751/253
f 1460/676/253 1672/756/253 1677/752/253 1461/677/253
f 1672/756/253 1671/757/253 1676/753/253 1677/752/253
f 1671/757/253 1670/758/253 1675/754/253 1676/753/253
f 1670/758/253 1669/759/253 1674/755/253 1675/754/253
f 1669/759/253 1668/737/253 1673/738/253 1674/755/253
f 1459/674/253 1667/760/253 1672/756/253 1460/676/253
f 1667/760/253 1666/761/253 1671/757/253 1672/756/253
f 1666/761/253 1665/762/253 1670/758/253 1671/757/253
f 1665/762/253 1664/763/253 1669/759/253 1670/758/253
f 1664/763/253 1663/736/253 1668/737/253 1669/759/253
f 1458/672/253 1662/764/253 1667/760/253 1459/674/253
f 1662/764/253 1661/765/253 1666/761/253 1667/760/253
f 1661/765/253 1660/766/253 1665/762/253 1666/761/253
f 1660/766/253 1659/767/253 1664/763/253 1665/762/253
f 1659/767/253 1658/692/253 1663/736/253 1664/763/253
f 1457/671/253 1657/768/253 1662/764/253 1458/672/253
f 1657/768/253 1656/769/253 1661/765/253 1662/764/253
f 1656/769/253 1655/770/253 1660/766/253 1661/765/253
f 1655/770/253 1654/771/253 1659/767/253 1660/766/253
f 1654/771/253 1653/691/253 1658/692/253 1659/767/253
f 1433/634/253 1557/649/253 1657/768/253 1457/671/253
f 1557/649/253 1556/772/253 1656/769/253 1657/768/253
f 1556/772/253 1555/773/253 1655/770/253 1656/769/253
f 1555/773/253 1554/774/253 1654/771/253 1655/770/253
f 1554/774/253 1553/735/253 1653/691/253 1654/771/253
f 1495/680/254 1496/661/254 1648/775/254 1643/776/254
f 1643/776/254 1648/775/254 1649/777/254 1644/778/254
f 1644/778/254 1649/777/254 1650/779/254 1645/744/254
f 1645/744/254 1650/779/254 1651/780/254 1646/781/254
f 1646/781/254 1651/780/254 1652/646/254 1647/697/254
f 1494/683/254 1495/680/254 1643/776/254 1638/782/254
f 1638/782/254 1643/776/254 1644/778/254 1639/783/254
f 1639/783/254 1644/778/254 1645/744/254 1640/784/254
f 1640/784/254 1645/744/254 1646/781/254 1641/785/254
f 1641/785/254 1646/781/254 1647/697/254 1642/696/254
f 1493/678/254 1494/683/254 1638/782/254 1633/786/254
f 1633/786/254 1638/782/254 1639/783/254 1634/787/254
f 1634/787/254 1639/783/254 1640/784/254 1635/754/254
f 1635/754/254 1640/784/254 1641/785/254 1636/788/254
f 1636/788/254 1641/785/254 1642/696/254 1637/695/254
f 1492/676/254 1493/678/254 1633/786/254 1628/789/254
f 1628/789/254 1633/786/254 1634/787/254 1629/790/254
f 1629/790/254 1634/787/254 1635/754/254 1630/791/254
f 1630/791/254 1635/754/254 1636/788/254 1631/792/254
f 1631/792/254 1636/788/254 1637/695/254 1632/694/254
f 1491/675/254 1492/676/254 1628/789/254 1623/793/254
f 1623/793/254 1628/789/254 1629/790/254 1624/794/254
f 1624/794/254 1629/790/254 1630/791/254 1625/795/254
f 1625/795/254 1630/791/254 1631/792/254 1626/796/254
f 1626/796/254 1631/792/254 1632/694/254 1627/693/254
f 1490/672/254 1491/675/254 1623/793/254 1618/797/254
f 1618/797/254 1623/793/254 1624/794/254 1619/798/254
f 1619/798/254 1624/794/254 1625/795/254 1620/766/254
f 1620/766/254 1625/795/254 1626/796/254 1621/799/254
f 1621/799/254 1626/796/254 1627/693/254 1622/692/254
f 1489/633/254 1490/672/254 1618/797/254 1613/800/254
f 1613/800/254 1618/797/254 1619/798/254 1614/801/254
f 1614/801/254 1619/798/254 1620/766/254 1615/770/254
f 1615/770/254 1620/766/254 1621/799/254 1616/802/254
f 1616/802/254 1621/799/254 1622/692/254 1617/691/254
f 1442/634/254 1489/633/254 1613/800/254 1577/803/254
f 1577/803/254 1613/800/254 1614/801/254 1576/804/254
f 1576/804/254 1614/801/254 1615/770/254 1575/805/254
f 1575/805/254 1615/770/254 1616/802/254 1574/806/254
f 1574/806/254 1616/802/254 1617/691/254 1573/659/254
f 1434/655/255 1558/807/255 1612/808/255 1454/655/255
f 1558/807/255 1559/809/255 1611/810/255 1612/808/255
f 1559/809/255 1560/811/255 1610/811/255 1611/810/255
f 1560/811/255 1561/812/255 1609/813/255 1610/811/255
f 1561/812/255 1562/632/255 1608/632/255 1609/813/255
f 1435/653/256 1553/735/256 1607/659/256 1456/653/256
f 1553/735/256 1554/774/256 1606/806/256 1607/659/256
f 1554/774/256 1555/773/256 1605/805/256 1606/806/256
f 1555/773/256 1556/772/256 1604/814/256 1605/805/256
f 1556/772/256 1557/649/256 1603/649/256 1604/814/256
f 1442/634/254 1577/803/254 1597/649/254 1450/634/254
f 1577/803/254 1576/804/254 1596/772/254 1597/649/254
f 1576/804/254 1575/805/254 1595/773/254 1596/772/254
f 1575/805/254 1574/806/254 1594/774/254 1595/773/254
f 1574/806/254 1573/659/254 1593/660/254 1594/774/254
f 1444/631/254 1582/647/254 1602/656/254 1452/631/254
f 1582/647/254 1581/815/254 1601/815/254 1602/656/254
f 1581/815/254 1580/816/254 1600/816/254 1601/815/254
f 1580/816/254 1579/817/254 1599/817/254 1600/816/254
f 1579/817/254 1578/657/254 1598/658/254 1599/817/254
f 1445/653/256 1583/659/256 1593/660/256 1449/653/256
f 1583/659/256 1584/818/256 1594/774/256 1593/660/256
f 1584/818/256 1585/773/256 1595/773/256 1594/774/256
f 1585/773/256 1586/772/256 1596/772/256 1595/773/256
f 1586/772/256 1587/650/256 1597/649/256 1596/772/256
f 1447/655/255 1588/657/255 1598/658/255 1451/655/255
f 1588/657/255 1589/819/255 1599/817/255 1598/658/255
f 1589/819/255 1590/816/255 1600/816/255 1599/817/255
f 1590/816/255 1591/815/255 1601/815/255 1600/816/255
f 1591/815/255 1592/647/255 1602/656/255 1601/815/255
f 1439/655/253 1568/820/253 1588/657/253 1447/655/253
f 1568/820/253 1569/819/253 1589/819/253 1588/657/253
f 1569/819/253 1570/816/253 1590/816/253 1589/819/253
f 1570/816/253 1571/815/253 1591/815/253 1590/816/253
f 1571/815/253 1572/651/253 1592/647/253 1591/815/253
f 1437/653/253 1563/660/253 1583/659/253 1445/653/253
f 1563/660/253 1564/818/253 1584/818/253 1583/659/253
f 1564/818/253 1565/773/253 1585/773/253 1584/818/253
f 1565/773/253 1566/772/253 1586/772/253 1585/773/253
f 1566/772/253 1567/649/253 1587/650/253 1586/772/253
f 1496/661/254 1443/655/254 1578/657/254 1648/775/254
f 1648/775/254 1578/657/254 1579/817/254 1649/777/254
f 1649/777/254 1579/817/254 1580/816/254 1650/779/254
f 1650/779/254 1580/816/254 1581/815/254 1651/780/254
f 1651/780/254 1581/815/254 1582/647/254 1652/646/254
f 1761/825/256 1762/826/256 1763/827/256 1764/828/256
f 1773/836/256 1774/837/256 1775/837/256 1776/838/256
f 1705/847/255 1706/848/255 1707/849/255 1708/850/255
f 1713/854/255 1714/855/255 1715/856/255 1716/857/255
f 1464/661/253 1692/741/253 1558/807/253 1434/655/253
f 1692/741/253 1691/743/253 1559/809/253 1558/807/253
f 1691/743/253 1690/745/253 1560/811/253 1559/809/253
f 1690/745/253 1689/747/253 1561/812/253 1560/811/253
f 1689/747/253 1688/629/253 1562/632/253 1561/812/253
f 1608/632/255 1453/631/255 1694/636/255 1693/635/255
f 1453/631/255 1440/631/255 1695/636/255 1694/636/255
f 1440/631/255 1572/651/255 1696/637/255 1695/636/255
f 1572/651/255 1608/632/255 1693/635/255 1696/637/255
f 1454/655/255 1612/808/255 1698/840/255 1697/839/255
f 1612/808/255 1568/820/255 1699/841/255 1698/840/255
f 1568/820/255 1439/655/255 1700/842/255 1699/841/255
f 1439/655/255 1454/655/255 1697/839/255 1700/842/255
f 1612/808/255 1611/810/255 1702/844/255 1701/843/255
f 1611/810/255 1569/819/255 1703/845/255 1702/844/255
f 1569/819/255 1568/820/255 1704/846/255 1703/845/255
f 1568/820/255 1612/808/255 1701/843/255 1704/846/255
f 1611/810/255 1610/811/255 1706/848/255 1705/847/255
f 1610/811/255 1570/816/255 1707/849/255 1706/848/255
f 1570/816/255 1569/819/255 1708/850/255 1707/849/255
f 1569/819/255 1611/810/255 1705/847/255 1708/850/255
f 1610/811/255 1609/813/255 1710/852/255 1709/851/255
f 1609/813/255 1571/815/255 1711/852/255 1710/852/255
f 1571/815/255 1570/816/255 1712/853/255 1711/852/255
f 1570/816/255 1610/811/255 1709/851/255 1712/853/255
f 1609/813/255 1608/632/255 1714/855/255 1713/854/255
f 1608/632/255 1572/651/255 1715/856/255 1714/855/255
f 1572/651/255 1571/815/255 1716/857/255 1715/856/255
f 1571/815/255 1609/813/255 1713/854/255 1716/857/255
f 1537/661/257 1454/655/257 1718/645/257 1717/644/257
f 1454/655/257 1439/655/257 1719/645/257 1718/645/257
f 1439/655/257 1480/654/257 1720/644/257 1719/645/257
f 1480/654/257 1537/661/257 1717/644/257 1720/644/257
f 1455/634/257 1544/633/257 1722/699/257 1721/698/257
f 1544/633/257 1473/633/257 1723/700/257 1722/699/257
f 1473/633/257 1438/634/257 1724/701/257 1723/700/257
f 1438/634/257 1455/634/257 1721/698/257 1724/701/257
f 1544/633/257 1543/673/257 1726/703/257 1725/702/257
f 1543/673/257 1474/672/257 1727/704/257 1726/703/257
f 1474/672/257 1473/633/257 1728/702/257 1727/704/257
f 1473/633/257 1544/633/257 1725/702/257 1728/702/257
f 1543/673/257 1542/675/257 1730/706/257 1729/705/257
f 1542/675/257 1475/675/257 1731/707/257 1730/706/257
f 1475/675/257 1474/672/257 1732/705/257 1731/707/257
f 1474/672/257 1543/673/257 1729/705/257 1732/705/257
f 1542/675/257 1541/676/257 1734/709/257 1733/708/257
f 1541/676/257 1476/676/257 1735/709/257 1734/709/257
f 1476/676/257 1475/675/257 1736/710/257 1735/709/257
f 1475/675/257 1542/675/257 1733/708/257 1736/710/257
f 1541/676/257 1540/678/257 1738/712/257 1737/711/257
f 1540/678/257 1477/677/257 1739/713/257 1738/712/257
f 1477/677/257 1476/676/257 1740/714/257 1739/713/257
f 1476/676/257 1541/676/257 1737/711/257 1740/714/257
f 1540/678/257 1539/679/257 1742/716/257 1741/715/257
f 1539/679/257 1478/679/257 1743/717/257 1742/716/257
f 1478/679/257 1477/677/257 1744/718/257 1743/717/257
f 1477/677/257 1540/678/257 1741/715/257 1744/718/257
f 1539/679/257 1538/680/257 1746/720/257 1745/719/257
f 1538/680/257 1479/680/257 1747/720/257 1746/720/257
f 1479/680/257 1478/679/257 1748/721/257 1747/720/257
f 1478/679/257 1539/679/257 1745/719/257 1748/721/257
f 1538/680/257 1537/661/257 1750/723/257 1749/722/257
f 1537/661/257 1480/654/257 1751/723/257 1750/723/257
f 1480/654/257 1479/680/257 1752/722/257 1751/723/257
f 1479/680/257 1538/680/257 1749/722/257 1752/722/257
f 1603/649/256 1455/634/256 1754/639/256 1753/638/256
f 1455/634/256 1438/634/256 1755/640/256 1754/639/256
f 1438/634/256 1567/649/256 1756/641/256 1755/640/256
f 1567/649/256 1603/649/256 1753/638/256 1756/641/256
f 1456/653/256 1607/659/256 1758/822/256 1757/821/256
f 1607/659/256 1563/660/256 1759/823/256 1758/822/256
f 1563/660/256 1437/653/256 1760/824/256 1759/823/256
f 1437/653/256 1456/653/256 1757/821/256 1760/824/256
f 1607/659/256 1606/806/256 1762/826/256 1761/825/256
f 1606/806/256 1564/818/256 1763/827/256 1762/826/256
f 1564/818/256 1563/660/256 1764/828/256 1763/827/256
f 1563/660/256 1607/659/256 1761/825/256 1764/828/256
f 1606/806/256 1605/805/256 1766/830/256 1765/829/256
f 1605/805/256 1565/773/256 1767/830/256 1766/830/256
f 1565/773/256 1564/818/256 1768/831/256 1767/830/256
f 1564/818/256 1606/806/256 1765/829/256 1768/831/256
f 1605/805/256 1604/814/256 1770/833/256 1769/832/256
f 1604/814/256 1566/772/256 1771/834/256 1770/833/256
f 1566/772/256 1565/773/256 1772/835/256 1771/834/256
f 1565/773/256 1605/805/256 1769/832/256 1772/835/256
f 1604/814/256 1603/649/256 1774/837/256 1773/836/256
f 1603/649/256 1567/649/256 1775/837/256 1774/837/256
f 1567/649/256 1566/772/256 1776/838/256 1775/837/256
f 1566/772/256 1604/814/256 1773/836/256 1776/838/256
f 1545/662/258 1456/653/258 1778/733/258 1777/858/258
f 1456/653/258 1437/653/258 1779/728/258 1778/733/258
f 1437/653/258 1488/652/258 1780/729/258 1779/728/258
f 1488/652/258 1545/662/258 1777/858/258 1780/729/258
f 1453/631/258 1552/630/258 1782/859/258 1781/860/258
f 1552/630/258 1481/648/258 1783/861/258 1782/859/258
f 1481/648/258 1440/631/258 1784/862/258 1783/861/258
f 1440/631/258 1453/631/258 1781/860/258 1784/862/258
f 1552/630/258 1551/663/258 1786/732/258 1785/725/258
f 1551/663/258 1482/663/258 1787/863/258 1786/732/258
f 1482/663/258 1481/648/258 1788/724/258 1787/863/258
f 1481/648/258 1552/630/258 1785/725/258 1788/724/258
f 1551/663/258 1550/664/258 1790/864/258 1789/865/258
f 1550/664/258 1483/685/258 1791/866/258 1790/864/258
f 1483/685/258 1482/663/258 1792/867/258 1791/866/258
f 1482/663/258 1551/663/258 1789/865/258 1792/867/258
f 1550/664/258 1549/665/258 1794/868/258 1793/869/258
f 1549/665/258 1484/665/258 1795/870/258 1794/868/258
f 1484/665/258 1483/685/258 1796/871/258 1795/870/258
f 1483/685/258 1550/664/258 1793/869/258 1796/871/258
f 1549/665/258 1548/666/258 1798/734/258 1797/872/258
f 1548/666/258 1485/666/258 1799/730/258 1798/734/258
f 1485/666/258 1484/665/258 1800/731/258 1799/730/258
f 1484/665/258 1549/665/258 1797/872/258 1800/731/258
f 1548/666/258 1547/668/258 1802/873/258 1801/874/258
f 1547/668/258 1486/687/258 1803/875/258 1802/873/258
f 1486/687/258 1485/666/258 1804/876/258 1803/875/258
f 1485/666/258 1548/666/258 1801/874/258 1804/876/258
f 1547/668/258 1546/670/258 1806/642/258 1805/727/258
f 1546/670/258 1487/669/258 1807/643/258 1806/642/258
f 1487/669/258 1486/687/258 1808/726/258 1807/643/258
f 1486/687/258 1547/668/258 1805/727/258 1808/726/258
f 1546/670/258 1545/662/258 1810/877/258 1809/878/258
f 1545/662/258 1488/652/258 1811/879/258 1810/877/258
f 1488/652/258 1487/669/258 1812/880/258 1811/879/258
f 1487/669/258 1546/670/258 1809/878/258 1812/880/258
f 1826/865/258 1825/864/258 1828/866/258 1827/867/258
f 1834/872/258 1833/734/258 1836/730/258 1835/731/258
f 1842/727/258 1841/642/258 1844/643/258 1843/726/258
f 1786/732/255 1787/863/255 1824/863/255 1821/732/255
f 1793/869/254 1794/868/254 1829/868/254 1830/869/254
f 1807/643/253 1808/726/253 1843/726/253 1844/643/253
f 1787/863/253 1788/724/253 1823/724/253 1824/863/253
f 1796/871/256 1793/869/256 1830/869/256 1831/871/256
f 1794/868/255 1795/870/255 1832/870/255 1829/868/255
f 1801/874/254 1802/873/254 1837/873/254 1838/874/254
f 1781/860/254 1782/859/254 1817/859/254 1818/860/254
f 1795/870/253 1796/871/253 1831/871/253 1832/870/253
f 1804/876/256 1801/874/256 1838/874/256 1839/876/256
f 1784/862/256 1781/860/256 1818/860/256 1819/862/256
f 1802/873/255 1803/875/255 1840/875/255 1837/873/255
f 1782/859/255 1783/861/255 1820/861/255 1817/859/255
f 1809/878/254 1810/877/254 1845/877/254 1846/878/254
f 1789/865/254 1790/864/254 1825/864/254 1826/865/254
f 1803/875/253 1804/876/253 1839/876/253 1840/875/253
f 1783/861/253 1784/862/253 1819/862/253 1820/861/253
f 1812/880/256 1809/878/256 1846/878/256 1847/880/256
f 1792/867/256 1789/865/256 1826/865/256 1827/867/256
f 1810/877/255 1811/879/255 1848/879/255 1845/877/255
f 1790/864/255 1791/866/255 1828/866/255 1825/864/255
f 1797/872/254 1798/734/254 1833/734/254 1834/872/254
f 1811/879/253 1812/880/253 1847/880/253 1848/879/253
f 1777/858/254 1778/733/254 1813/733/254 1814/858/254
f 1791/866/253 1792/867/253 1827/867/253 1828/866/253
f 1800/731/256 1797/872/256 1834/872/256 1835/731/256
f 1780/729/256 1777/858/256 1814/858/256 1815/729/256
f 2104/629/253 1881/630/253 1852/631/253 1978/632/253
f 1905/633/254 1858/634/254 1866/634/254 1937/633/254
f 2222/642/255 2223/643/255 2260/643/255 2257/642/255
f 2068/646/254 1998/647/254 1860/631/254 1913/648/254
f 1983/649/253 1854/634/253 1862/634/253 2003/650/253
f 1913/648/254 1860/631/254 1868/631/254 1945/648/254
f 1988/651/253 1856/631/253 1864/631/253 2008/647/253
f 1936/652/258 1861/653/258 1865/653/258 1952/652/258
f 1928/654/257 1863/655/257 1867/655/257 1944/654/257
f 2008/647/255 1864/631/255 1868/631/255 2018/656/255
f 2003/650/256 1862/634/256 1866/634/256 2013/649/256
f 1904/652/253 1853/653/253 1861/653/253 1936/652/253
f 1896/654/253 1855/655/253 1863/655/253 1928/654/253
f 1994/657/254 1859/655/254 1867/655/254 2014/658/254
f 1989/659/254 1857/653/254 1865/653/254 2009/660/254
f 1880/661/257 1850/655/257 1870/655/257 1953/661/257
f 1888/652/258 1851/653/258 1872/653/258 1961/662/258
f 1973/649/256 1849/634/256 1871/634/256 2019/649/256
f 1978/632/255 1852/631/255 1869/631/255 2024/632/255
f 1852/631/258 1881/630/258 1968/630/258 1869/631/258
f 1881/630/258 1882/663/258 1967/663/258 1968/630/258
f 1882/663/258 1883/664/258 1966/664/258 1967/663/258
f 1883/664/258 1884/665/258 1965/665/258 1966/664/258
f 1884/665/258 1885/666/258 1964/666/258 1965/665/258
f 1885/666/258 1886/667/258 1963/668/258 1964/666/258
f 1886/667/258 1887/669/258 1962/670/258 1963/668/258
f 1887/669/258 1888/652/258 1961/662/258 1962/670/258
f 1849/634/257 1873/671/257 1960/633/257 1871/634/257
f 1873/671/257 1874/672/257 1959/673/257 1960/633/257
f 1874/672/257 1875/674/257 1958/675/257 1959/673/257
f 1875/674/257 1876/676/257 1957/676/257 1958/675/257
f 1876/676/257 1877/677/257 1956/678/257 1957/676/257
f 1877/677/257 1878/679/257 1955/679/257 1956/678/257
f 1878/679/257 1879/680/257 1954/680/257 1955/679/257
f 1879/680/257 1880/661/257 1953/661/257 1954/680/257
f 1854/634/253 1889/633/253 1921/633/253 1862/634/253
f 1889/633/253 1890/672/253 1922/681/253 1921/633/253
f 1890/672/253 1891/675/253 1923/675/253 1922/681/253
f 1891/675/253 1892/676/253 1924/676/253 1923/675/253
f 1892/676/253 1893/677/253 1925/682/253 1924/676/253
f 1893/677/253 1894/679/253 1926/683/253 1925/682/253
f 1894/679/253 1895/680/253 1927/680/253 1926/683/253
f 1895/680/253 1896/654/253 1928/654/253 1927/680/253
f 1856/631/253 1897/648/253 1929/648/253 1864/631/253
f 1897/648/253 1898/663/253 1930/684/253 1929/648/253
f 1898/663/253 1899/685/253 1931/685/253 1930/684/253
f 1899/685/253 1900/665/253 1932/665/253 1931/685/253
f 1900/665/253 1901/666/253 1933/686/253 1932/665/253
f 1901/666/253 1902/687/253 1934/687/253 1933/686/253
f 1902/687/253 1903/669/253 1935/688/253 1934/687/253
f 1903/669/253 1904/652/253 1936/652/253 1935/688/253
f 1862/634/257 1921/633/257 1937/633/257 1866/634/257
f 1921/633/257 1922/681/257 1938/681/257 1937/633/257
f 1922/681/257 1923/675/257 1939/675/257 1938/681/257
f 1923/675/257 1924/676/257 1940/676/257 1939/675/257
f 1924/676/257 1925/682/257 1941/682/257 1940/676/257
f 1925/682/257 1926/683/257 1942/683/257 1941/682/257
f 1926/683/257 1927/680/257 1943/680/257 1942/683/257
f 1927/680/257 1928/654/257 1944/654/257 1943/680/257
f 1864/631/258 1929/648/258 1945/648/258 1868/631/258
f 1929/648/258 1930/684/258 1946/684/258 1945/648/258
f 1930/684/258 1931/685/258 1947/685/258 1946/684/258
f 1931/685/258 1932/665/258 1948/665/258 1947/685/258
f 1932/665/258 1933/686/258 1949/686/258 1948/665/258
f 1933/686/258 1934/687/258 1950/687/258 1949/686/258
f 1934/687/258 1935/688/258 1951/688/258 1950/687/258
f 1935/688/258 1936/652/258 1952/652/258 1951/688/258
f 1857/653/254 1920/652/254 1952/652/254 1865/653/254
f 1920/652/254 1919/669/254 1951/688/254 1952/652/254
f 1919/669/254 1918/667/254 1950/687/254 1951/688/254
f 1918/667/254 1917/689/254 1949/686/254 1950/687/254
f 1917/689/254 1916/690/254 1948/665/254 1949/686/254
f 1916/690/254 1915/685/254 1947/685/254 1948/665/254
f 1915/685/254 1914/663/254 1946/684/254 1947/685/254
f 1914/663/254 1913/648/254 1945/648/254 1946/684/254
f 1989/659/254 2033/691/254 1920/652/254 1857/653/254
f 2033/691/254 2038/692/254 1919/669/254 1920/652/254
f 2038/692/254 2043/693/254 1918/667/254 1919/669/254
f 2043/693/254 2048/694/254 1917/689/254 1918/667/254
f 2048/694/254 2053/695/254 1916/690/254 1917/689/254
f 2053/695/254 2058/696/254 1915/685/254 1916/690/254
f 2058/696/254 2063/697/254 1914/663/254 1915/685/254
f 2063/697/254 2068/646/254 1913/648/254 1914/663/254
f 2141/702/257 2142/703/257 2143/704/257 2144/702/257
f 2149/708/257 2150/709/257 2151/709/257 2152/710/257
f 2157/715/257 2158/716/257 2159/717/257 2160/718/257
f 2165/722/257 2166/723/257 2167/723/257 2168/722/257
f 2204/724/256 2201/725/256 2238/725/256 2239/724/256
f 2224/726/256 2221/727/256 2258/727/256 2259/726/256
f 2195/728/253 2196/729/253 2231/729/253 2232/728/253
f 2215/730/253 2216/731/253 2251/731/253 2252/730/253
f 2201/725/254 2202/732/254 2237/732/254 2238/725/254
f 2221/727/254 2222/642/254 2257/642/254 2258/727/254
f 2194/733/255 2195/728/255 2232/728/255 2229/733/255
f 2214/734/255 2215/730/255 2252/730/255 2249/734/255
f 1859/655/254 1912/661/254 1944/654/254 1867/655/254
f 1912/661/254 1911/680/254 1943/680/254 1944/654/254
f 1911/680/254 1910/683/254 1942/683/254 1943/680/254
f 1910/683/254 1909/678/254 1941/682/254 1942/683/254
f 1909/678/254 1908/676/254 1940/676/254 1941/682/254
f 1908/676/254 1907/675/254 1939/675/254 1940/676/254
f 1907/675/254 1906/672/254 1938/681/254 1939/675/254
f 1906/672/254 1905/633/254 1937/633/254 1938/681/254
f 1969/735/253 1851/653/253 1888/652/253 2069/691/253
f 2069/691/253 1888/652/253 1887/669/253 2074/692/253
f 2074/692/253 1887/669/253 1886/667/253 2079/736/253
f 2079/736/253 1886/667/253 1885/666/253 2084/737/253
f 2084/737/253 1885/666/253 1884/665/253 2089/738/253
f 2089/738/253 1884/665/253 1883/664/253 2094/739/253
f 2094/739/253 1883/664/253 1882/663/253 2099/697/253
f 2099/697/253 1882/663/253 1881/630/253 2104/629/253
f 1879/680/253 2103/740/253 2108/741/253 1880/661/253
f 2103/740/253 2102/742/253 2107/743/253 2108/741/253
f 2102/742/253 2101/744/253 2106/745/253 2107/743/253
f 2101/744/253 2100/746/253 2105/747/253 2106/745/253
f 2100/746/253 2099/697/253 2104/629/253 2105/747/253
f 1878/679/253 2098/748/253 2103/740/253 1879/680/253
f 2098/748/253 2097/749/253 2102/742/253 2103/740/253
f 2097/749/253 2096/750/253 2101/744/253 2102/742/253
f 2096/750/253 2095/751/253 2100/746/253 2101/744/253
f 2095/751/253 2094/739/253 2099/697/253 2100/746/253
f 1877/677/253 2093/752/253 2098/748/253 1878/679/253
f 2093/752/253 2092/753/253 2097/749/253 2098/748/253
f 2092/753/253 2091/754/253 2096/750/253 2097/749/253
f 2091/754/253 2090/755/253 2095/751/253 2096/750/253
f 2090/755/253 2089/738/253 2094/739/253 2095/751/253
f 1876/676/253 2088/756/253 2093/752/253 1877/677/253
f 2088/756/253 2087/757/253 2092/753/253 2093/752/253
f 2087/757/253 2086/758/253 2091/754/253 2092/753/253
f 2086/758/253 2085/759/253 2090/755/253 2091/754/253
f 2085/759/253 2084/737/253 2089/738/253 2090/755/253
f 1875/674/253 2083/760/253 2088/756/253 1876/676/253
f 2083/760/253 2082/761/253 2087/757/253 2088/756/253
f 2082/761/253 2081/762/253 2086/758/253 2087/757/253
f 2081/762/253 2080/763/253 2085/759/253 2086/758/253
f 2080/763/253 2079/736/253 2084/737/253 2085/759/253
f 1874/672/253 2078/764/253 2083/760/253 1875/674/253
f 2078/764/253 2077/765/253 2082/761/253 2083/760/253
f 2077/765/253 2076/766/253 2081/762/253 2082/761/253
f 2076/766/253 2075/767/253 2080/763/253 2081/762/253
f 2075/767/253 2074/692/253 2079/736/253 2080/763/253
f 1873/671/253 2073/768/253 2078/764/253 1874/672/253
f 2073/768/253 2072/769/253 2077/765/253 2078/764/253
f 2072/769/253 2071/770/253 2076/766/253 2077/765/253
f 2071/770/253 2070/771/253 2075/767/253 2076/766/253
f 2070/771/253 2069/691/253 2074/692/253 2075/767/253
f 1849/634/253 1973/649/253 2073/768/253 1873/671/253
f 1973/649/253 1972/772/253 2072/769/253 2073/768/253
f 1972/772/253 1971/773/253 2071/770/253 2072/769/253
f 1971/773/253 1970/774/253 2070/771/253 2071/770/253
f 1970/774/253 1969/735/253 2069/691/253 2070/771/253
f 1911/680/254 1912/661/254 2064/775/254 2059/776/254
f 2059/776/254 2064/775/254 2065/777/254 2060/778/254
f 2060/778/254 2065/777/254 2066/779/254 2061/744/254
f 2061/744/254 2066/779/254 2067/780/254 2062/781/254
f 2062/781/254 2067/780/254 2068/646/254 2063/697/254
f 1910/683/254 1911/680/254 2059/776/254 2054/782/254
f 2054/782/254 2059/776/254 2060/778/254 2055/783/254
f 2055/783/254 2060/778/254 2061/744/254 2056/784/254
f 2056/784/254 2061/744/254 2062/781/254 2057/785/254
f 2057/785/254 2062/781/254 2063/697/254 2058/696/254
f 1909/678/254 1910/683/254 2054/782/254 2049/786/254
f 2049/786/254 2054/782/254 2055/783/254 2050/787/254
f 2050/787/254 2055/783/254 2056/784/254 2051/754/254
f 2051/754/254 2056/784/254 2057/785/254 2052/788/254
f 2052/788/254 2057/785/254 2058/696/254 2053/695/254
f 1908/676/254 1909/678/254 2049/786/254 2044/789/254
f 2044/789/254 2049/786/254 2050/787/254 2045/790/254
f 2045/790/254 2050/787/254 2051/754/254 2046/791/254
f 2046/791/254 2051/754/254 2052/788/254 2047/792/254
f 2047/792/254 2052/788/254 2053/695/254 2048/694/254
f 1907/675/254 1908/676/254 2044/789/254 2039/793/254
f 2039/793/254 2044/789/254 2045/790/254 2040/794/254
f 2040/794/254 2045/790/254 2046/791/254 2041/795/254
f 2041/795/254 2046/791/254 2047/792/254 2042/796/254
f 2042/796/254 2047/792/254 2048/694/254 2043/693/254
f 1906/672/254 1907/675/254 2039/793/254 2034/797/254
f 2034/797/254 2039/793/254 2040/794/254 2035/798/254
f 2035/798/254 2040/794/254 2041/795/254 2036/766/254
f 2036/766/254 2041/795/254 2042/796/254 2037/799/254
f 2037/799/254 2042/796/254 2043/693/254 2038/692/254
f 1905/633/254 1906/672/254 2034/797/254 2029/800/254
f 2029/800/254 2034/797/254 2035/798/254 2030/801/254
f 2030/801/254 2035/798/254 2036/766/254 2031/770/254
f 2031/770/254 2036/766/254 2037/799/254 2032/802/254
f 2032/802/254 2037/799/254 2038/692/254 2033/691/254
f 1858/634/254 1905/633/254 2029/800/254 1993/803/254
f 1993/803/254 2029/800/254 2030/801/254 1992/804/254
f 1992/804/254 2030/801/254 2031/770/254 1991/805/254
f 1991/805/254 2031/770/254 2032/802/254 1990/806/254
f 1990/806/254 2032/802/254 2033/691/254 1989/659/254
f 1850/655/255 1974/807/255 2028/808/255 1870/655/255
f 1974/807/255 1975/809/255 2027/810/255 2028/808/255
f 1975/809/255 1976/811/255 2026/811/255 2027/810/255
f 1976/811/255 1977/812/255 2025/813/255 2026/811/255
f 1977/812/255 1978/632/255 2024/632/255 2025/813/255
f 1851/653/256 1969/735/256 2023/659/256 1872/653/256
f 1969/735/256 1970/774/256 2022/806/256 2023/659/256
f 1970/774/256 1971/773/256 2021/805/256 2022/806/256
f 1971/773/256 1972/772/256 2020/814/256 2021/805/256
f 1972/772/256 1973/649/256 2019/649/256 2020/814/256
f 1858/634/254 1993/803/254 2013/649/254 1866/634/254
f 1993/803/254 1992/804/254 2012/772/254 2013/649/254
f 1992/804/254 1991/805/254 2011/773/254 2012/772/254
f 1991/805/254 1990/806/254 2010/774/254 2011/773/254
f 1990/806/254 1989/659/254 2009/660/254 2010/774/254
f 1860/631/254 1998/647/254 2018/656/254 1868/631/254
f 1998/647/254 1997/815/254 2017/815/254 2018/656/254
f 1997/815/254 1996/816/254 2016/816/254 2017/815/254
f 1996/816/254 1995/817/254 2015/817/254 2016/816/254
f 1995/817/254 1994/657/254 2014/658/254 2015/817/254
f 1861/653/256 1999/659/256 2009/660/256 1865/653/256
f 1999/659/256 2000/818/256 2010/774/256 2009/660/256
f 2000/818/256 2001/773/256 2011/773/256 2010/774/256
f 2001/773/256 2002/772/256 2012/772/256 2011/773/256
f 2002/772/256 2003/650/256 2013/649/256 2012/772/256
f 1863/655/255 2004/657/255 2014/658/255 1867/655/255
f 2004/657/255 2005/819/255 2015/817/255 2014/658/255
f 2005/819/255 2006/816/255 2016/816/255 2015/817/255
f 2006/816/255 2007/815/255 2017/815/255 2016/816/255
f 2007/815/255 2008/647/255 2018/656/255 2017/815/255
f 1855/655/253 1984/820/253 2004/657/253 1863/655/253
f 1984/820/253 1985/819/253 2005/819/253 2004/657/253
f 1985/819/253 1986/816/253 2006/816/253 2005/819/253
f 1986/816/253 1987/815/253 2007/815/253 2006/816/253
f 1987/815/253 1988/651/253 2008/647/253 2007/815/253
f 1853/653/253 1979/660/253 1999/659/253 1861/653/253
f 1979/660/253 1980/818/253 2000/818/253 1999/659/253
f 1980/818/253 1981/773/253 2001/773/253 2000/818/253
f 1981/773/253 1982/772/253 2002/772/253 2001/773/253
f 1982/772/253 1983/649/253 2003/650/253 2002/772/253
f 1912/661/254 1859/655/254 1994/657/254 2064/775/254
f 2064/775/254 1994/657/254 1995/817/254 2065/777/254
f 2065/777/254 1995/817/254 1996/816/254 2066/779/254
f 2066/779/254 1996/816/254 1997/815/254 2067/780/254
f 2067/780/254 1997/815/254 1998/647/254 2068/646/254
f 2177/825/256 2178/826/256 2179/827/256 2180/828/256
f 2189/836/256 2190/837/256 2191/837/256 2192/838/256
f 2121/847/255 2122/848/255 2123/849/255 2124/850/255
f 2129/854/255 2130/855/255 2131/856/255 2132/857/255
f 1880/661/253 2108/741/253 1974/807/253 1850/655/253
f 2108/741/253 2107/743/253 1975/809/253 1974/807/253
f 2107/743/253 2106/745/253 1976/811/253 1975/809/253
f 2106/745/253 2105/747/253 1977/812/253 1976/811/253
f 2105/747/253 2104/629/253 1978/632/253 1977/812/253
f 2024/632/255 1869/631/255 2110/636/255 2109/635/255
f 1869/631/255 1856/631/255 2111/636/255 2110/636/255
f 1856/631/255 1988/651/255 2112/637/255 2111/636/255
f 1988/651/255 2024/632/255 2109/635/255 2112/637/255
f 1870/655/255 2028/808/255 2114/840/255 2113/839/255
f 2028/808/255 1984/820/255 2115/841/255 2114/840/255
f 1984/820/255 1855/655/255 2116/842/255 2115/841/255
f 1855/655/255 1870/655/255 2113/839/255 2116/842/255
f 2028/808/255 2027/810/255 2118/844/255 2117/843/255
f 2027/810/255 1985/819/255 2119/845/255 2118/844/255
f 1985/819/255 1984/820/255 2120/846/255 2119/845/255
f 1984/820/255 2028/808/255 2117/843/255 2120/846/255
f 2027/810/255 2026/811/255 2122/848/255 2121/847/255
f 2026/811/255 1986/816/255 2123/849/255 2122/848/255
f 1986/816/255 1985/819/255 2124/850/255 2123/849/255
f 1985/819/255 2027/810/255 2121/847/255 2124/850/255
f 2026/811/255 2025/813/255 2126/852/255 2125/851/255
f 2025/813/255 1987/815/255 2127/852/255 2126/852/255
f 1987/815/255 1986/816/255 2128/853/255 2127/852/255
f 1986/816/255 2026/811/255 2125/851/255 2128/853/255
f 2025/813/255 2024/632/255 2130/855/255 2129/854/255
f 2024/632/255 1988/651/255 2131/856/255 2130/855/255
f 1988/651/255 1987/815/255 2132/857/255 2131/856/255
f 1987/815/255 2025/813/255 2129/854/255 2132/857/255
f 1953/661/257 1870/655/257 2134/645/257 2133/644/257
f 1870/655/257 1855/655/257 2135/645/257 2134/645/257
f 1855/655/257 1896/654/257 2136/644/257 2135/645/257
f 1896/654/257 1953/661/257 2133/644/257 2136/644/257
f 1871/634/257 1960/633/257 2138/699/257 2137/698/257
f 1960/633/257 1889/633/257 2139/700/257 2138/699/257
f 1889/633/257 1854/634/257 2140/701/257 2139/700/257
f 1854/634/257 1871/634/257 2137/698/257 2140/701/257
f 1960/633/257 1959/673/257 2142/703/257 2141/702/257
f 1959/673/257 1890/672/257 2143/704/257 2142/703/257
f 1890/672/257 1889/633/257 2144/702/257 2143/704/257
f 1889/633/257 1960/633/257 2141/702/257 2144/702/257
f 1959/673/257 1958/675/257 2146/706/257 2145/705/257
f 1958/675/257 1891/675/257 2147/707/257 2146/706/257
f 1891/675/257 1890/672/257 2148/705/257 2147/707/257
f 1890/672/257 1959/673/257 2145/705/257 2148/705/257
f 1958/675/257 1957/676/257 2150/709/257 2149/708/257
f 1957/676/257 1892/676/257 2151/709/257 2150/709/257
f 1892/676/257 1891/675/257 2152/710/257 2151/709/257
f 1891/675/257 1958/675/257 2149/708/257 2152/710/257
f 1957/676/257 1956/678/257 2154/712/257 2153/711/257
f 1956/678/257 1893/677/257 2155/713/257 2154/712/257
f 1893/677/257 1892/676/257 2156/714/257 2155/713/257
f 1892/676/257 1957/676/257 2153/711/257 2156/714/257
f 1956/678/257 1955/679/257 2158/716/257 2157/715/257
f 1955/679/257 1894/679/257 2159/717/257 2158/716/257
f 1894/679/257 1893/677/257 2160/718/257 2159/717/257
f 1893/677/257 1956/678/257 2157/715/257 2160/718/257
f 1955/679/257 1954/680/257 2162/720/257 2161/719/257
f 1954/680/257 1895/680/257 2163/720/257 2162/720/257
f 1895/680/257 1894/679/257 2164/721/257 2163/720/257
f 1894/679/257 1955/679/257 2161/719/257 2164/721/257
f 1954/680/257 1953/661/257 2166/723/257 2165/722/257
f 1953/661/257 1896/654/257 2167/723/257 2166/723/257
f 1896/654/257 1895/680/257 2168/722/257 2167/723/257
f 1895/680/257 1954/680/257 2165/722/257 2168/722/257
f 2019/649/256 1871/634/256 2170/639/256 2169/638/256
f 1871/634/256 1854/634/256 2171/640/256 2170/639/256
f 1854/634/256 1983/649/256 2172/641/256 2171/640/256
f 1983/649/256 2019/649/256 2169/638/256 2172/641/256
f 1872/653/256 2023/659/256 2174/822/256 2173/821/256
f 2023/659/256 1979/660/256 2175/823/256 2174/822/256
f 1979/660/256 1853/653/256 2176/824/256 2175/823/256
f 1853/653/256 1872/653/256 2173/821/256 2176/824/256
f 2023/659/256 2022/806/256 2178/826/256 2177/825/256
f 2022/806/256 1980/818/256 2179/827/256 2178/826/256
f 1980/818/256 1979/660/256 2180/828/256 2179/827/256
f 1979/660/256 2023/659/256 2177/825/256 2180/828/256
f 2022/806/256 2021/805/256 2182/830/256 2181/829/256
f 2021/805/256 1981/773/256 2183/830/256 2182/830/256
f 1981/773/256 1980/818/256 2184/831/256 2183/830/256
f 1980/818/256 2022/806/256 2181/829/256 2184/831/256
f 2021/805/256 2020/814/256 2186/833/256 2185/832/256
f 2020/814/256 1982/772/256 2187/834/256 2186/833/256
f 1982/772/256 1981/773/256 2188/835/256 2187/834/256
f 1981/773/256 2021/805/256 2185/832/256 2188/835/256
f 2020/814/256 2019/649/256 2190/837/256 2189/836/256
f 2019/649/256 1983/649/256 2191/837/256 2190/837/256
f 1983/649/256 1982/772/256 2192/838/256 2191/837/256
f 1982/772/256 2020/814/256 2189/836/256 2192/838/256
f 1961/662/258 1872/653/258 2194/733/258 2193/858/258
f 1872/653/258 1853/653/258 2195/728/258 2194/733/258
f 1853/653/258 1904/652/258 2196/729/258 2195/728/258
f 1904/652/258 1961/662/258 2193/858/258 2196/729/258
f 1869/631/258 1968/630/258 2198/859/258 2197/860/258
f 1968/630/258 1897/648/258 2199/861/258 2198/859/258
f 1897/648/258 1856/631/258 2200/862/258 2199/861/258
f 1856/631/258 1869/631/258 2197/860/258 2200/862/258
f 1968/630/258 1967/663/258 2202/732/258 2201/725/258
f 1967/663/258 1898/663/258 2203/863/258 2202/732/258
f 1898/663/258 1897/648/258 2204/724/258 2203/863/258
f 1897/648/258 1968/630/258 2201/725/258 2204/724/258
f 1967/663/258 1966/664/258 2206/864/258 2205/865/258
f 1966/664/258 1899/685/258 2207/866/258 2206/864/258
f 1899/685/258 1898/663/258 2208/867/258 2207/866/258
f 1898/663/258 1967/663/258 2205/865/258 2208/867/258
f 1966/664/258 1965/665/258 2210/868/258 2209/869/258
f 1965/665/258 1900/665/258 2211/870/258 2210/868/258
f 1900/665/258 1899/685/258 2212/871/258 2211/870/258
f 1899/685/258 1966/664/258 2209/869/258 2212/871/258
f 1965/665/258 1964/666/258 2214/734/258 2213/872/258
f 1964/666/258 1901/666/258 2215/730/258 2214/734/258
f 1901/666/258 1900/665/258 2216/731/258 2215/730/258
f 1900/665/258 1965/665/258 2213/872/258 2216/731/258
f 1964/666/258 1963/668/258 2218/873/258 2217/874/258
f 1963/668/258 1902/687/258 2219/875/258 2218/873/258
f 1902/687/258 1901/666/258 2220/876/258 2219/875/258
f 1901/666/258 1964/666/258 2217/874/258 2220/876/258
f 1963/668/258 1962/670/258 2222/642/258 2221/727/258
f 1962/670/258 1903/669/258 2223/643/258 2222/642/258
f 1903/669/258 1902/687/258 2224/726/258 2223/643/258
f 1902/687/258 1963/668/258 2221/727/258 2224/726/258
f 1962/670/258 1961/662/258 2226/877/258 2225/878/258
f 1961/662/258 1904/652/258 2227/879/258 2226/877/258
f 1904/652/258 1903/669/258 2228/880/258 2227/879/258
f 1903/669/258 1962/670/258 2225/878/258 2228/880/258
f 2242/865/258 2241/864/258 2244/866/258 2243/867/258
f 2250/872/258 2249/734/258 2252/730/258 2251/731/258
f 2258/727/258 2257/642/258 2260/643/258 2259/726/258
f 2202/732/255 2203/863/255 2240/863/255 2237/732/255
f 2209/869/254 2210/868/254 2245/868/254 2246/869/254
f 2223/643/253 2224/726/253 2259/726/253 2260/643/253
f 2203/863/253 2204/724/253 2239/724/253 2240/863/253
f 2212/871/256 2209/869/256 2246/869/256 2247/871/256
f 2210/868/255 2211/870/255 2248/870/255 2245/868/255
f 2217/874/254 2218/873/254 2253/873/254 2254/874/254
f 2197/860/254 2198/859/254 2233/859/254 2234/860/254
f 2211/870/253 2212/871/253 2247/871/253 2248/870/253
f 2220/876/256 2217/874/256 2254/874/256 2255/876/256
f 2200/862/256 2197/860/256 2234/860/256 2235/862/256
f 2218/873/255 2219/875/255 2256/875/255 2253/873/255
f 2198/859/255 2199/861/255 2236/861/255 2233/859/255
f 2225/878/254 2226/877/254 2261/877/254 2262/878/254
f 2205/865/254 2206/864/254 2241/864/254 2242/865/254
f 2219/875/253 2220/876/253 2255/876/253 2256/875/253
f 2199/861/253 2200/862/253 2235/862/253 2236/861/253
f 2228/880/256 2225/878/256 2262/878/256 2263/880/256
f 2208/867/256 2205/865/256 2242/865/256 2243/867/256
f 2226/877/255 2227/879/255 2264/879/255 2261/877/255
f 2206/864/255 2207/866/255 2244/866/255 2241/864/255
f 2213/872/254 2214/734/254 2249/734/254 2250/872/254
f 2227/879/253 2228/880/253 2263/880/253 2264/879/253
f 2193/858/254 2194/733/254 2229/733/254 2230/858/254
f 2207/866/253 2208/867/253 2243/867/253 2244/866/253
f 2216/731/256 2213/872/256 2250/872/256 2251/731/256
f 2196/729/256 2193/858/256 2230/858/256 2231/729/256
f 2520/629/253 2297/630/253 2268/631/253 2394/632/253
f 2321/633/254 2274/634/254 2282/634/254 2353/633/254
f 2638/642/255 2639/643/255 2676/643/255 2673/642/255
f 2484/646/254 2414/647/254 2276/631/254 2329/648/254
f 2399/649/253 2270/634/253 2278/634/253 2419/650/253
f 2329/648/254 2276/631/254 2284/631/254 2361/648/254
f 2404/651/253 2272/631/253 2280/631/253 2424/647/253
f 2352/652/258 2277/653/258 2281/653/258 2368/652/258
f 2344/654/257 2279/655/257 2283/655/257 2360/654/257
f 2424/647/255 2280/631/255 2284/631/255 2434/656/255
f 2419/650/256 2278/634/256 2282/634/256 2429/649/256
f 2320/652/253 2269/653/253 2277/653/253 2352/652/253
f 2312/654/253 2271/655/253 2279/655/253 2344/654/253
f 2410/657/254 2275/655/254 2283/655/254 2430/658/254
f 2405/659/254 2273/653/254 2281/653/254 2425/660/254
f 2296/661/257 2266/655/257 2286/655/257 2369/661/257
f 2304/652/258 2267/653/258 2288/653/258 2377/662/258
f 2389/649/256 2265/634/256 2287/634/256 2435/649/256
f 2394/632/255 2268/631/255 2285/631/255 2440/632/255
f 2268/631/258 2297/630/258 2384/630/258 2285/631/258
f 2297/630/258 2298/663/258 2383/663/258 2384/630/258
f 2298/663/258 2299/664/258 2382/664/258 2383/663/258
f 2299/664/258 2300/665/258 2381/665/258 2382/664/258
f 2300/665/258 2301/666/258 2380/666/258 2381/665/258
f 2301/666/258 2302/667/258 2379/668/258 2380/666/258
f 2302/667/258 2303/669/258 2378/670/258 2379/668/258
f 2303/669/258 2304/652/258 2377/662/258 2378/670/258
f 2265/634/257 2289/671/257 2376/633/257 2287/634/257
f 2289/671/257 2290/672/257 2375/673/257 2376/633/257
f 2290/672/257 2291/674/257 2374/675/257 2375/673/257
f 2291/674/257 2292/676/257 2373/676/257 2374/675/257
f 2292/676/257 2293/677/257 2372/678/257 2373/676/257
f 2293/677/257 2294/679/257 2371/679/257 2372/678/257
f 2294/679/257 2295/680/257 2370/680/257 2371/679/257
f 2295/680/257 2296/661/257 2369/661/257 2370/680/257
f 2270/634/253 2305/633/253 2337/633/253 2278/634/253
f 2305/633/253 2306/672/253 2338/681/253 2337/633/253
f 2306/672/253 2307/675/253 2339/675/253 2338/681/253
f 2307/675/253 2308/676/253 2340/676/253 2339/675/253
f 2308/676/253 2309/677/253 2341/682/253 2340/676/253
f 2309/677/253 2310/679/253 2342/683/253 2341/682/253
f 2310/679/253 2311/680/253 2343/680/253 2342/683/253
f 2311/680/253 2312/654/253 2344/654/253 2343/680/253
f 2272/631/253 2313/648/253 2345/648/253 2280/631/253
f 2313/648/253 2314/663/253 2346/684/253 2345/648/253
f 2314/663/253 2315/685/253 2347/685/253 2346/684/253
f 2315/685/253 2316/665/253 2348/665/253 2347/685/253
f 2316/665/253 2317/666/253 2349/686/253 2348/665/253
f 2317/666/253 2318/687/253 2350/687/253 2349/686/253
f 2318/687/253 2319/669/253 2351/688/253 2350/687/253
f 2319/669/253 2320/652/253 2352/652/253 2351/688/253
f 2278/634/257 2337/633/257 2353/633/257 2282/634/257
f 2337/633/257 2338/681/257 2354/681/257 2353/633/257
f 2338/681/257 2339/675/257 2355/675/257 2354/681/257
f 2339/675/257 2340/676/257 2356/676/257 2355/675/257
f 2340/676/257 2341/682/257 2357/682/257 2356/676/257
f 2341/682/257 2342/683/257 2358/683/257 2357/682/257
f 2342/683/257 2343/680/257 2359/680/257 2358/683/257
f 2343/680/257 2344/654/257 2360/654/257 2359/680/257
f 2280/631/258 2345/648/258 2361/648/258 2284/631/258
f 2345/648/258 2346/684/258 2362/684/258 2361/648/258
f 2346/684/258 2347/685/258 2363/685/258 2362/684/258
f 2347/685/258 2348/665/258 2364/665/258 2363/685/258
f 2348/665/258 2349/686/258 2365/686/258 2364/665/258
f 2349/686/258 2350/687/258 2366/687/258 2365/686/258
f 2350/687/258 2351/688/258 2367/688/258 2366/687/258
f 2351/688/258 2352/652/258 2368/652/258 2367/688/258
f 2273/653/254 2336/652/254 2368/652/254 2281/653/254
f 2336/652/254 2335/669/254 2367/688/254 2368/652/254
f 2335/669/254 2334/667/254 2366/687/254 2367/688/254
f 2334/667/254 2333/689/254 2365/686/254 2366/687/254
f 2333/689/254 2332/690/254 2364/665/254 2365/686/254
f 2332/690/254 2331/685/254 2363/685/254 2364/665/254
f 2331/685/254 2330/663/254 2362/684/254 2363/685/254
f 2330/663/254 2329/648/254 2361/648/254 2362/684/254
f 2405/659/254 2449/691/254 2336/652/254 2273/653/254
f 2449/691/254 2454/692/254 2335/669/254 2336/652/254
f 2454/692/254 2459/693/254 2334/667/254 2335/669/254
f 2459/693/254 2464/694/254 2333/689/254 2334/667/254
f 2464/694/254 2469/695/254 2332/690/254 2333/689/254
f 2469/695/254 2474/696/254 2331/685/254 2332/690/254
f 2474/696/254 2479/697/254 2330/663/254 2331/685/254
f 2479/697/254 2484/646/254 2329/648/254 2330/663/254
f 2557/702/257 2558/703/257 2559/704/257 2560/702/257
f 2565/708/257 2566/709/257 2567/709/257 2568/710/257
f 2573/715/257 2574/716/257 2575/717/257 2576/718/257
f 2581/722/257 2582/723/257 2583/723/257 2584/722/257
f 2620/724/256 2617/725/256 2654/725/256 2655/724/256
f 2640/726/256 2637/727/256 2674/727/256 2675/726/256
f 2611/728/253 2612/729/253 2647/729/253 2648/728/253
f 2631/730/253 2632/731/253 2667/731/253 2668/730/253
f 2617/725/254 2618/732/254 2653/732/254 2654/725/254
f 2637/727/254 2638/642/254 2673/642/254 2674/727/254
f 2610/733/255 2611/728/255 2648/728/255 2645/733/255
f 2630/734/255 2631/730/255 2668/730/255 2665/734/255
f 2275/655/254 2328/661/254 2360/654/254 2283/655/254
f 2328/661/254 2327/680/254 2359/680/254 2360/654/254
f 2327/680/254 2326/683/254 2358/683/254 2359/680/254
f 2326/683/254 2325/678/254 2357/682/254 2358/683/254
f 2325/678/254 2324/676/254 2356/676/254 2357/682/254
f 2324/676/254 2323/675/254 2355/675/254 2356/676/254
f 2323/675/254 2322/672/254 2354/681/254 2355/675/254
f 2322/672/254 2321/633/254 2353/633/254 2354/681/254
f 2385/735/253 2267/653/253 2304/652/253 2485/691/253
f 2485/691/253 2304/652/253 2303/669/253 2490/692/253
f 2490/692/253 2303/669/253 2302/667/253 2495/736/253
f 2495/736/253 2302/667/253 2301/666/253 2500/737/253
f 2500/737/253 2301/666/253 2300/665/253 2505/738/253
f 2505/738/253 2300/665/253 2299/664/253 2510/739/253
f 2510/739/253 2299/664/253 2298/663/253 2515/697/253
f 2515/697/253 2298/663/253 2297/630/253 2520/629/253
f 2295/680/253 2519/740/253 2524/741/253 2296/661/253
f 2519/740/253 2518/742/253 2523/743/253 2524/741/253
f 2518/742/253 2517/744/253 2522/745/253 2523/743/253
f 2517/744/253 2516/746/253 2521/747/253 2522/745/253
f 2516/746/253 2515/697/253 2520/629/253 2521/747/253
f 2294/679/253 2514/748/253 2519/740/253 2295/680/253
f 2514/748/253 2513/749/253 2518/742/253 2519/740/253
f 2513/749/253 2512/750/253 2517/744/253 2518/742/253
f 2512/750/253 2511/751/253 2516/746/253 2517/744/253
f 2511/751/253 2510/739/253 2515/697/253 2516/746/253
f 2293/677/253 2509/752/253 2514/748/253 2294/679/253
f 2509/752/253 2508/753/253 2513/749/253 2514/748/253
f 2508/753/253 2507/754/253 2512/750/253 2513/749/253
f 2507/754/253 2506/755/253 2511/751/253 2512/750/253
f 2506/755/253 2505/738/253 2510/739/253 2511/751/253
f 2292/676/253 2504/756/253 2509/752/253 2293/677/253
f 2504/756/253 2503/757/253 2508/753/253 2509/752/253
f 2503/757/253 2502/758/253 2507/754/253 2508/753/253
f 2502/758/253 2501/759/253 2506/755/253 2507/754/253
f 2501/759/253 2500/737/253 2505/738/253 2506/755/253
f 2291/674/253 2499/760/253 2504/756/253 2292/676/253
f 2499/760/253 2498/761/253 2503/757/253 2504/756/253
f 2498/761/253 2497/762/253 2502/758/253 2503/757/253
f 2497/762/253 2496/763/253 2501/759/253 2502/758/253
f 2496/763/253 2495/736/253 2500/737/253 2501/759/253
f 2290/672/253 2494/764/253 2499/760/253 2291/674/253
f 2494/764/253 2493/765/253 2498/761/253 2499/760/253
f 2493/765/253 2492/766/253 2497/762/253 2498/761/253
f 2492/766/253 2491/767/253 2496/763/253 2497/762/253
f 2491/767/253 2490/692/253 2495/736/253 2496/763/253
f 2289/671/253 2489/768/253 2494/764/253 2290/672/253
f 2489/768/253 2488/769/253 2493/765/253 2494/764/253
f 2488/769/253 2487/770/253 2492/766/253 2493/765/253
f 2487/770/253 2486/771/253 2491/767/253 2492/766/253
f 2486/771/253 2485/691/253 2490/692/253 2491/767/253
f 2265/634/253 2389/649/253 2489/768/253 2289/671/253
f 2389/649/253 2388/772/253 2488/769/253 2489/768/253
f 2388/772/253 2387/773/253 2487/770/253 2488/769/253
f 2387/773/253 2386/774/253 2486/771/253 2487/770/253
f 2386/774/253 2385/735/253 2485/691/253 2486/771/253
f 2327/680/254 2328/661/254 2480/775/254 2475/776/254
f 2475/776/254 2480/775/254 2481/777/254 2476/778/254
f 2476/778/254 2481/777/254 2482/779/254 2477/744/254
f 2477/744/254 2482/779/254 2483/780/254 2478/781/254
f 2478/781/254 2483/780/254 2484/646/254 2479/697/254
f 2326/683/254 2327/680/254 2475/776/254 2470/782/254
f 2470/782/254 2475/776/254 2476/778/254 2471/783/254
f 2471/783/254 2476/778/254 2477/744/254 2472/784/254
f 2472/784/254 2477/744/254 2478/781/254 2473/785/254
f 2473/785/254 2478/781/254 2479/697/254 2474/696/254
f 2325/678/254 2326/683/254 2470/782/254 2465/786/254
f 2465/786/254 2470/782/254 2471/783/254 2466/787/254
f 2466/787/254 2471/783/254 2472/784/254 2467/754/254
f 2467/754/254 2472/784/254 2473/785/254 2468/788/254
f 2468/788/254 2473/785/254 2474/696/254 2469/695/254
f 2324/676/254 2325/678/254 2465/786/254 2460/789/254
f 2460/789/254 2465/786/254 2466/787/254 2461/790/254
f 2461/790/254 2466/787/254 2467/754/254 2462/791/254
f 2462/791/254 2467/754/254 2468/788/254 2463/792/254
f 2463/792/254 2468/788/254 2469/695/254 2464/694/254
f 2323/675/254 2324/676/254 2460/789/254 2455/793/254
f 2455/793/254 2460/789/254 2461/790/254 2456/794/254
f 2456/794/254 2461/790/254 2462/791/254 2457/795/254
f 2457/795/254 2462/791/254 2463/792/254 2458/796/254
f 2458/796/254 2463/792/254 2464/694/254 2459/693/254
f 2322/672/254 2323/675/254 2455/793/254 2450/797/254
f 2450/797/254 2455/793/254 2456/794/254 2451/798/254
f 2451/798/254 2456/794/254 2457/795/254 2452/766/254
f 2452/766/254 2457/795/254 2458/796/254 2453/799/254
f 2453/799/254 2458/796/254 2459/693/254 2454/692/254
f 2321/633/254 2322/672/254 2450/797/254 2445/800/254
f 2445/800/254 2450/797/254 2451/798/254 2446/801/254
f 2446/801/254 2451/798/254 2452/766/254 2447/770/254
f 2447/770/254 2452/766/254 2453/799/254 2448/802/254
f 2448/802/254 2453/799/254 2454/692/254 2449/691/254
f 2274/634/254 2321/633/254 2445/800/254 2409/803/254
f 2409/803/254 2445/800/254 2446/801/254 2408/804/254
f 2408/804/254 2446/801/254 2447/770/254 2407/805/254
f 2407/805/254 2447/770/254 2448/802/254 2406/806/254
f 2406/806/254 2448/802/254 2449/691/254 2405/659/254
f 2266/655/255 2390/807/255 2444/808/255 2286/655/255
f 2390/807/255 2391/809/255 2443/810/255 2444/808/255
f 2391/809/255 2392/811/255 2442/811/255 2443/810/255
f 2392/811/255 2393/812/255 2441/813/255 2442/811/255
f 2393/812/255 2394/632/255 2440/632/255 2441/813/255
f 2267/653/256 2385/735/256 2439/659/256 2288/653/256
f 2385/735/256 2386/774/256 2438/806/256 2439/659/256
f 2386/774/256 2387/773/256 2437/805/256 2438/806/256
f 2387/773/256 2388/772/256 2436/814/256 2437/805/256
f 2388/772/256 2389/649/256 2435/649/256 2436/814/256
f 2274/634/254 2409/803/254 2429/649/254 2282/634/254
f 2409/803/254 2408/804/254 2428/772/254 2429/649/254
f 2408/804/254 2407/805/254 2427/773/254 2428/772/254
f 2407/805/254 2406/806/254 2426/774/254 2427/773/254
f 2406/806/254 2405/659/254 2425/660/254 2426/774/254
f 2276/631/254 2414/647/254 2434/656/254 2284/631/254
f 2414/647/254 2413/815/254 2433/815/254 2434/656/254
f 2413/815/254 2412/816/254 2432/816/254 2433/815/254
f 2412/816/254 2411/817/254 2431/817/254 2432/816/254
f 2411/817/254 2410/657/254 2430/658/254 2431/817/254
f 2277/653/256 2415/659/256 2425/660/256 2281/653/256
f 2415/659/256 2416/818/256 2426/774/256 2425/660/256
f 2416/818/256 2417/773/256 2427/773/256 2426/774/256
f 2417/773/256 2418/772/256 2428/772/256 2427/773/256
f 2418/772/256 2419/650/256 2429/649/256 2428/772/256
f 2279/655/255 2420/657/255 2430/658/255 2283/655/255
f 2420/657/255 2421/819/255 2431/817/255 2430/658/255
f 2421/819/255 2422/816/255 2432/816/255 2431/817/255
f 2422/816/255 2423/815/255 2433/815/255 2432/816/255
f 2423/815/255 2424/647/255 2434/656/255 2433/815/255
f 2271/655/253 2400/820/253 2420/657/253 2279/655/253
f 2400/820/253 2401/819/253 2421/819/253 2420/657/253
f 2401/819/253 2402/816/253 2422/816/253 2421/819/253
f 2402/816/253 2403/815/253 2423/815/253 2422/816/253
f 2403/815/253 2404/651/253 2424/647/253 2423/815/253
f 2269/653/253 2395/660/253 2415/659/253 2277/653/253
f 2395/660/253 2396/818/253 2416/818/253 2415/659/253
f 2396/818/253 2397/773/253 2417/773/253 2416/818/253
f 2397/773/253 2398/772/253 2418/772/253 2417/773/253
f 2398/772/253 2399/649/253 2419/650/253 2418/772/253
f 2328/661/254 2275/655/254 2410/657/254 2480/775/254
f 2480/775/254 2410/657/254 2411/817/254 2481/777/254
f 2481/777/254 2411/817/254 2412/816/254 2482/779/254
f 2482/779/254 2412/816/254 2413/815/254 2483/780/254
f 2483/780/254 2413/815/254 2414/647/254 2484/646/254
f 2593/825/256 2594/826/256 2595/827/256 2596/828/256
f 2605/836/256 2606/837/256 2607/837/256 2608/838/256
f 2537/847/255 2538/848/255 2539/849/255 2540/850/255
f 2545/854/255 2546/855/255 2547/856/255 2548/857/255
f 2296/661/253 2524/741/253 2390/807/253 2266/655/253
f 2524/741/253 2523/743/253 2391/809/253 2390/807/253
f 2523/743/253 2522/745/253 2392/811/253 2391/809/253
f 2522/745/253 2521/747/253 2393/812/253 2392/811/253
f 2521/747/253 2520/629/253 2394/632/253 2393/812/253
f 2440/632/255 2285/631/255 2526/636/255 2525/635/255
f 2285/631/255 2272/631/255 2527/636/255 2526/636/255
f 2272/631/255 2404/651/255 2528/637/255 2527/636/255
f 2404/651/255 2440/632/255 2525/635/255 2528/637/255
f 2286/655/255 2444/808/255 2530/840/255 2529/839/255
f 2444/808/255 2400/820/255 2531/841/255 2530/840/255
f 2400/820/255 2271/655/255 2532/842/255 2531/841/255
f 2271/655/255 2286/655/255 2529/839/255 2532/842/255
f 2444/808/255 2443/810/255 2534/844/255 2533/843/255
f 2443/810/255 2401/819/255 2535/845/255 2534/844/255
f 2401/819/255 2400/820/255 2536/846/255 2535/845/255
f 2400/820/255 2444/808/255 2533/843/255 2536/846/255
f 2443/810/255 2442/811/255 2538/848/255 2537/847/255
f 2442/811/255 2402/816/255 2539/849/255 2538/848/255
f 2402/816/255 2401/819/255 2540/850/255 2539/849/255
f 2401/819/255 2443/810/255 2537/847/255 2540/850/255
f 2442/811/255 2441/813/255 2542/852/255 2541/851/255
f 2441/813/255 2403/815/255 2543/852/255 2542/852/255
f 2403/815/255 2402/816/255 2544/853/255 2543/852/255
f 2402/816/255 2442/811/255 2541/851/255 2544/853/255
f 2441/813/255 2440/632/255 2546/855/255 2545/854/255
f 2440/632/255 2404/651/255 2547/856/255 2546/855/255
f 2404/651/255 2403/815/255 2548/857/255 2547/856/255
f 2403/815/255 2441/813/255 2545/854/255 2548/857/255
f 2369/661/257 2286/655/257 2550/645/257 2549/644/257
f 2286/655/257 2271/655/257 2551/645/257 2550/645/257
f 2271/655/257 2312/654/257 2552/644/257 2551/645/257
f 2312/654/257 2369/661/257 2549/644/257 2552/644/257
f 2287/634/257 2376/633/257 2554/699/257 2553/698/257
f 2376/633/257 2305/633/257 2555/700/257 2554/699/257
f 2305/633/257 2270/634/257 2556/701/257 2555/700/257
f 2270/634/257 2287/634/257 2553/698/257 2556/701/257
f 2376/633/257 2375/673/257 2558/703/257 2557/702/257
f 2375/673/257 2306/672/257 2559/704/257 2558/703/257
f 2306/672/257 2305/633/257 2560/702/257 2559/704/257
f 2305/633/257 2376/633/257 2557/702/257 2560/702/257
f 2375/673/257 2374/675/257 2562/706/257 2561/705/257
f 2374/675/257 2307/675/257 2563/707/257 2562/706/257
f 2307/675/257 2306/672/257 2564/705/257 2563/707/257
f 2306/672/257 2375/673/257 2561/705/257 2564/705/257
f 2374/675/257 2373/676/257 2566/709/257 2565/708/257
f 2373/676/257 2308/676/257 2567/709/257 2566/709/257
f 2308/676/257 2307/675/257 2568/710/257 2567/709/257
f 2307/675/257 2374/675/257 2565/708/257 2568/710/257
f 2373/676/257 2372/678/257 2570/712/257 2569/711/257
f 2372/678/257 2309/677/257 2571/713/257 2570/712/257
f 2309/677/257 2308/676/257 2572/714/257 2571/713/257
f 2308/676/257 2373/676/257 2569/711/257 2572/714/257
f 2372/678/257 2371/679/257 2574/716/257 2573/715/257
f 2371/679/257 2310/679/257 2575/717/257 2574/716/257
f 2310/679/257 2309/677/257 2576/718/257 2575/717/257
f 2309/677/257 2372/678/257 2573/715/257 2576/718/257
f 2371/679/257 2370/680/257 2578/720/257 2577/719/257
f 2370/680/257 2311/680/257 2579/720/257 2578/720/257
f 2311/680/257 2310/679/257 2580/721/257 2579/720/257
f 2310/679/257 2371/679/257 2577/719/257 2580/721/257
f 2370/680/257 2369/661/257 2582/723/257 2581/722/257
f 2369/661/257 2312/654/257 2583/723/257 2582/723/257
f 2312/654/257 2311/680/257 2584/722/257 2583/723/257
f 2311/680/257 2370/680/257 2581/722/257 2584/722/257
f 2435/649/256 2287/634/256 2586/639/256 2585/638/256
f 2287/634/256 2270/634/256 2587/640/256 2586/639/256
f 2270/634/256 2399/649/256 2588/641/256 2587/640/256
f 2399/649/256 2435/649/256 2585/638/256 2588/641/256
f 2288/653/256 2439/659/256 2590/822/256 2589/821/256
f 2439/659/256 2395/660/256 2591/823/256 2590/822/256
f 2395/660/256 2269/653/256 2592/824/256 2591/823/256
f 2269/653/256 2288/653/256 2589/821/256 2592/824/256
f 2439/659/256 2438/806/256 2594/826/256 2593/825/256
f 2438/806/256 2396/818/256 2595/827/256 2594/826/256
f 2396/818/256 2395/660/256 2596/828/256 2595/827/256
f 2395/660/256 2439/659/256 2593/825/256 2596/828/256
f 2438/806/256 2437/805/256 2598/830/256 2597/829/256
f 2437/805/256 2397/773/256 2599/830/256 2598/830/256
f 2397/773/256 2396/818/256 2600/831/256 2599/830/256
f 2396/818/256 2438/806/256 2597/829/256 2600/831/256
f 2437/805/256 2436/814/256 2602/833/256 2601/832/256
f 2436/814/256 2398/772/256 2603/834/256 2602/833/256
f 2398/772/256 2397/773/256 2604/835/256 2603/834/256
f 2397/773/256 2437/805/256 2601/832/256 2604/835/256
f 2436/814/256 2435/649/256 2606/837/256 2605/836/256
f 2435/649/256 2399/649/256 2607/837/256 2606/837/256
f 2399/649/256 2398/772/256 2608/838/256 2607/837/256
f 2398/772/256 2436/814/256 2605/836/256 2608/838/256
f 2377/662/258 2288/653/258 2610/733/258 2609/858/258
f 2288/653/258 2269/653/258 2611/728/258 2610/733/258
f 2269/653/258 2320/652/258 2612/729/258 2611/728/258
f 2320/652/258 2377/662/258 2609/858/258 2612/729/258
f 2285/631/258 2384/630/258 2614/859/258 2613/860/258
f 2384/630/258 2313/648/258 2615/861/258 2614/859/258
f 2313/648/258 2272/631/258 2616/862/258 2615/861/258
f 2272/631/258 2285/631/258 2613/860/258 2616/862/258
f 2384/630/258 2383/663/258 2618/732/258 2617/725/258
f 2383/663/258 2314/663/258 2619/863/258 2618/732/258
f 2314/663/258 2313/648/258 2620/724/258 2619/863/258
f 2313/648/258 2384/630/258 2617/725/258 2620/724/258
f 2383/663/258 2382/664/258 2622/864/258 2621/865/258
f 2382/664/258 2315/685/258 2623/866/258 2622/864/258
f 2315/685/258 2314/663/258 2624/867/258 2623/866/258
f 2314/663/258 2383/663/258 2621/865/258 2624/867/258
f 2382/664/258 2381/665/258 2626/868/258 2625/869/258
f 2381/665/258 2316/665/258 2627/870/258 2626/868/258
f 2316/665/258 2315/685/258 2628/871/258 2627/870/258
f 2315/685/258 2382/664/258 2625/869/258 2628/871/258
f 2381/665/258 2380/666/258 2630/734/258 2629/872/258
f 2380/666/258 2317/666/258 2631/730/258 2630/734/258
f 2317/666/258 2316/665/258 2632/731/258 2631/730/258
f 2316/665/258 2381/665/258 2629/872/258 2632/731/258
f 2380/666/258 2379/668/258 2634/873/258 2633/874/258
f 2379/668/258 2318/687/258 2635/875/258 2634/873/258
f 2318/687/258 2317/666/258 2636/876/258 2635/875/258
f 2317/666/258 2380/666/258 2633/874/258 2636/876/258
f 2379/668/258 2378/670/258 2638/642/258 2637/727/258
f 2378/670/258 2319/669/258 2639/643/258 2638/642/258
f 2319/669/258 2318/687/258 2640/726/258 2639/643/258
f 2318/687/258 2379/668/258 2637/727/258 2640/726/258
f 2378/670/258 2377/662/258 2642/877/258 2641/878/258
f 2377/662/258 2320/652/258 2643/879/258 2642/877/258
f 2320/652/258 2319/669/258 2644/880/258 2643/879/258
f 2319/669/258 2378/670/258 2641/878/258 2644/880/258
f 2658/865/258 2657/864/258 2660/866/258 2659/867/258
f 2666/872/258 2665/734/258 2668/730/258 2667/731/258
f 2674/727/258 2673/642/258 2676/643/258 2675/726/258
f 2618/732/255 2619/863/255 2656/863/255 2653/732/255
f 2625/869/254 2626/868/254 2661/868/254 2662/869/254
f 2639/643/253 2640/726/253 2675/726/253 2676/643/253
f 2619/863/253 2620/724/253 2655/724/253 2656/863/253
f 2628/871/256 2625/869/256 2662/869/256 2663/871/256
f 2626/868/255 2627/870/255 2664/870/255 2661/868/255
f 2633/874/254 2634/873/254 2669/873/254 2670/874/254
f 2613/860/254 2614/859/254 2649/859/254 2650/860/254
f 2627/870/253 2628/871/253 2663/871/253 2664/870/253
f 2636/876/256 2633/874/256 2670/874/256 2671/876/256
f 2616/862/256 2613/860/256 2650/860/256 2651/862/256
f 2634/873/255 2635/875/255 2672/875/255 2669/873/255
f 2614/859/255 2615/861/255 2652/861/255 2649/859/255
f 2641/878/254 2642/877/254 2677/877/254 2678/878/254
f 2621/865/254 2622/864/254 2657/864/254 2658/865/254
f 2635/875/253 2636/876/253 2671/876/253 2672/875/253
f 2615/861/253 2616/862/253 2651/862/253 2652/861/253
f 2644/880/256 2641/878/256 2678/878/256 2679/880/256
f 2624/867/256 2621/865/256 2658/865/256 2659/867/256
f 2642/877/255 2643/879/255 2680/879/255 2677/877/255
f 2622/864/255 2623/866/255 2660/866/255 2657/864/255
f 2629/872/254 2630/734/254 2665/734/254 2666/872/254
f 2643/879/253 2644/880/253 2679/880/253 2680/879/253
f 2609/858/254 2610/733/254 2645/733/254 2646/858/254
f 2623/866/253 2624/867/253 2659/867/253 2660/866/253
f 2632/731/256 2629/872/256 2666/872/256 2667/731/256
f 2612/729/256 2609/858/256 2646/858/256 2647/729/256
f 2936/629/253 2713/630/253 2684/631/253 2810/632/253
f 2737/633/254 2690/634/254 2698/634/254 2769/633/254
f 3054/642/255 3055/643/255 3092/643/255 3089/642/255
f 2900/646/254 2830/647/254 2692/631/254 2745/648/254
f 2815/649/253 2686/634/253 2694/634/253 2835/650/253
f 2745/648/254 2692/631/254 2700/631/254 2777/648/254
f 2820/651/253 2688/631/253 2696/631/253 2840/647/253
f 2768/652/258 2693/653/258 2697/653/258 2784/652/258
f 2760/654/257 2695/655/257 2699/655/257 2776/654/257
f 2840/647/255 2696/631/255 2700/631/255 2850/656/255
f 2835/650/256 2694/634/256 2698/634/256 2845/649/256
f 2736/652/253 2685/653/253 2693/653/253 2768/652/253
f 2728/654/253 2687/655/253 2695/655/253 2760/654/253
f 2826/657/254 2691/655/254 2699/655/254 2846/658/254
f 2821/659/254 2689/653/254 2697/653/254 2841/660/254
f 2712/661/257 2682/655/257 2702/655/257 2785/661/257
f 2720/652/258 2683/653/258 2704/653/258 2793/662/258
f 2805/649/256 2681/634/256 2703/634/256 2851/649/256
f 2810/632/255 2684/631/255 2701/631/255 2856/632/255
f 2684/631/258 2713/630/258 2800/630/258 2701/631/258
f 2713/630/258 2714/663/258 2799/663/258 2800/630/258
f 2714/663/258 2715/664/258 2798/664/258 2799/663/258
f 2715/664/258 2716/665/258 2797/665/258 2798/664/258
f 2716/665/258 2717/666/258 2796/666/258 2797/665/258
f 2717/666/258 2718/667/258 2795/668/258 2796/666/258
f 2718/667/258 2719/669/258 2794/670/258 2795/668/258
f 2719/669/258 2720/652/258 2793/662/258 2794/670/258
f 2681/634/257 2705/671/257 2792/633/257 2703/634/257
f 2705/671/257 2706/672/257 2791/673/257 2792/633/257
f 2706/672/257 2707/674/257 2790/675/257 2791/673/257
f 2707/674/257 2708/676/257 2789/676/257 2790/675/257
f 2708/676/257 2709/677/257 2788/678/257 2789/676/257
f 2709/677/257 2710/679/257 2787/679/257 2788/678/257
f 2710/679/257 2711/680/257 2786/680/257 2787/679/257
f 2711/680/257 2712/661/257 2785/661/257 2786/680/257
f 2686/634/253 2721/633/253 2753/633/253 2694/634/253
f 2721/633/253 2722/672/253 2754/681/253 2753/633/253
f 2722/672/253 2723/675/253 2755/675/253 2754/681/253
f 2723/675/253 2724/676/253 2756/676/253 2755/675/253
f 2724/676/253 2725/677/253 2757/682/253 2756/676/253
f 2725/677/253 2726/679/253 2758/683/253 2757/682/253
f 2726/679/253 2727/680/253 2759/680/253 2758/683/253
f 2727/680/253 2728/654/253 2760/654/253 2759/680/253
f 2688/631/253 2729/648/253 2761/648/253 2696/631/253
f 2729/648/253 2730/663/253 2762/684/253 2761/648/253
f 2730/663/253 2731/685/253 2763/685/253 2762/684/253
f 2731/685/253 2732/665/253 2764/665/253 2763/685/253
f 2732/665/253 2733/666/253 2765/686/253 2764/665/253
f 2733/666/253 2734/687/253 2766/687/253 2765/686/253
f 2734/687/253 2735/669/253 2767/688/253 2766/687/253
f 2735/669/253 2736/652/253 2768/652/253 2767/688/253
f 2694/634/257 2753/633/257 2769/633/257 2698/634/257
f 2753/633/257 2754/681/257 2770/681/257 2769/633/257
f 2754/681/257 2755/675/257 2771/675/257 2770/681/257
f 2755/675/257 2756/676/257 2772/676/257 2771/675/257
f 2756/676/257 2757/682/257 2773/682/257 2772/676/257
f 2757/682/257 2758/683/257 2774/683/257 2773/682/257
f 2758/683/257 2759/680/257 2775/680/257 2774/683/257
f 2759/680/257 2760/654/257 2776/654/257 2775/680/257
f 2696/631/258 2761/648/258 2777/648/258 2700/631/258
f 2761/648/258 2762/684/258 2778/684/258 2777/648/258
f 2762/684/258 2763/685/258 2779/685/258 2778/684/258
f 2763/685/258 2764/665/258 2780/665/258 2779/685/258
f 2764/665/258 2765/686/258 2781/686/258 2780/665/258
f 2765/686/258 2766/687/258 2782/687/258 2781/686/258
f 2766/687/258 2767/688/258 2783/688/258 2782/687/258
f 2767/688/258 2768/652/258 2784/652/258 2783/688/258
f 2689/653/254 2752/652/254 2784/652/254 2697/653/254
f 2752/652/254 2751/669/254 2783/688/254 2784/652/254
f 2751/669/254 2750/667/254 2782/687/254 2783/688/254
f 2750/667/254 2749/689/254 2781/686/254 2782/687/254
f 2749/689/254 2748/690/254 2780/665/254 2781/686/254
f 2748/690/254 2747/685/254 2779/685/254 2780/665/254
f 2747/685/254 2746/663/254 2778/684/254 2779/685/254
f 2746/663/254 2745/648/254 2777/648/254 2778/684/254
f 2821/659/254 2865/691/254 2752/652/254 2689/653/254
f 2865/691/254 2870/692/254 2751/669/254 2752/652/254
f 2870/692/254 2875/693/254 2750/667/254 2751/669/254
f 2875/693/254 2880/694/254 2749/689/254 2750/667/254
f 2880/694/254 2885/695/254 2748/690/254 2749/689/254
f 2885/695/254 2890/696/254 2747/685/254 2748/690/254
f 2890/696/254 2895/697/254 2746/663/254 2747/685/254
f 2895/697/254 2900/646/254 2745/648/254 2746/663/254
f 2973/702/257 2974/703/257 2975/704/257 2976/702/257
f 2981/708/257 2982/709/257 2983/709/257 2984/710/257
f 2989/715/257 2990/716/257 2991/717/257 2992/718/257
f 2997/722/257 2998/723/257 2999/723/257 3000/722/257
f 3036/724/256 3033/725/256 3070/725/256 3071/724/256
f 3056/726/256 3053/727/256 3090/727/256 3091/726/256
f 3027/728/253 3028/729/253 3063/729/253 3064/728/253
f 3047/730/253 3048/731/253 3083/731/253 3084/730/253
f 3033/725/254 3034/732/254 3069/732/254 3070/725/254
f 3053/727/254 3054/642/254 3089/642/254 3090/727/254
f 3026/733/255 3027/728/255 3064/728/255 3061/733/255
f 3046/734/255 3047/730/255 3084/730/255 3081/734/255
f 2691/655/254 2744/661/254 2776/654/254 2699/655/254
f 2744/661/254 2743/680/254 2775/680/254 2776/654/254
f 2743/680/254 2742/683/254 2774/683/254 2775/680/254
f 2742/683/254 2741/678/254 2773/682/254 2774/683/254
f 2741/678/254 2740/676/254 2772/676/254 2773/682/254
f 2740/676/254 2739/675/254 2771/675/254 2772/676/254
f 2739/675/254 2738/672/254 2770/681/254 2771/675/254
f 2738/672/254 2737/633/254 2769/633/254 2770/681/254
f 2801/735/253 2683/653/253 2720/652/253 2901/691/253
f 2901/691/253 2720/652/253 2719/669/253 2906/692/253
f 2906/692/253 2719/669/253 2718/667/253 2911/736/253
f 2911/736/253 2718/667/253 2717/666/253 2916/737/253
f 2916/737/253 2717/666/253 2716/665/253 2921/738/253
f 2921/738/253 2716/665/253 2715/664/253 2926/739/253
f 2926/739/253 2715/664/253 2714/663/253 2931/697/253
f 2931/697/253 2714/663/253 2713/630/253 2936/629/253
f 2711/680/253 2935/740/253 2940/741/253 2712/661/253
f 2935/740/253 2934/742/253 2939/743/253 2940/741/253
f 2934/742/253 2933/744/253 2938/745/253 2939/743/253
f 2933/744/253 2932/746/253 2937/747/253 2938/745/253
f 2932/746/253 2931/697/253 2936/629/253 2937/747/253
f 2710/679/253 2930/748/253 2935/740/253 2711/680/253
f 2930/748/253 2929/749/253 2934/742/253 2935/740/253
f 2929/749/253 2928/750/253 2933/744/253 2934/742/253
f 2928/750/253 2927/751/253 2932/746/253 2933/744/253
f 2927/751/253 2926/739/253 2931/697/253 2932/746/253
f 2709/677/253 2925/752/253 2930/748/253 2710/679/253
f 2925/752/253 2924/753/253 2929/749/253 2930/748/253
f 2924/753/253 2923/754/253 2928/750/253 2929/749/253
f 2923/754/253 2922/755/253 2927/751/253 2928/750/253
f 2922/755/253 2921/738/253 2926/739/253 2927/751/253
f 2708/676/253 2920/756/253 2925/752/253 2709/677/253
f 2920/756/253 2919/757/253 2924/753/253 2925/752/253
f 2919/757/253 2918/758/253 2923/754/253 2924/753/253
f 2918/758/253 2917/759/253 2922/755/253 2923/754/253
f 2917/759/253 2916/737/253 2921/738/253 2922/755/253
f 2707/674/253 2915/760/253 2920/756/253 2708/676/253
f 2915/760/253 2914/761/253 2919/757/253 2920/756/253
f 2914/761/253 2913/762/253 2918/758/253 2919/757/253
f 2913/762/253 2912/763/253 2917/759/253 2918/758/253
f 2912/763/253 2911/736/253 2916/737/253 2917/759/253
f 2706/672/253 2910/764/253 2915/760/253 2707/674/253
f 2910/764/253 2909/765/253 2914/761/253 2915/760/253
f 2909/765/253 2908/766/253 2913/762/253 2914/761/253
f 2908/766/253 2907/767/253 2912/763/253 2913/762/253
f 2907/767/253 2906/692/253 2911/736/253 2912/763/253
f 2705/671/253 2905/768/253 2910/764/253 2706/672/253
f 2905/768/253 2904/769/253 2909/765/253 2910/764/253
f 2904/769/253 2903/770/253 2908/766/253 2909/765/253
f 2903/770/253 2902/771/253 2907/767/253 2908/766/253
f 2902/771/253 2901/691/253 2906/692/253 2907/767/253
f 2681/634/253 2805/649/253 2905/768/253 2705/671/253
f 2805/649/253 2804/772/253 2904/769/253 2905/768/253
f 2804/772/253 2803/773/253 2903/770/253 2904/769/253
f 2803/773/253 2802/774/253 2902/771/253 2903/770/253
f 2802/774/253 2801/735/253 2901/691/253 2902/771/253
f 2743/680/254 2744/661/254 2896/775/254 2891/776/254
f 2891/776/254 2896/775/254 2897/777/254 2892/778/254
f 2892/778/254 2897/777/254 2898/779/254 2893/744/254
f 2893/744/254 2898/779/254 2899/780/254 2894/781/254
f 2894/781/254 2899/780/254 2900/646/254 2895/697/254
f 2742/683/254 2743/680/254 2891/776/254 2886/782/254
f 2886/782/254 2891/776/254 2892/778/254 2887/783/254
f 2887/783/254 2892/778/254 2893/744/254 2888/784/254
f 2888/784/254 2893/744/254 2894/781/254 2889/785/254
f 2889/785/254 2894/781/254 2895/697/254 2890/696/254
f 2741/678/254 2742/683/254 2886/782/254 2881/786/254
f 2881/786/254 2886/782/254 2887/783/254 2882/787/254
f 2882/787/254 2887/783/254 2888/784/254 2883/754/254
f 2883/754/254 2888/784/254 2889/785/254 2884/788/254
f 2884/788/254 2889/785/254 2890/696/254 2885/695/254
f 2740/676/254 2741/678/254 2881/786/254 2876/789/254
f 2876/789/254 2881/786/254 2882/787/254 2877/790/254
f 2877/790/254 2882/787/254 2883/754/254 2878/791/254
f 2878/791/254 2883/754/254 2884/788/254 2879/792/254
f 2879/792/254 2884/788/254 2885/695/254 2880/694/254
f 2739/675/254 2740/676/254 2876/789/254 2871/793/254
f 2871/793/254 2876/789/254 2877/790/254 2872/794/254
f 2872/794/254 2877/790/254 2878/791/254 2873/795/254
f 2873/795/254 2878/791/254 2879/792/254 2874/796/254
f 2874/796/254 2879/792/254 2880/694/254 2875/693/254
f 2738/672/254 2739/675/254 2871/793/254 2866/797/254
f 2866/797/254 2871/793/254 2872/794/254 2867/798/254
f 2867/798/254 2872/794/254 2873/795/254 2868/766/254
f 2868/766/254 2873/795/254 2874/796/254 2869/799/254
f 2869/799/254 2874/796/254 2875/693/254 2870/692/254
f 2737/633/254 2738/672/254 2866/797/254 2861/800/254
f 2861/800/254 2866/797/254 2867/798/254 2862/801/254
f 2862/801/254 2867/798/254 2868/766/254 2863/770/254
f 2863/770/254 2868/766/254 2869/799/254 2864/802/254
f 2864/802/254 2869/799/254 2870/692/254 2865/691/254
f 2690/634/254 2737/633/254 2861/800/254 2825/803/254
f 2825/803/254 2861/800/254 2862/801/254 2824/804/254
f 2824/804/254 2862/801/254 2863/770/254 2823/805/254
f 2823/805/254 2863/770/254 2864/802/254 2822/806/254
f 2822/806/254 2864/802/254 2865/691/254 2821/659/254
f 2682/655/255 2806/807/255 2860/808/255 2702/655/255
f 2806/807/255 2807/809/255 2859/810/255 2860/808/255
f 2807/809/255 2808/811/255 2858/811/255 2859/810/255
f 2808/811/255 2809/812/255 2857/813/255 2858/811/255
f 2809/812/255 2810/632/255 2856/632/255 2857/813/255
f 2683/653/256 2801/735/256 2855/659/256 2704/653/256
f 2801/735/256 2802/774/256 2854/806/256 2855/659/256
f 2802/774/256 2803/773/256 2853/805/256 2854/806/256
f 2803/773/256 2804/772/256 2852/814/256 2853/805/256
f 2804/772/256 2805/649/256 2851/649/256 2852/814/256
f 2690/634/254 2825/803/254 2845/649/254 2698/634/254
f 2825/803/254 2824/804/254 2844/772/254 2845/649/254
f 2824/804/254 2823/805/254 2843/773/254 2844/772/254
f 2823/805/254 2822/806/254 2842/774/254 2843/773/254
f 2822/806/254 2821/659/254 2841/660/254 2842/774/254
f 2692/631/254 2830/647/254 2850/656/254 2700/631/254
f 2830/647/254 2829/815/254 2849/815/254 2850/656/254
f 2829/815/254 2828/816/254 2848/816/254 2849/815/254
f 2828/816/254 2827/817/254 2847/817/254 2848/816/254
f 2827/817/254 2826/657/254 2846/658/254 2847/817/254
f 2693/653/256 2831/659/256 2841/660/256 2697/653/256
f 2831/659/256 2832/818/256 2842/774/256 2841/660/256
f 2832/818/256 2833/773/256 2843/773/256 2842/774/256
f 2833/773/256 2834/772/256 2844/772/256 2843/773/256
f 2834/772/256 2835/650/256 2845/649/256 2844/772/256
f 2695/655/255 2836/657/255 2846/658/255 2699/655/255
f 2836/657/255 2837/819/255 2847/817/255 2846/658/255
f 2837/819/255 2838/816/255 2848/816/255 2847/817/255
f 2838/816/255 2839/815/255 2849/815/255 2848/816/255
f 2839/815/255 2840/647/255 2850/656/255 2849/815/255
f 2687/655/253 2816/820/253 2836/657/253 2695/655/253
f 2816/820/253 2817/819/253 2837/819/253 2836/657/253
f 2817/819/253 2818/816/253 2838/816/253 2837/819/253
f 2818/816/253 2819/815/253 2839/815/253 2838/816/253
f 2819/815/253 2820/651/253 2840/647/253 2839/815/253
f 2685/653/253 2811/660/253 2831/659/253 2693/653/253
f 2811/660/253 2812/818/253 2832/818/253 2831/659/253
f 2812/818/253 2813/773/253 2833/773/253 2832/818/253
f 2813/773/253 2814/772/253 2834/772/253 2833/773/253
f 2814/772/253 2815/649/253 2835/650/253 2834/772/253
f 2744/661/254 2691/655/254 2826/657/254 2896/775/254
f 2896/775/254 2826/657/254 2827/817/254 2897/777/254
f 2897/777/254 2827/817/254 2828/816/254 2898/779/254
f 2898/779/254 2828/816/254 2829/815/254 2899/780/254
f 2899/780/254 2829/815/254 2830/647/254 2900/646/254
f 3009/825/256 3010/826/256 3011/827/256 3012/828/256
f 3021/836/256 3022/837/256 3023/837/256 3024/838/256
f 2953/847/255 2954/848/255 2955/849/255 2956/850/255
f 2961/854/255 2962/855/255 2963/856/255 2964/857/255
f 2712/661/253 2940/741/253 2806/807/253 2682/655/253
f 2940/741/253 2939/743/253 2807/809/253 2806/807/253
f 2939/743/253 2938/745/253 2808/811/253 2807/809/253
f 2938/745/253 2937/747/253 2809/812/253 2808/811/253
f 2937/747/253 2936/629/253 2810/632/253 2809/812/253
f 2856/632/255 2701/631/255 2942/636/255 2941/635/255
f 2701/631/255 2688/631/255 2943/636/255 2942/636/255
f 2688/631/255 2820/651/255 2944/637/255 2943/636/255
f 2820/651/255 2856/632/255 2941/635/255 2944/637/255
f 2702/655/255 2860/808/255 2946/840/255 2945/839/255
f 2860/808/255 2816/820/255 2947/841/255 2946/840/255
f 2816/820/255 2687/655/255 2948/842/255 2947/841/255
f 2687/655/255 2702/655/255 2945/839/255 2948/842/255
f 2860/808/255 2859/810/255 2950/844/255 2949/843/255
f 2859/810/255 2817/819/255 2951/845/255 2950/844/255
f 2817/819/255 2816/820/255 2952/846/255 2951/845/255
f 2816/820/255 2860/808/255 2949/843/255 2952/846/255
f 2859/810/255 2858/811/255 2954/848/255 2953/847/255
f 2858/811/255 2818/816/255 2955/849/255 2954/848/255
f 2818/816/255 2817/819/255 2956/850/255 2955/849/255
f 2817/819/255 2859/810/255 2953/847/255 2956/850/255
f 2858/811/255 2857/813/255 2958/852/255 2957/851/255
f 2857/813/255 2819/815/255 2959/852/255 2958/852/255
f 2819/815/255 2818/816/255 2960/853/255 2959/852/255
f 2818/816/255 2858/811/255 2957/851/255 2960/853/255
f 2857/813/255 2856/632/255 2962/855/255 2961/854/255
f 2856/632/255 2820/651/255 2963/856/255 2962/855/255
f 2820/651/255 2819/815/255 2964/857/255 2963/856/255
f 2819/815/255 2857/813/255 2961/854/255 2964/857/255
f 2785/661/257 2702/655/257 2966/645/257 2965/644/257
f 2702/655/257 2687/655/257 2967/645/257 2966/645/257
f 2687/655/257 2728/654/257 2968/644/257 2967/645/257
f 2728/654/257 2785/661/257 2965/644/257 2968/644/257
f 2703/634/257 2792/633/257 2970/699/257 2969/698/257
f 2792/633/257 2721/633/257 2971/700/257 2970/699/257
f 2721/633/257 2686/634/257 2972/701/257 2971/700/257
f 2686/634/257 2703/634/257 2969/698/257 2972/701/257
f 2792/633/257 2791/673/257 2974/703/257 2973/702/257
f 2791/673/257 2722/672/257 2975/704/257 2974/703/257
f 2722/672/257 2721/633/257 2976/702/257 2975/704/257
f 2721/633/257 2792/633/257 2973/702/257 2976/702/257
f 2791/673/257 2790/675/257 2978/706/257 2977/705/257
f 2790/675/257 2723/675/257 2979/707/257 2978/706/257
f 2723/675/257 2722/672/257 2980/705/257 2979/707/257
f 2722/672/257 2791/673/257 2977/705/257 2980/705/257
f 2790/675/257 2789/676/257 2982/709/257 2981/708/257
f 2789/676/257 2724/676/257 2983/709/257 2982/709/257
f 2724/676/257 2723/675/257 2984/710/257 2983/709/257
f 2723/675/257 2790/675/257 2981/708/257 2984/710/257
f 2789/676/257 2788/678/257 2986/712/257 2985/711/257
f 2788/678/257 2725/677/257 2987/713/257 2986/712/257
f 2725/677/257 2724/676/257 2988/714/257 2987/713/257
f 2724/676/257 2789/676/257 2985/711/257 2988/714/257
f 2788/678/257 2787/679/257 2990/716/257 2989/715/257
f 2787/679/257 2726/679/257 2991/717/257 2990/716/257
f 2726/679/257 2725/677/257 2992/718/257 2991/717/257
f 2725/677/257 2788/678/257 2989/715/257 2992/718/257
f 2787/679/257 2786/680/257 2994/720/257 2993/719/257
f 2786/680/257 2727/680/257 2995/720/257 2994/720/257
f 2727/680/257 2726/679/257 2996/721/257 2995/720/257
f 2726/679/257 2787/679/257 2993/719/257 2996/721/257
f 2786/680/257 2785/661/257 2998/723/257 2997/722/257
f 2785/661/257 2728/654/257 2999/723/257 2998/723/257
f 2728/654/257 2727/680/257 3000/722/257 2999/723/257
f 2727/680/257 2786/680/257 2997/722/257 3000/722/257
f 2851/649/256 2703/634/256 3002/639/256 3001/638/256
f 2703/634/256 2686/634/256 3003/640/256 3002/639/256
f 2686/634/256 2815/649/256 3004/641/256 3003/640/256
f 2815/649/256 2851/649/256 3001/638/256 3004/641/256
f 2704/653/256 2855/659/256 3006/822/256 3005/821/256
f 2855/659/256 2811/660/256 3007/823/256 3006/822/256
f 2811/660/256 2685/653/256 3008/824/256 3007/823/256
f 2685/653/256 2704/653/256 3005/821/256 3008/824/256
f 2855/659/256 2854/806/256 3010/826/256 3009/825/256
f 2854/806/256 2812/818/256 3011/827/256 3010/826/256
f 2812/818/256 2811/660/256 3012/828/256 3011/827/256
f 2811/660/256 2855/659/256 3009/825/256 3012/828/256
f 2854/806/256 2853/805/256 3014/830/256 3013/829/256
f 2853/805/256 2813/773/256 3015/830/256 3014/830/256
f 2813/773/256 2812/818/256 3016/831/256 3015/830/256
f 2812/818/256 2854/806/256 3013/829/256 3016/831/256
f 2853/805/256 2852/814/256 3018/833/256 3017/832/256
f 2852/814/256 2814/772/256 3019/834/256 3018/833/256
f 2814/772/256 2813/773/256 3020/835/256 3019/834/256
f 2813/773/256 2853/805/256 3017/832/256 3020/835/256
f 2852/814/256 2851/649/256 3022/837/256 3021/836/256
f 2851/649/256 2815/649/256 3023/837/256 3022/837/256
f 2815/649/256 2814/772/256 3024/838/256 3023/837/256
f 2814/772/256 2852/814/256 3021/836/256 3024/838/256
f 2793/662/258 2704/653/258 3026/733/258 3025/858/258
f 2704/653/258 2685/653/258 3027/728/258 3026/733/258
f 2685/653/258 2736/652/258 3028/729/258 3027/728/258
f 2736/652/258 2793/662/258 3025/858/258 3028/729/258
f 2701/631/258 2800/630/258 3030/859/258 3029/860/258
f 2800/630/258 2729/648/258 3031/861/258 3030/859/258
f 2729/648/258 2688/631/258 3032/862/258 3031/861/258
f 2688/631/258 2701/631/258 3029/860/258 3032/862/258
f 2800/630/258 2799/663/258 3034/732/258 3033/725/258
f 2799/663/258 2730/663/258 3035/863/258 3034/732/258
f 2730/663/258 2729/648/258 3036/724/258 3035/863/258
f 2729/648/258 2800/630/258 3033/725/258 3036/724/258
f 2799/663/258 2798/664/258 3038/864/258 3037/865/258
f 2798/664/258 2731/685/258 3039/866/258 3038/864/258
f 2731/685/258 2730/663/258 3040/867/258 3039/866/258
f 2730/663/258 2799/663/258 3037/865/258 3040/867/258
f 2798/664/258 2797/665/258 3042/868/258 3041/869/258
f 2797/665/258 2732/665/258 3043/870/258 3042/868/258
f 2732/665/258 2731/685/258 3044/871/258 3043/870/258
f 2731/685/258 2798/664/258 3041/869/258 3044/871/258
f 2797/665/258 2796/666/258 3046/734/258 3045/872/258
f 2796/666/258 2733/666/258 3047/730/258 3046/734/258
f 2733/666/258 2732/665/258 3048/731/258 3047/730/258
f 2732/665/258 2797/665/258 3045/872/258 3048/731/258
f 2796/666/258 2795/668/258 3050/873/258 3049/874/258
f 2795/668/258 2734/687/258 3051/875/258 3050/873/258
f 2734/687/258 2733/666/258 3052/876/258 3051/875/258
f 2733/666/258 2796/666/258 3049/874/258 3052/876/258
f 2795/668/258 2794/670/258 3054/642/258 3053/727/258
f 2794/670/258 2735/669/258 3055/643/258 3054/642/258
f 2735/669/258 2734/687/258 3056/726/258 3055/643/258
f 2734/687/258 2795/668/258 3053/727/258 3056/726/258
f 2794/670/258 2793/662/258 3058/877/258 3057/878/258
f 2793/662/258 2736/652/258 3059/879/258 3058/877/258
f 2736/652/258 2735/669/258 3060/880/258 3059/879/258
f 2735/669/258 2794/670/258 3057/878/258 3060/880/258
f 3074/865/258 3073/864/258 3076/866/258 3075/867/258
f 3082/872/258 3081/734/258 3084/730/258 3083/731/258
f 3090/727/258 3089/642/258 3092/643/258 3091/726/258
f 3034/732/255 3035/863/255 3072/863/255 3069/732/255
f 3041/869/254 3042/868/254 3077/868/254 3078/869/254
f 3055/643/253 3056/726/253 3091/726/253 3092/643/253
f 3035/863/253 3036/724/253 3071/724/253 3072/863/253
f 3044/871/256 3041/869/256 3078/869/256 3079/871/256
f 3042/868/255 3043/870/255 3080/870/255 3077/868/255
f 3049/874/254 3050/873/254 3085/873/254 3086/874/254
f 3029/860/254 3030/859/254 3065/859/254 3066/860/254
f 3043/870/253 3044/871/253 3079/871/253 3080/870/253
f 3052/876/256 3049/874/256 3086/874/256 3087/876/256
f 3032/862/256 3029/860/256 3066/860/256 3067/862/256
f 3050/873/255 3051/875/255 3088/875/255 3085/873/255
f 3030/859/255 3031/861/255 3068/861/255 3065/859/255
f 3057/878/254 3058/877/254 3093/877/254 3094/878/254
f 3037/865/254 3038/864/254 3073/864/254 3074/865/254
f 3051/875/253 3052/876/253 3087/876/253 3088/875/253
f 3031/861/253 3032/862/253 3067/862/253 3068/861/253
f 3060/880/256 3057/878/256 3094/878/256 3095/880/256
f 3040/867/256 3037/865/256 3074/865/256 3075/867/256
f 3058/877/255 3059/879/255 3096/879/255 3093/877/255
f 3038/864/255 3039/866/255 3076/866/255 3073/864/255
f 3045/872/254 3046/734/254 3081/734/254 3082/872/254
f 3059/879/253 3060/880/253 3095/880/253 3096/879/253
f 3025/858/254 3026/733/254 3061/733/254 3062/858/254
f 3039/866/253 3040/867/253 3075/867/253 3076/866/253
f 3048/731/256 3045/872/256 3082/872/256 3083/731/256
f 3028/729/256 3025/858/256 3062/858/256 3063/729/256
f 3352/629/253 3129/630/253 3100/631/253 3226/632/253
f 3153/633/254 3106/634/254 3114/634/254 3185/633/254
f 3470/642/255 3471/643/255 3508/643/255 3505/642/255
f 3316/646/254 3246/647/254 3108/631/254 3161/648/254
f 3231/649/253 3102/634/253 3110/634/253 3251/650/253
f 3161/648/254 3108/631/254 3116/631/254 3193/648/254
f 3236/651/253 3104/631/253 3112/631/253 3256/647/253
f 3184/652/258 3109/653/258 3113/653/258 3200/652/258
f 3176/654/257 3111/655/257 3115/655/257 3192/654/257
f 3256/647/255 3112/631/255 3116/631/255 3266/656/255
f 3251/650/256 3110/634/256 3114/634/256 3261/649/256
f 3152/652/253 3101/653/253 3109/653/253 3184/652/253
f 3144/654/253 3103/655/253 3111/655/253 3176/654/253
f 3242/657/254 3107/655/254 3115/655/254 3262/658/254
f 3237/659/254 3105/653/254 3113/653/254 3257/660/254
f 3128/661/257 3098/655/257 3118/655/257 3201/661/257
f 3136/652/258 3099/653/258 3120/653/258 3209/662/258
f 3221/649/256 3097/634/256 3119/634/256 3267/649/256
f 3226/632/255 3100/631/255 3117/631/255 3272/632/255
f 3100/631/258 3129/630/258 3216/630/258 3117/631/258
f 3129/630/258 3130/663/258 3215/663/258 3216/630/258
f 3130/663/258 3131/664/258 3214/664/258 3215/663/258
f 3131/664/258 3132/665/258 3213/665/258 3214/664/258
f 3132/665/258 3133/666/258 3212/666/258 3213/665/258
f 3133/666/258 3134/667/258 3211/668/258 3212/666/258
f 3134/667/258 3135/669/258 3210/670/258 3211/668/258
f 3135/669/258 3136/652/258 3209/662/258 3210/670/258
f 3097/634/257 3121/671/257 3208/633/257 3119/634/257
f 3121/671/257 3122/672/257 3207/673/257 3208/633/257
f 3122/672/257 3123/674/257 3206/675/257 3207/673/257
f 3123/674/257 3124/676/257 3205/676/257 3206/675/257
f 3124/676/257 3125/677/257 3204/678/257 3205/676/257
f 3125/677/257 3126/679/257 3203/679/257 3204/678/257
f 3126/679/257 3127/680/257 3202/680/257 3203/679/257
f 3127/680/257 3128/661/257 3201/661/257 3202/680/257
f 3102/634/253 3137/633/253 3169/633/253 3110/634/253
f 3137/633/253 3138/672/253 3170/681/253 3169/633/253
f 3138/672/253 3139/675/253 3171/675/253 3170/681/253
f 3139/675/253 3140/676/253 3172/676/253 3171/675/253
f 3140/676/253 3141/677/253 3173/682/253 3172/676/253
f 3141/677/253 3142/679/253 3174/683/253 3173/682/253
f 3142/679/253 3143/680/253 3175/680/253 3174/683/253
f 3143/680/253 3144/654/253 3176/654/253 3175/680/253
f 3104/631/253 3145/648/253 3177/648/253 3112/631/253
f 3145/648/253 3146/663/253 3178/684/253 3177/648/253
f 3146/663/253 3147/685/253 3179/685/253 3178/684/253
f 3147/685/253 3148/665/253 3180/665/253 3179/685/253
f 3148/665/253 3149/666/253 3181/686/253 3180/665/253
f 3149/666/253 3150/687/253 3182/687/253 3181/686/253
f 3150/687/253 3151/669/253 3183/688/253 3182/687/253
f 3151/669/253 3152/652/253 3184/652/253 3183/688/253
f 3110/634/257 3169/633/257 3185/633/257 3114/634/257
f 3169/633/257 3170/681/257 3186/681/257 3185/633/257
f 3170/681/257 3171/675/257 3187/675/257 3186/681/257
f 3171/675/257 3172/676/257 3188/676/257 3187/675/257
f 3172/676/257 3173/682/257 3189/682/257 3188/676/257
f 3173/682/257 3174/683/257 3190/683/257 3189/682/257
f 3174/683/257 3175/680/257 3191/680/257 3190/683/257
f 3175/680/257 3176/654/257 3192/654/257 3191/680/257
f 3112/631/258 3177/648/258 3193/648/258 3116/631/258
f 3177/648/258 3178/684/258 3194/684/258 3193/648/258
f 3178/684/258 3179/685/258 3195/685/258 3194/684/258
f 3179/685/258 3180/665/258 3196/665/258 3195/685/258
f 3180/665/258 3181/686/258 3197/686/258 3196/665/258
f 3181/686/258 3182/687/258 3198/687/258 3197/686/258
f 3182/687/258 3183/688/258 3199/688/258 3198/687/258
f 3183/688/258 3184/652/258 3200/652/258 3199/688/258
f 3105/653/254 3168/652/254 3200/652/254 3113/653/254
f 3168/652/254 3167/669/254 3199/688/254 3200/652/254
f 3167/669/254 3166/667/254 3198/687/254 3199/688/254
f 3166/667/254 3165/689/254 3197/686/254 3198/687/254
f 3165/689/254 3164/690/254 3196/665/254 3197/686/254
f 3164/690/254 3163/685/254 3195/685/254 3196/665/254
f 3163/685/254 3162/663/254 3194/684/254 3195/685/254
f 3162/663/254 3161/648/254 3193/648/254 3194/684/254
f 3237/659/254 3281/691/254 3168/652/254 3105/653/254
f 3281/691/254 3286/692/254 3167/669/254 3168/652/254
f 3286/692/254 3291/693/254 3166/667/254 3167/669/254
f 3291/693/254 3296/694/254 3165/689/254 3166/667/254
f 3296/694/254 3301/695/254 3164/690/254 3165/689/254
f 3301/695/254 3306/696/254 3163/685/254 3164/690/254
f 3306/696/254 3311/697/254 3162/663/254 3163/685/254
f 3311/697/254 3316/646/254 3161/648/254 3162/663/254
f 3389/702/257 3390/703/257 3391/704/257 3392/702/257
f 3397/708/257 3398/709/257 3399/709/257 3400/710/257
f 3405/715/257 3406/716/257 3407/717/257 3408/718/257
f 3413/722/257 3414/723/257 3415/723/257 3416/722/257
f 3452/724/256 3449/725/256 3486/725/256 3487/724/256
f 3472/726/256 3469/727/256 3506/727/256 3507/726/256
f 3443/728/253 3444/729/253 3479/729/253 3480/728/253
f 3463/730/253 3464/731/253 3499/731/253 3500/730/253
f 3449/725/254 3450/732/254 3485/732/254 3486/725/254
f 3469/727/254 3470/642/254 3505/642/254 3506/727/254
f 3442/733/255 3443/728/255 3480/728/255 3477/733/255
f 3462/734/255 3463/730/255 3500/730/255 3497/734/255
f 3107/655/254 3160/661/254 3192/654/254 3115/655/254
f 3160/661/254 3159/680/254 3191/680/254 3192/654/254
f 3159/680/254 3158/683/254 3190/683/254 3191/680/254
f 3158/683/254 3157/678/254 3189/682/254 3190/683/254
f 3157/678/254 3156/676/254 3188/676/254 3189/682/254
f 3156/676/254 3155/675/254 3187/675/254 3188/676/254
f 3155/675/254 3154/672/254 3186/681/254 3187/675/254
f 3154/672/254 3153/633/254 3185/633/254 3186/681/254
f 3217/735/253 3099/653/253 3136/652/253 3317/691/253
f 3317/691/253 3136/652/253 3135/669/253 3322/692/253
f 3322/692/253 3135/669/253 3134/667/253 3327/736/253
f 3327/736/253 3134/667/253 3133/666/253 3332/737/253
f 3332/737/253 3133/666/253 3132/665/253 3337/738/253
f 3337/738/253 3132/665/253 3131/664/253 3342/739/253
f 3342/739/253 3131/664/253 3130/663/253 3347/697/253
f 3347/697/253 3130/663/253 3129/630/253 3352/629/253
f 3127/680/253 3351/740/253 3356/741/253 3128/661/253
f 3351/740/253 3350/742/253 3355/743/253 3356/741/253
f 3350/742/253 3349/744/253 3354/745/253 3355/743/253
f 3349/744/253 3348/746/253 3353/747/253 3354/745/253
f 3348/746/253 3347/697/253 3352/629/253 3353/747/253
f 3126/679/253 3346/748/253 3351/740/253 3127/680/253
f 3346/748/253 3345/749/253 3350/742/253 3351/740/253
f 3345/749/253 3344/750/253 3349/744/253 3350/742/253
f 3344/750/253 3343/751/253 3348/746/253 3349/744/253
f 3343/751/253 3342/739/253 3347/697/253 3348/746/253
f 3125/677/253 3341/752/253 3346/748/253 3126/679/253
f 3341/752/253 3340/753/253 3345/749/253 3346/748/253
f 3340/753/253 3339/754/253 3344/750/253 3345/749/253
f 3339/754/253 3338/755/253 3343/751/253 3344/750/253
f 3338/755/253 3337/738/253 3342/739/253 3343/751/253
f 3124/676/253 3336/756/253 3341/752/253 3125/677/253
f 3336/756/253 3335/757/253 3340/753/253 3341/752/253
f 3335/757/253 3334/758/253 3339/754/253 3340/753/253
f 3334/758/253 3333/759/253 3338/755/253 3339/754/253
f 3333/759/253 3332/737/253 3337/738/253 3338/755/253
f 3123/674/253 3331/760/253 3336/756/253 3124/676/253
f 3331/760/253 3330/761/253 3335/757/253 3336/756/253
f 3330/761/253 3329/762/253 3334/758/253 3335/757/253
f 3329/762/253 3328/763/253 3333/759/253 3334/758/253
f 3328/763/253 3327/736/253 3332/737/253 3333/759/253
f 3122/672/253 3326/764/253 3331/760/253 3123/674/253
f 3326/764/253 3325/765/253 3330/761/253 3331/760/253
f 3325/765/253 3324/766/253 3329/762/253 3330/761/253
f 3324/766/253 3323/767/253 3328/763/253 3329/762/253
f 3323/767/253 3322/692/253 3327/736/253 3328/763/253
f 3121/671/253 3321/768/253 3326/764/253 3122/672/253
f 3321/768/253 3320/769/253 3325/765/253 3326/764/253
f 3320/769/253 3319/770/253 3324/766/253 3325/765/253
f 3319/770/253 3318/771/253 3323/767/253 3324/766/253
f 3318/771/253 3317/691/253 3322/692/253 3323/767/253
f 3097/634/253 3221/649/253 3321/768/253 3121/671/253
f 3221/649/253 3220/772/253 3320/769/253 3321/768/253
f 3220/772/253 3219/773/253 3319/770/253 3320/769/253
f 3219/773/253 3218/774/253 3318/771/253 3319/770/253
f 3218/774/253 3217/735/253 3317/691/253 3318/771/253
f 3159/680/254 3160/661/254 3312/775/254 3307/776/254
f 3307/776/254 3312/775/254 3313/777/254 3308/778/254
f 3308/778/254 3313/777/254 3314/779/254 3309/744/254
f 3309/744/254 3314/779/254 3315/780/254 3310/781/254
f 3310/781/254 3315/780/254 3316/646/254 3311/697/254
f 3158/683/254 3159/680/254 3307/776/254 3302/782/254
f 3302/782/254 3307/776/254 3308/778/254 3303/783/254
f 3303/783/254 3308/778/254 3309/744/254 3304/784/254
f 3304/784/254 3309/744/254 3310/781/254 3305/785/254
f 3305/785/254 3310/781/254 3311/697/254 3306/696/254
f 3157/678/254 3158/683/254 3302/782/254 3297/786/254
f 3297/786/254 3302/782/254 3303/783/254 3298/787/254
f 3298/787/254 3303/783/254 3304/784/254 3299/754/254
f 3299/754/254 3304/784/254 3305/785/254 3300/788/254
f 3300/788/254 3305/785/254 3306/696/254 3301/695/254
f 3156/676/254 3157/678/254 3297/786/254 3292/789/254
f 3292/789/254 3297/786/254 3298/787/254 3293/790/254
f 3293/790/254 3298/787/254 3299/754/254 3294/791/254
f 3294/791/254 3299/754/254 3300/788/254 3295/792/254
f 3295/792/254 3300/788/254 3301/695/254 3296/694/254
f 3155/675/254 3156/676/254 3292/789/254 3287/793/254
f 3287/793/254 3292/789/254 3293/790/254 3288/794/254
f 3288/794/254 3293/790/254 3294/791/254 3289/795/254
f 3289/795/254 3294/791/254 3295/792/254 3290/796/254
f 3290/796/254 3295/792/254 3296/694/254 3291/693/254
f 3154/672/254 3155/675/254 3287/793/254 3282/797/254
f 3282/797/254 3287/793/254 3288/794/254 3283/798/254
f 3283/798/254 3288/794/254 3289/795/254 3284/766/254
f 3284/766/254 3289/795/254 3290/796/254 3285/799/254
f 3285/799/254 3290/796/254 3291/693/254 3286/692/254
f 3153/633/254 3154/672/254 3282/797/254 3277/800/254
f 3277/800/254 3282/797/254 3283/798/254 3278/801/254
f 3278/801/254 3283/798/254 3284/766/254 3279/770/254
f 3279/770/254 3284/766/254 3285/799/254 3280/802/254
f 3280/802/254 3285/799/254 3286/692/254 3281/691/254
f 3106/634/254 3153/633/254 3277/800/254 3241/803/254
f 3241/803/254 3277/800/254 3278/801/254 3240/804/254
f 3240/804/254 3278/801/254 3279/770/254 3239/805/254
f 3239/805/254 3279/770/254 3280/802/254 3238/806/254
f 3238/806/254 3280/802/254 3281/691/254 3237/659/254
f 3098/655/255 3222/807/255 3276/808/255 3118/655/255
f 3222/807/255 3223/809/255 3275/810/255 3276/808/255
f 3223/809/255 3224/811/255 3274/811/255 3275/810/255
f 3224/811/255 3225/812/255 3273/813/255 3274/811/255
f 3225/812/255 3226/632/255 3272/632/255 3273/813/255
f 3099/653/256 3217/735/256 3271/659/256 3120/653/256
f 3217/735/256 3218/774/256 3270/806/256 3271/659/256
f 3218/774/256 3219/773/256 3269/805/256 3270/806/256
f 3219/773/256 3220/772/256 3268/814/256 3269/805/256
f 3220/772/256 3221/649/256 3267/649/256 3268/814/256
f 3106/634/254 3241/803/254 3261/649/254 3114/634/254
f 3241/803/254 3240/804/254 3260/772/254 3261/649/254
f 3240/804/254 3239/805/254 3259/773/254 3260/772/254
f 3239/805/254 3238/806/254 3258/774/254 3259/773/254
f 3238/806/254 3237/659/254 3257/660/254 3258/774/254
f 3108/631/254 3246/647/254 3266/656/254 3116/631/254
f 3246/647/254 3245/815/254 3265/815/254 3266/656/254
f 3245/815/254 3244/816/254 3264/816/254 3265/815/254
f 3244/816/254 3243/817/254 3263/817/254 3264/816/254
f 3243/817/254 3242/657/254 3262/658/254 3263/817/254
f 3109/653/256 3247/659/256 3257/660/256 3113/653/256
f 3247/659/256 3248/818/256 3258/774/256 3257/660/256
f 3248/818/256 3249/773/256 3259/773/256 3258/774/256
f 3249/773/256 3250/772/256 3260/772/256 3259/773/256
f 3250/772/256 3251/650/256 3261/649/256 3260/772/256
f 3111/655/255 3252/657/255 3262/658/255 3115/655/255
f 3252/657/255 3253/819/255 3263/817/255 3262/658/255
f 3253/819/255 3254/816/255 3264/816/255 3263/817/255
f 3254/816/255 3255/815/255 3265/815/255 3264/816/255
f 3255/815/255 3256/647/255 3266/656/255 3265/815/255
f 3103/655/253 3232/820/253 3252/657/253 3111/655/253
f 3232/820/253 3233/819/253 3253/819/253 3252/657/253
f 3233/819/253 3234/816/253 3254/816/253 3253/819/253
f 3234/816/253 3235/815/253 3255/815/253 3254/816/253
f 3235/815/253 3236/651/253 3256/647/253 3255/815/253
f 3101/653/253 3227/660/253 3247/659/253 3109/653/253
f 3227/660/253 3228/818/253 3248/818/253 3247/659/253
f 3228/818/253 3229/773/253 3249/773/253 3248/818/253
f 3229/773/253 3230/772/253 3250/772/253 3249/773/253
f 3230/772/253 3231/649/253 3251/650/253 3250/772/253
f 3160/661/254 3107/655/254 3242/657/254 3312/775/254
f 3312/775/254 3242/657/254 3243/817/254 3313/777/254
f 3313/777/254 3243/817/254 3244/816/254 3314/779/254
f 3314/779/254 3244/816/254 3245/815/254 3315/780/254
f 3315/780/254 3245/815/254 3246/647/254 3316/646/254
f 3425/825/256 3426/826/256 3427/827/256 3428/828/256
f 3437/836/256 3438/837/256 3439/837/256 3440/838/256
f 3369/847/255 3370/848/255 3371/849/255 3372/850/255
f 3377/854/255 3378/855/255 3379/856/255 3380/857/255
f 3128/661/253 3356/741/253 3222/807/253 3098/655/253
f 3356/741/253 3355/743/253 3223/809/253 3222/807/253
f 3355/743/253 3354/745/253 3224/811/253 3223/809/253
f 3354/745/253 3353/747/253 3225/812/253 3224/811/253
f 3353/747/253 3352/629/253 3226/632/253 3225/812/253
f 3272/632/255 3117/631/255 3358/636/255 3357/635/255
f 3117/631/255 3104/631/255 3359/636/255 3358/636/255
f 3104/631/255 3236/651/255 3360/637/255 3359/636/255
f 3236/651/255 3272/632/255 3357/635/255 3360/637/255
f 3118/655/255 3276/808/255 3362/840/255 3361/839/255
f 3276/808/255 3232/820/255 3363/841/255 3362/840/255
f 3232/820/255 3103/655/255 3364/842/255 3363/841/255
f 3103/655/255 3118/655/255 3361/839/255 3364/842/255
f 3276/808/255 3275/810/255 3366/844/255 3365/843/255
f 3275/810/255 3233/819/255 3367/845/255 3366/844/255
f 3233/819/255 3232/820/255 3368/846/255 3367/845/255
f 3232/820/255 3276/808/255 3365/843/255 3368/846/255
f 3275/810/255 3274/811/255 3370/848/255 3369/847/255
f 3274/811/255 3234/816/255 3371/849/255 3370/848/255
f 3234/816/255 3233/819/255 3372/850/255 3371/849/255
f 3233/819/255 3275/810/255 3369/847/255 3372/850/255
f 3274/811/255 3273/813/255 3374/852/255 3373/851/255
f 3273/813/255 3235/815/255 3375/852/255 3374/852/255
f 3235/815/255 3234/816/255 3376/853/255 3375/852/255
f 3234/816/255 3274/811/255 3373/851/255 3376/853/255
f 3273/813/255 3272/632/255 3378/855/255 3377/854/255
f 3272/632/255 3236/651/255 3379/856/255 3378/855/255
f 3236/651/255 3235/815/255 3380/857/255 3379/856/255
f 3235/815/255 3273/813/255 3377/854/255 3380/857/255
f 3201/661/257 3118/655/257 3382/645/257 3381/644/257
f 3118/655/257 3103/655/257 3383/645/257 3382/645/257
f 3103/655/257 3144/654/257 3384/644/257 3383/645/257
f 3144/654/257 3201/661/257 3381/644/257 3384/644/257
f 3119/634/257 3208/633/257 3386/699/257 3385/698/257
f 3208/633/257 3137/633/257 3387/700/257 3386/699/257
f 3137/633/257 3102/634/257 3388/701/257 3387/700/257
f 3102/634/257 3119/634/257 3385/698/257 3388/701/257
f 3208/633/257 3207/673/257 3390/703/257 3389/702/257
f 3207/673/257 3138/672/257 3391/704/257 3390/703/257
f 3138/672/257 3137/633/257 3392/702/257 3391/704/257
f 3137/633/257 3208/633/257 3389/702/257 3392/702/257
f 3207/673/257 3206/675/257 3394/706/257 3393/705/257
f 3206/675/257 3139/675/257 3395/707/257 3394/706/257
f 3139/675/257 3138/672/257 3396/705/257 3395/707/257
f 3138/672/257 3207/673/257 3393/705/257 3396/705/257
f 3206/675/257 3205/676/257 3398/709/257 3397/708/257
f 3205/676/257 3140/676/257 3399/709/257 3398/709/257
f 3140/676/257 3139/675/257 3400/710/257 3399/709/257
f 3139/675/257 3206/675/257 3397/708/257 3400/710/257
f 3205/676/257 3204/678/257 3402/712/257 3401/711/257
f 3204/678/257 3141/677/257 3403/713/257 3402/712/257
f 3141/677/257 3140/676/257 3404/714/257 3403/713/257
f 3140/676/257 3205/676/257 3401/711/257 3404/714/257
f 3204/678/257 3203/679/257 3406/716/257 3405/715/257
f 3203/679/257 3142/679/257 3407/717/257 3406/716/257
f 3142/679/257 3141/677/257 3408/718/257 3407/717/257
f 3141/677/257 3204/678/257 3405/715/257 3408/718/257
f 3203/679/257 3202/680/257 3410/720/257 3409/719/257
f 3202/680/257 3143/680/257 3411/720/257 3410/720/257
f 3143/680/257 3142/679/257 3412/721/257 3411/720/257
f 3142/679/257 3203/679/257 3409/719/257 3412/721/257
f 3202/680/257 3201/661/257 3414/723/257 3413/722/257
f 3201/661/257 3144/654/257 3415/723/257 3414/723/257
f 3144/654/257 3143/680/257 3416/722/257 3415/723/257
f 3143/680/257 3202/680/257 3413/722/257 3416/722/257
f 3267/649/256 3119/634/256 3418/639/256 3417/638/256
f 3119/634/256 3102/634/256 3419/640/256 3418/639/256
f 3102/634/256 3231/649/256 3420/641/256 3419/640/256
f 3231/649/256 3267/649/256 3417/638/256 3420/641/256
f 3120/653/256 3271/659/256 3422/822/256 3421/821/256
f 3271/659/256 3227/660/256 3423/823/256 3422/822/256
f 3227/660/256 3101/653/256 3424/824/256 3423/823/256
f 3101/653/256 3120/653/256 3421/821/256 3424/824/256
f 3271/659/256 3270/806/256 3426/826/256 3425/825/256
f 3270/806/256 3228/818/256 3427/827/256 3426/826/256
f 3228/818/256 3227/660/256 3428/828/256 3427/827/256
f 3227/660/256 3271/659/256 3425/825/256 3428/828/256
f 3270/806/256 3269/805/256 3430/830/256 3429/829/256
f 3269/805/256 3229/773/256 3431/830/256 3430/830/256
f 3229/773/256 3228/818/256 3432/831/256 3431/830/256
f 3228/818/256 3270/806/256 3429/829/256 3432/831/256
f 3269/805/256 3268/814/256 3434/833/256 3433/832/256
f 3268/814/256 3230/772/256 3435/834/256 3434/833/256
f 3230/772/256 3229/773/256 3436/835/256 3435/834/256
f 3229/773/256 3269/805/256 3433/832/256 3436/835/256
f 3268/814/256 3267/649/256 3438/837/256 3437/836/256
f 3267/649/256 3231/649/256 3439/837/256 3438/837/256
f 3231/649/256 3230/772/256 3440/838/256 3439/837/256
f 3230/772/256 3268/814/256 3437/836/256 3440/838/256
f 3209/662/258 3120/653/258 3442/733/258 3441/858/258
f 3120/653/258 3101/653/258 3443/728/258 3442/733/258
f 3101/653/258 3152/652/258 3444/729/258 3443/728/258
f 3152/652/258 3209/662/258 3441/858/258 3444/729/258
f 3117/631/258 3216/630/258 3446/859/258 3445/860/258
f 3216/630/258 3145/648/258 3447/861/258 3446/859/258
f 3145/648/258 3104/631/258 3448/862/258 3447/861/258
f 3104/631/258 3117/631/258 3445/860/258 3448/862/258
f 3216/630/258 3215/663/258 3450/732/258 3449/725/258
f 3215/663/258 3146/663/258 3451/863/258 3450/732/258
f 3146/663/258 3145/648/258 3452/724/258 3451/863/258
f 3145/648/258 3216/630/258 3449/725/258 3452/724/258
f 3215/663/258 3214/664/258 3454/864/258 3453/865/258
f 3214/664/258 3147/685/258 3455/866/258 3454/864/258
f 3147/685/258 3146/663/258 3456/867/258 3455/866/258
f 3146/663/258 3215/663/258 3453/865/258 3456/867/258
f 3214/664/258 3213/665/258 3458/868/258 3457/869/258
f 3213/665/258 3148/665/258 3459/870/258 3458/868/258
f 3148/665/258 3147/685/258 3460/871/258 3459/870/258
f 3147/685/258 3214/664/258 3457/869/258 3460/871/258
f 3213/665/258 3212/666/258 3462/734/258 3461/872/258
f 3212/666/258 3149/666/258 3463/730/258 3462/734/258
f 3149/666/258 3148/665/258 3464/731/258 3463/730/258
f 3148/665/258 3213/665/258 3461/872/258 3464/731/258
f 3212/666/258 3211/668/258 3466/873/258 3465/874/258
f 3211/668/258 3150/687/258 3467/875/258 3466/873/258
f 3150/687/258 3149/666/258 3468/876/258 3467/875/258
f 3149/666/258 3212/666/258 3465/874/258 3468/876/258
f 3211/668/258 3210/670/258 3470/642/258 3469/727/258
f 3210/670/258 3151/669/258 3471/643/258 3470/642/258
f 3151/669/258 3150/687/258 3472/726/258 3471/643/258
f 3150/687/258 3211/668/258 3469/727/258 3472/726/258
f 3210/670/258 3209/662/258 3474/877/258 3473/878/258
f 3209/662/258 3152/652/258 3475/879/258 3474/877/258
f 3152/652/258 3151/669/258 3476/880/258 3475/879/258
f 3151/669/258 3210/670/258 3473/878/258 3476/880/258
f 3490/865/258 3489/864/258 3492/866/258 3491/867/258
f 3498/872/258 3497/734/258 3500/730/258 3499/731/258
f 3506/727/258 3505/642/258 3508/643/258 3507/726/258
f 3450/732/255 3451/863/255 3488/863/255 3485/732/255
f 3457/869/254 3458/868/254 3493/868/254 3494/869/254
f 3471/643/253 3472/726/253 3507/726/253 3508/643/253
f 3451/863/253 3452/724/253 3487/724/253 3488/863/253
f 3460/871/256 3457/869/256 3494/869/256 3495/871/256
f 3458/868/255 3459/870/255 3496/870/255 3493/868/255
f 3465/874/254 3466/873/254 3501/873/254 3502/874/254
f 3445/860/254 3446/859/254 3481/859/254 3482/860/254
f 3459/870/253 3460/871/253 3495/871/253 3496/870/253
f 3468/876/256 3465/874/256 3502/874/256 3503/876/256
f 3448/862/256 3445/860/256 3482/860/256 3483/862/256
f 3466/873/255 3467/875/255 3504/875/255 3501/873/255
f 3446/859/255 3447/861/255 3484/861/255 3481/859/255
f 3473/878/254 3474/877/254 3509/877/254 3510/878/254
f 3453/865/254 3454/864/254 3489/864/254 3490/865/254
f 3467/875/253 3468/876/253 3503/876/253 3504/875/253
f 3447/861/253 3448/862/253 3483/862/253 3484/861/253
f 3476/880/256 3473/878/256 3510/878/256 3511/880/256
f 3456/867/256 3453/865/256 3490/865/256 3491/867/256
f 3474/877/255 3475/879/255 3512/879/255 3509/877/255
f 3454/864/255 3455/866/255 3492/866/255 3489/864/255
f 3461/872/254 3462/734/254 3497/734/254 3498/872/254
f 3475/879/253 3476/880/253 3511/880/253 3512/879/253
f 3441/858/254 3442/733/254 3477/733/254 3478/858/254
f 3455/866/253 3456/867/253 3491/867/253 3492/866/253
f 3464/731/256 3461/872/256 3498/872/256 3499/731/256
f 3444/729/256 3441/858/256 3478/858/256 3479/729/256
f 3768/629/253 3545/630/253 3516/631/253 3642/632/253
f 3569/633/254 3522/634/254 3530/634/254 3601/633/254
f 3886/642/255 3887/643/255 3924/643/255 3921/642/255
f 3732/646/254 3662/647/254 3524/631/254 3577/648/254
f 3647/649/253 3518/634/253 3526/634/253 3667/650/253
f 3577/648/254 3524/631/254 3532/631/254 3609/648/254
f 3652/651/253 3520/631/253 3528/631/253 3672/647/253
f 3600/652/258 3525/653/258 3529/653/258 3616/652/258
f 3592/654/257 3527/655/257 3531/655/257 3608/654/257
f 3672/647/255 3528/631/255 3532/631/255 3682/656/255
f 3667/650/256 3526/634/256 3530/634/256 3677/649/256
f 3568/652/253 3517/653/253 3525/653/253 3600/652/253
f 3560/654/253 3519/655/253 3527/655/253 3592/654/253
f 3658/657/254 3523/655/254 3531/655/254 3678/658/254
f 3653/659/254 3521/653/254 3529/653/254 3673/660/254
f 3544/661/257 3514/655/257 3534/655/257 3617/661/257
f 3552/652/258 3515/653/258 3536/653/258 3625/662/258
f 3637/649/256 3513/634/256 3535/634/256 3683/649/256
f 3642/632/255 3516/631/255 3533/631/255 3688/632/255
f 3516/631/258 3545/630/258 3632/630/258 3533/631/258
f 3545/630/258 3546/663/258 3631/663/258 3632/630/258
f 3546/663/258 3547/664/258 3630/664/258 3631/663/258
f 3547/664/258 3548/665/258 3629/665/258 3630/664/258
f 3548/665/258 3549/666/258 3628/666/258 3629/665/258
f 3549/666/258 3550/667/258 3627/668/258 3628/666/258
f 3550/667/258 3551/669/258 3626/670/258 3627/668/258
f 3551/669/258 3552/652/258 3625/662/258 3626/670/258
f 3513/634/257 3537/671/257 3624/633/257 3535/634/257
f 3537/671/257 3538/672/257 3623/673/257 3624/633/257
f 3538/672/257 3539/674/257 3622/675/257 3623/673/257
f 3539/674/257 3540/676/257 3621/676/257 3622/675/257
f 3540/676/257 3541/677/257 3620/678/257 3621/676/257
f 3541/677/257 3542/679/257 3619/679/257 3620/678/257
f 3542/679/257 3543/680/257 3618/680/257 3619/679/257
f 3543/680/257 3544/661/257 3617/661/257 3618/680/257
f 3518/634/253 3553/633/253 3585/633/253 3526/634/253
f 3553/633/253 3554/672/253 3586/681/253 3585/633/253
f 3554/672/253 3555/675/253 3587/675/253 3586/681/253
f 3555/675/253 3556/676/253 3588/676/253 3587/675/253
f 3556/676/253 3557/677/253 3589/682/253 3588/676/253
f 3557/677/253 3558/679/253 3590/683/253 3589/682/253
f 3558/679/253 3559/680/253 3591/680/253 3590/683/253
f 3559/680/253 3560/654/253 3592/654/253 3591/680/253
f 3520/631/253 3561/648/253 3593/648/253 3528/631/253
f 3561/648/253 3562/663/253 3594/684/253 3593/648/253
f 3562/663/253 3563/685/253 3595/685/253 3594/684/253
f 3563/685/253 3564/665/253 3596/665/253 3595/685/253
f 3564/665/253 3565/666/253 3597/686/253 3596/665/253
f 3565/666/253 3566/687/253 3598/687/253 3597/686/253
f 3566/687/253 3567/669/253 3599/688/253 3598/687/253
f 3567/669/253 3568/652/253 3600/652/253 3599/688/253
f 3526/634/257 3585/633/257 3601/633/257 3530/634/257
f 3585/633/257 3586/681/257 3602/681/257 3601/633/257
f 3586/681/257 3587/675/257 3603/675/257 3602/681/257
f 3587/675/257 3588/676/257 3604/676/257 3603/675/257
f 3588/676/257 3589/682/257 3605/682/257 3604/676/257
f 3589/682/257 3590/683/257 3606/683/257 3605/682/257
f 3590/683/257 3591/680/257 3607/680/257 3606/683/257
f 3591/680/257 3592/654/257 3608/654/257 3607/680/257
f 3528/631/258 3593/648/258 3609/648/258 3532/631/258
f 3593/648/258 3594/684/258 3610/684/258 3609/648/258
f 3594/684/258 3595/685/258 3611/685/258 3610/684/258
f 3595/685/258 3596/665/258 3612/665/258 3611/685/258
f 3596/665/258 3597/686/258 3613/686/258 3612/665/258
f 3597/686/258 3598/687/258 3614/687/258 3613/686/258
f 3598/687/258 3599/688/258 3615/688/258 3614/687/258
f 3599/688/258 3600/652/258 3616/652/258 3615/688/258
f 3521/653/254 3584/652/254 3616/652/254 3529/653/254
f 3584/652/254 3583/669/254 3615/688/254 3616/652/254
f 3583/669/254 3582/667/254 3614/687/254 3615/688/254
f 3582/667/254 3581/689/254 3613/686/254 3614/687/254
f 3581/689/254 3580/690/254 3612/665/254 3613/686/254
f 3580/690/254 3579/685/254 3611/685/254 3612/665/254
f 3579/685/254 3578/663/254 3610/684/254 3611/685/254
f 3578/663/254 3577/648/254 3609/648/254 3610/684/254
f 3653/659/254 3697/691/254 3584/652/254 3521/653/254
f 3697/691/254 3702/692/254 3583/669/254 3584/652/254
f 3702/692/254 3707/693/254 3582/667/254 3583/669/254
f 3707/693/254 3712/694/254 3581/689/254 3582/667/254
f 3712/694/254 3717/695/254 3580/690/254 3581/689/254
f 3717/695/254 3722/696/254 3579/685/254 3580/690/254
f 3722/696/254 3727/697/254 3578/663/254 3579/685/254
f 3727/697/254 3732/646/254 3577/648/254 3578/663/254
f 3805/702/257 3806/703/257 3807/704/257 3808/702/257
f 3813/708/257 3814/709/257 3815/709/257 3816/710/257
f 3821/715/257 3822/716/257 3823/717/257 3824/718/257
f 3829/722/257 3830/723/257 3831/723/257 3832/722/257
f 3868/724/256 3865/725/256 3902/725/256 3903/724/256
f 3888/726/256 3885/727/256 3922/727/256 3923/726/256
f 3859/728/253 3860/729/253 3895/729/253 3896/728/253
f 3879/730/253 3880/731/253 3915/731/253 3916/730/253
f 3865/725/254 3866/732/254 3901/732/254 3902/725/254
f 3885/727/254 3886/642/254 3921/642/254 3922/727/254
f 3858/733/255 3859/728/255 3896/728/255 3893/733/255
f 3878/734/255 3879/730/255 3916/730/255 3913/734/255
f 3523/655/254 3576/661/254 3608/654/254 3531/655/254
f 3576/661/254 3575/680/254 3607/680/254 3608/654/254
f 3575/680/254 3574/683/254 3606/683/254 3607/680/254
f 3574/683/254 3573/678/254 3605/682/254 3606/683/254
f 3573/678/254 3572/676/254 3604/676/254 3605/682/254
f 3572/676/254 3571/675/254 3603/675/254 3604/676/254
f 3571/675/254 3570/672/254 3602/681/254 3603/675/254
f 3570/672/254 3569/633/254 3601/633/254 3602/681/254
f 3633/735/253 3515/653/253 3552/652/253 3733/691/253
f 3733/691/253 3552/652/253 3551/669/253 3738/692/253
f 3738/692/253 3551/669/253 3550/667/253 3743/736/253
f 3743/736/253 3550/667/253 3549/666/253 3748/737/253
f 3748/737/253 3549/666/253 3548/665/253 3753/738/253
f 3753/738/253 3548/665/253 3547/664/253 3758/739/253
f 3758/739/253 3547/664/253 3546/663/253 3763/697/253
f 3763/697/253 3546/663/253 3545/630/253 3768/629/253
f 3543/680/253 3767/740/253 3772/741/253 3544/661/253
f 3767/740/253 3766/742/253 3771/743/253 3772/741/253
f 3766/742/253 3765/744/253 3770/745/253 3771/743/253
f 3765/744/253 3764/746/253 3769/747/253 3770/745/253
f 3764/746/253 3763/697/253 3768/629/253 3769/747/253
f 3542/679/253 3762/748/253 3767/740/253 3543/680/253
f 3762/748/253 3761/749/253 3766/742/253 3767/740/253
f 3761/749/253 3760/750/253 3765/744/253 3766/742/253
f 3760/750/253 3759/751/253 3764/746/253 3765/744/253
f 3759/751/253 3758/739/253 3763/697/253 3764/746/253
f 3541/677/253 3757/752/253 3762/748/253 3542/679/253
f 3757/752/253 3756/753/253 3761/749/253 3762/748/253
f 3756/753/253 3755/754/253 3760/750/253 3761/749/253
f 3755/754/253 3754/755/253 3759/751/253 3760/750/253
f 3754/755/253 3753/738/253 3758/739/253 3759/751/253
f 3540/676/253 3752/756/253 3757/752/253 3541/677/253
f 3752/756/253 3751/757/253 3756/753/253 3757/752/253
f 3751/757/253 3750/758/253 3755/754/253 3756/753/253
f 3750/758/253 3749/759/253 3754/755/253 3755/754/253
f 3749/759/253 3748/737/253 3753/738/253 3754/755/253
f 3539/674/253 3747/760/253 3752/756/253 3540/676/253
f 3747/760/253 3746/761/253 3751/757/253 3752/756/253
f 3746/761/253 3745/762/253 3750/758/253 3751/757/253
f 3745/762/253 3744/763/253 3749/759/253 3750/758/253
f 3744/763/253 3743/736/253 3748/737/253 3749/759/253
f 3538/672/253 3742/764/253 3747/760/253 3539/674/253
f 3742/764/253 3741/765/253 3746/761/253 3747/760/253
f 3741/765/253 3740/766/253 3745/762/253 3746/761/253
f 3740/766/253 3739/767/253 3744/763/253 3745/762/253
f 3739/767/253 3738/692/253 3743/736/253 3744/763/253
f 3537/671/253 3737/768/253 3742/764/253 3538/672/253
f 3737/768/253 3736/769/253 3741/765/253 3742/764/253
f 3736/769/253 3735/770/253 3740/766/253 3741/765/253
f 3735/770/253 3734/771/253 3739/767/253 3740/766/253
f 3734/771/253 3733/691/253 3738/692/253 3739/767/253
f 3513/634/253 3637/649/253 3737/768/253 3537/671/253
f 3637/649/253 3636/772/253 3736/769/253 3737/768/253
f 3636/772/253 3635/773/253 3735/770/253 3736/769/253
f 3635/773/253 3634/774/253 3734/771/253 3735/770/253
f 3634/774/253 3633/735/253 3733/691/253 3734/771/253
f 3575/680/254 3576/661/254 3728/775/254 3723/776/254
f 3723/776/254 3728/775/254 3729/777/254 3724/778/254
f 3724/778/254 3729/777/254 3730/779/254 3725/744/254
f 3725/744/254 3730/779/254 3731/780/254 3726/781/254
f 3726/781/254 3731/780/254 3732/646/254 3727/697/254
f 3574/683/254 3575/680/254 3723/776/254 3718/782/254
f 3718/782/254 3723/776/254 3724/778/254 3719/783/254
f 3719/783/254 3724/778/254 3725/744/254 3720/784/254
f 3720/784/254 3725/744/254 3726/781/254 3721/785/254
f 3721/785/254 3726/781/254 3727/697/254 3722/696/254
f 3573/678/254 3574/683/254 3718/782/254 3713/786/254
f 3713/786/254 3718/782/254 3719/783/254 3714/787/254
f 3714/787/254 3719/783/254 3720/784/254 3715/754/254
f 3715/754/254 3720/784/254 3721/785/254 3716/788/254
f 3716/788/254 3721/785/254 3722/696/254 3717/695/254
f 3572/676/254 3573/678/254 3713/786/254 3708/789/254
f 3708/789/254 3713/786/254 3714/787/254 3709/790/254
f 3709/790/254 3714/787/254 3715/754/254 3710/791/254
f 3710/791/254 3715/754/254 3716/788/254 3711/792/254
f 3711/792/254 3716/788/254 3717/695/254 3712/694/254
f 3571/675/254 3572/676/254 3708/789/254 3703/793/254
f 3703/793/254 3708/789/254 3709/790/254 3704/794/254
f 3704/794/254 3709/790/254 3710/791/254 3705/795/254
f 3705/795/254 3710/791/254 3711/792/254 3706/796/254
f 3706/796/254 3711/792/254 3712/694/254 3707/693/254
f 3570/672/254 3571/675/254 3703/793/254 3698/797/254
f 3698/797/254 3703/793/254 3704/794/254 3699/798/254
f 3699/798/254 3704/794/254 3705/795/254 3700/766/254
f 3700/766/254 3705/795/254 3706/796/254 3701/799/254
f 3701/799/254 3706/796/254 3707/693/254 3702/692/254
f 3569/633/254 3570/672/254 3698/797/254 3693/800/254
f 3693/800/254 3698/797/254 3699/798/254 3694/801/254
f 3694/801/254 3699/798/254 3700/766/254 3695/770/254
f 3695/770/254 3700/766/254 3701/799/254 3696/802/254
f 3696/802/254 3701/799/254 3702/692/254 3697/691/254
f 3522/634/254 3569/633/254 3693/800/254 3657/803/254
f 3657/803/254 3693/800/254 3694/801/254 3656/804/254
f 3656/804/254 3694/801/254 3695/770/254 3655/805/254
f 3655/805/254 3695/770/254 3696/802/254 3654/806/254
f 3654/806/254 3696/802/254 3697/691/254 3653/659/254
f 3514/655/255 3638/807/255 3692/808/255 3534/655/255
f 3638/807/255 3639/809/255 3691/810/255 3692/808/255
f 3639/809/255 3640/811/255 3690/811/255 3691/810/255
f 3640/811/255 3641/812/255 3689/813/255 3690/811/255
f 3641/812/255 3642/632/255 3688/632/255 3689/813/255
f 3515/653/256 3633/735/256 3687/659/256 3536/653/256
f 3633/735/256 3634/774/256 3686/806/256 3687/659/256
f 3634/774/256 3635/773/256 3685/805/256 3686/806/256
f 3635/773/256 3636/772/256 3684/814/256 3685/805/256
f 3636/772/256 3637/649/256 3683/649/256 3684/814/256
f 3522/634/254 3657/803/254 3677/649/254 3530/634/254
f 3657/803/254 3656/804/254 3676/772/254 3677/649/254
f 3656/804/254 3655/805/254 3675/773/254 3676/772/254
f 3655/805/254 3654/806/254 3674/774/254 3675/773/254
f 3654/806/254 3653/659/254 3673/660/254 3674/774/254
f 3524/631/254 3662/647/254 3682/656/254 3532/631/254
f 3662/647/254 3661/815/254 3681/815/254 3682/656/254
f 3661/815/254 3660/816/254 3680/816/254 3681/815/254
f 3660/816/254 3659/817/254 3679/817/254 3680/816/254
f 3659/817/254 3658/657/254 3678/658/254 3679/817/254
f 3525/653/256 3663/659/256 3673/660/256 3529/653/256
f 3663/659/256 3664/818/256 3674/774/256 3673/660/256
f 3664/818/256 3665/773/256 3675/773/256 3674/774/256
f 3665/773/256 3666/772/256 3676/772/256 3675/773/256
f 3666/772/256 3667/650/256 3677/649/256 3676/772/256
f 3527/655/255 3668/657/255 3678/658/255 3531/655/255
f 3668/657/255 3669/819/255 3679/817/255 3678/658/255
f 3669/819/255 3670/816/255 3680/816/255 3679/817/255
f 3670/816/255 3671/815/255 3681/815/255 3680/816/255
f 3671/815/255 3672/647/255 3682/656/255 3681/815/255
f 3519/655/253 3648/820/253 3668/657/253 3527/655/253
f 3648/820/253 3649/819/253 3669/819/253 3668/657/253
f 3649/819/253 3650/816/253 3670/816/253 3669/819/253
f 3650/816/253 3651/815/253 3671/815/253 3670/816/253
f 3651/815/253 3652/651/253 3672/647/253 3671/815/253
f 3517/653/253 3643/660/253 3663/659/253 3525/653/253
f 3643/660/253 3644/818/253 3664/818/253 3663/659/253
f 3644/818/253 3645/773/253 3665/773/253 3664/818/253
f 3645/773/253 3646/772/253 3666/772/253 3665/773/253
f 3646/772/253 3647/649/253 3667/650/253 3666/772/253
f 3576/661/254 3523/655/254 3658/657/254 3728/775/254
f 3728/775/254 3658/657/254 3659/817/254 3729/777/254
f 3729/777/254 3659/817/254 3660/816/254 3730/779/254
f 3730/779/254 3660/816/254 3661/815/254 3731/780/254
f 3731/780/254 3661/815/254 3662/647/254 3732/646/254
f 3841/825/256 3842/826/256 3843/827/256 3844/828/256
f 3853/836/256 3854/837/256 3855/837/256 3856/838/256
f 3785/847/255 3786/848/255 3787/849/255 3788/850/255
f 3793/854/255 3794/855/255 3795/856/255 3796/857/255
f 3544/661/253 3772/741/253 3638/807/253 3514/655/253
f 3772/741/253 3771/743/253 3639/809/253 3638/807/253
f 3771/743/253 3770/745/253 3640/811/253 3639/809/253
f 3770/745/253 3769/747/253 3641/812/253 3640/811/253
f 3769/747/253 3768/629/253 3642/632/253 3641/812/253
f 3688/632/255 3533/631/255 3774/636/255 3773/635/255
f 3533/631/255 3520/631/255 3775/636/255 3774/636/255
f 3520/631/255 3652/651/255 3776/637/255 3775/636/255
f 3652/651/255 3688/632/255 3773/635/255 3776/637/255
f 3534/655/255 3692/808/255 3778/840/255 3777/839/255
f 3692/808/255 3648/820/255 3779/841/255 3778/840/255
f 3648/820/255 3519/655/255 3780/842/255 3779/841/255
f 3519/655/255 3534/655/255 3777/839/255 3780/842/255
f 3692/808/255 3691/810/255 3782/844/255 3781/843/255
f 3691/810/255 3649/819/255 3783/845/255 3782/844/255
f 3649/819/255 3648/820/255 3784/846/255 3783/845/255
f 3648/820/255 3692/808/255 3781/843/255 3784/846/255
f 3691/810/255 3690/811/255 3786/848/255 3785/847/255
f 3690/811/255 3650/816/255 3787/849/255 3786/848/255
f 3650/816/255 3649/819/255 3788/850/255 3787/849/255
f 3649/819/255 3691/810/255 3785/847/255 3788/850/255
f 3690/811/255 3689/813/255 3790/852/255 3789/851/255
f 3689/813/255 3651/815/255 3791/852/255 3790/852/255
f 3651/815/255 3650/816/255 3792/853/255 3791/852/255
f 3650/816/255 3690/811/255 3789/851/255 3792/853/255
f 3689/813/255 3688/632/255 3794/855/255 3793/854/255
f 3688/632/255 3652/651/255 3795/856/255 3794/855/255
f 3652/651/255 3651/815/255 3796/857/255 3795/856/255
f 3651/815/255 3689/813/255 3793/854/255 3796/857/255
f 3617/661/257 3534/655/257 3798/645/257 3797/644/257
f 3534/655/257 3519/655/257 3799/645/257 3798/645/257
f 3519/655/257 3560/654/257 3800/644/257 3799/645/257
f 3560/654/257 3617/661/257 3797/644/257 3800/644/257
f 3535/634/257 3624/633/257 3802/699/257 3801/698/257
f 3624/633/257 3553/633/257 3803/700/257 3802/699/257
f 3553/633/257 3518/634/257 3804/701/257 3803/700/257
f 3518/634/257 3535/634/257 3801/698/257 3804/701/257
f 3624/633/257 3623/673/257 3806/703/257 3805/702/257
f 3623/673/257 3554/672/257 3807/704/257 3806/703/257
f 3554/672/257 3553/633/257 3808/702/257 3807/704/257
f 3553/633/257 3624/633/257 3805/702/257 3808/702/257
f 3623/673/257 3622/675/257 3810/706/257 3809/705/257
f 3622/675/257 3555/675/257 3811/707/257 3810/706/257
f 3555/675/257 3554/672/257 3812/705/257 3811/707/257
f 3554/672/257 3623/673/257 3809/705/257 3812/705/257
f 3622/675/257 3621/676/257 3814/709/257 3813/708/257
f 3621/676/257 3556/676/257 3815/709/257 3814/709/257
f 3556/676/257 3555/675/257 3816/710/257 3815/709/257
f 3555/675/257 3622/675/257 3813/708/257 3816/710/257
f 3621/676/257 3620/678/257 3818/712/257 3817/711/257
f 3620/678/257 3557/677/257 3819/713/257 3818/712/257
f 3557/677/257 3556/676/257 3820/714/257 3819/713/257
f 3556/676/257 3621/676/257 3817/711/257 3820/714/257
f 3620/678/257 3619/679/257 3822/716/257 3821/715/257
f 3619/679/257 3558/679/257 3823/717/257 3822/716/257
f 3558/679/257 3557/677/257 3824/718/257 3823/717/257
f 3557/677/257 3620/678/257 3821/715/257 3824/718/257
f 3619/679/257 3618/680/257 3826/720/257 3825/719/257
f 3618/680/257 3559/680/257 3827/720/257 3826/720/257
f 3559/680/257 3558/679/257 3828/721/257 3827/720/257
f 3558/679/257 3619/679/257 3825/719/257 3828/721/257
f 3618/680/257 3617/661/257 3830/723/257 3829/722/257
f 3617/661/257 3560/654/257 3831/723/257 3830/723/257
f 3560/654/257 3559/680/257 3832/722/257 3831/723/257
f 3559/680/257 3618/680/257 3829/722/257 3832/722/257
f 3683/649/256 3535/634/256 3834/639/256 3833/638/256
f 3535/634/256 3518/634/256 3835/640/256 3834/639/256
f 3518/634/256 3647/649/256 3836/641/256 3835/640/256
f 3647/649/256 3683/649/256 3833/638/256 3836/641/256
f 3536/653/256 3687/659/256 3838/822/256 3837/821/256
f 3687/659/256 3643/660/256 3839/823/256 3838/822/256
f 3643/660/256 3517/653/256 3840/824/256 3839/823/256
f 3517/653/256 3536/653/256 3837/821/256 3840/824/256
f 3687/659/256 3686/806/256 3842/826/256 3841/825/256
f 3686/806/256 3644/818/256 3843/827/256 3842/826/256
f 3644/818/256 3643/660/256 3844/828/256 3843/827/256
f 3643/660/256 3687/659/256 3841/825/256 3844/828/256
f 3686/806/256 3685/805/256 3846/830/256 3845/829/256
f 3685/805/256 3645/773/256 3847/830/256 3846/830/256
f 3645/773/256 3644/818/256 3848/831/256 3847/830/256
f 3644/818/256 3686/806/256 3845/829/256 3848/831/256
f 3685/805/256 3684/814/256 3850/833/256 3849/832/256
f 3684/814/256 3646/772/256 3851/834/256 3850/833/256
f 3646/772/256 3645/773/256 3852/835/256 3851/834/256
f 3645/773/256 3685/805/256 3849/832/256 3852/835/256
f 3684/814/256 3683/649/256 3854/837/256 3853/836/256
f 3683/649/256 3647/649/256 3855/837/256 3854/837/256
f 3647/649/256 3646/772/256 3856/838/256 3855/837/256
f 3646/772/256 3684/814/256 3853/836/256 3856/838/256
f 3625/662/258 3536/653/258 3858/733/258 3857/858/258
f 3536/653/258 3517/653/258 3859/728/258 3858/733/258
f 3517/653/258 3568/652/258 3860/729/258 3859/728/258
f 3568/652/258 3625/662/258 3857/858/258 3860/729/258
f 3533/631/258 3632/630/258 3862/859/258 3861/860/258
f 3632/630/258 3561/648/258 3863/861/258 3862/859/258
f 3561/648/258 3520/631/258 3864/862/258 3863/861/258
f 3520/631/258 3533/631/258 3861/860/258 3864/862/258
f 3632/630/258 3631/663/258 3866/732/258 3865/725/258
f 3631/663/258 3562/663/258 3867/863/258 3866/732/258
f 3562/663/258 3561/648/258 3868/724/258 3867/863/258
f 3561/648/258 3632/630/258 3865/725/258 3868/724/258
f 3631/663/258 3630/664/258 3870/864/258 3869/865/258
f 3630/664/258 3563/685/258 3871/866/258 3870/864/258
f 3563/685/258 3562/663/258 3872/867/258 3871/866/258
f 3562/663/258 3631/663/258 3869/865/258 3872/867/258
f 3630/664/258 3629/665/258 3874/868/258 3873/869/258
f 3629/665/258 3564/665/258 3875/870/258 3874/868/258
f 3564/665/258 3563/685/258 3876/871/258 3875/870/258
f 3563/685/258 3630/664/258 3873/869/258 3876/871/258
f 3629/665/258 3628/666/258 3878/734/258 3877/872/258
f 3628/666/258 3565/666/258 3879/730/258 3878/734/258
f 3565/666/258 3564/665/258 3880/731/258 3879/730/258
f 3564/665/258 3629/665/258 3877/872/258 3880/731/258
f 3628/666/258 3627/668/258 3882/873/258 3881/874/258
f 3627/668/258 3566/687/258 3883/875/258 3882/873/258
f 3566/687/258 3565/666/258 3884/876/258 3883/875/258
f 3565/666/258 3628/666/258 3881/874/258 3884/876/258
f 3627/668/258 3626/670/258 3886/642/258 3885/727/258
f 3626/670/258 3567/669/258 3887/643/258 3886/642/258
f 3567/669/258 3566/687/258 3888/726/258 3887/643/258
f 3566/687/258 3627/668/258 3885/727/258 3888/726/258
f 3626/670/258 3625/662/258 3890/877/258 3889/878/258
f 3625/662/258 3568/652/258 3891/879/258 3890/877/258
f 3568/652/258 3567/669/258 3892/880/258 3891/879/258
f 3567/669/258 3626/670/258 3889/878/258 3892/880/258
f 3906/865/258 3905/864/258 3908/866/258 3907/867/258
f 3914/872/258 3913/734/258 3916/730/258 3915/731/258
f 3922/727/258 3921/642/258 3924/643/258 3923/726/258
f 3866/732/255 3867/863/255 3904/863/255 3901/732/255
f 3873/869/254 3874/868/254 3909/868/254 3910/869/254
f 3887/643/253 3888/726/253 3923/726/253 3924/643/253
f 3867/863/253 3868/724/253 3903/724/253 3904/863/253
f 3876/871/256 3873/869/256 3910/869/256 3911/871/256
f 3874/868/255 3875/870/255 3912/870/255 3909/868/255
f 3881/874/254 3882/873/254 3917/873/254 3918/874/254
f 3861/860/254 3862/859/254 3897/859/254 3898/860/254
f 3875/870/253 3876/871/253 3911/871/253 3912/870/253
f 3884/876/256 3881/874/256 3918/874/256 3919/876/256
f 3864/862/256 3861/860/256 3898/860/256 3899/862/256
f 3882/873/255 3883/875/255 3920/875/255 3917/873/255
f 3862/859/255 3863/861/255 3900/861/255 3897/859/255
f 3889/878/254 3890/877/254 3925/877/254 3926/878/254
f 3869/865/254 3870/864/254 3905/864/254 3906/865/254
f 3883/875/253 3884/876/253 3919/876/253 3920/875/253
f 3863/861/253 3864/862/253 3899/862/253 3900/861/253
f 3892/880/256 3889/878/256 3926/878/256 3927/880/256
f 3872/867/256 3869/865/256 3906/865/256 3907/867/256
f 3890/877/255 3891/879/255 3928/879/255 3925/877/255
f 3870/864/255 3871/866/255 3908/866/255 3905/864/255
f 3877/872/254 3878/734/254 3913/734/254 3914/872/254
f 3891/879/253 3892/880/253 3927/880/253 3928/879/253
f 3857/858/254 3858/733/254 3893/733/254 3894/858/254
f 3871/866/253 3872/867/253 3907/867/253 3908/866/253
f 3880/731/256 3877/872/256 3914/872/256 3915/731/256
f 3860/729/256 3857/858/256 3894/858/256 3895/729/256
f 4184/629/253 3961/630/253 3932/631/253 4058/632/253
f 3985/633/254 3938/634/254 3946/634/254 4017/633/254
f 4302/642/255 4303/643/255 4340/643/255 4337/642/255
f 4148/646/254 4078/647/254 3940/631/254 3993/648/254
f 4063/649/253 3934/634/253 3942/634/253 4083/650/253
f 3993/648/254 3940/631/254 3948/631/254 4025/648/254
f 4068/651/253 3936/631/253 3944/631/253 4088/647/253
f 4016/652/258 3941/653/258 3945/653/258 4032/652/258
f 4008/654/257 3943/655/257 3947/655/257 4024/654/257
f 4088/647/255 3944/631/255 3948/631/255 4098/656/255
f 4083/650/256 3942/634/256 3946/634/256 4093/649/256
f 3984/652/253 3933/653/253 3941/653/253 4016/652/253
f 3976/654/253 3935/655/253 3943/655/253 4008/654/253
f 4074/657/254 3939/655/254 3947/655/254 4094/658/254
f 4069/659/254 3937/653/254 3945/653/254 4089/660/254
f 3960/661/257 3930/655/257 3950/655/257 4033/661/257
f 3968/652/258 3931/653/258 3952/653/258 4041/662/258
f 4053/649/256 3929/634/256 3951/634/256 4099/649/256
f 4058/632/255 3932/631/255 3949/631/255 4104/632/255
f 3932/631/258 3961/630/258 4048/630/258 3949/631/258
f 3961/630/258 3962/663/258 4047/663/258 4048/630/258
f 3962/663/258 3963/664/258 4046/664/258 4047/663/258
f 3963/664/258 3964/665/258 4045/665/258 4046/664/258
f 3964/665/258 3965/666/258 4044/666/258 4045/665/258
f 3965/666/258 3966/667/258 4043/668/258 4044/666/258
f 3966/667/258 3967/669/258 4042/670/258 4043/668/258
f 3967/669/258 3968/652/258 4041/662/258 4042/670/258
f 3929/634/257 3953/671/257 4040/633/257 3951/634/257
f 3953/671/257 3954/672/257 4039/673/257 4040/633/257
f 3954/672/257 3955/674/257 4038/675/257 4039/673/257
f 3955/674/257 3956/676/257 4037/676/257 4038/675/257
f 3956/676/257 3957/677/257 4036/678/257 4037/676/257
f 3957/677/257 3958/679/257 4035/679/257 4036/678/257
f 3958/679/257 3959/680/257 4034/680/257 4035/679/257
f 3959/680/257 3960/661/257 4033/661/257 4034/680/257
f 3934/634/253 3969/633/253 4001/633/253 3942/634/253
f 3969/633/253 3970/672/253 4002/681/253 4001/633/253
f 3970/672/253 3971/675/253 4003/675/253 4002/681/253
f 3971/675/253 3972/676/253 4004/676/253 4003/675/253
f 3972/676/253 3973/677/253 4005/682/253 4004/676/253
f 3973/677/253 3974/679/253 4006/683/253 4005/682/253
f 3974/679/253 3975/680/253 4007/680/253 4006/683/253
f 3975/680/253 3976/654/253 4008/654/253 4007/680/253
f 3936/631/253 3977/648/253 4009/648/253 3944/631/253
f 3977/648/253 3978/663/253 4010/684/253 4009/648/253
f 3978/663/253 3979/685/253 4011/685/253 4010/684/253
f 3979/685/253 3980/665/253 4012/665/253 4011/685/253
f 3980/665/253 3981/666/253 4013/686/253 4012/665/253
f 3981/666/253 3982/687/253 4014/687/253 4013/686/253
f 3982/687/253 3983/669/253 4015/688/253 4014/687/253
f 3983/669/253 3984/652/253 4016/652/253 4015/688/253
f 3942/634/257 4001/633/257 4017/633/257 3946/634/257
f 4001/633/257 4002/681/257 4018/681/257 4017/633/257
f 4002/681/257 4003/675/257 4019/675/257 4018/681/257
f 4003/675/257 4004/676/257 4020/676/257 4019/675/257
f 4004/676/257 4005/682/257 4021/682/257 4020/676/257
f 4005/682/257 4006/683/257 4022/683/257 4021/682/257
f 4006/683/257 4007/680/257 4023/680/257 4022/683/257
f 4007/680/257 4008/654/257 4024/654/257 4023/680/257
f 3944/631/258 4009/648/258 4025/648/258 3948/631/258
f 4009/648/258 4010/684/258 4026/684/258 4025/648/258
f 4010/684/258 4011/685/258 4027/685/258 4026/684/258
f 4011/685/258 4012/665/258 4028/665/258 4027/685/258
f 4012/665/258 4013/686/258 4029/686/258 4028/665/258
f 4013/686/258 4014/687/258 4030/687/258 4029/686/258
f 4014/687/258 4015/688/258 4031/688/258 4030/687/258
f 4015/688/258 4016/652/258 4032/652/258 4031/688/258
f 3937/653/254 4000/652/254 4032/652/254 3945/653/254
f 4000/652/254 3999/669/254 4031/688/254 4032/652/254
f 3999/669/254 3998/667/254 4030/687/254 4031/688/254
f 3998/667/254 3997/689/254 4029/686/254 4030/687/254
f 3997/689/254 3996/690/254 4028/665/254 4029/686/254
f 3996/690/254 3995/685/254 4027/685/254 4028/665/254
f 3995/685/254 3994/663/254 4026/684/254 4027/685/254
f 3994/663/254 3993/648/254 4025/648/254 4026/684/254
f 4069/659/254 4113/691/254 4000/652/254 3937/653/254
f 4113/691/254 4118/692/254 3999/669/254 4000/652/254
f 4118/692/254 4123/693/254 3998/667/254 3999/669/254
f 4123/693/254 4128/694/254 3997/689/254 3998/667/254
f 4128/694/254 4133/695/254 3996/690/254 3997/689/254
f 4133/695/254 4138/696/254 3995/685/254 3996/690/254
f 4138/696/254 4143/697/254 3994/663/254 3995/685/254
f 4143/697/254 4148/646/254 3993/648/254 3994/663/254
f 4221/702/257 4222/703/257 4223/704/257 4224/702/257
f 4229/708/257 4230/709/257 4231/709/257 4232/710/257
f 4237/715/257 4238/716/257 4239/717/257 4240/718/257
f 4245/722/257 4246/723/257 4247/723/257 4248/722/257
f 4284/724/256 4281/725/256 4318/725/256 4319/724/256
f 4304/726/256 4301/727/256 4338/727/256 4339/726/256
f 4275/728/253 4276/729/253 4311/729/253 4312/728/253
f 4295/730/253 4296/731/253 4331/731/253 4332/730/253
f 4281/725/254 4282/732/254 4317/732/254 4318/725/254
f 4301/727/254 4302/642/254 4337/642/254 4338/727/254
f 4274/733/255 4275/728/255 4312/728/255 4309/733/255
f 4294/734/255 4295/730/255 4332/730/255 4329/734/255
f 3939/655/254 3992/661/254 4024/654/254 3947/655/254
f 3992/661/254 3991/680/254 4023/680/254 4024/654/254
f 3991/680/254 3990/683/254 4022/683/254 4023/680/254
f 3990/683/254 3989/678/254 4021/682/254 4022/683/254
f 3989/678/254 3988/676/254 4020/676/254 4021/682/254
f 3988/676/254 3987/675/254 4019/675/254 4020/676/254
f 3987/675/254 3986/672/254 4018/681/254 4019/675/254
f 3986/672/254 3985/633/254 4017/633/254 4018/681/254
f 4049/735/253 3931/653/253 3968/652/253 4149/691/253
f 4149/691/253 3968/652/253 3967/669/253 4154/692/253
f 4154/692/253 3967/669/253 3966/667/253 4159/736/253
f 4159/736/253 3966/667/253 3965/666/253 4164/737/253
f 4164/737/253 3965/666/253 3964/665/253 4169/738/253
f 4169/738/253 3964/665/253 3963/664/253 4174/739/253
f 4174/739/253 3963/664/253 3962/663/253 4179/697/253
f 4179/697/253 3962/663/253 3961/630/253 4184/629/253
f 3959/680/253 4183/740/253 4188/741/253 3960/661/253
f 4183/740/253 4182/742/253 4187/743/253 4188/741/253
f 4182/742/253 4181/744/253 4186/745/253 4187/743/253
f 4181/744/253 4180/746/253 4185/747/253 4186/745/253
f 4180/746/253 4179/697/253 4184/629/253 4185/747/253
f 3958/679/253 4178/748/253 4183/740/253 3959/680/253
f 4178/748/253 4177/749/253 4182/742/253 4183/740/253
f 4177/749/253 4176/750/253 4181/744/253 4182/742/253
f 4176/750/253 4175/751/253 4180/746/253 4181/744/253
f 4175/751/253 4174/739/253 4179/697/253 4180/746/253
f 3957/677/253 4173/752/253 4178/748/253 3958/679/253
f 4173/752/253 4172/753/253 4177/749/253 4178/748/253
f 4172/753/253 4171/754/253 4176/750/253 4177/749/253
f 4171/754/253 4170/755/253 4175/751/253 4176/750/253
f 4170/755/253 4169/738/253 4174/739/253 4175/751/253
f 3956/676/253 4168/756/253 4173/752/253 3957/677/253
f 4168/756/253 4167/757/253 4172/753/253 4173/752/253
f 4167/757/253 4166/758/253 4171/754/253 4172/753/253
f 4166/758/253 4165/759/253 4170/755/253 4171/754/253
f 4165/759/253 4164/737/253 4169/738/253 4170/755/253
f 3955/674/253 4163/760/253 4168/756/253 3956/676/253
f 4163/760/253 4162/761/253 4167/757/253 4168/756/253
f 4162/761/253 4161/762/253 4166/758/253 4167/757/253
f 4161/762/253 4160/763/253 4165/759/253 4166/758/253
f 4160/763/253 4159/736/253 4164/737/253 4165/759/253
f 3954/672/253 4158/764/253 4163/760/253 3955/674/253
f 4158/764/253 4157/765/253 4162/761/253 4163/760/253
f 4157/765/253 4156/766/253 4161/762/253 4162/761/253
f 4156/766/253 4155/767/253 4160/763/253 4161/762/253
f 4155/767/253 4154/692/253 4159/736/253 4160/763/253
f 3953/671/253 4153/768/253 4158/764/253 3954/672/253
f 4153/768/253 4152/769/253 4157/765/253 4158/764/253
f 4152/769/253 4151/770/253 4156/766/253 4157/765/253
f 4151/770/253 4150/771/253 4155/767/253 4156/766/253
f 4150/771/253 4149/691/253 4154/692/253 4155/767/253
f 3929/634/253 4053/649/253 4153/768/253 3953/671/253
f 4053/649/253 4052/772/253 4152/769/253 4153/768/253
f 4052/772/253 4051/773/253 4151/770/253 4152/769/253
f 4051/773/253 4050/774/253 4150/771/253 4151/770/253
f 4050/774/253 4049/735/253 4149/691/253 4150/771/253
f 3991/680/254 3992/661/254 4144/775/254 4139/776/254
f 4139/776/254 4144/775/254 4145/777/254 4140/778/254
f 4140/778/254 4145/777/254 4146/779/254 4141/744/254
f 4141/744/254 4146/779/254 4147/780/254 4142/781/254
f 4142/781/254 4147/780/254 4148/646/254 4143/697/254
f 3990/683/254 3991/680/254 4139/776/254 4134/782/254
f 4134/782/254 4139/776/254 4140/778/254 4135/783/254
f 4135/783/254 4140/778/254 4141/744/254 4136/784/254
f 4136/784/254 4141/744/254 4142/781/254 4137/785/254
f 4137/785/254 4142/781/254 4143/697/254 4138/696/254
f 3989/678/254 3990/683/254 4134/782/254 4129/786/254
f 4129/786/254 4134/782/254 4135/783/254 4130/787/254
f 4130/787/254 4135/783/254 4136/784/254 4131/754/254
f 4131/754/254 4136/784/254 4137/785/254 4132/788/254
f 4132/788/254 4137/785/254 4138/696/254 4133/695/254
f 3988/676/254 3989/678/254 4129/786/254 4124/789/254
f 4124/789/254 4129/786/254 4130/787/254 4125/790/254
f 4125/790/254 4130/787/254 4131/754/254 4126/791/254
f 4126/791/254 4131/754/254 4132/788/254 4127/792/254
f 4127/792/254 4132/788/254 4133/695/254 4128/694/254
f 3987/675/254 3988/676/254 4124/789/254 4119/793/254
f 4119/793/254 4124/789/254 4125/790/254 4120/794/254
f 4120/794/254 4125/790/254 4126/791/254 4121/795/254
f 4121/795/254 4126/791/254 4127/792/254 4122/796/254
f 4122/796/254 4127/792/254 4128/694/254 4123/693/254
f 3986/672/254 3987/675/254 4119/793/254 4114/797/254
f 4114/797/254 4119/793/254 4120/794/254 4115/798/254
f 4115/798/254 4120/794/254 4121/795/254 4116/766/254
f 4116/766/254 4121/795/254 4122/796/254 4117/799/254
f 4117/799/254 4122/796/254 4123/693/254 4118/692/254
f 3985/633/254 3986/672/254 4114/797/254 4109/800/254
f 4109/800/254 4114/797/254 4115/798/254 4110/801/254
f 4110/801/254 4115/798/254 4116/766/254 4111/770/254
f 4111/770/254 4116/766/254 4117/799/254 4112/802/254
f 4112/802/254 4117/799/254 4118/692/254 4113/691/254
f 3938/634/254 3985/633/254 4109/800/254 4073/803/254
f 4073/803/254 4109/800/254 4110/801/254 4072/804/254
f 4072/804/254 4110/801/254 4111/770/254 4071/805/254
f 4071/805/254 4111/770/254 4112/802/254 4070/806/254
f 4070/806/254 4112/802/254 4113/691/254 4069/659/254
f 3930/655/255 4054/807/255 4108/808/255 3950/655/255
f 4054/807/255 4055/809/255 4107/810/255 4108/808/255
f 4055/809/255 4056/811/255 4106/811/255 4107/810/255
f 4056/811/255 4057/812/255 4105/813/255 4106/811/255
f 4057/812/255 4058/632/255 4104/632/255 4105/813/255
f 3931/653/256 4049/735/256 4103/659/256 3952/653/256
f 4049/735/256 4050/774/256 4102/806/256 4103/659/256
f 4050/774/256 4051/773/256 4101/805/256 4102/806/256
f 4051/773/256 4052/772/256 4100/814/256 4101/805/256
f 4052/772/256 4053/649/256 4099/649/256 4100/814/256
f 3938/634/254 4073/803/254 4093/649/254 3946/634/254
f 4073/803/254 4072/804/254 4092/772/254 4093/649/254
f 4072/804/254 4071/805/254 4091/773/254 4092/772/254
f 4071/805/254 4070/806/254 4090/774/254 4091/773/254
f 4070/806/254 4069/659/254 4089/660/254 4090/774/254
f 3940/631/254 4078/647/254 4098/656/254 3948/631/254
f 4078/647/254 4077/815/254 4097/815/254 4098/656/254
f 4077/815/254 4076/816/254 4096/816/254 4097/815/254
f 4076/816/254 4075/817/254 4095/817/254 4096/816/254
f 4075/817/254 4074/657/254 4094/658/254 4095/817/254
f 3941/653/256 4079/659/256 4089/660/256 3945/653/256
f 4079/659/256 4080/818/256 4090/774/256 4089/660/256
f 4080/818/256 4081/773/256 4091/773/256 4090/774/256
f 4081/773/256 4082/772/256 4092/772/256 4091/773/256
f 4082/772/256 4083/650/256 4093/649/256 4092/772/256
f 3943/655/255 4084/657/255 4094/658/255 3947/655/255
f 4084/657/255 4085/819/255 4095/817/255 4094/658/255
f 4085/819/255 4086/816/255 4096/816/255 4095/817/255
f 4086/816/255 4087/815/255 4097/815/255 4096/816/255
f 4087/815/255 4088/647/255 4098/656/255 4097/815/255
f 3935/655/253 4064/820/253 4084/657/253 3943/655/253
f 4064/820/253 4065/819/253 4085/819/253 4084/657/253
f 4065/819/253 4066/816/253 4086/816/253 4085/819/253
f 4066/816/253 4067/815/253 4087/815/253 4086/816/253
f 4067/815/253 4068/651/253 4088/647/253 4087/815/253
f 3933/653/253 4059/660/253 4079/659/253 3941/653/253
f 4059/660/253 4060/818/253 4080/818/253 4079/659/253
f 4060/818/253 4061/773/253 4081/773/253 4080/818/253
f 4061/773/253 4062/772/253 4082/772/253 4081/773/253
f 4062/772/253 4063/649/253 4083/650/253 4082/772/253
f 3992/661/254 3939/655/254 4074/657/254 4144/775/254
f 4144/775/254 4074/657/254 4075/817/254 4145/777/254
f 4145/777/254 4075/817/254 4076/816/254 4146/779/254
f 4146/779/254 4076/816/254 4077/815/254 4147/780/254
f 4147/780/254 4077/815/254 4078/647/254 4148/646/254
f 4257/825/256 4258/826/256 4259/827/256 4260/828/256
f 4269/836/256 4270/837/256 4271/837/256 4272/838/256
f 4201/847/255 4202/848/255 4203/849/255 4204/850/255
f 4209/854/255 4210/855/255 4211/856/255 4212/857/255
f 3960/661/253 4188/741/253 4054/807/253 3930/655/253
f 4188/741/253 4187/743/253 4055/809/253 4054/807/253
f 4187/743/253 4186/745/253 4056/811/253 4055/809/253
f 4186/745/253 4185/747/253 4057/812/253 4056/811/253
f 4185/747/253 4184/629/253 4058/632/253 4057/812/253
f 4104/632/255 3949/631/255 4190/636/255 4189/635/255
f 3949/631/255 3936/631/255 4191/636/255 4190/636/255
f 3936/631/255 4068/651/255 4192/637/255 4191/636/255
f 4068/651/255 4104/632/255 4189/635/255 4192/637/255
f 3950/655/255 4108/808/255 4194/840/255 4193/839/255
f 4108/808/255 4064/820/255 4195/841/255 4194/840/255
f 4064/820/255 3935/655/255 4196/842/255 4195/841/255
f 3935/655/255 3950/655/255 4193/839/255 4196/842/255
f 4108/808/255 4107/810/255 4198/844/255 4197/843/255
f 4107/810/255 4065/819/255 4199/845/255 4198/844/255
f 4065/819/255 4064/820/255 4200/846/255 4199/845/255
f 4064/820/255 4108/808/255 4197/843/255 4200/846/255
f 4107/810/255 4106/811/255 4202/848/255 4201/847/255
f 4106/811/255 4066/816/255 4203/849/255 4202/848/255
f 4066/816/255 4065/819/255 4204/850/255 4203/849/255
f 4065/819/255 4107/810/255 4201/847/255 4204/850/255
f 4106/811/255 4105/813/255 4206/852/255 4205/851/255
f 4105/813/255 4067/815/255 4207/852/255 4206/852/255
f 4067/815/255 4066/816/255 4208/853/255 4207/852/255
f 4066/816/255 4106/811/255 4205/851/255 4208/853/255
f 4105/813/255 4104/632/255 4210/855/255 4209/854/255
f 4104/632/255 4068/651/255 4211/856/255 4210/855/255
f 4068/651/255 4067/815/255 4212/857/255 4211/856/255
f 4067/815/255 4105/813/255 4209/854/255 4212/857/255
f 4033/661/257 3950/655/257 4214/645/257 4213/644/257
f 3950/655/257 3935/655/257 4215/645/257 4214/645/257
f 3935/655/257 3976/654/257 4216/644/257 4215/645/257
f 3976/654/257 4033/661/257 4213/644/257 4216/644/257
f 3951/634/257 4040/633/257 4218/699/257 4217/698/257
f 4040/633/257 3969/633/257 4219/700/257 4218/699/257
f 3969/633/257 3934/634/257 4220/701/257 4219/700/257
f 3934/634/257 3951/634/257 4217/698/257 4220/701/257
f 4040/633/257 4039/673/257 4222/703/257 4221/702/257
f 4039/673/257 3970/672/257 4223/704/257 4222/703/257
f 3970/672/257 3969/633/257 4224/702/257 4223/704/257
f 3969/633/257 4040/633/257 4221/702/257 4224/702/257
f 4039/673/257 4038/675/257 4226/706/257 4225/705/257
f 4038/675/257 3971/675/257 4227/707/257 4226/706/257
f 3971/675/257 3970/672/257 4228/705/257 4227/707/257
f 3970/672/257 4039/673/257 4225/705/257 4228/705/257
f 4038/675/257 4037/676/257 4230/709/257 4229/708/257
f 4037/676/257 3972/676/257 4231/709/257 4230/709/257
f 3972/676/257 3971/675/257 4232/710/257 4231/709/257
f 3971/675/257 4038/675/257 4229/708/257 4232/710/257
f 4037/676/257 4036/678/257 4234/712/257 4233/711/257
f 4036/678/257 3973/677/257 4235/713/257 4234/712/257
f 3973/677/257 3972/676/257 4236/714/257 4235/713/257
f 3972/676/257 4037/676/257 4233/711/257 4236/714/257
f 4036/678/257 4035/679/257 4238/716/257 4237/715/257
f 4035/679/257 3974/679/257 4239/717/257 4238/716/257
f 3974/679/257 3973/677/257 4240/718/257 4239/717/257
f 3973/677/257 4036/678/257 4237/715/257 4240/718/257
f 4035/679/257 4034/680/257 4242/720/257 4241/719/257
f 4034/680/257 3975/680/257 4243/720/257 4242/720/257
f 3975/680/257 3974/679/257 4244/721/257 4243/720/257
f 3974/679/257 4035/679/257 4241/719/257 4244/721/257
f 4034/680/257 4033/661/257 4246/723/257 4245/722/257
f 4033/661/257 3976/654/257 4247/723/257 4246/723/257
f 3976/654/257 3975/680/257 4248/722/257 4247/723/257
f 3975/680/257 4034/680/257 4245/722/257 4248/722/257
f 4099/649/256 3951/634/256 4250/639/256 4249/638/256
f 3951/634/256 3934/634/256 4251/640/256 4250/639/256
f 3934/634/256 4063/649/256 4252/641/256 4251/640/256
f 4063/649/256 4099/649/256 4249/638/256 4252/641/256
f 3952/653/256 4103/659/256 4254/822/256 4253/821/256
f 4103/659/256 4059/660/256 4255/823/256 4254/822/256
f 4059/660/256 3933/653/256 4256/824/256 4255/823/256
f 3933/653/256 3952/653/256 4253/821/256 4256/824/256
f 4103/659/256 4102/806/256 4258/826/256 4257/825/256
f 4102/806/256 4060/818/256 4259/827/256 4258/826/256
f 4060/818/256 4059/660/256 4260/828/256 4259/827/256
f 4059/660/256 4103/659/256 4257/825/256 4260/828/256
f 4102/806/256 4101/805/256 4262/830/256 4261/829/256
f 4101/805/256 4061/773/256 4263/830/256 4262/830/256
f 4061/773/256 4060/818/256 4264/831/256 4263/830/256
f 4060/818/256 4102/806/256 4261/829/256 4264/831/256
f 4101/805/256 4100/814/256 4266/833/256 4265/832/256
f 4100/814/256 4062/772/256 4267/834/256 4266/833/256
f 4062/772/256 4061/773/256 4268/835/256 4267/834/256
f 4061/773/256 4101/805/256 4265/832/256 4268/835/256
f 4100/814/256 4099/649/256 4270/837/256 4269/836/256
f 4099/649/256 4063/649/256 4271/837/256 4270/837/256
f 4063/649/256 4062/772/256 4272/838/256 4271/837/256
f 4062/772/256 4100/814/256 4269/836/256 4272/838/256
f 4041/662/258 3952/653/258 4274/733/258 4273/858/258
f 3952/653/258 3933/653/258 4275/728/258 4274/733/258
f 3933/653/258 3984/652/258 4276/729/258 4275/728/258
f 3984/652/258 4041/662/258 4273/858/258 4276/729/258
f 3949/631/258 4048/630/258 4278/859/258 4277/860/258
f 4048/630/258 3977/648/258 4279/861/258 4278/859/258
f 3977/648/258 3936/631/258 4280/862/258 4279/861/258
f 3936/631/258 3949/631/258 4277/860/258 4280/862/258
f 4048/630/258 4047/663/258 4282/732/258 4281/725/258
f 4047/663/258 3978/663/258 4283/863/258 4282/732/258
f 3978/663/258 3977/648/258 4284/724/258 4283/863/258
f 3977/648/258 4048/630/258 4281/725/258 4284/724/258
f 4047/663/258 4046/664/258 4286/864/258 4285/865/258
f 4046/664/258 3979/685/258 4287/866/258 4286/864/258
f 3979/685/258 3978/663/258 4288/867/258 4287/866/258
f 3978/663/258 4047/663/258 4285/865/258 4288/867/258
f 4046/664/258 4045/665/258 4290/868/258 4289/869/258
f 4045/665/258 3980/665/258 4291/870/258 4290/868/258
f 3980/665/258 3979/685/258 4292/871/258 4291/870/258
f 3979/685/258 4046/664/258 4289/869/258 4292/871/258
f 4045/665/258 4044/666/258 4294/734/258 4293/872/258
f 4044/666/258 3981/666/258 4295/730/258 4294/734/258
f 3981/666/258 3980/665/258 4296/731/258 4295/730/258
f 3980/665/258 4045/665/258 4293/872/258 4296/731/258
f 4044/666/258 4043/668/258 4298/873/258 4297/874/258
f 4043/668/258 3982/687/258 4299/875/258 4298/873/258
f 3982/687/258 3981/666/258 4300/876/258 4299/875/258
f 3981/666/258 4044/666/258 4297/874/258 4300/876/258
f 4043/668/258 4042/670/258 4302/642/258 4301/727/258
f 4042/670/258 3983/669/258 4303/643/258 4302/642/258
f 3983/669/258 3982/687/258 4304/726/258 4303/643/258
f 3982/687/258 4043/668/258 4301/727/258 4304/726/258
f 4042/670/258 4041/662/258 4306/877/258 4305/878/258
f 4041/662/258 3984/652/258 4307/879/258 4306/877/258
f 3984/652/258 3983/669/258 4308/880/258 4307/879/258
f 3983/669/258 4042/670/258 4305/878/258 4308/880/258
f 4322/865/258 4321/864/258 4324/866/258 4323/867/258
f 4330/872/258 4329/734/258 4332/730/258 4331/731/258
f 4338/727/258 4337/642/258 4340/643/258 4339/726/258
f 4282/732/255 4283/863/255 4320/863/255 4317/732/255
f 4289/869/254 4290/868/254 4325/868/254 4326/869/254
f 4303/643/253 4304/726/253 4339/726/253 4340/643/253
f 4283/863/253 4284/724/253 4319/724/253 4320/863/253
f 4292/871/256 4289/869/256 4326/869/256 4327/871/256
f 4290/868/255 4291/870/255 4328/870/255 4325/868/255
f 4297/874/254 4298/873/254 4333/873/254 4334/874/254
f 4277/860/254 4278/859/254 4313/859/254 4314/860/254
f 4291/870/253 4292/871/253 4327/871/253 4328/870/253
f 4300/876/256 4297/874/256 4334/874/256 4335/876/256
f 4280/862/256 4277/860/256 4314/860/256 4315/862/256
f 4298/873/255 4299/875/255 4336/875/255 4333/873/255
f 4278/859/255 4279/861/255 4316/861/255 4313/859/255
f 4305/878/254 4306/877/254 4341/877/254 4342/878/254
f 4285/865/254 4286/864/254 4321/864/254 4322/865/254
f 4299/875/253 4300/876/253 4335/876/253 4336/875/253
f 4279/861/253 4280/862/253 4315/862/253 4316/861/253
f 4308/880/256 4305/878/256 4342/878/256 4343/880/256
f 4288/867/256 4285/865/256 4322/865/256 4323/867/256
f 4306/877/255 4307/879/255 4344/879/255 4341/877/255
f 4286/864/255 4287/866/255 4324/866/255 4321/864/255
f 4293/872/254 4294/734/254 4329/734/254 4330/872/254
f 4307/879/253 4308/880/253 4343/880/253 4344/879/253
f 4273/858/254 4274/733/254 4309/733/254 4310/858/254
f 4287/866/253 4288/867/253 4323/867/253 4324/866/253
f 4296/731/256 4293/872/256 4330/872/256 4331/731/256
f 4276/729/256 4273/858/256 4310/858/256 4311/729/256
f 4600/629/253 4377/630/253 4348/631/253 4474/632/253
f 4401/633/254 4354/634/254 4362/634/254 4433/633/254
f 4718/642/255 4719/643/255 4756/643/255 4753/642/255
f 4564/646/254 4494/647/254 4356/631/254 4409/648/254
f 4479/649/253 4350/634/253 4358/634/253 4499/650/253
f 4409/648/254 4356/631/254 4364/631/254 4441/648/254
f 4484/651/253 4352/631/253 4360/631/253 4504/647/253
f 4432/652/258 4357/653/258 4361/653/258 4448/652/258
f 4424/654/257 4359/655/257 4363/655/257 4440/654/257
f 4504/647/255 4360/631/255 4364/631/255 4514/656/255
f 4499/650/256 4358/634/256 4362/634/256 4509/649/256
f 4400/652/253 4349/653/253 4357/653/253 4432/652/253
f 4392/654/253 4351/655/253 4359/655/253 4424/654/253
f 4490/657/254 4355/655/254 4363/655/254 4510/658/254
f 4485/659/254 4353/653/254 4361/653/254 4505/660/254
f 4376/661/257 4346/655/257 4366/655/257 4449/661/257
f 4384/652/258 4347/653/258 4368/653/258 4457/662/258
f 4469/649/256 4345/634/256 4367/634/256 4515/649/256
f 4474/632/255 4348/631/255 4365/631/255 4520/632/255
f 4348/631/258 4377/630/258 4464/630/258 4365/631/258
f 4377/630/258 4378/663/258 4463/663/258 4464/630/258
f 4378/663/258 4379/664/258 4462/664/258 4463/663/258
f 4379/664/258 4380/665/258 4461/665/258 4462/664/258
f 4380/665/258 4381/666/258 4460/666/258 4461/665/258
f 4381/666/258 4382/667/258 4459/668/258 4460/666/258
f 4382/667/258 4383/669/258 4458/670/258 4459/668/258
f 4383/669/258 4384/652/258 4457/662/258 4458/670/258
f 4345/634/257 4369/671/257 4456/633/257 4367/634/257
f 4369/671/257 4370/672/257 4455/673/257 4456/633/257
f 4370/672/257 4371/674/257 4454/675/257 4455/673/257
f 4371/674/257 4372/676/257 4453/676/257 4454/675/257
f 4372/676/257 4373/677/257 4452/678/257 4453/676/257
f 4373/677/257 4374/679/257 4451/679/257 4452/678/257
f 4374/679/257 4375/680/257 4450/680/257 4451/679/257
f 4375/680/257 4376/661/257 4449/661/257 4450/680/257
f 4350/634/253 4385/633/253 4417/633/253 4358/634/253
f 4385/633/253 4386/672/253 4418/681/253 4417/633/253
f 4386/672/253 4387/675/253 4419/675/253 4418/681/253
f 4387/675/253 4388/676/253 4420/676/253 4419/675/253
f 4388/676/253 4389/677/253 4421/682/253 4420/676/253
f 4389/677/253 4390/679/253 4422/683/253 4421/682/253
f 4390/679/253 4391/680/253 4423/680/253 4422/683/253
f 4391/680/253 4392/654/253 4424/654/253 4423/680/253
f 4352/631/253 4393/648/253 4425/648/253 4360/631/253
f 4393/648/253 4394/663/253 4426/684/253 4425/648/253
f 4394/663/253 4395/685/253 4427/685/253 4426/684/253
f 4395/685/253 4396/665/253 4428/665/253 4427/685/253
f 4396/665/253 4397/666/253 4429/686/253 4428/665/253
f 4397/666/253 4398/687/253 4430/687/253 4429/686/253
f 4398/687/253 4399/669/253 4431/688/253 4430/687/253
f 4399/669/253 4400/652/253 4432/652/253 4431/688/253
f 4358/634/257 4417/633/257 4433/633/257 4362/634/257
f 4417/633/257 4418/681/257 4434/681/257 4433/633/257
f 4418/681/257 4419/675/257 4435/675/257 4434/681/257
f 4419/675/257 4420/676/257 4436/676/257 4435/675/257
f 4420/676/257 4421/682/257 4437/682/257 4436/676/257
f 4421/682/257 4422/683/257 4438/683/257 4437/682/257
f 4422/683/257 4423/680/257 4439/680/257 4438/683/257
f 4423/680/257 4424/654/257 4440/654/257 4439/680/257
f 4360/631/258 4425/648/258 4441/648/258 4364/631/258
f 4425/648/258 4426/684/258 4442/684/258 4441/648/258
f 4426/684/258 4427/685/258 4443/685/258 4442/684/258
f 4427/685/258 4428/665/258 4444/665/258 4443/685/258
f 4428/665/258 4429/686/258 4445/686/258 4444/665/258
f 4429/686/258 4430/687/258 4446/687/258 4445/686/258
f 4430/687/258 4431/688/258 4447/688/258 4446/687/258
f 4431/688/258 4432/652/258 4448/652/258 4447/688/258
f 4353/653/254 4416/652/254 4448/652/254 4361/653/254
f 4416/652/254 4415/669/254 4447/688/254 4448/652/254
f 4415/669/254 4414/667/254 4446/687/254 4447/688/254
f 4414/667/254 4413/689/254 4445/686/254 4446/687/254
f 4413/689/254 4412/690/254 4444/665/254 4445/686/254
f 4412/690/254 4411/685/254 4443/685/254 4444/665/254
f 4411/685/254 4410/663/254 4442/684/254 4443/685/254
f 4410/663/254 4409/648/254 4441/648/254 4442/684/254
f 4485/659/254 4529/691/254 4416/652/254 4353/653/254
f 4529/691/254 4534/692/254 4415/669/254 4416/652/254
f 4534/692/254 4539/693/254 4414/667/254 4415/669/254
f 4539/693/254 4544/694/254 4413/689/254 4414/667/254
f 4544/694/254 4549/695/254 4412/690/254 4413/689/254
f 4549/695/254 4554/696/254 4411/685/254 4412/690/254
f 4554/696/254 4559/697/254 4410/663/254 4411/685/254
f 4559/697/254 4564/646/254 4409/648/254 4410/663/254
f 4637/702/257 4638/703/257 4639/704/257 4640/702/257
f 4645/708/257 4646/709/257 4647/709/257 4648/710/257
f 4653/715/257 4654/716/257 4655/717/257 4656/718/257
f 4661/722/257 4662/723/257 4663/723/257 4664/722/257
f 4700/724/256 4697/725/256 4734/725/256 4735/724/256
f 4720/726/256 4717/727/256 4754/727/256 4755/726/256
f 4691/728/253 4692/729/253 4727/729/253 4728/728/253
f 4711/730/253 4712/731/253 4747/731/253 4748/730/253
f 4697/725/254 4698/732/254 4733/732/254 4734/725/254
f 4717/727/254 4718/642/254 4753/642/254 4754/727/254
f 4690/733/255 4691/728/255 4728/728/255 4725/733/255
f 4710/734/255 4711/730/255 4748/730/255 4745/734/255
f 4355/655/254 4408/661/254 4440/654/254 4363/655/254
f 4408/661/254 4407/680/254 4439/680/254 4440/654/254
f 4407/680/254 4406/683/254 4438/683/254 4439/680/254
f 4406/683/254 4405/678/254 4437/682/254 4438/683/254
f 4405/678/254 4404/676/254 4436/676/254 4437/682/254
f 4404/676/254 4403/675/254 4435/675/254 4436/676/254
f 4403/675/254 4402/672/254 4434/681/254 4435/675/254
f 4402/672/254 4401/633/254 4433/633/254 4434/681/254
f 4465/735/253 4347/653/253 4384/652/253 4565/691/253
f 4565/691/253 4384/652/253 4383/669/253 4570/692/253
f 4570/692/253 4383/669/253 4382/667/253 4575/736/253
f 4575/736/253 4382/667/253 4381/666/253 4580/737/253
f 4580/737/253 4381/666/253 4380/665/253 4585/738/253
f 4585/738/253 4380/665/253 4379/664/253 4590/739/253
f 4590/739/253 4379/664/253 4378/663/253 4595/697/253
f 4595/697/253 4378/663/253 4377/630/253 4600/629/253
f 4375/680/253 4599/740/253 4604/741/253 4376/661/253
f 4599/740/253 4598/742/253 4603/743/253 4604/741/253
f 4598/742/253 4597/744/253 4602/745/253 4603/743/253
f 4597/744/253 4596/746/253 4601/747/253 4602/745/253
f 4596/746/253 4595/697/253 4600/629/253 4601/747/253
f 4374/679/253 4594/748/253 4599/740/253 4375/680/253
f 4594/748/253 4593/749/253 4598/742/253 4599/740/253
f 4593/749/253 4592/750/253 4597/744/253 4598/742/253
f 4592/750/253 4591/751/253 4596/746/253 4597/744/253
f 4591/751/253 4590/739/253 4595/697/253 4596/746/253
f 4373/677/253 4589/752/253 4594/748/253 4374/679/253
f 4589/752/253 4588/753/253 4593/749/253 4594/748/253
f 4588/753/253 4587/754/253 4592/750/253 4593/749/253
f 4587/754/253 4586/755/253 4591/751/253 4592/750/253
f 4586/755/253 4585/738/253 4590/739/253 4591/751/253
f 4372/676/253 4584/756/253 4589/752/253 4373/677/253
f 4584/756/253 4583/757/253 4588/753/253 4589/752/253
f 4583/757/253 4582/758/253 4587/754/253 4588/753/253
f 4582/758/253 4581/759/253 4586/755/253 4587/754/253
f 4581/759/253 4580/737/253 4585/738/253 4586/755/253
f 4371/674/253 4579/760/253 4584/756/253 4372/676/253
f 4579/760/253 4578/761/253 4583/757/253 4584/756/253
f 4578/761/253 4577/762/253 4582/758/253 4583/757/253
f 4577/762/253 4576/763/253 4581/759/253 4582/758/253
f 4576/763/253 4575/736/253 4580/737/253 4581/759/253
f 4370/672/253 4574/764/253 4579/760/253 4371/674/253
f 4574/764/253 4573/765/253 4578/761/253 4579/760/253
f 4573/765/253 4572/766/253 4577/762/253 4578/761/253
f 4572/766/253 4571/767/253 4576/763/253 4577/762/253
f 4571/767/253 4570/692/253 4575/736/253 4576/763/253
f 4369/671/253 4569/768/253 4574/764/253 4370/672/253
f 4569/768/253 4568/769/253 4573/765/253 4574/764/253
f 4568/769/253 4567/770/253 4572/766/253 4573/765/253
f 4567/770/253 4566/771/253 4571/767/253 4572/766/253
f 4566/771/253 4565/691/253 4570/692/253 4571/767/253
f 4345/634/253 4469/649/253 4569/768/253 4369/671/253
f 4469/649/253 4468/772/253 4568/769/253 4569/768/253
f 4468/772/253 4467/773/253 4567/770/253 4568/769/253
f 4467/773/253 4466/774/253 4566/771/253 4567/770/253
f 4466/774/253 4465/735/253 4565/691/253 4566/771/253
f 4407/680/254 4408/661/254 4560/775/254 4555/776/254
f 4555/776/254 4560/775/254 4561/777/254 4556/778/254
f 4556/778/254 4561/777/254 4562/779/254 4557/744/254
f 4557/744/254 4562/779/254 4563/780/254 4558/781/254
f 4558/781/254 4563/780/254 4564/646/254 4559/697/254
f 4406/683/254 4407/680/254 4555/776/254 4550/782/254
f 4550/782/254 4555/776/254 4556/778/254 4551/783/254
f 4551/783/254 4556/778/254 4557/744/254 4552/784/254
f 4552/784/254 4557/744/254 4558/781/254 4553/785/254
f 4553/785/254 4558/781/254 4559/697/254 4554/696/254
f 4405/678/254 4406/683/254 4550/782/254 4545/786/254
f 4545/786/254 4550/782/254 4551/783/254 4546/787/254
f 4546/787/254 4551/783/254 4552/784/254 4547/754/254
f 4547/754/254 4552/784/254 4553/785/254 4548/788/254
f 4548/788/254 4553/785/254 4554/696/254 4549/695/254
f 4404/676/254 4405/678/254 4545/786/254 4540/789/254
f 4540/789/254 4545/786/254 4546/787/254 4541/790/254
f 4541/790/254 4546/787/254 4547/754/254 4542/791/254
f 4542/791/254 4547/754/254 4548/788/254 4543/792/254
f 4543/792/254 4548/788/254 4549/695/254 4544/694/254
f 4403/675/254 4404/676/254 4540/789/254 4535/793/254
f 4535/793/254 4540/789/254 4541/790/254 4536/794/254
f 4536/794/254 4541/790/254 4542/791/254 4537/795/254
f 4537/795/254 4542/791/254 4543/792/254 4538/796/254
f 4538/796/254 4543/792/254 4544/694/254 4539/693/254
f 4402/672/254 4403/675/254 4535/793/254 4530/797/254
f 4530/797/254 4535/793/254 4536/794/254 4531/798/254
f 4531/798/254 4536/794/254 4537/795/254 4532/766/254
f 4532/766/254 4537/795/254 4538/796/254 4533/799/254
f 4533/799/254 4538/796/254 4539/693/254 4534/692/254
f 4401/633/254 4402/672/254 4530/797/254 4525/800/254
f 4525/800/254 4530/797/254 4531/798/254 4526/801/254
f 4526/801/254 4531/798/254 4532/766/254 4527/770/254
f 4527/770/254 4532/766/254 4533/799/254 4528/802/254
f 4528/802/254 4533/799/254 4534/692/254 4529/691/254
f 4354/634/254 4401/633/254 4525/800/254 4489/803/254
f 4489/803/254 4525/800/254 4526/801/254 4488/804/254
f 4488/804/254 4526/801/254 4527/770/254 4487/805/254
f 4487/805/254 4527/770/254 4528/802/254 4486/806/254
f 4486/806/254 4528/802/254 4529/691/254 4485/659/254
f 4346/655/255 4470/807/255 4524/808/255 4366/655/255
f 4470/807/255 4471/809/255 4523/810/255 4524/808/255
f 4471/809/255 4472/811/255 4522/811/255 4523/810/255
f 4472/811/255 4473/812/255 4521/813/255 4522/811/255
f 4473/812/255 4474/632/255 4520/632/255 4521/813/255
f 4347/653/256 4465/735/256 4519/659/256 4368/653/256
f 4465/735/256 4466/774/256 4518/806/256 4519/659/256
f 4466/774/256 4467/773/256 4517/805/256 4518/806/256
f 4467/773/256 4468/772/256 4516/814/256 4517/805/256
f 4468/772/256 4469/649/256 4515/649/256 4516/814/256
f 4354/634/254 4489/803/254 4509/649/254 4362/634/254
f 4489/803/254 4488/804/254 4508/772/254 4509/649/254
f 4488/804/254 4487/805/254 4507/773/254 4508/772/254
f 4487/805/254 4486/806/254 4506/774/254 4507/773/254
f 4486/806/254 4485/659/254 4505/660/254 4506/774/254
f 4356/631/254 4494/647/254 4514/656/254 4364/631/254
f 4494/647/254 4493/815/254 4513/815/254 4514/656/254
f 4493/815/254 4492/816/254 4512/816/254 4513/815/254
f 4492/816/254 4491/817/254 4511/817/254 4512/816/254
f 4491/817/254 4490/657/254 4510/658/254 4511/817/254
f 4357/653/256 4495/659/256 4505/660/256 4361/653/256
f 4495/659/256 4496/818/256 4506/774/256 4505/660/256
f 4496/818/256 4497/773/256 4507/773/256 4506/774/256
f 4497/773/256 4498/772/256 4508/772/256 4507/773/256
f 4498/772/256 4499/650/256 4509/649/256 4508/772/256
f 4359/655/255 4500/657/255 4510/658/255 4363/655/255
f 4500/657/255 4501/819/255 4511/817/255 4510/658/255
f 4501/819/255 4502/816/255 4512/816/255 4511/817/255
f 4502/816/255 4503/815/255 4513/815/255 4512/816/255
f 4503/815/255 4504/647/255 4514/656/255 4513/815/255
f 4351/655/253 4480/820/253 4500/657/253 4359/655/253
f 4480/820/253 4481/819/253 4501/819/253 4500/657/253
f 4481/819/253 4482/816/253 4502/816/253 4501/819/253
f 4482/816/253 4483/815/253 4503/815/253 4502/816/253
f 4483/815/253 4484/651/253 4504/647/253 4503/815/253
f 4349/653/253 4475/660/253 4495/659/253 4357/653/253
f 4475/660/253 4476/818/253 4496/818/253 4495/659/253
f 4476/818/253 4477/773/253 4497/773/253 4496/818/253
f 4477/773/253 4478/772/253 4498/772/253 4497/773/253
f 4478/772/253 4479/649/253 4499/650/253 4498/772/253
f 4408/661/254 4355/655/254 4490/657/254 4560/775/254
f 4560/775/254 4490/657/254 4491/817/254 4561/777/254
f 4561/777/254 4491/817/254 4492/816/254 4562/779/254
f 4562/779/254 4492/816/254 4493/815/254 4563/780/254
f 4563/780/254 4493/815/254 4494/647/254 4564/646/254
f 4673/825/256 4674/826/256 4675/827/256 4676/828/256
f 4685/836/256 4686/837/256 4687/837/256 4688/838/256
f 4617/847/255 4618/848/255 4619/849/255 4620/850/255
f 4625/854/255 4626/855/255 4627/856/255 4628/857/255
f 4376/661/253 4604/741/253 4470/807/253 4346/655/253
f 4604/741/253 4603/743/253 4471/809/253 4470/807/253
f 4603/743/253 4602/745/253 4472/811/253 4471/809/253
f 4602/745/253 4601/747/253 4473/812/253 4472/811/253
f 4601/747/253 4600/629/253 4474/632/253 4473/812/253
f 4520/632/255 4365/631/255 4606/636/255 4605/635/255
f 4365/631/255 4352/631/255 4607/636/255 4606/636/255
f 4352/631/255 4484/651/255 4608/637/255 4607/636/255
f 4484/651/255 4520/632/255 4605/635/255 4608/637/255
f 4366/655/255 4524/808/255 4610/840/255 4609/839/255
f 4524/808/255 4480/820/255 4611/841/255 4610/840/255
f 4480/820/255 4351/655/255 4612/842/255 4611/841/255
f 4351/655/255 4366/655/255 4609/839/255 4612/842/255
f 4524/808/255 4523/810/255 4614/844/255 4613/843/255
f 4523/810/255 4481/819/255 4615/845/255 4614/844/255
f 4481/819/255 4480/820/255 4616/846/255 4615/845/255
f 4480/820/255 4524/808/255 4613/843/255 4616/846/255
f 4523/810/255 4522/811/255 4618/848/255 4617/847/255
f 4522/811/255 4482/816/255 4619/849/255 4618/848/255
f 4482/816/255 4481/819/255 4620/850/255 4619/849/255
f 4481/819/255 4523/810/255 4617/847/255 4620/850/255
f 4522/811/255 4521/813/255 4622/852/255 4621/851/255
f 4521/813/255 4483/815/255 4623/852/255 4622/852/255
f 4483/815/255 4482/816/255 4624/853/255 4623/852/255
f 4482/816/255 4522/811/255 4621/851/255 4624/853/255
f 4521/813/255 4520/632/255 4626/855/255 4625/854/255
f 4520/632/255 4484/651/255 4627/856/255 4626/855/255
f 4484/651/255 4483/815/255 4628/857/255 4627/856/255
f 4483/815/255 4521/813/255 4625/854/255 4628/857/255
f 4449/661/257 4366/655/257 4630/645/257 4629/644/257
f 4366/655/257 4351/655/257 4631/645/257 4630/645/257
f 4351/655/257 4392/654/257 4632/644/257 4631/645/257
f 4392/654/257 4449/661/257 4629/644/257 4632/644/257
f 4367/634/257 4456/633/257 4634/699/257 4633/698/257
f 4456/633/257 4385/633/257 4635/700/257 4634/699/257
f 4385/633/257 4350/634/257 4636/701/257 4635/700/257
f 4350/634/257 4367/634/257 4633/698/257 4636/701/257
f 4456/633/257 4455/673/257 4638/703/257 4637/702/257
f 4455/673/257 4386/672/257 4639/704/257 4638/703/257
f 4386/672/257 4385/633/257 4640/702/257 4639/704/257
f 4385/633/257 4456/633/257 4637/702/257 4640/702/257
f 4455/673/257 4454/675/257 4642/706/257 4641/705/257
f 4454/675/257 4387/675/257 4643/707/257 4642/706/257
f 4387/675/257 4386/672/257 4644/705/257 4643/707/257
f 4386/672/257 4455/673/257 4641/705/257 4644/705/257
f 4454/675/257 4453/676/257 4646/709/257 4645/708/257
f 4453/676/257 4388/676/257 4647/709/257 4646/709/257
f 4388/676/257 4387/675/257 4648/710/257 4647/709/257
f 4387/675/257 4454/675/257 4645/708/257 4648/710/257
f 4453/676/257 4452/678/257 4650/712/257 4649/711/257
f 4452/678/257 4389/677/257 4651/713/257 4650/712/257
f 4389/677/257 4388/676/257 4652/714/257 4651/713/257
f 4388/676/257 4453/676/257 4649/711/257 4652/714/257
f 4452/678/257 4451/679/257 4654/716/257 4653/715/257
f 4451/679/257 4390/679/257 4655/717/257 4654/716/257
f 4390/679/257 4389/677/257 4656/718/257 4655/717/257
f 4389/677/257 4452/678/257 4653/715/257 4656/718/257
f 4451/679/257 4450/680/257 4658/720/257 4657/719/257
f 4450/680/257 4391/680/257 4659/720/257 4658/720/257
f 4391/680/257 4390/679/257 4660/721/257 4659/720/257
f 4390/679/257 4451/679/257 4657/719/257 4660/721/257
f 4450/680/257 4449/661/257 4662/723/257 4661/722/257
f 4449/661/257 4392/654/257 4663/723/257 4662/723/257
f 4392/654/257 4391/680/257 4664/722/257 4663/723/257
f 4391/680/257 4450/680/257 4661/722/257 4664/722/257
f 4515/649/256 4367/634/256 4666/639/256 4665/638/256
f 4367/634/256 4350/634/256 4667/640/256 4666/639/256
f 4350/634/256 4479/649/256 4668/641/256 4667/640/256
f 4479/649/256 4515/649/256 4665/638/256 4668/641/256
f 4368/653/256 4519/659/256 4670/822/256 4669/821/256
f 4519/659/256 4475/660/256 4671/823/256 4670/822/256
f 4475/660/256 4349/653/256 4672/824/256 4671/823/256
f 4349/653/256 4368/653/256 4669/821/256 4672/824/256
f 4519/659/256 4518/806/256 4674/826/256 4673/825/256
f 4518/806/256 4476/818/256 4675/827/256 4674/826/256
f 4476/818/256 4475/660/256 4676/828/256 4675/827/256
f 4475/660/256 4519/659/256 4673/825/256 4676/828/256
f 4518/806/256 4517/805/256 4678/830/256 4677/829/256
f 4517/805/256 4477/773/256 4679/830/256 4678/830/256
f 4477/773/256 4476/818/256 4680/831/256 4679/830/256
f 4476/818/256 4518/806/256 4677/829/256 4680/831/256
f 4517/805/256 4516/814/256 4682/833/256 4681/832/256
f 4516/814/256 4478/772/256 4683/834/256 4682/833/256
f 4478/772/256 4477/773/256 4684/835/256 4683/834/256
f 4477/773/256 4517/805/256 4681/832/256 4684/835/256
f 4516/814/256 4515/649/256 4686/837/256 4685/836/256
f 4515/649/256 4479/649/256 4687/837/256 4686/837/256
f 4479/649/256 4478/772/256 4688/838/256 4687/837/256
f 4478/772/256 4516/814/256 4685/836/256 4688/838/256
f 4457/662/258 4368/653/258 4690/733/258 4689/858/258
f 4368/653/258 4349/653/258 4691/728/258 4690/733/258
f 4349/653/258 4400/652/258 4692/729/258 4691/728/258
f 4400/652/258 4457/662/258 4689/858/258 4692/729/258
f 4365/631/258 4464/630/258 4694/859/258 4693/860/258
f 4464/630/258 4393/648/258 4695/861/258 4694/859/258
f 4393/648/258 4352/631/258 4696/862/258 4695/861/258
f 4352/631/258 4365/631/258 4693/860/258 4696/862/258
f 4464/630/258 4463/663/258 4698/732/258 4697/725/258
f 4463/663/258 4394/663/258 4699/863/258 4698/732/258
f 4394/663/258 4393/648/258 4700/724/258 4699/863/258
f 4393/648/258 4464/630/258 4697/725/258 4700/724/258
f 4463/663/258 4462/664/258 4702/864/258 4701/865/258
f 4462/664/258 4395/685/258 4703/866/258 4702/864/258
f 4395/685/258 4394/663/258 4704/867/258 4703/866/258
f 4394/663/258 4463/663/258 4701/865/258 4704/867/258
f 4462/664/258 4461/665/258 4706/868/258 4705/869/258
f 4461/665/258 4396/665/258 4707/870/258 4706/868/258
f 4396/665/258 4395/685/258 4708/871/258 4707/870/258
f 4395/685/258 4462/664/258 4705/869/258 4708/871/258
f 4461/665/258 4460/666/258 4710/734/258 4709/872/258
f 4460/666/258 4397/666/258 4711/730/258 4710/734/258
f 4397/666/258 4396/665/258 4712/731/258 4711/730/258
f 4396/665/258 4461/665/258 4709/872/258 4712/731/258
f 4460/666/258 4459/668/258 4714/873/258 4713/874/258
f 4459/668/258 4398/687/258 4715/875/258 4714/873/258
f 4398/687/258 4397/666/258 4716/876/258 4715/875/258
f 4397/666/258 4460/666/258 4713/874/258 4716/876/258
f 4459/668/258 4458/670/258 4718/642/258 4717/727/258
f 4458/670/258 4399/669/258 4719/643/258 4718/642/258
f 4399/669/258 4398/687/258 4720/726/258 4719/643/258
f 4398/687/258 4459/668/258 4717/727/258 4720/726/258
f 4458/670/258 4457/662/258 4722/877/258 4721/878/258
f 4457/662/258 4400/652/258 4723/879/258 4722/877/258
f 4400/652/258 4399/669/258 4724/880/258 4723/879/258
f 4399/669/258 4458/670/258 4721/878/258 4724/880/258
f 4738/865/258 4737/864/258 4740/866/258 4739/867/258
f 4746/872/258 4745/734/258 4748/730/258 4747/731/258
f 4754/727/258 4753/642/258 4756/643/258 4755/726/258
f 4698/732/255 4699/863/255 4736/863/255 4733/732/255
f 4705/869/254 4706/868/254 4741/868/254 4742/869/254
f 4719/643/253 4720/726/253 4755/726/253 4756/643/253
f 4699/863/253 4700/724/253 4735/724/253 4736/863/253
f 4708/871/256 4705/869/256 4742/869/256 4743/871/256
f 4706/868/255 4707/870/255 4744/870/255 4741/868/255
f 4713/874/254 4714/873/254 4749/873/254 4750/874/254
f 4693/860/254 4694/859/254 4729/859/254 4730/860/254
f 4707/870/253 4708/871/253 4743/871/253 4744/870/253
f 4716/876/256 4713/874/256 4750/874/256 4751/876/256
f 4696/862/256 4693/860/256 4730/860/256 4731/862/256
f 4714/873/255 4715/875/255 4752/875/255 4749/873/255
f 4694/859/255 4695/861/255 4732/861/255 4729/859/255
f 4721/878/254 4722/877/254 4757/877/254 4758/878/254
f 4701/865/254 4702/864/254 4737/864/254 4738/865/254
f 4715/875/253 4716/876/253 4751/876/253 4752/875/253
f 4695/861/253 4696/862/253 4731/862/253 4732/861/253
f 4724/880/256 4721/878/256 4758/878/256 4759/880/256
f 4704/867/256 4701/865/256 4738/865/256 4739/867/256
f 4722/877/255 4723/879/255 4760/879/255 4757/877/255
f 4702/864/255 4703/866/255 4740/866/255 4737/864/255
f 4709/872/254 4710/734/254 4745/734/254 4746/872/254
f 4723/879/253 4724/880/253 4759/880/253 4760/879/253
f 4689/858/254 4690/733/254 4725/733/254 4726/858/254
f 4703/866/253 4704/867/253 4739/867/253 4740/866/253
f 4712/731/256 4709/872/256 4746/872/256 4747/731/256
f 4692/729/256 4689/858/256 4726/858/256 4727/729/256
usemtl A30_Windows
f 1277/635/255 1278/636/255 1279/636/255 1280/637/255
f 1337/638/256 1338/639/256 1339/640/256 1340/641/256
f 1301/644/257 1302/645/257 1303/645/257 1304/644/257
f 1305/698/257 1306/699/257 1307/700/257 1308/701/257
f 1313/705/257 1314/706/257 1315/707/257 1316/705/257
f 1321/711/257 1322/712/257 1323/713/257 1324/714/257
f 1329/719/257 1330/720/257 1331/720/257 1332/721/257
f 1341/821/256 1342/822/256 1343/823/256 1344/824/256
f 1349/829/256 1350/830/256 1351/830/256 1352/831/256
f 1353/832/256 1354/833/256 1355/834/256 1356/835/256
f 1281/839/255 1282/840/255 1283/841/255 1284/842/255
f 1285/843/255 1286/844/255 1287/845/255 1288/846/255
f 1293/851/255 1294/852/255 1295/852/255 1296/853/255
f 1398/858/258 1397/733/258 1400/728/258 1399/729/258
f 1402/860/258 1401/859/258 1404/861/258 1403/862/258
f 1406/725/258 1405/732/258 1408/863/258 1407/724/258
f 1414/869/258 1413/868/258 1416/870/258 1415/871/258
f 1422/874/258 1421/873/258 1424/875/258 1423/876/258
f 1430/878/258 1429/877/258 1432/879/258 1431/880/258
f 1693/635/255 1694/636/255 1695/636/255 1696/637/255
f 1753/638/256 1754/639/256 1755/640/256 1756/641/256
f 1717/644/257 1718/645/257 1719/645/257 1720/644/257
f 1721/698/257 1722/699/257 1723/700/257 1724/701/257
f 1729/705/257 1730/706/257 1731/707/257 1732/705/257
f 1737/711/257 1738/712/257 1739/713/257 1740/714/257
f 1745/719/257 1746/720/257 1747/720/257 1748/721/257
f 1757/821/256 1758/822/256 1759/823/256 1760/824/256
f 1765/829/256 1766/830/256 1767/830/256 1768/831/256
f 1769/832/256 1770/833/256 1771/834/256 1772/835/256
f 1697/839/255 1698/840/255 1699/841/255 1700/842/255
f 1701/843/255 1702/844/255 1703/845/255 1704/846/255
f 1709/851/255 1710/852/255 1711/852/255 1712/853/255
f 1814/858/258 1813/733/258 1816/728/258 1815/729/258
f 1818/860/258 1817/859/258 1820/861/258 1819/862/258
f 1822/725/258 1821/732/258 1824/863/258 1823/724/258
f 1830/869/258 1829/868/258 1832/870/258 1831/871/258
f 1838/874/258 1837/873/258 1840/875/258 1839/876/258
f 1846/878/258 1845/877/258 1848/879/258 1847/880/258
f 2109/635/255 2110/636/255 2111/636/255 2112/637/255
f 2169/638/256 2170/639/256 2171/640/256 2172/641/256
f 2133/644/257 2134/645/257 2135/645/257 2136/644/257
f 2137/698/257 2138/699/257 2139/700/257 2140/701/257
f 2145/705/257 2146/706/257 2147/707/257 2148/705/257
f 2153/711/257 2154/712/257 2155/713/257 2156/714/257
f 2161/719/257 2162/720/257 2163/720/257 2164/721/257
f 2173/821/256 2174/822/256 2175/823/256 2176/824/256
f 2181/829/256 2182/830/256 2183/830/256 2184/831/256
f 2185/832/256 2186/833/256 2187/834/256 2188/835/256
f 2113/839/255 2114/840/255 2115/841/255 2116/842/255
f 2117/843/255 2118/844/255 2119/845/255 2120/846/255
f 2125/851/255 2126/852/255 2127/852/255 2128/853/255
f 2230/858/258 2229/733/258 2232/728/258 2231/729/258
f 2234/860/258 2233/859/258 2236/861/258 2235/862/258
f 2238/725/258 2237/732/258 2240/863/258 2239/724/258
f 2246/869/258 2245/868/258 2248/870/258 2247/871/258
f 2254/874/258 2253/873/258 2256/875/258 2255/876/258
f 2262/878/258 2261/877/258 2264/879/258 2263/880/258
f 2525/635/255 2526/636/255 2527/636/255 2528/637/255
f 2585/638/256 2586/639/256 2587/640/256 2588/641/256
f 2549/644/257 2550/645/257 2551/645/257 2552/644/257
f 2553/698/257 2554/699/257 2555/700/257 2556/701/257
f 2561/705/257 2562/706/257 2563/707/257 2564/705/257
f 2569/711/257 2570/712/257 2571/713/257 2572/714/257
f 2577/719/257 2578/720/257 2579/720/257 2580/721/257
f 2589/821/256 2590/822/256 2591/823/256 2592/824/256
f 2597/829/256 2598/830/256 2599/830/256 2600/831/256
f 2601/832/256 2602/833/256 2603/834/256 2604/835/256
f 2529/839/255 2530/840/255 2531/841/255 2532/842/255
f 2533/843/255 2534/844/255 2535/845/255 2536/846/255
f 2541/851/255 2542/852/255 2543/852/255 2544/853/255
f 2646/858/258 2645/733/258 2648/728/258 2647/729/258
f 2650/860/258 2649/859/258 2652/861/258 2651/862/258
f 2654/725/258 2653/732/258 2656/863/258 2655/724/258
f 2662/869/258 2661/868/258 2664/870/258 2663/871/258
f 2670/874/258 2669/873/258 2672/875/258 2671/876/258
f 2678/878/258 2677/877/258 2680/879/258 2679/880/258
f 2941/635/255 2942/636/255 2943/636/255 2944/637/255
f 3001/638/256 3002/639/256 3003/640/256 3004/641/256
f 2965/644/257 2966/645/257 2967/645/257 2968/644/257
f 2969/698/257 2970/699/257 2971/700/257 2972/701/257
f 2977/705/257 2978/706/257 2979/707/257 2980/705/257
f 2985/711/257 2986/712/257 2987/713/257 2988/714/257
f 2993/719/257 2994/720/257 2995/720/257 2996/721/257
f 3005/821/256 3006/822/256 3007/823/256 3008/824/256
f 3013/829/256 3014/830/256 3015/830/256 3016/831/256
f 3017/832/256 3018/833/256 3019/834/256 3020/835/256
f 2945/839/255 2946/840/255 2947/841/255 2948/842/255
f 2949/843/255 2950/844/255 2951/845/255 2952/846/255
f 2957/851/255 2958/852/255 2959/852/255 2960/853/255
f 3062/858/258 3061/733/258 3064/728/258 3063/729/258
f 3066/860/258 3065/859/258 3068/861/258 3067/862/258
f 3070/725/258 3069/732/258 3072/863/258 3071/724/258
f 3078/869/258 3077/868/258 3080/870/258 3079/871/258
f 3086/874/258 3085/873/258 3088/875/258 3087/876/258
f 3094/878/258 3093/877/258 3096/879/258 3095/880/258
f 3357/635/255 3358/636/255 3359/636/255 3360/637/255
f 3417/638/256 3418/639/256 3419/640/256 3420/641/256
f 3381/644/257 3382/645/257 3383/645/257 3384/644/257
f 3385/698/257 3386/699/257 3387/700/257 3388/701/257
f 3393/705/257 3394/706/257 3395/707/257 3396/705/257
f 3401/711/257 3402/712/257 3403/713/257 3404/714/257
f 3409/719/257 3410/720/257 3411/720/257 3412/721/257
f 3421/821/256 3422/822/256 3423/823/256 3424/824/256
f 3429/829/256 3430/830/256 3431/830/256 3432/831/256
f 3433/832/256 3434/833/256 3435/834/256 3436/835/256
f 3361/839/255 3362/840/255 3363/841/255 3364/842/255
f 3365/843/255 3366/844/255 3367/845/255 3368/846/255
f 3373/851/255 3374/852/255 3375/852/255 3376/853/255
f 3478/858/258 3477/733/258 3480/728/258 3479/729/258
f 3482/860/258 3481/859/258 3484/861/258 3483/862/258
f 3486/725/258 3485/732/258 3488/863/258 3487/724/258
f 3494/869/258 3493/868/258 3496/870/258 3495/871/258
f 3502/874/258 3501/873/258 3504/875/258 3503/876/258
f 3510/878/258 3509/877/258 3512/879/258 3511/880/258
f 3773/635/255 3774/636/255 3775/636/255 3776/637/255
f 3833/638/256 3834/639/256 3835/640/256 3836/641/256
f 3797/644/257 3798/645/257 3799/645/257 3800/644/257
f 3801/698/257 3802/699/257 3803/700/257 3804/701/257
f 3809/705/257 3810/706/257 3811/707/257 3812/705/257
f 3817/711/257 3818/712/257 3819/713/257 3820/714/257
f 3825/719/257 3826/720/257 3827/720/257 3828/721/257
f 3837/821/256 3838/822/256 3839/823/256 3840/824/256
f 3845/829/256 3846/830/256 3847/830/256 3848/831/256
f 3849/832/256 3850/833/256 3851/834/256 3852/835/256
f 3777/839/255 3778/840/255 3779/841/255 3780/842/255
f 3781/843/255 3782/844/255 3783/845/255 3784/846/255
f 3789/851/255 3790/852/255 3791/852/255 3792/853/255
f 3894/858/258 3893/733/258 3896/728/258 3895/729/258
f 3898/860/258 3897/859/258 3900/861/258 3899/862/258
f 3902/725/258 3901/732/258 3904/863/258 3903/724/258
f 3910/869/258 3909/868/258 3912/870/258 3911/871/258
f 3918/874/258 3917/873/258 3920/875/258 3919/876/258
f 3926/878/258 3925/877/258 3928/879/258 3927/880/258
f 4189/635/255 4190/636/255 4191/636/255 4192/637/255
f 4249/638/256 4250/639/256 4251/640/256 4252/641/256
f 4213/644/257 4214/645/257 4215/645/257 4216/644/257
f 4217/698/257 4218/699/257 4219/700/257 4220/701/257
f 4225/705/257 4226/706/257 4227/707/257 4228/705/257
f 4233/711/257 4234/712/257 4235/713/257 4236/714/257
f 4241/719/257 4242/720/257 4243/720/257 4244/721/257
f 4253/821/256 4254/822/256 4255/823/256 4256/824/256
f 4261/829/256 4262/830/256 4263/830/256 4264/831/256
f 4265/832/256 4266/833/256 4267/834/256 4268/835/256
f 4193/839/255 4194/840/255 4195/841/255 4196/842/255
f 4197/843/255 4198/844/255 4199/845/255 4200/846/255
f 4205/851/255 4206/852/255 4207/852/255 4208/853/255
f 4310/858/258 4309/733/258 4312/728/258 4311/729/258
f 4314/860/258 4313/859/258 4316/861/258 4315/862/258
f 4318/725/258 4317/732/258 4320/863/258 4319/724/258
f 4326/869/258 4325/868/258 4328/870/258 4327/871/258
f 4334/874/258 4333/873/258 4336/875/258 4335/876/258
f 4342/878/258 4341/877/258 4344/879/258 4343/880/258
f 4605/635/255 4606/636/255 4607/636/255 4608/637/255
f 4665/638/256 4666/639/256 4667/640/256 4668/641/256
f 4629/644/257 4630/645/257 4631/645/257 4632/644/257
f 4633/698/257 4634/699/257 4635/700/257 4636/701/257
f 4641/705/257 4642/706/257 4643/707/257 4644/705/257
f 4649/711/257 4650/712/257 4651/713/257 4652/714/257
f 4657/719/257 4658/720/257 4659/720/257 4660/721/257
f 4669/821/256 4670/822/256 4671/823/256 4672/824/256
f 4677/829/256 4678/830/256 4679/830/256 4680/831/256
f 4681/832/256 4682/833/256 4683/834/256 4684/835/256
f 4609/839/255 4610/840/255 4611/841/255 4612/842/255
f 4613/843/255 4614/844/255 4615/845/255 4616/846/255
f 4621/851/255 4622/852/255 4623/852/255 4624/853/255
f 4726/858/258 4725/733/258 4728/728/258 4727/729/258
f 4730/860/258 4729/859/258 4732/861/258 4731/862/258
f 4734/725/258 4733/732/258 4736/863/258 4735/724/258
f 4742/869/258 4741/868/258 4744/870/258 4743/871/258
f 4750/874/258 4749/873/258 4752/875/258 4751/876/258
f 4758/878/258 4757/877/258 4760/879/258 4759/880/258
o Plane.063
v -105.290794 0.152912 -25.112400
v -102.120216 0.152912 -25.112400
v -105.290794 0.152912 -30.074741
v -102.120216 0.152912 -30.074741
v -105.290794 1.330617 -30.074741
v -105.290794 1.330617 -25.112400
v -102.120216 1.330617 -25.112400
v -102.120216 1.330617 -30.074741
v -105.290794 1.475412 -30.074741
v -105.290794 1.475412 -25.112400
v -102.120216 1.475412 -25.112400
v -102.120216 1.475412 -30.074741
v -105.547981 1.330617 -30.477282
v -105.547981 1.330617 -24.709860
v -101.863029 1.330617 -24.709860
v -101.863029 1.330617 -30.477282
v -105.547981 1.475412 -30.477282
v -105.547981 1.475412 -24.709860
v -101.863029 1.475412 -24.709860
v -101.863029 1.475412 -30.477282
v -105.290794 0.310640 -30.074741
v -102.120216 0.310640 -30.074741
v -102.120216 0.310640 -25.112400
v -105.290794 0.310640 -25.112400
v -104.656677 0.152912 -25.112400
v -104.022560 0.152912 -25.112400
v -103.388451 0.152912 -25.112400
v -102.754333 0.152912 -25.112400
v -102.754333 0.152912 -30.074741
v -103.388451 0.152912 -30.074741
v -104.022560 0.152912 -30.074741
v -104.656677 0.152912 -30.074741
v -104.656677 1.330617 -25.112400
v -104.022560 1.330617 -25.112400
v -103.388451 1.330617 -25.112400
v -102.754333 1.330617 -25.112400
v -102.754333 1.330617 -30.074741
v -103.388451 1.330617 -30.074741
v -104.022560 1.330617 -30.074741
v -104.656677 1.330617 -30.074741
v -104.656677 1.475412 -25.112400
v -104.022560 1.475412 -25.112400
v -103.388451 1.475412 -25.112400
v -102.754333 1.475412 -25.112400
v -102.754333 1.475412 -30.074741
v -103.388451 1.475412 -30.074741
v -104.022560 1.475412 -30.074741
v -104.656677 1.475412 -30.074741
v -104.810989 1.330617 -24.709860
v -104.073997 1.330617 -24.709860
v -103.337013 1.330617 -24.709860
v -102.600021 1.330617 -24.709860
v -102.600021 1.330617 -30.477282
v -103.337013 1.330617 -30.477282
v -104.073997 1.330617 -30.477282
v -104.810989 1.330617 -30.477282
v -104.810989 1.475412 -24.709860
v -104.073997 1.475412 -24.709860
v -103.337013 1.475412 -24.709860
v -102.600021 1.475412 -24.709860
v -102.600021 1.475412 -30.477282
v -103.337013 1.475412 -30.477282
v -104.073997 1.475412 -30.477282
v -104.810989 1.475412 -30.477282
v -102.754333 0.310640 -25.112400
v -103.388451 0.310640 -25.112400
v -104.022560 0.310640 -25.112400
v -104.656677 0.310640 -25.112400
v -104.656677 0.310640 -30.074741
v -104.022560 0.310640 -30.074741
v -103.388451 0.310640 -30.074741
v -102.754333 0.310640 -30.074741
v -105.290794 0.152912 -29.247684
v -105.290794 0.152912 -28.420628
v -105.290794 0.152912 -27.593571
v -105.290794 0.152912 -26.766514
v -105.290794 0.152912 -25.939457
v -102.120216 0.152912 -25.939457
v -102.120216 0.152912 -26.766514
v -102.120216 0.152912 -27.593571
v -102.120216 0.152912 -28.420628
v -102.120216 0.152912 -29.247684
v -105.290794 1.330617 -29.247684
v -105.290794 1.330617 -28.420628
v -105.290794 1.330617 -27.593571
v -105.290794 1.330617 -26.766514
v -105.290794 1.330617 -25.939457
v -102.120216 1.330617 -25.939457
v -102.120216 1.330617 -26.766514
v -102.120216 1.330617 -27.593571
v -102.120216 1.330617 -28.420628
v -102.120216 1.330617 -29.247684
v -105.290794 1.475412 -29.247684
v -105.290794 1.475412 -28.420628
v -105.290794 1.475412 -27.593571
v -105.290794 1.475412 -26.766514
v -105.290794 1.475412 -25.939457
v -102.120216 1.475412 -25.939457
v -102.120216 1.475412 -26.766514
v -102.120216 1.475412 -27.593571
v -102.120216 1.475412 -28.420628
v -102.120216 1.475412 -29.247684
v -105.547981 1.330617 -29.516045
v -105.547981 1.330617 -28.554808
v -105.547981 1.330617 -27.593571
v -105.547981 1.330617 -26.632334
v -105.547981 1.330617 -25.671097
v -101.863029 1.330617 -25.671097
v -101.863029 1.330617 -26.632334
v -101.863029 1.330617 -27.593571
v -101.863029 1.330617 -28.554808
v -101.863029 1.330617 -29.516045
v -105.547981 1.475412 -29.516045
v -105.547981 1.475412 -28.554808
v -105.547981 1.475412 -27.593571
v -105.547981 1.475412 -26.632334
v -105.547981 1.475412 -25.671097
v -101.863029 1.475412 -25.671097
v -101.863029 1.475412 -26.632334
v -101.863029 1.475412 -27.593571
v -101.863029 1.475412 -28.554808
v -101.863029 1.475412 -29.516045
v -105.290794 0.310640 -25.939457
v -105.290794 0.310640 -26.766514
v -105.290794 0.310640 -27.593571
v -105.290794 0.310640 -28.420628
v -105.290794 0.310640 -29.247684
v -102.120216 0.310640 -29.247684
v -102.120216 0.310640 -28.420628
v -102.120216 0.310640 -27.593571
v -102.120216 0.310640 -26.766514
v -102.120216 0.310640 -25.939457
v -104.656677 1.475412 -25.939457
v -104.656677 1.475412 -26.766514
v -104.656677 1.475412 -27.593571
v -104.656677 1.475412 -28.420628
v -104.656677 1.475412 -29.247684
v -104.022560 1.475412 -25.939457
v -104.022560 1.475412 -26.766514
v -104.022560 1.475412 -27.593571
v -104.022560 1.475412 -28.420628
v -104.022560 1.475412 -29.247684
v -103.388451 1.475412 -25.939457
v -103.388451 1.475412 -26.766514
v -103.388451 1.475412 -27.593571
v -103.388451 1.475412 -28.420628
v -103.388451 1.475412 -29.247684
v -102.754333 1.475412 -25.939457
v -102.754333 1.475412 -26.766514
v -102.754333 1.475412 -27.593571
v -102.754333 1.475412 -28.420628
v -102.754333 1.475412 -29.247684
v -104.656677 0.152912 -29.247684
v -104.656677 0.152912 -28.420628
v -104.656677 0.152912 -27.593571
v -104.656677 0.152912 -26.766514
v -104.656677 0.152912 -25.939457
v -104.022560 0.152912 -29.247684
v -104.022560 0.152912 -28.420628
v -104.022560 0.152912 -27.593571
v -104.022560 0.152912 -26.766514
v -104.022560 0.152912 -25.939457
v -103.388451 0.152912 -29.247684
v -103.388451 0.152912 -28.420628
v -103.388451 0.152912 -27.593571
v -103.388451 0.152912 -26.766514
v -103.388451 0.152912 -25.939457
v -102.754333 0.152912 -29.247684
v -102.754333 0.152912 -28.420628
v -102.754333 0.152912 -27.593571
v -102.754333 0.152912 -26.766514
v -102.754333 0.152912 -25.939457
v -102.651527 0.375492 -25.112400
v -102.223030 0.375492 -25.112400
v -102.223030 1.265765 -25.112400
v -102.651527 1.265765 -25.112400
v -105.187981 0.375492 -25.112400
v -104.759483 0.375492 -25.112400
v -104.759483 1.265765 -25.112400
v -105.187981 1.265765 -25.112400
v -104.553871 0.375492 -25.112400
v -104.125374 0.375492 -25.112400
v -104.125374 1.265765 -25.112400
v -104.553871 1.265765 -25.112400
v -103.919754 0.375492 -25.112400
v -103.491257 0.375492 -25.112400
v -103.491257 1.265765 -25.112400
v -103.919754 1.265765 -25.112400
v -103.285637 0.375492 -25.112400
v -102.857140 0.375492 -25.112400
v -102.857140 1.265765 -25.112400
v -103.285637 1.265765 -25.112400
v -102.120216 0.372336 -29.400763
v -102.120216 0.372336 -29.921665
v -102.120216 1.268922 -29.921665
v -102.120216 1.268922 -29.400763
v -102.120216 0.372336 -25.265476
v -102.120216 0.372336 -25.786379
v -102.120216 1.268922 -25.786379
v -102.120216 1.268922 -25.265476
v -102.120216 0.372336 -26.092533
v -102.120216 0.372336 -26.613438
v -102.120216 1.268922 -26.613438
v -102.120216 1.268922 -26.092533
v -102.120216 0.372336 -26.919590
v -102.120216 0.372336 -27.440495
v -102.120216 1.268922 -27.440495
v -102.120216 1.268922 -26.919590
v -102.120216 0.372336 -27.746647
v -102.120216 0.372336 -28.267551
v -102.120216 1.268922 -28.267551
v -102.120216 1.268922 -27.746647
v -102.120216 0.372336 -28.573704
v -102.120216 0.372336 -29.094608
v -102.120216 1.268922 -29.094608
v -102.120216 1.268922 -28.573704
v -104.766373 0.379838 -30.074741
v -105.181091 0.379838 -30.074741
v -105.181091 1.261420 -30.074741
v -104.766373 1.261420 -30.074741
v -102.229919 0.379838 -30.074741
v -102.644638 0.379838 -30.074741
v -102.644638 1.261420 -30.074741
v -102.229919 1.261420 -30.074741
v -102.864029 0.379838 -30.074741
v -103.278748 0.379838 -30.074741
v -103.278748 1.261420 -30.074741
v -102.864029 1.261420 -30.074741
v -103.498146 0.379838 -30.074741
v -103.912865 0.379838 -30.074741
v -103.912865 1.261420 -30.074741
v -103.498146 1.261420 -30.074741
v -104.132263 0.379838 -30.074741
v -104.546982 0.379838 -30.074741
v -104.546982 1.261420 -30.074741
v -104.132263 1.261420 -30.074741
v -105.290794 0.397486 -25.723978
v -105.290794 0.397486 -25.327879
v -105.290794 1.243771 -25.327879
v -105.290794 1.243771 -25.723978
v -105.290794 0.397486 -29.859262
v -105.290794 0.397486 -29.463163
v -105.290794 1.243771 -29.463163
v -105.290794 1.243771 -29.859262
v -105.290794 0.397486 -29.032206
v -105.290794 0.397486 -28.636106
v -105.290794 1.243771 -28.636106
v -105.290794 1.243771 -29.032206
v -105.290794 0.397486 -28.205149
v -105.290794 0.397486 -27.809050
v -105.290794 1.243771 -27.809050
v -105.290794 1.243771 -28.205149
v -105.290794 0.397486 -27.378092
v -105.290794 0.397486 -26.981993
v -105.290794 1.243771 -26.981993
v -105.290794 1.243771 -27.378092
v -105.290794 0.397486 -26.551035
v -105.290794 0.397486 -26.154936
v -105.290794 1.243771 -26.154936
v -105.290794 1.243771 -26.551035
vn -0.0000 -1.0000 -0.0000
vn -0.0000 -0.0000 -1.0000
vn -0.0000 -0.0000 1.0000
vn 1.0000 -0.0000 -0.0000
vn -1.0000 -0.0000 -0.0000
vn -0.0000 1.0000 -0.0000
vt 0.800000 0.833333
vt 0.800000 1.000000
vt 1.000000 1.000000
vt 1.000000 0.833333
vt 1.000000 0.833333
vt 1.000000 0.833333
vt 0.165401 1.000000
vt 0.034599 1.000000
vt 0.832426 0.000000
vt 0.967574 0.000000
vt 0.967574 0.000000
vt 0.832426 0.000000
vt 1.000000 0.864181
vt 1.000000 0.969152
vt 1.000000 0.969152
vt 1.000000 0.864181
vt 0.000000 0.123244
vt 0.000000 0.043423
vt 0.000000 0.043423
vt 0.000000 0.123244
vt 0.800000 0.833333
vt 1.000000 0.833333
vt 0.000000 0.833333
vt 0.000000 1.000000
vt 0.000000 0.833333
vt 1.000000 0.166667
vt 1.000000 0.000000
vt 1.000000 0.166667
vt 0.800000 0.000000
vt 0.000000 0.166667
vt 0.000000 0.000000
vt 0.200000 1.000000
vt 0.000000 0.166667
vt 0.200000 0.000000
vt 0.200000 0.000000
vt 0.600000 1.000000
vt 0.400000 1.000000
vt 0.400000 0.000000
vt 0.600000 0.000000
vt 0.800000 1.000000
vt 0.600000 1.000000
vt 0.400000 1.000000
vt 0.800000 0.000000
vt 0.600000 0.000000
vt 0.400000 0.000000
vt 0.400000 0.000000
vt 0.200000 0.833333
vt 0.400000 0.833333
vt 0.600000 0.833333
vt 0.032426 0.000000
vt 0.167574 0.000000
vt 0.167574 0.000000
vt 0.032426 0.000000
vt 0.232426 0.000000
vt 0.367574 0.000000
vt 0.367574 0.000000
vt 0.232426 0.000000
vt 0.432426 0.000000
vt 0.567574 0.000000
vt 0.432426 0.000000
vt 0.632426 0.000000
vt 0.767574 0.000000
vt 0.767574 0.000000
vt 0.632426 0.000000
vt 0.965401 1.000000
vt 0.834599 1.000000
vt 0.834599 1.000000
vt 0.765401 1.000000
vt 0.634599 1.000000
vt 0.634599 1.000000
vt 0.565401 1.000000
vt 0.434599 1.000000
vt 0.434599 1.000000
vt 0.565401 1.000000
vt 0.365401 1.000000
vt 0.234599 1.000000
vt 0.234599 1.000000
vt 0.365401 1.000000
vt 0.400000 0.833333
vt 0.600000 0.166667
vt 0.800000 0.166667
vt 0.600000 0.333333
vt 0.800000 0.333333
vt 0.600000 0.500000
vt 0.800000 0.500000
vt 0.600000 0.666667
vt 0.800000 0.666667
vt 0.400000 0.166667
vt 0.400000 0.333333
vt 0.400000 0.500000
vt 0.400000 0.666667
vt 0.200000 0.166667
vt 0.200000 0.333333
vt 0.200000 0.500000
vt 0.200000 0.666667
vt 0.000000 0.333333
vt 0.000000 0.500000
vt 0.000000 0.666667
vt 0.800000 0.166667
vt 0.600000 0.166667
vt 0.800000 0.333333
vt 0.600000 0.333333
vt 0.800000 0.666667
vt 0.600000 0.666667
vt 0.400000 0.166667
vt 0.400000 0.333333
vt 0.400000 0.500000
vt 0.400000 0.666667
vt 0.200000 0.166667
vt 0.200000 0.333333
vt 0.200000 0.666667
vt 0.000000 0.666667
vt 1.000000 0.166667
vt 1.000000 0.333333
vt 1.000000 0.333333
vt 1.000000 0.500000
vt 1.000000 0.500000
vt 1.000000 0.666667
vt 1.000000 0.666667
vt 0.000000 0.833333
vt 0.000000 0.500000
vt 0.000000 0.333333
vt 0.000000 0.666667
vt 1.000000 0.333333
vt 1.000000 0.666667
vt 1.000000 0.666667
vt 0.000000 0.956577
vt 0.000000 0.876756
vt 0.000000 0.956577
vt 0.000000 0.789910
vt 0.000000 0.710090
vt 0.000000 0.789911
vt 0.000000 0.623244
vt 0.000000 0.543423
vt 0.000000 0.623244
vt 0.000000 0.456577
vt 0.000000 0.376756
vt 0.000000 0.376756
vt 0.000000 0.289910
vt 0.000000 0.210090
vt 0.000000 0.210090
vt 1.000000 0.030848
vt 1.000000 0.135819
vt 1.000000 0.135819
vt 1.000000 0.030848
vt 1.000000 0.197514
vt 1.000000 0.302486
vt 1.000000 0.302486
vt 1.000000 0.197514
vt 1.000000 0.364181
vt 1.000000 0.469152
vt 1.000000 0.469152
vt 1.000000 0.364181
vt 1.000000 0.530848
vt 1.000000 0.635819
vt 1.000000 0.635819
vt 1.000000 0.530848
vt 1.000000 0.697514
vt 1.000000 0.802486
vt 1.000000 0.802486
vt 1.000000 0.697514
vt 1.000000 0.166667
vt 1.000000 0.500000
vt 1.000000 0.666667
s 0
usemtl A30-1
f 4928/881/259 4789/882/259 4764/883/259 4842/884/259
f 4852/885/259 4768/883/259 4776/883/259 4872/886/259
f 4912/901/264 4862/902/264 4772/883/264 4805/882/264
f 4853/903/264 4769/904/264 4777/904/264 4873/905/264
f 4858/906/264 4771/907/264 4779/907/264 4878/908/264
f 4796/909/259 4767/907/259 4775/907/259 4812/909/259
f 4812/909/261 4775/907/261 4779/907/261 4820/909/261
f 4872/886/262 4776/883/262 4780/883/262 4882/902/262
f 4867/910/263 4774/911/263 4778/911/263 4877/910/263
f 4816/912/260 4773/904/260 4777/904/260 4824/912/260
f 4805/882/264 4772/883/264 4780/883/264 4821/882/264
f 4847/913/259 4766/911/259 4774/911/259 4867/910/259
f 4801/914/264 4770/911/264 4778/911/264 4817/915/264
f 4800/912/259 4765/904/259 4773/904/259 4816/912/259
f 4837/913/263 4761/911/263 4784/911/263 4883/913/263
f 4842/884/262 4764/883/262 4782/883/262 4888/885/262
f 4788/909/261 4762/907/261 4783/907/261 4825/909/261
f 4792/912/260 4763/904/260 4781/904/260 4829/912/260
f 4764/883/260 4789/882/260 4832/882/260 4782/883/260
f 4789/882/260 4790/916/260 4831/916/260 4832/882/260
f 4790/916/260 4791/917/260 4830/917/260 4831/916/260
f 4791/917/260 4792/912/260 4829/912/260 4830/917/260
f 4761/911/261 4785/915/261 4828/915/261 4784/911/261
f 4785/915/261 4786/918/261 4827/918/261 4828/915/261
f 4786/918/261 4787/919/261 4826/919/261 4827/918/261
f 4787/919/261 4788/909/261 4825/909/261 4826/919/261
f 4768/883/259 4797/882/259 4813/920/259 4776/883/259
f 4797/882/259 4798/916/259 4814/921/259 4813/920/259
f 4798/916/259 4799/917/259 4815/922/259 4814/921/259
f 4799/917/259 4800/912/259 4816/912/259 4815/922/259
f 4771/907/264 4804/923/264 4820/909/264 4779/907/264
f 4804/923/264 4803/924/264 4819/919/264 4820/909/264
f 4803/924/264 4802/925/264 4818/918/264 4819/919/264
f 4802/925/264 4801/914/264 4817/915/264 4818/918/264
f 4769/904/264 4808/912/264 4824/912/264 4777/904/264
f 4808/912/264 4807/922/264 4823/922/264 4824/912/264
f 4807/922/264 4806/916/264 4822/916/264 4823/922/264
f 4806/916/264 4805/882/264 4821/882/264 4822/916/264
f 4776/883/260 4813/920/260 4821/882/260 4780/883/260
f 4813/920/260 4814/921/260 4822/916/260 4821/882/260
f 4814/921/260 4815/922/260 4823/922/260 4822/916/260
f 4815/922/260 4816/912/260 4824/912/260 4823/922/260
f 4774/911/261 4809/914/261 4817/915/261 4778/911/261
f 4809/914/261 4810/925/261 4818/918/261 4817/915/261
f 4810/925/261 4811/924/261 4819/919/261 4818/918/261
f 4811/924/261 4812/909/261 4820/909/261 4819/919/261
f 4766/911/259 4793/915/259 4809/914/259 4774/911/259
f 4793/915/259 4794/926/259 4810/925/259 4809/914/259
f 4794/926/259 4795/919/259 4811/924/259 4810/925/259
f 4795/919/259 4796/909/259 4812/909/259 4811/924/259
f 4853/903/264 4897/927/264 4808/912/264 4769/904/264
f 4897/927/264 4902/928/264 4807/922/264 4808/912/264
f 4902/928/264 4907/929/264 4806/916/264 4807/922/264
f 4907/929/264 4912/901/264 4805/882/264 4806/916/264
f 4941/934/261 4942/935/261 4943/936/261 4944/937/261
f 4949/941/261 4950/942/261 4951/943/261 4952/944/261
f 4985/948/260 4986/949/260 4987/950/260 4988/948/260
f 4993/955/260 4994/956/260 4995/957/260 4996/958/260
f 4833/903/259 4763/904/259 4792/912/259 4913/927/259
f 4913/927/259 4792/912/259 4791/917/259 4918/959/259
f 4918/959/259 4791/917/259 4790/916/259 4923/929/259
f 4923/929/259 4790/916/259 4789/882/259 4928/881/259
f 4787/919/259 4927/960/259 4932/961/259 4788/909/259
f 4927/960/259 4926/962/259 4931/963/259 4932/961/259
f 4926/962/259 4925/964/259 4930/965/259 4931/963/259
f 4925/964/259 4924/966/259 4929/967/259 4930/965/259
f 4924/966/259 4923/929/259 4928/881/259 4929/967/259
f 4786/918/259 4922/968/259 4927/960/259 4787/919/259
f 4922/968/259 4921/969/259 4926/962/259 4927/960/259
f 4921/969/259 4920/970/259 4925/964/259 4926/962/259
f 4920/970/259 4919/971/259 4924/966/259 4925/964/259
f 4919/971/259 4918/959/259 4923/929/259 4924/966/259
f 4785/915/259 4917/972/259 4922/968/259 4786/918/259
f 4917/972/259 4916/973/259 4921/969/259 4922/968/259
f 4916/973/259 4915/974/259 4920/970/259 4921/969/259
f 4915/974/259 4914/975/259 4919/971/259 4920/970/259
f 4914/975/259 4913/927/259 4918/959/259 4919/971/259
f 4761/911/259 4837/913/259 4917/972/259 4785/915/259
f 4837/913/259 4836/976/259 4916/973/259 4917/972/259
f 4836/976/259 4835/977/259 4915/974/259 4916/973/259
f 4835/977/259 4834/978/259 4914/975/259 4915/974/259
f 4834/978/259 4833/903/259 4913/927/259 4914/975/259
f 4803/924/264 4804/923/264 4908/979/264 4903/980/264
f 4903/980/264 4908/979/264 4909/981/264 4904/982/264
f 4904/982/264 4909/981/264 4910/965/264 4905/964/264
f 4905/964/264 4910/965/264 4911/983/264 4906/984/264
f 4906/984/264 4911/983/264 4912/901/264 4907/929/264
f 4802/925/264 4803/924/264 4903/980/264 4898/985/264
f 4898/985/264 4903/980/264 4904/982/264 4899/986/264
f 4899/986/264 4904/982/264 4905/964/264 4900/987/264
f 4900/987/264 4905/964/264 4906/984/264 4901/988/264
f 4901/988/264 4906/984/264 4907/929/264 4902/928/264
f 4801/914/264 4802/925/264 4898/985/264 4893/989/264
f 4893/989/264 4898/985/264 4899/986/264 4894/990/264
f 4894/990/264 4899/986/264 4900/987/264 4895/974/264
f 4895/974/264 4900/987/264 4901/988/264 4896/991/264
f 4896/991/264 4901/988/264 4902/928/264 4897/927/264
f 4770/911/264 4801/914/264 4893/989/264 4857/913/264
f 4857/913/264 4893/989/264 4894/990/264 4856/976/264
f 4856/976/264 4894/990/264 4895/974/264 4855/977/264
f 4855/977/264 4895/974/264 4896/991/264 4854/992/264
f 4854/992/264 4896/991/264 4897/927/264 4853/903/264
f 4762/907/262 4838/906/262 4892/993/262 4783/907/262
f 4838/906/262 4839/994/262 4891/995/262 4892/993/262
f 4839/994/262 4840/996/262 4890/997/262 4891/995/262
f 4840/996/262 4841/998/262 4889/999/262 4890/997/262
f 4841/998/262 4842/884/262 4888/885/262 4889/999/262
f 4763/904/263 4833/903/263 4887/1000/263 4781/904/263
f 4833/903/263 4834/978/263 4886/992/263 4887/1000/263
f 4834/978/263 4835/977/263 4885/1001/263 4886/992/263
f 4835/977/263 4836/976/263 4884/1002/263 4885/1001/263
f 4836/976/263 4837/913/263 4883/913/263 4884/1002/263
f 4765/904/259 4843/905/259 4863/1000/259 4773/904/259
f 4843/905/259 4844/1003/259 4864/978/259 4863/1000/259
f 4844/1003/259 4845/977/259 4865/977/259 4864/978/259
f 4845/977/259 4846/976/259 4866/976/259 4865/977/259
f 4846/976/259 4847/913/259 4867/910/259 4866/976/259
f 4773/904/263 4863/1000/263 4873/905/263 4777/904/263
f 4863/1000/263 4864/978/263 4874/992/263 4873/905/263
f 4864/978/263 4865/977/263 4875/977/263 4874/992/263
f 4865/977/263 4866/976/263 4876/976/263 4875/977/263
f 4866/976/263 4867/910/263 4877/910/263 4876/976/263
f 4775/907/262 4868/906/262 4878/908/262 4779/907/262
f 4868/906/262 4869/1004/262 4879/995/262 4878/908/262
f 4869/1004/262 4870/996/262 4880/996/262 4879/995/262
f 4870/996/262 4871/1005/262 4881/1006/262 4880/996/262
f 4871/1005/262 4872/886/262 4882/902/262 4881/1006/262
f 4772/883/264 4862/902/264 4882/902/264 4780/883/264
f 4862/902/264 4861/1005/264 4881/1006/264 4882/902/264
f 4861/1005/264 4860/996/264 4880/996/264 4881/1006/264
f 4860/996/264 4859/1004/264 4879/995/264 4880/996/264
f 4859/1004/264 4858/906/264 4878/908/264 4879/995/264
f 4770/911/264 4857/913/264 4877/910/264 4778/911/264
f 4857/913/264 4856/976/264 4876/976/264 4877/910/264
f 4856/976/264 4855/977/264 4875/977/264 4876/976/264
f 4855/977/264 4854/992/264 4874/992/264 4875/977/264
f 4854/992/264 4853/903/264 4873/905/264 4874/992/264
f 4804/923/264 4771/907/264 4858/906/264 4908/979/264
f 4908/979/264 4858/906/264 4859/1004/264 4909/981/264
f 4909/981/264 4859/1004/264 4860/996/264 4910/965/264
f 4910/965/264 4860/996/264 4861/1005/264 4911/983/264
f 4911/983/264 4861/1005/264 4862/902/264 4912/901/264
f 5005/1010/263 5006/1011/263 5007/1011/263 5008/1012/263
f 5017/1019/263 5018/1020/263 5019/1021/263 5020/1019/263
f 4961/1026/262 4962/1027/262 4963/1028/262 4964/1029/262
f 4969/1034/262 4970/1035/262 4971/1036/262 4972/1037/262
f 4767/907/259 4848/1042/259 4868/906/259 4775/907/259
f 4848/1042/259 4849/1004/259 4869/1004/259 4868/906/259
f 4849/1004/259 4850/1043/259 4870/996/259 4869/1004/259
f 4850/1043/259 4851/1044/259 4871/1005/259 4870/996/259
f 4851/1044/259 4852/885/259 4872/886/259 4871/1005/259
f 4788/909/259 4932/961/259 4838/906/259 4762/907/259
f 4932/961/259 4931/963/259 4839/994/259 4838/906/259
f 4931/963/259 4930/965/259 4840/996/259 4839/994/259
f 4930/965/259 4929/967/259 4841/998/259 4840/996/259
f 4929/967/259 4928/881/259 4842/884/259 4841/998/259
f 4825/909/261 4783/907/261 4934/890/261 4933/889/261
f 4783/907/261 4767/907/261 4935/891/261 4934/890/261
f 4767/907/261 4796/909/261 4936/892/261 4935/891/261
f 4796/909/261 4825/909/261 4933/889/261 4936/892/261
f 4784/911/261 4828/915/261 4938/931/261 4937/930/261
f 4828/915/261 4793/915/261 4939/932/261 4938/931/261
f 4793/915/261 4766/911/261 4940/933/261 4939/932/261
f 4766/911/261 4784/911/261 4937/930/261 4940/933/261
f 4828/915/261 4827/918/261 4942/935/261 4941/934/261
f 4827/918/261 4794/926/261 4943/936/261 4942/935/261
f 4794/926/261 4793/915/261 4944/937/261 4943/936/261
f 4793/915/261 4828/915/261 4941/934/261 4944/937/261
f 4827/918/261 4826/919/261 4946/939/261 4945/938/261
f 4826/919/261 4795/919/261 4947/939/261 4946/939/261
f 4795/919/261 4794/926/261 4948/940/261 4947/939/261
f 4794/926/261 4827/918/261 4945/938/261 4948/940/261
f 4826/919/261 4825/909/261 4950/942/261 4949/941/261
f 4825/909/261 4796/909/261 4951/943/261 4950/942/261
f 4796/909/261 4795/919/261 4952/944/261 4951/943/261
f 4795/919/261 4826/919/261 4949/941/261 4952/944/261
f 4888/885/262 4782/883/262 4954/894/262 4953/893/262
f 4782/883/262 4768/883/262 4955/895/262 4954/894/262
f 4768/883/262 4852/885/262 4956/896/262 4955/895/262
f 4852/885/262 4888/885/262 4953/893/262 4956/896/262
f 4783/907/262 4892/993/262 4958/1023/262 4957/1022/262
f 4892/993/262 4848/1042/262 4959/1024/262 4958/1023/262
f 4848/1042/262 4767/907/262 4960/1025/262 4959/1024/262
f 4767/907/262 4783/907/262 4957/1022/262 4960/1025/262
f 4892/993/262 4891/995/262 4962/1027/262 4961/1026/262
f 4891/995/262 4849/1004/262 4963/1028/262 4962/1027/262
f 4849/1004/262 4848/1042/262 4964/1029/262 4963/1028/262
f 4848/1042/262 4892/993/262 4961/1026/262 4964/1029/262
f 4891/995/262 4890/997/262 4966/1031/262 4965/1030/262
f 4890/997/262 4850/1043/262 4967/1032/262 4966/1031/262
f 4850/1043/262 4849/1004/262 4968/1033/262 4967/1032/262
f 4849/1004/262 4891/995/262 4965/1030/262 4968/1033/262
f 4890/997/262 4889/999/262 4970/1035/262 4969/1034/262
f 4889/999/262 4851/1044/262 4971/1036/262 4970/1035/262
f 4851/1044/262 4850/1043/262 4972/1037/262 4971/1036/262
f 4850/1043/262 4890/997/262 4969/1034/262 4972/1037/262
f 4889/999/262 4888/885/262 4974/1039/262 4973/1038/262
f 4888/885/262 4852/885/262 4975/1040/262 4974/1039/262
f 4852/885/262 4851/1044/262 4976/1041/262 4975/1040/262
f 4851/1044/262 4889/999/262 4973/1038/262 4976/1041/262
f 4829/912/260 4781/904/260 4978/888/260 4977/887/260
f 4781/904/260 4765/904/260 4979/888/260 4978/888/260
f 4765/904/260 4800/912/260 4980/887/260 4979/888/260
f 4800/912/260 4829/912/260 4977/887/260 4980/887/260
f 4782/883/260 4832/882/260 4982/946/260 4981/945/260
f 4832/882/260 4797/882/260 4983/947/260 4982/946/260
f 4797/882/260 4768/883/260 4984/945/260 4983/947/260
f 4768/883/260 4782/883/260 4981/945/260 4984/945/260
f 4832/882/260 4831/916/260 4986/949/260 4985/948/260
f 4831/916/260 4798/916/260 4987/950/260 4986/949/260
f 4798/916/260 4797/882/260 4988/948/260 4987/950/260
f 4797/882/260 4832/882/260 4985/948/260 4988/948/260
f 4831/916/260 4830/917/260 4990/952/260 4989/951/260
f 4830/917/260 4799/917/260 4991/953/260 4990/952/260
f 4799/917/260 4798/916/260 4992/954/260 4991/953/260
f 4798/916/260 4831/916/260 4989/951/260 4992/954/260
f 4830/917/260 4829/912/260 4994/956/260 4993/955/260
f 4829/912/260 4800/912/260 4995/957/260 4994/956/260
f 4800/912/260 4799/917/260 4996/958/260 4995/957/260
f 4799/917/260 4830/917/260 4993/955/260 4996/958/260
f 4883/913/263 4784/911/263 4998/898/263 4997/897/263
f 4784/911/263 4766/911/263 4999/899/263 4998/898/263
f 4766/911/263 4847/913/263 5000/900/263 4999/899/263
f 4847/913/263 4883/913/263 4997/897/263 5000/900/263
f 4781/904/263 4887/1000/263 5002/1008/263 5001/1007/263
f 4887/1000/263 4843/905/263 5003/1008/263 5002/1008/263
f 4843/905/263 4765/904/263 5004/1009/263 5003/1008/263
f 4765/904/263 4781/904/263 5001/1007/263 5004/1009/263
f 4887/1000/263 4886/992/263 5006/1011/263 5005/1010/263
f 4886/992/263 4844/1003/263 5007/1011/263 5006/1011/263
f 4844/1003/263 4843/905/263 5008/1012/263 5007/1011/263
f 4843/905/263 4887/1000/263 5005/1010/263 5008/1012/263
f 4886/992/263 4885/1001/263 5010/1014/263 5009/1013/263
f 4885/1001/263 4845/977/263 5011/1014/263 5010/1014/263
f 4845/977/263 4844/1003/263 5012/1015/263 5011/1014/263
f 4844/1003/263 4886/992/263 5009/1013/263 5012/1015/263
f 4885/1001/263 4884/1002/263 5014/1017/263 5013/1016/263
f 4884/1002/263 4846/976/263 5015/1018/263 5014/1017/263
f 4846/976/263 4845/977/263 5016/1016/263 5015/1018/263
f 4845/977/263 4885/1001/263 5013/1016/263 5016/1016/263
f 4884/1002/263 4883/913/263 5018/1020/263 5017/1019/263
f 4883/913/263 4847/913/263 5019/1021/263 5018/1020/263
f 4847/913/263 4846/976/263 5020/1019/263 5019/1021/263
f 4846/976/263 4884/1002/263 5017/1019/263 5020/1019/263
usemtl A30-1_Windows
f 4977/887/260 4978/888/260 4979/888/260 4980/887/260
f 4933/889/261 4934/890/261 4935/891/261 4936/892/261
f 4953/893/262 4954/894/262 4955/895/262 4956/896/262
f 4997/897/263 4998/898/263 4999/899/263 5000/900/263
f 4937/930/261 4938/931/261 4939/932/261 4940/933/261
f 4945/938/261 4946/939/261 4947/939/261 4948/940/261
f 4981/945/260 4982/946/260 4983/947/260 4984/945/260
f 4989/951/260 4990/952/260 4991/953/260 4992/954/260
f 5001/1007/263 5002/1008/263 5003/1008/263 5004/1009/263
f 5009/1013/263 5010/1014/263 5011/1014/263 5012/1015/263
f 5013/1016/263 5014/1017/263 5015/1018/263 5016/1016/263
f 4957/1022/262 4958/1023/262 4959/1024/262 4960/1025/262
f 4965/1030/262 4966/1031/262 4967/1032/262 4968/1033/262
f 4973/1038/262 4974/1039/262 4975/1040/262 4976/1041/262
