# Blender 4.0.2
# www.blender.org
mtllib B5.mtl
o Text.014
v -46.122322 4.852339 -65.307968
v -46.122322 4.852339 -63.317966
v -45.933144 4.852339 -63.318970
v -45.757267 4.852339 -63.271683
v -45.595291 4.852339 -63.179226
v -45.447823 4.852339 -63.044701
v -45.315453 4.852339 -62.871223
v -45.198792 4.852339 -62.661903
v -45.098427 4.852339 -62.419853
v -45.014969 4.852339 -62.148186
v -44.949009 4.852339 -61.850010
v -44.901154 4.852339 -61.528439
v -44.872002 4.852339 -61.186584
v -44.862152 4.852339 -60.827553
v -44.871929 4.852339 -60.469608
v -44.900566 4.852339 -60.130493
v -44.947025 4.852339 -59.812550
v -45.010262 4.852339 -59.518127
v -45.089237 4.852339 -59.249561
v -45.182911 4.852339 -59.009205
v -45.290237 4.852339 -58.799393
v -45.410183 4.852339 -58.622475
v -45.541702 4.852339 -58.480789
v -45.683754 4.852339 -58.376686
v -45.835297 4.852339 -58.312508
v -45.995289 4.852339 -58.290592
v -46.069038 4.852339 -58.293541
v -46.140671 4.852339 -58.302551
v -46.210613 4.852339 -58.317867
v -46.279282 4.852339 -58.339725
v -46.347103 4.852339 -58.368378
v -46.414501 4.852339 -58.404057
v -46.481899 4.852339 -58.447010
v -46.549721 4.852339 -58.497478
v -46.618389 4.852339 -58.555706
v -46.688328 4.852339 -58.621937
v -46.759960 4.852339 -58.696407
v -46.833710 4.852339 -58.779366
v -46.833710 4.852339 -59.954746
v -46.771362 4.852339 -59.862621
v -46.708817 4.852339 -59.778297
v -46.646099 4.852339 -59.701813
v -46.583218 4.852339 -59.633205
v -46.520199 4.852339 -59.572521
v -46.457058 4.852339 -59.519794
v -46.393806 4.852339 -59.475071
v -46.330471 4.852339 -59.438389
v -46.267063 4.852339 -59.409786
v -46.203602 4.852339 -59.389305
v -46.140106 4.852339 -59.376987
v -46.076591 4.852339 -59.372875
v -45.980301 4.852339 -59.386147
v -45.887665 4.852339 -59.424755
v -45.799580 4.852339 -59.486885
v -45.716946 4.852339 -59.570709
v -45.640663 4.852339 -59.674416
v -45.571632 4.852339 -59.796185
v -45.510754 4.852339 -59.934196
v -45.458927 4.852339 -60.086636
v -45.417049 4.852339 -60.251682
v -45.386024 4.852339 -60.427517
v -45.366749 4.852339 -60.612320
v -45.360123 4.852339 -60.804279
v -45.369461 4.852339 -61.052441
v -45.397148 4.852339 -61.288364
v -45.442696 4.852339 -61.508526
v -45.505600 4.852339 -61.709412
v -45.585373 4.852339 -61.887508
v -45.681519 4.852339 -62.039303
v -45.793541 4.852339 -62.161270
v -45.920952 4.852339 -62.249905
v -46.063251 4.852339 -62.301689
v -46.219952 4.852339 -62.313103
v -46.390553 4.852339 -62.280636
v -46.574562 4.852339 -62.200771
v -46.574562 4.852339 -66.332062
v -45.034916 4.852339 -66.332062
v -45.034916 4.852339 -65.307968
v -48.561363 4.852339 -66.332062
v -48.383457 4.852339 -66.311333
v -48.222961 4.852339 -66.251572
v -48.079510 4.852339 -66.156410
v -47.952732 4.852339 -66.029488
v -47.842258 4.852339 -65.874443
v -47.747715 4.852339 -65.694908
v -47.668736 4.852339 -65.494530
v -47.604946 4.852339 -65.276932
v -47.555977 4.852339 -65.045761
v -47.521454 4.852339 -64.804649
v -47.501015 4.852339 -64.557228
v -47.494286 4.852339 -64.307144
v -47.497791 4.852339 -64.106590
v -47.508377 4.852339 -63.917831
v -47.526123 4.852339 -63.740547
v -47.551121 4.852339 -63.574421
v -47.583458 4.852339 -63.419121
v -47.623222 4.852339 -63.274323
v -47.670506 4.852339 -63.139713
v -47.725391 4.852339 -63.014961
v -47.787971 4.852339 -62.899746
v -47.858330 4.852339 -62.793743
v -47.936558 4.852339 -62.696629
v -48.022743 4.852339 -62.608082
v -48.022743 4.852339 -62.584808
v -47.897469 4.852339 -62.518047
v -47.781052 4.852339 -62.428940
v -47.673878 4.852339 -62.318417
v -47.576340 4.852339 -62.187408
v -47.488819 4.852339 -62.036842
v -47.411713 4.852339 -61.867649
v -47.345402 4.852339 -61.680756
v -47.290279 4.852339 -61.477097
v -47.246727 4.852339 -61.257591
v -47.215141 4.852339 -61.023182
v -47.195904 4.852339 -60.774788
v -47.189404 4.852339 -60.513344
v -47.196205 4.852339 -60.266315
v -47.217140 4.852339 -60.017029
v -47.252998 4.852339 -59.770000
v -47.304581 4.852339 -59.529762
v -47.372677 4.852339 -59.300838
v -47.458080 4.852339 -59.087757
v -47.561584 4.852339 -58.895039
v -47.683987 4.852339 -58.727211
v -47.826080 4.852339 -58.588802
v -47.988655 4.852339 -58.484333
v -48.172512 4.852339 -58.418335
v -48.378437 4.852339 -58.395329
v -49.567471 4.852339 -58.395329
v -49.567471 4.852339 -66.332062
v -48.739212 4.852339 -62.933929
v -48.621273 4.852339 -62.942665
v -48.513870 4.852339 -62.968895
v -48.416943 4.852339 -63.012665
v -48.330448 4.852339 -63.074009
v -48.254322 4.852339 -63.152973
v -48.188522 4.852339 -63.249596
v -48.132988 4.852339 -63.363914
v -48.087673 4.852339 -63.495975
v -48.052517 4.852339 -63.645813
v -48.027473 4.852339 -63.813473
v -48.012482 4.852339 -63.998989
v -48.007500 4.852339 -64.202408
v -48.010662 4.852339 -64.348839
v -48.020531 4.852339 -64.490379
v -48.037670 4.852339 -64.625542
v -48.062641 4.852339 -64.752815
v -48.096012 4.852339 -64.870720
v -48.138344 4.852339 -64.977753
v -48.190205 4.852339 -65.072426
v -48.252155 4.852339 -65.153229
v -48.324764 4.852339 -65.218689
v -48.408596 4.852339 -65.267288
v -48.504211 4.852339 -65.297546
v -48.612179 4.852339 -65.307968
v -49.069500 4.852339 -65.307968
v -49.069500 4.852339 -62.933929
v -48.444496 4.852339 -59.419422
v -48.307144 4.852339 -59.432819
v -48.186642 4.852339 -59.471306
v -48.082054 4.852339 -59.532341
v -47.992443 4.852339 -59.613380
v -47.916878 4.852339 -59.711876
v -47.854424 4.852339 -59.825279
v -47.804142 4.852339 -59.951050
v -47.765102 4.852339 -60.086636
v -47.736362 4.852339 -60.229500
v -47.716991 4.852339 -60.377087
v -47.706055 4.852339 -60.526859
v -47.702618 4.852339 -60.676266
v -47.707722 4.852339 -60.852108
v -47.723110 4.852339 -61.018169
v -47.748905 4.852339 -61.173405
v -47.785236 4.852339 -61.316757
v -47.832226 4.852339 -61.447178
v -47.889992 4.852339 -61.563622
v -47.958664 4.852339 -61.665031
v -48.038364 4.852339 -61.750359
v -48.129211 4.852339 -61.818554
v -48.231339 4.852339 -61.868565
v -48.344860 4.852339 -61.899342
v -48.469902 4.852339 -61.909836
v -49.069500 4.852339 -61.909836
v -49.069500 4.852339 -59.419422
v -46.122322 4.451242 -65.307968
v -46.122322 4.451242 -63.317966
v -45.933144 4.451242 -63.318970
v -45.757267 4.451242 -63.271683
v -45.595291 4.451242 -63.179226
v -45.447823 4.451242 -63.044701
v -45.315453 4.451242 -62.871223
v -45.198792 4.451242 -62.661903
v -45.098427 4.451242 -62.419853
v -45.014969 4.451242 -62.148186
v -44.949009 4.451242 -61.850010
v -44.901154 4.451242 -61.528439
v -44.872002 4.451242 -61.186584
v -44.862152 4.451242 -60.827553
v -44.871929 4.451242 -60.469608
v -44.900566 4.451242 -60.130493
v -44.947025 4.451242 -59.812550
v -45.010262 4.451242 -59.518127
v -45.089237 4.451242 -59.249561
v -45.182911 4.451242 -59.009205
v -45.290237 4.451242 -58.799393
v -45.410183 4.451242 -58.622475
v -45.541702 4.451242 -58.480789
v -45.683754 4.451242 -58.376686
v -45.835297 4.451242 -58.312508
v -45.995289 4.451242 -58.290592
v -46.069038 4.451242 -58.293541
v -46.140671 4.451242 -58.302551
v -46.210613 4.451242 -58.317867
v -46.279282 4.451242 -58.339725
v -46.347103 4.451242 -58.368378
v -46.414501 4.451242 -58.404057
v -46.481899 4.451242 -58.447010
v -46.549721 4.451242 -58.497478
v -46.618389 4.451242 -58.555706
v -46.688328 4.451242 -58.621937
v -46.759960 4.451242 -58.696407
v -46.833710 4.451242 -58.779366
v -46.833710 4.451242 -59.954746
v -46.771362 4.451242 -59.862621
v -46.708817 4.451242 -59.778297
v -46.646099 4.451242 -59.701813
v -46.583218 4.451242 -59.633205
v -46.520199 4.451242 -59.572521
v -46.457058 4.451242 -59.519794
v -46.393806 4.451242 -59.475071
v -46.330471 4.451242 -59.438389
v -46.267063 4.451242 -59.409786
v -46.203602 4.451242 -59.389305
v -46.140106 4.451242 -59.376987
v -46.076591 4.451242 -59.372875
v -45.980301 4.451242 -59.386147
v -45.887665 4.451242 -59.424755
v -45.799580 4.451242 -59.486885
v -45.716946 4.451242 -59.570709
v -45.640663 4.451242 -59.674416
v -45.571632 4.451242 -59.796185
v -45.510754 4.451242 -59.934196
v -45.458927 4.451242 -60.086636
v -45.417049 4.451242 -60.251682
v -45.386024 4.451242 -60.427517
v -45.366749 4.451242 -60.612320
v -45.360123 4.451242 -60.804279
v -45.369461 4.451242 -61.052441
v -45.397148 4.451242 -61.288364
v -45.442696 4.451242 -61.508526
v -45.505600 4.451242 -61.709412
v -45.585373 4.451242 -61.887508
v -45.681519 4.451242 -62.039303
v -45.793541 4.451242 -62.161270
v -45.920952 4.451242 -62.249905
v -46.063251 4.451242 -62.301689
v -46.219952 4.451242 -62.313103
v -46.390553 4.451242 -62.280636
v -46.574562 4.451242 -62.200771
v -46.574562 4.451242 -66.332062
v -45.034916 4.451242 -66.332062
v -45.034916 4.451242 -65.307968
v -48.561363 4.451242 -66.332062
v -48.383457 4.451242 -66.311333
v -48.222961 4.451242 -66.251572
v -48.079510 4.451242 -66.156410
v -47.952732 4.451242 -66.029488
v -47.842258 4.451242 -65.874443
v -47.747715 4.451242 -65.694908
v -47.668736 4.451242 -65.494530
v -47.604946 4.451242 -65.276932
v -47.555977 4.451242 -65.045761
v -47.521454 4.451242 -64.804649
v -47.501015 4.451242 -64.557228
v -47.494286 4.451242 -64.307144
v -47.497791 4.451242 -64.106590
v -47.508377 4.451242 -63.917831
v -47.526123 4.451242 -63.740547
v -47.551121 4.451242 -63.574421
v -47.583458 4.451242 -63.419121
v -47.623222 4.451242 -63.274323
v -47.670506 4.451242 -63.139713
v -47.725391 4.451242 -63.014961
v -47.787971 4.451242 -62.899746
v -47.858330 4.451242 -62.793743
v -47.936558 4.451242 -62.696629
v -48.022743 4.451242 -62.608082
v -48.022743 4.451242 -62.584808
v -47.897469 4.451242 -62.518047
v -47.781052 4.451242 -62.428940
v -47.673878 4.451242 -62.318417
v -47.576340 4.451242 -62.187408
v -47.488819 4.451242 -62.036842
v -47.411713 4.451242 -61.867649
v -47.345402 4.451242 -61.680756
v -47.290279 4.451242 -61.477097
v -47.246727 4.451242 -61.257591
v -47.215141 4.451242 -61.023182
v -47.195904 4.451242 -60.774788
v -47.189404 4.451242 -60.513344
v -47.196205 4.451242 -60.266315
v -47.217140 4.451242 -60.017029
v -47.252998 4.451242 -59.770000
v -47.304581 4.451242 -59.529762
v -47.372677 4.451242 -59.300838
v -47.458080 4.451242 -59.087757
v -47.561584 4.451242 -58.895039
v -47.683987 4.451242 -58.727211
v -47.826080 4.451242 -58.588802
v -47.988655 4.451242 -58.484333
v -48.172512 4.451242 -58.418335
v -48.378437 4.451242 -58.395329
v -49.567471 4.451242 -58.395329
v -49.567471 4.451242 -66.332062
v -48.739212 4.451242 -62.933929
v -48.621273 4.451242 -62.942665
v -48.513870 4.451242 -62.968895
v -48.416943 4.451242 -63.012665
v -48.330448 4.451242 -63.074009
v -48.254322 4.451242 -63.152973
v -48.188522 4.451242 -63.249596
v -48.132988 4.451242 -63.363914
v -48.087673 4.451242 -63.495975
v -48.052517 4.451242 -63.645813
v -48.027473 4.451242 -63.813473
v -48.012482 4.451242 -63.998989
v -48.007500 4.451242 -64.202408
v -48.010662 4.451242 -64.348839
v -48.020531 4.451242 -64.490379
v -48.037670 4.451242 -64.625542
v -48.062641 4.451242 -64.752815
v -48.096012 4.451242 -64.870720
v -48.138344 4.451242 -64.977753
v -48.190205 4.451242 -65.072426
v -48.252155 4.451242 -65.153229
v -48.324764 4.451242 -65.218689
v -48.408596 4.451242 -65.267288
v -48.504211 4.451242 -65.297546
v -48.612179 4.451242 -65.307968
v -49.069500 4.451242 -65.307968
v -49.069500 4.451242 -62.933929
v -48.444496 4.451242 -59.419422
v -48.307144 4.451242 -59.432819
v -48.186642 4.451242 -59.471306
v -48.082054 4.451242 -59.532341
v -47.992443 4.451242 -59.613380
v -47.916878 4.451242 -59.711876
v -47.854424 4.451242 -59.825279
v -47.804142 4.451242 -59.951050
v -47.765102 4.451242 -60.086636
v -47.736362 4.451242 -60.229500
v -47.716991 4.451242 -60.377087
v -47.706055 4.451242 -60.526859
v -47.702618 4.451242 -60.676266
v -47.707722 4.451242 -60.852108
v -47.723110 4.451242 -61.018169
v -47.748905 4.451242 -61.173405
v -47.785236 4.451242 -61.316757
v -47.832226 4.451242 -61.447178
v -47.889992 4.451242 -61.563622
v -47.958664 4.451242 -61.665031
v -48.038364 4.451242 -61.750359
v -48.129211 4.451242 -61.818554
v -48.231339 4.451242 -61.868565
v -48.344860 4.451242 -61.899342
v -48.469902 4.451242 -61.909836
v -49.069500 4.451242 -61.909836
v -49.069500 4.451242 -59.419422
v -48.561363 4.451242 -66.332062
v -48.561363 4.852339 -66.332062
v -48.383457 4.451242 -66.311333
v -48.383457 4.852339 -66.311333
v -48.222961 4.451242 -66.251572
v -48.222961 4.852339 -66.251572
v -48.079510 4.451242 -66.156410
v -48.079510 4.852339 -66.156410
v -47.952732 4.451242 -66.029488
v -47.952732 4.852339 -66.029488
v -47.842258 4.451242 -65.874443
v -47.842258 4.852339 -65.874443
v -47.747715 4.451242 -65.694908
v -47.747715 4.852339 -65.694908
v -47.668736 4.451242 -65.494530
v -47.668736 4.852339 -65.494530
v -47.604946 4.451242 -65.276932
v -47.604946 4.852339 -65.276932
v -47.555977 4.451242 -65.045761
v -47.555977 4.852339 -65.045761
v -47.521454 4.451242 -64.804649
v -47.521454 4.852339 -64.804649
v -47.501015 4.451242 -64.557228
v -47.501015 4.852339 -64.557228
v -47.494286 4.451242 -64.307144
v -47.494286 4.852339 -64.307144
v -47.497791 4.451242 -64.106590
v -47.497791 4.852339 -64.106590
v -47.508377 4.451242 -63.917831
v -47.508377 4.852339 -63.917831
v -47.526123 4.451242 -63.740547
v -47.526123 4.852339 -63.740547
v -47.551121 4.451242 -63.574421
v -47.551121 4.852339 -63.574421
v -47.583458 4.451242 -63.419121
v -47.583458 4.852339 -63.419121
v -47.623222 4.451242 -63.274323
v -47.623222 4.852339 -63.274323
v -47.670506 4.451242 -63.139713
v -47.670506 4.852339 -63.139713
v -47.725391 4.451242 -63.014961
v -47.725391 4.852339 -63.014961
v -47.787971 4.451242 -62.899746
v -47.787971 4.852339 -62.899746
v -47.858330 4.451242 -62.793743
v -47.858330 4.852339 -62.793743
v -47.936558 4.451242 -62.696629
v -47.936558 4.852339 -62.696629
v -48.022743 4.451242 -62.608082
v -48.022743 4.852339 -62.608082
v -48.022743 4.451242 -62.584808
v -48.022743 4.852339 -62.584808
v -47.897469 4.451242 -62.518047
v -47.897469 4.852339 -62.518047
v -47.781052 4.451242 -62.428940
v -47.781052 4.852339 -62.428940
v -47.673878 4.451242 -62.318417
v -47.673878 4.852339 -62.318417
v -47.576340 4.451242 -62.187408
v -47.576340 4.852339 -62.187408
v -47.488819 4.451242 -62.036842
v -47.488819 4.852339 -62.036842
v -47.411713 4.451242 -61.867649
v -47.411713 4.852339 -61.867649
v -47.345402 4.451242 -61.680756
v -47.345402 4.852339 -61.680756
v -47.290279 4.451242 -61.477097
v -47.290279 4.852339 -61.477097
v -47.246727 4.451242 -61.257591
v -47.246727 4.852339 -61.257591
v -47.215141 4.451242 -61.023182
v -47.215141 4.852339 -61.023182
v -47.195904 4.451242 -60.774788
v -47.195904 4.852339 -60.774788
v -47.189404 4.451242 -60.513344
v -47.189404 4.852339 -60.513344
v -47.196205 4.451242 -60.266315
v -47.196205 4.852339 -60.266315
v -47.217140 4.451242 -60.017029
v -47.217140 4.852339 -60.017029
v -47.252998 4.451242 -59.770000
v -47.252998 4.852339 -59.770000
v -47.304581 4.451242 -59.529762
v -47.304581 4.852339 -59.529762
v -47.372677 4.451242 -59.300838
v -47.372677 4.852339 -59.300838
v -47.458080 4.451242 -59.087757
v -47.458080 4.852339 -59.087757
v -47.561584 4.451242 -58.895039
v -47.561584 4.852339 -58.895039
v -47.683987 4.451242 -58.727211
v -47.683987 4.852339 -58.727211
v -47.826080 4.451242 -58.588802
v -47.826080 4.852339 -58.588802
v -47.988655 4.451242 -58.484333
v -47.988655 4.852339 -58.484333
v -48.172512 4.451242 -58.418335
v -48.172512 4.852339 -58.418335
v -48.378437 4.451242 -58.395329
v -48.378437 4.852339 -58.395329
v -49.567471 4.451242 -58.395329
v -49.567471 4.852339 -58.395329
v -49.567471 4.451242 -66.332062
v -49.567471 4.852339 -66.332062
v -48.739212 4.451242 -62.933929
v -48.739212 4.852339 -62.933929
v -48.621273 4.451242 -62.942665
v -48.621273 4.852339 -62.942665
v -48.513870 4.451242 -62.968895
v -48.513870 4.852339 -62.968895
v -48.416943 4.451242 -63.012665
v -48.416943 4.852339 -63.012665
v -48.330448 4.451242 -63.074009
v -48.330448 4.852339 -63.074009
v -48.254322 4.451242 -63.152973
v -48.254322 4.852339 -63.152973
v -48.188522 4.451242 -63.249596
v -48.188522 4.852339 -63.249596
v -48.132988 4.451242 -63.363914
v -48.132988 4.852339 -63.363914
v -48.087673 4.451242 -63.495975
v -48.087673 4.852339 -63.495975
v -48.052517 4.451242 -63.645813
v -48.052517 4.852339 -63.645813
v -48.027473 4.451242 -63.813473
v -48.027473 4.852339 -63.813473
v -48.012482 4.451242 -63.998989
v -48.012482 4.852339 -63.998989
v -48.007500 4.451242 -64.202408
v -48.007500 4.852339 -64.202408
v -48.010662 4.451242 -64.348839
v -48.010662 4.852339 -64.348839
v -48.020531 4.451242 -64.490379
v -48.020531 4.852339 -64.490379
v -48.037670 4.451242 -64.625542
v -48.037670 4.852339 -64.625542
v -48.062641 4.451242 -64.752815
v -48.062641 4.852339 -64.752815
v -48.096012 4.451242 -64.870720
v -48.096012 4.852339 -64.870720
v -48.138344 4.451242 -64.977753
v -48.138344 4.852339 -64.977753
v -48.190205 4.451242 -65.072426
v -48.190205 4.852339 -65.072426
v -48.252155 4.451242 -65.153229
v -48.252155 4.852339 -65.153229
v -48.324764 4.451242 -65.218689
v -48.324764 4.852339 -65.218689
v -48.408596 4.451242 -65.267288
v -48.408596 4.852339 -65.267288
v -48.504211 4.451242 -65.297546
v -48.504211 4.852339 -65.297546
v -48.612179 4.451242 -65.307968
v -48.612179 4.852339 -65.307968
v -49.069500 4.451242 -65.307968
v -49.069500 4.852339 -65.307968
v -49.069500 4.451242 -62.933929
v -49.069500 4.852339 -62.933929
v -48.444496 4.451242 -59.419422
v -48.444496 4.852339 -59.419422
v -48.307144 4.451242 -59.432819
v -48.307144 4.852339 -59.432819
v -48.186642 4.451242 -59.471306
v -48.186642 4.852339 -59.471306
v -48.082054 4.451242 -59.532341
v -48.082054 4.852339 -59.532341
v -47.992443 4.451242 -59.613380
v -47.992443 4.852339 -59.613380
v -47.916878 4.451242 -59.711876
v -47.916878 4.852339 -59.711876
v -47.854424 4.451242 -59.825279
v -47.854424 4.852339 -59.825279
v -47.804142 4.451242 -59.951050
v -47.804142 4.852339 -59.951050
v -47.765102 4.451242 -60.086636
v -47.765102 4.852339 -60.086636
v -47.736362 4.451242 -60.229500
v -47.736362 4.852339 -60.229500
v -47.716991 4.451242 -60.377087
v -47.716991 4.852339 -60.377087
v -47.706055 4.451242 -60.526859
v -47.706055 4.852339 -60.526859
v -47.702618 4.451242 -60.676266
v -47.702618 4.852339 -60.676266
v -47.707722 4.451242 -60.852108
v -47.707722 4.852339 -60.852108
v -47.723110 4.451242 -61.018169
v -47.723110 4.852339 -61.018169
v -47.748905 4.451242 -61.173405
v -47.748905 4.852339 -61.173405
v -47.785236 4.451242 -61.316757
v -47.785236 4.852339 -61.316757
v -47.832226 4.451242 -61.447178
v -47.832226 4.852339 -61.447178
v -47.889992 4.451242 -61.563622
v -47.889992 4.852339 -61.563622
v -47.958664 4.451242 -61.665031
v -47.958664 4.852339 -61.665031
v -48.038364 4.451242 -61.750359
v -48.038364 4.852339 -61.750359
v -48.129211 4.451242 -61.818554
v -48.129211 4.852339 -61.818554
v -48.231339 4.451242 -61.868565
v -48.231339 4.852339 -61.868565
v -48.344860 4.451242 -61.899342
v -48.344860 4.852339 -61.899342
v -48.469902 4.451242 -61.909836
v -48.469902 4.852339 -61.909836
v -49.069500 4.451242 -61.909836
v -49.069500 4.852339 -61.909836
v -49.069500 4.451242 -59.419422
v -49.069500 4.852339 -59.419422
v -46.122322 4.451242 -65.307968
v -46.122322 4.852339 -65.307968
v -46.122322 4.451242 -63.317966
v -46.122322 4.852339 -63.317966
v -45.933144 4.451242 -63.318970
v -45.933144 4.852339 -63.318970
v -45.757267 4.451242 -63.271683
v -45.757267 4.852339 -63.271683
v -45.595291 4.451242 -63.179226
v -45.595291 4.852339 -63.179226
v -45.447823 4.451242 -63.044701
v -45.447823 4.852339 -63.044701
v -45.315453 4.451242 -62.871223
v -45.315453 4.852339 -62.871223
v -45.198792 4.451242 -62.661903
v -45.198792 4.852339 -62.661903
v -45.098427 4.451242 -62.419853
v -45.098427 4.852339 -62.419853
v -45.014969 4.451242 -62.148186
v -45.014969 4.852339 -62.148186
v -44.949009 4.451242 -61.850010
v -44.949009 4.852339 -61.850010
v -44.901154 4.451242 -61.528439
v -44.901154 4.852339 -61.528439
v -44.872002 4.451242 -61.186584
v -44.872002 4.852339 -61.186584
v -44.862152 4.451242 -60.827553
v -44.862152 4.852339 -60.827553
v -44.871929 4.451242 -60.469608
v -44.871929 4.852339 -60.469608
v -44.900566 4.451242 -60.130493
v -44.900566 4.852339 -60.130493
v -44.947025 4.451242 -59.812550
v -44.947025 4.852339 -59.812550
v -45.010262 4.451242 -59.518127
v -45.010262 4.852339 -59.518127
v -45.089237 4.451242 -59.249561
v -45.089237 4.852339 -59.249561
v -45.182911 4.451242 -59.009205
v -45.182911 4.852339 -59.009205
v -45.290237 4.451242 -58.799393
v -45.290237 4.852339 -58.799393
v -45.410183 4.451242 -58.622475
v -45.410183 4.852339 -58.622475
v -45.541702 4.451242 -58.480789
v -45.541702 4.852339 -58.480789
v -45.683754 4.451242 -58.376686
v -45.683754 4.852339 -58.376686
v -45.835297 4.451242 -58.312508
v -45.835297 4.852339 -58.312508
v -45.995289 4.451242 -58.290592
v -45.995289 4.852339 -58.290592
v -46.069038 4.451242 -58.293541
v -46.069038 4.852339 -58.293541
v -46.140671 4.451242 -58.302551
v -46.140671 4.852339 -58.302551
v -46.210613 4.451242 -58.317867
v -46.210613 4.852339 -58.317867
v -46.279282 4.451242 -58.339725
v -46.279282 4.852339 -58.339725
v -46.347103 4.451242 -58.368378
v -46.347103 4.852339 -58.368378
v -46.414501 4.451242 -58.404057
v -46.414501 4.852339 -58.404057
v -46.481899 4.451242 -58.447010
v -46.481899 4.852339 -58.447010
v -46.549721 4.451242 -58.497478
v -46.549721 4.852339 -58.497478
v -46.618389 4.451242 -58.555706
v -46.618389 4.852339 -58.555706
v -46.688328 4.451242 -58.621937
v -46.688328 4.852339 -58.621937
v -46.759960 4.451242 -58.696407
v -46.759960 4.852339 -58.696407
v -46.833710 4.451242 -58.779366
v -46.833710 4.852339 -58.779366
v -46.833710 4.451242 -59.954746
v -46.833710 4.852339 -59.954746
v -46.771362 4.451242 -59.862621
v -46.771362 4.852339 -59.862621
v -46.708817 4.451242 -59.778297
v -46.708817 4.852339 -59.778297
v -46.646099 4.451242 -59.701813
v -46.646099 4.852339 -59.701813
v -46.583218 4.451242 -59.633205
v -46.583218 4.852339 -59.633205
v -46.520199 4.451242 -59.572521
v -46.520199 4.852339 -59.572521
v -46.457058 4.451242 -59.519794
v -46.457058 4.852339 -59.519794
v -46.393806 4.451242 -59.475071
v -46.393806 4.852339 -59.475071
v -46.330471 4.451242 -59.438389
v -46.330471 4.852339 -59.438389
v -46.267063 4.451242 -59.409786
v -46.267063 4.852339 -59.409786
v -46.203602 4.451242 -59.389305
v -46.203602 4.852339 -59.389305
v -46.140106 4.451242 -59.376987
v -46.140106 4.852339 -59.376987
v -46.076591 4.451242 -59.372875
v -46.076591 4.852339 -59.372875
v -45.980301 4.451242 -59.386147
v -45.980301 4.852339 -59.386147
v -45.887665 4.451242 -59.424755
v -45.887665 4.852339 -59.424755
v -45.799580 4.451242 -59.486885
v -45.799580 4.852339 -59.486885
v -45.716946 4.451242 -59.570709
v -45.716946 4.852339 -59.570709
v -45.640663 4.451242 -59.674416
v -45.640663 4.852339 -59.674416
v -45.571632 4.451242 -59.796185
v -45.571632 4.852339 -59.796185
v -45.510754 4.451242 -59.934196
v -45.510754 4.852339 -59.934196
v -45.458927 4.451242 -60.086636
v -45.458927 4.852339 -60.086636
v -45.417049 4.451242 -60.251682
v -45.417049 4.852339 -60.251682
v -45.386024 4.451242 -60.427517
v -45.386024 4.852339 -60.427517
v -45.366749 4.451242 -60.612320
v -45.366749 4.852339 -60.612320
v -45.360123 4.451242 -60.804279
v -45.360123 4.852339 -60.804279
v -45.369461 4.451242 -61.052441
v -45.369461 4.852339 -61.052441
v -45.397148 4.451242 -61.288364
v -45.397148 4.852339 -61.288364
v -45.442696 4.451242 -61.508526
v -45.442696 4.852339 -61.508526
v -45.505600 4.451242 -61.709412
v -45.505600 4.852339 -61.709412
v -45.585373 4.451242 -61.887508
v -45.585373 4.852339 -61.887508
v -45.681519 4.451242 -62.039303
v -45.681519 4.852339 -62.039303
v -45.793541 4.451242 -62.161270
v -45.793541 4.852339 -62.161270
v -45.920952 4.451242 -62.249905
v -45.920952 4.852339 -62.249905
v -46.063251 4.451242 -62.301689
v -46.063251 4.852339 -62.301689
v -46.219952 4.451242 -62.313103
v -46.219952 4.852339 -62.313103
v -46.390553 4.451242 -62.280636
v -46.390553 4.852339 -62.280636
v -46.574562 4.451242 -62.200771
v -46.574562 4.852339 -62.200771
v -46.574562 4.451242 -66.332062
v -46.574562 4.852339 -66.332062
v -45.034916 4.451242 -66.332062
v -45.034916 4.852339 -66.332062
v -45.034916 4.451242 -65.307968
v -45.034916 4.852339 -65.307968
vn -0.0000 1.0000 -0.0000
vn -0.0000 -1.0000 -0.0000
vn 0.0581 -0.0000 -0.9983
vn 0.2368 -0.0000 -0.9716
vn 0.4585 -0.0000 -0.8887
vn 0.6379 -0.0000 -0.7701
vn 0.7669 -0.0000 -0.6417
vn 0.8536 -0.0000 -0.5209
vn 0.9101 -0.0000 -0.4144
vn 0.9465 -0.0000 -0.3226
vn 0.9699 -0.0000 -0.2433
vn 0.9848 -0.0000 -0.1739
vn 0.9937 -0.0000 -0.1117
vn 0.9985 -0.0000 -0.0545
vn 1.0000 -0.0000 -0.0047
vn 0.9993 -0.0000 0.0367
vn 0.9970 -0.0000 0.0777
vn 0.9923 -0.0000 0.1239
vn 0.9844 -0.0000 0.1759
vn 0.9723 -0.0000 0.2337
vn 0.9548 -0.0000 0.2973
vn 0.9306 -0.0000 0.3661
vn 0.8985 -0.0000 0.4390
vn 0.8577 -0.0000 0.5142
vn 0.8078 -0.0000 0.5894
vn 0.7496 -0.0000 0.6619
vn 0.9623 -0.0000 0.2720
vn 0.9448 -0.0000 -0.3276
vn 0.5436 -0.0000 -0.8394
vn 0.6672 -0.0000 -0.7449
vn 0.7637 -0.0000 -0.6456
vn 0.8362 -0.0000 -0.5485
vn 0.8894 -0.0000 -0.4572
vn 0.9277 -0.0000 -0.3733
vn 0.9549 -0.0000 -0.2968
vn 0.9738 -0.0000 -0.2272
vn 0.9865 -0.0000 -0.1636
vn 0.9945 -0.0000 -0.1051
vn 0.9987 -0.0000 -0.0509
vn 1.0000 -0.0000 0.0013
vn 0.9985 -0.0000 0.0554
vn 0.9936 -0.0000 0.1133
vn 0.9844 -0.0000 0.1762
vn 0.9691 -0.0000 0.2465
vn 0.9450 -0.0000 0.3271
vn 0.9072 -0.0000 0.4206
vn 0.8486 -0.0000 0.5290
vn 0.7590 -0.0000 0.6511
vn 0.6269 -0.0000 0.7791
vn 0.4465 -0.0000 0.8948
vn 0.2285 -0.0000 0.9736
vn 0.0557 -0.0000 0.9984
vn -0.9164 -0.0000 0.4002
vn -0.9164 -0.0000 -0.4002
vn -0.0370 -0.0000 -0.9993
vn -0.1570 -0.0000 -0.9876
vn -0.3280 -0.0000 -0.9447
vn -0.5009 -0.0000 -0.8655
vn -0.6561 -0.0000 -0.7547
vn -0.7795 -0.0000 -0.6264
vn -0.8677 -0.0000 -0.4972
vn -0.9257 -0.0000 -0.3783
vn -0.9615 -0.0000 -0.2748
vn -0.9823 -0.0000 -0.1871
vn -0.9935 -0.0000 -0.1137
vn -0.9986 -0.0000 -0.0524
vn -1.0000 -0.0000 -0.0014
vn -0.9990 -0.0000 0.0455
vn -0.9952 -0.0000 0.0974
vn -0.9873 -0.0000 0.1586
vn -0.9729 -0.0000 0.2314
vn -0.9480 -0.0000 0.3183
vn -0.9067 -0.0000 0.4217
vn -0.8405 -0.0000 0.5418
vn -0.7387 -0.0000 0.6740
vn -0.5935 -0.0000 0.8049
vn -0.4079 -0.0000 0.9130
vn -0.2018 -0.0000 0.9794
vn -0.0482 -0.0000 0.9988
vn 0.9164 -0.0000 0.4002
vn 0.9164 -0.0000 -0.4002
vn -0.0487 -0.0000 -0.9988
vn -0.2036 -0.0000 -0.9790
vn -0.4104 -0.0000 -0.9119
vn -0.5952 -0.0000 -0.8036
vn -0.7391 -0.0000 -0.6736
vn -0.8397 -0.0000 -0.5430
vn -0.9054 -0.0000 -0.4245
vn -0.9467 -0.0000 -0.3222
vn -0.9718 -0.0000 -0.2359
vn -0.9866 -0.0000 -0.1631
vn -0.9949 -0.0000 -0.1012
vn -0.9989 -0.0000 -0.0478
vn -1.0000 -0.0000 0.0030
vn -0.9982 -0.0000 0.0604
vn -0.9918 -0.0000 0.1275
vn -0.9790 -0.0000 0.2038
vn -0.9568 -0.0000 0.2907
vn -0.9210 -0.0000 0.3895
vn -0.8659 -0.0000 0.5002
vn -0.7847 -0.0000 0.6198
vn -0.6717 -0.0000 0.7408
vn -0.5259 -0.0000 0.8505
vn -0.3549 -0.0000 0.9349
vn -0.1745 -0.0000 0.9847
vn -0.0419 -0.0000 0.9991
vn 0.9161 -0.0000 -0.4009
vn 0.1302 -0.0000 -0.9915
vn 0.3857 -0.0000 -0.9226
vn 0.5937 -0.0000 -0.8047
vn 0.7413 -0.0000 -0.6711
vn 0.8388 -0.0000 -0.5445
vn 0.9014 -0.0000 -0.4329
vn 0.9416 -0.0000 -0.3368
vn 0.9673 -0.0000 -0.2538
vn 0.9835 -0.0000 -0.1809
vn 0.9933 -0.0000 -0.1157
vn 0.9984 -0.0000 -0.0560
vn 1.0000 -0.0000 -0.0001
vn 0.9985 -0.0000 0.0556
vn 0.9935 -0.0000 0.1140
vn 0.9843 -0.0000 0.1767
vn 0.9695 -0.0000 0.2452
vn 0.9470 -0.0000 0.3214
vn 0.9131 -0.0000 0.4076
vn 0.8623 -0.0000 0.5064
vn 0.7854 -0.0000 0.6190
vn 0.6692 -0.0000 0.7430
vn 0.4989 -0.0000 0.8666
vn 0.2689 -0.0000 0.9632
vn 0.0484 -0.0000 0.9988
vn -0.0826 -0.0000 0.9966
vn -0.1698 -0.0000 0.9855
vn -0.2593 -0.0000 0.9658
vn -0.3472 -0.0000 0.9378
vn -0.4295 -0.0000 0.9030
vn -0.5037 -0.0000 0.8639
vn -0.5681 -0.0000 0.8229
vn -0.6226 -0.0000 0.7825
vn -0.6678 -0.0000 0.7444
vn -0.7046 -0.0000 0.7096
vn -0.7344 -0.0000 0.6788
vn -0.9649 -0.0000 0.2625
vn -0.7804 -0.0000 -0.6253
vn 0.8161 -0.0000 -0.5779
vn 0.7887 -0.0000 -0.6147
vn 0.7559 -0.0000 -0.6547
vn 0.7162 -0.0000 -0.6979
vn 0.6683 -0.0000 -0.7439
vn 0.6104 -0.0000 -0.7921
vn 0.5407 -0.0000 -0.8412
vn 0.4577 -0.0000 -0.8891
vn 0.3606 -0.0000 -0.9327
vn 0.2500 -0.0000 -0.9683
vn 0.1282 -0.0000 -0.9917
vn -0.0364 -0.0000 -0.9993
vn -0.2663 -0.0000 -0.9639
vn -0.4879 -0.0000 -0.8729
vn -0.6505 -0.0000 -0.7595
vn -0.7633 -0.0000 -0.6460
vn -0.8408 -0.0000 -0.5413
vn -0.8946 -0.0000 -0.4469
vn -0.9324 -0.0000 -0.3614
vn -0.9592 -0.0000 -0.2828
vn -0.9779 -0.0000 -0.2090
vn -0.9904 -0.0000 -0.1382
vn -0.9976 -0.0000 -0.0688
vn -1.0000 -0.0000 0.0015
vn -0.9971 -0.0000 0.0767
vn -0.9685 -0.0000 0.2491
vn -0.9362 -0.0000 0.3515
vn -0.8832 -0.0000 0.4691
vn -0.7976 -0.0000 0.6031
vn -0.6634 -0.0000 0.7483
vn -0.4663 -0.0000 0.8846
vn -0.2125 -0.0000 0.9772
vn 0.0584 -0.0000 0.9983
vn 0.2972 -0.0000 0.9548
vn -0.8846 -0.0000 0.4663
vt 0.961039 0.000000
vt 0.000000 0.000000
vt 0.974026 0.000000
vt 0.987013 0.000000
vt 1.000000 0.000000
vt 0.012987 0.000000
vt 0.038961 0.000000
vt 0.025974 0.000000
vt 0.051948 0.000000
vt 0.064935 0.000000
vt 0.077922 0.000000
vt 0.948052 0.000000
vt 0.090909 0.000000
vt 0.935065 0.000000
vt 0.103896 0.000000
vt 0.922078 0.000000
vt 0.116883 0.000000
vt 0.909091 0.000000
vt 0.896104 0.000000
vt 0.883117 0.000000
vt 0.129870 0.000000
vt 0.870130 0.000000
vt 0.857143 0.000000
vt 0.142857 0.000000
vt 0.844156 0.000000
vt 0.155844 0.000000
vt 0.831169 0.000000
vt 0.818182 0.000000
vt 0.168831 0.000000
vt 0.805195 0.000000
vt 0.181818 0.000000
vt 0.792208 0.000000
vt 0.779221 0.000000
vt 0.194805 0.000000
vt 0.766234 0.000000
vt 0.753247 0.000000
vt 0.207792 0.000000
vt 0.740260 0.000000
vt 0.480519 0.000000
vt 0.506494 0.000000
vt 0.493506 0.000000
vt 0.727273 0.000000
vt 0.519481 0.000000
vt 0.220779 0.000000
vt 0.714286 0.000000
vt 0.532468 0.000000
vt 0.545455 0.000000
vt 0.701299 0.000000
vt 0.558442 0.000000
vt 0.571429 0.000000
vt 0.688312 0.000000
vt 0.584416 0.000000
vt 0.233766 0.000000
vt 0.675325 0.000000
vt 0.597403 0.000000
vt 0.610390 0.000000
vt 0.662338 0.000000
vt 0.623377 0.000000
vt 0.636364 0.000000
vt 0.649351 0.000000
vt 0.246753 0.000000
vt 0.259740 0.000000
vt 0.272727 0.000000
vt 0.467532 0.000000
vt 0.454545 0.000000
vt 0.285714 0.000000
vt 0.441558 0.000000
vt 0.428571 0.000000
vt 0.415584 0.000000
vt 0.298701 0.000000
vt 0.402597 0.000000
vt 0.389610 0.000000
vt 0.311688 0.000000
vt 0.376623 0.000000
vt 0.363636 0.000000
vt 0.350649 0.000000
vt 0.324675 0.000000
vt 0.337662 0.000000
vt 0.476190 0.000000
vt 0.733333 0.000000
vt 0.485714 0.000000
vt 0.009524 0.000000
vt 0.019048 0.000000
vt 0.028571 0.000000
vt 0.038095 0.000000
vt 0.047619 0.000000
vt 0.057143 0.000000
vt 0.066667 0.000000
vt 0.723810 0.000000
vt 0.076190 0.000000
vt 0.742857 0.000000
vt 0.704762 0.000000
vt 0.085714 0.000000
vt 0.695238 0.000000
vt 0.685714 0.000000
vt 0.676190 0.000000
vt 0.666667 0.000000
vt 0.095238 0.000000
vt 0.657143 0.000000
vt 0.647619 0.000000
vt 0.104762 0.000000
vt 0.638095 0.000000
vt 0.628571 0.000000
vt 0.114286 0.000000
vt 0.619048 0.000000
vt 0.609524 0.000000
vt 0.123810 0.000000
vt 0.600000 0.000000
vt 0.133333 0.000000
vt 0.590476 0.000000
vt 0.580952 0.000000
vt 0.152381 0.000000
vt 0.161905 0.000000
vt 0.561905 0.000000
vt 0.171429 0.000000
vt 0.552381 0.000000
vt 0.180952 0.000000
vt 0.542857 0.000000
vt 0.533333 0.000000
vt 0.190476 0.000000
vt 0.523810 0.000000
vt 0.200000 0.000000
vt 0.514286 0.000000
vt 0.504762 0.000000
vt 0.495238 0.000000
vt 0.990476 0.000000
vt 0.209524 0.000000
vt 0.219048 0.000000
vt 0.228571 0.000000
vt 0.238095 0.000000
vt 0.247619 0.000000
vt 0.257143 0.000000
vt 0.266667 0.000000
vt 0.276190 0.000000
vt 0.980952 0.000000
vt 0.295238 0.000000
vt 0.971429 0.000000
vt 0.961905 0.000000
vt 0.952381 0.000000
vt 0.304762 0.000000
vt 0.942857 0.000000
vt 0.933333 0.000000
vt 0.314286 0.000000
vt 0.923810 0.000000
vt 0.914286 0.000000
vt 0.323810 0.000000
vt 0.904762 0.000000
vt 0.895238 0.000000
vt 0.333333 0.000000
vt 0.885714 0.000000
vt 0.342857 0.000000
vt 0.876190 0.000000
vt 0.866667 0.000000
vt 0.352381 0.000000
vt 0.847619 0.000000
vt 0.361905 0.000000
vt 0.838095 0.000000
vt 0.371429 0.000000
vt 0.828571 0.000000
vt 0.819048 0.000000
vt 0.380952 0.000000
vt 0.809524 0.000000
vt 0.800000 0.000000
vt 0.390476 0.000000
vt 0.790476 0.000000
vt 0.780952 0.000000
vt 0.771429 0.000000
vt 0.400000 0.000000
vt 0.761905 0.000000
vt 0.752381 0.000000
vt 0.409524 0.000000
vt 0.419048 0.000000
vt 0.438095 0.000000
vt 0.447619 0.000000
vt 0.457143 0.000000
vt 0.466667 0.000000
vt 0.000000 1.000000
vt 0.019231 1.000000
vt 0.019231 0.000000
vt 0.038462 1.000000
vt 0.038462 0.000000
vt 0.057692 1.000000
vt 0.057692 0.000000
vt 0.076923 1.000000
vt 0.076923 0.000000
vt 0.096154 1.000000
vt 0.096154 0.000000
vt 0.115385 1.000000
vt 0.115385 0.000000
vt 0.134615 1.000000
vt 0.134615 0.000000
vt 0.153846 1.000000
vt 0.153846 0.000000
vt 0.173077 1.000000
vt 0.173077 0.000000
vt 0.192308 1.000000
vt 0.192308 0.000000
vt 0.211538 1.000000
vt 0.211538 0.000000
vt 0.230769 1.000000
vt 0.230769 0.000000
vt 0.250000 1.000000
vt 0.250000 0.000000
vt 0.269231 1.000000
vt 0.269231 0.000000
vt 0.288462 1.000000
vt 0.288462 0.000000
vt 0.307692 1.000000
vt 0.307692 0.000000
vt 0.326923 1.000000
vt 0.326923 0.000000
vt 0.346154 1.000000
vt 0.346154 0.000000
vt 0.365385 1.000000
vt 0.365385 0.000000
vt 0.384615 1.000000
vt 0.384615 0.000000
vt 0.403846 1.000000
vt 0.403846 0.000000
vt 0.423077 1.000000
vt 0.423077 0.000000
vt 0.442308 1.000000
vt 0.442308 0.000000
vt 0.461538 1.000000
vt 0.461538 0.000000
vt 0.480769 1.000000
vt 0.480769 0.000000
vt 0.500000 1.000000
vt 0.500000 0.000000
vt 0.519231 1.000000
vt 0.519231 0.000000
vt 0.538462 1.000000
vt 0.538462 0.000000
vt 0.557692 1.000000
vt 0.557692 0.000000
vt 0.576923 1.000000
vt 0.576923 0.000000
vt 0.596154 1.000000
vt 0.596154 0.000000
vt 0.615385 1.000000
vt 0.615385 0.000000
vt 0.634615 1.000000
vt 0.634615 0.000000
vt 0.653846 1.000000
vt 0.653846 0.000000
vt 0.673077 1.000000
vt 0.673077 0.000000
vt 0.692308 1.000000
vt 0.692308 0.000000
vt 0.711538 1.000000
vt 0.711538 0.000000
vt 0.730769 1.000000
vt 0.730769 0.000000
vt 0.750000 1.000000
vt 0.750000 0.000000
vt 0.769231 1.000000
vt 0.769231 0.000000
vt 0.788462 1.000000
vt 0.788462 0.000000
vt 0.807692 1.000000
vt 0.807692 0.000000
vt 0.826923 1.000000
vt 0.826923 0.000000
vt 0.846154 1.000000
vt 0.846154 0.000000
vt 0.865385 1.000000
vt 0.865385 0.000000
vt 0.884615 1.000000
vt 0.884615 0.000000
vt 0.903846 1.000000
vt 0.903846 0.000000
vt 0.923077 1.000000
vt 0.923077 0.000000
vt 0.942308 1.000000
vt 0.942308 0.000000
vt 0.961538 1.000000
vt 0.961538 0.000000
vt 0.980769 1.000000
vt 0.980769 0.000000
vt 1.000000 1.000000
vt 0.037037 1.000000
vt 0.037037 0.000000
vt 0.074074 1.000000
vt 0.074074 0.000000
vt 0.111111 1.000000
vt 0.111111 0.000000
vt 0.148148 1.000000
vt 0.148148 0.000000
vt 0.185185 1.000000
vt 0.185185 0.000000
vt 0.222222 1.000000
vt 0.222222 0.000000
vt 0.259259 1.000000
vt 0.259259 0.000000
vt 0.296296 1.000000
vt 0.296296 0.000000
vt 0.333333 1.000000
vt 0.370370 1.000000
vt 0.370370 0.000000
vt 0.407407 1.000000
vt 0.407407 0.000000
vt 0.444444 1.000000
vt 0.444444 0.000000
vt 0.481481 1.000000
vt 0.481481 0.000000
vt 0.518519 1.000000
vt 0.518519 0.000000
vt 0.555556 1.000000
vt 0.555556 0.000000
vt 0.592593 1.000000
vt 0.592593 0.000000
vt 0.629630 1.000000
vt 0.629630 0.000000
vt 0.666667 1.000000
vt 0.703704 1.000000
vt 0.703704 0.000000
vt 0.740741 1.000000
vt 0.740741 0.000000
vt 0.777778 1.000000
vt 0.777778 0.000000
vt 0.814815 1.000000
vt 0.814815 0.000000
vt 0.851852 1.000000
vt 0.851852 0.000000
vt 0.888889 1.000000
vt 0.888889 0.000000
vt 0.925926 1.000000
vt 0.925926 0.000000
vt 0.962963 1.000000
vt 0.962963 0.000000
vt 0.012821 1.000000
vt 0.012821 0.000000
vt 0.025641 1.000000
vt 0.025641 0.000000
vt 0.051282 1.000000
vt 0.051282 0.000000
vt 0.064103 1.000000
vt 0.064103 0.000000
vt 0.089744 1.000000
vt 0.089744 0.000000
vt 0.102564 1.000000
vt 0.102564 0.000000
vt 0.128205 1.000000
vt 0.128205 0.000000
vt 0.141026 1.000000
vt 0.141026 0.000000
vt 0.166667 1.000000
vt 0.166667 0.000000
vt 0.179487 1.000000
vt 0.179487 0.000000
vt 0.205128 1.000000
vt 0.205128 0.000000
vt 0.217949 1.000000
vt 0.217949 0.000000
vt 0.243590 1.000000
vt 0.243590 0.000000
vt 0.256410 1.000000
vt 0.256410 0.000000
vt 0.282051 1.000000
vt 0.282051 0.000000
vt 0.294872 1.000000
vt 0.294872 0.000000
vt 0.320513 1.000000
vt 0.320513 0.000000
vt 0.358974 1.000000
vt 0.358974 0.000000
vt 0.371795 1.000000
vt 0.371795 0.000000
vt 0.397436 1.000000
vt 0.397436 0.000000
vt 0.410256 1.000000
vt 0.410256 0.000000
vt 0.435897 1.000000
vt 0.435897 0.000000
vt 0.448718 1.000000
vt 0.448718 0.000000
vt 0.474359 1.000000
vt 0.474359 0.000000
vt 0.487179 1.000000
vt 0.487179 0.000000
vt 0.512821 1.000000
vt 0.512821 0.000000
vt 0.525641 1.000000
vt 0.525641 0.000000
vt 0.551282 1.000000
vt 0.551282 0.000000
vt 0.564103 1.000000
vt 0.564103 0.000000
vt 0.589744 1.000000
vt 0.589744 0.000000
vt 0.602564 1.000000
vt 0.602564 0.000000
vt 0.628205 1.000000
vt 0.628205 0.000000
vt 0.641026 1.000000
vt 0.641026 0.000000
vt 0.679487 1.000000
vt 0.679487 0.000000
vt 0.705128 1.000000
vt 0.705128 0.000000
vt 0.717949 1.000000
vt 0.717949 0.000000
vt 0.743590 1.000000
vt 0.743590 0.000000
vt 0.756410 1.000000
vt 0.756410 0.000000
vt 0.782051 1.000000
vt 0.782051 0.000000
vt 0.794872 1.000000
vt 0.794872 0.000000
vt 0.820513 1.000000
vt 0.820513 0.000000
vt 0.833333 1.000000
vt 0.833333 0.000000
vt 0.858974 1.000000
vt 0.858974 0.000000
vt 0.871795 1.000000
vt 0.871795 0.000000
vt 0.897436 1.000000
vt 0.897436 0.000000
vt 0.910256 1.000000
vt 0.910256 0.000000
vt 0.935897 1.000000
vt 0.935897 0.000000
vt 0.948718 1.000000
vt 0.948718 0.000000
vt 0.974359 1.000000
vt 0.974359 0.000000
vt 0.987179 1.000000
vt 0.987179 0.000000
s 0
usemtl B5_name
f 75/1/1 1/2/1 76/3/1
f 1/2/1 77/4/1 76/3/1
f 1/2/1 78/5/1 77/4/1
f 75/1/1 2/6/1 1/2/1
f 2/6/1 4/7/1 3/8/1
f 75/1/1 4/7/1 2/6/1
f 75/1/1 5/9/1 4/7/1
f 75/1/1 6/10/1 5/9/1
f 75/1/1 7/11/1 6/10/1
f 75/1/1 74/12/1 7/11/1
f 74/12/1 8/13/1 7/11/1
f 74/12/1 73/14/1 8/13/1
f 73/14/1 9/15/1 8/13/1
f 73/14/1 72/16/1 9/15/1
f 72/16/1 10/17/1 9/15/1
f 71/18/1 10/17/1 72/16/1
f 70/19/1 10/17/1 71/18/1
f 69/20/1 10/17/1 70/19/1
f 69/20/1 11/21/1 10/17/1
f 68/22/1 11/21/1 69/20/1
f 67/23/1 11/21/1 68/22/1
f 67/23/1 12/24/1 11/21/1
f 66/25/1 12/24/1 67/23/1
f 66/25/1 13/26/1 12/24/1
f 65/27/1 13/26/1 66/25/1
f 64/28/1 13/26/1 65/27/1
f 64/28/1 14/29/1 13/26/1
f 63/30/1 14/29/1 64/28/1
f 63/30/1 15/31/1 14/29/1
f 62/32/1 15/31/1 63/30/1
f 61/33/1 15/31/1 62/32/1
f 61/33/1 16/34/1 15/31/1
f 60/35/1 16/34/1 61/33/1
f 59/36/1 16/34/1 60/35/1
f 59/36/1 17/37/1 16/34/1
f 58/38/1 17/37/1 59/36/1
f 38/39/1 40/40/1 39/41/1
f 57/42/1 17/37/1 58/38/1
f 38/39/1 41/43/1 40/40/1
f 57/42/1 18/44/1 17/37/1
f 56/45/1 18/44/1 57/42/1
f 38/39/1 42/46/1 41/43/1
f 38/39/1 43/47/1 42/46/1
f 55/48/1 18/44/1 56/45/1
f 38/39/1 44/49/1 43/47/1
f 38/39/1 45/50/1 44/49/1
f 54/51/1 18/44/1 55/48/1
f 38/39/1 46/52/1 45/50/1
f 54/51/1 19/53/1 18/44/1
f 53/54/1 19/53/1 54/51/1
f 38/39/1 47/55/1 46/52/1
f 38/39/1 48/56/1 47/55/1
f 52/57/1 19/53/1 53/54/1
f 38/39/1 49/58/1 48/56/1
f 38/39/1 50/59/1 49/58/1
f 51/60/1 19/53/1 52/57/1
f 38/39/1 51/60/1 50/59/1
f 38/39/1 19/53/1 51/60/1
f 38/39/1 20/61/1 19/53/1
f 38/39/1 21/62/1 20/61/1
f 38/39/1 22/63/1 21/62/1
f 37/64/1 22/63/1 38/39/1
f 36/65/1 22/63/1 37/64/1
f 36/65/1 23/66/1 22/63/1
f 35/67/1 23/66/1 36/65/1
f 34/68/1 23/66/1 35/67/1
f 33/69/1 23/66/1 34/68/1
f 33/69/1 24/70/1 23/66/1
f 32/71/1 24/70/1 33/69/1
f 31/72/1 24/70/1 32/71/1
f 31/72/1 25/73/1 24/70/1
f 30/74/1 25/73/1 31/72/1
f 29/75/1 25/73/1 30/74/1
f 28/76/1 25/73/1 29/75/1
f 28/76/1 26/77/1 25/73/1
f 27/78/1 26/77/1 28/76/1
f 129/79/1 156/80/1 130/81/1
f 156/80/1 79/2/1 130/81/1
f 156/80/1 80/82/1 79/2/1
f 156/80/1 81/83/1 80/82/1
f 156/80/1 82/84/1 81/83/1
f 156/80/1 83/85/1 82/84/1
f 156/80/1 84/86/1 83/85/1
f 156/80/1 85/87/1 84/86/1
f 156/80/1 86/88/1 85/87/1
f 156/80/1 155/89/1 86/88/1
f 155/89/1 87/90/1 86/88/1
f 129/79/1 157/91/1 156/80/1
f 154/45/1 87/90/1 155/89/1
f 153/92/1 87/90/1 154/45/1
f 153/92/1 88/93/1 87/90/1
f 152/94/1 88/93/1 153/92/1
f 151/95/1 88/93/1 152/94/1
f 150/96/1 88/93/1 151/95/1
f 149/97/1 88/93/1 150/96/1
f 149/97/1 89/98/1 88/93/1
f 148/99/1 89/98/1 149/97/1
f 147/100/1 89/98/1 148/99/1
f 147/100/1 90/101/1 89/98/1
f 146/102/1 90/101/1 147/100/1
f 145/103/1 90/101/1 146/102/1
f 145/103/1 91/104/1 90/101/1
f 144/105/1 91/104/1 145/103/1
f 143/106/1 91/104/1 144/105/1
f 143/106/1 92/107/1 91/104/1
f 142/108/1 92/107/1 143/106/1
f 142/108/1 93/109/1 92/107/1
f 141/110/1 93/109/1 142/108/1
f 141/110/1 94/24/1 93/109/1
f 140/111/1 94/24/1 141/110/1
f 140/111/1 95/112/1 94/24/1
f 139/50/1 95/112/1 140/111/1
f 139/50/1 96/113/1 95/112/1
f 138/114/1 96/113/1 139/50/1
f 138/114/1 97/115/1 96/113/1
f 137/116/1 97/115/1 138/114/1
f 137/116/1 98/117/1 97/115/1
f 136/118/1 98/117/1 137/116/1
f 135/119/1 98/117/1 136/118/1
f 135/119/1 99/120/1 98/117/1
f 134/121/1 99/120/1 135/119/1
f 134/121/1 100/122/1 99/120/1
f 133/123/1 100/122/1 134/121/1
f 132/124/1 100/122/1 133/123/1
f 131/125/1 100/122/1 132/124/1
f 129/79/1 183/126/1 157/91/1
f 183/126/1 131/125/1 157/91/1
f 183/126/1 100/122/1 131/125/1
f 183/126/1 101/127/1 100/122/1
f 183/126/1 102/128/1 101/127/1
f 183/126/1 103/129/1 102/128/1
f 183/126/1 104/130/1 103/129/1
f 183/126/1 105/131/1 104/130/1
f 183/126/1 106/132/1 105/131/1
f 183/126/1 107/133/1 106/132/1
f 183/126/1 108/134/1 107/133/1
f 183/126/1 109/66/1 108/134/1
f 183/126/1 182/135/1 109/66/1
f 182/135/1 110/136/1 109/66/1
f 129/79/1 184/5/1 183/126/1
f 181/137/1 110/136/1 182/135/1
f 180/138/1 110/136/1 181/137/1
f 179/139/1 110/136/1 180/138/1
f 179/139/1 111/140/1 110/136/1
f 178/141/1 111/140/1 179/139/1
f 177/142/1 111/140/1 178/141/1
f 177/142/1 112/143/1 111/140/1
f 176/144/1 112/143/1 177/142/1
f 175/145/1 112/143/1 176/144/1
f 175/145/1 113/146/1 112/143/1
f 174/147/1 113/146/1 175/145/1
f 173/148/1 113/146/1 174/147/1
f 173/148/1 114/149/1 113/146/1
f 172/150/1 114/149/1 173/148/1
f 172/150/1 115/151/1 114/149/1
f 171/152/1 115/151/1 172/150/1
f 170/153/1 115/151/1 171/152/1
f 170/153/1 116/154/1 115/151/1
f 169/23/1 116/154/1 170/153/1
f 168/155/1 116/154/1 169/23/1
f 168/155/1 117/156/1 116/154/1
f 167/157/1 117/156/1 168/155/1
f 167/157/1 118/158/1 117/156/1
f 166/159/1 118/158/1 167/157/1
f 165/160/1 118/158/1 166/159/1
f 165/160/1 119/161/1 118/158/1
f 164/162/1 119/161/1 165/160/1
f 163/163/1 119/161/1 164/162/1
f 163/163/1 120/164/1 119/161/1
f 162/165/1 120/164/1 163/163/1
f 161/166/1 120/164/1 162/165/1
f 160/167/1 120/164/1 161/166/1
f 160/167/1 121/168/1 120/164/1
f 159/169/1 121/168/1 160/167/1
f 158/170/1 121/168/1 159/169/1
f 129/79/1 158/170/1 184/5/1
f 129/79/1 121/168/1 158/170/1
f 129/79/1 122/171/1 121/168/1
f 129/79/1 123/172/1 122/171/1
f 129/79/1 124/68/1 123/172/1
f 129/79/1 125/173/1 124/68/1
f 129/79/1 126/174/1 125/173/1
f 129/79/1 127/175/1 126/174/1
f 129/79/1 128/176/1 127/175/1
f 259/1/2 260/3/2 185/2/2
f 185/2/2 260/3/2 261/4/2
f 185/2/2 261/4/2 262/5/2
f 259/1/2 185/2/2 186/6/2
f 186/6/2 187/8/2 188/7/2
f 259/1/2 186/6/2 188/7/2
f 259/1/2 188/7/2 189/9/2
f 259/1/2 189/9/2 190/10/2
f 259/1/2 190/10/2 191/11/2
f 259/1/2 191/11/2 258/12/2
f 258/12/2 191/11/2 192/13/2
f 258/12/2 192/13/2 257/14/2
f 257/14/2 192/13/2 193/15/2
f 257/14/2 193/15/2 256/16/2
f 256/16/2 193/15/2 194/17/2
f 255/18/2 256/16/2 194/17/2
f 254/19/2 255/18/2 194/17/2
f 253/20/2 254/19/2 194/17/2
f 253/20/2 194/17/2 195/21/2
f 252/22/2 253/20/2 195/21/2
f 251/23/2 252/22/2 195/21/2
f 251/23/2 195/21/2 196/24/2
f 250/25/2 251/23/2 196/24/2
f 250/25/2 196/24/2 197/26/2
f 249/27/2 250/25/2 197/26/2
f 248/28/2 249/27/2 197/26/2
f 248/28/2 197/26/2 198/29/2
f 247/30/2 248/28/2 198/29/2
f 247/30/2 198/29/2 199/31/2
f 246/32/2 247/30/2 199/31/2
f 245/33/2 246/32/2 199/31/2
f 245/33/2 199/31/2 200/34/2
f 244/35/2 245/33/2 200/34/2
f 243/36/2 244/35/2 200/34/2
f 243/36/2 200/34/2 201/37/2
f 242/38/2 243/36/2 201/37/2
f 222/39/2 223/41/2 224/40/2
f 241/42/2 242/38/2 201/37/2
f 222/39/2 224/40/2 225/43/2
f 241/42/2 201/37/2 202/44/2
f 240/45/2 241/42/2 202/44/2
f 222/39/2 225/43/2 226/46/2
f 222/39/2 226/46/2 227/47/2
f 239/48/2 240/45/2 202/44/2
f 222/39/2 227/47/2 228/49/2
f 222/39/2 228/49/2 229/50/2
f 238/51/2 239/48/2 202/44/2
f 222/39/2 229/50/2 230/52/2
f 238/51/2 202/44/2 203/53/2
f 237/54/2 238/51/2 203/53/2
f 222/39/2 230/52/2 231/55/2
f 222/39/2 231/55/2 232/56/2
f 236/57/2 237/54/2 203/53/2
f 222/39/2 232/56/2 233/58/2
f 222/39/2 233/58/2 234/59/2
f 235/60/2 236/57/2 203/53/2
f 222/39/2 234/59/2 235/60/2
f 222/39/2 235/60/2 203/53/2
f 222/39/2 203/53/2 204/61/2
f 222/39/2 204/61/2 205/62/2
f 222/39/2 205/62/2 206/63/2
f 221/64/2 222/39/2 206/63/2
f 220/65/2 221/64/2 206/63/2
f 220/65/2 206/63/2 207/66/2
f 219/67/2 220/65/2 207/66/2
f 218/68/2 219/67/2 207/66/2
f 217/69/2 218/68/2 207/66/2
f 217/69/2 207/66/2 208/70/2
f 216/71/2 217/69/2 208/70/2
f 215/72/2 216/71/2 208/70/2
f 215/72/2 208/70/2 209/73/2
f 214/74/2 215/72/2 209/73/2
f 213/75/2 214/74/2 209/73/2
f 212/76/2 213/75/2 209/73/2
f 212/76/2 209/73/2 210/77/2
f 211/78/2 212/76/2 210/77/2
f 313/79/2 314/81/2 340/80/2
f 340/80/2 314/81/2 263/2/2
f 340/80/2 263/2/2 264/82/2
f 340/80/2 264/82/2 265/83/2
f 340/80/2 265/83/2 266/84/2
f 340/80/2 266/84/2 267/85/2
f 340/80/2 267/85/2 268/86/2
f 340/80/2 268/86/2 269/87/2
f 340/80/2 269/87/2 270/88/2
f 340/80/2 270/88/2 339/89/2
f 339/89/2 270/88/2 271/90/2
f 313/79/2 340/80/2 341/91/2
f 338/45/2 339/89/2 271/90/2
f 337/92/2 338/45/2 271/90/2
f 337/92/2 271/90/2 272/93/2
f 336/94/2 337/92/2 272/93/2
f 335/95/2 336/94/2 272/93/2
f 334/96/2 335/95/2 272/93/2
f 333/97/2 334/96/2 272/93/2
f 333/97/2 272/93/2 273/98/2
f 332/99/2 333/97/2 273/98/2
f 331/100/2 332/99/2 273/98/2
f 331/100/2 273/98/2 274/101/2
f 330/102/2 331/100/2 274/101/2
f 329/103/2 330/102/2 274/101/2
f 329/103/2 274/101/2 275/104/2
f 328/105/2 329/103/2 275/104/2
f 327/106/2 328/105/2 275/104/2
f 327/106/2 275/104/2 276/107/2
f 326/108/2 327/106/2 276/107/2
f 326/108/2 276/107/2 277/109/2
f 325/110/2 326/108/2 277/109/2
f 325/110/2 277/109/2 278/24/2
f 324/111/2 325/110/2 278/24/2
f 324/111/2 278/24/2 279/112/2
f 323/50/2 324/111/2 279/112/2
f 323/50/2 279/112/2 280/113/2
f 322/114/2 323/50/2 280/113/2
f 322/114/2 280/113/2 281/115/2
f 321/116/2 322/114/2 281/115/2
f 321/116/2 281/115/2 282/117/2
f 320/118/2 321/116/2 282/117/2
f 319/119/2 320/118/2 282/117/2
f 319/119/2 282/117/2 283/120/2
f 318/121/2 319/119/2 283/120/2
f 318/121/2 283/120/2 284/122/2
f 317/123/2 318/121/2 284/122/2
f 316/124/2 317/123/2 284/122/2
f 315/125/2 316/124/2 284/122/2
f 313/79/2 341/91/2 367/126/2
f 367/126/2 341/91/2 315/125/2
f 367/126/2 315/125/2 284/122/2
f 367/126/2 284/122/2 285/127/2
f 367/126/2 285/127/2 286/128/2
f 367/126/2 286/128/2 287/129/2
f 367/126/2 287/129/2 288/130/2
f 367/126/2 288/130/2 289/131/2
f 367/126/2 289/131/2 290/132/2
f 367/126/2 290/132/2 291/133/2
f 367/126/2 291/133/2 292/134/2
f 367/126/2 292/134/2 293/66/2
f 367/126/2 293/66/2 366/135/2
f 366/135/2 293/66/2 294/136/2
f 313/79/2 367/126/2 368/5/2
f 365/137/2 366/135/2 294/136/2
f 364/138/2 365/137/2 294/136/2
f 363/139/2 364/138/2 294/136/2
f 363/139/2 294/136/2 295/140/2
f 362/141/2 363/139/2 295/140/2
f 361/142/2 362/141/2 295/140/2
f 361/142/2 295/140/2 296/143/2
f 360/144/2 361/142/2 296/143/2
f 359/145/2 360/144/2 296/143/2
f 359/145/2 296/143/2 297/146/2
f 358/147/2 359/145/2 297/146/2
f 357/148/2 358/147/2 297/146/2
f 357/148/2 297/146/2 298/149/2
f 356/150/2 357/148/2 298/149/2
f 356/150/2 298/149/2 299/151/2
f 355/152/2 356/150/2 299/151/2
f 354/153/2 355/152/2 299/151/2
f 354/153/2 299/151/2 300/154/2
f 353/23/2 354/153/2 300/154/2
f 352/155/2 353/23/2 300/154/2
f 352/155/2 300/154/2 301/156/2
f 351/157/2 352/155/2 301/156/2
f 351/157/2 301/156/2 302/158/2
f 350/159/2 351/157/2 302/158/2
f 349/160/2 350/159/2 302/158/2
f 349/160/2 302/158/2 303/161/2
f 348/162/2 349/160/2 303/161/2
f 347/163/2 348/162/2 303/161/2
f 347/163/2 303/161/2 304/164/2
f 346/165/2 347/163/2 304/164/2
f 345/166/2 346/165/2 304/164/2
f 344/167/2 345/166/2 304/164/2
f 344/167/2 304/164/2 305/168/2
f 343/169/2 344/167/2 305/168/2
f 342/170/2 343/169/2 305/168/2
f 313/79/2 368/5/2 342/170/2
f 313/79/2 342/170/2 305/168/2
f 313/79/2 305/168/2 306/171/2
f 313/79/2 306/171/2 307/172/2
f 313/79/2 307/172/2 308/68/2
f 313/79/2 308/68/2 309/173/2
f 313/79/2 309/173/2 310/174/2
f 313/79/2 310/174/2 311/175/2
f 313/79/2 311/175/2 312/176/2
s 1
f 370/177/3 372/178/4 371/179/4 369/2/3
f 372/178/4 374/180/5 373/181/5 371/179/4
f 374/180/5 376/182/6 375/183/6 373/181/5
f 376/182/6 378/184/7 377/185/7 375/183/6
f 378/184/7 380/186/8 379/187/8 377/185/7
f 380/186/8 382/188/9 381/189/9 379/187/8
f 382/188/9 384/190/10 383/191/10 381/189/9
f 384/190/10 386/192/11 385/193/11 383/191/10
f 386/192/11 388/194/12 387/195/12 385/193/11
f 388/194/12 390/196/13 389/197/13 387/195/12
f 390/196/13 392/198/14 391/199/14 389/197/13
f 392/198/14 394/200/15 393/201/15 391/199/14
f 394/200/15 396/202/16 395/203/16 393/201/15
f 396/202/16 398/204/17 397/205/17 395/203/16
f 398/204/17 400/206/18 399/207/18 397/205/17
f 400/206/18 402/208/19 401/209/19 399/207/18
f 402/208/19 404/210/20 403/211/20 401/209/19
f 404/210/20 406/212/21 405/213/21 403/211/20
f 406/212/21 408/214/22 407/215/22 405/213/21
f 408/214/22 410/216/23 409/217/23 407/215/22
f 410/216/23 412/218/24 411/219/24 409/217/23
f 412/218/24 414/220/25 413/221/25 411/219/24
f 414/220/25 416/222/26 415/223/26 413/221/25
f 416/222/26 418/224/27 417/225/27 415/223/26
f 418/224/27 420/226/28 419/227/28 417/225/27
f 420/226/28 422/228/29 421/229/29 419/227/28
f 422/228/29 424/230/30 423/231/30 421/229/29
f 424/230/30 426/232/31 425/233/31 423/231/30
f 426/232/31 428/234/32 427/235/32 425/233/31
f 428/234/32 430/236/33 429/237/33 427/235/32
f 430/236/33 432/238/34 431/239/34 429/237/33
f 432/238/34 434/240/35 433/241/35 431/239/34
f 434/240/35 436/242/36 435/243/36 433/241/35
f 436/242/36 438/244/37 437/245/37 435/243/36
f 438/244/37 440/246/38 439/247/38 437/245/37
f 440/246/38 442/248/39 441/249/39 439/247/38
f 442/248/39 444/250/40 443/251/40 441/249/39
f 444/250/40 446/252/41 445/253/41 443/251/40
f 446/252/41 448/254/42 447/255/42 445/253/41
f 448/254/42 450/256/43 449/257/43 447/255/42
f 450/256/43 452/258/44 451/259/44 449/257/43
f 452/258/44 454/260/45 453/261/45 451/259/44
f 454/260/45 456/262/46 455/263/46 453/261/45
f 456/262/46 458/264/47 457/265/47 455/263/46
f 458/264/47 460/266/48 459/267/48 457/265/47
f 460/266/48 462/268/49 461/269/49 459/267/48
f 462/268/49 464/270/50 463/271/50 461/269/49
f 464/270/50 466/272/51 465/273/51 463/271/50
f 466/272/51 468/274/52 467/275/52 465/273/51
f 468/274/52 470/276/53 469/277/53 467/275/52
f 470/276/53 472/278/54 471/279/54 469/277/53
f 472/278/54 370/280/3 369/5/3 471/279/54
f 474/177/55 476/281/56 475/282/56 473/2/55
f 476/281/56 478/283/57 477/284/57 475/282/56
f 478/283/57 480/285/58 479/286/58 477/284/57
f 480/285/58 482/287/59 481/288/59 479/286/58
f 482/287/59 484/289/60 483/290/60 481/288/59
f 484/289/60 486/291/61 485/292/61 483/290/60
f 486/291/61 488/293/62 487/294/62 485/292/61
f 488/293/62 490/295/63 489/296/63 487/294/62
f 490/295/63 492/297/64 491/149/64 489/296/63
f 492/297/64 494/298/65 493/299/65 491/149/64
f 494/298/65 496/300/66 495/301/66 493/299/65
f 496/300/66 498/302/67 497/303/67 495/301/66
f 498/302/67 500/304/68 499/305/68 497/303/67
f 500/304/68 502/306/69 501/307/69 499/305/68
f 502/306/69 504/308/70 503/309/70 501/307/69
f 504/308/70 506/310/71 505/311/71 503/309/70
f 506/310/71 508/312/72 507/313/72 505/311/71
f 508/312/72 510/314/73 509/97/73 507/313/72
f 510/314/73 512/315/74 511/316/74 509/97/73
f 512/315/74 514/317/75 513/318/75 511/316/74
f 514/317/75 516/319/76 515/320/76 513/318/75
f 516/319/76 518/321/77 517/322/77 515/320/76
f 518/321/77 520/323/78 519/324/78 517/322/77
f 520/323/78 522/325/79 521/326/79 519/324/78
f 522/325/79 524/327/80 523/328/80 521/326/79
f 524/327/80 526/329/81 525/330/81 523/328/80
f 526/329/81 474/280/55 473/5/55 525/330/81
f 528/177/82 530/281/83 529/282/83 527/2/82
f 530/281/83 532/283/84 531/284/84 529/282/83
f 532/283/84 534/285/85 533/286/85 531/284/84
f 534/285/85 536/287/86 535/288/86 533/286/85
f 536/287/86 538/289/87 537/290/87 535/288/86
f 538/289/87 540/291/88 539/292/88 537/290/87
f 540/291/88 542/293/89 541/294/89 539/292/88
f 542/293/89 544/295/90 543/296/90 541/294/89
f 544/295/90 546/297/91 545/149/91 543/296/90
f 546/297/91 548/298/92 547/299/92 545/149/91
f 548/298/92 550/300/93 549/301/93 547/299/92
f 550/300/93 552/302/94 551/303/94 549/301/93
f 552/302/94 554/304/95 553/305/95 551/303/94
f 554/304/95 556/306/96 555/307/96 553/305/95
f 556/306/96 558/308/97 557/309/97 555/307/96
f 558/308/97 560/310/98 559/311/98 557/309/97
f 560/310/98 562/312/99 561/313/99 559/311/98
f 562/312/99 564/314/100 563/97/100 561/313/99
f 564/314/100 566/315/101 565/316/101 563/97/100
f 566/315/101 568/317/102 567/318/102 565/316/101
f 568/317/102 570/319/103 569/320/103 567/318/102
f 570/319/103 572/321/104 571/322/104 569/320/103
f 572/321/104 574/323/105 573/324/105 571/322/104
f 574/323/105 576/325/106 575/326/106 573/324/105
f 576/325/106 578/327/80 577/328/80 575/326/106
f 578/327/80 580/329/81 579/330/81 577/328/80
f 580/329/81 528/280/82 527/5/82 579/330/81
f 582/177/80 584/331/107 583/332/107 581/2/80
f 584/331/107 586/333/108 585/334/108 583/332/107
f 586/333/108 588/180/109 587/181/109 585/334/108
f 588/180/109 590/335/110 589/336/110 587/181/109
f 590/335/110 592/337/111 591/338/111 589/336/110
f 592/337/111 594/184/112 593/185/112 591/338/111
f 594/184/112 596/339/113 595/340/113 593/185/112
f 596/339/113 598/341/114 597/342/114 595/340/113
f 598/341/114 600/188/115 599/189/115 597/342/114
f 600/188/115 602/343/116 601/344/116 599/189/115
f 602/343/116 604/345/117 603/346/117 601/344/116
f 604/345/117 606/192/118 605/193/118 603/346/117
f 606/192/118 608/347/119 607/348/119 605/193/118
f 608/347/119 610/349/120 609/350/120 607/348/119
f 610/349/120 612/196/121 611/197/121 609/350/120
f 612/196/121 614/351/122 613/352/122 611/197/121
f 614/351/122 616/353/123 615/354/123 613/352/122
f 616/353/123 618/200/124 617/201/124 615/354/123
f 618/200/124 620/355/125 619/356/125 617/201/124
f 620/355/125 622/357/126 621/358/126 619/356/125
f 622/357/126 624/204/127 623/205/127 621/358/126
f 624/204/127 626/359/128 625/360/128 623/205/127
f 626/359/128 628/361/129 627/362/129 625/360/128
f 628/361/129 630/208/130 629/209/130 627/362/129
f 630/208/130 632/363/131 631/364/131 629/209/130
f 632/363/131 634/297/132 633/149/132 631/364/131
f 634/297/132 636/212/133 635/213/133 633/149/132
f 636/212/133 638/365/134 637/366/134 635/213/133
f 638/365/134 640/367/135 639/368/135 637/366/134
f 640/367/135 642/216/136 641/217/136 639/368/135
f 642/216/136 644/369/137 643/370/137 641/217/136
f 644/369/137 646/371/138 645/372/138 643/370/137
f 646/371/138 648/220/139 647/221/139 645/372/138
f 648/220/139 650/373/140 649/374/140 647/221/139
f 650/373/140 652/375/141 651/376/141 649/374/140
f 652/375/141 654/224/142 653/225/142 651/376/141
f 654/224/142 656/377/143 655/378/143 653/225/142
f 656/377/143 658/379/144 657/380/144 655/378/143
f 658/379/144 660/228/145 659/229/145 657/380/144
f 660/228/145 662/381/146 661/382/146 659/229/145
f 662/381/146 664/383/147 663/384/147 661/382/146
f 664/383/147 666/232/148 665/233/148 663/384/147
f 666/232/148 668/385/149 667/386/149 665/233/148
f 668/385/149 670/387/150 669/388/150 667/386/149
f 670/387/150 672/236/151 671/237/151 669/388/150
f 672/236/151 674/389/152 673/390/152 671/237/151
f 674/389/152 676/391/153 675/392/153 673/390/152
f 676/391/153 678/240/154 677/241/154 675/392/153
f 678/240/154 680/393/155 679/394/155 677/241/154
f 680/393/155 682/395/156 681/396/156 679/394/155
f 682/395/156 684/244/157 683/245/157 681/396/156
f 684/244/157 686/314/158 685/97/158 683/245/157
f 686/314/158 688/397/159 687/398/159 685/97/158
f 688/397/159 690/248/160 689/249/160 687/398/159
f 690/248/160 692/399/161 691/400/161 689/249/160
f 692/399/161 694/401/162 693/402/162 691/400/161
f 694/401/162 696/252/163 695/253/163 693/402/162
f 696/252/163 698/403/164 697/404/164 695/253/163
f 698/403/164 700/405/165 699/406/165 697/404/164
f 700/405/165 702/256/166 701/257/166 699/406/165
f 702/256/166 704/407/167 703/408/167 701/257/166
f 704/407/167 706/409/168 705/410/168 703/408/167
f 706/409/168 708/260/169 707/261/169 705/410/168
f 708/260/169 710/411/70 709/412/70 707/261/169
f 710/411/70 712/413/170 711/414/170 709/412/70
f 712/413/170 714/264/171 713/265/171 711/414/170
f 714/264/171 716/415/172 715/416/172 713/265/171
f 716/415/172 718/417/173 717/418/173 715/416/172
f 718/417/173 720/268/174 719/269/174 717/418/173
f 720/268/174 722/419/175 721/420/175 719/269/174
f 722/419/175 724/421/176 723/422/176 721/420/175
f 724/421/176 726/272/177 725/273/177 723/422/176
f 726/272/177 728/423/178 727/424/178 725/273/177
f 728/423/178 730/425/179 729/426/179 727/424/178
f 730/425/179 732/276/54 731/277/54 729/426/179
f 732/276/54 734/427/81 733/428/81 731/277/54
f 734/427/81 736/429/80 735/430/80 733/428/81
f 736/429/80 582/280/80 581/5/80 735/430/80
o Plane.036
v -49.870968 -0.030471 -56.080601
v -44.905888 -0.030471 -56.080601
v -49.870968 -0.030471 -68.802856
v -44.905888 -0.030471 -68.802856
v -49.870968 1.288249 -68.802856
v -49.663872 1.161575 -56.080601
v -45.112984 1.161575 -56.080601
v -44.905888 1.288249 -68.802856
v -49.870968 1.494119 -68.802856
v -49.870968 1.494119 -56.080601
v -44.905888 1.494119 -56.080601
v -44.905888 1.494119 -68.802856
v -50.079380 1.288249 -69.336884
v -50.079380 1.288249 -55.546577
v -44.697475 1.288249 -55.546577
v -44.697475 1.288249 -69.336884
v -50.079380 1.494119 -69.336884
v -50.079380 1.494119 -55.546577
v -44.697475 1.494119 -55.546577
v -44.697475 1.494119 -69.336884
v -48.629700 -0.030471 -56.080601
v -47.388428 -0.030471 -56.080601
v -46.147156 -0.030471 -56.080601
v -46.147156 -0.030471 -68.802856
v -47.388428 -0.030471 -68.802856
v -48.629700 -0.030471 -68.802856
v -48.836796 1.161575 -56.080601
v -47.388428 1.288249 -56.080601
v -45.940060 1.161575 -56.080601
v -46.147156 1.288249 -68.802856
v -47.388428 1.288249 -68.802856
v -48.629700 1.288249 -68.802856
v -48.629700 1.494119 -56.080601
v -47.388428 1.494119 -56.080601
v -46.147156 1.494119 -56.080601
v -46.147156 1.494119 -68.802856
v -47.388428 1.494119 -68.802856
v -48.629700 1.494119 -68.802856
v -48.733906 1.288249 -55.546577
v -47.388428 1.288249 -55.546577
v -46.042950 1.288249 -55.546577
v -46.042950 1.288249 -69.336884
v -47.388428 1.288249 -69.336884
v -48.733906 1.288249 -69.336884
v -48.733906 1.494119 -55.546577
v -47.388428 1.494119 -55.546577
v -46.042950 1.494119 -55.546577
v -46.042950 1.494119 -69.336884
v -47.388428 1.494119 -69.336884
v -48.733906 1.494119 -69.336884
v -49.870968 0.145932 -68.802856
v -44.905888 0.145932 -68.802856
v -45.112984 0.272606 -56.080601
v -49.663872 0.272606 -56.080601
v -48.836796 0.272606 -56.080601
v -45.940060 0.272606 -56.080601
v -46.147156 0.145932 -68.802856
v -47.388428 0.145932 -68.802856
v -48.629700 0.145932 -68.802856
v -49.870968 -0.030471 -66.985397
v -49.870968 -0.030471 -65.167931
v -49.870968 -0.030471 -63.350464
v -49.870968 -0.030471 -61.532997
v -49.870968 -0.030471 -59.715530
v -49.870968 -0.030471 -57.898067
v -44.905888 -0.030471 -57.898067
v -44.905888 -0.030471 -59.715530
v -44.905888 -0.030471 -61.532997
v -44.905888 -0.030471 -63.350464
v -44.905888 -0.030471 -65.167931
v -44.905888 -0.030471 -66.985397
v -49.870968 1.288249 -66.985397
v -49.870968 1.288249 -65.167931
v -49.870968 1.288249 -63.350464
v -49.870968 1.288249 -61.532997
v -49.870968 1.288249 -59.715530
v -49.870968 1.288249 -57.898067
v -44.905888 1.288249 -57.898067
v -44.905888 1.288249 -59.715530
v -44.905888 1.288249 -61.532997
v -44.905888 1.288249 -63.350464
v -44.905888 1.288249 -65.167931
v -44.905888 1.288249 -66.985397
v -49.870968 1.494119 -66.985397
v -49.870968 1.494119 -65.167931
v -49.870968 1.494119 -63.350464
v -49.870968 1.494119 -61.532997
v -49.870968 1.494119 -59.715530
v -49.870968 1.494119 -57.898067
v -44.905888 1.494119 -57.898067
v -44.905888 1.494119 -59.715530
v -44.905888 1.494119 -61.532997
v -44.905888 1.494119 -63.350464
v -44.905888 1.494119 -65.167931
v -44.905888 1.494119 -66.985397
v -50.079380 1.288249 -67.366837
v -50.079380 1.288249 -65.396797
v -50.079380 1.288249 -63.426754
v -50.079380 1.288249 -61.456707
v -50.079380 1.288249 -59.486664
v -50.079380 1.288249 -57.516621
v -44.697475 1.288249 -57.516621
v -44.697475 1.288249 -59.486664
v -44.697475 1.288249 -61.456707
v -44.697475 1.288249 -63.426754
v -44.697475 1.288249 -65.396797
v -44.697475 1.288249 -67.366837
v -50.079380 1.494119 -67.366837
v -50.079380 1.494119 -65.396797
v -50.079380 1.494119 -63.426754
v -50.079380 1.494119 -61.456707
v -50.079380 1.494119 -59.486664
v -50.079380 1.494119 -57.516621
v -44.697475 1.494119 -57.516621
v -44.697475 1.494119 -59.486664
v -44.697475 1.494119 -61.456707
v -44.697475 1.494119 -63.426754
v -44.697475 1.494119 -65.396797
v -44.697475 1.494119 -67.366837
v -48.629700 1.494119 -57.898067
v -48.629700 1.494119 -59.715530
v -48.629700 1.494119 -61.532997
v -48.629700 1.494119 -63.350464
v -48.629700 1.494119 -65.167931
v -48.629700 1.494119 -66.985397
v -47.388428 1.494119 -57.898067
v -47.388428 1.494119 -59.715530
v -47.388428 1.494119 -61.532997
v -47.388428 1.494119 -63.350464
v -47.388428 1.494119 -65.167931
v -47.388428 1.494119 -66.985397
v -46.147156 1.494119 -57.898067
v -46.147156 1.494119 -59.715530
v -46.147156 1.494119 -61.532997
v -46.147156 1.494119 -63.350464
v -46.147156 1.494119 -65.167931
v -46.147156 1.494119 -66.985397
v -48.629700 -0.030471 -66.985397
v -48.629700 -0.030471 -65.167931
v -48.629700 -0.030471 -63.350464
v -48.629700 -0.030471 -61.532997
v -48.629700 -0.030471 -59.715530
v -48.629700 -0.030471 -57.898067
v -47.388428 -0.030471 -66.985397
v -47.388428 -0.030471 -65.167931
v -47.388428 -0.030471 -63.350464
v -47.388428 -0.030471 -61.532997
v -47.388428 -0.030471 -59.715530
v -47.388428 -0.030471 -57.898067
v -46.147156 -0.030471 -66.985397
v -46.147156 -0.030471 -65.167931
v -46.147156 -0.030471 -63.350464
v -46.147156 -0.030471 -61.532997
v -46.147156 -0.030471 -59.715530
v -46.147156 -0.030471 -57.898067
v -49.870968 0.145932 -57.898067
v -49.870968 0.145932 -59.715530
v -49.870968 0.145932 -61.532997
v -49.870968 0.145932 -63.350464
v -49.870968 0.145932 -65.167931
v -49.870968 0.145932 -66.985397
v -44.905888 0.145932 -66.985397
v -44.905888 0.145932 -65.167931
v -44.905888 0.145932 -63.350464
v -44.905888 0.145932 -61.532997
v -44.905888 0.145932 -59.715530
v -44.905888 0.145932 -57.898067
v -48.629700 -0.030471 -56.385605
v -47.388428 -0.030471 -56.385605
v -46.147156 -0.030471 -56.385605
v -48.629700 1.288249 -56.385605
v -47.388428 1.288249 -56.385605
v -46.147156 1.288249 -56.385605
v -48.629700 0.145932 -56.385605
v -47.388428 0.145932 -56.385605
v -46.147156 0.145932 -56.385605
v -46.147156 1.288249 -56.080601
v -44.905888 1.288249 -56.080601
v -44.905888 0.145932 -56.080601
v -49.870968 1.288249 -56.080601
v -48.629700 1.288249 -56.080601
v -48.629700 0.145932 -56.080601
v -46.147156 0.145932 -56.080601
v -49.870968 0.145932 -56.080601
v -45.940060 1.161575 -56.232162
v -45.112984 1.161575 -56.232162
v -45.112984 0.272606 -56.232162
v -49.663872 1.161575 -56.232162
v -48.836796 1.161575 -56.232162
v -48.836796 0.272606 -56.232162
v -45.940060 0.272606 -56.232162
v -49.663872 0.272606 -56.232162
v -44.905888 0.260644 -67.465935
v -44.905888 0.260644 -68.322319
v -44.905888 1.173537 -68.322319
v -44.905888 1.173537 -67.465935
v -44.905888 0.260644 -56.561146
v -44.905888 0.260644 -57.417522
v -44.905888 1.173537 -57.417522
v -44.905888 1.173537 -56.561146
v -44.905888 0.260644 -58.378609
v -44.905888 0.260644 -59.234989
v -44.905888 1.173537 -59.234989
v -44.905888 1.173537 -58.378609
v -44.905888 0.260644 -60.196075
v -44.905888 0.260644 -61.052456
v -44.905888 1.173537 -61.052456
v -44.905888 1.173537 -60.196075
v -44.905888 0.260644 -62.013542
v -44.905888 0.260644 -62.869919
v -44.905888 1.173537 -62.869919
v -44.905888 1.173537 -62.013542
v -44.905888 0.260644 -63.831005
v -44.905888 0.260644 -64.687386
v -44.905888 1.173537 -64.687386
v -44.905888 1.173537 -63.831005
v -44.905888 0.260644 -65.648468
v -44.905888 0.260644 -66.504852
v -44.905888 1.173537 -66.504852
v -44.905888 1.173537 -65.648468
v -45.752522 0.387318 -56.232162
v -45.300526 0.387318 -56.232162
v -45.300526 1.046863 -56.232162
v -45.752522 1.046863 -56.232162
v -49.476330 0.387318 -56.232162
v -49.024334 0.387318 -56.232162
v -49.024334 1.046863 -56.232162
v -49.476330 1.046863 -56.232162
v -44.970490 0.260644 -68.322319
v -44.970490 0.260644 -67.465935
v -44.970490 1.173537 -67.465935
v -44.970490 1.173537 -68.322319
v -44.970490 0.260644 -57.417522
v -44.970490 0.260644 -56.561146
v -44.970490 1.173537 -56.561146
v -44.970490 1.173537 -57.417522
v -44.970490 0.260644 -59.234989
v -44.970490 0.260644 -58.378609
v -44.970490 1.173537 -58.378609
v -44.970490 1.173537 -59.234989
v -44.970490 0.260644 -61.052456
v -44.970490 0.260644 -60.196075
v -44.970490 1.173537 -60.196075
v -44.970490 1.173537 -61.052456
v -44.970490 0.260644 -62.869919
v -44.970490 0.260644 -62.013542
v -44.970490 1.173537 -62.013542
v -44.970490 1.173537 -62.869919
v -44.970490 0.260644 -64.687386
v -44.970490 0.260644 -63.831005
v -44.970490 1.173537 -63.831005
v -44.970490 1.173537 -64.687386
v -44.970490 0.260644 -66.504852
v -44.970490 0.260644 -65.648468
v -44.970490 1.173537 -65.648468
v -44.970490 1.173537 -66.504852
v -45.300526 0.387318 -56.397697
v -45.752522 0.387318 -56.397697
v -45.752522 1.046863 -56.397697
v -45.300526 1.046863 -56.397697
v -49.024334 0.387318 -56.397697
v -49.476330 0.387318 -56.397697
v -49.476330 1.046863 -56.397697
v -49.024334 1.046863 -56.397697
v -48.942554 0.337296 -68.802856
v -49.558113 0.337296 -68.802856
v -49.558113 1.096885 -68.802856
v -48.942554 1.096885 -68.802856
v -45.218742 0.337296 -68.802856
v -45.834301 0.337296 -68.802856
v -45.834301 1.096885 -68.802856
v -45.218742 1.096885 -68.802856
v -46.460014 0.337296 -68.802856
v -47.075569 0.337296 -68.802856
v -47.075569 1.096885 -68.802856
v -46.460014 1.096885 -68.802856
v -47.701286 0.337296 -68.802856
v -48.316841 0.337296 -68.802856
v -48.316841 1.096885 -68.802856
v -47.701286 1.096885 -68.802856
v -49.558113 0.337296 -68.650269
v -48.942554 0.337296 -68.650269
v -48.942554 1.096885 -68.650269
v -49.558113 1.096885 -68.650269
v -45.834301 0.337296 -68.650269
v -45.218742 0.337296 -68.650269
v -45.218742 1.096885 -68.650269
v -45.834301 1.096885 -68.650269
v -47.075569 0.337296 -68.650269
v -46.460014 0.337296 -68.650269
v -46.460014 1.096885 -68.650269
v -47.075569 1.096885 -68.650269
v -48.316841 0.337296 -68.650269
v -47.701286 0.337296 -68.650269
v -47.701286 1.096885 -68.650269
v -48.316841 1.096885 -68.650269
v -49.870968 0.258737 -57.425514
v -49.870968 0.258737 -56.553154
v -49.870968 1.175445 -56.553154
v -49.870968 1.175445 -57.425514
v -49.870968 0.258737 -68.330307
v -49.870968 0.258737 -67.457947
v -49.870968 1.175445 -67.457947
v -49.870968 1.175445 -68.330307
v -49.870968 0.258737 -66.512840
v -49.870968 0.258737 -65.640480
v -49.870968 1.175445 -65.640480
v -49.870968 1.175445 -66.512840
v -49.870968 0.258737 -64.695374
v -49.870968 0.258737 -63.823017
v -49.870968 1.175445 -63.823017
v -49.870968 1.175445 -64.695374
v -49.870968 0.258737 -62.877911
v -49.870968 0.258737 -62.005550
v -49.870968 1.175445 -62.005550
v -49.870968 1.175445 -62.877911
v -49.870968 0.258737 -61.060444
v -49.870968 0.258737 -60.188084
v -49.870968 1.175445 -60.188084
v -49.870968 1.175445 -61.060444
v -49.870968 0.258737 -59.242981
v -49.870968 0.258737 -58.370621
v -49.870968 1.175445 -58.370621
v -49.870968 1.175445 -59.242981
v -49.800411 0.258737 -56.553154
v -49.800411 0.258737 -57.425514
v -49.800411 1.175445 -57.425514
v -49.800411 1.175445 -56.553154
v -49.800411 0.258737 -67.457947
v -49.800411 0.258737 -68.330307
v -49.800411 1.175445 -68.330307
v -49.800411 1.175445 -67.457947
v -49.800411 0.258737 -65.640480
v -49.800411 0.258737 -66.512840
v -49.800411 1.175445 -66.512840
v -49.800411 1.175445 -65.640480
v -49.800411 0.258737 -63.823017
v -49.800411 0.258737 -64.695374
v -49.800411 1.175445 -64.695374
v -49.800411 1.175445 -63.823017
v -49.800411 0.258737 -62.005550
v -49.800411 0.258737 -62.877911
v -49.800411 1.175445 -62.877911
v -49.800411 1.175445 -62.005550
v -49.800411 0.258737 -60.188084
v -49.800411 0.258737 -61.060444
v -49.800411 1.175445 -61.060444
v -49.800411 1.175445 -60.188084
v -49.800411 0.258737 -58.370621
v -49.800411 0.258737 -59.242981
v -49.800411 1.175445 -59.242981
v -49.800411 1.175445 -58.370621
v -49.870968 1.494119 -56.080601
v -44.905888 1.494119 -56.080601
v -49.870968 1.494119 -68.802856
v -44.905888 1.494119 -68.802856
v -49.870968 2.812840 -68.802856
v -49.663872 2.686166 -56.080601
v -45.112984 2.686166 -56.080601
v -44.905888 2.812840 -68.802856
v -49.870968 3.018710 -68.802856
v -49.870968 3.018710 -56.080601
v -44.905888 3.018710 -56.080601
v -44.905888 3.018710 -68.802856
v -50.079380 2.812840 -69.336884
v -50.079380 2.812840 -55.546577
v -44.697475 2.812840 -55.546577
v -44.697475 2.812840 -69.336884
v -50.079380 3.018710 -69.336884
v -50.079380 3.018710 -55.546577
v -44.697475 3.018710 -55.546577
v -44.697475 3.018710 -69.336884
v -48.629700 1.494119 -56.080601
v -47.388428 1.494119 -56.080601
v -46.147156 1.494119 -56.080601
v -46.147156 1.494119 -68.802856
v -47.388428 1.494119 -68.802856
v -48.629700 1.494119 -68.802856
v -48.836796 2.686166 -56.080601
v -47.388428 2.812840 -56.080601
v -45.940060 2.686166 -56.080601
v -46.147156 2.812840 -68.802856
v -47.388428 2.812840 -68.802856
v -48.629700 2.812840 -68.802856
v -48.629700 3.018710 -56.080601
v -47.388428 3.018710 -56.080601
v -46.147156 3.018710 -56.080601
v -46.147156 3.018710 -68.802856
v -47.388428 3.018710 -68.802856
v -48.629700 3.018710 -68.802856
v -48.733906 2.812840 -55.546577
v -47.388428 2.812840 -55.546577
v -46.042950 2.812840 -55.546577
v -46.042950 2.812840 -69.336884
v -47.388428 2.812840 -69.336884
v -48.733906 2.812840 -69.336884
v -48.733906 3.018710 -55.546577
v -47.388428 3.018710 -55.546577
v -46.042950 3.018710 -55.546577
v -46.042950 3.018710 -69.336884
v -47.388428 3.018710 -69.336884
v -48.733906 3.018710 -69.336884
v -49.870968 1.670523 -68.802856
v -44.905888 1.670523 -68.802856
v -45.112984 1.797197 -56.080601
v -49.663872 1.797197 -56.080601
v -48.836796 1.797197 -56.080601
v -45.940060 1.797197 -56.080601
v -46.147156 1.670523 -68.802856
v -47.388428 1.670523 -68.802856
v -48.629700 1.670523 -68.802856
v -49.870968 1.494119 -66.985397
v -49.870968 1.494119 -65.167931
v -49.870968 1.494119 -63.350464
v -49.870968 1.494119 -61.532997
v -49.870968 1.494119 -59.715530
v -49.870968 1.494119 -57.898067
v -44.905888 1.494119 -57.898067
v -44.905888 1.494119 -59.715530
v -44.905888 1.494119 -61.532997
v -44.905888 1.494119 -63.350464
v -44.905888 1.494119 -65.167931
v -44.905888 1.494119 -66.985397
v -49.870968 2.812840 -66.985397
v -49.870968 2.812840 -65.167931
v -49.870968 2.812840 -63.350464
v -49.870968 2.812840 -61.532997
v -49.870968 2.812840 -59.715530
v -49.870968 2.812840 -57.898067
v -44.905888 2.812840 -57.898067
v -44.905888 2.812840 -59.715530
v -44.905888 2.812840 -61.532997
v -44.905888 2.812840 -63.350464
v -44.905888 2.812840 -65.167931
v -44.905888 2.812840 -66.985397
v -49.870968 3.018710 -66.985397
v -49.870968 3.018710 -65.167931
v -49.870968 3.018710 -63.350464
v -49.870968 3.018710 -61.532997
v -49.870968 3.018710 -59.715530
v -49.870968 3.018710 -57.898067
v -44.905888 3.018710 -57.898067
v -44.905888 3.018710 -59.715530
v -44.905888 3.018710 -61.532997
v -44.905888 3.018710 -63.350464
v -44.905888 3.018710 -65.167931
v -44.905888 3.018710 -66.985397
v -50.079380 2.812840 -67.366837
v -50.079380 2.812840 -65.396797
v -50.079380 2.812840 -63.426754
v -50.079380 2.812840 -61.456707
v -50.079380 2.812840 -59.486664
v -50.079380 2.812840 -57.516621
v -44.697475 2.812840 -57.516621
v -44.697475 2.812840 -59.486664
v -44.697475 2.812840 -61.456707
v -44.697475 2.812840 -63.426754
v -44.697475 2.812840 -65.396797
v -44.697475 2.812840 -67.366837
v -50.079380 3.018710 -67.366837
v -50.079380 3.018710 -65.396797
v -50.079380 3.018710 -63.426754
v -50.079380 3.018710 -61.456707
v -50.079380 3.018710 -59.486664
v -50.079380 3.018710 -57.516621
v -44.697475 3.018710 -57.516621
v -44.697475 3.018710 -59.486664
v -44.697475 3.018710 -61.456707
v -44.697475 3.018710 -63.426754
v -44.697475 3.018710 -65.396797
v -44.697475 3.018710 -67.366837
v -48.629700 3.018710 -57.898067
v -48.629700 3.018710 -59.715530
v -48.629700 3.018710 -61.532997
v -48.629700 3.018710 -63.350464
v -48.629700 3.018710 -65.167931
v -48.629700 3.018710 -66.985397
v -47.388428 3.018710 -57.898067
v -47.388428 3.018710 -59.715530
v -47.388428 3.018710 -61.532997
v -47.388428 3.018710 -63.350464
v -47.388428 3.018710 -65.167931
v -47.388428 3.018710 -66.985397
v -46.147156 3.018710 -57.898067
v -46.147156 3.018710 -59.715530
v -46.147156 3.018710 -61.532997
v -46.147156 3.018710 -63.350464
v -46.147156 3.018710 -65.167931
v -46.147156 3.018710 -66.985397
v -48.629700 1.494119 -66.985397
v -48.629700 1.494119 -65.167931
v -48.629700 1.494119 -63.350464
v -48.629700 1.494119 -61.532997
v -48.629700 1.494119 -59.715530
v -48.629700 1.494119 -57.898067
v -47.388428 1.494119 -66.985397
v -47.388428 1.494119 -65.167931
v -47.388428 1.494119 -63.350464
v -47.388428 1.494119 -61.532997
v -47.388428 1.494119 -59.715530
v -47.388428 1.494119 -57.898067
v -46.147156 1.494119 -66.985397
v -46.147156 1.494119 -65.167931
v -46.147156 1.494119 -63.350464
v -46.147156 1.494119 -61.532997
v -46.147156 1.494119 -59.715530
v -46.147156 1.494119 -57.898067
v -49.870968 1.670523 -57.898067
v -49.870968 1.670523 -59.715530
v -49.870968 1.670523 -61.532997
v -49.870968 1.670523 -63.350464
v -49.870968 1.670523 -65.167931
v -49.870968 1.670523 -66.985397
v -44.905888 1.670523 -66.985397
v -44.905888 1.670523 -65.167931
v -44.905888 1.670523 -63.350464
v -44.905888 1.670523 -61.532997
v -44.905888 1.670523 -59.715530
v -44.905888 1.670523 -57.898067
v -48.629700 1.494119 -56.385605
v -47.388428 1.494119 -56.385605
v -46.147156 1.494119 -56.385605
v -48.629700 2.812840 -56.385605
v -47.388428 2.812840 -56.385605
v -46.147156 2.812840 -56.385605
v -48.629700 1.670523 -56.385605
v -47.388428 1.670523 -56.385605
v -46.147156 1.670523 -56.385605
v -46.147156 2.812840 -56.080601
v -44.905888 2.812840 -56.080601
v -44.905888 1.670523 -56.080601
v -49.870968 2.812840 -56.080601
v -48.629700 2.812840 -56.080601
v -48.629700 1.670523 -56.080601
v -46.147156 1.670523 -56.080601
v -49.870968 1.670523 -56.080601
v -45.940060 2.686166 -56.232162
v -45.112984 2.686166 -56.232162
v -45.112984 1.797197 -56.232162
v -49.663872 2.686166 -56.232162
v -48.836796 2.686166 -56.232162
v -48.836796 1.797197 -56.232162
v -45.940060 1.797197 -56.232162
v -49.663872 1.797197 -56.232162
v -44.905888 1.785235 -67.465935
v -44.905888 1.785235 -68.322319
v -44.905888 2.698128 -68.322319
v -44.905888 2.698128 -67.465935
v -44.905888 1.785235 -56.561146
v -44.905888 1.785235 -57.417522
v -44.905888 2.698128 -57.417522
v -44.905888 2.698128 -56.561146
v -44.905888 1.785235 -58.378609
v -44.905888 1.785235 -59.234989
v -44.905888 2.698128 -59.234989
v -44.905888 2.698128 -58.378609
v -44.905888 1.785235 -60.196075
v -44.905888 1.785235 -61.052456
v -44.905888 2.698128 -61.052456
v -44.905888 2.698128 -60.196075
v -44.905888 1.785235 -62.013542
v -44.905888 1.785235 -62.869919
v -44.905888 2.698128 -62.869919
v -44.905888 2.698128 -62.013542
v -44.905888 1.785235 -63.831005
v -44.905888 1.785235 -64.687386
v -44.905888 2.698128 -64.687386
v -44.905888 2.698128 -63.831005
v -44.905888 1.785235 -65.648468
v -44.905888 1.785235 -66.504852
v -44.905888 2.698128 -66.504852
v -44.905888 2.698128 -65.648468
v -45.752522 1.911909 -56.232162
v -45.300526 1.911909 -56.232162
v -45.300526 2.571454 -56.232162
v -45.752522 2.571454 -56.232162
v -49.476330 1.911909 -56.232162
v -49.024334 1.911909 -56.232162
v -49.024334 2.571454 -56.232162
v -49.476330 2.571454 -56.232162
v -44.970490 1.785235 -68.322319
v -44.970490 1.785235 -67.465935
v -44.970490 2.698128 -67.465935
v -44.970490 2.698128 -68.322319
v -44.970490 1.785235 -57.417522
v -44.970490 1.785235 -56.561146
v -44.970490 2.698128 -56.561146
v -44.970490 2.698128 -57.417522
v -44.970490 1.785235 -59.234989
v -44.970490 1.785235 -58.378609
v -44.970490 2.698128 -58.378609
v -44.970490 2.698128 -59.234989
v -44.970490 1.785235 -61.052456
v -44.970490 1.785235 -60.196075
v -44.970490 2.698128 -60.196075
v -44.970490 2.698128 -61.052456
v -44.970490 1.785235 -62.869919
v -44.970490 1.785235 -62.013542
v -44.970490 2.698128 -62.013542
v -44.970490 2.698128 -62.869919
v -44.970490 1.785235 -64.687386
v -44.970490 1.785235 -63.831005
v -44.970490 2.698128 -63.831005
v -44.970490 2.698128 -64.687386
v -44.970490 1.785235 -66.504852
v -44.970490 1.785235 -65.648468
v -44.970490 2.698128 -65.648468
v -44.970490 2.698128 -66.504852
v -45.300526 1.911909 -56.397697
v -45.752522 1.911909 -56.397697
v -45.752522 2.571454 -56.397697
v -45.300526 2.571454 -56.397697
v -49.024334 1.911909 -56.397697
v -49.476330 1.911909 -56.397697
v -49.476330 2.571454 -56.397697
v -49.024334 2.571454 -56.397697
v -48.942554 1.861887 -68.802856
v -49.558113 1.861887 -68.802856
v -49.558113 2.621476 -68.802856
v -48.942554 2.621476 -68.802856
v -45.218742 1.861887 -68.802856
v -45.834301 1.861887 -68.802856
v -45.834301 2.621476 -68.802856
v -45.218742 2.621476 -68.802856
v -46.460014 1.861887 -68.802856
v -47.075569 1.861887 -68.802856
v -47.075569 2.621476 -68.802856
v -46.460014 2.621476 -68.802856
v -47.701286 1.861887 -68.802856
v -48.316841 1.861887 -68.802856
v -48.316841 2.621476 -68.802856
v -47.701286 2.621476 -68.802856
v -49.558113 1.861887 -68.650269
v -48.942554 1.861887 -68.650269
v -48.942554 2.621476 -68.650269
v -49.558113 2.621476 -68.650269
v -45.834301 1.861887 -68.650269
v -45.218742 1.861887 -68.650269
v -45.218742 2.621476 -68.650269
v -45.834301 2.621476 -68.650269
v -47.075569 1.861887 -68.650269
v -46.460014 1.861887 -68.650269
v -46.460014 2.621476 -68.650269
v -47.075569 2.621476 -68.650269
v -48.316841 1.861887 -68.650269
v -47.701286 1.861887 -68.650269
v -47.701286 2.621476 -68.650269
v -48.316841 2.621476 -68.650269
v -49.870968 1.783327 -57.425514
v -49.870968 1.783327 -56.553154
v -49.870968 2.700035 -56.553154
v -49.870968 2.700035 -57.425514
v -49.870968 1.783327 -68.330307
v -49.870968 1.783327 -67.457947
v -49.870968 2.700035 -67.457947
v -49.870968 2.700035 -68.330307
v -49.870968 1.783327 -66.512840
v -49.870968 1.783327 -65.640480
v -49.870968 2.700035 -65.640480
v -49.870968 2.700035 -66.512840
v -49.870968 1.783327 -64.695374
v -49.870968 1.783327 -63.823017
v -49.870968 2.700035 -63.823017
v -49.870968 2.700035 -64.695374
v -49.870968 1.783327 -62.877911
v -49.870968 1.783327 -62.005550
v -49.870968 2.700035 -62.005550
v -49.870968 2.700035 -62.877911
v -49.870968 1.783327 -61.060444
v -49.870968 1.783327 -60.188084
v -49.870968 2.700035 -60.188084
v -49.870968 2.700035 -61.060444
v -49.870968 1.783327 -59.242981
v -49.870968 1.783327 -58.370621
v -49.870968 2.700035 -58.370621
v -49.870968 2.700035 -59.242981
v -49.800411 1.783327 -56.553154
v -49.800411 1.783327 -57.425514
v -49.800411 2.700035 -57.425514
v -49.800411 2.700035 -56.553154
v -49.800411 1.783327 -67.457947
v -49.800411 1.783327 -68.330307
v -49.800411 2.700035 -68.330307
v -49.800411 2.700035 -67.457947
v -49.800411 1.783327 -65.640480
v -49.800411 1.783327 -66.512840
v -49.800411 2.700035 -66.512840
v -49.800411 2.700035 -65.640480
v -49.800411 1.783327 -63.823017
v -49.800411 1.783327 -64.695374
v -49.800411 2.700035 -64.695374
v -49.800411 2.700035 -63.823017
v -49.800411 1.783327 -62.005550
v -49.800411 1.783327 -62.877911
v -49.800411 2.700035 -62.877911
v -49.800411 2.700035 -62.005550
v -49.800411 1.783327 -60.188084
v -49.800411 1.783327 -61.060444
v -49.800411 2.700035 -61.060444
v -49.800411 2.700035 -60.188084
v -49.800411 1.783327 -58.370621
v -49.800411 1.783327 -59.242981
v -49.800411 2.700035 -59.242981
v -49.800411 2.700035 -58.370621
v -49.870968 3.018710 -56.080601
v -44.905888 3.018710 -56.080601
v -49.870968 3.018710 -68.802856
v -44.905888 3.018710 -68.802856
v -49.870968 4.337431 -68.802856
v -49.663872 4.210757 -56.080601
v -45.112984 4.210757 -56.080601
v -44.905888 4.337431 -68.802856
v -49.870968 4.543301 -68.802856
v -49.870968 4.543301 -56.080601
v -44.905888 4.543301 -56.080601
v -44.905888 4.543301 -68.802856
v -50.079380 4.337431 -69.336884
v -50.079380 4.337431 -55.546577
v -44.697475 4.337431 -55.546577
v -44.697475 4.337431 -69.336884
v -50.079380 4.543301 -69.336884
v -50.079380 4.543301 -55.546577
v -44.697475 4.543301 -55.546577
v -44.697475 4.543301 -69.336884
v -48.629700 3.018710 -56.080601
v -47.388428 3.018710 -56.080601
v -46.147156 3.018710 -56.080601
v -46.147156 3.018710 -68.802856
v -47.388428 3.018710 -68.802856
v -48.629700 3.018710 -68.802856
v -48.836796 4.210757 -56.080601
v -47.388428 4.337431 -56.080601
v -45.940060 4.210757 -56.080601
v -46.147156 4.337431 -68.802856
v -47.388428 4.337431 -68.802856
v -48.629700 4.337431 -68.802856
v -48.629700 4.543301 -56.080601
v -47.388428 4.543301 -56.080601
v -46.147156 4.543301 -56.080601
v -46.147156 4.543301 -68.802856
v -47.388428 4.543301 -68.802856
v -48.629700 4.543301 -68.802856
v -48.733906 4.337431 -55.546577
v -47.388428 4.337431 -55.546577
v -46.042950 4.337431 -55.546577
v -46.042950 4.337431 -69.336884
v -47.388428 4.337431 -69.336884
v -48.733906 4.337431 -69.336884
v -48.733906 4.543301 -55.546577
v -47.388428 4.543301 -55.546577
v -46.042950 4.543301 -55.546577
v -46.042950 4.543301 -69.336884
v -47.388428 4.543301 -69.336884
v -48.733906 4.543301 -69.336884
v -49.870968 3.195113 -68.802856
v -44.905888 3.195113 -68.802856
v -45.112984 3.321788 -56.080601
v -49.663872 3.321788 -56.080601
v -48.836796 3.321788 -56.080601
v -45.940060 3.321788 -56.080601
v -46.147156 3.195113 -68.802856
v -47.388428 3.195113 -68.802856
v -48.629700 3.195113 -68.802856
v -49.870968 3.018710 -66.985397
v -49.870968 3.018710 -65.167931
v -49.870968 3.018710 -63.350464
v -49.870968 3.018710 -61.532997
v -49.870968 3.018710 -59.715530
v -49.870968 3.018710 -57.898067
v -44.905888 3.018710 -57.898067
v -44.905888 3.018710 -59.715530
v -44.905888 3.018710 -61.532997
v -44.905888 3.018710 -63.350464
v -44.905888 3.018710 -65.167931
v -44.905888 3.018710 -66.985397
v -49.870968 4.337431 -66.985397
v -49.870968 4.337431 -65.167931
v -49.870968 4.337431 -63.350464
v -49.870968 4.337431 -61.532997
v -49.870968 4.337431 -59.715530
v -49.870968 4.337431 -57.898067
v -44.905888 4.337431 -57.898067
v -44.905888 4.337431 -59.715530
v -44.905888 4.337431 -61.532997
v -44.905888 4.337431 -63.350464
v -44.905888 4.337431 -65.167931
v -44.905888 4.337431 -66.985397
v -49.870968 4.543301 -66.985397
v -49.870968 4.543301 -65.167931
v -49.870968 4.543301 -63.350464
v -49.870968 4.543301 -61.532997
v -49.870968 4.543301 -59.715530
v -49.870968 4.543301 -57.898067
v -44.905888 4.543301 -57.898067
v -44.905888 4.543301 -59.715530
v -44.905888 4.543301 -61.532997
v -44.905888 4.543301 -63.350464
v -44.905888 4.543301 -65.167931
v -44.905888 4.543301 -66.985397
v -50.079380 4.337431 -67.366837
v -50.079380 4.337431 -65.396797
v -50.079380 4.337431 -63.426754
v -50.079380 4.337431 -61.456707
v -50.079380 4.337431 -59.486664
v -50.079380 4.337431 -57.516621
v -44.697475 4.337431 -57.516621
v -44.697475 4.337431 -59.486664
v -44.697475 4.337431 -61.456707
v -44.697475 4.337431 -63.426754
v -44.697475 4.337431 -65.396797
v -44.697475 4.337431 -67.366837
v -50.079380 4.543301 -67.366837
v -50.079380 4.543301 -65.396797
v -50.079380 4.543301 -63.426754
v -50.079380 4.543301 -61.456707
v -50.079380 4.543301 -59.486664
v -50.079380 4.543301 -57.516621
v -44.697475 4.543301 -57.516621
v -44.697475 4.543301 -59.486664
v -44.697475 4.543301 -61.456707
v -44.697475 4.543301 -63.426754
v -44.697475 4.543301 -65.396797
v -44.697475 4.543301 -67.366837
v -48.629700 4.543301 -57.898067
v -48.629700 4.543301 -59.715530
v -48.629700 4.543301 -61.532997
v -48.629700 4.543301 -63.350464
v -48.629700 4.543301 -65.167931
v -48.629700 4.543301 -66.985397
v -47.388428 4.543301 -57.898067
v -47.388428 4.543301 -59.715530
v -47.388428 4.543301 -61.532997
v -47.388428 4.543301 -63.350464
v -47.388428 4.543301 -65.167931
v -47.388428 4.543301 -66.985397
v -46.147156 4.543301 -57.898067
v -46.147156 4.543301 -59.715530
v -46.147156 4.543301 -61.532997
v -46.147156 4.543301 -63.350464
v -46.147156 4.543301 -65.167931
v -46.147156 4.543301 -66.985397
v -48.629700 3.018710 -66.985397
v -48.629700 3.018710 -65.167931
v -48.629700 3.018710 -63.350464
v -48.629700 3.018710 -61.532997
v -48.629700 3.018710 -59.715530
v -48.629700 3.018710 -57.898067
v -47.388428 3.018710 -66.985397
v -47.388428 3.018710 -65.167931
v -47.388428 3.018710 -63.350464
v -47.388428 3.018710 -61.532997
v -47.388428 3.018710 -59.715530
v -47.388428 3.018710 -57.898067
v -46.147156 3.018710 -66.985397
v -46.147156 3.018710 -65.167931
v -46.147156 3.018710 -63.350464
v -46.147156 3.018710 -61.532997
v -46.147156 3.018710 -59.715530
v -46.147156 3.018710 -57.898067
v -49.870968 3.195113 -57.898067
v -49.870968 3.195113 -59.715530
v -49.870968 3.195113 -61.532997
v -49.870968 3.195113 -63.350464
v -49.870968 3.195113 -65.167931
v -49.870968 3.195113 -66.985397
v -44.905888 3.195113 -66.985397
v -44.905888 3.195113 -65.167931
v -44.905888 3.195113 -63.350464
v -44.905888 3.195113 -61.532997
v -44.905888 3.195113 -59.715530
v -44.905888 3.195113 -57.898067
v -48.629700 3.018710 -56.385605
v -47.388428 3.018710 -56.385605
v -46.147156 3.018710 -56.385605
v -48.629700 4.337431 -56.385605
v -47.388428 4.337431 -56.385605
v -46.147156 4.337431 -56.385605
v -48.629700 3.195113 -56.385605
v -47.388428 3.195113 -56.385605
v -46.147156 3.195113 -56.385605
v -46.147156 4.337431 -56.080601
v -44.905888 4.337431 -56.080601
v -44.905888 3.195113 -56.080601
v -49.870968 4.337431 -56.080601
v -48.629700 4.337431 -56.080601
v -48.629700 3.195113 -56.080601
v -46.147156 3.195113 -56.080601
v -49.870968 3.195113 -56.080601
v -45.940060 4.210757 -56.232162
v -45.112984 4.210757 -56.232162
v -45.112984 3.321788 -56.232162
v -49.663872 4.210757 -56.232162
v -48.836796 4.210757 -56.232162
v -48.836796 3.321788 -56.232162
v -45.940060 3.321788 -56.232162
v -49.663872 3.321788 -56.232162
v -44.905888 3.309825 -67.465935
v -44.905888 3.309825 -68.322319
v -44.905888 4.222719 -68.322319
v -44.905888 4.222719 -67.465935
v -44.905888 3.309825 -56.561146
v -44.905888 3.309825 -57.417522
v -44.905888 4.222719 -57.417522
v -44.905888 4.222719 -56.561146
v -44.905888 3.309825 -58.378609
v -44.905888 3.309825 -59.234989
v -44.905888 4.222719 -59.234989
v -44.905888 4.222719 -58.378609
v -44.905888 3.309825 -60.196075
v -44.905888 3.309825 -61.052456
v -44.905888 4.222719 -61.052456
v -44.905888 4.222719 -60.196075
v -44.905888 3.309825 -62.013542
v -44.905888 3.309825 -62.869919
v -44.905888 4.222719 -62.869919
v -44.905888 4.222719 -62.013542
v -44.905888 3.309825 -63.831005
v -44.905888 3.309825 -64.687386
v -44.905888 4.222719 -64.687386
v -44.905888 4.222719 -63.831005
v -44.905888 3.309825 -65.648468
v -44.905888 3.309825 -66.504852
v -44.905888 4.222719 -66.504852
v -44.905888 4.222719 -65.648468
v -45.752522 3.436500 -56.232162
v -45.300526 3.436500 -56.232162
v -45.300526 4.096045 -56.232162
v -45.752522 4.096045 -56.232162
v -49.476330 3.436500 -56.232162
v -49.024334 3.436500 -56.232162
v -49.024334 4.096045 -56.232162
v -49.476330 4.096045 -56.232162
v -44.970490 3.309825 -68.322319
v -44.970490 3.309825 -67.465935
v -44.970490 4.222719 -67.465935
v -44.970490 4.222719 -68.322319
v -44.970490 3.309825 -57.417522
v -44.970490 3.309825 -56.561146
v -44.970490 4.222719 -56.561146
v -44.970490 4.222719 -57.417522
v -44.970490 3.309825 -59.234989
v -44.970490 3.309825 -58.378609
v -44.970490 4.222719 -58.378609
v -44.970490 4.222719 -59.234989
v -44.970490 3.309825 -61.052456
v -44.970490 3.309825 -60.196075
v -44.970490 4.222719 -60.196075
v -44.970490 4.222719 -61.052456
v -44.970490 3.309825 -62.869919
v -44.970490 3.309825 -62.013542
v -44.970490 4.222719 -62.013542
v -44.970490 4.222719 -62.869919
v -44.970490 3.309825 -64.687386
v -44.970490 3.309825 -63.831005
v -44.970490 4.222719 -63.831005
v -44.970490 4.222719 -64.687386
v -44.970490 3.309825 -66.504852
v -44.970490 3.309825 -65.648468
v -44.970490 4.222719 -65.648468
v -44.970490 4.222719 -66.504852
v -45.300526 3.436500 -56.397697
v -45.752522 3.436500 -56.397697
v -45.752522 4.096045 -56.397697
v -45.300526 4.096045 -56.397697
v -49.024334 3.436500 -56.397697
v -49.476330 3.436500 -56.397697
v -49.476330 4.096045 -56.397697
v -49.024334 4.096045 -56.397697
v -48.942554 3.386478 -68.802856
v -49.558113 3.386478 -68.802856
v -49.558113 4.146067 -68.802856
v -48.942554 4.146067 -68.802856
v -45.218742 3.386478 -68.802856
v -45.834301 3.386478 -68.802856
v -45.834301 4.146067 -68.802856
v -45.218742 4.146067 -68.802856
v -46.460014 3.386478 -68.802856
v -47.075569 3.386478 -68.802856
v -47.075569 4.146067 -68.802856
v -46.460014 4.146067 -68.802856
v -47.701286 3.386478 -68.802856
v -48.316841 3.386478 -68.802856
v -48.316841 4.146067 -68.802856
v -47.701286 4.146067 -68.802856
v -49.558113 3.386478 -68.650269
v -48.942554 3.386478 -68.650269
v -48.942554 4.146067 -68.650269
v -49.558113 4.146067 -68.650269
v -45.834301 3.386478 -68.650269
v -45.218742 3.386478 -68.650269
v -45.218742 4.146067 -68.650269
v -45.834301 4.146067 -68.650269
v -47.075569 3.386478 -68.650269
v -46.460014 3.386478 -68.650269
v -46.460014 4.146067 -68.650269
v -47.075569 4.146067 -68.650269
v -48.316841 3.386478 -68.650269
v -47.701286 3.386478 -68.650269
v -47.701286 4.146067 -68.650269
v -48.316841 4.146067 -68.650269
v -49.870968 3.307918 -57.425514
v -49.870968 3.307918 -56.553154
v -49.870968 4.224626 -56.553154
v -49.870968 4.224626 -57.425514
v -49.870968 3.307918 -68.330307
v -49.870968 3.307918 -67.457947
v -49.870968 4.224626 -67.457947
v -49.870968 4.224626 -68.330307
v -49.870968 3.307918 -66.512840
v -49.870968 3.307918 -65.640480
v -49.870968 4.224626 -65.640480
v -49.870968 4.224626 -66.512840
v -49.870968 3.307918 -64.695374
v -49.870968 3.307918 -63.823017
v -49.870968 4.224626 -63.823017
v -49.870968 4.224626 -64.695374
v -49.870968 3.307918 -62.877911
v -49.870968 3.307918 -62.005550
v -49.870968 4.224626 -62.005550
v -49.870968 4.224626 -62.877911
v -49.870968 3.307918 -61.060444
v -49.870968 3.307918 -60.188084
v -49.870968 4.224626 -60.188084
v -49.870968 4.224626 -61.060444
v -49.870968 3.307918 -59.242981
v -49.870968 3.307918 -58.370621
v -49.870968 4.224626 -58.370621
v -49.870968 4.224626 -59.242981
v -49.800411 3.307918 -56.553154
v -49.800411 3.307918 -57.425514
v -49.800411 4.224626 -57.425514
v -49.800411 4.224626 -56.553154
v -49.800411 3.307918 -67.457947
v -49.800411 3.307918 -68.330307
v -49.800411 4.224626 -68.330307
v -49.800411 4.224626 -67.457947
v -49.800411 3.307918 -65.640480
v -49.800411 3.307918 -66.512840
v -49.800411 4.224626 -66.512840
v -49.800411 4.224626 -65.640480
v -49.800411 3.307918 -63.823017
v -49.800411 3.307918 -64.695374
v -49.800411 4.224626 -64.695374
v -49.800411 4.224626 -63.823017
v -49.800411 3.307918 -62.005550
v -49.800411 3.307918 -62.877911
v -49.800411 4.224626 -62.877911
v -49.800411 4.224626 -62.005550
v -49.800411 3.307918 -60.188084
v -49.800411 3.307918 -61.060444
v -49.800411 4.224626 -61.060444
v -49.800411 4.224626 -60.188084
v -49.800411 3.307918 -58.370621
v -49.800411 3.307918 -59.242981
v -49.800411 4.224626 -59.242981
v -49.800411 4.224626 -58.370621
vn -0.0000 -1.0000 -0.0000
vn -0.0000 1.0000 -0.0000
vn 1.0000 -0.0000 -0.0000
vn -0.0000 -0.0000 1.0000
vn -0.0000 -0.0000 -1.0000
vn -1.0000 -0.0000 -0.0000
vt 0.750000 0.857143
vt 0.750000 1.000000
vt 1.000000 1.000000
vt 1.000000 0.857143
vt 0.000000 0.857143
vt 0.000000 1.000000
vt 0.000000 0.857143
vt 0.063012 1.000000
vt 0.063012 1.000000
vt 0.791711 0.000000
vt 1.000000 0.962228
vt 1.000000 0.962228
vt 0.000000 0.248571
vt 1.000000 0.142857
vt 1.000000 0.000000
vt 1.000000 0.142857
vt 0.750000 0.000000
vt 0.250000 1.000000
vt 1.000000 0.857143
vt 0.000000 0.142857
vt 0.000000 0.000000
vt 0.250000 0.000000
vt 0.500000 0.000000
vt 0.500000 1.000000
vt 0.250000 0.857143
vt 0.500000 0.857143
vt 0.041711 0.000000
vt 0.208289 0.000000
vt 0.436988 1.000000
vt 0.313011 1.000000
vt 0.936988 1.000000
vt 0.936988 1.000000
vt 0.686988 1.000000
vt 0.563012 1.000000
vt 0.000000 0.857143
vt 0.250000 1.000000
vt 0.250000 0.857143
vt 0.500000 1.000000
vt 0.500000 0.857143
vt 0.250000 1.000000
vt 0.500000 1.000000
vt 1.000000 0.285714
vt 1.000000 0.428571
vt 1.000000 0.571429
vt 1.000000 0.714286
vt 0.000000 0.714286
vt 0.000000 0.571429
vt 0.000000 0.428571
vt 0.000000 0.285714
vt 0.500000 0.142857
vt 0.750000 0.142857
vt 0.500000 0.285714
vt 0.750000 0.285714
vt 0.500000 0.428571
vt 0.750000 0.428571
vt 0.500000 0.571429
vt 0.750000 0.571429
vt 0.500000 0.714286
vt 0.750000 0.714286
vt 0.250000 0.142857
vt 0.250000 0.285714
vt 0.250000 0.428571
vt 0.250000 0.571429
vt 0.250000 0.714286
vt 0.500000 0.142857
vt 0.500000 0.285714
vt 0.500000 0.428571
vt 0.500000 0.571429
vt 0.500000 0.714286
vt 0.250000 0.142857
vt 0.250000 0.285714
vt 0.250000 0.428571
vt 0.250000 0.571429
vt 0.250000 0.714286
vt 0.000000 0.714286
vt 0.000000 0.285714
vt 1.000000 0.285714
vt 1.000000 0.428571
vt 1.000000 0.571429
vt 0.000000 0.465715
vt 0.000000 0.534285
vt 0.000000 0.962856
vt 0.000000 0.894287
vt 0.000000 0.180001
vt 0.000000 0.751429
vt 0.000000 0.819999
vt 1.000000 0.676514
vt 1.000000 0.894915
vt 1.000000 0.894915
vt 1.000000 0.609200
vt 1.000000 0.609200
vt 1.000000 0.390800
vt 1.000000 0.323486
vt 0.170517 0.000000
vt 0.079483 0.000000
vt 0.958289 0.000000
vt 0.958289 0.000000
vt 0.041711 0.000000
vt 1.000000 0.390800
vt 1.000000 0.105085
vt 1.000000 0.037772
vt 1.000000 0.105085
vt 1.000000 0.037772
vt 1.000000 0.247942
vt 1.000000 0.180629
vt 1.000000 0.247942
vt 1.000000 0.180629
vt 1.000000 0.533657
vt 1.000000 0.466343
vt 1.000000 0.533657
vt 1.000000 0.466343
vt 1.000000 0.819371
vt 1.000000 0.752058
vt 1.000000 0.819371
vt 0.920517 0.000000
vt 0.829482 0.000000
vt 0.920517 0.000000
vt 0.829483 0.000000
vt 0.170517 0.000000
vt 0.079483 0.000000
vt 0.186988 1.000000
vt 0.186988 1.000000
vt 0.813012 1.000000
vt 0.563011 1.000000
vt 0.686988 1.000000
vt 0.313012 1.000000
vt 0.436988 1.000000
vt 0.000000 0.037144
vt 0.000000 0.105713
vt 0.000000 0.037144
vt 0.000000 0.894287
vt 0.000000 0.751429
vt 0.000000 0.819999
vt 0.000000 0.608572
vt 0.000000 0.677142
vt 0.000000 0.322858
vt 0.000000 0.391428
s 0
usemtl B5
f 886/431/180 760/432/180 740/433/180 807/434/180
f 820/435/181 745/436/181 753/436/181 844/437/181
f 1002/438/182 1003/439/182 1020/439/182 1017/438/182
f 765/440/182 792/440/182 927/440/182 921/440/182
f 930/441/183 931/442/183 968/442/183 965/441/183
f 1060/443/183 1057/443/183 1086/443/183 1087/443/183
f 873/431/181 831/434/181 748/433/181 772/432/181
f 826/444/181 747/445/181 755/445/181 850/446/181
f 913/447/180 914/445/180 751/445/180 777/447/180
f 768/448/180 741/436/180 749/436/180 780/448/180
f 780/448/184 749/436/184 753/436/184 786/448/184
f 777/447/183 751/445/183 755/445/183 783/447/183
f 843/434/182 752/433/182 756/433/182 855/449/182
f 837/450/185 750/451/185 754/451/185 849/450/185
f 819/449/180 744/433/180 752/433/180 843/434/180
f 772/432/181 748/433/181 756/433/181 784/432/181
f 813/450/180 916/451/180 750/451/180 837/450/180
f 769/452/181 746/451/181 754/451/181 781/452/181
f 747/445/181 771/447/181 783/447/181 755/445/181
f 771/447/181 770/453/181 782/453/181 783/447/181
f 770/453/181 769/452/181 781/452/181 782/453/181
f 745/436/181 774/448/181 786/448/181 753/436/181
f 774/448/181 773/454/181 785/454/181 786/448/181
f 773/454/181 772/432/181 784/432/181 785/454/181
f 750/451/183 775/452/183 781/452/183 754/451/183
f 775/452/183 776/453/183 782/453/183 781/452/183
f 776/453/183 777/447/183 783/447/183 782/453/183
f 752/433/184 778/432/184 784/432/184 756/433/184
f 778/432/184 779/454/184 785/454/184 784/432/184
f 779/454/184 780/448/184 786/448/184 785/454/184
f 744/433/180 766/432/180 778/432/180 752/433/180
f 766/432/180 767/454/180 779/454/180 778/432/180
f 767/454/180 768/448/180 780/448/180 779/454/180
f 916/451/180 917/452/180 775/452/180 750/451/180
f 917/452/180 764/453/180 776/453/180 775/452/180
f 764/453/180 913/447/180 777/447/180 776/453/180
f 820/435/181 861/455/181 774/448/181 745/436/181
f 861/455/181 867/456/181 773/454/181 774/448/181
f 867/456/181 873/431/181 772/432/181 773/454/181
f 790/457/181 791/458/181 926/458/181 928/457/181
f 919/447/185 913/447/185 909/447/185 912/447/185
f 918/452/182 757/452/182 904/452/182 910/452/182
f 1013/459/181 1014/460/181 1029/460/181 1030/459/181
f 1008/461/185 1005/462/185 1022/462/185 1023/461/185
f 1009/463/181 1010/464/181 1025/464/181 1026/463/181
f 796/465/180 739/436/180 762/466/180 874/467/180
f 874/467/180 762/466/180 761/468/180 880/469/180
f 880/469/180 761/468/180 760/432/180 886/431/180
f 761/468/184 762/466/184 795/470/184 794/471/184
f 760/432/184 761/468/184 794/471/184 793/432/184
f 740/433/184 760/432/184 793/432/184 788/433/184
f 759/447/185 919/447/185 912/447/185 906/447/185
f 758/453/181 759/447/181 906/447/181 905/453/181
f 737/451/183 757/452/183 918/452/183 920/451/183
f 801/450/185 737/451/185 920/451/185 892/450/185
f 807/434/182 740/433/182 788/433/182 898/434/182
f 759/447/183 738/445/183 915/445/183 919/447/183
f 762/466/184 739/436/184 787/436/184 795/470/184
f 738/445/182 802/444/182 903/444/182 915/445/182
f 802/444/182 803/472/182 902/472/182 903/444/182
f 803/472/182 804/473/182 901/473/182 902/472/182
f 804/473/182 805/474/182 900/474/182 901/473/182
f 805/474/182 806/475/182 899/475/182 900/474/182
f 806/475/182 807/434/182 898/434/182 899/475/182
f 739/436/185 796/465/185 897/465/185 787/436/185
f 796/465/185 797/476/185 896/476/185 897/465/185
f 797/476/185 798/477/185 895/477/185 896/476/185
f 798/477/185 799/478/185 894/478/185 895/477/185
f 799/478/185 800/479/185 893/479/185 894/478/185
f 800/479/185 801/450/185 892/450/185 893/479/185
f 758/453/180 885/480/180 891/481/180 759/447/180
f 885/480/180 884/482/180 890/483/180 891/481/180
f 884/482/180 883/484/180 889/485/180 890/483/180
f 883/484/180 882/486/180 888/487/180 889/485/180
f 882/486/180 881/488/180 887/489/180 888/487/180
f 881/488/180 880/469/180 886/431/180 887/489/180
f 757/452/180 879/490/180 885/480/180 758/453/180
f 879/490/180 878/491/180 884/482/180 885/480/180
f 878/491/180 877/492/180 883/484/180 884/482/180
f 877/492/180 876/493/180 882/486/180 883/484/180
f 876/493/180 875/494/180 881/488/180 882/486/180
f 875/494/180 874/467/180 880/469/180 881/488/180
f 737/451/180 801/450/180 879/490/180 757/452/180
f 801/450/180 800/479/180 878/491/180 879/490/180
f 800/479/180 799/478/180 877/492/180 878/491/180
f 799/478/180 798/477/180 876/493/180 877/492/180
f 798/477/180 797/476/180 875/494/180 876/493/180
f 797/476/180 796/465/180 874/467/180 875/494/180
f 770/453/181 771/447/181 868/481/181 862/495/181
f 862/495/181 868/481/181 869/483/181 863/496/181
f 863/496/181 869/483/181 870/485/181 864/497/181
f 864/497/181 870/485/181 871/487/181 865/498/181
f 865/498/181 871/487/181 872/489/181 866/499/181
f 866/499/181 872/489/181 873/431/181 867/456/181
f 769/452/181 770/453/181 862/495/181 856/500/181
f 856/500/181 862/495/181 863/496/181 857/501/181
f 857/501/181 863/496/181 864/497/181 858/502/181
f 858/502/181 864/497/181 865/498/181 859/503/181
f 859/503/181 865/498/181 866/499/181 860/504/181
f 860/504/181 866/499/181 867/456/181 861/455/181
f 746/451/181 769/452/181 856/500/181 825/450/181
f 825/450/181 856/500/181 857/501/181 824/479/181
f 824/479/181 857/501/181 858/502/181 823/478/181
f 823/478/181 858/502/181 859/503/181 822/477/181
f 822/477/181 859/503/181 860/504/181 821/476/181
f 821/476/181 860/504/181 861/455/181 820/435/181
f 741/436/180 808/435/180 832/465/180 749/436/180
f 808/435/180 809/476/180 833/505/180 832/465/180
f 809/476/180 810/477/180 834/477/180 833/505/180
f 810/477/180 811/478/180 835/478/180 834/477/180
f 811/478/180 812/479/180 836/506/180 835/478/180
f 812/479/180 813/450/180 837/450/180 836/506/180
f 914/445/180 814/444/180 838/444/180 751/445/180
f 814/444/180 815/472/180 839/507/180 838/444/180
f 815/472/180 816/508/180 840/508/180 839/507/180
f 816/508/180 817/474/180 841/509/180 840/508/180
f 817/474/180 818/475/180 842/475/180 841/509/180
f 818/475/180 819/449/180 843/434/180 842/475/180
f 749/436/185 832/465/185 844/437/185 753/436/185
f 832/465/185 833/505/185 845/476/185 844/437/185
f 833/505/185 834/477/185 846/477/185 845/476/185
f 834/477/185 835/478/185 847/478/185 846/477/185
f 835/478/185 836/506/185 848/506/185 847/478/185
f 836/506/185 837/450/185 849/450/185 848/506/185
f 751/445/182 838/444/182 850/446/182 755/445/182
f 838/444/182 839/507/182 851/472/182 850/446/182
f 839/507/182 840/508/182 852/508/182 851/472/182
f 840/508/182 841/509/182 853/474/182 852/508/182
f 841/509/182 842/475/182 854/475/182 853/474/182
f 842/475/182 843/434/182 855/449/182 854/475/182
f 748/433/181 831/434/181 855/449/181 756/433/181
f 831/434/181 830/475/181 854/475/181 855/449/181
f 830/475/181 829/509/181 853/474/181 854/475/181
f 829/509/181 828/508/181 852/508/181 853/474/181
f 828/508/181 827/472/181 851/472/181 852/508/181
f 827/472/181 826/444/181 850/446/181 851/472/181
f 771/447/181 747/445/181 826/444/181 868/481/181
f 868/481/181 826/444/181 827/472/181 869/483/181
f 869/483/181 827/472/181 828/508/181 870/485/181
f 870/485/181 828/508/181 829/509/181 871/487/181
f 871/487/181 829/509/181 830/475/181 872/489/181
f 872/489/181 830/475/181 831/434/181 873/431/181
f 1051/510/180 1052/511/180 1079/511/180 1080/510/180
f 1037/512/181 1038/513/181 1065/513/181 1066/512/181
f 1057/443/181 1058/514/181 1085/514/181 1086/443/181
f 1050/510/184 1051/510/184 1080/510/184 1077/510/184
f 1052/511/183 1049/511/183 1078/511/183 1079/511/183
f 1043/515/180 1044/516/180 1071/516/180 1072/515/180
f 950/517/183 951/517/183 988/517/183 985/517/183
f 932/518/184 929/519/184 966/519/184 967/518/184
f 952/520/184 949/521/184 986/521/184 987/520/184
f 943/522/180 944/523/180 979/523/180 980/522/180
f 929/519/181 930/441/181 965/441/181 966/519/181
f 746/451/181 825/450/181 849/450/181 754/451/181
f 825/450/181 824/479/181 848/506/181 849/450/181
f 824/479/181 823/478/181 847/478/181 848/506/181
f 823/478/181 822/477/181 846/477/181 847/478/181
f 822/477/181 821/476/181 845/476/181 846/477/181
f 821/476/181 820/435/181 844/437/181 845/476/181
f 759/447/180 891/481/180 802/444/180 738/445/180
f 891/481/180 890/483/180 803/472/180 802/444/180
f 890/483/180 889/485/180 804/473/180 803/472/180
f 889/485/180 888/487/180 805/474/180 804/473/180
f 888/487/180 887/489/180 806/475/180 805/474/180
f 887/489/180 886/431/180 807/434/180 806/475/180
f 910/452/183 911/453/183 908/453/183 907/452/183
f 911/453/183 912/447/183 909/447/183 908/453/183
f 905/453/183 906/447/183 912/447/183 911/453/183
f 904/452/183 905/453/183 911/453/183 910/452/183
f 917/452/182 918/452/182 910/452/182 907/452/182
f 764/453/180 917/452/180 907/452/180 908/453/180
f 757/452/181 758/453/181 905/453/181 904/452/181
f 913/447/180 764/453/180 908/453/180 909/447/180
f 765/440/183 743/526/183 914/445/183 913/447/183
f 743/526/183 789/527/183 915/445/183 914/445/183
f 742/528/183 763/458/183 917/452/183 916/451/183
f 763/458/183 791/458/183 918/452/183 917/452/183
f 792/440/183 765/440/183 913/447/183 919/447/183
f 790/457/183 742/528/183 916/451/183 920/451/183
f 791/458/183 790/457/183 920/451/183 918/452/183
f 789/527/183 792/440/183 919/447/183 915/445/183
f 949/521/181 950/517/181 985/517/181 986/521/181
f 942/529/183 943/522/183 980/522/183 977/529/183
f 763/458/180 742/528/180 924/528/180 925/458/180
f 743/526/180 765/440/180 921/440/180 922/526/180
f 792/440/181 789/527/181 923/527/181 927/440/181
f 742/528/182 790/457/182 928/457/182 924/528/182
f 791/458/185 763/458/185 925/458/185 926/458/185
f 789/527/185 743/526/185 922/526/185 923/527/185
f 898/434/182 788/433/182 930/441/182 929/519/182
f 788/433/182 744/433/182 931/442/182 930/441/182
f 744/433/182 819/449/182 932/518/182 931/442/182
f 819/449/182 898/434/182 929/519/182 932/518/182
f 915/445/182 903/444/182 934/530/182 933/531/182
f 903/444/182 814/444/182 935/532/182 934/530/182
f 814/444/182 914/445/182 936/533/182 935/532/182
f 914/445/182 915/445/182 933/531/182 936/533/182
f 903/444/182 902/472/182 938/534/182 937/535/182
f 902/472/182 815/472/182 939/536/182 938/534/182
f 815/472/182 814/444/182 940/537/182 939/536/182
f 814/444/182 903/444/182 937/535/182 940/537/182
f 902/472/182 901/473/182 942/529/182 941/523/182
f 901/473/182 816/508/182 943/522/182 942/529/182
f 816/508/182 815/472/182 944/523/182 943/522/182
f 815/472/182 902/472/182 941/523/182 944/523/182
f 901/473/182 900/474/182 946/538/182 945/539/182
f 900/474/182 817/474/182 947/540/182 946/538/182
f 817/474/182 816/508/182 948/541/182 947/540/182
f 816/508/182 901/473/182 945/539/182 948/541/182
f 900/474/182 899/475/182 950/517/182 949/521/182
f 899/475/182 818/475/182 951/517/182 950/517/182
f 818/475/182 817/474/182 952/520/182 951/517/182
f 817/474/182 900/474/182 949/521/182 952/520/182
f 899/475/182 898/434/182 954/542/182 953/543/182
f 898/434/182 819/449/182 955/544/182 954/542/182
f 819/449/182 818/475/182 956/543/182 955/544/182
f 818/475/182 899/475/182 953/543/182 956/543/182
f 927/440/183 923/527/183 958/545/183 957/546/183
f 923/527/183 922/526/183 959/547/183 958/545/183
f 922/526/183 921/440/183 960/548/183 959/547/183
f 921/440/183 927/440/183 957/546/183 960/548/183
f 928/457/183 926/458/183 962/549/183 961/550/183
f 926/458/183 925/458/183 963/524/183 962/549/183
f 925/458/183 924/528/183 964/525/183 963/524/183
f 924/528/183 928/457/183 961/550/183 964/525/183
f 978/523/182 977/529/182 980/522/182 979/523/182
f 986/521/182 985/517/182 988/517/182 987/520/182
f 937/535/181 938/534/181 973/534/181 974/535/181
f 951/517/180 952/520/180 987/520/180 988/517/180
f 931/442/180 932/518/180 967/518/180 968/442/180
f 940/537/184 937/535/184 974/535/184 975/537/184
f 938/534/183 939/536/183 976/536/183 973/534/183
f 945/539/181 946/538/181 981/538/181 982/539/181
f 939/536/180 940/537/180 975/537/180 976/536/180
f 948/541/184 945/539/184 982/539/184 983/541/184
f 946/538/183 947/540/183 984/540/183 981/538/183
f 953/543/181 954/542/181 989/542/181 990/543/181
f 933/531/181 934/530/181 969/530/181 970/531/181
f 947/540/180 948/541/180 983/541/180 984/540/180
f 956/543/184 953/543/184 990/543/184 991/543/184
f 936/533/184 933/531/184 970/531/184 971/533/184
f 954/542/183 955/544/183 992/544/183 989/542/183
f 934/530/183 935/532/183 972/532/183 969/530/183
f 941/523/181 942/529/181 977/529/181 978/523/181
f 955/544/180 956/543/180 991/543/180 992/544/180
f 935/532/180 936/533/180 971/533/180 972/532/180
f 944/523/184 941/523/184 978/523/184 979/523/184
f 795/470/184 787/436/184 1002/438/184 1001/551/184
f 787/436/184 741/436/184 1003/439/184 1002/438/184
f 741/436/184 768/448/184 1004/552/184 1003/439/184
f 768/448/184 795/470/184 1001/551/184 1004/552/184
f 788/433/184 793/432/184 1006/553/184 1005/462/184
f 793/432/184 766/432/184 1007/553/184 1006/553/184
f 766/432/184 744/433/184 1008/461/184 1007/553/184
f 744/433/184 788/433/184 1005/462/184 1008/461/184
f 793/432/184 794/471/184 1010/464/184 1009/463/184
f 794/471/184 767/454/184 1011/554/184 1010/464/184
f 767/454/184 766/432/184 1012/555/184 1011/554/184
f 766/432/184 793/432/184 1009/463/184 1012/555/184
f 794/471/184 795/470/184 1014/460/184 1013/459/184
f 795/470/184 768/448/184 1015/556/184 1014/460/184
f 768/448/184 767/454/184 1016/557/184 1015/556/184
f 767/454/184 794/471/184 1013/459/184 1016/557/184
f 1026/463/184 1025/464/184 1028/554/184 1027/555/184
f 1012/555/185 1009/463/185 1026/463/185 1027/555/185
f 1006/553/182 1007/553/182 1024/553/182 1021/553/182
f 1016/557/185 1013/459/185 1030/459/185 1031/557/185
f 1003/439/180 1004/552/180 1019/552/180 1020/439/180
f 1010/464/182 1011/554/182 1028/554/182 1025/464/182
f 1007/553/180 1008/461/180 1023/461/180 1024/553/180
f 1014/460/182 1015/556/182 1032/556/182 1029/460/182
f 1011/554/180 1012/555/180 1027/555/180 1028/554/180
f 1015/556/180 1016/557/180 1031/557/180 1032/556/180
f 1001/551/181 1002/438/181 1017/438/181 1018/551/181
f 1005/462/181 1006/553/181 1021/553/181 1022/462/181
f 1004/552/185 1001/551/185 1018/551/185 1019/552/185
f 892/450/185 920/451/185 1034/558/185 1033/559/185
f 920/451/185 916/451/185 1035/560/185 1034/558/185
f 916/451/185 813/450/185 1036/559/185 1035/560/185
f 813/450/185 892/450/185 1033/559/185 1036/559/185
f 787/436/185 897/465/185 1038/513/185 1037/512/185
f 897/465/185 808/435/185 1039/561/185 1038/513/185
f 808/435/185 741/436/185 1040/512/185 1039/561/185
f 741/436/185 787/436/185 1037/512/185 1040/512/185
f 897/465/185 896/476/185 1042/562/185 1041/563/185
f 896/476/185 809/476/185 1043/515/185 1042/562/185
f 809/476/185 808/435/185 1044/516/185 1043/515/185
f 808/435/185 897/465/185 1041/563/185 1044/516/185
f 896/476/185 895/477/185 1046/564/185 1045/565/185
f 895/477/185 810/477/185 1047/564/185 1046/564/185
f 810/477/185 809/476/185 1048/565/185 1047/564/185
f 809/476/185 896/476/185 1045/565/185 1048/565/185
f 895/477/185 894/478/185 1050/510/185 1049/511/185
f 894/478/185 811/478/185 1051/510/185 1050/510/185
f 811/478/185 810/477/185 1052/511/185 1051/510/185
f 810/477/185 895/477/185 1049/511/185 1052/511/185
f 894/478/185 893/479/185 1054/566/185 1053/567/185
f 893/479/185 812/479/185 1055/566/185 1054/566/185
f 812/479/185 811/478/185 1056/567/185 1055/566/185
f 811/478/185 894/478/185 1053/567/185 1056/567/185
f 893/479/185 892/450/185 1058/514/185 1057/443/185
f 892/450/185 813/450/185 1059/514/185 1058/514/185
f 813/450/185 812/479/185 1060/443/185 1059/514/185
f 812/479/185 893/479/185 1057/443/185 1060/443/185
f 1070/563/185 1069/562/185 1072/515/185 1071/516/185
f 1078/511/185 1077/510/185 1080/510/185 1079/511/185
f 1086/443/185 1085/514/185 1088/514/185 1087/443/185
f 1040/512/183 1037/512/183 1066/512/183 1067/512/183
f 1058/514/184 1059/514/184 1088/514/184 1085/514/184
f 1038/513/184 1039/561/184 1068/561/184 1065/513/184
f 1045/565/181 1046/564/181 1073/564/181 1074/565/181
f 1059/514/180 1060/443/180 1087/443/180 1088/514/180
f 1039/561/180 1040/512/180 1067/512/180 1068/561/180
f 1048/565/183 1045/565/183 1074/565/183 1075/565/183
f 1046/564/184 1047/564/184 1076/564/184 1073/564/184
f 1053/567/181 1054/566/181 1081/566/181 1082/567/181
f 1033/559/181 1034/558/181 1061/558/181 1062/559/181
f 1047/564/180 1048/565/180 1075/565/180 1076/564/180
f 1056/567/183 1053/567/183 1082/567/183 1083/567/183
f 1036/559/183 1033/559/183 1062/559/183 1063/559/183
f 1054/566/184 1055/566/184 1084/566/184 1081/566/184
f 1034/558/184 1035/560/184 1064/560/184 1061/558/184
f 1041/563/181 1042/562/181 1069/562/181 1070/563/181
f 1055/566/180 1056/567/180 1083/567/180 1084/566/180
f 1035/560/180 1036/559/180 1063/559/180 1064/560/180
f 1044/516/183 1041/563/183 1070/563/183 1071/516/183
f 1042/562/184 1043/515/184 1072/515/184 1069/562/184
f 1049/511/181 1050/510/181 1077/510/181 1078/511/181
f 1238/431/180 1112/432/180 1092/433/180 1159/434/180
f 1172/435/181 1097/436/181 1105/436/181 1196/437/181
f 1354/438/182 1355/439/182 1372/439/182 1369/438/182
f 1117/440/182 1144/440/182 1279/440/182 1273/440/182
f 1282/441/183 1283/442/183 1320/442/183 1317/441/183
f 1412/443/183 1409/443/183 1438/443/183 1439/443/183
f 1225/431/181 1183/434/181 1100/433/181 1124/432/181
f 1178/444/181 1099/445/181 1107/445/181 1202/446/181
f 1265/447/180 1266/445/180 1103/445/180 1129/447/180
f 1120/448/180 1093/436/180 1101/436/180 1132/448/180
f 1132/448/184 1101/436/184 1105/436/184 1138/448/184
f 1129/447/183 1103/445/183 1107/445/183 1135/447/183
f 1195/434/182 1104/433/182 1108/433/182 1207/449/182
f 1189/450/185 1102/451/185 1106/451/185 1201/450/185
f 1171/449/180 1096/433/180 1104/433/180 1195/434/180
f 1124/432/181 1100/433/181 1108/433/181 1136/432/181
f 1165/450/180 1268/451/180 1102/451/180 1189/450/180
f 1121/452/181 1098/451/181 1106/451/181 1133/452/181
f 1099/445/181 1123/447/181 1135/447/181 1107/445/181
f 1123/447/181 1122/453/181 1134/453/181 1135/447/181
f 1122/453/181 1121/452/181 1133/452/181 1134/453/181
f 1097/436/181 1126/448/181 1138/448/181 1105/436/181
f 1126/448/181 1125/454/181 1137/454/181 1138/448/181
f 1125/454/181 1124/432/181 1136/432/181 1137/454/181
f 1102/451/183 1127/452/183 1133/452/183 1106/451/183
f 1127/452/183 1128/453/183 1134/453/183 1133/452/183
f 1128/453/183 1129/447/183 1135/447/183 1134/453/183
f 1104/433/184 1130/432/184 1136/432/184 1108/433/184
f 1130/432/184 1131/454/184 1137/454/184 1136/432/184
f 1131/454/184 1132/448/184 1138/448/184 1137/454/184
f 1096/433/180 1118/432/180 1130/432/180 1104/433/180
f 1118/432/180 1119/454/180 1131/454/180 1130/432/180
f 1119/454/180 1120/448/180 1132/448/180 1131/454/180
f 1268/451/180 1269/452/180 1127/452/180 1102/451/180
f 1269/452/180 1116/453/180 1128/453/180 1127/452/180
f 1116/453/180 1265/447/180 1129/447/180 1128/453/180
f 1172/435/181 1213/455/181 1126/448/181 1097/436/181
f 1213/455/181 1219/456/181 1125/454/181 1126/448/181
f 1219/456/181 1225/431/181 1124/432/181 1125/454/181
f 1142/457/181 1143/458/181 1278/458/181 1280/457/181
f 1271/447/185 1265/447/185 1261/447/185 1264/447/185
f 1270/452/182 1109/452/182 1256/452/182 1262/452/182
f 1365/459/181 1366/460/181 1381/460/181 1382/459/181
f 1360/461/185 1357/462/185 1374/462/185 1375/461/185
f 1361/463/181 1362/464/181 1377/464/181 1378/463/181
f 1148/465/180 1091/436/180 1114/466/180 1226/467/180
f 1226/467/180 1114/466/180 1113/468/180 1232/469/180
f 1232/469/180 1113/468/180 1112/432/180 1238/431/180
f 1113/468/184 1114/466/184 1147/470/184 1146/471/184
f 1112/432/184 1113/468/184 1146/471/184 1145/432/184
f 1092/433/184 1112/432/184 1145/432/184 1140/433/184
f 1111/447/185 1271/447/185 1264/447/185 1258/447/185
f 1110/453/181 1111/447/181 1258/447/181 1257/453/181
f 1089/451/183 1109/452/183 1270/452/183 1272/451/183
f 1153/450/185 1089/451/185 1272/451/185 1244/450/185
f 1159/434/182 1092/433/182 1140/433/182 1250/434/182
f 1111/447/183 1090/445/183 1267/445/183 1271/447/183
f 1114/466/184 1091/436/184 1139/436/184 1147/470/184
f 1090/445/182 1154/444/182 1255/444/182 1267/445/182
f 1154/444/182 1155/472/182 1254/472/182 1255/444/182
f 1155/472/182 1156/473/182 1253/473/182 1254/472/182
f 1156/473/182 1157/474/182 1252/474/182 1253/473/182
f 1157/474/182 1158/475/182 1251/475/182 1252/474/182
f 1158/475/182 1159/434/182 1250/434/182 1251/475/182
f 1091/436/185 1148/465/185 1249/465/185 1139/436/185
f 1148/465/185 1149/476/185 1248/476/185 1249/465/185
f 1149/476/185 1150/477/185 1247/477/185 1248/476/185
f 1150/477/185 1151/478/185 1246/478/185 1247/477/185
f 1151/478/185 1152/479/185 1245/479/185 1246/478/185
f 1152/479/185 1153/450/185 1244/450/185 1245/479/185
f 1110/453/180 1237/480/180 1243/481/180 1111/447/180
f 1237/480/180 1236/482/180 1242/483/180 1243/481/180
f 1236/482/180 1235/484/180 1241/485/180 1242/483/180
f 1235/484/180 1234/486/180 1240/487/180 1241/485/180
f 1234/486/180 1233/488/180 1239/489/180 1240/487/180
f 1233/488/180 1232/469/180 1238/431/180 1239/489/180
f 1109/452/180 1231/490/180 1237/480/180 1110/453/180
f 1231/490/180 1230/491/180 1236/482/180 1237/480/180
f 1230/491/180 1229/492/180 1235/484/180 1236/482/180
f 1229/492/180 1228/493/180 1234/486/180 1235/484/180
f 1228/493/180 1227/494/180 1233/488/180 1234/486/180
f 1227/494/180 1226/467/180 1232/469/180 1233/488/180
f 1089/451/180 1153/450/180 1231/490/180 1109/452/180
f 1153/450/180 1152/479/180 1230/491/180 1231/490/180
f 1152/479/180 1151/478/180 1229/492/180 1230/491/180
f 1151/478/180 1150/477/180 1228/493/180 1229/492/180
f 1150/477/180 1149/476/180 1227/494/180 1228/493/180
f 1149/476/180 1148/465/180 1226/467/180 1227/494/180
f 1122/453/181 1123/447/181 1220/481/181 1214/495/181
f 1214/495/181 1220/481/181 1221/483/181 1215/496/181
f 1215/496/181 1221/483/181 1222/485/181 1216/497/181
f 1216/497/181 1222/485/181 1223/487/181 1217/498/181
f 1217/498/181 1223/487/181 1224/489/181 1218/499/181
f 1218/499/181 1224/489/181 1225/431/181 1219/456/181
f 1121/452/181 1122/453/181 1214/495/181 1208/500/181
f 1208/500/181 1214/495/181 1215/496/181 1209/501/181
f 1209/501/181 1215/496/181 1216/497/181 1210/502/181
f 1210/502/181 1216/497/181 1217/498/181 1211/503/181
f 1211/503/181 1217/498/181 1218/499/181 1212/504/181
f 1212/504/181 1218/499/181 1219/456/181 1213/455/181
f 1098/451/181 1121/452/181 1208/500/181 1177/450/181
f 1177/450/181 1208/500/181 1209/501/181 1176/479/181
f 1176/479/181 1209/501/181 1210/502/181 1175/478/181
f 1175/478/181 1210/502/181 1211/503/181 1174/477/181
f 1174/477/181 1211/503/181 1212/504/181 1173/476/181
f 1173/476/181 1212/504/181 1213/455/181 1172/435/181
f 1093/436/180 1160/435/180 1184/465/180 1101/436/180
f 1160/435/180 1161/476/180 1185/505/180 1184/465/180
f 1161/476/180 1162/477/180 1186/477/180 1185/505/180
f 1162/477/180 1163/478/180 1187/478/180 1186/477/180
f 1163/478/180 1164/479/180 1188/506/180 1187/478/180
f 1164/479/180 1165/450/180 1189/450/180 1188/506/180
f 1266/445/180 1166/444/180 1190/444/180 1103/445/180
f 1166/444/180 1167/472/180 1191/507/180 1190/444/180
f 1167/472/180 1168/508/180 1192/508/180 1191/507/180
f 1168/508/180 1169/474/180 1193/509/180 1192/508/180
f 1169/474/180 1170/475/180 1194/475/180 1193/509/180
f 1170/475/180 1171/449/180 1195/434/180 1194/475/180
f 1101/436/185 1184/465/185 1196/437/185 1105/436/185
f 1184/465/185 1185/505/185 1197/476/185 1196/437/185
f 1185/505/185 1186/477/185 1198/477/185 1197/476/185
f 1186/477/185 1187/478/185 1199/478/185 1198/477/185
f 1187/478/185 1188/506/185 1200/506/185 1199/478/185
f 1188/506/185 1189/450/185 1201/450/185 1200/506/185
f 1103/445/182 1190/444/182 1202/446/182 1107/445/182
f 1190/444/182 1191/507/182 1203/472/182 1202/446/182
f 1191/507/182 1192/508/182 1204/508/182 1203/472/182
f 1192/508/182 1193/509/182 1205/474/182 1204/508/182
f 1193/509/182 1194/475/182 1206/475/182 1205/474/182
f 1194/475/182 1195/434/182 1207/449/182 1206/475/182
f 1100/433/181 1183/434/181 1207/449/181 1108/433/181
f 1183/434/181 1182/475/181 1206/475/181 1207/449/181
f 1182/475/181 1181/509/181 1205/474/181 1206/475/181
f 1181/509/181 1180/508/181 1204/508/181 1205/474/181
f 1180/508/181 1179/472/181 1203/472/181 1204/508/181
f 1179/472/181 1178/444/181 1202/446/181 1203/472/181
f 1123/447/181 1099/445/181 1178/444/181 1220/481/181
f 1220/481/181 1178/444/181 1179/472/181 1221/483/181
f 1221/483/181 1179/472/181 1180/508/181 1222/485/181
f 1222/485/181 1180/508/181 1181/509/181 1223/487/181
f 1223/487/181 1181/509/181 1182/475/181 1224/489/181
f 1224/489/181 1182/475/181 1183/434/181 1225/431/181
f 1403/510/180 1404/511/180 1431/511/180 1432/510/180
f 1389/512/181 1390/513/181 1417/513/181 1418/512/181
f 1409/443/181 1410/514/181 1437/514/181 1438/443/181
f 1402/510/184 1403/510/184 1432/510/184 1429/510/184
f 1404/511/183 1401/511/183 1430/511/183 1431/511/183
f 1395/515/180 1396/516/180 1423/516/180 1424/515/180
f 1302/517/183 1303/517/183 1340/517/183 1337/517/183
f 1284/518/184 1281/519/184 1318/519/184 1319/518/184
f 1304/520/184 1301/521/184 1338/521/184 1339/520/184
f 1295/522/180 1296/523/180 1331/523/180 1332/522/180
f 1281/519/181 1282/441/181 1317/441/181 1318/519/181
f 1098/451/181 1177/450/181 1201/450/181 1106/451/181
f 1177/450/181 1176/479/181 1200/506/181 1201/450/181
f 1176/479/181 1175/478/181 1199/478/181 1200/506/181
f 1175/478/181 1174/477/181 1198/477/181 1199/478/181
f 1174/477/181 1173/476/181 1197/476/181 1198/477/181
f 1173/476/181 1172/435/181 1196/437/181 1197/476/181
f 1111/447/180 1243/481/180 1154/444/180 1090/445/180
f 1243/481/180 1242/483/180 1155/472/180 1154/444/180
f 1242/483/180 1241/485/180 1156/473/180 1155/472/180
f 1241/485/180 1240/487/180 1157/474/180 1156/473/180
f 1240/487/180 1239/489/180 1158/475/180 1157/474/180
f 1239/489/180 1238/431/180 1159/434/180 1158/475/180
f 1262/452/183 1263/453/183 1260/453/183 1259/452/183
f 1263/453/183 1264/447/183 1261/447/183 1260/453/183
f 1257/453/183 1258/447/183 1264/447/183 1263/453/183
f 1256/452/183 1257/453/183 1263/453/183 1262/452/183
f 1269/452/182 1270/452/182 1262/452/182 1259/452/182
f 1116/453/180 1269/452/180 1259/452/180 1260/453/180
f 1109/452/181 1110/453/181 1257/453/181 1256/452/181
f 1265/447/180 1116/453/180 1260/453/180 1261/447/180
f 1117/440/183 1095/526/183 1266/445/183 1265/447/183
f 1095/526/183 1141/527/183 1267/445/183 1266/445/183
f 1094/528/183 1115/458/183 1269/452/183 1268/451/183
f 1115/458/183 1143/458/183 1270/452/183 1269/452/183
f 1144/440/183 1117/440/183 1265/447/183 1271/447/183
f 1142/457/183 1094/528/183 1268/451/183 1272/451/183
f 1143/458/183 1142/457/183 1272/451/183 1270/452/183
f 1141/527/183 1144/440/183 1271/447/183 1267/445/183
f 1301/521/181 1302/517/181 1337/517/181 1338/521/181
f 1294/529/183 1295/522/183 1332/522/183 1329/529/183
f 1115/458/180 1094/528/180 1276/528/180 1277/458/180
f 1095/526/180 1117/440/180 1273/440/180 1274/526/180
f 1144/440/181 1141/527/181 1275/527/181 1279/440/181
f 1094/528/182 1142/457/182 1280/457/182 1276/528/182
f 1143/458/185 1115/458/185 1277/458/185 1278/458/185
f 1141/527/185 1095/526/185 1274/526/185 1275/527/185
f 1250/434/182 1140/433/182 1282/441/182 1281/519/182
f 1140/433/182 1096/433/182 1283/442/182 1282/441/182
f 1096/433/182 1171/449/182 1284/518/182 1283/442/182
f 1171/449/182 1250/434/182 1281/519/182 1284/518/182
f 1267/445/182 1255/444/182 1286/530/182 1285/531/182
f 1255/444/182 1166/444/182 1287/532/182 1286/530/182
f 1166/444/182 1266/445/182 1288/533/182 1287/532/182
f 1266/445/182 1267/445/182 1285/531/182 1288/533/182
f 1255/444/182 1254/472/182 1290/534/182 1289/535/182
f 1254/472/182 1167/472/182 1291/536/182 1290/534/182
f 1167/472/182 1166/444/182 1292/537/182 1291/536/182
f 1166/444/182 1255/444/182 1289/535/182 1292/537/182
f 1254/472/182 1253/473/182 1294/529/182 1293/523/182
f 1253/473/182 1168/508/182 1295/522/182 1294/529/182
f 1168/508/182 1167/472/182 1296/523/182 1295/522/182
f 1167/472/182 1254/472/182 1293/523/182 1296/523/182
f 1253/473/182 1252/474/182 1298/538/182 1297/539/182
f 1252/474/182 1169/474/182 1299/540/182 1298/538/182
f 1169/474/182 1168/508/182 1300/541/182 1299/540/182
f 1168/508/182 1253/473/182 1297/539/182 1300/541/182
f 1252/474/182 1251/475/182 1302/517/182 1301/521/182
f 1251/475/182 1170/475/182 1303/517/182 1302/517/182
f 1170/475/182 1169/474/182 1304/520/182 1303/517/182
f 1169/474/182 1252/474/182 1301/521/182 1304/520/182
f 1251/475/182 1250/434/182 1306/542/182 1305/543/182
f 1250/434/182 1171/449/182 1307/544/182 1306/542/182
f 1171/449/182 1170/475/182 1308/543/182 1307/544/182
f 1170/475/182 1251/475/182 1305/543/182 1308/543/182
f 1279/440/183 1275/527/183 1310/545/183 1309/546/183
f 1275/527/183 1274/526/183 1311/547/183 1310/545/183
f 1274/526/183 1273/440/183 1312/548/183 1311/547/183
f 1273/440/183 1279/440/183 1309/546/183 1312/548/183
f 1280/457/183 1278/458/183 1314/549/183 1313/550/183
f 1278/458/183 1277/458/183 1315/524/183 1314/549/183
f 1277/458/183 1276/528/183 1316/525/183 1315/524/183
f 1276/528/183 1280/457/183 1313/550/183 1316/525/183
f 1330/523/182 1329/529/182 1332/522/182 1331/523/182
f 1338/521/182 1337/517/182 1340/517/182 1339/520/182
f 1289/535/181 1290/534/181 1325/534/181 1326/535/181
f 1303/517/180 1304/520/180 1339/520/180 1340/517/180
f 1283/442/180 1284/518/180 1319/518/180 1320/442/180
f 1292/537/184 1289/535/184 1326/535/184 1327/537/184
f 1290/534/183 1291/536/183 1328/536/183 1325/534/183
f 1297/539/181 1298/538/181 1333/538/181 1334/539/181
f 1291/536/180 1292/537/180 1327/537/180 1328/536/180
f 1300/541/184 1297/539/184 1334/539/184 1335/541/184
f 1298/538/183 1299/540/183 1336/540/183 1333/538/183
f 1305/543/181 1306/542/181 1341/542/181 1342/543/181
f 1285/531/181 1286/530/181 1321/530/181 1322/531/181
f 1299/540/180 1300/541/180 1335/541/180 1336/540/180
f 1308/543/184 1305/543/184 1342/543/184 1343/543/184
f 1288/533/184 1285/531/184 1322/531/184 1323/533/184
f 1306/542/183 1307/544/183 1344/544/183 1341/542/183
f 1286/530/183 1287/532/183 1324/532/183 1321/530/183
f 1293/523/181 1294/529/181 1329/529/181 1330/523/181
f 1307/544/180 1308/543/180 1343/543/180 1344/544/180
f 1287/532/180 1288/533/180 1323/533/180 1324/532/180
f 1296/523/184 1293/523/184 1330/523/184 1331/523/184
f 1147/470/184 1139/436/184 1354/438/184 1353/551/184
f 1139/436/184 1093/436/184 1355/439/184 1354/438/184
f 1093/436/184 1120/448/184 1356/552/184 1355/439/184
f 1120/448/184 1147/470/184 1353/551/184 1356/552/184
f 1140/433/184 1145/432/184 1358/553/184 1357/462/184
f 1145/432/184 1118/432/184 1359/553/184 1358/553/184
f 1118/432/184 1096/433/184 1360/461/184 1359/553/184
f 1096/433/184 1140/433/184 1357/462/184 1360/461/184
f 1145/432/184 1146/471/184 1362/464/184 1361/463/184
f 1146/471/184 1119/454/184 1363/554/184 1362/464/184
f 1119/454/184 1118/432/184 1364/555/184 1363/554/184
f 1118/432/184 1145/432/184 1361/463/184 1364/555/184
f 1146/471/184 1147/470/184 1366/460/184 1365/459/184
f 1147/470/184 1120/448/184 1367/556/184 1366/460/184
f 1120/448/184 1119/454/184 1368/557/184 1367/556/184
f 1119/454/184 1146/471/184 1365/459/184 1368/557/184
f 1378/463/184 1377/464/184 1380/554/184 1379/555/184
f 1364/555/185 1361/463/185 1378/463/185 1379/555/185
f 1358/553/182 1359/553/182 1376/553/182 1373/553/182
f 1368/557/185 1365/459/185 1382/459/185 1383/557/185
f 1355/439/180 1356/552/180 1371/552/180 1372/439/180
f 1362/464/182 1363/554/182 1380/554/182 1377/464/182
f 1359/553/180 1360/461/180 1375/461/180 1376/553/180
f 1366/460/182 1367/556/182 1384/556/182 1381/460/182
f 1363/554/180 1364/555/180 1379/555/180 1380/554/180
f 1367/556/180 1368/557/180 1383/557/180 1384/556/180
f 1353/551/181 1354/438/181 1369/438/181 1370/551/181
f 1357/462/181 1358/553/181 1373/553/181 1374/462/181
f 1356/552/185 1353/551/185 1370/551/185 1371/552/185
f 1244/450/185 1272/451/185 1386/558/185 1385/559/185
f 1272/451/185 1268/451/185 1387/560/185 1386/558/185
f 1268/451/185 1165/450/185 1388/559/185 1387/560/185
f 1165/450/185 1244/450/185 1385/559/185 1388/559/185
f 1139/436/185 1249/465/185 1390/513/185 1389/512/185
f 1249/465/185 1160/435/185 1391/561/185 1390/513/185
f 1160/435/185 1093/436/185 1392/512/185 1391/561/185
f 1093/436/185 1139/436/185 1389/512/185 1392/512/185
f 1249/465/185 1248/476/185 1394/562/185 1393/563/185
f 1248/476/185 1161/476/185 1395/515/185 1394/562/185
f 1161/476/185 1160/435/185 1396/516/185 1395/515/185
f 1160/435/185 1249/465/185 1393/563/185 1396/516/185
f 1248/476/185 1247/477/185 1398/564/185 1397/565/185
f 1247/477/185 1162/477/185 1399/564/185 1398/564/185
f 1162/477/185 1161/476/185 1400/565/185 1399/564/185
f 1161/476/185 1248/476/185 1397/565/185 1400/565/185
f 1247/477/185 1246/478/185 1402/510/185 1401/511/185
f 1246/478/185 1163/478/185 1403/510/185 1402/510/185
f 1163/478/185 1162/477/185 1404/511/185 1403/510/185
f 1162/477/185 1247/477/185 1401/511/185 1404/511/185
f 1246/478/185 1245/479/185 1406/566/185 1405/567/185
f 1245/479/185 1164/479/185 1407/566/185 1406/566/185
f 1164/479/185 1163/478/185 1408/567/185 1407/566/185
f 1163/478/185 1246/478/185 1405/567/185 1408/567/185
f 1245/479/185 1244/450/185 1410/514/185 1409/443/185
f 1244/450/185 1165/450/185 1411/514/185 1410/514/185
f 1165/450/185 1164/479/185 1412/443/185 1411/514/185
f 1164/479/185 1245/479/185 1409/443/185 1412/443/185
f 1422/563/185 1421/562/185 1424/515/185 1423/516/185
f 1430/511/185 1429/510/185 1432/510/185 1431/511/185
f 1438/443/185 1437/514/185 1440/514/185 1439/443/185
f 1392/512/183 1389/512/183 1418/512/183 1419/512/183
f 1410/514/184 1411/514/184 1440/514/184 1437/514/184
f 1390/513/184 1391/561/184 1420/561/184 1417/513/184
f 1397/565/181 1398/564/181 1425/564/181 1426/565/181
f 1411/514/180 1412/443/180 1439/443/180 1440/514/180
f 1391/561/180 1392/512/180 1419/512/180 1420/561/180
f 1400/565/183 1397/565/183 1426/565/183 1427/565/183
f 1398/564/184 1399/564/184 1428/564/184 1425/564/184
f 1405/567/181 1406/566/181 1433/566/181 1434/567/181
f 1385/559/181 1386/558/181 1413/558/181 1414/559/181
f 1399/564/180 1400/565/180 1427/565/180 1428/564/180
f 1408/567/183 1405/567/183 1434/567/183 1435/567/183
f 1388/559/183 1385/559/183 1414/559/183 1415/559/183
f 1406/566/184 1407/566/184 1436/566/184 1433/566/184
f 1386/558/184 1387/560/184 1416/560/184 1413/558/184
f 1393/563/181 1394/562/181 1421/562/181 1422/563/181
f 1407/566/180 1408/567/180 1435/567/180 1436/566/180
f 1387/560/180 1388/559/180 1415/559/180 1416/560/180
f 1396/516/183 1393/563/183 1422/563/183 1423/516/183
f 1394/562/184 1395/515/184 1424/515/184 1421/562/184
f 1401/511/181 1402/510/181 1429/510/181 1430/511/181
f 1590/431/180 1464/432/180 1444/433/180 1511/434/180
f 1524/435/181 1449/436/181 1457/436/181 1548/437/181
f 1706/438/182 1707/439/182 1724/439/182 1721/438/182
f 1469/440/182 1496/440/182 1631/440/182 1625/440/182
f 1634/441/183 1635/442/183 1672/442/183 1669/441/183
f 1764/443/183 1761/443/183 1790/443/183 1791/443/183
f 1577/431/181 1535/434/181 1452/433/181 1476/432/181
f 1530/444/181 1451/445/181 1459/445/181 1554/446/181
f 1617/447/180 1618/445/180 1455/445/180 1481/447/180
f 1472/448/180 1445/436/180 1453/436/180 1484/448/180
f 1484/448/184 1453/436/184 1457/436/184 1490/448/184
f 1481/447/183 1455/445/183 1459/445/183 1487/447/183
f 1547/434/182 1456/433/182 1460/433/182 1559/449/182
f 1541/450/185 1454/451/185 1458/451/185 1553/450/185
f 1523/449/180 1448/433/180 1456/433/180 1547/434/180
f 1476/432/181 1452/433/181 1460/433/181 1488/432/181
f 1517/450/180 1620/451/180 1454/451/180 1541/450/180
f 1473/452/181 1450/451/181 1458/451/181 1485/452/181
f 1451/445/181 1475/447/181 1487/447/181 1459/445/181
f 1475/447/181 1474/453/181 1486/453/181 1487/447/181
f 1474/453/181 1473/452/181 1485/452/181 1486/453/181
f 1449/436/181 1478/448/181 1490/448/181 1457/436/181
f 1478/448/181 1477/454/181 1489/454/181 1490/448/181
f 1477/454/181 1476/432/181 1488/432/181 1489/454/181
f 1454/451/183 1479/452/183 1485/452/183 1458/451/183
f 1479/452/183 1480/453/183 1486/453/183 1485/452/183
f 1480/453/183 1481/447/183 1487/447/183 1486/453/183
f 1456/433/184 1482/432/184 1488/432/184 1460/433/184
f 1482/432/184 1483/454/184 1489/454/184 1488/432/184
f 1483/454/184 1484/448/184 1490/448/184 1489/454/184
f 1448/433/180 1470/432/180 1482/432/180 1456/433/180
f 1470/432/180 1471/454/180 1483/454/180 1482/432/180
f 1471/454/180 1472/448/180 1484/448/180 1483/454/180
f 1620/451/180 1621/452/180 1479/452/180 1454/451/180
f 1621/452/180 1468/453/180 1480/453/180 1479/452/180
f 1468/453/180 1617/447/180 1481/447/180 1480/453/180
f 1524/435/181 1565/455/181 1478/448/181 1449/436/181
f 1565/455/181 1571/456/181 1477/454/181 1478/448/181
f 1571/456/181 1577/431/181 1476/432/181 1477/454/181
f 1494/457/181 1495/458/181 1630/458/181 1632/457/181
f 1623/447/185 1617/447/185 1613/447/185 1616/447/185
f 1622/452/182 1461/452/182 1608/452/182 1614/452/182
f 1717/459/181 1718/460/181 1733/460/181 1734/459/181
f 1712/461/185 1709/462/185 1726/462/185 1727/461/185
f 1713/463/181 1714/464/181 1729/464/181 1730/463/181
f 1500/465/180 1443/436/180 1466/466/180 1578/467/180
f 1578/467/180 1466/466/180 1465/468/180 1584/469/180
f 1584/469/180 1465/468/180 1464/432/180 1590/431/180
f 1465/468/184 1466/466/184 1499/470/184 1498/471/184
f 1464/432/184 1465/468/184 1498/471/184 1497/432/184
f 1444/433/184 1464/432/184 1497/432/184 1492/433/184
f 1463/447/185 1623/447/185 1616/447/185 1610/447/185
f 1462/453/181 1463/447/181 1610/447/181 1609/453/181
f 1441/451/183 1461/452/183 1622/452/183 1624/451/183
f 1505/450/185 1441/451/185 1624/451/185 1596/450/185
f 1511/434/182 1444/433/182 1492/433/182 1602/434/182
f 1463/447/183 1442/445/183 1619/445/183 1623/447/183
f 1466/466/184 1443/436/184 1491/436/184 1499/470/184
f 1442/445/182 1506/444/182 1607/444/182 1619/445/182
f 1506/444/182 1507/472/182 1606/472/182 1607/444/182
f 1507/472/182 1508/473/182 1605/473/182 1606/472/182
f 1508/473/182 1509/474/182 1604/474/182 1605/473/182
f 1509/474/182 1510/475/182 1603/475/182 1604/474/182
f 1510/475/182 1511/434/182 1602/434/182 1603/475/182
f 1443/436/185 1500/465/185 1601/465/185 1491/436/185
f 1500/465/185 1501/476/185 1600/476/185 1601/465/185
f 1501/476/185 1502/477/185 1599/477/185 1600/476/185
f 1502/477/185 1503/478/185 1598/478/185 1599/477/185
f 1503/478/185 1504/479/185 1597/479/185 1598/478/185
f 1504/479/185 1505/450/185 1596/450/185 1597/479/185
f 1462/453/180 1589/480/180 1595/481/180 1463/447/180
f 1589/480/180 1588/482/180 1594/483/180 1595/481/180
f 1588/482/180 1587/484/180 1593/485/180 1594/483/180
f 1587/484/180 1586/486/180 1592/487/180 1593/485/180
f 1586/486/180 1585/488/180 1591/489/180 1592/487/180
f 1585/488/180 1584/469/180 1590/431/180 1591/489/180
f 1461/452/180 1583/490/180 1589/480/180 1462/453/180
f 1583/490/180 1582/491/180 1588/482/180 1589/480/180
f 1582/491/180 1581/492/180 1587/484/180 1588/482/180
f 1581/492/180 1580/493/180 1586/486/180 1587/484/180
f 1580/493/180 1579/494/180 1585/488/180 1586/486/180
f 1579/494/180 1578/467/180 1584/469/180 1585/488/180
f 1441/451/180 1505/450/180 1583/490/180 1461/452/180
f 1505/450/180 1504/479/180 1582/491/180 1583/490/180
f 1504/479/180 1503/478/180 1581/492/180 1582/491/180
f 1503/478/180 1502/477/180 1580/493/180 1581/492/180
f 1502/477/180 1501/476/180 1579/494/180 1580/493/180
f 1501/476/180 1500/465/180 1578/467/180 1579/494/180
f 1474/453/181 1475/447/181 1572/481/181 1566/495/181
f 1566/495/181 1572/481/181 1573/483/181 1567/496/181
f 1567/496/181 1573/483/181 1574/485/181 1568/497/181
f 1568/497/181 1574/485/181 1575/487/181 1569/498/181
f 1569/498/181 1575/487/181 1576/489/181 1570/499/181
f 1570/499/181 1576/489/181 1577/431/181 1571/456/181
f 1473/452/181 1474/453/181 1566/495/181 1560/500/181
f 1560/500/181 1566/495/181 1567/496/181 1561/501/181
f 1561/501/181 1567/496/181 1568/497/181 1562/502/181
f 1562/502/181 1568/497/181 1569/498/181 1563/503/181
f 1563/503/181 1569/498/181 1570/499/181 1564/504/181
f 1564/504/181 1570/499/181 1571/456/181 1565/455/181
f 1450/451/181 1473/452/181 1560/500/181 1529/450/181
f 1529/450/181 1560/500/181 1561/501/181 1528/479/181
f 1528/479/181 1561/501/181 1562/502/181 1527/478/181
f 1527/478/181 1562/502/181 1563/503/181 1526/477/181
f 1526/477/181 1563/503/181 1564/504/181 1525/476/181
f 1525/476/181 1564/504/181 1565/455/181 1524/435/181
f 1445/436/180 1512/435/180 1536/465/180 1453/436/180
f 1512/435/180 1513/476/180 1537/505/180 1536/465/180
f 1513/476/180 1514/477/180 1538/477/180 1537/505/180
f 1514/477/180 1515/478/180 1539/478/180 1538/477/180
f 1515/478/180 1516/479/180 1540/506/180 1539/478/180
f 1516/479/180 1517/450/180 1541/450/180 1540/506/180
f 1618/445/180 1518/444/180 1542/444/180 1455/445/180
f 1518/444/180 1519/472/180 1543/507/180 1542/444/180
f 1519/472/180 1520/508/180 1544/508/180 1543/507/180
f 1520/508/180 1521/474/180 1545/509/180 1544/508/180
f 1521/474/180 1522/475/180 1546/475/180 1545/509/180
f 1522/475/180 1523/449/180 1547/434/180 1546/475/180
f 1453/436/185 1536/465/185 1548/437/185 1457/436/185
f 1536/465/185 1537/505/185 1549/476/185 1548/437/185
f 1537/505/185 1538/477/185 1550/477/185 1549/476/185
f 1538/477/185 1539/478/185 1551/478/185 1550/477/185
f 1539/478/185 1540/506/185 1552/506/185 1551/478/185
f 1540/506/185 1541/450/185 1553/450/185 1552/506/185
f 1455/445/182 1542/444/182 1554/446/182 1459/445/182
f 1542/444/182 1543/507/182 1555/472/182 1554/446/182
f 1543/507/182 1544/508/182 1556/508/182 1555/472/182
f 1544/508/182 1545/509/182 1557/474/182 1556/508/182
f 1545/509/182 1546/475/182 1558/475/182 1557/474/182
f 1546/475/182 1547/434/182 1559/449/182 1558/475/182
f 1452/433/181 1535/434/181 1559/449/181 1460/433/181
f 1535/434/181 1534/475/181 1558/475/181 1559/449/181
f 1534/475/181 1533/509/181 1557/474/181 1558/475/181
f 1533/509/181 1532/508/181 1556/508/181 1557/474/181
f 1532/508/181 1531/472/181 1555/472/181 1556/508/181
f 1531/472/181 1530/444/181 1554/446/181 1555/472/181
f 1475/447/181 1451/445/181 1530/444/181 1572/481/181
f 1572/481/181 1530/444/181 1531/472/181 1573/483/181
f 1573/483/181 1531/472/181 1532/508/181 1574/485/181
f 1574/485/181 1532/508/181 1533/509/181 1575/487/181
f 1575/487/181 1533/509/181 1534/475/181 1576/489/181
f 1576/489/181 1534/475/181 1535/434/181 1577/431/181
f 1755/510/180 1756/511/180 1783/511/180 1784/510/180
f 1741/512/181 1742/513/181 1769/513/181 1770/512/181
f 1761/443/181 1762/514/181 1789/514/181 1790/443/181
f 1754/510/184 1755/510/184 1784/510/184 1781/510/184
f 1756/511/183 1753/511/183 1782/511/183 1783/511/183
f 1747/515/180 1748/516/180 1775/516/180 1776/515/180
f 1654/517/183 1655/517/183 1692/517/183 1689/517/183
f 1636/518/184 1633/519/184 1670/519/184 1671/518/184
f 1656/520/184 1653/521/184 1690/521/184 1691/520/184
f 1647/522/180 1648/523/180 1683/523/180 1684/522/180
f 1633/519/181 1634/441/181 1669/441/181 1670/519/181
f 1450/451/181 1529/450/181 1553/450/181 1458/451/181
f 1529/450/181 1528/479/181 1552/506/181 1553/450/181
f 1528/479/181 1527/478/181 1551/478/181 1552/506/181
f 1527/478/181 1526/477/181 1550/477/181 1551/478/181
f 1526/477/181 1525/476/181 1549/476/181 1550/477/181
f 1525/476/181 1524/435/181 1548/437/181 1549/476/181
f 1463/447/180 1595/481/180 1506/444/180 1442/445/180
f 1595/481/180 1594/483/180 1507/472/180 1506/444/180
f 1594/483/180 1593/485/180 1508/473/180 1507/472/180
f 1593/485/180 1592/487/180 1509/474/180 1508/473/180
f 1592/487/180 1591/489/180 1510/475/180 1509/474/180
f 1591/489/180 1590/431/180 1511/434/180 1510/475/180
f 1614/452/183 1615/453/183 1612/453/183 1611/452/183
f 1615/453/183 1616/447/183 1613/447/183 1612/453/183
f 1609/453/183 1610/447/183 1616/447/183 1615/453/183
f 1608/452/183 1609/453/183 1615/453/183 1614/452/183
f 1621/452/182 1622/452/182 1614/452/182 1611/452/182
f 1468/453/180 1621/452/180 1611/452/180 1612/453/180
f 1461/452/181 1462/453/181 1609/453/181 1608/452/181
f 1617/447/180 1468/453/180 1612/453/180 1613/447/180
f 1469/440/183 1447/526/183 1618/445/183 1617/447/183
f 1447/526/183 1493/527/183 1619/445/183 1618/445/183
f 1446/528/183 1467/458/183 1621/452/183 1620/451/183
f 1467/458/183 1495/458/183 1622/452/183 1621/452/183
f 1496/440/183 1469/440/183 1617/447/183 1623/447/183
f 1494/457/183 1446/528/183 1620/451/183 1624/451/183
f 1495/458/183 1494/457/183 1624/451/183 1622/452/183
f 1493/527/183 1496/440/183 1623/447/183 1619/445/183
f 1653/521/181 1654/517/181 1689/517/181 1690/521/181
f 1646/529/183 1647/522/183 1684/522/183 1681/529/183
f 1467/458/180 1446/528/180 1628/528/180 1629/458/180
f 1447/526/180 1469/440/180 1625/440/180 1626/526/180
f 1496/440/181 1493/527/181 1627/527/181 1631/440/181
f 1446/528/182 1494/457/182 1632/457/182 1628/528/182
f 1495/458/185 1467/458/185 1629/458/185 1630/458/185
f 1493/527/185 1447/526/185 1626/526/185 1627/527/185
f 1602/434/182 1492/433/182 1634/441/182 1633/519/182
f 1492/433/182 1448/433/182 1635/442/182 1634/441/182
f 1448/433/182 1523/449/182 1636/518/182 1635/442/182
f 1523/449/182 1602/434/182 1633/519/182 1636/518/182
f 1619/445/182 1607/444/182 1638/530/182 1637/531/182
f 1607/444/182 1518/444/182 1639/532/182 1638/530/182
f 1518/444/182 1618/445/182 1640/533/182 1639/532/182
f 1618/445/182 1619/445/182 1637/531/182 1640/533/182
f 1607/444/182 1606/472/182 1642/534/182 1641/535/182
f 1606/472/182 1519/472/182 1643/536/182 1642/534/182
f 1519/472/182 1518/444/182 1644/537/182 1643/536/182
f 1518/444/182 1607/444/182 1641/535/182 1644/537/182
f 1606/472/182 1605/473/182 1646/529/182 1645/523/182
f 1605/473/182 1520/508/182 1647/522/182 1646/529/182
f 1520/508/182 1519/472/182 1648/523/182 1647/522/182
f 1519/472/182 1606/472/182 1645/523/182 1648/523/182
f 1605/473/182 1604/474/182 1650/538/182 1649/539/182
f 1604/474/182 1521/474/182 1651/540/182 1650/538/182
f 1521/474/182 1520/508/182 1652/541/182 1651/540/182
f 1520/508/182 1605/473/182 1649/539/182 1652/541/182
f 1604/474/182 1603/475/182 1654/517/182 1653/521/182
f 1603/475/182 1522/475/182 1655/517/182 1654/517/182
f 1522/475/182 1521/474/182 1656/520/182 1655/517/182
f 1521/474/182 1604/474/182 1653/521/182 1656/520/182
f 1603/475/182 1602/434/182 1658/542/182 1657/543/182
f 1602/434/182 1523/449/182 1659/544/182 1658/542/182
f 1523/449/182 1522/475/182 1660/543/182 1659/544/182
f 1522/475/182 1603/475/182 1657/543/182 1660/543/182
f 1631/440/183 1627/527/183 1662/545/183 1661/546/183
f 1627/527/183 1626/526/183 1663/547/183 1662/545/183
f 1626/526/183 1625/440/183 1664/548/183 1663/547/183
f 1625/440/183 1631/440/183 1661/546/183 1664/548/183
f 1632/457/183 1630/458/183 1666/549/183 1665/550/183
f 1630/458/183 1629/458/183 1667/524/183 1666/549/183
f 1629/458/183 1628/528/183 1668/525/183 1667/524/183
f 1628/528/183 1632/457/183 1665/550/183 1668/525/183
f 1682/523/182 1681/529/182 1684/522/182 1683/523/182
f 1690/521/182 1689/517/182 1692/517/182 1691/520/182
f 1641/535/181 1642/534/181 1677/534/181 1678/535/181
f 1655/517/180 1656/520/180 1691/520/180 1692/517/180
f 1635/442/180 1636/518/180 1671/518/180 1672/442/180
f 1644/537/184 1641/535/184 1678/535/184 1679/537/184
f 1642/534/183 1643/536/183 1680/536/183 1677/534/183
f 1649/539/181 1650/538/181 1685/538/181 1686/539/181
f 1643/536/180 1644/537/180 1679/537/180 1680/536/180
f 1652/541/184 1649/539/184 1686/539/184 1687/541/184
f 1650/538/183 1651/540/183 1688/540/183 1685/538/183
f 1657/543/181 1658/542/181 1693/542/181 1694/543/181
f 1637/531/181 1638/530/181 1673/530/181 1674/531/181
f 1651/540/180 1652/541/180 1687/541/180 1688/540/180
f 1660/543/184 1657/543/184 1694/543/184 1695/543/184
f 1640/533/184 1637/531/184 1674/531/184 1675/533/184
f 1658/542/183 1659/544/183 1696/544/183 1693/542/183
f 1638/530/183 1639/532/183 1676/532/183 1673/530/183
f 1645/523/181 1646/529/181 1681/529/181 1682/523/181
f 1659/544/180 1660/543/180 1695/543/180 1696/544/180
f 1639/532/180 1640/533/180 1675/533/180 1676/532/180
f 1648/523/184 1645/523/184 1682/523/184 1683/523/184
f 1499/470/184 1491/436/184 1706/438/184 1705/551/184
f 1491/436/184 1445/436/184 1707/439/184 1706/438/184
f 1445/436/184 1472/448/184 1708/552/184 1707/439/184
f 1472/448/184 1499/470/184 1705/551/184 1708/552/184
f 1492/433/184 1497/432/184 1710/553/184 1709/462/184
f 1497/432/184 1470/432/184 1711/553/184 1710/553/184
f 1470/432/184 1448/433/184 1712/461/184 1711/553/184
f 1448/433/184 1492/433/184 1709/462/184 1712/461/184
f 1497/432/184 1498/471/184 1714/464/184 1713/463/184
f 1498/471/184 1471/454/184 1715/554/184 1714/464/184
f 1471/454/184 1470/432/184 1716/555/184 1715/554/184
f 1470/432/184 1497/432/184 1713/463/184 1716/555/184
f 1498/471/184 1499/470/184 1718/460/184 1717/459/184
f 1499/470/184 1472/448/184 1719/556/184 1718/460/184
f 1472/448/184 1471/454/184 1720/557/184 1719/556/184
f 1471/454/184 1498/471/184 1717/459/184 1720/557/184
f 1730/463/184 1729/464/184 1732/554/184 1731/555/184
f 1716/555/185 1713/463/185 1730/463/185 1731/555/185
f 1710/553/182 1711/553/182 1728/553/182 1725/553/182
f 1720/557/185 1717/459/185 1734/459/185 1735/557/185
f 1707/439/180 1708/552/180 1723/552/180 1724/439/180
f 1714/464/182 1715/554/182 1732/554/182 1729/464/182
f 1711/553/180 1712/461/180 1727/461/180 1728/553/180
f 1718/460/182 1719/556/182 1736/556/182 1733/460/182
f 1715/554/180 1716/555/180 1731/555/180 1732/554/180
f 1719/556/180 1720/557/180 1735/557/180 1736/556/180
f 1705/551/181 1706/438/181 1721/438/181 1722/551/181
f 1709/462/181 1710/553/181 1725/553/181 1726/462/181
f 1708/552/185 1705/551/185 1722/551/185 1723/552/185
f 1596/450/185 1624/451/185 1738/558/185 1737/559/185
f 1624/451/185 1620/451/185 1739/560/185 1738/558/185
f 1620/451/185 1517/450/185 1740/559/185 1739/560/185
f 1517/450/185 1596/450/185 1737/559/185 1740/559/185
f 1491/436/185 1601/465/185 1742/513/185 1741/512/185
f 1601/465/185 1512/435/185 1743/561/185 1742/513/185
f 1512/435/185 1445/436/185 1744/512/185 1743/561/185
f 1445/436/185 1491/436/185 1741/512/185 1744/512/185
f 1601/465/185 1600/476/185 1746/562/185 1745/563/185
f 1600/476/185 1513/476/185 1747/515/185 1746/562/185
f 1513/476/185 1512/435/185 1748/516/185 1747/515/185
f 1512/435/185 1601/465/185 1745/563/185 1748/516/185
f 1600/476/185 1599/477/185 1750/564/185 1749/565/185
f 1599/477/185 1514/477/185 1751/564/185 1750/564/185
f 1514/477/185 1513/476/185 1752/565/185 1751/564/185
f 1513/476/185 1600/476/185 1749/565/185 1752/565/185
f 1599/477/185 1598/478/185 1754/510/185 1753/511/185
f 1598/478/185 1515/478/185 1755/510/185 1754/510/185
f 1515/478/185 1514/477/185 1756/511/185 1755/510/185
f 1514/477/185 1599/477/185 1753/511/185 1756/511/185
f 1598/478/185 1597/479/185 1758/566/185 1757/567/185
f 1597/479/185 1516/479/185 1759/566/185 1758/566/185
f 1516/479/185 1515/478/185 1760/567/185 1759/566/185
f 1515/478/185 1598/478/185 1757/567/185 1760/567/185
f 1597/479/185 1596/450/185 1762/514/185 1761/443/185
f 1596/450/185 1517/450/185 1763/514/185 1762/514/185
f 1517/450/185 1516/479/185 1764/443/185 1763/514/185
f 1516/479/185 1597/479/185 1761/443/185 1764/443/185
f 1774/563/185 1773/562/185 1776/515/185 1775/516/185
f 1782/511/185 1781/510/185 1784/510/185 1783/511/185
f 1790/443/185 1789/514/185 1792/514/185 1791/443/185
f 1744/512/183 1741/512/183 1770/512/183 1771/512/183
f 1762/514/184 1763/514/184 1792/514/184 1789/514/184
f 1742/513/184 1743/561/184 1772/561/184 1769/513/184
f 1749/565/181 1750/564/181 1777/564/181 1778/565/181
f 1763/514/180 1764/443/180 1791/443/180 1792/514/180
f 1743/561/180 1744/512/180 1771/512/180 1772/561/180
f 1752/565/183 1749/565/183 1778/565/183 1779/565/183
f 1750/564/184 1751/564/184 1780/564/184 1777/564/184
f 1757/567/181 1758/566/181 1785/566/181 1786/567/181
f 1737/559/181 1738/558/181 1765/558/181 1766/559/181
f 1751/564/180 1752/565/180 1779/565/180 1780/564/180
f 1760/567/183 1757/567/183 1786/567/183 1787/567/183
f 1740/559/183 1737/559/183 1766/559/183 1767/559/183
f 1758/566/184 1759/566/184 1788/566/184 1785/566/184
f 1738/558/184 1739/560/184 1768/560/184 1765/558/184
f 1745/563/181 1746/562/181 1773/562/181 1774/563/181
f 1759/566/180 1760/567/180 1787/567/180 1788/566/180
f 1739/560/180 1740/559/180 1767/559/180 1768/560/180
f 1748/516/183 1745/563/183 1774/563/183 1775/516/183
f 1746/562/184 1747/515/184 1776/515/184 1773/562/184
f 1753/511/181 1754/510/181 1781/510/181 1782/511/181
usemtl B5_windows
f 963/524/180 964/525/180 999/525/180 1000/524/180
f 966/519/182 965/441/182 968/442/182 967/518/182
f 970/531/182 969/530/182 972/532/182 971/533/182
f 974/535/182 973/534/182 976/536/182 975/537/182
f 982/539/182 981/538/182 984/540/182 983/541/182
f 990/543/182 989/542/182 992/544/182 991/543/182
f 994/546/183 993/545/183 996/547/183 995/548/183
f 998/550/183 997/549/183 1000/524/183 999/525/183
f 957/546/181 958/545/181 993/545/181 994/546/181
f 960/548/182 957/546/182 994/546/182 995/548/182
f 958/545/185 959/547/185 996/547/185 993/545/185
f 959/547/180 960/548/180 995/548/180 996/547/180
f 961/550/181 962/549/181 997/549/181 998/550/181
f 964/525/182 961/550/182 998/550/182 999/525/182
f 962/549/185 963/524/185 1000/524/185 997/549/185
f 1018/551/184 1017/438/184 1020/439/184 1019/552/184
f 1022/462/184 1021/553/184 1024/553/184 1023/461/184
f 1030/459/184 1029/460/184 1032/556/184 1031/557/184
f 1062/559/185 1061/558/185 1064/560/185 1063/559/185
f 1066/512/185 1065/513/185 1068/561/185 1067/512/185
f 1074/565/185 1073/564/185 1076/564/185 1075/565/185
f 1082/567/185 1081/566/185 1084/566/185 1083/567/185
f 1315/524/180 1316/525/180 1351/525/180 1352/524/180
f 1318/519/182 1317/441/182 1320/442/182 1319/518/182
f 1322/531/182 1321/530/182 1324/532/182 1323/533/182
f 1326/535/182 1325/534/182 1328/536/182 1327/537/182
f 1334/539/182 1333/538/182 1336/540/182 1335/541/182
f 1342/543/182 1341/542/182 1344/544/182 1343/543/182
f 1346/546/183 1345/545/183 1348/547/183 1347/548/183
f 1350/550/183 1349/549/183 1352/524/183 1351/525/183
f 1309/546/181 1310/545/181 1345/545/181 1346/546/181
f 1312/548/182 1309/546/182 1346/546/182 1347/548/182
f 1310/545/185 1311/547/185 1348/547/185 1345/545/185
f 1311/547/180 1312/548/180 1347/548/180 1348/547/180
f 1313/550/181 1314/549/181 1349/549/181 1350/550/181
f 1316/525/182 1313/550/182 1350/550/182 1351/525/182
f 1314/549/185 1315/524/185 1352/524/185 1349/549/185
f 1370/551/184 1369/438/184 1372/439/184 1371/552/184
f 1374/462/184 1373/553/184 1376/553/184 1375/461/184
f 1382/459/184 1381/460/184 1384/556/184 1383/557/184
f 1414/559/185 1413/558/185 1416/560/185 1415/559/185
f 1418/512/185 1417/513/185 1420/561/185 1419/512/185
f 1426/565/185 1425/564/185 1428/564/185 1427/565/185
f 1434/567/185 1433/566/185 1436/566/185 1435/567/185
f 1667/524/180 1668/525/180 1703/525/180 1704/524/180
f 1670/519/182 1669/441/182 1672/442/182 1671/518/182
f 1674/531/182 1673/530/182 1676/532/182 1675/533/182
f 1678/535/182 1677/534/182 1680/536/182 1679/537/182
f 1686/539/182 1685/538/182 1688/540/182 1687/541/182
f 1694/543/182 1693/542/182 1696/544/182 1695/543/182
f 1698/546/183 1697/545/183 1700/547/183 1699/548/183
f 1702/550/183 1701/549/183 1704/524/183 1703/525/183
f 1661/546/181 1662/545/181 1697/545/181 1698/546/181
f 1664/548/182 1661/546/182 1698/546/182 1699/548/182
f 1662/545/185 1663/547/185 1700/547/185 1697/545/185
f 1663/547/180 1664/548/180 1699/548/180 1700/547/180
f 1665/550/181 1666/549/181 1701/549/181 1702/550/181
f 1668/525/182 1665/550/182 1702/550/182 1703/525/182
f 1666/549/185 1667/524/185 1704/524/185 1701/549/185
f 1722/551/184 1721/438/184 1724/439/184 1723/552/184
f 1726/462/184 1725/553/184 1728/553/184 1727/461/184
f 1734/459/184 1733/460/184 1736/556/184 1735/557/184
f 1766/559/185 1765/558/185 1768/560/185 1767/559/185
f 1770/512/185 1769/513/185 1772/561/185 1771/512/185
f 1778/565/185 1777/564/185 1780/564/185 1779/565/185
f 1786/567/185 1785/566/185 1788/566/185 1787/567/185
