# Blender 4.0.2
# www.blender.org
mtllib BuildingA.mtl
o Plane.045
v -119.087135 2.017218 65.239578
v -111.227135 2.017218 65.239578
v -119.087135 2.017218 53.057571
v -111.227135 2.017218 53.057571
v -119.087135 3.486354 53.057571
v -119.087135 3.486354 65.239578
v -111.227135 3.486354 65.239578
v -111.227135 3.486354 53.057571
v -119.087135 3.770030 53.057571
v -119.087135 3.770030 65.239578
v -111.227135 3.770030 65.239578
v -111.227135 3.770030 53.057571
v -119.464592 3.486354 52.475563
v -119.464592 3.486354 65.821587
v -110.849678 3.486354 65.821587
v -110.849678 3.486354 52.475563
v -119.464592 3.770030 52.475563
v -119.464592 3.770030 65.821587
v -110.849678 3.770030 65.821587
v -110.849678 3.770030 52.475563
v -119.087135 2.189067 53.057571
v -111.227135 2.189067 53.057571
v -111.227135 2.189067 65.239578
v -119.087135 2.189067 65.239578
v -118.104637 2.017218 65.239578
v -117.122131 2.017218 65.239578
v -116.139633 2.017218 65.239578
v -115.157135 2.017218 65.239578
v -114.174637 2.017218 65.239578
v -113.192139 2.017218 65.239578
v -112.209633 2.017218 65.239578
v -112.209633 2.017218 53.057571
v -113.192139 2.017218 53.057571
v -114.174637 2.017218 53.057571
v -115.157135 2.017218 53.057571
v -116.139633 2.017218 53.057571
v -117.122131 2.017218 53.057571
v -118.104637 2.017218 53.057571
v -118.104637 3.486354 65.239578
v -117.122131 3.486354 65.239578
v -116.139633 3.486354 65.239578
v -115.157135 3.486354 65.239578
v -114.174637 3.486354 65.239578
v -113.192139 3.486354 65.239578
v -112.209633 3.486354 65.239578
v -112.209633 3.486354 53.057571
v -113.192139 3.486354 53.057571
v -114.174637 3.486354 53.057571
v -115.157135 3.486354 53.057571
v -116.139633 3.486354 53.057571
v -117.122131 3.486354 53.057571
v -118.104637 3.486354 53.057571
v -118.104637 3.770030 65.239578
v -117.122131 3.770030 65.239578
v -116.139633 3.770030 65.239578
v -115.157135 3.770030 65.239578
v -114.174637 3.770030 65.239578
v -113.192139 3.770030 65.239578
v -112.209633 3.770030 65.239578
v -112.209633 3.770030 53.057571
v -113.192139 3.770030 53.057571
v -114.174637 3.770030 53.057571
v -115.157135 3.770030 53.057571
v -116.139633 3.770030 53.057571
v -117.122131 3.770030 53.057571
v -118.104637 3.770030 53.057571
v -118.387726 3.486354 65.821587
v -117.310860 3.486354 65.821587
v -116.234001 3.486354 65.821587
v -115.157135 3.486354 65.821587
v -114.080269 3.486354 65.821587
v -113.003410 3.486354 65.821587
v -111.926544 3.486354 65.821587
v -111.926544 3.486354 52.475563
v -113.003410 3.486354 52.475563
v -114.080269 3.486354 52.475563
v -115.157135 3.486354 52.475563
v -116.234001 3.486354 52.475563
v -117.310860 3.486354 52.475563
v -118.387726 3.486354 52.475563
v -118.387726 3.770030 65.821587
v -117.310860 3.770030 65.821587
v -116.234001 3.770030 65.821587
v -115.157135 3.770030 65.821587
v -114.080269 3.770030 65.821587
v -113.003410 3.770030 65.821587
v -111.926544 3.770030 65.821587
v -111.926544 3.770030 52.475563
v -113.003410 3.770030 52.475563
v -114.080269 3.770030 52.475563
v -115.157135 3.770030 52.475563
v -116.234001 3.770030 52.475563
v -117.310860 3.770030 52.475563
v -118.387726 3.770030 52.475563
v -112.209633 2.189067 65.239578
v -113.192139 2.189067 65.239578
v -114.174637 2.189067 65.239578
v -115.157135 2.189067 65.239578
v -116.139633 2.189067 65.239578
v -117.122131 2.189067 65.239578
v -118.104637 2.189067 65.239578
v -118.104637 2.189067 53.057571
v -117.122131 2.189067 53.057571
v -116.139633 2.189067 53.057571
v -115.157135 2.189067 53.057571
v -114.174637 2.189067 53.057571
v -113.192139 2.189067 53.057571
v -112.209633 2.189067 53.057571
v -119.087135 2.017218 54.275772
v -119.087135 2.017218 55.493973
v -119.087135 2.017218 56.712173
v -119.087135 2.017218 57.930374
v -119.087135 2.017218 59.148575
v -119.087135 2.017218 60.366776
v -119.087135 2.017218 61.584976
v -119.087135 2.017218 62.803177
v -119.087135 2.017218 64.021378
v -111.227135 2.017218 64.021378
v -111.227135 2.017218 62.803177
v -111.227135 2.017218 61.584976
v -111.227135 2.017218 60.366776
v -111.227135 2.017218 59.148575
v -111.227135 2.017218 57.930374
v -111.227135 2.017218 56.712173
v -111.227135 2.017218 55.493973
v -111.227135 2.017218 54.275772
v -119.087135 3.486354 54.275772
v -119.087135 3.486354 55.493973
v -119.087135 3.486354 56.712173
v -119.087135 3.486354 57.930374
v -119.087135 3.486354 59.148575
v -119.087135 3.486354 60.366776
v -119.087135 3.486354 61.584976
v -119.087135 3.486354 62.803177
v -119.087135 3.486354 64.021378
v -111.227135 3.486354 64.021378
v -111.227135 3.486354 62.803177
v -111.227135 3.486354 61.584976
v -111.227135 3.486354 60.366776
v -111.227135 3.486354 59.148575
v -111.227135 3.486354 57.930374
v -111.227135 3.486354 56.712173
v -111.227135 3.486354 55.493973
v -111.227135 3.486354 54.275772
v -119.087135 3.770030 54.275772
v -119.087135 3.770030 55.493973
v -119.087135 3.770030 56.712173
v -119.087135 3.770030 57.930374
v -119.087135 3.770030 59.148575
v -119.087135 3.770030 60.366776
v -119.087135 3.770030 61.584976
v -119.087135 3.770030 62.803177
v -119.087135 3.770030 64.021378
v -111.227135 3.770030 64.021378
v -111.227135 3.770030 62.803177
v -111.227135 3.770030 61.584976
v -111.227135 3.770030 60.366776
v -111.227135 3.770030 59.148575
v -111.227135 3.770030 57.930374
v -111.227135 3.770030 56.712173
v -111.227135 3.770030 55.493973
v -111.227135 3.770030 54.275772
v -119.464592 3.486354 53.810165
v -119.464592 3.486354 55.144768
v -119.464592 3.486354 56.479370
v -119.464592 3.486354 57.813972
v -119.464592 3.486354 59.148575
v -119.464592 3.486354 60.483177
v -119.464592 3.486354 61.817780
v -119.464592 3.486354 63.152382
v -119.464592 3.486354 64.486984
v -110.849678 3.486354 64.486984
v -110.849678 3.486354 63.152382
v -110.849678 3.486354 61.817780
v -110.849678 3.486354 60.483177
v -110.849678 3.486354 59.148575
v -110.849678 3.486354 57.813972
v -110.849678 3.486354 56.479370
v -110.849678 3.486354 55.144768
v -110.849678 3.486354 53.810165
v -119.464592 3.770030 53.810165
v -119.464592 3.770030 55.144768
v -119.464592 3.770030 56.479370
v -119.464592 3.770030 57.813972
v -119.464592 3.770030 59.148575
v -119.464592 3.770030 60.483177
v -119.464592 3.770030 61.817780
v -119.464592 3.770030 63.152382
v -119.464592 3.770030 64.486984
v -110.849678 3.770030 64.486984
v -110.849678 3.770030 63.152382
v -110.849678 3.770030 61.817780
v -110.849678 3.770030 60.483177
v -110.849678 3.770030 59.148575
v -110.849678 3.770030 57.813972
v -110.849678 3.770030 56.479370
v -110.849678 3.770030 55.144768
v -110.849678 3.770030 53.810165
v -119.087135 2.189067 64.021378
v -119.087135 2.189067 62.803177
v -119.087135 2.189067 61.584976
v -119.087135 2.189067 60.366776
v -119.087135 2.189067 59.148575
v -119.087135 2.189067 57.930374
v -119.087135 2.189067 56.712173
v -119.087135 2.189067 55.493973
v -119.087135 2.189067 54.275772
v -111.227135 2.189067 54.275772
v -111.227135 2.189067 55.493973
v -111.227135 2.189067 56.712173
v -111.227135 2.189067 57.930374
v -111.227135 2.189067 59.148575
v -111.227135 2.189067 60.366776
v -111.227135 2.189067 61.584976
v -111.227135 2.189067 62.803177
v -111.227135 2.189067 64.021378
v -118.104637 3.770030 64.021378
v -118.104637 3.770030 62.803177
v -118.104637 3.770030 61.584976
v -118.104637 3.770030 60.366776
v -118.104637 3.770030 59.148575
v -118.104637 3.770030 57.930374
v -118.104637 3.770030 56.712173
v -118.104637 3.770030 55.493973
v -118.104637 3.770030 54.275772
v -117.122131 3.770030 64.021378
v -117.122131 3.770030 62.803177
v -117.122131 3.770030 61.584976
v -117.122131 3.770030 60.366776
v -117.122131 3.770030 59.148575
v -117.122131 3.770030 57.930374
v -117.122131 3.770030 56.712173
v -117.122131 3.770030 55.493973
v -117.122131 3.770030 54.275772
v -116.139633 3.770030 64.021378
v -116.139633 3.770030 62.803177
v -116.139633 3.770030 61.584976
v -116.139633 3.770030 60.366776
v -116.139633 3.770030 59.148575
v -116.139633 3.770030 57.930374
v -116.139633 3.770030 56.712173
v -116.139633 3.770030 55.493973
v -116.139633 3.770030 54.275772
v -115.157135 3.770030 64.021378
v -115.157135 3.770030 62.803177
v -115.157135 3.770030 61.584976
v -115.157135 3.770030 60.366776
v -115.157135 3.770030 59.148575
v -115.157135 3.770030 57.930374
v -115.157135 3.770030 56.712173
v -115.157135 3.770030 55.493973
v -115.157135 3.770030 54.275772
v -114.174637 3.770030 64.021378
v -114.174637 3.770030 62.803177
v -114.174637 3.770030 61.584976
v -114.174637 3.770030 60.366776
v -114.174637 3.770030 59.148575
v -114.174637 3.770030 57.930374
v -114.174637 3.770030 56.712173
v -114.174637 3.770030 55.493973
v -114.174637 3.770030 54.275772
v -113.192139 3.770030 64.021378
v -113.192139 3.770030 62.803177
v -113.192139 3.770030 61.584976
v -113.192139 3.770030 60.366776
v -113.192139 3.770030 59.148575
v -113.192139 3.770030 57.930374
v -113.192139 3.770030 56.712173
v -113.192139 3.770030 55.493973
v -113.192139 3.770030 54.275772
v -112.209633 3.770030 64.021378
v -112.209633 3.770030 62.803177
v -112.209633 3.770030 61.584976
v -112.209633 3.770030 60.366776
v -112.209633 3.770030 59.148575
v -112.209633 3.770030 57.930374
v -112.209633 3.770030 56.712173
v -112.209633 3.770030 55.493973
v -112.209633 3.770030 54.275772
v -118.104637 2.017218 54.275772
v -118.104637 2.017218 55.493973
v -118.104637 2.017218 56.712173
v -118.104637 2.017218 57.930374
v -118.104637 2.017218 59.148575
v -118.104637 2.017218 60.366776
v -118.104637 2.017218 61.584976
v -118.104637 2.017218 62.803177
v -118.104637 2.017218 64.021378
v -117.122131 2.017218 54.275772
v -117.122131 2.017218 55.493973
v -117.122131 2.017218 56.712173
v -117.122131 2.017218 57.930374
v -117.122131 2.017218 59.148575
v -117.122131 2.017218 60.366776
v -117.122131 2.017218 61.584976
v -117.122131 2.017218 62.803177
v -117.122131 2.017218 64.021378
v -116.139633 2.017218 54.275772
v -116.139633 2.017218 55.493973
v -116.139633 2.017218 56.712173
v -116.139633 2.017218 57.930374
v -116.139633 2.017218 59.148575
v -116.139633 2.017218 60.366776
v -116.139633 2.017218 61.584976
v -116.139633 2.017218 62.803177
v -116.139633 2.017218 64.021378
v -115.157135 2.017218 54.275772
v -115.157135 2.017218 55.493973
v -115.157135 2.017218 56.712173
v -115.157135 2.017218 57.930374
v -115.157135 2.017218 59.148575
v -115.157135 2.017218 60.366776
v -115.157135 2.017218 61.584976
v -115.157135 2.017218 62.803177
v -115.157135 2.017218 64.021378
v -114.174637 2.017218 54.275772
v -114.174637 2.017218 55.493973
v -114.174637 2.017218 56.712173
v -114.174637 2.017218 57.930374
v -114.174637 2.017218 59.148575
v -114.174637 2.017218 60.366776
v -114.174637 2.017218 61.584976
v -114.174637 2.017218 62.803177
v -114.174637 2.017218 64.021378
v -113.192139 2.017218 54.275772
v -113.192139 2.017218 55.493973
v -113.192139 2.017218 56.712173
v -113.192139 2.017218 57.930374
v -113.192139 2.017218 59.148575
v -113.192139 2.017218 60.366776
v -113.192139 2.017218 61.584976
v -113.192139 2.017218 62.803177
v -113.192139 2.017218 64.021378
v -112.209633 2.017218 54.275772
v -112.209633 2.017218 55.493973
v -112.209633 2.017218 56.712173
v -112.209633 2.017218 57.930374
v -112.209633 2.017218 59.148575
v -112.209633 2.017218 60.366776
v -112.209633 2.017218 61.584976
v -112.209633 2.017218 62.803177
v -112.209633 2.017218 64.021378
v -119.087135 2.237090 64.301361
v -119.087135 2.237090 64.959595
v -119.087135 3.438331 64.959595
v -119.087135 3.438331 64.301361
v -119.087135 2.237090 53.337559
v -119.087135 2.237090 53.995789
v -119.087135 3.438331 53.995789
v -119.087135 3.438331 53.337559
v -119.087135 2.237090 54.555759
v -119.087135 2.237090 55.213985
v -119.087135 3.438331 55.213985
v -119.087135 3.438331 54.555759
v -119.087135 2.237090 55.773960
v -119.087135 2.237090 56.432186
v -119.087135 3.438331 56.432186
v -119.087135 3.438331 55.773960
v -119.087135 2.237090 56.992161
v -119.087135 2.237090 57.650387
v -119.087135 3.438331 57.650387
v -119.087135 3.438331 56.992161
v -119.087135 2.237090 58.210361
v -119.087135 2.237090 58.868587
v -119.087135 3.438331 58.868587
v -119.087135 3.438331 58.210361
v -119.087135 2.237090 59.428562
v -119.087135 2.237090 60.086788
v -119.087135 3.438331 60.086788
v -119.087135 3.438331 59.428562
v -119.087135 2.237090 60.646763
v -119.087135 2.237090 61.304989
v -119.087135 3.438331 61.304989
v -119.087135 3.438331 60.646763
v -119.087135 2.237090 61.864964
v -119.087135 2.237090 62.523190
v -119.087135 3.438331 62.523190
v -119.087135 3.438331 61.864964
v -119.087135 2.237090 63.083164
v -119.087135 2.237090 63.741390
v -119.087135 3.438331 63.741390
v -119.087135 3.438331 63.083164
v -118.924377 2.237090 64.959595
v -118.924377 2.237090 64.301361
v -118.924377 3.438331 64.301361
v -118.924377 3.438331 64.959595
v -118.924377 2.237090 53.995789
v -118.924377 2.237090 53.337559
v -118.924377 3.438331 53.337559
v -118.924377 3.438331 53.995789
v -118.924377 2.237090 55.213985
v -118.924377 2.237090 54.555759
v -118.924377 3.438331 54.555759
v -118.924377 3.438331 55.213985
v -118.924377 2.237090 56.432186
v -118.924377 2.237090 55.773960
v -118.924377 3.438331 55.773960
v -118.924377 3.438331 56.432186
v -118.924377 2.237090 57.650387
v -118.924377 2.237090 56.992161
v -118.924377 3.438331 56.992161
v -118.924377 3.438331 57.650387
v -118.924377 2.237090 58.868587
v -118.924377 2.237090 58.210361
v -118.924377 3.438331 58.210361
v -118.924377 3.438331 58.868587
v -118.924377 2.237090 60.086788
v -118.924377 2.237090 59.428562
v -118.924377 3.438331 59.428562
v -118.924377 3.438331 60.086788
v -118.924377 2.237090 61.304989
v -118.924377 2.237090 60.646763
v -118.924377 3.438331 60.646763
v -118.924377 3.438331 61.304989
v -118.924377 2.237090 62.523190
v -118.924377 2.237090 61.864964
v -118.924377 3.438331 61.864964
v -118.924377 3.438331 62.523190
v -118.924377 2.237090 63.741390
v -118.924377 2.237090 63.083164
v -118.924377 3.438331 63.083164
v -118.924377 3.438331 63.741390
v -112.055176 2.229916 65.239578
v -111.381592 2.229916 65.239578
v -111.381592 3.445505 65.239578
v -112.055176 3.445505 65.239578
v -118.932678 2.229916 65.239578
v -118.259094 2.229916 65.239578
v -118.259094 3.445505 65.239578
v -118.932678 3.445505 65.239578
v -117.950180 2.229916 65.239578
v -117.276596 2.229916 65.239578
v -117.276588 3.445505 65.239578
v -117.950180 3.445505 65.239578
v -116.967674 2.229916 65.239578
v -116.294090 2.229916 65.239578
v -116.294090 3.445505 65.239578
v -116.967674 3.445505 65.239578
v -115.985176 2.229916 65.239578
v -115.311592 2.229916 65.239578
v -115.311592 3.445505 65.239578
v -115.985176 3.445505 65.239578
v -115.002678 2.229916 65.239578
v -114.329094 2.229916 65.239578
v -114.329094 3.445505 65.239578
v -115.002678 3.445505 65.239578
v -114.020180 2.229916 65.239578
v -113.346596 2.229916 65.239578
v -113.346596 3.445505 65.239578
v -114.020180 3.445505 65.239578
v -113.037682 2.229916 65.239578
v -112.364090 2.229916 65.239578
v -112.364090 3.445505 65.239578
v -113.037674 3.445505 65.239578
v -111.227135 2.232504 54.022522
v -111.227135 2.232504 53.310822
v -111.227135 3.442917 53.310822
v -111.227135 3.442917 54.022522
v -111.227135 2.232504 64.986328
v -111.227135 2.232504 64.274628
v -111.227135 3.442917 64.274628
v -111.227135 3.442917 64.986328
v -111.227135 2.232504 63.768127
v -111.227135 2.232504 63.056427
v -111.227135 3.442917 63.056427
v -111.227135 3.442917 63.768127
v -111.227135 2.232504 62.549927
v -111.227135 2.232504 61.838226
v -111.227135 3.442917 61.838226
v -111.227135 3.442917 62.549927
v -111.227135 2.232504 61.331726
v -111.227135 2.232504 60.620026
v -111.227135 3.442917 60.620026
v -111.227135 3.442917 61.331726
v -111.227135 2.232504 60.113525
v -111.227135 2.232504 59.401825
v -111.227135 3.442917 59.401825
v -111.227135 3.442917 60.113525
v -111.227135 2.232504 58.895325
v -111.227135 2.232504 58.183624
v -111.227135 3.442917 58.183624
v -111.227135 3.442917 58.895325
v -111.227135 2.232504 57.677124
v -111.227135 2.232504 56.965424
v -111.227135 3.442917 56.965424
v -111.227135 3.442917 57.677124
v -111.227135 2.232504 56.458923
v -111.227135 2.232504 55.747223
v -111.227135 3.442917 55.747223
v -111.227135 3.442917 56.458923
v -111.227135 2.232504 55.240723
v -111.227135 2.232504 54.529022
v -111.227135 3.442917 54.529022
v -111.227135 3.442917 55.240723
v -111.411263 2.232504 53.310822
v -111.411263 2.232504 54.022522
v -111.411263 3.442917 54.022522
v -111.411263 3.442917 53.310822
v -111.411263 2.232504 64.274628
v -111.411263 2.232504 64.986328
v -111.411263 3.442917 64.986328
v -111.411263 3.442917 64.274628
v -111.411263 2.232504 63.056427
v -111.411263 2.232504 63.768127
v -111.411263 3.442917 63.768127
v -111.411263 3.442917 63.056427
v -111.411263 2.232504 61.838226
v -111.411263 2.232504 62.549927
v -111.411263 3.442917 62.549927
v -111.411263 3.442917 61.838226
v -111.411263 2.232504 60.620026
v -111.411263 2.232504 61.331726
v -111.411263 3.442917 61.331726
v -111.411263 3.442917 60.620026
v -111.411263 2.232504 59.401825
v -111.411263 2.232504 60.113525
v -111.411263 3.442917 60.113525
v -111.411263 3.442917 59.401825
v -111.411263 2.232504 58.183624
v -111.411263 2.232504 58.895325
v -111.411263 3.442917 58.895325
v -111.411263 3.442917 58.183624
v -111.411263 2.232504 56.965424
v -111.411263 2.232504 57.677124
v -111.411263 3.442917 57.677124
v -111.411263 3.442917 56.965424
v -111.411263 2.232504 55.747223
v -111.411263 2.232504 56.458923
v -111.411263 3.442917 56.458923
v -111.411263 3.442917 55.747223
v -111.411263 2.232504 54.529022
v -111.411263 2.232504 55.240723
v -111.411263 3.442917 55.240723
v -111.411263 3.442917 54.529022
v -118.336571 2.250407 53.057571
v -118.855202 2.250407 53.057571
v -118.855202 3.425014 53.057571
v -118.336571 3.425014 53.057571
v -111.459068 2.250407 53.057571
v -111.977699 2.250407 53.057571
v -111.977699 3.425014 53.057571
v -111.459068 3.425014 53.057571
v -112.441566 2.250407 53.057571
v -112.960205 2.250407 53.057571
v -112.960205 3.425014 53.057571
v -112.441566 3.425014 53.057571
v -113.424072 2.250407 53.057571
v -113.942703 2.250407 53.057571
v -113.942703 3.425014 53.057571
v -113.424072 3.425014 53.057571
v -114.406570 2.250407 53.057571
v -114.925201 2.250407 53.057571
v -114.925201 3.425014 53.057571
v -114.406570 3.425014 53.057571
v -115.389069 2.250407 53.057571
v -115.907700 2.250407 53.057571
v -115.907700 3.425014 53.057571
v -115.389069 3.425014 53.057571
v -116.371567 2.250407 53.057571
v -116.890198 2.250407 53.057571
v -116.890198 3.425014 53.057571
v -116.371567 3.425014 53.057571
v -117.354065 2.250407 53.057571
v -117.872704 2.250407 53.057571
v -117.872704 3.425014 53.057571
v -117.354065 3.425014 53.057571
v -118.855202 2.250407 53.262691
v -118.336571 2.250407 53.262691
v -118.336571 3.425014 53.262691
v -118.855202 3.425014 53.262691
v -111.977699 2.250407 53.262691
v -111.459068 2.250407 53.262691
v -111.459068 3.425014 53.262691
v -111.977699 3.425014 53.262691
v -112.960205 2.250407 53.262691
v -112.441566 2.250407 53.262691
v -112.441566 3.425014 53.262691
v -112.960205 3.425014 53.262691
v -113.942703 2.250407 53.262691
v -113.424072 2.250407 53.262691
v -113.424072 3.425014 53.262691
v -113.942703 3.425014 53.262691
v -114.925201 2.250407 53.262691
v -114.406570 2.250407 53.262691
v -114.406570 3.425014 53.262691
v -114.925201 3.425014 53.262691
v -115.907700 2.250407 53.262691
v -115.389069 2.250407 53.262691
v -115.389069 3.425014 53.262691
v -115.907700 3.425014 53.262691
v -116.890198 2.250407 53.262691
v -116.371567 2.250407 53.262691
v -116.371567 3.425014 53.262691
v -116.890198 3.425014 53.262691
v -117.872704 2.250407 53.262691
v -117.354065 2.250407 53.262691
v -117.354065 3.425014 53.262691
v -117.872704 3.425014 53.262691
v -119.087135 3.770030 65.239578
v -111.227135 3.770030 65.239578
v -119.087135 3.770030 53.057571
v -111.227135 3.770030 53.057571
v -119.087135 5.239166 53.057571
v -119.087135 5.239166 65.239578
v -111.227135 5.239166 65.239578
v -111.227135 5.239166 53.057571
v -119.087135 5.522841 53.057571
v -119.087135 5.522841 65.239578
v -111.227135 5.522841 65.239578
v -111.227135 5.522841 53.057571
v -119.464592 5.239166 52.475563
v -119.464592 5.239166 65.821587
v -110.849678 5.239166 65.821587
v -110.849678 5.239166 52.475563
v -119.464592 5.522841 52.475563
v -119.464592 5.522841 65.821587
v -110.849678 5.522841 65.821587
v -110.849678 5.522841 52.475563
v -119.087135 3.941878 53.057571
v -111.227135 3.941878 53.057571
v -111.227135 3.941878 65.239578
v -119.087135 3.941878 65.239578
v -118.104637 3.770030 65.239578
v -117.122131 3.770030 65.239578
v -116.139633 3.770030 65.239578
v -115.157135 3.770030 65.239578
v -114.174637 3.770030 65.239578
v -113.192139 3.770030 65.239578
v -112.209633 3.770030 65.239578
v -112.209633 3.770030 53.057571
v -113.192139 3.770030 53.057571
v -114.174637 3.770030 53.057571
v -115.157135 3.770030 53.057571
v -116.139633 3.770030 53.057571
v -117.122131 3.770030 53.057571
v -118.104637 3.770030 53.057571
v -118.104637 5.239166 65.239578
v -117.122131 5.239166 65.239578
v -116.139633 5.239166 65.239578
v -115.157135 5.239166 65.239578
v -114.174637 5.239166 65.239578
v -113.192139 5.239166 65.239578
v -112.209633 5.239166 65.239578
v -112.209633 5.239166 53.057571
v -113.192139 5.239166 53.057571
v -114.174637 5.239166 53.057571
v -115.157135 5.239166 53.057571
v -116.139633 5.239166 53.057571
v -117.122131 5.239166 53.057571
v -118.104637 5.239166 53.057571
v -118.104637 5.522841 65.239578
v -117.122131 5.522841 65.239578
v -116.139633 5.522841 65.239578
v -115.157135 5.522841 65.239578
v -114.174637 5.522841 65.239578
v -113.192139 5.522841 65.239578
v -112.209633 5.522841 65.239578
v -112.209633 5.522841 53.057571
v -113.192139 5.522841 53.057571
v -114.174637 5.522841 53.057571
v -115.157135 5.522841 53.057571
v -116.139633 5.522841 53.057571
v -117.122131 5.522841 53.057571
v -118.104637 5.522841 53.057571
v -118.387726 5.239166 65.821587
v -117.310860 5.239166 65.821587
v -116.234001 5.239166 65.821587
v -115.157135 5.239166 65.821587
v -114.080269 5.239166 65.821587
v -113.003410 5.239166 65.821587
v -111.926544 5.239166 65.821587
v -111.926544 5.239166 52.475563
v -113.003410 5.239166 52.475563
v -114.080269 5.239166 52.475563
v -115.157135 5.239166 52.475563
v -116.234001 5.239166 52.475563
v -117.310860 5.239166 52.475563
v -118.387726 5.239166 52.475563
v -118.387726 5.522841 65.821587
v -117.310860 5.522841 65.821587
v -116.234001 5.522841 65.821587
v -115.157135 5.522841 65.821587
v -114.080269 5.522841 65.821587
v -113.003410 5.522841 65.821587
v -111.926544 5.522841 65.821587
v -111.926544 5.522841 52.475563
v -113.003410 5.522841 52.475563
v -114.080269 5.522841 52.475563
v -115.157135 5.522841 52.475563
v -116.234001 5.522841 52.475563
v -117.310860 5.522841 52.475563
v -118.387726 5.522841 52.475563
v -112.209633 3.941878 65.239578
v -113.192139 3.941878 65.239578
v -114.174637 3.941878 65.239578
v -115.157135 3.941878 65.239578
v -116.139633 3.941878 65.239578
v -117.122131 3.941878 65.239578
v -118.104637 3.941878 65.239578
v -118.104637 3.941878 53.057571
v -117.122131 3.941878 53.057571
v -116.139633 3.941878 53.057571
v -115.157135 3.941878 53.057571
v -114.174637 3.941878 53.057571
v -113.192139 3.941878 53.057571
v -112.209633 3.941878 53.057571
v -119.087135 3.770030 54.275772
v -119.087135 3.770030 55.493973
v -119.087135 3.770030 56.712173
v -119.087135 3.770030 57.930374
v -119.087135 3.770030 59.148575
v -119.087135 3.770030 60.366776
v -119.087135 3.770030 61.584976
v -119.087135 3.770030 62.803177
v -119.087135 3.770030 64.021378
v -111.227135 3.770030 64.021378
v -111.227135 3.770030 62.803177
v -111.227135 3.770030 61.584976
v -111.227135 3.770030 60.366776
v -111.227135 3.770030 59.148575
v -111.227135 3.770030 57.930374
v -111.227135 3.770030 56.712173
v -111.227135 3.770030 55.493973
v -111.227135 3.770030 54.275772
v -119.087135 5.239166 54.275772
v -119.087135 5.239166 55.493973
v -119.087135 5.239166 56.712173
v -119.087135 5.239166 57.930374
v -119.087135 5.239166 59.148575
v -119.087135 5.239166 60.366776
v -119.087135 5.239166 61.584976
v -119.087135 5.239166 62.803177
v -119.087135 5.239166 64.021378
v -111.227135 5.239166 64.021378
v -111.227135 5.239166 62.803177
v -111.227135 5.239166 61.584976
v -111.227135 5.239166 60.366776
v -111.227135 5.239166 59.148575
v -111.227135 5.239166 57.930374
v -111.227135 5.239166 56.712173
v -111.227135 5.239166 55.493973
v -111.227135 5.239166 54.275772
v -119.087135 5.522841 54.275772
v -119.087135 5.522841 55.493973
v -119.087135 5.522841 56.712173
v -119.087135 5.522841 57.930374
v -119.087135 5.522841 59.148575
v -119.087135 5.522841 60.366776
v -119.087135 5.522841 61.584976
v -119.087135 5.522841 62.803177
v -119.087135 5.522841 64.021378
v -111.227135 5.522841 64.021378
v -111.227135 5.522841 62.803177
v -111.227135 5.522841 61.584976
v -111.227135 5.522841 60.366776
v -111.227135 5.522841 59.148575
v -111.227135 5.522841 57.930374
v -111.227135 5.522841 56.712173
v -111.227135 5.522841 55.493973
v -111.227135 5.522841 54.275772
v -119.464592 5.239166 53.810165
v -119.464592 5.239166 55.144768
v -119.464592 5.239166 56.479370
v -119.464592 5.239166 57.813972
v -119.464592 5.239166 59.148575
v -119.464592 5.239166 60.483177
v -119.464592 5.239166 61.817780
v -119.464592 5.239166 63.152382
v -119.464592 5.239166 64.486984
v -110.849678 5.239166 64.486984
v -110.849678 5.239166 63.152382
v -110.849678 5.239166 61.817780
v -110.849678 5.239166 60.483177
v -110.849678 5.239166 59.148575
v -110.849678 5.239166 57.813972
v -110.849678 5.239166 56.479370
v -110.849678 5.239166 55.144768
v -110.849678 5.239166 53.810165
v -119.464592 5.522841 53.810165
v -119.464592 5.522841 55.144768
v -119.464592 5.522841 56.479370
v -119.464592 5.522841 57.813972
v -119.464592 5.522841 59.148575
v -119.464592 5.522841 60.483177
v -119.464592 5.522841 61.817780
v -119.464592 5.522841 63.152382
v -119.464592 5.522841 64.486984
v -110.849678 5.522841 64.486984
v -110.849678 5.522841 63.152382
v -110.849678 5.522841 61.817780
v -110.849678 5.522841 60.483177
v -110.849678 5.522841 59.148575
v -110.849678 5.522841 57.813972
v -110.849678 5.522841 56.479370
v -110.849678 5.522841 55.144768
v -110.849678 5.522841 53.810165
v -119.087135 3.941878 64.021378
v -119.087135 3.941878 62.803177
v -119.087135 3.941878 61.584976
v -119.087135 3.941878 60.366776
v -119.087135 3.941878 59.148575
v -119.087135 3.941878 57.930374
v -119.087135 3.941878 56.712173
v -119.087135 3.941878 55.493973
v -119.087135 3.941878 54.275772
v -111.227135 3.941878 54.275772
v -111.227135 3.941878 55.493973
v -111.227135 3.941878 56.712173
v -111.227135 3.941878 57.930374
v -111.227135 3.941878 59.148575
v -111.227135 3.941878 60.366776
v -111.227135 3.941878 61.584976
v -111.227135 3.941878 62.803177
v -111.227135 3.941878 64.021378
v -118.104637 5.522841 64.021378
v -118.104637 5.522841 62.803177
v -118.104637 5.522841 61.584976
v -118.104637 5.522841 60.366776
v -118.104637 5.522841 59.148575
v -118.104637 5.522841 57.930374
v -118.104637 5.522841 56.712173
v -118.104637 5.522841 55.493973
v -118.104637 5.522841 54.275772
v -117.122131 5.522841 64.021378
v -117.122131 5.522841 62.803177
v -117.122131 5.522841 61.584976
v -117.122131 5.522841 60.366776
v -117.122131 5.522841 59.148575
v -117.122131 5.522841 57.930374
v -117.122131 5.522841 56.712173
v -117.122131 5.522841 55.493973
v -117.122131 5.522841 54.275772
v -116.139633 5.522841 64.021378
v -116.139633 5.522841 62.803177
v -116.139633 5.522841 61.584976
v -116.139633 5.522841 60.366776
v -116.139633 5.522841 59.148575
v -116.139633 5.522841 57.930374
v -116.139633 5.522841 56.712173
v -116.139633 5.522841 55.493973
v -116.139633 5.522841 54.275772
v -115.157135 5.522841 64.021378
v -115.157135 5.522841 62.803177
v -115.157135 5.522841 61.584976
v -115.157135 5.522841 60.366776
v -115.157135 5.522841 59.148575
v -115.157135 5.522841 57.930374
v -115.157135 5.522841 56.712173
v -115.157135 5.522841 55.493973
v -115.157135 5.522841 54.275772
v -114.174637 5.522841 64.021378
v -114.174637 5.522841 62.803177
v -114.174637 5.522841 61.584976
v -114.174637 5.522841 60.366776
v -114.174637 5.522841 59.148575
v -114.174637 5.522841 57.930374
v -114.174637 5.522841 56.712173
v -114.174637 5.522841 55.493973
v -114.174637 5.522841 54.275772
v -113.192139 5.522841 64.021378
v -113.192139 5.522841 62.803177
v -113.192139 5.522841 61.584976
v -113.192139 5.522841 60.366776
v -113.192139 5.522841 59.148575
v -113.192139 5.522841 57.930374
v -113.192139 5.522841 56.712173
v -113.192139 5.522841 55.493973
v -113.192139 5.522841 54.275772
v -112.209633 5.522841 64.021378
v -112.209633 5.522841 62.803177
v -112.209633 5.522841 61.584976
v -112.209633 5.522841 60.366776
v -112.209633 5.522841 59.148575
v -112.209633 5.522841 57.930374
v -112.209633 5.522841 56.712173
v -112.209633 5.522841 55.493973
v -112.209633 5.522841 54.275772
v -118.104637 3.770030 54.275772
v -118.104637 3.770030 55.493973
v -118.104637 3.770030 56.712173
v -118.104637 3.770030 57.930374
v -118.104637 3.770030 59.148575
v -118.104637 3.770030 60.366776
v -118.104637 3.770030 61.584976
v -118.104637 3.770030 62.803177
v -118.104637 3.770030 64.021378
v -117.122131 3.770030 54.275772
v -117.122131 3.770030 55.493973
v -117.122131 3.770030 56.712173
v -117.122131 3.770030 57.930374
v -117.122131 3.770030 59.148575
v -117.122131 3.770030 60.366776
v -117.122131 3.770030 61.584976
v -117.122131 3.770030 62.803177
v -117.122131 3.770030 64.021378
v -116.139633 3.770030 54.275772
v -116.139633 3.770030 55.493973
v -116.139633 3.770030 56.712173
v -116.139633 3.770030 57.930374
v -116.139633 3.770030 59.148575
v -116.139633 3.770030 60.366776
v -116.139633 3.770030 61.584976
v -116.139633 3.770030 62.803177
v -116.139633 3.770030 64.021378
v -115.157135 3.770030 54.275772
v -115.157135 3.770030 55.493973
v -115.157135 3.770030 56.712173
v -115.157135 3.770030 57.930374
v -115.157135 3.770030 59.148575
v -115.157135 3.770030 60.366776
v -115.157135 3.770030 61.584976
v -115.157135 3.770030 62.803177
v -115.157135 3.770030 64.021378
v -114.174637 3.770030 54.275772
v -114.174637 3.770030 55.493973
v -114.174637 3.770030 56.712173
v -114.174637 3.770030 57.930374
v -114.174637 3.770030 59.148575
v -114.174637 3.770030 60.366776
v -114.174637 3.770030 61.584976
v -114.174637 3.770030 62.803177
v -114.174637 3.770030 64.021378
v -113.192139 3.770030 54.275772
v -113.192139 3.770030 55.493973
v -113.192139 3.770030 56.712173
v -113.192139 3.770030 57.930374
v -113.192139 3.770030 59.148575
v -113.192139 3.770030 60.366776
v -113.192139 3.770030 61.584976
v -113.192139 3.770030 62.803177
v -113.192139 3.770030 64.021378
v -112.209633 3.770030 54.275772
v -112.209633 3.770030 55.493973
v -112.209633 3.770030 56.712173
v -112.209633 3.770030 57.930374
v -112.209633 3.770030 59.148575
v -112.209633 3.770030 60.366776
v -112.209633 3.770030 61.584976
v -112.209633 3.770030 62.803177
v -112.209633 3.770030 64.021378
v -119.087135 3.989902 64.301361
v -119.087135 3.989902 64.959595
v -119.087135 5.191142 64.959595
v -119.087135 5.191142 64.301361
v -119.087135 3.989902 53.337559
v -119.087135 3.989902 53.995789
v -119.087135 5.191142 53.995789
v -119.087135 5.191142 53.337559
v -119.087135 3.989902 54.555759
v -119.087135 3.989902 55.213985
v -119.087135 5.191142 55.213985
v -119.087135 5.191142 54.555759
v -119.087135 3.989902 55.773960
v -119.087135 3.989902 56.432186
v -119.087135 5.191142 56.432186
v -119.087135 5.191142 55.773960
v -119.087135 3.989902 56.992161
v -119.087135 3.989902 57.650387
v -119.087135 5.191142 57.650387
v -119.087135 5.191142 56.992161
v -119.087135 3.989902 58.210361
v -119.087135 3.989902 58.868587
v -119.087135 5.191142 58.868587
v -119.087135 5.191142 58.210361
v -119.087135 3.989902 59.428562
v -119.087135 3.989902 60.086788
v -119.087135 5.191142 60.086788
v -119.087135 5.191142 59.428562
v -119.087135 3.989902 60.646763
v -119.087135 3.989902 61.304989
v -119.087135 5.191142 61.304989
v -119.087135 5.191142 60.646763
v -119.087135 3.989902 61.864964
v -119.087135 3.989902 62.523190
v -119.087135 5.191142 62.523190
v -119.087135 5.191142 61.864964
v -119.087135 3.989902 63.083164
v -119.087135 3.989902 63.741390
v -119.087135 5.191142 63.741390
v -119.087135 5.191142 63.083164
v -118.924377 3.989902 64.959595
v -118.924377 3.989902 64.301361
v -118.924377 5.191142 64.301361
v -118.924377 5.191142 64.959595
v -118.924377 3.989902 53.995789
v -118.924377 3.989902 53.337559
v -118.924377 5.191142 53.337559
v -118.924377 5.191142 53.995789
v -118.924377 3.989902 55.213985
v -118.924377 3.989902 54.555759
v -118.924377 5.191142 54.555759
v -118.924377 5.191142 55.213985
v -118.924377 3.989902 56.432186
v -118.924377 3.989902 55.773960
v -118.924377 5.191142 55.773960
v -118.924377 5.191142 56.432186
v -118.924377 3.989902 57.650387
v -118.924377 3.989902 56.992161
v -118.924377 5.191142 56.992161
v -118.924377 5.191142 57.650387
v -118.924377 3.989902 58.868587
v -118.924377 3.989902 58.210361
v -118.924377 5.191142 58.210361
v -118.924377 5.191142 58.868587
v -118.924377 3.989902 60.086788
v -118.924377 3.989902 59.428562
v -118.924377 5.191142 59.428562
v -118.924377 5.191142 60.086788
v -118.924377 3.989902 61.304989
v -118.924377 3.989902 60.646763
v -118.924377 5.191142 60.646763
v -118.924377 5.191142 61.304989
v -118.924377 3.989902 62.523190
v -118.924377 3.989902 61.864964
v -118.924377 5.191142 61.864964
v -118.924377 5.191142 62.523190
v -118.924377 3.989902 63.741390
v -118.924377 3.989902 63.083164
v -118.924377 5.191142 63.083164
v -118.924377 5.191142 63.741390
v -112.055176 3.982728 65.239578
v -111.381592 3.982728 65.239578
v -111.381592 5.198316 65.239578
v -112.055176 5.198316 65.239578
v -118.932678 3.982728 65.239578
v -118.259094 3.982728 65.239578
v -118.259094 5.198316 65.239578
v -118.932678 5.198316 65.239578
v -117.950180 3.982728 65.239578
v -117.276596 3.982728 65.239578
v -117.276588 5.198316 65.239578
v -117.950180 5.198316 65.239578
v -116.967674 3.982728 65.239578
v -116.294090 3.982728 65.239578
v -116.294090 5.198316 65.239578
v -116.967674 5.198316 65.239578
v -115.985176 3.982728 65.239578
v -115.311592 3.982728 65.239578
v -115.311592 5.198316 65.239578
v -115.985176 5.198316 65.239578
v -115.002678 3.982728 65.239578
v -114.329094 3.982728 65.239578
v -114.329094 5.198316 65.239578
v -115.002678 5.198316 65.239578
v -114.020180 3.982728 65.239578
v -113.346596 3.982728 65.239578
v -113.346596 5.198316 65.239578
v -114.020180 5.198316 65.239578
v -113.037682 3.982728 65.239578
v -112.364090 3.982728 65.239578
v -112.364090 5.198316 65.239578
v -113.037674 5.198316 65.239578
v -111.227135 3.985315 54.022522
v -111.227135 3.985315 53.310822
v -111.227135 5.195728 53.310822
v -111.227135 5.195728 54.022522
v -111.227135 3.985315 64.986328
v -111.227135 3.985315 64.274628
v -111.227135 5.195728 64.274628
v -111.227135 5.195728 64.986328
v -111.227135 3.985315 63.768127
v -111.227135 3.985315 63.056427
v -111.227135 5.195728 63.056427
v -111.227135 5.195728 63.768127
v -111.227135 3.985315 62.549927
v -111.227135 3.985315 61.838226
v -111.227135 5.195728 61.838226
v -111.227135 5.195728 62.549927
v -111.227135 3.985315 61.331726
v -111.227135 3.985315 60.620026
v -111.227135 5.195728 60.620026
v -111.227135 5.195728 61.331726
v -111.227135 3.985315 60.113525
v -111.227135 3.985315 59.401825
v -111.227135 5.195728 59.401825
v -111.227135 5.195728 60.113525
v -111.227135 3.985315 58.895325
v -111.227135 3.985315 58.183624
v -111.227135 5.195728 58.183624
v -111.227135 5.195728 58.895325
v -111.227135 3.985315 57.677124
v -111.227135 3.985315 56.965424
v -111.227135 5.195728 56.965424
v -111.227135 5.195728 57.677124
v -111.227135 3.985315 56.458923
v -111.227135 3.985315 55.747223
v -111.227135 5.195728 55.747223
v -111.227135 5.195728 56.458923
v -111.227135 3.985315 55.240723
v -111.227135 3.985315 54.529022
v -111.227135 5.195728 54.529022
v -111.227135 5.195728 55.240723
v -111.411263 3.985315 53.310822
v -111.411263 3.985315 54.022522
v -111.411263 5.195728 54.022522
v -111.411263 5.195728 53.310822
v -111.411263 3.985315 64.274628
v -111.411263 3.985315 64.986328
v -111.411263 5.195728 64.986328
v -111.411263 5.195728 64.274628
v -111.411263 3.985315 63.056427
v -111.411263 3.985315 63.768127
v -111.411263 5.195728 63.768127
v -111.411263 5.195728 63.056427
v -111.411263 3.985315 61.838226
v -111.411263 3.985315 62.549927
v -111.411263 5.195728 62.549927
v -111.411263 5.195728 61.838226
v -111.411263 3.985315 60.620026
v -111.411263 3.985315 61.331726
v -111.411263 5.195728 61.331726
v -111.411263 5.195728 60.620026
v -111.411263 3.985315 59.401825
v -111.411263 3.985315 60.113525
v -111.411263 5.195728 60.113525
v -111.411263 5.195728 59.401825
v -111.411263 3.985315 58.183624
v -111.411263 3.985315 58.895325
v -111.411263 5.195728 58.895325
v -111.411263 5.195728 58.183624
v -111.411263 3.985315 56.965424
v -111.411263 3.985315 57.677124
v -111.411263 5.195728 57.677124
v -111.411263 5.195728 56.965424
v -111.411263 3.985315 55.747223
v -111.411263 3.985315 56.458923
v -111.411263 5.195728 56.458923
v -111.411263 5.195728 55.747223
v -111.411263 3.985315 54.529022
v -111.411263 3.985315 55.240723
v -111.411263 5.195728 55.240723
v -111.411263 5.195728 54.529022
v -118.336571 4.003218 53.057571
v -118.855202 4.003218 53.057571
v -118.855202 5.177826 53.057571
v -118.336571 5.177826 53.057571
v -111.459068 4.003218 53.057571
v -111.977699 4.003218 53.057571
v -111.977699 5.177826 53.057571
v -111.459068 5.177826 53.057571
v -112.441566 4.003218 53.057571
v -112.960205 4.003218 53.057571
v -112.960205 5.177826 53.057571
v -112.441566 5.177826 53.057571
v -113.424072 4.003218 53.057571
v -113.942703 4.003218 53.057571
v -113.942703 5.177826 53.057571
v -113.424072 5.177826 53.057571
v -114.406570 4.003218 53.057571
v -114.925201 4.003218 53.057571
v -114.925201 5.177826 53.057571
v -114.406570 5.177826 53.057571
v -115.389069 4.003218 53.057571
v -115.907700 4.003218 53.057571
v -115.907700 5.177826 53.057571
v -115.389069 5.177826 53.057571
v -116.371567 4.003218 53.057571
v -116.890198 4.003218 53.057571
v -116.890198 5.177826 53.057571
v -116.371567 5.177826 53.057571
v -117.354065 4.003218 53.057571
v -117.872704 4.003218 53.057571
v -117.872704 5.177826 53.057571
v -117.354065 5.177826 53.057571
v -118.855202 4.003218 53.262691
v -118.336571 4.003218 53.262691
v -118.336571 5.177826 53.262691
v -118.855202 5.177826 53.262691
v -111.977699 4.003218 53.262691
v -111.459068 4.003218 53.262691
v -111.459068 5.177826 53.262691
v -111.977699 5.177826 53.262691
v -112.960205 4.003218 53.262691
v -112.441566 4.003218 53.262691
v -112.441566 5.177826 53.262691
v -112.960205 5.177826 53.262691
v -113.942703 4.003218 53.262691
v -113.424072 4.003218 53.262691
v -113.424072 5.177826 53.262691
v -113.942703 5.177826 53.262691
v -114.925201 4.003218 53.262691
v -114.406570 4.003218 53.262691
v -114.406570 5.177826 53.262691
v -114.925201 5.177826 53.262691
v -115.907700 4.003218 53.262691
v -115.389069 4.003218 53.262691
v -115.389069 5.177826 53.262691
v -115.907700 5.177826 53.262691
v -116.890198 4.003218 53.262691
v -116.371567 4.003218 53.262691
v -116.371567 5.177826 53.262691
v -116.890198 5.177826 53.262691
v -117.872704 4.003218 53.262691
v -117.354065 4.003218 53.262691
v -117.354065 5.177826 53.262691
v -117.872704 5.177826 53.262691
v -119.087135 5.522841 65.239578
v -111.227135 5.522841 65.239578
v -119.087135 5.522841 53.057571
v -111.227135 5.522841 53.057571
v -119.087135 6.991977 53.057571
v -119.087135 6.991977 65.239578
v -111.227135 6.991977 65.239578
v -111.227135 6.991977 53.057571
v -119.087135 7.275652 53.057571
v -119.087135 7.275652 65.239578
v -111.227135 7.275652 65.239578
v -111.227135 7.275652 53.057571
v -119.464592 6.991977 52.475563
v -119.464592 6.991977 65.821587
v -110.849678 6.991977 65.821587
v -110.849678 6.991977 52.475563
v -119.464592 7.275652 52.475563
v -119.464592 7.275652 65.821587
v -110.849678 7.275652 65.821587
v -110.849678 7.275652 52.475563
v -119.087135 5.694689 53.057571
v -111.227135 5.694689 53.057571
v -111.227135 5.694689 65.239578
v -119.087135 5.694689 65.239578
v -118.104637 5.522841 65.239578
v -117.122131 5.522841 65.239578
v -116.139633 5.522841 65.239578
v -115.157135 5.522841 65.239578
v -114.174637 5.522841 65.239578
v -113.192139 5.522841 65.239578
v -112.209633 5.522841 65.239578
v -112.209633 5.522841 53.057571
v -113.192139 5.522841 53.057571
v -114.174637 5.522841 53.057571
v -115.157135 5.522841 53.057571
v -116.139633 5.522841 53.057571
v -117.122131 5.522841 53.057571
v -118.104637 5.522841 53.057571
v -118.104637 6.991977 65.239578
v -117.122131 6.991977 65.239578
v -116.139633 6.991977 65.239578
v -115.157135 6.991977 65.239578
v -114.174637 6.991977 65.239578
v -113.192139 6.991977 65.239578
v -112.209633 6.991977 65.239578
v -112.209633 6.991977 53.057571
v -113.192139 6.991977 53.057571
v -114.174637 6.991977 53.057571
v -115.157135 6.991977 53.057571
v -116.139633 6.991977 53.057571
v -117.122131 6.991977 53.057571
v -118.104637 6.991977 53.057571
v -118.104637 7.275652 65.239578
v -117.122131 7.275652 65.239578
v -116.139633 7.275652 65.239578
v -115.157135 7.275652 65.239578
v -114.174637 7.275652 65.239578
v -113.192139 7.275652 65.239578
v -112.209633 7.275652 65.239578
v -112.209633 7.275652 53.057571
v -113.192139 7.275652 53.057571
v -114.174637 7.275652 53.057571
v -115.157135 7.275652 53.057571
v -116.139633 7.275652 53.057571
v -117.122131 7.275652 53.057571
v -118.104637 7.275652 53.057571
v -118.387726 6.991977 65.821587
v -117.310860 6.991977 65.821587
v -116.234001 6.991977 65.821587
v -115.157135 6.991977 65.821587
v -114.080269 6.991977 65.821587
v -113.003410 6.991977 65.821587
v -111.926544 6.991977 65.821587
v -111.926544 6.991977 52.475563
v -113.003410 6.991977 52.475563
v -114.080269 6.991977 52.475563
v -115.157135 6.991977 52.475563
v -116.234001 6.991977 52.475563
v -117.310860 6.991977 52.475563
v -118.387726 6.991977 52.475563
v -118.387726 7.275652 65.821587
v -117.310860 7.275652 65.821587
v -116.234001 7.275652 65.821587
v -115.157135 7.275652 65.821587
v -114.080269 7.275652 65.821587
v -113.003410 7.275652 65.821587
v -111.926544 7.275652 65.821587
v -111.926544 7.275652 52.475563
v -113.003410 7.275652 52.475563
v -114.080269 7.275652 52.475563
v -115.157135 7.275652 52.475563
v -116.234001 7.275652 52.475563
v -117.310860 7.275652 52.475563
v -118.387726 7.275652 52.475563
v -112.209633 5.694689 65.239578
v -113.192139 5.694689 65.239578
v -114.174637 5.694689 65.239578
v -115.157135 5.694689 65.239578
v -116.139633 5.694689 65.239578
v -117.122131 5.694689 65.239578
v -118.104637 5.694689 65.239578
v -118.104637 5.694689 53.057571
v -117.122131 5.694689 53.057571
v -116.139633 5.694689 53.057571
v -115.157135 5.694689 53.057571
v -114.174637 5.694689 53.057571
v -113.192139 5.694689 53.057571
v -112.209633 5.694689 53.057571
v -119.087135 5.522841 54.275772
v -119.087135 5.522841 55.493973
v -119.087135 5.522841 56.712173
v -119.087135 5.522841 57.930374
v -119.087135 5.522841 59.148575
v -119.087135 5.522841 60.366776
v -119.087135 5.522841 61.584976
v -119.087135 5.522841 62.803177
v -119.087135 5.522841 64.021378
v -111.227135 5.522841 64.021378
v -111.227135 5.522841 62.803177
v -111.227135 5.522841 61.584976
v -111.227135 5.522841 60.366776
v -111.227135 5.522841 59.148575
v -111.227135 5.522841 57.930374
v -111.227135 5.522841 56.712173
v -111.227135 5.522841 55.493973
v -111.227135 5.522841 54.275772
v -119.087135 6.991977 54.275772
v -119.087135 6.991977 55.493973
v -119.087135 6.991977 56.712173
v -119.087135 6.991977 57.930374
v -119.087135 6.991977 59.148575
v -119.087135 6.991977 60.366776
v -119.087135 6.991977 61.584976
v -119.087135 6.991977 62.803177
v -119.087135 6.991977 64.021378
v -111.227135 6.991977 64.021378
v -111.227135 6.991977 62.803177
v -111.227135 6.991977 61.584976
v -111.227135 6.991977 60.366776
v -111.227135 6.991977 59.148575
v -111.227135 6.991977 57.930374
v -111.227135 6.991977 56.712173
v -111.227135 6.991977 55.493973
v -111.227135 6.991977 54.275772
v -119.087135 7.275652 54.275772
v -119.087135 7.275652 55.493973
v -119.087135 7.275652 56.712173
v -119.087135 7.275652 57.930374
v -119.087135 7.275652 59.148575
v -119.087135 7.275652 60.366776
v -119.087135 7.275652 61.584976
v -119.087135 7.275652 62.803177
v -119.087135 7.275652 64.021378
v -111.227135 7.275652 64.021378
v -111.227135 7.275652 62.803177
v -111.227135 7.275652 61.584976
v -111.227135 7.275652 60.366776
v -111.227135 7.275652 59.148575
v -111.227135 7.275652 57.930374
v -111.227135 7.275652 56.712173
v -111.227135 7.275652 55.493973
v -111.227135 7.275652 54.275772
v -119.464592 6.991977 53.810165
v -119.464592 6.991977 55.144768
v -119.464592 6.991977 56.479370
v -119.464592 6.991977 57.813972
v -119.464592 6.991977 59.148575
v -119.464592 6.991977 60.483177
v -119.464592 6.991977 61.817780
v -119.464592 6.991977 63.152382
v -119.464592 6.991977 64.486984
v -110.849678 6.991977 64.486984
v -110.849678 6.991977 63.152382
v -110.849678 6.991977 61.817780
v -110.849678 6.991977 60.483177
v -110.849678 6.991977 59.148575
v -110.849678 6.991977 57.813972
v -110.849678 6.991977 56.479370
v -110.849678 6.991977 55.144768
v -110.849678 6.991977 53.810165
v -119.464592 7.275652 53.810165
v -119.464592 7.275652 55.144768
v -119.464592 7.275652 56.479370
v -119.464592 7.275652 57.813972
v -119.464592 7.275652 59.148575
v -119.464592 7.275652 60.483177
v -119.464592 7.275652 61.817780
v -119.464592 7.275652 63.152382
v -119.464592 7.275652 64.486984
v -110.849678 7.275652 64.486984
v -110.849678 7.275652 63.152382
v -110.849678 7.275652 61.817780
v -110.849678 7.275652 60.483177
v -110.849678 7.275652 59.148575
v -110.849678 7.275652 57.813972
v -110.849678 7.275652 56.479370
v -110.849678 7.275652 55.144768
v -110.849678 7.275652 53.810165
v -119.087135 5.694689 64.021378
v -119.087135 5.694689 62.803177
v -119.087135 5.694689 61.584976
v -119.087135 5.694689 60.366776
v -119.087135 5.694689 59.148575
v -119.087135 5.694689 57.930374
v -119.087135 5.694689 56.712173
v -119.087135 5.694689 55.493973
v -119.087135 5.694689 54.275772
v -111.227135 5.694689 54.275772
v -111.227135 5.694689 55.493973
v -111.227135 5.694689 56.712173
v -111.227135 5.694689 57.930374
v -111.227135 5.694689 59.148575
v -111.227135 5.694689 60.366776
v -111.227135 5.694689 61.584976
v -111.227135 5.694689 62.803177
v -111.227135 5.694689 64.021378
v -118.104637 7.275652 64.021378
v -118.104637 7.275652 62.803177
v -118.104637 7.275652 61.584976
v -118.104637 7.275652 60.366776
v -118.104637 7.275652 59.148575
v -118.104637 7.275652 57.930374
v -118.104637 7.275652 56.712173
v -118.104637 7.275652 55.493973
v -118.104637 7.275652 54.275772
v -117.122131 7.275652 64.021378
v -117.122131 7.275652 62.803177
v -117.122131 7.275652 61.584976
v -117.122131 7.275652 60.366776
v -117.122131 7.275652 59.148575
v -117.122131 7.275652 57.930374
v -117.122131 7.275652 56.712173
v -117.122131 7.275652 55.493973
v -117.122131 7.275652 54.275772
v -116.139633 7.275652 64.021378
v -116.139633 7.275652 62.803177
v -116.139633 7.275652 61.584976
v -116.139633 7.275652 60.366776
v -116.139633 7.275652 59.148575
v -116.139633 7.275652 57.930374
v -116.139633 7.275652 56.712173
v -116.139633 7.275652 55.493973
v -116.139633 7.275652 54.275772
v -115.157135 7.275652 64.021378
v -115.157135 7.275652 62.803177
v -115.157135 7.275652 61.584976
v -115.157135 7.275652 60.366776
v -115.157135 7.275652 59.148575
v -115.157135 7.275652 57.930374
v -115.157135 7.275652 56.712173
v -115.157135 7.275652 55.493973
v -115.157135 7.275652 54.275772
v -114.174637 7.275652 64.021378
v -114.174637 7.275652 62.803177
v -114.174637 7.275652 61.584976
v -114.174637 7.275652 60.366776
v -114.174637 7.275652 59.148575
v -114.174637 7.275652 57.930374
v -114.174637 7.275652 56.712173
v -114.174637 7.275652 55.493973
v -114.174637 7.275652 54.275772
v -113.192139 7.275652 64.021378
v -113.192139 7.275652 62.803177
v -113.192139 7.275652 61.584976
v -113.192139 7.275652 60.366776
v -113.192139 7.275652 59.148575
v -113.192139 7.275652 57.930374
v -113.192139 7.275652 56.712173
v -113.192139 7.275652 55.493973
v -113.192139 7.275652 54.275772
v -112.209633 7.275652 64.021378
v -112.209633 7.275652 62.803177
v -112.209633 7.275652 61.584976
v -112.209633 7.275652 60.366776
v -112.209633 7.275652 59.148575
v -112.209633 7.275652 57.930374
v -112.209633 7.275652 56.712173
v -112.209633 7.275652 55.493973
v -112.209633 7.275652 54.275772
v -118.104637 5.522841 54.275772
v -118.104637 5.522841 55.493973
v -118.104637 5.522841 56.712173
v -118.104637 5.522841 57.930374
v -118.104637 5.522841 59.148575
v -118.104637 5.522841 60.366776
v -118.104637 5.522841 61.584976
v -118.104637 5.522841 62.803177
v -118.104637 5.522841 64.021378
v -117.122131 5.522841 54.275772
v -117.122131 5.522841 55.493973
v -117.122131 5.522841 56.712173
v -117.122131 5.522841 57.930374
v -117.122131 5.522841 59.148575
v -117.122131 5.522841 60.366776
v -117.122131 5.522841 61.584976
v -117.122131 5.522841 62.803177
v -117.122131 5.522841 64.021378
v -116.139633 5.522841 54.275772
v -116.139633 5.522841 55.493973
v -116.139633 5.522841 56.712173
v -116.139633 5.522841 57.930374
v -116.139633 5.522841 59.148575
v -116.139633 5.522841 60.366776
v -116.139633 5.522841 61.584976
v -116.139633 5.522841 62.803177
v -116.139633 5.522841 64.021378
v -115.157135 5.522841 54.275772
v -115.157135 5.522841 55.493973
v -115.157135 5.522841 56.712173
v -115.157135 5.522841 57.930374
v -115.157135 5.522841 59.148575
v -115.157135 5.522841 60.366776
v -115.157135 5.522841 61.584976
v -115.157135 5.522841 62.803177
v -115.157135 5.522841 64.021378
v -114.174637 5.522841 54.275772
v -114.174637 5.522841 55.493973
v -114.174637 5.522841 56.712173
v -114.174637 5.522841 57.930374
v -114.174637 5.522841 59.148575
v -114.174637 5.522841 60.366776
v -114.174637 5.522841 61.584976
v -114.174637 5.522841 62.803177
v -114.174637 5.522841 64.021378
v -113.192139 5.522841 54.275772
v -113.192139 5.522841 55.493973
v -113.192139 5.522841 56.712173
v -113.192139 5.522841 57.930374
v -113.192139 5.522841 59.148575
v -113.192139 5.522841 60.366776
v -113.192139 5.522841 61.584976
v -113.192139 5.522841 62.803177
v -113.192139 5.522841 64.021378
v -112.209633 5.522841 54.275772
v -112.209633 5.522841 55.493973
v -112.209633 5.522841 56.712173
v -112.209633 5.522841 57.930374
v -112.209633 5.522841 59.148575
v -112.209633 5.522841 60.366776
v -112.209633 5.522841 61.584976
v -112.209633 5.522841 62.803177
v -112.209633 5.522841 64.021378
v -119.087135 5.742713 64.301361
v -119.087135 5.742713 64.959595
v -119.087135 6.943954 64.959595
v -119.087135 6.943954 64.301361
v -119.087135 5.742713 53.337559
v -119.087135 5.742713 53.995789
v -119.087135 6.943954 53.995789
v -119.087135 6.943954 53.337559
v -119.087135 5.742713 54.555759
v -119.087135 5.742713 55.213985
v -119.087135 6.943954 55.213985
v -119.087135 6.943954 54.555759
v -119.087135 5.742713 55.773960
v -119.087135 5.742713 56.432186
v -119.087135 6.943954 56.432186
v -119.087135 6.943954 55.773960
v -119.087135 5.742713 56.992161
v -119.087135 5.742713 57.650387
v -119.087135 6.943954 57.650387
v -119.087135 6.943954 56.992161
v -119.087135 5.742713 58.210361
v -119.087135 5.742713 58.868587
v -119.087135 6.943954 58.868587
v -119.087135 6.943954 58.210361
v -119.087135 5.742713 59.428562
v -119.087135 5.742713 60.086788
v -119.087135 6.943954 60.086788
v -119.087135 6.943954 59.428562
v -119.087135 5.742713 60.646763
v -119.087135 5.742713 61.304989
v -119.087135 6.943954 61.304989
v -119.087135 6.943954 60.646763
v -119.087135 5.742713 61.864964
v -119.087135 5.742713 62.523190
v -119.087135 6.943954 62.523190
v -119.087135 6.943954 61.864964
v -119.087135 5.742713 63.083164
v -119.087135 5.742713 63.741390
v -119.087135 6.943954 63.741390
v -119.087135 6.943954 63.083164
v -118.924377 5.742713 64.959595
v -118.924377 5.742713 64.301361
v -118.924377 6.943954 64.301361
v -118.924377 6.943954 64.959595
v -118.924377 5.742713 53.995789
v -118.924377 5.742713 53.337559
v -118.924377 6.943954 53.337559
v -118.924377 6.943954 53.995789
v -118.924377 5.742713 55.213985
v -118.924377 5.742713 54.555759
v -118.924377 6.943954 54.555759
v -118.924377 6.943954 55.213985
v -118.924377 5.742713 56.432186
v -118.924377 5.742713 55.773960
v -118.924377 6.943954 55.773960
v -118.924377 6.943954 56.432186
v -118.924377 5.742713 57.650387
v -118.924377 5.742713 56.992161
v -118.924377 6.943954 56.992161
v -118.924377 6.943954 57.650387
v -118.924377 5.742713 58.868587
v -118.924377 5.742713 58.210361
v -118.924377 6.943954 58.210361
v -118.924377 6.943954 58.868587
v -118.924377 5.742713 60.086788
v -118.924377 5.742713 59.428562
v -118.924377 6.943954 59.428562
v -118.924377 6.943954 60.086788
v -118.924377 5.742713 61.304989
v -118.924377 5.742713 60.646763
v -118.924377 6.943954 60.646763
v -118.924377 6.943954 61.304989
v -118.924377 5.742713 62.523190
v -118.924377 5.742713 61.864964
v -118.924377 6.943954 61.864964
v -118.924377 6.943954 62.523190
v -118.924377 5.742713 63.741390
v -118.924377 5.742713 63.083164
v -118.924377 6.943954 63.083164
v -118.924377 6.943954 63.741390
v -112.055176 5.735539 65.239578
v -111.381592 5.735539 65.239578
v -111.381592 6.951128 65.239578
v -112.055176 6.951128 65.239578
v -118.932678 5.735539 65.239578
v -118.259094 5.735539 65.239578
v -118.259094 6.951128 65.239578
v -118.932678 6.951128 65.239578
v -117.950180 5.735539 65.239578
v -117.276596 5.735539 65.239578
v -117.276588 6.951128 65.239578
v -117.950180 6.951128 65.239578
v -116.967674 5.735539 65.239578
v -116.294090 5.735539 65.239578
v -116.294090 6.951128 65.239578
v -116.967674 6.951128 65.239578
v -115.985176 5.735539 65.239578
v -115.311592 5.735539 65.239578
v -115.311592 6.951128 65.239578
v -115.985176 6.951128 65.239578
v -115.002678 5.735539 65.239578
v -114.329094 5.735539 65.239578
v -114.329094 6.951128 65.239578
v -115.002678 6.951128 65.239578
v -114.020180 5.735539 65.239578
v -113.346596 5.735539 65.239578
v -113.346596 6.951128 65.239578
v -114.020180 6.951128 65.239578
v -113.037682 5.735539 65.239578
v -112.364090 5.735539 65.239578
v -112.364090 6.951128 65.239578
v -113.037674 6.951128 65.239578
v -111.227135 5.738127 54.022522
v -111.227135 5.738127 53.310822
v -111.227135 6.948539 53.310822
v -111.227135 6.948539 54.022522
v -111.227135 5.738127 64.986328
v -111.227135 5.738127 64.274628
v -111.227135 6.948539 64.274628
v -111.227135 6.948539 64.986328
v -111.227135 5.738127 63.768127
v -111.227135 5.738127 63.056427
v -111.227135 6.948539 63.056427
v -111.227135 6.948539 63.768127
v -111.227135 5.738127 62.549927
v -111.227135 5.738127 61.838226
v -111.227135 6.948539 61.838226
v -111.227135 6.948539 62.549927
v -111.227135 5.738127 61.331726
v -111.227135 5.738127 60.620026
v -111.227135 6.948539 60.620026
v -111.227135 6.948539 61.331726
v -111.227135 5.738127 60.113525
v -111.227135 5.738127 59.401825
v -111.227135 6.948539 59.401825
v -111.227135 6.948539 60.113525
v -111.227135 5.738127 58.895325
v -111.227135 5.738127 58.183624
v -111.227135 6.948539 58.183624
v -111.227135 6.948539 58.895325
v -111.227135 5.738127 57.677124
v -111.227135 5.738127 56.965424
v -111.227135 6.948539 56.965424
v -111.227135 6.948539 57.677124
v -111.227135 5.738127 56.458923
v -111.227135 5.738127 55.747223
v -111.227135 6.948539 55.747223
v -111.227135 6.948539 56.458923
v -111.227135 5.738127 55.240723
v -111.227135 5.738127 54.529022
v -111.227135 6.948539 54.529022
v -111.227135 6.948539 55.240723
v -111.411263 5.738127 53.310822
v -111.411263 5.738127 54.022522
v -111.411263 6.948539 54.022522
v -111.411263 6.948539 53.310822
v -111.411263 5.738127 64.274628
v -111.411263 5.738127 64.986328
v -111.411263 6.948539 64.986328
v -111.411263 6.948539 64.274628
v -111.411263 5.738127 63.056427
v -111.411263 5.738127 63.768127
v -111.411263 6.948539 63.768127
v -111.411263 6.948539 63.056427
v -111.411263 5.738127 61.838226
v -111.411263 5.738127 62.549927
v -111.411263 6.948539 62.549927
v -111.411263 6.948539 61.838226
v -111.411263 5.738127 60.620026
v -111.411263 5.738127 61.331726
v -111.411263 6.948539 61.331726
v -111.411263 6.948539 60.620026
v -111.411263 5.738127 59.401825
v -111.411263 5.738127 60.113525
v -111.411263 6.948539 60.113525
v -111.411263 6.948539 59.401825
v -111.411263 5.738127 58.183624
v -111.411263 5.738127 58.895325
v -111.411263 6.948539 58.895325
v -111.411263 6.948539 58.183624
v -111.411263 5.738127 56.965424
v -111.411263 5.738127 57.677124
v -111.411263 6.948539 57.677124
v -111.411263 6.948539 56.965424
v -111.411263 5.738127 55.747223
v -111.411263 5.738127 56.458923
v -111.411263 6.948539 56.458923
v -111.411263 6.948539 55.747223
v -111.411263 5.738127 54.529022
v -111.411263 5.738127 55.240723
v -111.411263 6.948539 55.240723
v -111.411263 6.948539 54.529022
v -118.336571 5.756029 53.057571
v -118.855202 5.756029 53.057571
v -118.855202 6.930637 53.057571
v -118.336571 6.930637 53.057571
v -111.459068 5.756029 53.057571
v -111.977699 5.756029 53.057571
v -111.977699 6.930637 53.057571
v -111.459068 6.930637 53.057571
v -112.441566 5.756029 53.057571
v -112.960205 5.756029 53.057571
v -112.960205 6.930637 53.057571
v -112.441566 6.930637 53.057571
v -113.424072 5.756029 53.057571
v -113.942703 5.756029 53.057571
v -113.942703 6.930637 53.057571
v -113.424072 6.930637 53.057571
v -114.406570 5.756029 53.057571
v -114.925201 5.756029 53.057571
v -114.925201 6.930637 53.057571
v -114.406570 6.930637 53.057571
v -115.389069 5.756029 53.057571
v -115.907700 5.756029 53.057571
v -115.907700 6.930637 53.057571
v -115.389069 6.930637 53.057571
v -116.371567 5.756029 53.057571
v -116.890198 5.756029 53.057571
v -116.890198 6.930637 53.057571
v -116.371567 6.930637 53.057571
v -117.354065 5.756029 53.057571
v -117.872704 5.756029 53.057571
v -117.872704 6.930637 53.057571
v -117.354065 6.930637 53.057571
v -118.855202 5.756029 53.262691
v -118.336571 5.756029 53.262691
v -118.336571 6.930637 53.262691
v -118.855202 6.930637 53.262691
v -111.977699 5.756029 53.262691
v -111.459068 5.756029 53.262691
v -111.459068 6.930637 53.262691
v -111.977699 6.930637 53.262691
v -112.960205 5.756029 53.262691
v -112.441566 5.756029 53.262691
v -112.441566 6.930637 53.262691
v -112.960205 6.930637 53.262691
v -113.942703 5.756029 53.262691
v -113.424072 5.756029 53.262691
v -113.424072 6.930637 53.262691
v -113.942703 6.930637 53.262691
v -114.925201 5.756029 53.262691
v -114.406570 5.756029 53.262691
v -114.406570 6.930637 53.262691
v -114.925201 6.930637 53.262691
v -115.907700 5.756029 53.262691
v -115.389069 5.756029 53.262691
v -115.389069 6.930637 53.262691
v -115.907700 6.930637 53.262691
v -116.890198 5.756029 53.262691
v -116.371567 5.756029 53.262691
v -116.371567 6.930637 53.262691
v -116.890198 6.930637 53.262691
v -117.872704 5.756029 53.262691
v -117.354065 5.756029 53.262691
v -117.354065 6.930637 53.262691
v -117.872704 6.930637 53.262691
v -119.087135 7.275652 65.239578
v -111.227135 7.275652 65.239578
v -119.087135 7.275652 53.057571
v -111.227135 7.275652 53.057571
v -119.087135 8.744788 53.057571
v -119.087135 8.744788 65.239578
v -111.227135 8.744788 65.239578
v -111.227135 8.744788 53.057571
v -119.087135 9.028463 53.057571
v -119.087135 9.028463 65.239578
v -111.227135 9.028463 65.239578
v -111.227135 9.028463 53.057571
v -119.464592 8.744788 52.475563
v -119.464592 8.744788 65.821587
v -110.849678 8.744788 65.821587
v -110.849678 8.744788 52.475563
v -119.464592 9.028463 52.475563
v -119.464592 9.028463 65.821587
v -110.849678 9.028463 65.821587
v -110.849678 9.028463 52.475563
v -119.087135 7.447501 53.057571
v -111.227135 7.447501 53.057571
v -111.227135 7.447501 65.239578
v -119.087135 7.447501 65.239578
v -118.104637 7.275652 65.239578
v -117.122131 7.275652 65.239578
v -116.139633 7.275652 65.239578
v -115.157135 7.275652 65.239578
v -114.174637 7.275652 65.239578
v -113.192139 7.275652 65.239578
v -112.209633 7.275652 65.239578
v -112.209633 7.275652 53.057571
v -113.192139 7.275652 53.057571
v -114.174637 7.275652 53.057571
v -115.157135 7.275652 53.057571
v -116.139633 7.275652 53.057571
v -117.122131 7.275652 53.057571
v -118.104637 7.275652 53.057571
v -118.104637 8.744788 65.239578
v -117.122131 8.744788 65.239578
v -116.139633 8.744788 65.239578
v -115.157135 8.744788 65.239578
v -114.174637 8.744788 65.239578
v -113.192139 8.744788 65.239578
v -112.209633 8.744788 65.239578
v -112.209633 8.744788 53.057571
v -113.192139 8.744788 53.057571
v -114.174637 8.744788 53.057571
v -115.157135 8.744788 53.057571
v -116.139633 8.744788 53.057571
v -117.122131 8.744788 53.057571
v -118.104637 8.744788 53.057571
v -118.104637 9.028463 65.239578
v -117.122131 9.028463 65.239578
v -116.139633 9.028463 65.239578
v -115.157135 9.028463 65.239578
v -114.174637 9.028463 65.239578
v -113.192139 9.028463 65.239578
v -112.209633 9.028463 65.239578
v -112.209633 9.028463 53.057571
v -113.192139 9.028463 53.057571
v -114.174637 9.028463 53.057571
v -115.157135 9.028463 53.057571
v -116.139633 9.028463 53.057571
v -117.122131 9.028463 53.057571
v -118.104637 9.028463 53.057571
v -118.387726 8.744788 65.821587
v -117.310860 8.744788 65.821587
v -116.234001 8.744788 65.821587
v -115.157135 8.744788 65.821587
v -114.080269 8.744788 65.821587
v -113.003410 8.744788 65.821587
v -111.926544 8.744788 65.821587
v -111.926544 8.744788 52.475563
v -113.003410 8.744788 52.475563
v -114.080269 8.744788 52.475563
v -115.157135 8.744788 52.475563
v -116.234001 8.744788 52.475563
v -117.310860 8.744788 52.475563
v -118.387726 8.744788 52.475563
v -118.387726 9.028463 65.821587
v -117.310860 9.028463 65.821587
v -116.234001 9.028463 65.821587
v -115.157135 9.028463 65.821587
v -114.080269 9.028463 65.821587
v -113.003410 9.028463 65.821587
v -111.926544 9.028463 65.821587
v -111.926544 9.028463 52.475563
v -113.003410 9.028463 52.475563
v -114.080269 9.028463 52.475563
v -115.157135 9.028463 52.475563
v -116.234001 9.028463 52.475563
v -117.310860 9.028463 52.475563
v -118.387726 9.028463 52.475563
v -112.209633 7.447501 65.239578
v -113.192139 7.447501 65.239578
v -114.174637 7.447501 65.239578
v -115.157135 7.447501 65.239578
v -116.139633 7.447501 65.239578
v -117.122131 7.447501 65.239578
v -118.104637 7.447501 65.239578
v -118.104637 7.447501 53.057571
v -117.122131 7.447501 53.057571
v -116.139633 7.447501 53.057571
v -115.157135 7.447501 53.057571
v -114.174637 7.447501 53.057571
v -113.192139 7.447501 53.057571
v -112.209633 7.447501 53.057571
v -119.087135 7.275652 54.275772
v -119.087135 7.275652 55.493973
v -119.087135 7.275652 56.712173
v -119.087135 7.275652 57.930374
v -119.087135 7.275652 59.148575
v -119.087135 7.275652 60.366776
v -119.087135 7.275652 61.584976
v -119.087135 7.275652 62.803177
v -119.087135 7.275652 64.021378
v -111.227135 7.275652 64.021378
v -111.227135 7.275652 62.803177
v -111.227135 7.275652 61.584976
v -111.227135 7.275652 60.366776
v -111.227135 7.275652 59.148575
v -111.227135 7.275652 57.930374
v -111.227135 7.275652 56.712173
v -111.227135 7.275652 55.493973
v -111.227135 7.275652 54.275772
v -119.087135 8.744788 54.275772
v -119.087135 8.744788 55.493973
v -119.087135 8.744788 56.712173
v -119.087135 8.744788 57.930374
v -119.087135 8.744788 59.148575
v -119.087135 8.744788 60.366776
v -119.087135 8.744788 61.584976
v -119.087135 8.744788 62.803177
v -119.087135 8.744788 64.021378
v -111.227135 8.744788 64.021378
v -111.227135 8.744788 62.803177
v -111.227135 8.744788 61.584976
v -111.227135 8.744788 60.366776
v -111.227135 8.744788 59.148575
v -111.227135 8.744788 57.930374
v -111.227135 8.744788 56.712173
v -111.227135 8.744788 55.493973
v -111.227135 8.744788 54.275772
v -119.087135 9.028463 54.275772
v -119.087135 9.028463 55.493973
v -119.087135 9.028463 56.712173
v -119.087135 9.028463 57.930374
v -119.087135 9.028463 59.148575
v -119.087135 9.028463 60.366776
v -119.087135 9.028463 61.584976
v -119.087135 9.028463 62.803177
v -119.087135 9.028463 64.021378
v -111.227135 9.028463 64.021378
v -111.227135 9.028463 62.803177
v -111.227135 9.028463 61.584976
v -111.227135 9.028463 60.366776
v -111.227135 9.028463 59.148575
v -111.227135 9.028463 57.930374
v -111.227135 9.028463 56.712173
v -111.227135 9.028463 55.493973
v -111.227135 9.028463 54.275772
v -119.464592 8.744788 53.810165
v -119.464592 8.744788 55.144768
v -119.464592 8.744788 56.479370
v -119.464592 8.744788 57.813972
v -119.464592 8.744788 59.148575
v -119.464592 8.744788 60.483177
v -119.464592 8.744788 61.817780
v -119.464592 8.744788 63.152382
v -119.464592 8.744788 64.486984
v -110.849678 8.744788 64.486984
v -110.849678 8.744788 63.152382
v -110.849678 8.744788 61.817780
v -110.849678 8.744788 60.483177
v -110.849678 8.744788 59.148575
v -110.849678 8.744788 57.813972
v -110.849678 8.744788 56.479370
v -110.849678 8.744788 55.144768
v -110.849678 8.744788 53.810165
v -119.464592 9.028463 53.810165
v -119.464592 9.028463 55.144768
v -119.464592 9.028463 56.479370
v -119.464592 9.028463 57.813972
v -119.464592 9.028463 59.148575
v -119.464592 9.028463 60.483177
v -119.464592 9.028463 61.817780
v -119.464592 9.028463 63.152382
v -119.464592 9.028463 64.486984
v -110.849678 9.028463 64.486984
v -110.849678 9.028463 63.152382
v -110.849678 9.028463 61.817780
v -110.849678 9.028463 60.483177
v -110.849678 9.028463 59.148575
v -110.849678 9.028463 57.813972
v -110.849678 9.028463 56.479370
v -110.849678 9.028463 55.144768
v -110.849678 9.028463 53.810165
v -119.087135 7.447501 64.021378
v -119.087135 7.447501 62.803177
v -119.087135 7.447501 61.584976
v -119.087135 7.447501 60.366776
v -119.087135 7.447501 59.148575
v -119.087135 7.447501 57.930374
v -119.087135 7.447501 56.712173
v -119.087135 7.447501 55.493973
v -119.087135 7.447501 54.275772
v -111.227135 7.447501 54.275772
v -111.227135 7.447501 55.493973
v -111.227135 7.447501 56.712173
v -111.227135 7.447501 57.930374
v -111.227135 7.447501 59.148575
v -111.227135 7.447501 60.366776
v -111.227135 7.447501 61.584976
v -111.227135 7.447501 62.803177
v -111.227135 7.447501 64.021378
v -118.104637 9.028463 64.021378
v -118.104637 9.028463 62.803177
v -118.104637 9.028463 61.584976
v -118.104637 9.028463 60.366776
v -118.104637 9.028463 59.148575
v -118.104637 9.028463 57.930374
v -118.104637 9.028463 56.712173
v -118.104637 9.028463 55.493973
v -118.104637 9.028463 54.275772
v -117.122131 9.028463 64.021378
v -117.122131 9.028463 62.803177
v -117.122131 9.028463 61.584976
v -117.122131 9.028463 60.366776
v -117.122131 9.028463 59.148575
v -117.122131 9.028463 57.930374
v -117.122131 9.028463 56.712173
v -117.122131 9.028463 55.493973
v -117.122131 9.028463 54.275772
v -116.139633 9.028463 64.021378
v -116.139633 9.028463 62.803177
v -116.139633 9.028463 61.584976
v -116.139633 9.028463 60.366776
v -116.139633 9.028463 59.148575
v -116.139633 9.028463 57.930374
v -116.139633 9.028463 56.712173
v -116.139633 9.028463 55.493973
v -116.139633 9.028463 54.275772
v -115.157135 9.028463 64.021378
v -115.157135 9.028463 62.803177
v -115.157135 9.028463 61.584976
v -115.157135 9.028463 60.366776
v -115.157135 9.028463 59.148575
v -115.157135 9.028463 57.930374
v -115.157135 9.028463 56.712173
v -115.157135 9.028463 55.493973
v -115.157135 9.028463 54.275772
v -114.174637 9.028463 64.021378
v -114.174637 9.028463 62.803177
v -114.174637 9.028463 61.584976
v -114.174637 9.028463 60.366776
v -114.174637 9.028463 59.148575
v -114.174637 9.028463 57.930374
v -114.174637 9.028463 56.712173
v -114.174637 9.028463 55.493973
v -114.174637 9.028463 54.275772
v -113.192139 9.028463 64.021378
v -113.192139 9.028463 62.803177
v -113.192139 9.028463 61.584976
v -113.192139 9.028463 60.366776
v -113.192139 9.028463 59.148575
v -113.192139 9.028463 57.930374
v -113.192139 9.028463 56.712173
v -113.192139 9.028463 55.493973
v -113.192139 9.028463 54.275772
v -112.209633 9.028463 64.021378
v -112.209633 9.028463 62.803177
v -112.209633 9.028463 61.584976
v -112.209633 9.028463 60.366776
v -112.209633 9.028463 59.148575
v -112.209633 9.028463 57.930374
v -112.209633 9.028463 56.712173
v -112.209633 9.028463 55.493973
v -112.209633 9.028463 54.275772
v -118.104637 7.275652 54.275772
v -118.104637 7.275652 55.493973
v -118.104637 7.275652 56.712173
v -118.104637 7.275652 57.930374
v -118.104637 7.275652 59.148575
v -118.104637 7.275652 60.366776
v -118.104637 7.275652 61.584976
v -118.104637 7.275652 62.803177
v -118.104637 7.275652 64.021378
v -117.122131 7.275652 54.275772
v -117.122131 7.275652 55.493973
v -117.122131 7.275652 56.712173
v -117.122131 7.275652 57.930374
v -117.122131 7.275652 59.148575
v -117.122131 7.275652 60.366776
v -117.122131 7.275652 61.584976
v -117.122131 7.275652 62.803177
v -117.122131 7.275652 64.021378
v -116.139633 7.275652 54.275772
v -116.139633 7.275652 55.493973
v -116.139633 7.275652 56.712173
v -116.139633 7.275652 57.930374
v -116.139633 7.275652 59.148575
v -116.139633 7.275652 60.366776
v -116.139633 7.275652 61.584976
v -116.139633 7.275652 62.803177
v -116.139633 7.275652 64.021378
v -115.157135 7.275652 54.275772
v -115.157135 7.275652 55.493973
v -115.157135 7.275652 56.712173
v -115.157135 7.275652 57.930374
v -115.157135 7.275652 59.148575
v -115.157135 7.275652 60.366776
v -115.157135 7.275652 61.584976
v -115.157135 7.275652 62.803177
v -115.157135 7.275652 64.021378
v -114.174637 7.275652 54.275772
v -114.174637 7.275652 55.493973
v -114.174637 7.275652 56.712173
v -114.174637 7.275652 57.930374
v -114.174637 7.275652 59.148575
v -114.174637 7.275652 60.366776
v -114.174637 7.275652 61.584976
v -114.174637 7.275652 62.803177
v -114.174637 7.275652 64.021378
v -113.192139 7.275652 54.275772
v -113.192139 7.275652 55.493973
v -113.192139 7.275652 56.712173
v -113.192139 7.275652 57.930374
v -113.192139 7.275652 59.148575
v -113.192139 7.275652 60.366776
v -113.192139 7.275652 61.584976
v -113.192139 7.275652 62.803177
v -113.192139 7.275652 64.021378
v -112.209633 7.275652 54.275772
v -112.209633 7.275652 55.493973
v -112.209633 7.275652 56.712173
v -112.209633 7.275652 57.930374
v -112.209633 7.275652 59.148575
v -112.209633 7.275652 60.366776
v -112.209633 7.275652 61.584976
v -112.209633 7.275652 62.803177
v -112.209633 7.275652 64.021378
v -119.087135 7.495524 64.301361
v -119.087135 7.495524 64.959595
v -119.087135 8.696765 64.959595
v -119.087135 8.696765 64.301361
v -119.087135 7.495524 53.337559
v -119.087135 7.495524 53.995789
v -119.087135 8.696765 53.995789
v -119.087135 8.696765 53.337559
v -119.087135 7.495524 54.555759
v -119.087135 7.495524 55.213985
v -119.087135 8.696765 55.213985
v -119.087135 8.696765 54.555759
v -119.087135 7.495524 55.773960
v -119.087135 7.495524 56.432186
v -119.087135 8.696765 56.432186
v -119.087135 8.696765 55.773960
v -119.087135 7.495524 56.992161
v -119.087135 7.495524 57.650387
v -119.087135 8.696765 57.650387
v -119.087135 8.696765 56.992161
v -119.087135 7.495524 58.210361
v -119.087135 7.495524 58.868587
v -119.087135 8.696765 58.868587
v -119.087135 8.696765 58.210361
v -119.087135 7.495524 59.428562
v -119.087135 7.495524 60.086788
v -119.087135 8.696765 60.086788
v -119.087135 8.696765 59.428562
v -119.087135 7.495524 60.646763
v -119.087135 7.495524 61.304989
v -119.087135 8.696765 61.304989
v -119.087135 8.696765 60.646763
v -119.087135 7.495524 61.864964
v -119.087135 7.495524 62.523190
v -119.087135 8.696765 62.523190
v -119.087135 8.696765 61.864964
v -119.087135 7.495524 63.083164
v -119.087135 7.495524 63.741390
v -119.087135 8.696765 63.741390
v -119.087135 8.696765 63.083164
v -118.924377 7.495524 64.959595
v -118.924377 7.495524 64.301361
v -118.924377 8.696765 64.301361
v -118.924377 8.696765 64.959595
v -118.924377 7.495524 53.995789
v -118.924377 7.495524 53.337559
v -118.924377 8.696765 53.337559
v -118.924377 8.696765 53.995789
v -118.924377 7.495524 55.213985
v -118.924377 7.495524 54.555759
v -118.924377 8.696765 54.555759
v -118.924377 8.696765 55.213985
v -118.924377 7.495524 56.432186
v -118.924377 7.495524 55.773960
v -118.924377 8.696765 55.773960
v -118.924377 8.696765 56.432186
v -118.924377 7.495524 57.650387
v -118.924377 7.495524 56.992161
v -118.924377 8.696765 56.992161
v -118.924377 8.696765 57.650387
v -118.924377 7.495524 58.868587
v -118.924377 7.495524 58.210361
v -118.924377 8.696765 58.210361
v -118.924377 8.696765 58.868587
v -118.924377 7.495524 60.086788
v -118.924377 7.495524 59.428562
v -118.924377 8.696765 59.428562
v -118.924377 8.696765 60.086788
v -118.924377 7.495524 61.304989
v -118.924377 7.495524 60.646763
v -118.924377 8.696765 60.646763
v -118.924377 8.696765 61.304989
v -118.924377 7.495524 62.523190
v -118.924377 7.495524 61.864964
v -118.924377 8.696765 61.864964
v -118.924377 8.696765 62.523190
v -118.924377 7.495524 63.741390
v -118.924377 7.495524 63.083164
v -118.924377 8.696765 63.083164
v -118.924377 8.696765 63.741390
v -112.055176 7.488350 65.239578
v -111.381592 7.488350 65.239578
v -111.381592 8.703938 65.239578
v -112.055176 8.703938 65.239578
v -118.932678 7.488350 65.239578
v -118.259094 7.488350 65.239578
v -118.259094 8.703938 65.239578
v -118.932678 8.703938 65.239578
v -117.950180 7.488350 65.239578
v -117.276596 7.488350 65.239578
v -117.276588 8.703938 65.239578
v -117.950180 8.703938 65.239578
v -116.967674 7.488350 65.239578
v -116.294090 7.488350 65.239578
v -116.294090 8.703938 65.239578
v -116.967674 8.703938 65.239578
v -115.985176 7.488350 65.239578
v -115.311592 7.488350 65.239578
v -115.311592 8.703938 65.239578
v -115.985176 8.703938 65.239578
v -115.002678 7.488350 65.239578
v -114.329094 7.488350 65.239578
v -114.329094 8.703938 65.239578
v -115.002678 8.703938 65.239578
v -114.020180 7.488350 65.239578
v -113.346596 7.488350 65.239578
v -113.346596 8.703938 65.239578
v -114.020180 8.703938 65.239578
v -113.037682 7.488350 65.239578
v -112.364090 7.488350 65.239578
v -112.364090 8.703938 65.239578
v -113.037674 8.703938 65.239578
v -111.227135 7.490938 54.022522
v -111.227135 7.490938 53.310822
v -111.227135 8.701351 53.310822
v -111.227135 8.701351 54.022522
v -111.227135 7.490938 64.986328
v -111.227135 7.490938 64.274628
v -111.227135 8.701351 64.274628
v -111.227135 8.701351 64.986328
v -111.227135 7.490938 63.768127
v -111.227135 7.490938 63.056427
v -111.227135 8.701351 63.056427
v -111.227135 8.701351 63.768127
v -111.227135 7.490938 62.549927
v -111.227135 7.490938 61.838226
v -111.227135 8.701351 61.838226
v -111.227135 8.701351 62.549927
v -111.227135 7.490938 61.331726
v -111.227135 7.490938 60.620026
v -111.227135 8.701351 60.620026
v -111.227135 8.701351 61.331726
v -111.227135 7.490938 60.113525
v -111.227135 7.490938 59.401825
v -111.227135 8.701351 59.401825
v -111.227135 8.701351 60.113525
v -111.227135 7.490938 58.895325
v -111.227135 7.490938 58.183624
v -111.227135 8.701351 58.183624
v -111.227135 8.701351 58.895325
v -111.227135 7.490938 57.677124
v -111.227135 7.490938 56.965424
v -111.227135 8.701351 56.965424
v -111.227135 8.701351 57.677124
v -111.227135 7.490938 56.458923
v -111.227135 7.490938 55.747223
v -111.227135 8.701351 55.747223
v -111.227135 8.701351 56.458923
v -111.227135 7.490938 55.240723
v -111.227135 7.490938 54.529022
v -111.227135 8.701351 54.529022
v -111.227135 8.701351 55.240723
v -111.411263 7.490938 53.310822
v -111.411263 7.490938 54.022522
v -111.411263 8.701351 54.022522
v -111.411263 8.701351 53.310822
v -111.411263 7.490938 64.274628
v -111.411263 7.490938 64.986328
v -111.411263 8.701351 64.986328
v -111.411263 8.701351 64.274628
v -111.411263 7.490938 63.056427
v -111.411263 7.490938 63.768127
v -111.411263 8.701351 63.768127
v -111.411263 8.701351 63.056427
v -111.411263 7.490938 61.838226
v -111.411263 7.490938 62.549927
v -111.411263 8.701351 62.549927
v -111.411263 8.701351 61.838226
v -111.411263 7.490938 60.620026
v -111.411263 7.490938 61.331726
v -111.411263 8.701351 61.331726
v -111.411263 8.701351 60.620026
v -111.411263 7.490938 59.401825
v -111.411263 7.490938 60.113525
v -111.411263 8.701351 60.113525
v -111.411263 8.701351 59.401825
v -111.411263 7.490938 58.183624
v -111.411263 7.490938 58.895325
v -111.411263 8.701351 58.895325
v -111.411263 8.701351 58.183624
v -111.411263 7.490938 56.965424
v -111.411263 7.490938 57.677124
v -111.411263 8.701351 57.677124
v -111.411263 8.701351 56.965424
v -111.411263 7.490938 55.747223
v -111.411263 7.490938 56.458923
v -111.411263 8.701351 56.458923
v -111.411263 8.701351 55.747223
v -111.411263 7.490938 54.529022
v -111.411263 7.490938 55.240723
v -111.411263 8.701351 55.240723
v -111.411263 8.701351 54.529022
v -118.336571 7.508841 53.057571
v -118.855202 7.508841 53.057571
v -118.855202 8.683449 53.057571
v -118.336571 8.683449 53.057571
v -111.459068 7.508841 53.057571
v -111.977699 7.508841 53.057571
v -111.977699 8.683449 53.057571
v -111.459068 8.683449 53.057571
v -112.441566 7.508841 53.057571
v -112.960205 7.508841 53.057571
v -112.960205 8.683449 53.057571
v -112.441566 8.683449 53.057571
v -113.424072 7.508841 53.057571
v -113.942703 7.508841 53.057571
v -113.942703 8.683449 53.057571
v -113.424072 8.683449 53.057571
v -114.406570 7.508841 53.057571
v -114.925201 7.508841 53.057571
v -114.925201 8.683449 53.057571
v -114.406570 8.683449 53.057571
v -115.389069 7.508841 53.057571
v -115.907700 7.508841 53.057571
v -115.907700 8.683449 53.057571
v -115.389069 8.683449 53.057571
v -116.371567 7.508841 53.057571
v -116.890198 7.508841 53.057571
v -116.890198 8.683449 53.057571
v -116.371567 8.683449 53.057571
v -117.354065 7.508841 53.057571
v -117.872704 7.508841 53.057571
v -117.872704 8.683449 53.057571
v -117.354065 8.683449 53.057571
v -118.855202 7.508841 53.262691
v -118.336571 7.508841 53.262691
v -118.336571 8.683449 53.262691
v -118.855202 8.683449 53.262691
v -111.977699 7.508841 53.262691
v -111.459068 7.508841 53.262691
v -111.459068 8.683449 53.262691
v -111.977699 8.683449 53.262691
v -112.960205 7.508841 53.262691
v -112.441566 7.508841 53.262691
v -112.441566 8.683449 53.262691
v -112.960205 8.683449 53.262691
v -113.942703 7.508841 53.262691
v -113.424072 7.508841 53.262691
v -113.424072 8.683449 53.262691
v -113.942703 8.683449 53.262691
v -114.925201 7.508841 53.262691
v -114.406570 7.508841 53.262691
v -114.406570 8.683449 53.262691
v -114.925201 8.683449 53.262691
v -115.907700 7.508841 53.262691
v -115.389069 7.508841 53.262691
v -115.389069 8.683449 53.262691
v -115.907700 8.683449 53.262691
v -116.890198 7.508841 53.262691
v -116.371567 7.508841 53.262691
v -116.371567 8.683449 53.262691
v -116.890198 8.683449 53.262691
v -117.872704 7.508841 53.262691
v -117.354065 7.508841 53.262691
v -117.354065 8.683449 53.262691
v -117.872704 8.683449 53.262691
v -119.087135 9.028463 65.239578
v -111.227135 9.028463 65.239578
v -119.087135 9.028463 53.057571
v -111.227135 9.028463 53.057571
v -119.087135 10.497601 53.057571
v -119.087135 10.497601 65.239578
v -111.227135 10.497601 65.239578
v -111.227135 10.497601 53.057571
v -119.087135 10.781275 53.057571
v -119.087135 10.781275 65.239578
v -111.227135 10.781275 65.239578
v -111.227135 10.781275 53.057571
v -119.464592 10.497601 52.475563
v -119.464592 10.497601 65.821587
v -110.849678 10.497601 65.821587
v -110.849678 10.497601 52.475563
v -119.464592 10.781275 52.475563
v -119.464592 10.781275 65.821587
v -110.849678 10.781275 65.821587
v -110.849678 10.781275 52.475563
v -119.087135 9.200313 53.057571
v -111.227135 9.200313 53.057571
v -111.227135 9.200313 65.239578
v -119.087135 9.200313 65.239578
v -118.104637 9.028463 65.239578
v -117.122131 9.028463 65.239578
v -116.139633 9.028463 65.239578
v -115.157135 9.028463 65.239578
v -114.174637 9.028463 65.239578
v -113.192139 9.028463 65.239578
v -112.209633 9.028463 65.239578
v -112.209633 9.028463 53.057571
v -113.192139 9.028463 53.057571
v -114.174637 9.028463 53.057571
v -115.157135 9.028463 53.057571
v -116.139633 9.028463 53.057571
v -117.122131 9.028463 53.057571
v -118.104637 9.028463 53.057571
v -118.104637 10.497601 65.239578
v -117.122131 10.497601 65.239578
v -116.139633 10.497601 65.239578
v -115.157135 10.497601 65.239578
v -114.174637 10.497601 65.239578
v -113.192139 10.497601 65.239578
v -112.209633 10.497601 65.239578
v -112.209633 10.497601 53.057571
v -113.192139 10.497601 53.057571
v -114.174637 10.497601 53.057571
v -115.157135 10.497601 53.057571
v -116.139633 10.497601 53.057571
v -117.122131 10.497601 53.057571
v -118.104637 10.497601 53.057571
v -118.104637 10.781275 65.239578
v -117.122131 10.781275 65.239578
v -116.139633 10.781275 65.239578
v -115.157135 10.781275 65.239578
v -114.174637 10.781275 65.239578
v -113.192139 10.781275 65.239578
v -112.209633 10.781275 65.239578
v -112.209633 10.781275 53.057571
v -113.192139 10.781275 53.057571
v -114.174637 10.781275 53.057571
v -115.157135 10.781275 53.057571
v -116.139633 10.781275 53.057571
v -117.122131 10.781275 53.057571
v -118.104637 10.781275 53.057571
v -118.387726 10.497601 65.821587
v -117.310860 10.497601 65.821587
v -116.234001 10.497601 65.821587
v -115.157135 10.497601 65.821587
v -114.080269 10.497601 65.821587
v -113.003410 10.497601 65.821587
v -111.926544 10.497601 65.821587
v -111.926544 10.497601 52.475563
v -113.003410 10.497601 52.475563
v -114.080269 10.497601 52.475563
v -115.157135 10.497601 52.475563
v -116.234001 10.497601 52.475563
v -117.310860 10.497601 52.475563
v -118.387726 10.497601 52.475563
v -118.387726 10.781275 65.821587
v -117.310860 10.781275 65.821587
v -116.234001 10.781275 65.821587
v -115.157135 10.781275 65.821587
v -114.080269 10.781275 65.821587
v -113.003410 10.781275 65.821587
v -111.926544 10.781275 65.821587
v -111.926544 10.781275 52.475563
v -113.003410 10.781275 52.475563
v -114.080269 10.781275 52.475563
v -115.157135 10.781275 52.475563
v -116.234001 10.781275 52.475563
v -117.310860 10.781275 52.475563
v -118.387726 10.781275 52.475563
v -112.209633 9.200313 65.239578
v -113.192139 9.200313 65.239578
v -114.174637 9.200313 65.239578
v -115.157135 9.200313 65.239578
v -116.139633 9.200313 65.239578
v -117.122131 9.200313 65.239578
v -118.104637 9.200313 65.239578
v -118.104637 9.200313 53.057571
v -117.122131 9.200313 53.057571
v -116.139633 9.200313 53.057571
v -115.157135 9.200313 53.057571
v -114.174637 9.200313 53.057571
v -113.192139 9.200313 53.057571
v -112.209633 9.200313 53.057571
v -119.087135 9.028463 54.275772
v -119.087135 9.028463 55.493973
v -119.087135 9.028463 56.712173
v -119.087135 9.028463 57.930374
v -119.087135 9.028463 59.148575
v -119.087135 9.028463 60.366776
v -119.087135 9.028463 61.584976
v -119.087135 9.028463 62.803177
v -119.087135 9.028463 64.021378
v -111.227135 9.028463 64.021378
v -111.227135 9.028463 62.803177
v -111.227135 9.028463 61.584976
v -111.227135 9.028463 60.366776
v -111.227135 9.028463 59.148575
v -111.227135 9.028463 57.930374
v -111.227135 9.028463 56.712173
v -111.227135 9.028463 55.493973
v -111.227135 9.028463 54.275772
v -119.087135 10.497601 54.275772
v -119.087135 10.497601 55.493973
v -119.087135 10.497601 56.712173
v -119.087135 10.497601 57.930374
v -119.087135 10.497601 59.148575
v -119.087135 10.497601 60.366776
v -119.087135 10.497601 61.584976
v -119.087135 10.497601 62.803177
v -119.087135 10.497601 64.021378
v -111.227135 10.497601 64.021378
v -111.227135 10.497601 62.803177
v -111.227135 10.497601 61.584976
v -111.227135 10.497601 60.366776
v -111.227135 10.497601 59.148575
v -111.227135 10.497601 57.930374
v -111.227135 10.497601 56.712173
v -111.227135 10.497601 55.493973
v -111.227135 10.497601 54.275772
v -119.087135 10.781275 54.275772
v -119.087135 10.781275 55.493973
v -119.087135 10.781275 56.712173
v -119.087135 10.781275 57.930374
v -119.087135 10.781275 59.148575
v -119.087135 10.781275 60.366776
v -119.087135 10.781275 61.584976
v -119.087135 10.781275 62.803177
v -119.087135 10.781275 64.021378
v -111.227135 10.781275 64.021378
v -111.227135 10.781275 62.803177
v -111.227135 10.781275 61.584976
v -111.227135 10.781275 60.366776
v -111.227135 10.781275 59.148575
v -111.227135 10.781275 57.930374
v -111.227135 10.781275 56.712173
v -111.227135 10.781275 55.493973
v -111.227135 10.781275 54.275772
v -119.464592 10.497601 53.810165
v -119.464592 10.497601 55.144768
v -119.464592 10.497601 56.479370
v -119.464592 10.497601 57.813972
v -119.464592 10.497601 59.148575
v -119.464592 10.497601 60.483177
v -119.464592 10.497601 61.817780
v -119.464592 10.497601 63.152382
v -119.464592 10.497601 64.486984
v -110.849678 10.497601 64.486984
v -110.849678 10.497601 63.152382
v -110.849678 10.497601 61.817780
v -110.849678 10.497601 60.483177
v -110.849678 10.497601 59.148575
v -110.849678 10.497601 57.813972
v -110.849678 10.497601 56.479370
v -110.849678 10.497601 55.144768
v -110.849678 10.497601 53.810165
v -119.464592 10.781275 53.810165
v -119.464592 10.781275 55.144768
v -119.464592 10.781275 56.479370
v -119.464592 10.781275 57.813972
v -119.464592 10.781275 59.148575
v -119.464592 10.781275 60.483177
v -119.464592 10.781275 61.817780
v -119.464592 10.781275 63.152382
v -119.464592 10.781275 64.486984
v -110.849678 10.781275 64.486984
v -110.849678 10.781275 63.152382
v -110.849678 10.781275 61.817780
v -110.849678 10.781275 60.483177
v -110.849678 10.781275 59.148575
v -110.849678 10.781275 57.813972
v -110.849678 10.781275 56.479370
v -110.849678 10.781275 55.144768
v -110.849678 10.781275 53.810165
v -119.087135 9.200313 64.021378
v -119.087135 9.200313 62.803177
v -119.087135 9.200313 61.584976
v -119.087135 9.200313 60.366776
v -119.087135 9.200313 59.148575
v -119.087135 9.200313 57.930374
v -119.087135 9.200313 56.712173
v -119.087135 9.200313 55.493973
v -119.087135 9.200313 54.275772
v -111.227135 9.200313 54.275772
v -111.227135 9.200313 55.493973
v -111.227135 9.200313 56.712173
v -111.227135 9.200313 57.930374
v -111.227135 9.200313 59.148575
v -111.227135 9.200313 60.366776
v -111.227135 9.200313 61.584976
v -111.227135 9.200313 62.803177
v -111.227135 9.200313 64.021378
v -118.104637 10.781275 64.021378
v -118.104637 10.781275 62.803177
v -118.104637 10.781275 61.584976
v -118.104637 10.781275 60.366776
v -118.104637 10.781275 59.148575
v -118.104637 10.781275 57.930374
v -118.104637 10.781275 56.712173
v -118.104637 10.781275 55.493973
v -118.104637 10.781275 54.275772
v -117.122131 10.781275 64.021378
v -117.122131 10.781275 62.803177
v -117.122131 10.781275 61.584976
v -117.122131 10.781275 60.366776
v -117.122131 10.781275 59.148575
v -117.122131 10.781275 57.930374
v -117.122131 10.781275 56.712173
v -117.122131 10.781275 55.493973
v -117.122131 10.781275 54.275772
v -116.139633 10.781275 64.021378
v -116.139633 10.781275 62.803177
v -116.139633 10.781275 61.584976
v -116.139633 10.781275 60.366776
v -116.139633 10.781275 59.148575
v -116.139633 10.781275 57.930374
v -116.139633 10.781275 56.712173
v -116.139633 10.781275 55.493973
v -116.139633 10.781275 54.275772
v -115.157135 10.781275 64.021378
v -115.157135 10.781275 62.803177
v -115.157135 10.781275 61.584976
v -115.157135 10.781275 60.366776
v -115.157135 10.781275 59.148575
v -115.157135 10.781275 57.930374
v -115.157135 10.781275 56.712173
v -115.157135 10.781275 55.493973
v -115.157135 10.781275 54.275772
v -114.174637 10.781275 64.021378
v -114.174637 10.781275 62.803177
v -114.174637 10.781275 61.584976
v -114.174637 10.781275 60.366776
v -114.174637 10.781275 59.148575
v -114.174637 10.781275 57.930374
v -114.174637 10.781275 56.712173
v -114.174637 10.781275 55.493973
v -114.174637 10.781275 54.275772
v -113.192139 10.781275 64.021378
v -113.192139 10.781275 62.803177
v -113.192139 10.781275 61.584976
v -113.192139 10.781275 60.366776
v -113.192139 10.781275 59.148575
v -113.192139 10.781275 57.930374
v -113.192139 10.781275 56.712173
v -113.192139 10.781275 55.493973
v -113.192139 10.781275 54.275772
v -112.209633 10.781275 64.021378
v -112.209633 10.781275 62.803177
v -112.209633 10.781275 61.584976
v -112.209633 10.781275 60.366776
v -112.209633 10.781275 59.148575
v -112.209633 10.781275 57.930374
v -112.209633 10.781275 56.712173
v -112.209633 10.781275 55.493973
v -112.209633 10.781275 54.275772
v -118.104637 9.028463 54.275772
v -118.104637 9.028463 55.493973
v -118.104637 9.028463 56.712173
v -118.104637 9.028463 57.930374
v -118.104637 9.028463 59.148575
v -118.104637 9.028463 60.366776
v -118.104637 9.028463 61.584976
v -118.104637 9.028463 62.803177
v -118.104637 9.028463 64.021378
v -117.122131 9.028463 54.275772
v -117.122131 9.028463 55.493973
v -117.122131 9.028463 56.712173
v -117.122131 9.028463 57.930374
v -117.122131 9.028463 59.148575
v -117.122131 9.028463 60.366776
v -117.122131 9.028463 61.584976
v -117.122131 9.028463 62.803177
v -117.122131 9.028463 64.021378
v -116.139633 9.028463 54.275772
v -116.139633 9.028463 55.493973
v -116.139633 9.028463 56.712173
v -116.139633 9.028463 57.930374
v -116.139633 9.028463 59.148575
v -116.139633 9.028463 60.366776
v -116.139633 9.028463 61.584976
v -116.139633 9.028463 62.803177
v -116.139633 9.028463 64.021378
v -115.157135 9.028463 54.275772
v -115.157135 9.028463 55.493973
v -115.157135 9.028463 56.712173
v -115.157135 9.028463 57.930374
v -115.157135 9.028463 59.148575
v -115.157135 9.028463 60.366776
v -115.157135 9.028463 61.584976
v -115.157135 9.028463 62.803177
v -115.157135 9.028463 64.021378
v -114.174637 9.028463 54.275772
v -114.174637 9.028463 55.493973
v -114.174637 9.028463 56.712173
v -114.174637 9.028463 57.930374
v -114.174637 9.028463 59.148575
v -114.174637 9.028463 60.366776
v -114.174637 9.028463 61.584976
v -114.174637 9.028463 62.803177
v -114.174637 9.028463 64.021378
v -113.192139 9.028463 54.275772
v -113.192139 9.028463 55.493973
v -113.192139 9.028463 56.712173
v -113.192139 9.028463 57.930374
v -113.192139 9.028463 59.148575
v -113.192139 9.028463 60.366776
v -113.192139 9.028463 61.584976
v -113.192139 9.028463 62.803177
v -113.192139 9.028463 64.021378
v -112.209633 9.028463 54.275772
v -112.209633 9.028463 55.493973
v -112.209633 9.028463 56.712173
v -112.209633 9.028463 57.930374
v -112.209633 9.028463 59.148575
v -112.209633 9.028463 60.366776
v -112.209633 9.028463 61.584976
v -112.209633 9.028463 62.803177
v -112.209633 9.028463 64.021378
v -119.087135 9.248335 64.301361
v -119.087135 9.248335 64.959595
v -119.087135 10.449577 64.959595
v -119.087135 10.449577 64.301361
v -119.087135 9.248335 53.337559
v -119.087135 9.248335 53.995789
v -119.087135 10.449577 53.995789
v -119.087135 10.449577 53.337559
v -119.087135 9.248335 54.555759
v -119.087135 9.248335 55.213985
v -119.087135 10.449577 55.213985
v -119.087135 10.449577 54.555759
v -119.087135 9.248335 55.773960
v -119.087135 9.248335 56.432186
v -119.087135 10.449577 56.432186
v -119.087135 10.449577 55.773960
v -119.087135 9.248335 56.992161
v -119.087135 9.248335 57.650387
v -119.087135 10.449577 57.650387
v -119.087135 10.449577 56.992161
v -119.087135 9.248335 58.210361
v -119.087135 9.248335 58.868587
v -119.087135 10.449577 58.868587
v -119.087135 10.449577 58.210361
v -119.087135 9.248335 59.428562
v -119.087135 9.248335 60.086788
v -119.087135 10.449577 60.086788
v -119.087135 10.449577 59.428562
v -119.087135 9.248335 60.646763
v -119.087135 9.248335 61.304989
v -119.087135 10.449577 61.304989
v -119.087135 10.449577 60.646763
v -119.087135 9.248335 61.864964
v -119.087135 9.248335 62.523190
v -119.087135 10.449577 62.523190
v -119.087135 10.449577 61.864964
v -119.087135 9.248335 63.083164
v -119.087135 9.248335 63.741390
v -119.087135 10.449577 63.741390
v -119.087135 10.449577 63.083164
v -118.924377 9.248335 64.959595
v -118.924377 9.248335 64.301361
v -118.924377 10.449577 64.301361
v -118.924377 10.449577 64.959595
v -118.924377 9.248335 53.995789
v -118.924377 9.248335 53.337559
v -118.924377 10.449577 53.337559
v -118.924377 10.449577 53.995789
v -118.924377 9.248335 55.213985
v -118.924377 9.248335 54.555759
v -118.924377 10.449577 54.555759
v -118.924377 10.449577 55.213985
v -118.924377 9.248335 56.432186
v -118.924377 9.248335 55.773960
v -118.924377 10.449577 55.773960
v -118.924377 10.449577 56.432186
v -118.924377 9.248335 57.650387
v -118.924377 9.248335 56.992161
v -118.924377 10.449577 56.992161
v -118.924377 10.449577 57.650387
v -118.924377 9.248335 58.868587
v -118.924377 9.248335 58.210361
v -118.924377 10.449577 58.210361
v -118.924377 10.449577 58.868587
v -118.924377 9.248335 60.086788
v -118.924377 9.248335 59.428562
v -118.924377 10.449577 59.428562
v -118.924377 10.449577 60.086788
v -118.924377 9.248335 61.304989
v -118.924377 9.248335 60.646763
v -118.924377 10.449577 60.646763
v -118.924377 10.449577 61.304989
v -118.924377 9.248335 62.523190
v -118.924377 9.248335 61.864964
v -118.924377 10.449577 61.864964
v -118.924377 10.449577 62.523190
v -118.924377 9.248335 63.741390
v -118.924377 9.248335 63.083164
v -118.924377 10.449577 63.083164
v -118.924377 10.449577 63.741390
v -112.055176 9.241161 65.239578
v -111.381592 9.241161 65.239578
v -111.381592 10.456751 65.239578
v -112.055176 10.456751 65.239578
v -118.932678 9.241161 65.239578
v -118.259094 9.241161 65.239578
v -118.259094 10.456751 65.239578
v -118.932678 10.456751 65.239578
v -117.950180 9.241161 65.239578
v -117.276596 9.241161 65.239578
v -117.276588 10.456751 65.239578
v -117.950180 10.456751 65.239578
v -116.967674 9.241161 65.239578
v -116.294090 9.241161 65.239578
v -116.294090 10.456751 65.239578
v -116.967674 10.456751 65.239578
v -115.985176 9.241161 65.239578
v -115.311592 9.241161 65.239578
v -115.311592 10.456751 65.239578
v -115.985176 10.456751 65.239578
v -115.002678 9.241161 65.239578
v -114.329094 9.241161 65.239578
v -114.329094 10.456751 65.239578
v -115.002678 10.456751 65.239578
v -114.020180 9.241161 65.239578
v -113.346596 9.241161 65.239578
v -113.346596 10.456751 65.239578
v -114.020180 10.456751 65.239578
v -113.037682 9.241161 65.239578
v -112.364090 9.241161 65.239578
v -112.364090 10.456751 65.239578
v -113.037674 10.456751 65.239578
v -111.227135 9.243750 54.022522
v -111.227135 9.243750 53.310822
v -111.227135 10.454163 53.310822
v -111.227135 10.454163 54.022522
v -111.227135 9.243750 64.986328
v -111.227135 9.243750 64.274628
v -111.227135 10.454163 64.274628
v -111.227135 10.454163 64.986328
v -111.227135 9.243750 63.768127
v -111.227135 9.243750 63.056427
v -111.227135 10.454163 63.056427
v -111.227135 10.454163 63.768127
v -111.227135 9.243750 62.549927
v -111.227135 9.243750 61.838226
v -111.227135 10.454163 61.838226
v -111.227135 10.454163 62.549927
v -111.227135 9.243750 61.331726
v -111.227135 9.243750 60.620026
v -111.227135 10.454163 60.620026
v -111.227135 10.454163 61.331726
v -111.227135 9.243750 60.113525
v -111.227135 9.243750 59.401825
v -111.227135 10.454163 59.401825
v -111.227135 10.454163 60.113525
v -111.227135 9.243750 58.895325
v -111.227135 9.243750 58.183624
v -111.227135 10.454163 58.183624
v -111.227135 10.454163 58.895325
v -111.227135 9.243750 57.677124
v -111.227135 9.243750 56.965424
v -111.227135 10.454163 56.965424
v -111.227135 10.454163 57.677124
v -111.227135 9.243750 56.458923
v -111.227135 9.243750 55.747223
v -111.227135 10.454163 55.747223
v -111.227135 10.454163 56.458923
v -111.227135 9.243750 55.240723
v -111.227135 9.243750 54.529022
v -111.227135 10.454163 54.529022
v -111.227135 10.454163 55.240723
v -111.411263 9.243750 53.310822
v -111.411263 9.243750 54.022522
v -111.411263 10.454163 54.022522
v -111.411263 10.454163 53.310822
v -111.411263 9.243750 64.274628
v -111.411263 9.243750 64.986328
v -111.411263 10.454163 64.986328
v -111.411263 10.454163 64.274628
v -111.411263 9.243750 63.056427
v -111.411263 9.243750 63.768127
v -111.411263 10.454163 63.768127
v -111.411263 10.454163 63.056427
v -111.411263 9.243750 61.838226
v -111.411263 9.243750 62.549927
v -111.411263 10.454163 62.549927
v -111.411263 10.454163 61.838226
v -111.411263 9.243750 60.620026
v -111.411263 9.243750 61.331726
v -111.411263 10.454163 61.331726
v -111.411263 10.454163 60.620026
v -111.411263 9.243750 59.401825
v -111.411263 9.243750 60.113525
v -111.411263 10.454163 60.113525
v -111.411263 10.454163 59.401825
v -111.411263 9.243750 58.183624
v -111.411263 9.243750 58.895325
v -111.411263 10.454163 58.895325
v -111.411263 10.454163 58.183624
v -111.411263 9.243750 56.965424
v -111.411263 9.243750 57.677124
v -111.411263 10.454163 57.677124
v -111.411263 10.454163 56.965424
v -111.411263 9.243750 55.747223
v -111.411263 9.243750 56.458923
v -111.411263 10.454163 56.458923
v -111.411263 10.454163 55.747223
v -111.411263 9.243750 54.529022
v -111.411263 9.243750 55.240723
v -111.411263 10.454163 55.240723
v -111.411263 10.454163 54.529022
v -118.336571 9.261652 53.057571
v -118.855202 9.261652 53.057571
v -118.855202 10.436260 53.057571
v -118.336571 10.436260 53.057571
v -111.459068 9.261652 53.057571
v -111.977699 9.261652 53.057571
v -111.977699 10.436260 53.057571
v -111.459068 10.436260 53.057571
v -112.441566 9.261652 53.057571
v -112.960205 9.261652 53.057571
v -112.960205 10.436260 53.057571
v -112.441566 10.436260 53.057571
v -113.424072 9.261652 53.057571
v -113.942703 9.261652 53.057571
v -113.942703 10.436260 53.057571
v -113.424072 10.436260 53.057571
v -114.406570 9.261652 53.057571
v -114.925201 9.261652 53.057571
v -114.925201 10.436260 53.057571
v -114.406570 10.436260 53.057571
v -115.389069 9.261652 53.057571
v -115.907700 9.261652 53.057571
v -115.907700 10.436260 53.057571
v -115.389069 10.436260 53.057571
v -116.371567 9.261652 53.057571
v -116.890198 9.261652 53.057571
v -116.890198 10.436260 53.057571
v -116.371567 10.436260 53.057571
v -117.354065 9.261652 53.057571
v -117.872704 9.261652 53.057571
v -117.872704 10.436260 53.057571
v -117.354065 10.436260 53.057571
v -118.855202 9.261652 53.262691
v -118.336571 9.261652 53.262691
v -118.336571 10.436260 53.262691
v -118.855202 10.436260 53.262691
v -111.977699 9.261652 53.262691
v -111.459068 9.261652 53.262691
v -111.459068 10.436260 53.262691
v -111.977699 10.436260 53.262691
v -112.960205 9.261652 53.262691
v -112.441566 9.261652 53.262691
v -112.441566 10.436260 53.262691
v -112.960205 10.436260 53.262691
v -113.942703 9.261652 53.262691
v -113.424072 9.261652 53.262691
v -113.424072 10.436260 53.262691
v -113.942703 10.436260 53.262691
v -114.925201 9.261652 53.262691
v -114.406570 9.261652 53.262691
v -114.406570 10.436260 53.262691
v -114.925201 10.436260 53.262691
v -115.907700 9.261652 53.262691
v -115.389069 9.261652 53.262691
v -115.389069 10.436260 53.262691
v -115.907700 10.436260 53.262691
v -116.890198 9.261652 53.262691
v -116.371567 9.261652 53.262691
v -116.371567 10.436260 53.262691
v -116.890198 10.436260 53.262691
v -117.872704 9.261652 53.262691
v -117.354065 9.261652 53.262691
v -117.354065 10.436260 53.262691
v -117.872704 10.436260 53.262691
v -119.087135 10.781275 65.239578
v -111.227135 10.781275 65.239578
v -119.087135 10.781275 53.057571
v -111.227135 10.781275 53.057571
v -119.087135 12.250412 53.057571
v -119.087135 12.250412 65.239578
v -111.227135 12.250412 65.239578
v -111.227135 12.250412 53.057571
v -119.087135 12.534086 53.057571
v -119.087135 12.534086 65.239578
v -111.227135 12.534086 65.239578
v -111.227135 12.534086 53.057571
v -119.464592 12.250412 52.475563
v -119.464592 12.250412 65.821587
v -110.849678 12.250412 65.821587
v -110.849678 12.250412 52.475563
v -119.464592 12.534086 52.475563
v -119.464592 12.534086 65.821587
v -110.849678 12.534086 65.821587
v -110.849678 12.534086 52.475563
v -119.087135 10.953125 53.057571
v -111.227135 10.953125 53.057571
v -111.227135 10.953125 65.239578
v -119.087135 10.953125 65.239578
v -118.104637 10.781275 65.239578
v -117.122131 10.781275 65.239578
v -116.139633 10.781275 65.239578
v -115.157135 10.781275 65.239578
v -114.174637 10.781275 65.239578
v -113.192139 10.781275 65.239578
v -112.209633 10.781275 65.239578
v -112.209633 10.781275 53.057571
v -113.192139 10.781275 53.057571
v -114.174637 10.781275 53.057571
v -115.157135 10.781275 53.057571
v -116.139633 10.781275 53.057571
v -117.122131 10.781275 53.057571
v -118.104637 10.781275 53.057571
v -118.104637 12.250412 65.239578
v -117.122131 12.250412 65.239578
v -116.139633 12.250412 65.239578
v -115.157135 12.250412 65.239578
v -114.174637 12.250412 65.239578
v -113.192139 12.250412 65.239578
v -112.209633 12.250412 65.239578
v -112.209633 12.250412 53.057571
v -113.192139 12.250412 53.057571
v -114.174637 12.250412 53.057571
v -115.157135 12.250412 53.057571
v -116.139633 12.250412 53.057571
v -117.122131 12.250412 53.057571
v -118.104637 12.250412 53.057571
v -118.104637 12.534086 65.239578
v -117.122131 12.534086 65.239578
v -116.139633 12.534086 65.239578
v -115.157135 12.534086 65.239578
v -114.174637 12.534086 65.239578
v -113.192139 12.534086 65.239578
v -112.209633 12.534086 65.239578
v -112.209633 12.534086 53.057571
v -113.192139 12.534086 53.057571
v -114.174637 12.534086 53.057571
v -115.157135 12.534086 53.057571
v -116.139633 12.534086 53.057571
v -117.122131 12.534086 53.057571
v -118.104637 12.534086 53.057571
v -118.387726 12.250412 65.821587
v -117.310860 12.250412 65.821587
v -116.234001 12.250412 65.821587
v -115.157135 12.250412 65.821587
v -114.080269 12.250412 65.821587
v -113.003410 12.250412 65.821587
v -111.926544 12.250412 65.821587
v -111.926544 12.250412 52.475563
v -113.003410 12.250412 52.475563
v -114.080269 12.250412 52.475563
v -115.157135 12.250412 52.475563
v -116.234001 12.250412 52.475563
v -117.310860 12.250412 52.475563
v -118.387726 12.250412 52.475563
v -118.387726 12.534086 65.821587
v -117.310860 12.534086 65.821587
v -116.234001 12.534086 65.821587
v -115.157135 12.534086 65.821587
v -114.080269 12.534086 65.821587
v -113.003410 12.534086 65.821587
v -111.926544 12.534086 65.821587
v -111.926544 12.534086 52.475563
v -113.003410 12.534086 52.475563
v -114.080269 12.534086 52.475563
v -115.157135 12.534086 52.475563
v -116.234001 12.534086 52.475563
v -117.310860 12.534086 52.475563
v -118.387726 12.534086 52.475563
v -112.209633 10.953125 65.239578
v -113.192139 10.953125 65.239578
v -114.174637 10.953125 65.239578
v -115.157135 10.953125 65.239578
v -116.139633 10.953125 65.239578
v -117.122131 10.953125 65.239578
v -118.104637 10.953125 65.239578
v -118.104637 10.953125 53.057571
v -117.122131 10.953125 53.057571
v -116.139633 10.953125 53.057571
v -115.157135 10.953125 53.057571
v -114.174637 10.953125 53.057571
v -113.192139 10.953125 53.057571
v -112.209633 10.953125 53.057571
v -119.087135 10.781275 54.275772
v -119.087135 10.781275 55.493973
v -119.087135 10.781275 56.712173
v -119.087135 10.781275 57.930374
v -119.087135 10.781275 59.148575
v -119.087135 10.781275 60.366776
v -119.087135 10.781275 61.584976
v -119.087135 10.781275 62.803177
v -119.087135 10.781275 64.021378
v -111.227135 10.781275 64.021378
v -111.227135 10.781275 62.803177
v -111.227135 10.781275 61.584976
v -111.227135 10.781275 60.366776
v -111.227135 10.781275 59.148575
v -111.227135 10.781275 57.930374
v -111.227135 10.781275 56.712173
v -111.227135 10.781275 55.493973
v -111.227135 10.781275 54.275772
v -119.087135 12.250412 54.275772
v -119.087135 12.250412 55.493973
v -119.087135 12.250412 56.712173
v -119.087135 12.250412 57.930374
v -119.087135 12.250412 59.148575
v -119.087135 12.250412 60.366776
v -119.087135 12.250412 61.584976
v -119.087135 12.250412 62.803177
v -119.087135 12.250412 64.021378
v -111.227135 12.250412 64.021378
v -111.227135 12.250412 62.803177
v -111.227135 12.250412 61.584976
v -111.227135 12.250412 60.366776
v -111.227135 12.250412 59.148575
v -111.227135 12.250412 57.930374
v -111.227135 12.250412 56.712173
v -111.227135 12.250412 55.493973
v -111.227135 12.250412 54.275772
v -119.087135 12.534086 54.275772
v -119.087135 12.534086 55.493973
v -119.087135 12.534086 56.712173
v -119.087135 12.534086 57.930374
v -119.087135 12.534086 59.148575
v -119.087135 12.534086 60.366776
v -119.087135 12.534086 61.584976
v -119.087135 12.534086 62.803177
v -119.087135 12.534086 64.021378
v -111.227135 12.534086 64.021378
v -111.227135 12.534086 62.803177
v -111.227135 12.534086 61.584976
v -111.227135 12.534086 60.366776
v -111.227135 12.534086 59.148575
v -111.227135 12.534086 57.930374
v -111.227135 12.534086 56.712173
v -111.227135 12.534086 55.493973
v -111.227135 12.534086 54.275772
v -119.464592 12.250412 53.810165
v -119.464592 12.250412 55.144768
v -119.464592 12.250412 56.479370
v -119.464592 12.250412 57.813972
v -119.464592 12.250412 59.148575
v -119.464592 12.250412 60.483177
v -119.464592 12.250412 61.817780
v -119.464592 12.250412 63.152382
v -119.464592 12.250412 64.486984
v -110.849678 12.250412 64.486984
v -110.849678 12.250412 63.152382
v -110.849678 12.250412 61.817780
v -110.849678 12.250412 60.483177
v -110.849678 12.250412 59.148575
v -110.849678 12.250412 57.813972
v -110.849678 12.250412 56.479370
v -110.849678 12.250412 55.144768
v -110.849678 12.250412 53.810165
v -119.464592 12.534086 53.810165
v -119.464592 12.534086 55.144768
v -119.464592 12.534086 56.479370
v -119.464592 12.534086 57.813972
v -119.464592 12.534086 59.148575
v -119.464592 12.534086 60.483177
v -119.464592 12.534086 61.817780
v -119.464592 12.534086 63.152382
v -119.464592 12.534086 64.486984
v -110.849678 12.534086 64.486984
v -110.849678 12.534086 63.152382
v -110.849678 12.534086 61.817780
v -110.849678 12.534086 60.483177
v -110.849678 12.534086 59.148575
v -110.849678 12.534086 57.813972
v -110.849678 12.534086 56.479370
v -110.849678 12.534086 55.144768
v -110.849678 12.534086 53.810165
v -119.087135 10.953125 64.021378
v -119.087135 10.953125 62.803177
v -119.087135 10.953125 61.584976
v -119.087135 10.953125 60.366776
v -119.087135 10.953125 59.148575
v -119.087135 10.953125 57.930374
v -119.087135 10.953125 56.712173
v -119.087135 10.953125 55.493973
v -119.087135 10.953125 54.275772
v -111.227135 10.953125 54.275772
v -111.227135 10.953125 55.493973
v -111.227135 10.953125 56.712173
v -111.227135 10.953125 57.930374
v -111.227135 10.953125 59.148575
v -111.227135 10.953125 60.366776
v -111.227135 10.953125 61.584976
v -111.227135 10.953125 62.803177
v -111.227135 10.953125 64.021378
v -118.104637 12.534086 64.021378
v -118.104637 12.534086 62.803177
v -118.104637 12.534086 61.584976
v -118.104637 12.534086 60.366776
v -118.104637 12.534086 59.148575
v -118.104637 12.534086 57.930374
v -118.104637 12.534086 56.712173
v -118.104637 12.534086 55.493973
v -118.104637 12.534086 54.275772
v -117.122131 12.534086 64.021378
v -117.122131 12.534086 62.803177
v -117.122131 12.534086 61.584976
v -117.122131 12.534086 60.366776
v -117.122131 12.534086 59.148575
v -117.122131 12.534086 57.930374
v -117.122131 12.534086 56.712173
v -117.122131 12.534086 55.493973
v -117.122131 12.534086 54.275772
v -116.139633 12.534086 64.021378
v -116.139633 12.534086 62.803177
v -116.139633 12.534086 61.584976
v -116.139633 12.534086 60.366776
v -116.139633 12.534086 59.148575
v -116.139633 12.534086 57.930374
v -116.139633 12.534086 56.712173
v -116.139633 12.534086 55.493973
v -116.139633 12.534086 54.275772
v -115.157135 12.534086 64.021378
v -115.157135 12.534086 62.803177
v -115.157135 12.534086 61.584976
v -115.157135 12.534086 60.366776
v -115.157135 12.534086 59.148575
v -115.157135 12.534086 57.930374
v -115.157135 12.534086 56.712173
v -115.157135 12.534086 55.493973
v -115.157135 12.534086 54.275772
v -114.174637 12.534086 64.021378
v -114.174637 12.534086 62.803177
v -114.174637 12.534086 61.584976
v -114.174637 12.534086 60.366776
v -114.174637 12.534086 59.148575
v -114.174637 12.534086 57.930374
v -114.174637 12.534086 56.712173
v -114.174637 12.534086 55.493973
v -114.174637 12.534086 54.275772
v -113.192139 12.534086 64.021378
v -113.192139 12.534086 62.803177
v -113.192139 12.534086 61.584976
v -113.192139 12.534086 60.366776
v -113.192139 12.534086 59.148575
v -113.192139 12.534086 57.930374
v -113.192139 12.534086 56.712173
v -113.192139 12.534086 55.493973
v -113.192139 12.534086 54.275772
v -112.209633 12.534086 64.021378
v -112.209633 12.534086 62.803177
v -112.209633 12.534086 61.584976
v -112.209633 12.534086 60.366776
v -112.209633 12.534086 59.148575
v -112.209633 12.534086 57.930374
v -112.209633 12.534086 56.712173
v -112.209633 12.534086 55.493973
v -112.209633 12.534086 54.275772
v -118.104637 10.781275 54.275772
v -118.104637 10.781275 55.493973
v -118.104637 10.781275 56.712173
v -118.104637 10.781275 57.930374
v -118.104637 10.781275 59.148575
v -118.104637 10.781275 60.366776
v -118.104637 10.781275 61.584976
v -118.104637 10.781275 62.803177
v -118.104637 10.781275 64.021378
v -117.122131 10.781275 54.275772
v -117.122131 10.781275 55.493973
v -117.122131 10.781275 56.712173
v -117.122131 10.781275 57.930374
v -117.122131 10.781275 59.148575
v -117.122131 10.781275 60.366776
v -117.122131 10.781275 61.584976
v -117.122131 10.781275 62.803177
v -117.122131 10.781275 64.021378
v -116.139633 10.781275 54.275772
v -116.139633 10.781275 55.493973
v -116.139633 10.781275 56.712173
v -116.139633 10.781275 57.930374
v -116.139633 10.781275 59.148575
v -116.139633 10.781275 60.366776
v -116.139633 10.781275 61.584976
v -116.139633 10.781275 62.803177
v -116.139633 10.781275 64.021378
v -115.157135 10.781275 54.275772
v -115.157135 10.781275 55.493973
v -115.157135 10.781275 56.712173
v -115.157135 10.781275 57.930374
v -115.157135 10.781275 59.148575
v -115.157135 10.781275 60.366776
v -115.157135 10.781275 61.584976
v -115.157135 10.781275 62.803177
v -115.157135 10.781275 64.021378
v -114.174637 10.781275 54.275772
v -114.174637 10.781275 55.493973
v -114.174637 10.781275 56.712173
v -114.174637 10.781275 57.930374
v -114.174637 10.781275 59.148575
v -114.174637 10.781275 60.366776
v -114.174637 10.781275 61.584976
v -114.174637 10.781275 62.803177
v -114.174637 10.781275 64.021378
v -113.192139 10.781275 54.275772
v -113.192139 10.781275 55.493973
v -113.192139 10.781275 56.712173
v -113.192139 10.781275 57.930374
v -113.192139 10.781275 59.148575
v -113.192139 10.781275 60.366776
v -113.192139 10.781275 61.584976
v -113.192139 10.781275 62.803177
v -113.192139 10.781275 64.021378
v -112.209633 10.781275 54.275772
v -112.209633 10.781275 55.493973
v -112.209633 10.781275 56.712173
v -112.209633 10.781275 57.930374
v -112.209633 10.781275 59.148575
v -112.209633 10.781275 60.366776
v -112.209633 10.781275 61.584976
v -112.209633 10.781275 62.803177
v -112.209633 10.781275 64.021378
v -119.087135 11.001146 64.301361
v -119.087135 11.001146 64.959595
v -119.087135 12.202389 64.959595
v -119.087135 12.202389 64.301361
v -119.087135 11.001146 53.337559
v -119.087135 11.001146 53.995789
v -119.087135 12.202389 53.995789
v -119.087135 12.202389 53.337559
v -119.087135 11.001146 54.555759
v -119.087135 11.001146 55.213985
v -119.087135 12.202389 55.213985
v -119.087135 12.202389 54.555759
v -119.087135 11.001146 55.773960
v -119.087135 11.001146 56.432186
v -119.087135 12.202389 56.432186
v -119.087135 12.202389 55.773960
v -119.087135 11.001146 56.992161
v -119.087135 11.001146 57.650387
v -119.087135 12.202389 57.650387
v -119.087135 12.202389 56.992161
v -119.087135 11.001146 58.210361
v -119.087135 11.001146 58.868587
v -119.087135 12.202389 58.868587
v -119.087135 12.202389 58.210361
v -119.087135 11.001146 59.428562
v -119.087135 11.001146 60.086788
v -119.087135 12.202389 60.086788
v -119.087135 12.202389 59.428562
v -119.087135 11.001146 60.646763
v -119.087135 11.001146 61.304989
v -119.087135 12.202389 61.304989
v -119.087135 12.202389 60.646763
v -119.087135 11.001146 61.864964
v -119.087135 11.001146 62.523190
v -119.087135 12.202389 62.523190
v -119.087135 12.202389 61.864964
v -119.087135 11.001146 63.083164
v -119.087135 11.001146 63.741390
v -119.087135 12.202389 63.741390
v -119.087135 12.202389 63.083164
v -118.924377 11.001146 64.959595
v -118.924377 11.001146 64.301361
v -118.924377 12.202389 64.301361
v -118.924377 12.202389 64.959595
v -118.924377 11.001146 53.995789
v -118.924377 11.001146 53.337559
v -118.924377 12.202389 53.337559
v -118.924377 12.202389 53.995789
v -118.924377 11.001146 55.213985
v -118.924377 11.001146 54.555759
v -118.924377 12.202389 54.555759
v -118.924377 12.202389 55.213985
v -118.924377 11.001146 56.432186
v -118.924377 11.001146 55.773960
v -118.924377 12.202389 55.773960
v -118.924377 12.202389 56.432186
v -118.924377 11.001146 57.650387
v -118.924377 11.001146 56.992161
v -118.924377 12.202389 56.992161
v -118.924377 12.202389 57.650387
v -118.924377 11.001146 58.868587
v -118.924377 11.001146 58.210361
v -118.924377 12.202389 58.210361
v -118.924377 12.202389 58.868587
v -118.924377 11.001146 60.086788
v -118.924377 11.001146 59.428562
v -118.924377 12.202389 59.428562
v -118.924377 12.202389 60.086788
v -118.924377 11.001146 61.304989
v -118.924377 11.001146 60.646763
v -118.924377 12.202389 60.646763
v -118.924377 12.202389 61.304989
v -118.924377 11.001146 62.523190
v -118.924377 11.001146 61.864964
v -118.924377 12.202389 61.864964
v -118.924377 12.202389 62.523190
v -118.924377 11.001146 63.741390
v -118.924377 11.001146 63.083164
v -118.924377 12.202389 63.083164
v -118.924377 12.202389 63.741390
v -112.055176 10.993973 65.239578
v -111.381592 10.993973 65.239578
v -111.381592 12.209562 65.239578
v -112.055176 12.209562 65.239578
v -118.932678 10.993973 65.239578
v -118.259094 10.993973 65.239578
v -118.259094 12.209562 65.239578
v -118.932678 12.209562 65.239578
v -117.950180 10.993973 65.239578
v -117.276596 10.993973 65.239578
v -117.276588 12.209562 65.239578
v -117.950180 12.209562 65.239578
v -116.967674 10.993973 65.239578
v -116.294090 10.993973 65.239578
v -116.294090 12.209562 65.239578
v -116.967674 12.209562 65.239578
v -115.985176 10.993973 65.239578
v -115.311592 10.993973 65.239578
v -115.311592 12.209562 65.239578
v -115.985176 12.209562 65.239578
v -115.002678 10.993973 65.239578
v -114.329094 10.993973 65.239578
v -114.329094 12.209562 65.239578
v -115.002678 12.209562 65.239578
v -114.020180 10.993973 65.239578
v -113.346596 10.993973 65.239578
v -113.346596 12.209562 65.239578
v -114.020180 12.209562 65.239578
v -113.037682 10.993973 65.239578
v -112.364090 10.993973 65.239578
v -112.364090 12.209562 65.239578
v -113.037674 12.209562 65.239578
v -111.227135 10.996561 54.022522
v -111.227135 10.996561 53.310822
v -111.227135 12.206974 53.310822
v -111.227135 12.206974 54.022522
v -111.227135 10.996561 64.986328
v -111.227135 10.996561 64.274628
v -111.227135 12.206974 64.274628
v -111.227135 12.206974 64.986328
v -111.227135 10.996561 63.768127
v -111.227135 10.996561 63.056427
v -111.227135 12.206974 63.056427
v -111.227135 12.206974 63.768127
v -111.227135 10.996561 62.549927
v -111.227135 10.996561 61.838226
v -111.227135 12.206974 61.838226
v -111.227135 12.206974 62.549927
v -111.227135 10.996561 61.331726
v -111.227135 10.996561 60.620026
v -111.227135 12.206974 60.620026
v -111.227135 12.206974 61.331726
v -111.227135 10.996561 60.113525
v -111.227135 10.996561 59.401825
v -111.227135 12.206974 59.401825
v -111.227135 12.206974 60.113525
v -111.227135 10.996561 58.895325
v -111.227135 10.996561 58.183624
v -111.227135 12.206974 58.183624
v -111.227135 12.206974 58.895325
v -111.227135 10.996561 57.677124
v -111.227135 10.996561 56.965424
v -111.227135 12.206974 56.965424
v -111.227135 12.206974 57.677124
v -111.227135 10.996561 56.458923
v -111.227135 10.996561 55.747223
v -111.227135 12.206974 55.747223
v -111.227135 12.206974 56.458923
v -111.227135 10.996561 55.240723
v -111.227135 10.996561 54.529022
v -111.227135 12.206974 54.529022
v -111.227135 12.206974 55.240723
v -111.411263 10.996561 53.310822
v -111.411263 10.996561 54.022522
v -111.411263 12.206974 54.022522
v -111.411263 12.206974 53.310822
v -111.411263 10.996561 64.274628
v -111.411263 10.996561 64.986328
v -111.411263 12.206974 64.986328
v -111.411263 12.206974 64.274628
v -111.411263 10.996561 63.056427
v -111.411263 10.996561 63.768127
v -111.411263 12.206974 63.768127
v -111.411263 12.206974 63.056427
v -111.411263 10.996561 61.838226
v -111.411263 10.996561 62.549927
v -111.411263 12.206974 62.549927
v -111.411263 12.206974 61.838226
v -111.411263 10.996561 60.620026
v -111.411263 10.996561 61.331726
v -111.411263 12.206974 61.331726
v -111.411263 12.206974 60.620026
v -111.411263 10.996561 59.401825
v -111.411263 10.996561 60.113525
v -111.411263 12.206974 60.113525
v -111.411263 12.206974 59.401825
v -111.411263 10.996561 58.183624
v -111.411263 10.996561 58.895325
v -111.411263 12.206974 58.895325
v -111.411263 12.206974 58.183624
v -111.411263 10.996561 56.965424
v -111.411263 10.996561 57.677124
v -111.411263 12.206974 57.677124
v -111.411263 12.206974 56.965424
v -111.411263 10.996561 55.747223
v -111.411263 10.996561 56.458923
v -111.411263 12.206974 56.458923
v -111.411263 12.206974 55.747223
v -111.411263 10.996561 54.529022
v -111.411263 10.996561 55.240723
v -111.411263 12.206974 55.240723
v -111.411263 12.206974 54.529022
v -118.336571 11.014463 53.057571
v -118.855202 11.014463 53.057571
v -118.855202 12.189072 53.057571
v -118.336571 12.189072 53.057571
v -111.459068 11.014463 53.057571
v -111.977699 11.014463 53.057571
v -111.977699 12.189072 53.057571
v -111.459068 12.189072 53.057571
v -112.441566 11.014463 53.057571
v -112.960205 11.014463 53.057571
v -112.960205 12.189072 53.057571
v -112.441566 12.189072 53.057571
v -113.424072 11.014463 53.057571
v -113.942703 11.014463 53.057571
v -113.942703 12.189072 53.057571
v -113.424072 12.189072 53.057571
v -114.406570 11.014463 53.057571
v -114.925201 11.014463 53.057571
v -114.925201 12.189072 53.057571
v -114.406570 12.189072 53.057571
v -115.389069 11.014463 53.057571
v -115.907700 11.014463 53.057571
v -115.907700 12.189072 53.057571
v -115.389069 12.189072 53.057571
v -116.371567 11.014463 53.057571
v -116.890198 11.014463 53.057571
v -116.890198 12.189072 53.057571
v -116.371567 12.189072 53.057571
v -117.354065 11.014463 53.057571
v -117.872704 11.014463 53.057571
v -117.872704 12.189072 53.057571
v -117.354065 12.189072 53.057571
v -118.855202 11.014463 53.262691
v -118.336571 11.014463 53.262691
v -118.336571 12.189072 53.262691
v -118.855202 12.189072 53.262691
v -111.977699 11.014463 53.262691
v -111.459068 11.014463 53.262691
v -111.459068 12.189072 53.262691
v -111.977699 12.189072 53.262691
v -112.960205 11.014463 53.262691
v -112.441566 11.014463 53.262691
v -112.441566 12.189072 53.262691
v -112.960205 12.189072 53.262691
v -113.942703 11.014463 53.262691
v -113.424072 11.014463 53.262691
v -113.424072 12.189072 53.262691
v -113.942703 12.189072 53.262691
v -114.925201 11.014463 53.262691
v -114.406570 11.014463 53.262691
v -114.406570 12.189072 53.262691
v -114.925201 12.189072 53.262691
v -115.907700 11.014463 53.262691
v -115.389069 11.014463 53.262691
v -115.389069 12.189072 53.262691
v -115.907700 12.189072 53.262691
v -116.890198 11.014463 53.262691
v -116.371567 11.014463 53.262691
v -116.371567 12.189072 53.262691
v -116.890198 12.189072 53.262691
v -117.872704 11.014463 53.262691
v -117.354065 11.014463 53.262691
v -117.354065 12.189072 53.262691
v -117.872704 12.189072 53.262691
v -119.087135 12.534086 65.239578
v -111.227135 12.534086 65.239578
v -119.087135 12.534086 53.057571
v -111.227135 12.534086 53.057571
v -119.087135 14.003223 53.057571
v -119.087135 14.003223 65.239578
v -111.227135 14.003223 65.239578
v -111.227135 14.003223 53.057571
v -119.087135 14.286900 53.057571
v -119.087135 14.286900 65.239578
v -111.227135 14.286900 65.239578
v -111.227135 14.286900 53.057571
v -119.464592 14.003223 52.475563
v -119.464592 14.003223 65.821587
v -110.849678 14.003223 65.821587
v -110.849678 14.003223 52.475563
v -119.464592 14.286900 52.475563
v -119.464592 14.286900 65.821587
v -110.849678 14.286900 65.821587
v -110.849678 14.286900 52.475563
v -119.087135 12.705936 53.057571
v -111.227135 12.705936 53.057571
v -111.227135 12.705936 65.239578
v -119.087135 12.705936 65.239578
v -118.104637 12.534086 65.239578
v -117.122131 12.534086 65.239578
v -116.139633 12.534086 65.239578
v -115.157135 12.534086 65.239578
v -114.174637 12.534086 65.239578
v -113.192139 12.534086 65.239578
v -112.209633 12.534086 65.239578
v -112.209633 12.534086 53.057571
v -113.192139 12.534086 53.057571
v -114.174637 12.534086 53.057571
v -115.157135 12.534086 53.057571
v -116.139633 12.534086 53.057571
v -117.122131 12.534086 53.057571
v -118.104637 12.534086 53.057571
v -118.104637 14.003223 65.239578
v -117.122131 14.003223 65.239578
v -116.139633 14.003223 65.239578
v -115.157135 14.003223 65.239578
v -114.174637 14.003223 65.239578
v -113.192139 14.003223 65.239578
v -112.209633 14.003223 65.239578
v -112.209633 14.003223 53.057571
v -113.192139 14.003223 53.057571
v -114.174637 14.003223 53.057571
v -115.157135 14.003223 53.057571
v -116.139633 14.003223 53.057571
v -117.122131 14.003223 53.057571
v -118.104637 14.003223 53.057571
v -118.104637 14.286900 65.239578
v -117.122131 14.286900 65.239578
v -116.139633 14.286900 65.239578
v -115.157135 14.286900 65.239578
v -114.174637 14.286900 65.239578
v -113.192139 14.286900 65.239578
v -112.209633 14.286900 65.239578
v -112.209633 14.286900 53.057571
v -113.192139 14.286900 53.057571
v -114.174637 14.286900 53.057571
v -115.157135 14.286900 53.057571
v -116.139633 14.286900 53.057571
v -117.122131 14.286900 53.057571
v -118.104637 14.286900 53.057571
v -118.387726 14.003223 65.821587
v -117.310860 14.003223 65.821587
v -116.234001 14.003223 65.821587
v -115.157135 14.003223 65.821587
v -114.080269 14.003223 65.821587
v -113.003410 14.003223 65.821587
v -111.926544 14.003223 65.821587
v -111.926544 14.003223 52.475563
v -113.003410 14.003223 52.475563
v -114.080269 14.003223 52.475563
v -115.157135 14.003223 52.475563
v -116.234001 14.003223 52.475563
v -117.310860 14.003223 52.475563
v -118.387726 14.003223 52.475563
v -118.387726 14.286900 65.821587
v -117.310860 14.286900 65.821587
v -116.234001 14.286900 65.821587
v -115.157135 14.286900 65.821587
v -114.080269 14.286900 65.821587
v -113.003410 14.286900 65.821587
v -111.926544 14.286900 65.821587
v -111.926544 14.286900 52.475563
v -113.003410 14.286900 52.475563
v -114.080269 14.286900 52.475563
v -115.157135 14.286900 52.475563
v -116.234001 14.286900 52.475563
v -117.310860 14.286900 52.475563
v -118.387726 14.286900 52.475563
v -112.209633 12.705936 65.239578
v -113.192139 12.705936 65.239578
v -114.174637 12.705936 65.239578
v -115.157135 12.705936 65.239578
v -116.139633 12.705936 65.239578
v -117.122131 12.705936 65.239578
v -118.104637 12.705936 65.239578
v -118.104637 12.705936 53.057571
v -117.122131 12.705936 53.057571
v -116.139633 12.705936 53.057571
v -115.157135 12.705936 53.057571
v -114.174637 12.705936 53.057571
v -113.192139 12.705936 53.057571
v -112.209633 12.705936 53.057571
v -119.087135 12.534086 54.275772
v -119.087135 12.534086 55.493973
v -119.087135 12.534086 56.712173
v -119.087135 12.534086 57.930374
v -119.087135 12.534086 59.148575
v -119.087135 12.534086 60.366776
v -119.087135 12.534086 61.584976
v -119.087135 12.534086 62.803177
v -119.087135 12.534086 64.021378
v -111.227135 12.534086 64.021378
v -111.227135 12.534086 62.803177
v -111.227135 12.534086 61.584976
v -111.227135 12.534086 60.366776
v -111.227135 12.534086 59.148575
v -111.227135 12.534086 57.930374
v -111.227135 12.534086 56.712173
v -111.227135 12.534086 55.493973
v -111.227135 12.534086 54.275772
v -119.087135 14.003223 54.275772
v -119.087135 14.003223 55.493973
v -119.087135 14.003223 56.712173
v -119.087135 14.003223 57.930374
v -119.087135 14.003223 59.148575
v -119.087135 14.003223 60.366776
v -119.087135 14.003223 61.584976
v -119.087135 14.003223 62.803177
v -119.087135 14.003223 64.021378
v -111.227135 14.003223 64.021378
v -111.227135 14.003223 62.803177
v -111.227135 14.003223 61.584976
v -111.227135 14.003223 60.366776
v -111.227135 14.003223 59.148575
v -111.227135 14.003223 57.930374
v -111.227135 14.003223 56.712173
v -111.227135 14.003223 55.493973
v -111.227135 14.003223 54.275772
v -119.087135 14.286900 54.275772
v -119.087135 14.286900 55.493973
v -119.087135 14.286900 56.712173
v -119.087135 14.286900 57.930374
v -119.087135 14.286900 59.148575
v -119.087135 14.286900 60.366776
v -119.087135 14.286900 61.584976
v -119.087135 14.286900 62.803177
v -119.087135 14.286900 64.021378
v -111.227135 14.286900 64.021378
v -111.227135 14.286900 62.803177
v -111.227135 14.286900 61.584976
v -111.227135 14.286900 60.366776
v -111.227135 14.286900 59.148575
v -111.227135 14.286900 57.930374
v -111.227135 14.286900 56.712173
v -111.227135 14.286900 55.493973
v -111.227135 14.286900 54.275772
v -119.464592 14.003223 53.810165
v -119.464592 14.003223 55.144768
v -119.464592 14.003223 56.479370
v -119.464592 14.003223 57.813972
v -119.464592 14.003223 59.148575
v -119.464592 14.003223 60.483177
v -119.464592 14.003223 61.817780
v -119.464592 14.003223 63.152382
v -119.464592 14.003223 64.486984
v -110.849678 14.003223 64.486984
v -110.849678 14.003223 63.152382
v -110.849678 14.003223 61.817780
v -110.849678 14.003223 60.483177
v -110.849678 14.003223 59.148575
v -110.849678 14.003223 57.813972
v -110.849678 14.003223 56.479370
v -110.849678 14.003223 55.144768
v -110.849678 14.003223 53.810165
v -119.464592 14.286900 53.810165
v -119.464592 14.286900 55.144768
v -119.464592 14.286900 56.479370
v -119.464592 14.286900 57.813972
v -119.464592 14.286900 59.148575
v -119.464592 14.286900 60.483177
v -119.464592 14.286900 61.817780
v -119.464592 14.286900 63.152382
v -119.464592 14.286900 64.486984
v -110.849678 14.286900 64.486984
v -110.849678 14.286900 63.152382
v -110.849678 14.286900 61.817780
v -110.849678 14.286900 60.483177
v -110.849678 14.286900 59.148575
v -110.849678 14.286900 57.813972
v -110.849678 14.286900 56.479370
v -110.849678 14.286900 55.144768
v -110.849678 14.286900 53.810165
v -119.087135 12.705936 64.021378
v -119.087135 12.705936 62.803177
v -119.087135 12.705936 61.584976
v -119.087135 12.705936 60.366776
v -119.087135 12.705936 59.148575
v -119.087135 12.705936 57.930374
v -119.087135 12.705936 56.712173
v -119.087135 12.705936 55.493973
v -119.087135 12.705936 54.275772
v -111.227135 12.705936 54.275772
v -111.227135 12.705936 55.493973
v -111.227135 12.705936 56.712173
v -111.227135 12.705936 57.930374
v -111.227135 12.705936 59.148575
v -111.227135 12.705936 60.366776
v -111.227135 12.705936 61.584976
v -111.227135 12.705936 62.803177
v -111.227135 12.705936 64.021378
v -118.104637 14.286900 64.021378
v -118.104637 14.286900 62.803177
v -118.104637 14.286900 61.584976
v -118.104637 14.286900 60.366776
v -118.104637 14.286900 59.148575
v -118.104637 14.286900 57.930374
v -118.104637 14.286900 56.712173
v -118.104637 14.286900 55.493973
v -118.104637 14.286900 54.275772
v -117.122131 14.286900 64.021378
v -117.122131 14.286900 62.803177
v -117.122131 14.286900 61.584976
v -117.122131 14.286900 60.366776
v -117.122131 14.286900 59.148575
v -117.122131 14.286900 57.930374
v -117.122131 14.286900 56.712173
v -117.122131 14.286900 55.493973
v -117.122131 14.286900 54.275772
v -116.139633 14.286900 64.021378
v -116.139633 14.286900 62.803177
v -116.139633 14.286900 61.584976
v -116.139633 14.286900 60.366776
v -116.139633 14.286900 59.148575
v -116.139633 14.286900 57.930374
v -116.139633 14.286900 56.712173
v -116.139633 14.286900 55.493973
v -116.139633 14.286900 54.275772
v -115.157135 14.286900 64.021378
v -115.157135 14.286900 62.803177
v -115.157135 14.286900 61.584976
v -115.157135 14.286900 60.366776
v -115.157135 14.286900 59.148575
v -115.157135 14.286900 57.930374
v -115.157135 14.286900 56.712173
v -115.157135 14.286900 55.493973
v -115.157135 14.286900 54.275772
v -114.174637 14.286900 64.021378
v -114.174637 14.286900 62.803177
v -114.174637 14.286900 61.584976
v -114.174637 14.286900 60.366776
v -114.174637 14.286900 59.148575
v -114.174637 14.286900 57.930374
v -114.174637 14.286900 56.712173
v -114.174637 14.286900 55.493973
v -114.174637 14.286900 54.275772
v -113.192139 14.286900 64.021378
v -113.192139 14.286900 62.803177
v -113.192139 14.286900 61.584976
v -113.192139 14.286900 60.366776
v -113.192139 14.286900 59.148575
v -113.192139 14.286900 57.930374
v -113.192139 14.286900 56.712173
v -113.192139 14.286900 55.493973
v -113.192139 14.286900 54.275772
v -112.209633 14.286900 64.021378
v -112.209633 14.286900 62.803177
v -112.209633 14.286900 61.584976
v -112.209633 14.286900 60.366776
v -112.209633 14.286900 59.148575
v -112.209633 14.286900 57.930374
v -112.209633 14.286900 56.712173
v -112.209633 14.286900 55.493973
v -112.209633 14.286900 54.275772
v -118.104637 12.534086 54.275772
v -118.104637 12.534086 55.493973
v -118.104637 12.534086 56.712173
v -118.104637 12.534086 57.930374
v -118.104637 12.534086 59.148575
v -118.104637 12.534086 60.366776
v -118.104637 12.534086 61.584976
v -118.104637 12.534086 62.803177
v -118.104637 12.534086 64.021378
v -117.122131 12.534086 54.275772
v -117.122131 12.534086 55.493973
v -117.122131 12.534086 56.712173
v -117.122131 12.534086 57.930374
v -117.122131 12.534086 59.148575
v -117.122131 12.534086 60.366776
v -117.122131 12.534086 61.584976
v -117.122131 12.534086 62.803177
v -117.122131 12.534086 64.021378
v -116.139633 12.534086 54.275772
v -116.139633 12.534086 55.493973
v -116.139633 12.534086 56.712173
v -116.139633 12.534086 57.930374
v -116.139633 12.534086 59.148575
v -116.139633 12.534086 60.366776
v -116.139633 12.534086 61.584976
v -116.139633 12.534086 62.803177
v -116.139633 12.534086 64.021378
v -115.157135 12.534086 54.275772
v -115.157135 12.534086 55.493973
v -115.157135 12.534086 56.712173
v -115.157135 12.534086 57.930374
v -115.157135 12.534086 59.148575
v -115.157135 12.534086 60.366776
v -115.157135 12.534086 61.584976
v -115.157135 12.534086 62.803177
v -115.157135 12.534086 64.021378
v -114.174637 12.534086 54.275772
v -114.174637 12.534086 55.493973
v -114.174637 12.534086 56.712173
v -114.174637 12.534086 57.930374
v -114.174637 12.534086 59.148575
v -114.174637 12.534086 60.366776
v -114.174637 12.534086 61.584976
v -114.174637 12.534086 62.803177
v -114.174637 12.534086 64.021378
v -113.192139 12.534086 54.275772
v -113.192139 12.534086 55.493973
v -113.192139 12.534086 56.712173
v -113.192139 12.534086 57.930374
v -113.192139 12.534086 59.148575
v -113.192139 12.534086 60.366776
v -113.192139 12.534086 61.584976
v -113.192139 12.534086 62.803177
v -113.192139 12.534086 64.021378
v -112.209633 12.534086 54.275772
v -112.209633 12.534086 55.493973
v -112.209633 12.534086 56.712173
v -112.209633 12.534086 57.930374
v -112.209633 12.534086 59.148575
v -112.209633 12.534086 60.366776
v -112.209633 12.534086 61.584976
v -112.209633 12.534086 62.803177
v -112.209633 12.534086 64.021378
v -119.087135 12.753958 64.301361
v -119.087135 12.753958 64.959595
v -119.087135 13.955200 64.959595
v -119.087135 13.955200 64.301361
v -119.087135 12.753958 53.337559
v -119.087135 12.753958 53.995789
v -119.087135 13.955200 53.995789
v -119.087135 13.955200 53.337559
v -119.087135 12.753958 54.555759
v -119.087135 12.753958 55.213985
v -119.087135 13.955200 55.213985
v -119.087135 13.955200 54.555759
v -119.087135 12.753958 55.773960
v -119.087135 12.753958 56.432186
v -119.087135 13.955200 56.432186
v -119.087135 13.955200 55.773960
v -119.087135 12.753958 56.992161
v -119.087135 12.753958 57.650387
v -119.087135 13.955200 57.650387
v -119.087135 13.955200 56.992161
v -119.087135 12.753958 58.210361
v -119.087135 12.753958 58.868587
v -119.087135 13.955200 58.868587
v -119.087135 13.955200 58.210361
v -119.087135 12.753958 59.428562
v -119.087135 12.753958 60.086788
v -119.087135 13.955200 60.086788
v -119.087135 13.955200 59.428562
v -119.087135 12.753958 60.646763
v -119.087135 12.753958 61.304989
v -119.087135 13.955200 61.304989
v -119.087135 13.955200 60.646763
v -119.087135 12.753958 61.864964
v -119.087135 12.753958 62.523190
v -119.087135 13.955200 62.523190
v -119.087135 13.955200 61.864964
v -119.087135 12.753958 63.083164
v -119.087135 12.753958 63.741390
v -119.087135 13.955200 63.741390
v -119.087135 13.955200 63.083164
v -118.924377 12.753958 64.959595
v -118.924377 12.753958 64.301361
v -118.924377 13.955200 64.301361
v -118.924377 13.955200 64.959595
v -118.924377 12.753958 53.995789
v -118.924377 12.753958 53.337559
v -118.924377 13.955200 53.337559
v -118.924377 13.955200 53.995789
v -118.924377 12.753958 55.213985
v -118.924377 12.753958 54.555759
v -118.924377 13.955200 54.555759
v -118.924377 13.955200 55.213985
v -118.924377 12.753958 56.432186
v -118.924377 12.753958 55.773960
v -118.924377 13.955200 55.773960
v -118.924377 13.955200 56.432186
v -118.924377 12.753958 57.650387
v -118.924377 12.753958 56.992161
v -118.924377 13.955200 56.992161
v -118.924377 13.955200 57.650387
v -118.924377 12.753958 58.868587
v -118.924377 12.753958 58.210361
v -118.924377 13.955200 58.210361
v -118.924377 13.955200 58.868587
v -118.924377 12.753958 60.086788
v -118.924377 12.753958 59.428562
v -118.924377 13.955200 59.428562
v -118.924377 13.955200 60.086788
v -118.924377 12.753958 61.304989
v -118.924377 12.753958 60.646763
v -118.924377 13.955200 60.646763
v -118.924377 13.955200 61.304989
v -118.924377 12.753958 62.523190
v -118.924377 12.753958 61.864964
v -118.924377 13.955200 61.864964
v -118.924377 13.955200 62.523190
v -118.924377 12.753958 63.741390
v -118.924377 12.753958 63.083164
v -118.924377 13.955200 63.083164
v -118.924377 13.955200 63.741390
v -112.055176 12.746784 65.239578
v -111.381592 12.746784 65.239578
v -111.381592 13.962374 65.239578
v -112.055176 13.962374 65.239578
v -118.932678 12.746784 65.239578
v -118.259094 12.746784 65.239578
v -118.259094 13.962374 65.239578
v -118.932678 13.962374 65.239578
v -117.950180 12.746784 65.239578
v -117.276596 12.746784 65.239578
v -117.276588 13.962374 65.239578
v -117.950180 13.962374 65.239578
v -116.967674 12.746784 65.239578
v -116.294090 12.746784 65.239578
v -116.294090 13.962374 65.239578
v -116.967674 13.962374 65.239578
v -115.985176 12.746784 65.239578
v -115.311592 12.746784 65.239578
v -115.311592 13.962374 65.239578
v -115.985176 13.962374 65.239578
v -115.002678 12.746784 65.239578
v -114.329094 12.746784 65.239578
v -114.329094 13.962374 65.239578
v -115.002678 13.962374 65.239578
v -114.020180 12.746784 65.239578
v -113.346596 12.746784 65.239578
v -113.346596 13.962374 65.239578
v -114.020180 13.962374 65.239578
v -113.037682 12.746784 65.239578
v -112.364090 12.746784 65.239578
v -112.364090 13.962374 65.239578
v -113.037674 13.962374 65.239578
v -111.227135 12.749372 54.022522
v -111.227135 12.749372 53.310822
v -111.227135 13.959785 53.310822
v -111.227135 13.959785 54.022522
v -111.227135 12.749372 64.986328
v -111.227135 12.749372 64.274628
v -111.227135 13.959785 64.274628
v -111.227135 13.959785 64.986328
v -111.227135 12.749372 63.768127
v -111.227135 12.749372 63.056427
v -111.227135 13.959785 63.056427
v -111.227135 13.959785 63.768127
v -111.227135 12.749372 62.549927
v -111.227135 12.749372 61.838226
v -111.227135 13.959785 61.838226
v -111.227135 13.959785 62.549927
v -111.227135 12.749372 61.331726
v -111.227135 12.749372 60.620026
v -111.227135 13.959785 60.620026
v -111.227135 13.959785 61.331726
v -111.227135 12.749372 60.113525
v -111.227135 12.749372 59.401825
v -111.227135 13.959785 59.401825
v -111.227135 13.959785 60.113525
v -111.227135 12.749372 58.895325
v -111.227135 12.749372 58.183624
v -111.227135 13.959785 58.183624
v -111.227135 13.959785 58.895325
v -111.227135 12.749372 57.677124
v -111.227135 12.749372 56.965424
v -111.227135 13.959785 56.965424
v -111.227135 13.959785 57.677124
v -111.227135 12.749372 56.458923
v -111.227135 12.749372 55.747223
v -111.227135 13.959785 55.747223
v -111.227135 13.959785 56.458923
v -111.227135 12.749372 55.240723
v -111.227135 12.749372 54.529022
v -111.227135 13.959785 54.529022
v -111.227135 13.959785 55.240723
v -111.411263 12.749372 53.310822
v -111.411263 12.749372 54.022522
v -111.411263 13.959785 54.022522
v -111.411263 13.959785 53.310822
v -111.411263 12.749372 64.274628
v -111.411263 12.749372 64.986328
v -111.411263 13.959785 64.986328
v -111.411263 13.959785 64.274628
v -111.411263 12.749372 63.056427
v -111.411263 12.749372 63.768127
v -111.411263 13.959785 63.768127
v -111.411263 13.959785 63.056427
v -111.411263 12.749372 61.838226
v -111.411263 12.749372 62.549927
v -111.411263 13.959785 62.549927
v -111.411263 13.959785 61.838226
v -111.411263 12.749372 60.620026
v -111.411263 12.749372 61.331726
v -111.411263 13.959785 61.331726
v -111.411263 13.959785 60.620026
v -111.411263 12.749372 59.401825
v -111.411263 12.749372 60.113525
v -111.411263 13.959785 60.113525
v -111.411263 13.959785 59.401825
v -111.411263 12.749372 58.183624
v -111.411263 12.749372 58.895325
v -111.411263 13.959785 58.895325
v -111.411263 13.959785 58.183624
v -111.411263 12.749372 56.965424
v -111.411263 12.749372 57.677124
v -111.411263 13.959785 57.677124
v -111.411263 13.959785 56.965424
v -111.411263 12.749372 55.747223
v -111.411263 12.749372 56.458923
v -111.411263 13.959785 56.458923
v -111.411263 13.959785 55.747223
v -111.411263 12.749372 54.529022
v -111.411263 12.749372 55.240723
v -111.411263 13.959785 55.240723
v -111.411263 13.959785 54.529022
v -118.336571 12.767277 53.057571
v -118.855202 12.767277 53.057571
v -118.855202 13.941883 53.057571
v -118.336571 13.941883 53.057571
v -111.459068 12.767277 53.057571
v -111.977699 12.767277 53.057571
v -111.977699 13.941883 53.057571
v -111.459068 13.941883 53.057571
v -112.441566 12.767277 53.057571
v -112.960205 12.767277 53.057571
v -112.960205 13.941883 53.057571
v -112.441566 13.941883 53.057571
v -113.424072 12.767277 53.057571
v -113.942703 12.767277 53.057571
v -113.942703 13.941883 53.057571
v -113.424072 13.941883 53.057571
v -114.406570 12.767277 53.057571
v -114.925201 12.767277 53.057571
v -114.925201 13.941883 53.057571
v -114.406570 13.941883 53.057571
v -115.389069 12.767277 53.057571
v -115.907700 12.767277 53.057571
v -115.907700 13.941883 53.057571
v -115.389069 13.941883 53.057571
v -116.371567 12.767277 53.057571
v -116.890198 12.767277 53.057571
v -116.890198 13.941883 53.057571
v -116.371567 13.941883 53.057571
v -117.354065 12.767277 53.057571
v -117.872704 12.767277 53.057571
v -117.872704 13.941883 53.057571
v -117.354065 13.941883 53.057571
v -118.855202 12.767277 53.262691
v -118.336571 12.767277 53.262691
v -118.336571 13.941883 53.262691
v -118.855202 13.941883 53.262691
v -111.977699 12.767277 53.262691
v -111.459068 12.767277 53.262691
v -111.459068 13.941883 53.262691
v -111.977699 13.941883 53.262691
v -112.960205 12.767277 53.262691
v -112.441566 12.767277 53.262691
v -112.441566 13.941883 53.262691
v -112.960205 13.941883 53.262691
v -113.942703 12.767277 53.262691
v -113.424072 12.767277 53.262691
v -113.424072 13.941883 53.262691
v -113.942703 13.941883 53.262691
v -114.925201 12.767277 53.262691
v -114.406570 12.767277 53.262691
v -114.406570 13.941883 53.262691
v -114.925201 13.941883 53.262691
v -115.907700 12.767277 53.262691
v -115.389069 12.767277 53.262691
v -115.389069 13.941883 53.262691
v -115.907700 13.941883 53.262691
v -116.890198 12.767277 53.262691
v -116.371567 12.767277 53.262691
v -116.371567 13.941883 53.262691
v -116.890198 13.941883 53.262691
v -117.872704 12.767277 53.262691
v -117.354065 12.767277 53.262691
v -117.354065 13.941883 53.262691
v -117.872704 13.941883 53.262691
v -119.087135 14.286900 65.239578
v -111.227135 14.286900 65.239578
v -119.087135 14.286900 53.057571
v -111.227135 14.286900 53.057571
v -119.087135 15.756035 53.057571
v -119.087135 15.756035 65.239578
v -111.227135 15.756035 65.239578
v -111.227135 15.756035 53.057571
v -119.087135 16.039711 53.057571
v -119.087135 16.039711 65.239578
v -111.227135 16.039711 65.239578
v -111.227135 16.039711 53.057571
v -119.464592 15.756035 52.475563
v -119.464592 15.756035 65.821587
v -110.849678 15.756035 65.821587
v -110.849678 15.756035 52.475563
v -119.464592 16.039711 52.475563
v -119.464592 16.039711 65.821587
v -110.849678 16.039711 65.821587
v -110.849678 16.039711 52.475563
v -119.087135 14.458748 53.057571
v -111.227135 14.458748 53.057571
v -111.227135 14.458748 65.239578
v -119.087135 14.458748 65.239578
v -118.104637 14.286900 65.239578
v -117.122131 14.286900 65.239578
v -116.139633 14.286900 65.239578
v -115.157135 14.286900 65.239578
v -114.174637 14.286900 65.239578
v -113.192139 14.286900 65.239578
v -112.209633 14.286900 65.239578
v -112.209633 14.286900 53.057571
v -113.192139 14.286900 53.057571
v -114.174637 14.286900 53.057571
v -115.157135 14.286900 53.057571
v -116.139633 14.286900 53.057571
v -117.122131 14.286900 53.057571
v -118.104637 14.286900 53.057571
v -118.104637 15.756035 65.239578
v -117.122131 15.756035 65.239578
v -116.139633 15.756035 65.239578
v -115.157135 15.756035 65.239578
v -114.174637 15.756035 65.239578
v -113.192139 15.756035 65.239578
v -112.209633 15.756035 65.239578
v -112.209633 15.756035 53.057571
v -113.192139 15.756035 53.057571
v -114.174637 15.756035 53.057571
v -115.157135 15.756035 53.057571
v -116.139633 15.756035 53.057571
v -117.122131 15.756035 53.057571
v -118.104637 15.756035 53.057571
v -118.104637 16.039711 65.239578
v -117.122131 16.039711 65.239578
v -116.139633 16.039711 65.239578
v -115.157135 16.039711 65.239578
v -114.174637 16.039711 65.239578
v -113.192139 16.039711 65.239578
v -112.209633 16.039711 65.239578
v -112.209633 16.039711 53.057571
v -113.192139 16.039711 53.057571
v -114.174637 16.039711 53.057571
v -115.157135 16.039711 53.057571
v -116.139633 16.039711 53.057571
v -117.122131 16.039711 53.057571
v -118.104637 16.039711 53.057571
v -118.387726 15.756035 65.821587
v -117.310860 15.756035 65.821587
v -116.234001 15.756035 65.821587
v -115.157135 15.756035 65.821587
v -114.080269 15.756035 65.821587
v -113.003410 15.756035 65.821587
v -111.926544 15.756035 65.821587
v -111.926544 15.756035 52.475563
v -113.003410 15.756035 52.475563
v -114.080269 15.756035 52.475563
v -115.157135 15.756035 52.475563
v -116.234001 15.756035 52.475563
v -117.310860 15.756035 52.475563
v -118.387726 15.756035 52.475563
v -118.387726 16.039711 65.821587
v -117.310860 16.039711 65.821587
v -116.234001 16.039711 65.821587
v -115.157135 16.039711 65.821587
v -114.080269 16.039711 65.821587
v -113.003410 16.039711 65.821587
v -111.926544 16.039711 65.821587
v -111.926544 16.039711 52.475563
v -113.003410 16.039711 52.475563
v -114.080269 16.039711 52.475563
v -115.157135 16.039711 52.475563
v -116.234001 16.039711 52.475563
v -117.310860 16.039711 52.475563
v -118.387726 16.039711 52.475563
v -112.209633 14.458748 65.239578
v -113.192139 14.458748 65.239578
v -114.174637 14.458748 65.239578
v -115.157135 14.458748 65.239578
v -116.139633 14.458748 65.239578
v -117.122131 14.458748 65.239578
v -118.104637 14.458748 65.239578
v -118.104637 14.458748 53.057571
v -117.122131 14.458748 53.057571
v -116.139633 14.458748 53.057571
v -115.157135 14.458748 53.057571
v -114.174637 14.458748 53.057571
v -113.192139 14.458748 53.057571
v -112.209633 14.458748 53.057571
v -119.087135 14.286900 54.275772
v -119.087135 14.286900 55.493973
v -119.087135 14.286900 56.712173
v -119.087135 14.286900 57.930374
v -119.087135 14.286900 59.148575
v -119.087135 14.286900 60.366776
v -119.087135 14.286900 61.584976
v -119.087135 14.286900 62.803177
v -119.087135 14.286900 64.021378
v -111.227135 14.286900 64.021378
v -111.227135 14.286900 62.803177
v -111.227135 14.286900 61.584976
v -111.227135 14.286900 60.366776
v -111.227135 14.286900 59.148575
v -111.227135 14.286900 57.930374
v -111.227135 14.286900 56.712173
v -111.227135 14.286900 55.493973
v -111.227135 14.286900 54.275772
v -119.087135 15.756035 54.275772
v -119.087135 15.756035 55.493973
v -119.087135 15.756035 56.712173
v -119.087135 15.756035 57.930374
v -119.087135 15.756035 59.148575
v -119.087135 15.756035 60.366776
v -119.087135 15.756035 61.584976
v -119.087135 15.756035 62.803177
v -119.087135 15.756035 64.021378
v -111.227135 15.756035 64.021378
v -111.227135 15.756035 62.803177
v -111.227135 15.756035 61.584976
v -111.227135 15.756035 60.366776
v -111.227135 15.756035 59.148575
v -111.227135 15.756035 57.930374
v -111.227135 15.756035 56.712173
v -111.227135 15.756035 55.493973
v -111.227135 15.756035 54.275772
v -119.087135 16.039711 54.275772
v -119.087135 16.039711 55.493973
v -119.087135 16.039711 56.712173
v -119.087135 16.039711 57.930374
v -119.087135 16.039711 59.148575
v -119.087135 16.039711 60.366776
v -119.087135 16.039711 61.584976
v -119.087135 16.039711 62.803177
v -119.087135 16.039711 64.021378
v -111.227135 16.039711 64.021378
v -111.227135 16.039711 62.803177
v -111.227135 16.039711 61.584976
v -111.227135 16.039711 60.366776
v -111.227135 16.039711 59.148575
v -111.227135 16.039711 57.930374
v -111.227135 16.039711 56.712173
v -111.227135 16.039711 55.493973
v -111.227135 16.039711 54.275772
v -119.464592 15.756035 53.810165
v -119.464592 15.756035 55.144768
v -119.464592 15.756035 56.479370
v -119.464592 15.756035 57.813972
v -119.464592 15.756035 59.148575
v -119.464592 15.756035 60.483177
v -119.464592 15.756035 61.817780
v -119.464592 15.756035 63.152382
v -119.464592 15.756035 64.486984
v -110.849678 15.756035 64.486984
v -110.849678 15.756035 63.152382
v -110.849678 15.756035 61.817780
v -110.849678 15.756035 60.483177
v -110.849678 15.756035 59.148575
v -110.849678 15.756035 57.813972
v -110.849678 15.756035 56.479370
v -110.849678 15.756035 55.144768
v -110.849678 15.756035 53.810165
v -119.464592 16.039711 53.810165
v -119.464592 16.039711 55.144768
v -119.464592 16.039711 56.479370
v -119.464592 16.039711 57.813972
v -119.464592 16.039711 59.148575
v -119.464592 16.039711 60.483177
v -119.464592 16.039711 61.817780
v -119.464592 16.039711 63.152382
v -119.464592 16.039711 64.486984
v -110.849678 16.039711 64.486984
v -110.849678 16.039711 63.152382
v -110.849678 16.039711 61.817780
v -110.849678 16.039711 60.483177
v -110.849678 16.039711 59.148575
v -110.849678 16.039711 57.813972
v -110.849678 16.039711 56.479370
v -110.849678 16.039711 55.144768
v -110.849678 16.039711 53.810165
v -119.087135 14.458748 64.021378
v -119.087135 14.458748 62.803177
v -119.087135 14.458748 61.584976
v -119.087135 14.458748 60.366776
v -119.087135 14.458748 59.148575
v -119.087135 14.458748 57.930374
v -119.087135 14.458748 56.712173
v -119.087135 14.458748 55.493973
v -119.087135 14.458748 54.275772
v -111.227135 14.458748 54.275772
v -111.227135 14.458748 55.493973
v -111.227135 14.458748 56.712173
v -111.227135 14.458748 57.930374
v -111.227135 14.458748 59.148575
v -111.227135 14.458748 60.366776
v -111.227135 14.458748 61.584976
v -111.227135 14.458748 62.803177
v -111.227135 14.458748 64.021378
v -118.104637 16.039711 64.021378
v -118.104637 16.039711 62.803177
v -118.104637 16.039711 61.584976
v -118.104637 16.039711 60.366776
v -118.104637 16.039711 59.148575
v -118.104637 16.039711 57.930374
v -118.104637 16.039711 56.712173
v -118.104637 16.039711 55.493973
v -118.104637 16.039711 54.275772
v -117.122131 16.039711 64.021378
v -117.122131 16.039711 62.803177
v -117.122131 16.039711 61.584976
v -117.122131 16.039711 60.366776
v -117.122131 16.039711 59.148575
v -117.122131 16.039711 57.930374
v -117.122131 16.039711 56.712173
v -117.122131 16.039711 55.493973
v -117.122131 16.039711 54.275772
v -116.139633 16.039711 64.021378
v -116.139633 16.039711 62.803177
v -116.139633 16.039711 61.584976
v -116.139633 16.039711 60.366776
v -116.139633 16.039711 59.148575
v -116.139633 16.039711 57.930374
v -116.139633 16.039711 56.712173
v -116.139633 16.039711 55.493973
v -116.139633 16.039711 54.275772
v -115.157135 16.039711 64.021378
v -115.157135 16.039711 62.803177
v -115.157135 16.039711 61.584976
v -115.157135 16.039711 60.366776
v -115.157135 16.039711 59.148575
v -115.157135 16.039711 57.930374
v -115.157135 16.039711 56.712173
v -115.157135 16.039711 55.493973
v -115.157135 16.039711 54.275772
v -114.174637 16.039711 64.021378
v -114.174637 16.039711 62.803177
v -114.174637 16.039711 61.584976
v -114.174637 16.039711 60.366776
v -114.174637 16.039711 59.148575
v -114.174637 16.039711 57.930374
v -114.174637 16.039711 56.712173
v -114.174637 16.039711 55.493973
v -114.174637 16.039711 54.275772
v -113.192139 16.039711 64.021378
v -113.192139 16.039711 62.803177
v -113.192139 16.039711 61.584976
v -113.192139 16.039711 60.366776
v -113.192139 16.039711 59.148575
v -113.192139 16.039711 57.930374
v -113.192139 16.039711 56.712173
v -113.192139 16.039711 55.493973
v -113.192139 16.039711 54.275772
v -112.209633 16.039711 64.021378
v -112.209633 16.039711 62.803177
v -112.209633 16.039711 61.584976
v -112.209633 16.039711 60.366776
v -112.209633 16.039711 59.148575
v -112.209633 16.039711 57.930374
v -112.209633 16.039711 56.712173
v -112.209633 16.039711 55.493973
v -112.209633 16.039711 54.275772
v -118.104637 14.286900 54.275772
v -118.104637 14.286900 55.493973
v -118.104637 14.286900 56.712173
v -118.104637 14.286900 57.930374
v -118.104637 14.286900 59.148575
v -118.104637 14.286900 60.366776
v -118.104637 14.286900 61.584976
v -118.104637 14.286900 62.803177
v -118.104637 14.286900 64.021378
v -117.122131 14.286900 54.275772
v -117.122131 14.286900 55.493973
v -117.122131 14.286900 56.712173
v -117.122131 14.286900 57.930374
v -117.122131 14.286900 59.148575
v -117.122131 14.286900 60.366776
v -117.122131 14.286900 61.584976
v -117.122131 14.286900 62.803177
v -117.122131 14.286900 64.021378
v -116.139633 14.286900 54.275772
v -116.139633 14.286900 55.493973
v -116.139633 14.286900 56.712173
v -116.139633 14.286900 57.930374
v -116.139633 14.286900 59.148575
v -116.139633 14.286900 60.366776
v -116.139633 14.286900 61.584976
v -116.139633 14.286900 62.803177
v -116.139633 14.286900 64.021378
v -115.157135 14.286900 54.275772
v -115.157135 14.286900 55.493973
v -115.157135 14.286900 56.712173
v -115.157135 14.286900 57.930374
v -115.157135 14.286900 59.148575
v -115.157135 14.286900 60.366776
v -115.157135 14.286900 61.584976
v -115.157135 14.286900 62.803177
v -115.157135 14.286900 64.021378
v -114.174637 14.286900 54.275772
v -114.174637 14.286900 55.493973
v -114.174637 14.286900 56.712173
v -114.174637 14.286900 57.930374
v -114.174637 14.286900 59.148575
v -114.174637 14.286900 60.366776
v -114.174637 14.286900 61.584976
v -114.174637 14.286900 62.803177
v -114.174637 14.286900 64.021378
v -113.192139 14.286900 54.275772
v -113.192139 14.286900 55.493973
v -113.192139 14.286900 56.712173
v -113.192139 14.286900 57.930374
v -113.192139 14.286900 59.148575
v -113.192139 14.286900 60.366776
v -113.192139 14.286900 61.584976
v -113.192139 14.286900 62.803177
v -113.192139 14.286900 64.021378
v -112.209633 14.286900 54.275772
v -112.209633 14.286900 55.493973
v -112.209633 14.286900 56.712173
v -112.209633 14.286900 57.930374
v -112.209633 14.286900 59.148575
v -112.209633 14.286900 60.366776
v -112.209633 14.286900 61.584976
v -112.209633 14.286900 62.803177
v -112.209633 14.286900 64.021378
v -119.087135 14.506769 64.301361
v -119.087135 14.506769 64.959595
v -119.087135 15.708012 64.959595
v -119.087135 15.708012 64.301361
v -119.087135 14.506769 53.337559
v -119.087135 14.506769 53.995789
v -119.087135 15.708012 53.995789
v -119.087135 15.708012 53.337559
v -119.087135 14.506769 54.555759
v -119.087135 14.506769 55.213985
v -119.087135 15.708012 55.213985
v -119.087135 15.708012 54.555759
v -119.087135 14.506769 55.773960
v -119.087135 14.506769 56.432186
v -119.087135 15.708012 56.432186
v -119.087135 15.708012 55.773960
v -119.087135 14.506769 56.992161
v -119.087135 14.506769 57.650387
v -119.087135 15.708012 57.650387
v -119.087135 15.708012 56.992161
v -119.087135 14.506769 58.210361
v -119.087135 14.506769 58.868587
v -119.087135 15.708012 58.868587
v -119.087135 15.708012 58.210361
v -119.087135 14.506769 59.428562
v -119.087135 14.506769 60.086788
v -119.087135 15.708012 60.086788
v -119.087135 15.708012 59.428562
v -119.087135 14.506769 60.646763
v -119.087135 14.506769 61.304989
v -119.087135 15.708012 61.304989
v -119.087135 15.708012 60.646763
v -119.087135 14.506769 61.864964
v -119.087135 14.506769 62.523190
v -119.087135 15.708012 62.523190
v -119.087135 15.708012 61.864964
v -119.087135 14.506769 63.083164
v -119.087135 14.506769 63.741390
v -119.087135 15.708012 63.741390
v -119.087135 15.708012 63.083164
v -118.924377 14.506769 64.959595
v -118.924377 14.506769 64.301361
v -118.924377 15.708012 64.301361
v -118.924377 15.708012 64.959595
v -118.924377 14.506769 53.995789
v -118.924377 14.506769 53.337559
v -118.924377 15.708012 53.337559
v -118.924377 15.708012 53.995789
v -118.924377 14.506769 55.213985
v -118.924377 14.506769 54.555759
v -118.924377 15.708012 54.555759
v -118.924377 15.708012 55.213985
v -118.924377 14.506769 56.432186
v -118.924377 14.506769 55.773960
v -118.924377 15.708012 55.773960
v -118.924377 15.708012 56.432186
v -118.924377 14.506769 57.650387
v -118.924377 14.506769 56.992161
v -118.924377 15.708012 56.992161
v -118.924377 15.708012 57.650387
v -118.924377 14.506769 58.868587
v -118.924377 14.506769 58.210361
v -118.924377 15.708012 58.210361
v -118.924377 15.708012 58.868587
v -118.924377 14.506769 60.086788
v -118.924377 14.506769 59.428562
v -118.924377 15.708012 59.428562
v -118.924377 15.708012 60.086788
v -118.924377 14.506769 61.304989
v -118.924377 14.506769 60.646763
v -118.924377 15.708012 60.646763
v -118.924377 15.708012 61.304989
v -118.924377 14.506769 62.523190
v -118.924377 14.506769 61.864964
v -118.924377 15.708012 61.864964
v -118.924377 15.708012 62.523190
v -118.924377 14.506769 63.741390
v -118.924377 14.506769 63.083164
v -118.924377 15.708012 63.083164
v -118.924377 15.708012 63.741390
v -112.055176 14.499598 65.239578
v -111.381592 14.499598 65.239578
v -111.381592 15.715185 65.239578
v -112.055176 15.715185 65.239578
v -118.932678 14.499598 65.239578
v -118.259094 14.499598 65.239578
v -118.259094 15.715185 65.239578
v -118.932678 15.715185 65.239578
v -117.950180 14.499598 65.239578
v -117.276596 14.499598 65.239578
v -117.276588 15.715185 65.239578
v -117.950180 15.715185 65.239578
v -116.967674 14.499598 65.239578
v -116.294090 14.499598 65.239578
v -116.294090 15.715185 65.239578
v -116.967674 15.715185 65.239578
v -115.985176 14.499598 65.239578
v -115.311592 14.499598 65.239578
v -115.311592 15.715185 65.239578
v -115.985176 15.715185 65.239578
v -115.002678 14.499598 65.239578
v -114.329094 14.499598 65.239578
v -114.329094 15.715185 65.239578
v -115.002678 15.715185 65.239578
v -114.020180 14.499598 65.239578
v -113.346596 14.499598 65.239578
v -113.346596 15.715185 65.239578
v -114.020180 15.715185 65.239578
v -113.037682 14.499598 65.239578
v -112.364090 14.499598 65.239578
v -112.364090 15.715185 65.239578
v -113.037674 15.715185 65.239578
v -111.227135 14.502184 54.022522
v -111.227135 14.502184 53.310822
v -111.227135 15.712597 53.310822
v -111.227135 15.712597 54.022522
v -111.227135 14.502184 64.986328
v -111.227135 14.502184 64.274628
v -111.227135 15.712597 64.274628
v -111.227135 15.712597 64.986328
v -111.227135 14.502184 63.768127
v -111.227135 14.502184 63.056427
v -111.227135 15.712597 63.056427
v -111.227135 15.712597 63.768127
v -111.227135 14.502184 62.549927
v -111.227135 14.502184 61.838226
v -111.227135 15.712597 61.838226
v -111.227135 15.712597 62.549927
v -111.227135 14.502184 61.331726
v -111.227135 14.502184 60.620026
v -111.227135 15.712597 60.620026
v -111.227135 15.712597 61.331726
v -111.227135 14.502184 60.113525
v -111.227135 14.502184 59.401825
v -111.227135 15.712597 59.401825
v -111.227135 15.712597 60.113525
v -111.227135 14.502184 58.895325
v -111.227135 14.502184 58.183624
v -111.227135 15.712597 58.183624
v -111.227135 15.712597 58.895325
v -111.227135 14.502184 57.677124
v -111.227135 14.502184 56.965424
v -111.227135 15.712597 56.965424
v -111.227135 15.712597 57.677124
v -111.227135 14.502184 56.458923
v -111.227135 14.502184 55.747223
v -111.227135 15.712597 55.747223
v -111.227135 15.712597 56.458923
v -111.227135 14.502184 55.240723
v -111.227135 14.502184 54.529022
v -111.227135 15.712597 54.529022
v -111.227135 15.712597 55.240723
v -111.411263 14.502184 53.310822
v -111.411263 14.502184 54.022522
v -111.411263 15.712597 54.022522
v -111.411263 15.712597 53.310822
v -111.411263 14.502184 64.274628
v -111.411263 14.502184 64.986328
v -111.411263 15.712597 64.986328
v -111.411263 15.712597 64.274628
v -111.411263 14.502184 63.056427
v -111.411263 14.502184 63.768127
v -111.411263 15.712597 63.768127
v -111.411263 15.712597 63.056427
v -111.411263 14.502184 61.838226
v -111.411263 14.502184 62.549927
v -111.411263 15.712597 62.549927
v -111.411263 15.712597 61.838226
v -111.411263 14.502184 60.620026
v -111.411263 14.502184 61.331726
v -111.411263 15.712597 61.331726
v -111.411263 15.712597 60.620026
v -111.411263 14.502184 59.401825
v -111.411263 14.502184 60.113525
v -111.411263 15.712597 60.113525
v -111.411263 15.712597 59.401825
v -111.411263 14.502184 58.183624
v -111.411263 14.502184 58.895325
v -111.411263 15.712597 58.895325
v -111.411263 15.712597 58.183624
v -111.411263 14.502184 56.965424
v -111.411263 14.502184 57.677124
v -111.411263 15.712597 57.677124
v -111.411263 15.712597 56.965424
v -111.411263 14.502184 55.747223
v -111.411263 14.502184 56.458923
v -111.411263 15.712597 56.458923
v -111.411263 15.712597 55.747223
v -111.411263 14.502184 54.529022
v -111.411263 14.502184 55.240723
v -111.411263 15.712597 55.240723
v -111.411263 15.712597 54.529022
v -118.336571 14.520088 53.057571
v -118.855202 14.520088 53.057571
v -118.855202 15.694695 53.057571
v -118.336571 15.694695 53.057571
v -111.459068 14.520088 53.057571
v -111.977699 14.520088 53.057571
v -111.977699 15.694695 53.057571
v -111.459068 15.694695 53.057571
v -112.441566 14.520088 53.057571
v -112.960205 14.520088 53.057571
v -112.960205 15.694695 53.057571
v -112.441566 15.694695 53.057571
v -113.424072 14.520088 53.057571
v -113.942703 14.520088 53.057571
v -113.942703 15.694695 53.057571
v -113.424072 15.694695 53.057571
v -114.406570 14.520088 53.057571
v -114.925201 14.520088 53.057571
v -114.925201 15.694695 53.057571
v -114.406570 15.694695 53.057571
v -115.389069 14.520088 53.057571
v -115.907700 14.520088 53.057571
v -115.907700 15.694695 53.057571
v -115.389069 15.694695 53.057571
v -116.371567 14.520088 53.057571
v -116.890198 14.520088 53.057571
v -116.890198 15.694695 53.057571
v -116.371567 15.694695 53.057571
v -117.354065 14.520088 53.057571
v -117.872704 14.520088 53.057571
v -117.872704 15.694695 53.057571
v -117.354065 15.694695 53.057571
v -118.855202 14.520088 53.262691
v -118.336571 14.520088 53.262691
v -118.336571 15.694695 53.262691
v -118.855202 15.694695 53.262691
v -111.977699 14.520088 53.262691
v -111.459068 14.520088 53.262691
v -111.459068 15.694695 53.262691
v -111.977699 15.694695 53.262691
v -112.960205 14.520088 53.262691
v -112.441566 14.520088 53.262691
v -112.441566 15.694695 53.262691
v -112.960205 15.694695 53.262691
v -113.942703 14.520088 53.262691
v -113.424072 14.520088 53.262691
v -113.424072 15.694695 53.262691
v -113.942703 15.694695 53.262691
v -114.925201 14.520088 53.262691
v -114.406570 14.520088 53.262691
v -114.406570 15.694695 53.262691
v -114.925201 15.694695 53.262691
v -115.907700 14.520088 53.262691
v -115.389069 14.520088 53.262691
v -115.389069 15.694695 53.262691
v -115.907700 15.694695 53.262691
v -116.890198 14.520088 53.262691
v -116.371567 14.520088 53.262691
v -116.371567 15.694695 53.262691
v -116.890198 15.694695 53.262691
v -117.872704 14.520088 53.262691
v -117.354065 14.520088 53.262691
v -117.354065 15.694695 53.262691
v -117.872704 15.694695 53.262691
v -119.087135 16.039711 65.239578
v -111.227135 16.039711 65.239578
v -119.087135 16.039711 53.057571
v -111.227135 16.039711 53.057571
v -119.087135 17.508846 53.057571
v -119.087135 17.508846 65.239578
v -111.227135 17.508846 65.239578
v -111.227135 17.508846 53.057571
v -119.087135 17.792522 53.057571
v -119.087135 17.792522 65.239578
v -111.227135 17.792522 65.239578
v -111.227135 17.792522 53.057571
v -119.464592 17.508846 52.475563
v -119.464592 17.508846 65.821587
v -110.849678 17.508846 65.821587
v -110.849678 17.508846 52.475563
v -119.464592 17.792522 52.475563
v -119.464592 17.792522 65.821587
v -110.849678 17.792522 65.821587
v -110.849678 17.792522 52.475563
v -119.087135 16.211559 53.057571
v -111.227135 16.211559 53.057571
v -111.227135 16.211559 65.239578
v -119.087135 16.211559 65.239578
v -118.104637 16.039711 65.239578
v -117.122131 16.039711 65.239578
v -116.139633 16.039711 65.239578
v -115.157135 16.039711 65.239578
v -114.174637 16.039711 65.239578
v -113.192139 16.039711 65.239578
v -112.209633 16.039711 65.239578
v -112.209633 16.039711 53.057571
v -113.192139 16.039711 53.057571
v -114.174637 16.039711 53.057571
v -115.157135 16.039711 53.057571
v -116.139633 16.039711 53.057571
v -117.122131 16.039711 53.057571
v -118.104637 16.039711 53.057571
v -118.104637 17.508846 65.239578
v -117.122131 17.508846 65.239578
v -116.139633 17.508846 65.239578
v -115.157135 17.508846 65.239578
v -114.174637 17.508846 65.239578
v -113.192139 17.508846 65.239578
v -112.209633 17.508846 65.239578
v -112.209633 17.508846 53.057571
v -113.192139 17.508846 53.057571
v -114.174637 17.508846 53.057571
v -115.157135 17.508846 53.057571
v -116.139633 17.508846 53.057571
v -117.122131 17.508846 53.057571
v -118.104637 17.508846 53.057571
v -118.104637 17.792522 65.239578
v -117.122131 17.792522 65.239578
v -116.139633 17.792522 65.239578
v -115.157135 17.792522 65.239578
v -114.174637 17.792522 65.239578
v -113.192139 17.792522 65.239578
v -112.209633 17.792522 65.239578
v -112.209633 17.792522 53.057571
v -113.192139 17.792522 53.057571
v -114.174637 17.792522 53.057571
v -115.157135 17.792522 53.057571
v -116.139633 17.792522 53.057571
v -117.122131 17.792522 53.057571
v -118.104637 17.792522 53.057571
v -118.387726 17.508846 65.821587
v -117.310860 17.508846 65.821587
v -116.234001 17.508846 65.821587
v -115.157135 17.508846 65.821587
v -114.080269 17.508846 65.821587
v -113.003410 17.508846 65.821587
v -111.926544 17.508846 65.821587
v -111.926544 17.508846 52.475563
v -113.003410 17.508846 52.475563
v -114.080269 17.508846 52.475563
v -115.157135 17.508846 52.475563
v -116.234001 17.508846 52.475563
v -117.310860 17.508846 52.475563
v -118.387726 17.508846 52.475563
v -118.387726 17.792522 65.821587
v -117.310860 17.792522 65.821587
v -116.234001 17.792522 65.821587
v -115.157135 17.792522 65.821587
v -114.080269 17.792522 65.821587
v -113.003410 17.792522 65.821587
v -111.926544 17.792522 65.821587
v -111.926544 17.792522 52.475563
v -113.003410 17.792522 52.475563
v -114.080269 17.792522 52.475563
v -115.157135 17.792522 52.475563
v -116.234001 17.792522 52.475563
v -117.310860 17.792522 52.475563
v -118.387726 17.792522 52.475563
v -112.209633 16.211559 65.239578
v -113.192139 16.211559 65.239578
v -114.174637 16.211559 65.239578
v -115.157135 16.211559 65.239578
v -116.139633 16.211559 65.239578
v -117.122131 16.211559 65.239578
v -118.104637 16.211559 65.239578
v -118.104637 16.211559 53.057571
v -117.122131 16.211559 53.057571
v -116.139633 16.211559 53.057571
v -115.157135 16.211559 53.057571
v -114.174637 16.211559 53.057571
v -113.192139 16.211559 53.057571
v -112.209633 16.211559 53.057571
v -119.087135 16.039711 54.275772
v -119.087135 16.039711 55.493973
v -119.087135 16.039711 56.712173
v -119.087135 16.039711 57.930374
v -119.087135 16.039711 59.148575
v -119.087135 16.039711 60.366776
v -119.087135 16.039711 61.584976
v -119.087135 16.039711 62.803177
v -119.087135 16.039711 64.021378
v -111.227135 16.039711 64.021378
v -111.227135 16.039711 62.803177
v -111.227135 16.039711 61.584976
v -111.227135 16.039711 60.366776
v -111.227135 16.039711 59.148575
v -111.227135 16.039711 57.930374
v -111.227135 16.039711 56.712173
v -111.227135 16.039711 55.493973
v -111.227135 16.039711 54.275772
v -119.087135 17.508846 54.275772
v -119.087135 17.508846 55.493973
v -119.087135 17.508846 56.712173
v -119.087135 17.508846 57.930374
v -119.087135 17.508846 59.148575
v -119.087135 17.508846 60.366776
v -119.087135 17.508846 61.584976
v -119.087135 17.508846 62.803177
v -119.087135 17.508846 64.021378
v -111.227135 17.508846 64.021378
v -111.227135 17.508846 62.803177
v -111.227135 17.508846 61.584976
v -111.227135 17.508846 60.366776
v -111.227135 17.508846 59.148575
v -111.227135 17.508846 57.930374
v -111.227135 17.508846 56.712173
v -111.227135 17.508846 55.493973
v -111.227135 17.508846 54.275772
v -119.087135 17.792522 54.275772
v -119.087135 17.792522 55.493973
v -119.087135 17.792522 56.712173
v -119.087135 17.792522 57.930374
v -119.087135 17.792522 59.148575
v -119.087135 17.792522 60.366776
v -119.087135 17.792522 61.584976
v -119.087135 17.792522 62.803177
v -119.087135 17.792522 64.021378
v -111.227135 17.792522 64.021378
v -111.227135 17.792522 62.803177
v -111.227135 17.792522 61.584976
v -111.227135 17.792522 60.366776
v -111.227135 17.792522 59.148575
v -111.227135 17.792522 57.930374
v -111.227135 17.792522 56.712173
v -111.227135 17.792522 55.493973
v -111.227135 17.792522 54.275772
v -119.464592 17.508846 53.810165
v -119.464592 17.508846 55.144768
v -119.464592 17.508846 56.479370
v -119.464592 17.508846 57.813972
v -119.464592 17.508846 59.148575
v -119.464592 17.508846 60.483177
v -119.464592 17.508846 61.817780
v -119.464592 17.508846 63.152382
v -119.464592 17.508846 64.486984
v -110.849678 17.508846 64.486984
v -110.849678 17.508846 63.152382
v -110.849678 17.508846 61.817780
v -110.849678 17.508846 60.483177
v -110.849678 17.508846 59.148575
v -110.849678 17.508846 57.813972
v -110.849678 17.508846 56.479370
v -110.849678 17.508846 55.144768
v -110.849678 17.508846 53.810165
v -119.464592 17.792522 53.810165
v -119.464592 17.792522 55.144768
v -119.464592 17.792522 56.479370
v -119.464592 17.792522 57.813972
v -119.464592 17.792522 59.148575
v -119.464592 17.792522 60.483177
v -119.464592 17.792522 61.817780
v -119.464592 17.792522 63.152382
v -119.464592 17.792522 64.486984
v -110.849678 17.792522 64.486984
v -110.849678 17.792522 63.152382
v -110.849678 17.792522 61.817780
v -110.849678 17.792522 60.483177
v -110.849678 17.792522 59.148575
v -110.849678 17.792522 57.813972
v -110.849678 17.792522 56.479370
v -110.849678 17.792522 55.144768
v -110.849678 17.792522 53.810165
v -119.087135 16.211559 64.021378
v -119.087135 16.211559 62.803177
v -119.087135 16.211559 61.584976
v -119.087135 16.211559 60.366776
v -119.087135 16.211559 59.148575
v -119.087135 16.211559 57.930374
v -119.087135 16.211559 56.712173
v -119.087135 16.211559 55.493973
v -119.087135 16.211559 54.275772
v -111.227135 16.211559 54.275772
v -111.227135 16.211559 55.493973
v -111.227135 16.211559 56.712173
v -111.227135 16.211559 57.930374
v -111.227135 16.211559 59.148575
v -111.227135 16.211559 60.366776
v -111.227135 16.211559 61.584976
v -111.227135 16.211559 62.803177
v -111.227135 16.211559 64.021378
v -118.104637 17.792522 64.021378
v -118.104637 17.792522 62.803177
v -118.104637 17.792522 61.584976
v -118.104637 17.792522 60.366776
v -118.104637 17.792522 59.148575
v -118.104637 17.792522 57.930374
v -118.104637 17.792522 56.712173
v -118.104637 17.792522 55.493973
v -118.104637 17.792522 54.275772
v -117.122131 17.792522 64.021378
v -117.122131 17.792522 62.803177
v -117.122131 17.792522 61.584976
v -117.122131 17.792522 60.366776
v -117.122131 17.792522 59.148575
v -117.122131 17.792522 57.930374
v -117.122131 17.792522 56.712173
v -117.122131 17.792522 55.493973
v -117.122131 17.792522 54.275772
v -116.139633 17.792522 64.021378
v -116.139633 17.792522 62.803177
v -116.139633 17.792522 61.584976
v -116.139633 17.792522 60.366776
v -116.139633 17.792522 59.148575
v -116.139633 17.792522 57.930374
v -116.139633 17.792522 56.712173
v -116.139633 17.792522 55.493973
v -116.139633 17.792522 54.275772
v -115.157135 17.792522 64.021378
v -115.157135 17.792522 62.803177
v -115.157135 17.792522 61.584976
v -115.157135 17.792522 60.366776
v -115.157135 17.792522 59.148575
v -115.157135 17.792522 57.930374
v -115.157135 17.792522 56.712173
v -115.157135 17.792522 55.493973
v -115.157135 17.792522 54.275772
v -114.174637 17.792522 64.021378
v -114.174637 17.792522 62.803177
v -114.174637 17.792522 61.584976
v -114.174637 17.792522 60.366776
v -114.174637 17.792522 59.148575
v -114.174637 17.792522 57.930374
v -114.174637 17.792522 56.712173
v -114.174637 17.792522 55.493973
v -114.174637 17.792522 54.275772
v -113.192139 17.792522 64.021378
v -113.192139 17.792522 62.803177
v -113.192139 17.792522 61.584976
v -113.192139 17.792522 60.366776
v -113.192139 17.792522 59.148575
v -113.192139 17.792522 57.930374
v -113.192139 17.792522 56.712173
v -113.192139 17.792522 55.493973
v -113.192139 17.792522 54.275772
v -112.209633 17.792522 64.021378
v -112.209633 17.792522 62.803177
v -112.209633 17.792522 61.584976
v -112.209633 17.792522 60.366776
v -112.209633 17.792522 59.148575
v -112.209633 17.792522 57.930374
v -112.209633 17.792522 56.712173
v -112.209633 17.792522 55.493973
v -112.209633 17.792522 54.275772
v -118.104637 16.039711 54.275772
v -118.104637 16.039711 55.493973
v -118.104637 16.039711 56.712173
v -118.104637 16.039711 57.930374
v -118.104637 16.039711 59.148575
v -118.104637 16.039711 60.366776
v -118.104637 16.039711 61.584976
v -118.104637 16.039711 62.803177
v -118.104637 16.039711 64.021378
v -117.122131 16.039711 54.275772
v -117.122131 16.039711 55.493973
v -117.122131 16.039711 56.712173
v -117.122131 16.039711 57.930374
v -117.122131 16.039711 59.148575
v -117.122131 16.039711 60.366776
v -117.122131 16.039711 61.584976
v -117.122131 16.039711 62.803177
v -117.122131 16.039711 64.021378
v -116.139633 16.039711 54.275772
v -116.139633 16.039711 55.493973
v -116.139633 16.039711 56.712173
v -116.139633 16.039711 57.930374
v -116.139633 16.039711 59.148575
v -116.139633 16.039711 60.366776
v -116.139633 16.039711 61.584976
v -116.139633 16.039711 62.803177
v -116.139633 16.039711 64.021378
v -115.157135 16.039711 54.275772
v -115.157135 16.039711 55.493973
v -115.157135 16.039711 56.712173
v -115.157135 16.039711 57.930374
v -115.157135 16.039711 59.148575
v -115.157135 16.039711 60.366776
v -115.157135 16.039711 61.584976
v -115.157135 16.039711 62.803177
v -115.157135 16.039711 64.021378
v -114.174637 16.039711 54.275772
v -114.174637 16.039711 55.493973
v -114.174637 16.039711 56.712173
v -114.174637 16.039711 57.930374
v -114.174637 16.039711 59.148575
v -114.174637 16.039711 60.366776
v -114.174637 16.039711 61.584976
v -114.174637 16.039711 62.803177
v -114.174637 16.039711 64.021378
v -113.192139 16.039711 54.275772
v -113.192139 16.039711 55.493973
v -113.192139 16.039711 56.712173
v -113.192139 16.039711 57.930374
v -113.192139 16.039711 59.148575
v -113.192139 16.039711 60.366776
v -113.192139 16.039711 61.584976
v -113.192139 16.039711 62.803177
v -113.192139 16.039711 64.021378
v -112.209633 16.039711 54.275772
v -112.209633 16.039711 55.493973
v -112.209633 16.039711 56.712173
v -112.209633 16.039711 57.930374
v -112.209633 16.039711 59.148575
v -112.209633 16.039711 60.366776
v -112.209633 16.039711 61.584976
v -112.209633 16.039711 62.803177
v -112.209633 16.039711 64.021378
v -119.087135 16.259583 64.301361
v -119.087135 16.259583 64.959595
v -119.087135 17.460823 64.959595
v -119.087135 17.460823 64.301361
v -119.087135 16.259583 53.337559
v -119.087135 16.259583 53.995789
v -119.087135 17.460823 53.995789
v -119.087135 17.460823 53.337559
v -119.087135 16.259583 54.555759
v -119.087135 16.259583 55.213985
v -119.087135 17.460823 55.213985
v -119.087135 17.460823 54.555759
v -119.087135 16.259583 55.773960
v -119.087135 16.259583 56.432186
v -119.087135 17.460823 56.432186
v -119.087135 17.460823 55.773960
v -119.087135 16.259583 56.992161
v -119.087135 16.259583 57.650387
v -119.087135 17.460823 57.650387
v -119.087135 17.460823 56.992161
v -119.087135 16.259583 58.210361
v -119.087135 16.259583 58.868587
v -119.087135 17.460823 58.868587
v -119.087135 17.460823 58.210361
v -119.087135 16.259583 59.428562
v -119.087135 16.259583 60.086788
v -119.087135 17.460823 60.086788
v -119.087135 17.460823 59.428562
v -119.087135 16.259583 60.646763
v -119.087135 16.259583 61.304989
v -119.087135 17.460823 61.304989
v -119.087135 17.460823 60.646763
v -119.087135 16.259583 61.864964
v -119.087135 16.259583 62.523190
v -119.087135 17.460823 62.523190
v -119.087135 17.460823 61.864964
v -119.087135 16.259583 63.083164
v -119.087135 16.259583 63.741390
v -119.087135 17.460823 63.741390
v -119.087135 17.460823 63.083164
v -118.924377 16.259583 64.959595
v -118.924377 16.259583 64.301361
v -118.924377 17.460823 64.301361
v -118.924377 17.460823 64.959595
v -118.924377 16.259583 53.995789
v -118.924377 16.259583 53.337559
v -118.924377 17.460823 53.337559
v -118.924377 17.460823 53.995789
v -118.924377 16.259583 55.213985
v -118.924377 16.259583 54.555759
v -118.924377 17.460823 54.555759
v -118.924377 17.460823 55.213985
v -118.924377 16.259583 56.432186
v -118.924377 16.259583 55.773960
v -118.924377 17.460823 55.773960
v -118.924377 17.460823 56.432186
v -118.924377 16.259583 57.650387
v -118.924377 16.259583 56.992161
v -118.924377 17.460823 56.992161
v -118.924377 17.460823 57.650387
v -118.924377 16.259583 58.868587
v -118.924377 16.259583 58.210361
v -118.924377 17.460823 58.210361
v -118.924377 17.460823 58.868587
v -118.924377 16.259583 60.086788
v -118.924377 16.259583 59.428562
v -118.924377 17.460823 59.428562
v -118.924377 17.460823 60.086788
v -118.924377 16.259583 61.304989
v -118.924377 16.259583 60.646763
v -118.924377 17.460823 60.646763
v -118.924377 17.460823 61.304989
v -118.924377 16.259583 62.523190
v -118.924377 16.259583 61.864964
v -118.924377 17.460823 61.864964
v -118.924377 17.460823 62.523190
v -118.924377 16.259583 63.741390
v -118.924377 16.259583 63.083164
v -118.924377 17.460823 63.083164
v -118.924377 17.460823 63.741390
v -112.055176 16.252409 65.239578
v -111.381592 16.252409 65.239578
v -111.381592 17.467997 65.239578
v -112.055176 17.467997 65.239578
v -118.932678 16.252409 65.239578
v -118.259094 16.252409 65.239578
v -118.259094 17.467997 65.239578
v -118.932678 17.467997 65.239578
v -117.950180 16.252409 65.239578
v -117.276596 16.252409 65.239578
v -117.276588 17.467997 65.239578
v -117.950180 17.467997 65.239578
v -116.967674 16.252409 65.239578
v -116.294090 16.252409 65.239578
v -116.294090 17.467997 65.239578
v -116.967674 17.467997 65.239578
v -115.985176 16.252409 65.239578
v -115.311592 16.252409 65.239578
v -115.311592 17.467997 65.239578
v -115.985176 17.467997 65.239578
v -115.002678 16.252409 65.239578
v -114.329094 16.252409 65.239578
v -114.329094 17.467997 65.239578
v -115.002678 17.467997 65.239578
v -114.020180 16.252409 65.239578
v -113.346596 16.252409 65.239578
v -113.346596 17.467997 65.239578
v -114.020180 17.467997 65.239578
v -113.037682 16.252409 65.239578
v -112.364090 16.252409 65.239578
v -112.364090 17.467997 65.239578
v -113.037674 17.467997 65.239578
v -111.227135 16.254997 54.022522
v -111.227135 16.254997 53.310822
v -111.227135 17.465410 53.310822
v -111.227135 17.465410 54.022522
v -111.227135 16.254997 64.986328
v -111.227135 16.254997 64.274628
v -111.227135 17.465410 64.274628
v -111.227135 17.465410 64.986328
v -111.227135 16.254997 63.768127
v -111.227135 16.254997 63.056427
v -111.227135 17.465410 63.056427
v -111.227135 17.465410 63.768127
v -111.227135 16.254997 62.549927
v -111.227135 16.254997 61.838226
v -111.227135 17.465410 61.838226
v -111.227135 17.465410 62.549927
v -111.227135 16.254997 61.331726
v -111.227135 16.254997 60.620026
v -111.227135 17.465410 60.620026
v -111.227135 17.465410 61.331726
v -111.227135 16.254997 60.113525
v -111.227135 16.254997 59.401825
v -111.227135 17.465410 59.401825
v -111.227135 17.465410 60.113525
v -111.227135 16.254997 58.895325
v -111.227135 16.254997 58.183624
v -111.227135 17.465410 58.183624
v -111.227135 17.465410 58.895325
v -111.227135 16.254997 57.677124
v -111.227135 16.254997 56.965424
v -111.227135 17.465410 56.965424
v -111.227135 17.465410 57.677124
v -111.227135 16.254997 56.458923
v -111.227135 16.254997 55.747223
v -111.227135 17.465410 55.747223
v -111.227135 17.465410 56.458923
v -111.227135 16.254997 55.240723
v -111.227135 16.254997 54.529022
v -111.227135 17.465410 54.529022
v -111.227135 17.465410 55.240723
v -111.411263 16.254997 53.310822
v -111.411263 16.254997 54.022522
v -111.411263 17.465410 54.022522
v -111.411263 17.465410 53.310822
v -111.411263 16.254997 64.274628
v -111.411263 16.254997 64.986328
v -111.411263 17.465410 64.986328
v -111.411263 17.465410 64.274628
v -111.411263 16.254997 63.056427
v -111.411263 16.254997 63.768127
v -111.411263 17.465410 63.768127
v -111.411263 17.465410 63.056427
v -111.411263 16.254997 61.838226
v -111.411263 16.254997 62.549927
v -111.411263 17.465410 62.549927
v -111.411263 17.465410 61.838226
v -111.411263 16.254997 60.620026
v -111.411263 16.254997 61.331726
v -111.411263 17.465410 61.331726
v -111.411263 17.465410 60.620026
v -111.411263 16.254997 59.401825
v -111.411263 16.254997 60.113525
v -111.411263 17.465410 60.113525
v -111.411263 17.465410 59.401825
v -111.411263 16.254997 58.183624
v -111.411263 16.254997 58.895325
v -111.411263 17.465410 58.895325
v -111.411263 17.465410 58.183624
v -111.411263 16.254997 56.965424
v -111.411263 16.254997 57.677124
v -111.411263 17.465410 57.677124
v -111.411263 17.465410 56.965424
v -111.411263 16.254997 55.747223
v -111.411263 16.254997 56.458923
v -111.411263 17.465410 56.458923
v -111.411263 17.465410 55.747223
v -111.411263 16.254997 54.529022
v -111.411263 16.254997 55.240723
v -111.411263 17.465410 55.240723
v -111.411263 17.465410 54.529022
v -118.336571 16.272900 53.057571
v -118.855202 16.272900 53.057571
v -118.855202 17.447506 53.057571
v -118.336571 17.447506 53.057571
v -111.459068 16.272900 53.057571
v -111.977699 16.272900 53.057571
v -111.977699 17.447506 53.057571
v -111.459068 17.447506 53.057571
v -112.441566 16.272900 53.057571
v -112.960205 16.272900 53.057571
v -112.960205 17.447506 53.057571
v -112.441566 17.447506 53.057571
v -113.424072 16.272900 53.057571
v -113.942703 16.272900 53.057571
v -113.942703 17.447506 53.057571
v -113.424072 17.447506 53.057571
v -114.406570 16.272900 53.057571
v -114.925201 16.272900 53.057571
v -114.925201 17.447506 53.057571
v -114.406570 17.447506 53.057571
v -115.389069 16.272900 53.057571
v -115.907700 16.272900 53.057571
v -115.907700 17.447506 53.057571
v -115.389069 17.447506 53.057571
v -116.371567 16.272900 53.057571
v -116.890198 16.272900 53.057571
v -116.890198 17.447506 53.057571
v -116.371567 17.447506 53.057571
v -117.354065 16.272900 53.057571
v -117.872704 16.272900 53.057571
v -117.872704 17.447506 53.057571
v -117.354065 17.447506 53.057571
v -118.855202 16.272900 53.262691
v -118.336571 16.272900 53.262691
v -118.336571 17.447506 53.262691
v -118.855202 17.447506 53.262691
v -111.977699 16.272900 53.262691
v -111.459068 16.272900 53.262691
v -111.459068 17.447506 53.262691
v -111.977699 17.447506 53.262691
v -112.960205 16.272900 53.262691
v -112.441566 16.272900 53.262691
v -112.441566 17.447506 53.262691
v -112.960205 17.447506 53.262691
v -113.942703 16.272900 53.262691
v -113.424072 16.272900 53.262691
v -113.424072 17.447506 53.262691
v -113.942703 17.447506 53.262691
v -114.925201 16.272900 53.262691
v -114.406570 16.272900 53.262691
v -114.406570 17.447506 53.262691
v -114.925201 17.447506 53.262691
v -115.907700 16.272900 53.262691
v -115.389069 16.272900 53.262691
v -115.389069 17.447506 53.262691
v -115.907700 17.447506 53.262691
v -116.890198 16.272900 53.262691
v -116.371567 16.272900 53.262691
v -116.371567 17.447506 53.262691
v -116.890198 17.447506 53.262691
v -117.872704 16.272900 53.262691
v -117.354065 16.272900 53.262691
v -117.354065 17.447506 53.262691
v -117.872704 17.447506 53.262691
vn -0.0000 -1.0000 -0.0000
vn -0.0000 1.0000 -0.0000
vn 1.0000 -0.0000 -0.0000
vn -0.0000 -0.0000 1.0000
vn -0.0000 -0.0000 -1.0000
vn -1.0000 -0.0000 -0.0000
vt 0.875000 0.900000
vt 0.875000 1.000000
vt 1.000000 1.000000
vt 1.000000 0.900000
vt 0.000000 0.900000
vt 0.000000 1.000000
vt 0.000000 0.900000
vt 0.904508 1.000000
vt 0.904508 1.000000
vt 0.894651 0.000000
vt 0.980349 0.000000
vt 1.000000 0.120789
vt 0.000000 0.577016
vt 0.000000 0.522984
vt 0.875000 0.900000
vt 0.875000 1.000000
vt 1.000000 0.100000
vt 1.000000 0.000000
vt 1.000000 0.100000
vt 0.875000 0.000000
vt 0.125000 1.000000
vt 0.125000 1.000000
vt 0.000000 0.100000
vt 0.000000 0.000000
vt 0.875000 1.000000
vt 0.125000 0.000000
vt 0.875000 0.000000
vt 0.750000 1.000000
vt 0.625000 1.000000
vt 0.625000 1.000000
vt 0.500000 1.000000
vt 0.375000 1.000000
vt 0.250000 1.000000
vt 0.250000 1.000000
vt 0.125000 0.000000
vt 0.250000 0.000000
vt 0.375000 0.000000
vt 0.375000 0.000000
vt 0.500000 0.000000
vt 0.500000 0.000000
vt 0.625000 0.000000
vt 0.625000 0.000000
vt 0.750000 0.000000
vt 0.875000 0.000000
vt 0.750000 0.000000
vt 0.500000 0.000000
vt 0.375000 0.000000
vt 0.250000 0.000000
vt 0.125000 1.000000
vt 0.250000 1.000000
vt 0.375000 1.000000
vt 0.375000 1.000000
vt 0.500000 1.000000
vt 0.500000 1.000000
vt 0.625000 1.000000
vt 0.625000 1.000000
vt 0.500000 0.000000
vt 0.875000 1.000000
vt 0.750000 1.000000
vt 0.125000 0.900000
vt 0.250000 0.900000
vt 0.375000 0.900000
vt 0.500000 0.900000
vt 0.625000 0.900000
vt 0.750000 0.900000
vt 0.019651 0.000000
vt 0.105349 0.000000
vt 0.105349 0.000000
vt 0.019651 0.000000
vt 0.144651 0.000000
vt 0.230349 0.000000
vt 0.230349 0.000000
vt 0.269651 0.000000
vt 0.355349 0.000000
vt 0.355349 0.000000
vt 0.269651 0.000000
vt 0.394651 0.000000
vt 0.480349 0.000000
vt 0.480349 0.000000
vt 0.394651 0.000000
vt 0.519651 0.000000
vt 0.605349 0.000000
vt 0.605349 0.000000
vt 0.519651 0.000000
vt 0.644651 0.000000
vt 0.730349 0.000000
vt 0.730349 0.000000
vt 0.769651 0.000000
vt 0.855349 0.000000
vt 0.769651 0.000000
vt 0.279508 1.000000
vt 0.279508 1.000000
vt 0.970492 1.000000
vt 0.970492 1.000000
vt 0.345492 1.000000
vt 0.345492 1.000000
vt 0.529508 1.000000
vt 0.595492 1.000000
vt 0.529508 1.000000
vt 0.125000 0.900000
vt 0.250000 0.900000
vt 0.375000 0.900000
vt 0.500000 0.900000
vt 0.625000 0.900000
vt 0.750000 0.900000
vt 0.750000 0.100000
vt 0.875000 0.100000
vt 0.750000 0.200000
vt 0.875000 0.200000
vt 0.750000 0.300000
vt 0.875000 0.300000
vt 0.750000 0.400000
vt 0.875000 0.400000
vt 0.750000 0.500000
vt 0.875000 0.500000
vt 0.750000 0.600000
vt 0.875000 0.600000
vt 0.750000 0.700000
vt 0.875000 0.700000
vt 0.750000 0.800000
vt 0.875000 0.800000
vt 0.625000 0.100000
vt 0.625000 0.200000
vt 0.625000 0.300000
vt 0.625000 0.400000
vt 0.625000 0.500000
vt 0.625000 0.600000
vt 0.625000 0.700000
vt 0.625000 0.800000
vt 0.500000 0.100000
vt 0.500000 0.200000
vt 0.500000 0.300000
vt 0.500000 0.400000
vt 0.500000 0.500000
vt 0.500000 0.600000
vt 0.500000 0.700000
vt 0.500000 0.800000
vt 0.375000 0.100000
vt 0.375000 0.200000
vt 0.375000 0.300000
vt 0.375000 0.400000
vt 0.375000 0.500000
vt 0.375000 0.600000
vt 0.375000 0.700000
vt 0.375000 0.800000
vt 0.250000 0.100000
vt 0.250000 0.200000
vt 0.250000 0.300000
vt 0.250000 0.400000
vt 0.250000 0.500000
vt 0.250000 0.600000
vt 0.250000 0.700000
vt 0.250000 0.800000
vt 0.125000 0.100000
vt 0.125000 0.200000
vt 0.125000 0.300000
vt 0.125000 0.400000
vt 0.125000 0.500000
vt 0.125000 0.600000
vt 0.125000 0.700000
vt 0.125000 0.800000
vt 0.000000 0.200000
vt 0.000000 0.300000
vt 0.000000 0.400000
vt 0.000000 0.500000
vt 0.000000 0.600000
vt 0.000000 0.700000
vt 0.000000 0.800000
vt 0.875000 0.100000
vt 0.750000 0.100000
vt 0.875000 0.200000
vt 0.750000 0.200000
vt 0.875000 0.300000
vt 0.750000 0.300000
vt 0.875000 0.400000
vt 0.750000 0.400000
vt 0.875000 0.500000
vt 0.875000 0.600000
vt 0.750000 0.600000
vt 0.875000 0.700000
vt 0.750000 0.700000
vt 0.875000 0.800000
vt 0.750000 0.800000
vt 0.625000 0.100000
vt 0.625000 0.200000
vt 0.625000 0.300000
vt 0.625000 0.400000
vt 0.625000 0.500000
vt 0.625000 0.600000
vt 0.625000 0.700000
vt 0.625000 0.800000
vt 0.500000 0.100000
vt 0.500000 0.200000
vt 0.500000 0.300000
vt 0.500000 0.400000
vt 0.500000 0.500000
vt 0.500000 0.600000
vt 0.500000 0.700000
vt 0.500000 0.800000
vt 0.375000 0.100000
vt 0.375000 0.200000
vt 0.375000 0.300000
vt 0.375000 0.400000
vt 0.375000 0.500000
vt 0.375000 0.600000
vt 0.375000 0.700000
vt 0.375000 0.800000
vt 0.250000 0.100000
vt 0.250000 0.200000
vt 0.250000 0.300000
vt 0.250000 0.400000
vt 0.250000 0.500000
vt 0.250000 0.600000
vt 0.250000 0.700000
vt 0.250000 0.800000
vt 0.125000 0.200000
vt 0.125000 0.300000
vt 0.125000 0.400000
vt 0.125000 0.500000
vt 0.125000 0.600000
vt 0.125000 0.700000
vt 0.125000 0.800000
vt 0.000000 0.700000
vt 1.000000 0.200000
vt 1.000000 0.300000
vt 1.000000 0.400000
vt 1.000000 0.400000
vt 1.000000 0.500000
vt 1.000000 0.600000
vt 1.000000 0.700000
vt 1.000000 0.700000
vt 1.000000 0.800000
vt 0.000000 0.400000
vt 0.000000 0.700000
vt 0.000000 0.600000
vt 0.000000 0.200000
vt 1.000000 0.100000
vt 1.000000 0.300000
vt 1.000000 0.600000
vt 1.000000 0.700000
vt 1.000000 0.800000
vt 1.000000 0.300000
vt 0.000000 0.722984
vt 0.000000 0.222984
vt 0.000000 0.777016
vt 0.000000 0.277016
vt 0.000000 0.277016
vt 0.000000 0.922984
vt 0.000000 0.977016
vt 0.000000 0.422984
vt 0.000000 0.477016
vt 1.000000 0.620789
vt 1.000000 0.620789
vt 1.000000 0.979211
vt 1.000000 0.920789
vt 1.000000 0.479211
vt 1.000000 0.420789
vt 1.000000 0.179211
vt 1.000000 0.679211
vt 1.000000 0.979211
vt 1.000000 0.479211
vt 0.000000 0.022984
vt 0.000000 0.077016
vt 0.000000 0.977016
vt 0.000000 0.822984
vt 0.000000 0.877016
vt 0.000000 0.622984
vt 0.000000 0.677016
vt 0.000000 0.577016
vt 0.000000 0.422984
vt 0.000000 0.477016
vt 0.000000 0.322984
vt 0.000000 0.377016
vt 0.000000 0.377016
vt 0.000000 0.122984
vt 0.000000 0.177016
vt 0.000000 0.122984
vt 0.000000 0.177016
vt 1.000000 0.079211
vt 1.000000 0.020789
vt 1.000000 0.079211
vt 1.000000 0.020789
vt 1.000000 0.179211
vt 1.000000 0.279211
vt 1.000000 0.220789
vt 1.000000 0.279211
vt 1.000000 0.220789
vt 1.000000 0.379211
vt 1.000000 0.320789
vt 1.000000 0.379211
vt 1.000000 0.579211
vt 1.000000 0.520789
vt 1.000000 0.579211
vt 1.000000 0.520789
vt 1.000000 0.679211
vt 1.000000 0.779211
vt 1.000000 0.720789
vt 1.000000 0.779211
vt 1.000000 0.879211
vt 1.000000 0.820789
vt 1.000000 0.879211
vt 0.029508 1.000000
vt 0.095492 1.000000
vt 0.029508 1.000000
vt 0.095492 1.000000
vt 0.779508 1.000000
vt 0.845492 1.000000
vt 0.779508 1.000000
vt 0.845492 1.000000
vt 0.654508 1.000000
vt 0.720492 1.000000
vt 0.654508 1.000000
vt 0.720492 1.000000
vt 0.595492 1.000000
vt 0.404508 1.000000
vt 0.470492 1.000000
vt 0.404508 1.000000
vt 0.470492 1.000000
vt 0.154508 1.000000
vt 0.220492 1.000000
vt 0.220492 1.000000
s 0
usemtl A_Building_main
f 334/1/1 32/2/1 4/3/1 126/4/1
f 145/5/2 9/6/2 17/6/2 181/7/2
f 540/8/3 541/9/3 574/9/3 571/8/3
f 466/12/5 463/12/5 504/12/5 505/12/5
f 363/13/2 364/14/2 403/14/2 404/13/2
f 279/15/2 162/4/2 12/3/2 60/16/2
f 154/17/2 11/18/2 19/18/2 190/19/2
f 45/20/1 7/18/1 15/18/1 73/20/1
f 52/21/1 5/6/1 13/6/1 80/22/1
f 80/22/5 13/6/5 17/6/5 94/22/5
f 73/20/4 15/18/4 19/18/4 87/20/4
f 180/4/3 16/3/3 20/3/3 198/4/3
f 171/23/6 14/24/6 18/24/6 189/23/6
f 144/4/1 8/3/1 16/3/1 180/4/1
f 60/16/2 12/3/2 20/3/2 88/25/2
f 135/23/1 6/24/1 14/24/1 171/23/1
f 53/26/2 10/24/2 18/24/2 81/26/2
f 117/23/6 1/24/6 24/24/6 199/23/6
f 126/4/3 4/3/3 22/3/3 208/4/3
f 31/20/4 2/18/4 23/18/4 95/27/4
f 38/21/5 3/6/5 21/6/5 102/22/5
f 4/3/5 32/2/5 108/2/5 22/3/5
f 32/2/5 33/28/5 107/28/5 108/2/5
f 33/28/5 34/29/5 106/30/5 107/28/5
f 34/29/5 35/31/5 105/31/5 106/30/5
f 35/31/5 36/32/5 104/32/5 105/31/5
f 36/32/5 37/33/5 103/34/5 104/32/5
f 37/33/5 38/21/5 102/22/5 103/34/5
f 1/24/4 25/26/4 101/35/4 24/24/4
f 25/26/4 26/36/4 100/36/4 101/35/4
f 26/36/4 27/37/4 99/38/4 100/36/4
f 27/37/4 28/39/4 98/40/4 99/38/4
f 28/39/4 29/41/4 97/42/4 98/40/4
f 29/41/4 30/43/4 96/43/4 97/42/4
f 30/43/4 31/20/4 95/27/4 96/43/4
f 11/18/2 59/44/2 87/20/2 19/18/2
f 59/44/2 58/43/2 86/45/2 87/20/2
f 58/43/2 57/41/2 85/41/2 86/45/2
f 57/41/2 56/46/2 84/39/2 85/41/2
f 56/46/2 55/38/2 83/47/2 84/39/2
f 55/38/2 54/48/2 82/48/2 83/47/2
f 54/48/2 53/26/2 81/26/2 82/48/2
f 9/6/2 66/49/2 94/22/2 17/6/2
f 66/49/2 65/50/2 93/34/2 94/22/2
f 65/50/2 64/51/2 92/52/2 93/34/2
f 64/51/2 63/53/2 91/54/2 92/52/2
f 63/53/2 62/55/2 90/56/2 91/54/2
f 62/55/2 61/28/2 89/28/2 90/56/2
f 61/28/2 60/16/2 88/25/2 89/28/2
f 14/24/4 67/26/4 81/26/4 18/24/4
f 67/26/4 68/48/4 82/48/4 81/26/4
f 68/48/4 69/37/4 83/47/4 82/48/4
f 69/37/4 70/57/4 84/39/4 83/47/4
f 70/57/4 71/41/4 85/41/4 84/39/4
f 71/41/4 72/43/4 86/45/4 85/41/4
f 72/43/4 73/20/4 87/20/4 86/45/4
f 16/3/5 74/58/5 88/25/5 20/3/5
f 74/58/5 75/28/5 89/28/5 88/25/5
f 75/28/5 76/56/5 90/56/5 89/28/5
f 76/56/5 77/53/5 91/54/5 90/56/5
f 77/53/5 78/52/5 92/52/5 91/54/5
f 78/52/5 79/33/5 93/34/5 92/52/5
f 79/33/5 80/22/5 94/22/5 93/34/5
f 8/3/1 46/58/1 74/58/1 16/3/1
f 46/58/1 47/59/1 75/28/1 74/58/1
f 47/59/1 48/56/1 76/56/1 75/28/1
f 48/56/1 49/54/1 77/53/1 76/56/1
f 49/54/1 50/52/1 78/52/1 77/53/1
f 50/52/1 51/33/1 79/33/1 78/52/1
f 51/33/1 52/21/1 80/22/1 79/33/1
f 6/24/1 39/26/1 67/26/1 14/24/1
f 39/26/1 40/36/1 68/48/1 67/26/1
f 40/36/1 41/37/1 69/37/1 68/48/1
f 41/37/1 42/39/1 70/57/1 69/37/1
f 42/39/1 43/41/1 71/41/1 70/57/1
f 43/41/1 44/43/1 72/43/1 71/41/1
f 44/43/1 45/20/1 73/20/1 72/43/1
f 145/5/2 225/60/2 66/49/2 9/6/2
f 225/60/2 234/61/2 65/50/2 66/49/2
f 234/61/2 243/62/2 64/51/2 65/50/2
f 243/62/2 252/63/2 63/53/2 64/51/2
f 252/63/2 261/64/2 62/55/2 63/53/2
f 261/64/2 270/65/2 61/28/2 62/55/2
f 270/65/2 279/15/2 60/16/2 61/28/2
f 435/73/4 436/74/4 437/75/4 438/76/4
f 447/85/4 448/86/4 449/87/4 450/85/4
f 560/91/3 561/92/3 594/92/3 591/91/3
f 542/93/6 539/94/6 572/94/6 573/93/6
f 562/95/6 559/96/6 592/96/6 593/95/6
f 553/97/1 554/98/1 585/98/1 586/97/1
f 539/94/2 540/8/2 571/8/2 572/94/2
f 559/96/2 560/91/2 591/91/2 592/96/2
f 552/99/3 553/97/3 586/97/3 583/99/3
f 109/5/1 3/6/1 38/21/1 280/100/1
f 280/100/1 38/21/1 37/33/1 289/101/1
f 289/101/1 37/33/1 36/32/1 298/102/1
f 298/102/1 36/32/1 35/31/1 307/103/1
f 307/103/1 35/31/1 34/29/1 316/104/1
f 316/104/1 34/29/1 33/28/1 325/105/1
f 325/105/1 33/28/1 32/2/1 334/1/1
f 30/43/1 333/106/1 342/107/1 31/20/1
f 333/106/1 332/108/1 341/109/1 342/107/1
f 332/108/1 331/110/1 340/111/1 341/109/1
f 331/110/1 330/112/1 339/113/1 340/111/1
f 330/112/1 329/114/1 338/115/1 339/113/1
f 329/114/1 328/116/1 337/117/1 338/115/1
f 328/116/1 327/118/1 336/119/1 337/117/1
f 327/118/1 326/120/1 335/121/1 336/119/1
f 326/120/1 325/105/1 334/1/1 335/121/1
f 29/41/1 324/122/1 333/106/1 30/43/1
f 324/122/1 323/123/1 332/108/1 333/106/1
f 323/123/1 322/124/1 331/110/1 332/108/1
f 322/124/1 321/125/1 330/112/1 331/110/1
f 321/125/1 320/126/1 329/114/1 330/112/1
f 320/126/1 319/127/1 328/116/1 329/114/1
f 319/127/1 318/128/1 327/118/1 328/116/1
f 318/128/1 317/129/1 326/120/1 327/118/1
f 317/129/1 316/104/1 325/105/1 326/120/1
f 28/39/1 315/130/1 324/122/1 29/41/1
f 315/130/1 314/131/1 323/123/1 324/122/1
f 314/131/1 313/132/1 322/124/1 323/123/1
f 313/132/1 312/133/1 321/125/1 322/124/1
f 312/133/1 311/134/1 320/126/1 321/125/1
f 311/134/1 310/135/1 319/127/1 320/126/1
f 310/135/1 309/136/1 318/128/1 319/127/1
f 309/136/1 308/137/1 317/129/1 318/128/1
f 308/137/1 307/103/1 316/104/1 317/129/1
f 27/37/1 306/138/1 315/130/1 28/39/1
f 306/138/1 305/139/1 314/131/1 315/130/1
f 305/139/1 304/140/1 313/132/1 314/131/1
f 304/140/1 303/141/1 312/133/1 313/132/1
f 303/141/1 302/142/1 311/134/1 312/133/1
f 302/142/1 301/143/1 310/135/1 311/134/1
f 301/143/1 300/144/1 309/136/1 310/135/1
f 300/144/1 299/145/1 308/137/1 309/136/1
f 299/145/1 298/102/1 307/103/1 308/137/1
f 26/36/1 297/146/1 306/138/1 27/37/1
f 297/146/1 296/147/1 305/139/1 306/138/1
f 296/147/1 295/148/1 304/140/1 305/139/1
f 295/148/1 294/149/1 303/141/1 304/140/1
f 294/149/1 293/150/1 302/142/1 303/141/1
f 293/150/1 292/151/1 301/143/1 302/142/1
f 292/151/1 291/152/1 300/144/1 301/143/1
f 291/152/1 290/153/1 299/145/1 300/144/1
f 290/153/1 289/101/1 298/102/1 299/145/1
f 25/26/1 288/154/1 297/146/1 26/36/1
f 288/154/1 287/155/1 296/147/1 297/146/1
f 287/155/1 286/156/1 295/148/1 296/147/1
f 286/156/1 285/157/1 294/149/1 295/148/1
f 285/157/1 284/158/1 293/150/1 294/149/1
f 284/158/1 283/159/1 292/151/1 293/150/1
f 283/159/1 282/160/1 291/152/1 292/151/1
f 282/160/1 281/161/1 290/153/1 291/152/1
f 281/161/1 280/100/1 289/101/1 290/153/1
f 1/24/1 117/23/1 288/154/1 25/26/1
f 117/23/1 116/162/1 287/155/1 288/154/1
f 116/162/1 115/163/1 286/156/1 287/155/1
f 115/163/1 114/164/1 285/157/1 286/156/1
f 114/164/1 113/165/1 284/158/1 285/157/1
f 113/165/1 112/166/1 283/159/1 284/158/1
f 112/166/1 111/167/1 282/160/1 283/159/1
f 111/167/1 110/168/1 281/161/1 282/160/1
f 110/168/1 109/5/1 280/100/1 281/161/1
f 58/43/2 59/44/2 271/169/2 262/170/2
f 262/170/2 271/169/2 272/171/2 263/172/2
f 263/172/2 272/171/2 273/173/2 264/174/2
f 264/174/2 273/173/2 274/175/2 265/176/2
f 265/176/2 274/175/2 275/177/2 266/114/2
f 266/114/2 275/177/2 276/178/2 267/179/2
f 267/179/2 276/178/2 277/180/2 268/181/2
f 268/181/2 277/180/2 278/182/2 269/183/2
f 269/183/2 278/182/2 279/15/2 270/65/2
f 57/41/2 58/43/2 262/170/2 253/184/2
f 253/184/2 262/170/2 263/172/2 254/185/2
f 254/185/2 263/172/2 264/174/2 255/186/2
f 255/186/2 264/174/2 265/176/2 256/187/2
f 256/187/2 265/176/2 266/114/2 257/188/2
f 257/188/2 266/114/2 267/179/2 258/189/2
f 258/189/2 267/179/2 268/181/2 259/190/2
f 259/190/2 268/181/2 269/183/2 260/191/2
f 260/191/2 269/183/2 270/65/2 261/64/2
f 56/46/2 57/41/2 253/184/2 244/192/2
f 244/192/2 253/184/2 254/185/2 245/193/2
f 245/193/2 254/185/2 255/186/2 246/194/2
f 246/194/2 255/186/2 256/187/2 247/195/2
f 247/195/2 256/187/2 257/188/2 248/196/2
f 248/196/2 257/188/2 258/189/2 249/197/2
f 249/197/2 258/189/2 259/190/2 250/198/2
f 250/198/2 259/190/2 260/191/2 251/199/2
f 251/199/2 260/191/2 261/64/2 252/63/2
f 55/38/2 56/46/2 244/192/2 235/200/2
f 235/200/2 244/192/2 245/193/2 236/201/2
f 236/201/2 245/193/2 246/194/2 237/202/2
f 237/202/2 246/194/2 247/195/2 238/203/2
f 238/203/2 247/195/2 248/196/2 239/204/2
f 239/204/2 248/196/2 249/197/2 240/205/2
f 240/205/2 249/197/2 250/198/2 241/206/2
f 241/206/2 250/198/2 251/199/2 242/207/2
f 242/207/2 251/199/2 252/63/2 243/62/2
f 54/48/2 55/38/2 235/200/2 226/208/2
f 226/208/2 235/200/2 236/201/2 227/209/2
f 227/209/2 236/201/2 237/202/2 228/210/2
f 228/210/2 237/202/2 238/203/2 229/211/2
f 229/211/2 238/203/2 239/204/2 230/212/2
f 230/212/2 239/204/2 240/205/2 231/213/2
f 231/213/2 240/205/2 241/206/2 232/214/2
f 232/214/2 241/206/2 242/207/2 233/215/2
f 233/215/2 242/207/2 243/62/2 234/61/2
f 53/26/2 54/48/2 226/208/2 217/154/2
f 217/154/2 226/208/2 227/209/2 218/216/2
f 218/216/2 227/209/2 228/210/2 219/217/2
f 219/217/2 228/210/2 229/211/2 220/218/2
f 220/218/2 229/211/2 230/212/2 221/219/2
f 221/219/2 230/212/2 231/213/2 222/220/2
f 222/220/2 231/213/2 232/214/2 223/221/2
f 223/221/2 232/214/2 233/215/2 224/222/2
f 224/222/2 233/215/2 234/61/2 225/60/2
f 10/24/2 53/26/2 217/154/2 153/23/2
f 153/23/2 217/154/2 218/216/2 152/162/2
f 152/162/2 218/216/2 219/217/2 151/163/2
f 151/163/2 219/217/2 220/218/2 150/164/2
f 150/164/2 220/218/2 221/219/2 149/165/2
f 149/165/2 221/219/2 222/220/2 148/166/2
f 148/166/2 222/220/2 223/221/2 147/223/2
f 147/223/2 223/221/2 224/222/2 146/168/2
f 146/168/2 224/222/2 225/60/2 145/5/2
f 2/18/3 118/17/3 216/17/3 23/18/3
f 118/17/3 119/224/3 215/224/3 216/17/3
f 119/224/3 120/225/3 214/225/3 215/224/3
f 120/225/3 121/226/3 213/227/3 214/225/3
f 121/226/3 122/228/3 212/228/3 213/227/3
f 122/228/3 123/229/3 211/229/3 212/228/3
f 123/229/3 124/230/3 210/231/3 211/229/3
f 124/230/3 125/232/3 209/232/3 210/231/3
f 125/232/3 126/4/3 208/4/3 209/232/3
f 3/6/6 109/5/6 207/5/6 21/6/6
f 109/5/6 110/168/6 206/168/6 207/5/6
f 110/168/6 111/167/6 205/223/6 206/168/6
f 111/167/6 112/166/6 204/166/6 205/223/6
f 112/166/6 113/165/6 203/165/6 204/166/6
f 113/165/6 114/164/6 202/233/6 203/165/6
f 114/164/6 115/163/6 201/163/6 202/233/6
f 115/163/6 116/162/6 200/162/6 201/163/6
f 116/162/6 117/23/6 199/23/6 200/162/6
f 5/6/1 127/5/1 163/5/1 13/6/1
f 127/5/1 128/168/1 164/168/1 163/5/1
f 128/168/1 129/223/1 165/234/1 164/168/1
f 129/223/1 130/166/1 166/235/1 165/234/1
f 130/166/1 131/165/1 167/165/1 166/235/1
f 131/165/1 132/164/1 168/233/1 167/165/1
f 132/164/1 133/163/1 169/163/1 168/233/1
f 133/163/1 134/236/1 170/162/1 169/163/1
f 134/236/1 135/23/1 171/23/1 170/162/1
f 7/18/1 136/17/1 172/237/1 15/18/1
f 136/17/1 137/224/1 173/224/1 172/237/1
f 137/224/1 138/225/1 174/238/1 173/224/1
f 138/225/1 139/226/1 175/227/1 174/238/1
f 139/226/1 140/228/1 176/228/1 175/227/1
f 140/228/1 141/229/1 177/239/1 176/228/1
f 141/229/1 142/230/1 178/240/1 177/239/1
f 142/230/1 143/241/1 179/232/1 178/240/1
f 143/241/1 144/4/1 180/4/1 179/232/1
f 13/6/6 163/5/6 181/7/6 17/6/6
f 163/5/6 164/168/6 182/168/6 181/7/6
f 164/168/6 165/234/6 183/234/6 182/168/6
f 165/234/6 166/235/6 184/235/6 183/234/6
f 166/235/6 167/165/6 185/165/6 184/235/6
f 167/165/6 168/233/6 186/233/6 185/165/6
f 168/233/6 169/163/6 187/163/6 186/233/6
f 169/163/6 170/162/6 188/162/6 187/163/6
f 170/162/6 171/23/6 189/23/6 188/162/6
f 15/18/3 172/237/3 190/19/3 19/18/3
f 172/237/3 173/224/3 191/224/3 190/19/3
f 173/224/3 174/238/3 192/238/3 191/224/3
f 174/238/3 175/227/3 193/227/3 192/238/3
f 175/227/3 176/228/3 194/228/3 193/227/3
f 176/228/3 177/239/3 195/229/3 194/228/3
f 177/239/3 178/240/3 196/240/3 195/229/3
f 178/240/3 179/232/3 197/232/3 196/240/3
f 179/232/3 180/4/3 198/4/3 197/232/3
f 12/3/2 162/4/2 198/4/2 20/3/2
f 162/4/2 161/232/2 197/232/2 198/4/2
f 161/232/2 160/230/2 196/240/2 197/232/2
f 160/230/2 159/239/2 195/229/2 196/240/2
f 159/239/2 158/228/2 194/228/2 195/229/2
f 158/228/2 157/226/2 193/227/2 194/228/2
f 157/226/2 156/242/2 192/238/2 193/227/2
f 156/242/2 155/224/2 191/224/2 192/238/2
f 155/224/2 154/17/2 190/19/2 191/224/2
f 59/44/2 11/18/2 154/17/2 271/169/2
f 271/169/2 154/17/2 155/224/2 272/171/2
f 272/171/2 155/224/2 156/242/2 273/173/2
f 273/173/2 156/242/2 157/226/2 274/175/2
f 274/175/2 157/226/2 158/228/2 275/177/2
f 275/177/2 158/228/2 159/239/2 276/178/2
f 276/178/2 159/239/2 160/230/2 277/180/2
f 277/180/2 160/230/2 161/232/2 278/182/2
f 278/182/2 161/232/2 162/4/2 279/15/2
f 356/243/5 357/243/5 398/243/5 395/243/5
f 376/244/5 377/244/5 418/244/5 415/244/5
f 358/245/4 355/245/4 396/245/4 397/245/4
f 378/246/4 375/247/4 416/247/4 417/246/4
f 349/248/1 350/249/1 389/249/1 390/248/1
f 369/250/1 370/251/1 409/251/1 410/250/1
f 355/245/2 356/243/2 395/243/2 396/245/2
f 375/247/2 376/244/2 415/244/2 416/247/2
f 348/248/5 349/248/5 390/248/5 387/248/5
f 486/252/5 483/253/5 524/253/5 525/252/5
f 457/254/1 458/255/1 497/255/1 498/254/1
f 477/256/1 478/257/1 517/257/1 518/256/1
f 463/12/2 464/258/2 503/258/2 504/12/2
f 483/253/2 484/259/2 523/259/2 524/253/2
f 456/260/4 457/254/4 498/254/4 495/260/4
f 476/261/4 477/256/4 518/256/4 515/261/4
f 458/255/5 455/255/5 496/255/5 497/255/5
f 478/257/5 475/257/5 516/257/5 517/257/5
f 10/24/2 153/23/2 189/23/2 18/24/2
f 153/23/2 152/162/2 188/162/2 189/23/2
f 152/162/2 151/163/2 187/163/2 188/162/2
f 151/163/2 150/164/2 186/233/2 187/163/2
f 150/164/2 149/165/2 185/165/2 186/233/2
f 149/165/2 148/166/2 184/235/2 185/165/2
f 148/166/2 147/223/2 183/234/2 184/235/2
f 147/223/2 146/168/2 182/168/2 183/234/2
f 146/168/2 145/5/2 181/7/2 182/168/2
f 31/20/1 342/107/1 118/17/1 2/18/1
f 342/107/1 341/109/1 119/224/1 118/17/1
f 341/109/1 340/111/1 120/225/1 119/224/1
f 340/111/1 339/113/1 121/226/1 120/225/1
f 339/113/1 338/115/1 122/228/1 121/226/1
f 338/115/1 337/117/1 123/229/1 122/228/1
f 337/117/1 336/119/1 124/230/1 123/229/1
f 336/119/1 335/121/1 125/232/1 124/230/1
f 335/121/1 334/1/1 126/4/1 125/232/1
f 199/23/6 24/24/6 344/262/6 343/263/6
f 24/24/6 6/24/6 345/262/6 344/262/6
f 6/24/6 135/23/6 346/263/6 345/262/6
f 135/23/6 199/23/6 343/263/6 346/263/6
f 21/6/6 207/5/6 348/248/6 347/264/6
f 207/5/6 127/5/6 349/248/6 348/248/6
f 127/5/6 5/6/6 350/249/6 349/248/6
f 5/6/6 21/6/6 347/264/6 350/249/6
f 207/5/6 206/168/6 352/265/6 351/266/6
f 206/168/6 128/168/6 353/265/6 352/265/6
f 128/168/6 127/5/6 354/266/6 353/265/6
f 127/5/6 207/5/6 351/266/6 354/266/6
f 206/168/6 205/223/6 356/243/6 355/245/6
f 205/223/6 129/223/6 357/243/6 356/243/6
f 129/223/6 128/168/6 358/245/6 357/243/6
f 128/168/6 206/168/6 355/245/6 358/245/6
f 205/223/6 204/166/6 360/267/6 359/268/6
f 204/166/6 130/166/6 361/267/6 360/267/6
f 130/166/6 129/223/6 362/268/6 361/267/6
f 129/223/6 205/223/6 359/268/6 362/268/6
f 204/166/6 203/165/6 364/14/6 363/13/6
f 203/165/6 131/165/6 365/14/6 364/14/6
f 131/165/6 130/166/6 366/269/6 365/14/6
f 130/166/6 204/166/6 363/13/6 366/269/6
f 203/165/6 202/233/6 368/270/6 367/271/6
f 202/233/6 132/164/6 369/250/6 368/270/6
f 132/164/6 131/165/6 370/251/6 369/250/6
f 131/165/6 203/165/6 367/271/6 370/251/6
f 202/233/6 201/163/6 372/272/6 371/273/6
f 201/163/6 133/163/6 373/272/6 372/272/6
f 133/163/6 132/164/6 374/274/6 373/272/6
f 132/164/6 202/233/6 371/273/6 374/274/6
f 201/163/6 200/162/6 376/244/6 375/247/6
f 200/162/6 134/236/6 377/244/6 376/244/6
f 134/236/6 133/163/6 378/246/6 377/244/6
f 133/163/6 201/163/6 375/247/6 378/246/6
f 200/162/6 199/23/6 380/275/6 379/276/6
f 199/23/6 135/23/6 381/277/6 380/275/6
f 135/23/6 134/236/6 382/278/6 381/277/6
f 134/236/6 200/162/6 379/276/6 382/278/6
f 392/266/6 391/265/6 394/265/6 393/266/6
f 404/13/6 403/14/6 406/14/6 405/269/6
f 416/247/6 415/244/6 418/244/6 417/246/6
f 420/276/6 419/275/6 422/277/6 421/278/6
f 377/244/1 378/246/1 417/246/1 418/244/1
f 343/263/2 344/262/2 383/262/2 384/263/2
f 357/243/1 358/245/1 397/245/1 398/243/1
f 366/269/4 363/13/4 404/13/4 405/269/4
f 346/263/4 343/263/4 384/263/4 385/263/4
f 364/14/5 365/14/5 406/14/5 403/14/5
f 344/262/5 345/262/5 386/262/5 383/262/5
f 371/273/2 372/272/2 411/272/2 412/273/2
f 351/266/2 352/265/2 391/265/2 392/266/2
f 365/14/1 366/269/1 405/269/1 406/14/1
f 345/262/1 346/263/1 385/263/1 386/262/1
f 374/274/4 371/273/4 412/273/4 413/274/4
f 354/266/4 351/266/4 392/266/4 393/266/4
f 372/272/5 373/272/5 414/272/5 411/272/5
f 352/265/5 353/265/5 394/265/5 391/265/5
f 379/276/2 380/275/2 419/275/2 420/276/2
f 359/268/2 360/267/2 399/267/2 400/268/2
f 373/272/1 374/274/1 413/274/1 414/272/1
f 353/265/1 354/266/1 393/266/1 394/265/1
f 382/278/4 379/276/4 420/276/4 421/278/4
f 362/268/4 359/268/4 400/268/4 401/268/4
f 380/275/5 381/277/5 422/277/5 419/275/5
f 360/267/5 361/267/5 402/267/5 399/267/5
f 367/271/2 368/270/2 407/270/2 408/271/2
f 381/277/1 382/278/1 421/278/1 422/277/1
f 347/264/2 348/248/2 387/248/2 388/264/2
f 361/267/1 362/268/1 401/268/1 402/267/1
f 370/251/4 367/271/4 408/271/4 409/251/4
f 350/249/4 347/264/4 388/264/4 389/249/4
f 368/270/5 369/250/5 410/250/5 407/270/5
f 95/27/4 23/18/4 424/11/4 423/10/4
f 23/18/4 7/18/4 425/11/4 424/11/4
f 7/18/4 45/20/4 426/10/4 425/11/4
f 45/20/4 95/27/4 423/10/4 426/10/4
f 24/24/4 101/35/4 428/67/4 427/66/4
f 101/35/4 39/26/4 429/68/4 428/67/4
f 39/26/4 6/24/4 430/69/4 429/68/4
f 6/24/4 24/24/4 427/66/4 430/69/4
f 101/35/4 100/36/4 432/71/4 431/70/4
f 100/36/4 40/36/4 433/72/4 432/71/4
f 40/36/4 39/26/4 434/70/4 433/72/4
f 39/26/4 101/35/4 431/70/4 434/70/4
f 100/36/4 99/38/4 436/74/4 435/73/4
f 99/38/4 41/37/4 437/75/4 436/74/4
f 41/37/4 40/36/4 438/76/4 437/75/4
f 40/36/4 100/36/4 435/73/4 438/76/4
f 99/38/4 98/40/4 440/78/4 439/77/4
f 98/40/4 42/39/4 441/79/4 440/78/4
f 42/39/4 41/37/4 442/80/4 441/79/4
f 41/37/4 99/38/4 439/77/4 442/80/4
f 98/40/4 97/42/4 444/82/4 443/81/4
f 97/42/4 43/41/4 445/83/4 444/82/4
f 43/41/4 42/39/4 446/84/4 445/83/4
f 42/39/4 98/40/4 443/81/4 446/84/4
f 97/42/4 96/43/4 448/86/4 447/85/4
f 96/43/4 44/43/4 449/87/4 448/86/4
f 44/43/4 43/41/4 450/85/4 449/87/4
f 43/41/4 97/42/4 447/85/4 450/85/4
f 96/43/4 95/27/4 452/89/4 451/88/4
f 95/27/4 45/20/4 453/89/4 452/89/4
f 45/20/4 44/43/4 454/90/4 453/89/4
f 44/43/4 96/43/4 451/88/4 454/90/4
f 208/4/3 22/3/3 456/260/3 455/255/3
f 22/3/3 8/3/3 457/254/3 456/260/3
f 8/3/3 144/4/3 458/255/3 457/254/3
f 144/4/3 208/4/3 455/255/3 458/255/3
f 23/18/3 216/17/3 460/279/3 459/280/3
f 216/17/3 136/17/3 461/281/3 460/279/3
f 136/17/3 7/18/3 462/282/3 461/281/3
f 7/18/3 23/18/3 459/280/3 462/282/3
f 216/17/3 215/224/3 464/258/3 463/12/3
f 215/224/3 137/224/3 465/283/3 464/258/3
f 137/224/3 136/17/3 466/12/3 465/283/3
f 136/17/3 216/17/3 463/12/3 466/12/3
f 215/224/3 214/225/3 468/284/3 467/285/3
f 214/225/3 138/225/3 469/286/3 468/284/3
f 138/225/3 137/224/3 470/287/3 469/286/3
f 137/224/3 215/224/3 467/285/3 470/287/3
f 214/225/3 213/227/3 472/288/3 471/289/3
f 213/227/3 139/226/3 473/290/3 472/288/3
f 139/226/3 138/225/3 474/289/3 473/290/3
f 138/225/3 214/225/3 471/289/3 474/289/3
f 213/227/3 212/228/3 476/261/3 475/257/3
f 212/228/3 140/228/3 477/256/3 476/261/3
f 140/228/3 139/226/3 478/257/3 477/256/3
f 139/226/3 213/227/3 475/257/3 478/257/3
f 212/228/3 211/229/3 480/291/3 479/292/3
f 211/229/3 141/229/3 481/293/3 480/291/3
f 141/229/3 140/228/3 482/294/3 481/293/3
f 140/228/3 212/228/3 479/292/3 482/294/3
f 211/229/3 210/231/3 484/259/3 483/253/3
f 210/231/3 142/230/3 485/295/3 484/259/3
f 142/230/3 141/229/3 486/252/3 485/295/3
f 141/229/3 211/229/3 483/253/3 486/252/3
f 210/231/3 209/232/3 488/296/3 487/297/3
f 209/232/3 143/241/3 489/298/3 488/296/3
f 143/241/3 142/230/3 490/297/3 489/298/3
f 142/230/3 210/231/3 487/297/3 490/297/3
f 209/232/3 208/4/3 492/299/3 491/300/3
f 208/4/3 144/4/3 493/301/3 492/299/3
f 144/4/3 143/241/3 494/300/3 493/301/3
f 143/241/3 209/232/3 491/300/3 494/300/3
f 504/12/3 503/258/3 506/283/3 505/12/3
f 512/289/3 511/288/3 514/290/3 513/289/3
f 520/292/3 519/291/3 522/293/3 521/294/3
f 528/297/3 527/296/3 530/298/3 529/297/3
f 484/259/4 485/295/4 526/295/4 523/259/4
f 464/258/4 465/283/4 506/283/4 503/258/4
f 491/300/2 492/299/2 531/299/2 532/300/2
f 471/289/2 472/288/2 511/288/2 512/289/2
f 485/295/1 486/252/1 525/252/1 526/295/1
f 465/283/1 466/12/1 505/12/1 506/283/1
f 494/300/5 491/300/5 532/300/5 533/300/5
f 474/289/5 471/289/5 512/289/5 513/289/5
f 492/299/4 493/301/4 534/301/4 531/299/4
f 472/288/4 473/290/4 514/290/4 511/288/4
f 479/292/2 480/291/2 519/291/2 520/292/2
f 493/301/1 494/300/1 533/300/1 534/301/1
f 459/280/2 460/279/2 499/279/2 500/280/2
f 473/290/1 474/289/1 513/289/1 514/290/1
f 482/294/5 479/292/5 520/292/5 521/294/5
f 462/282/5 459/280/5 500/280/5 501/282/5
f 480/291/4 481/293/4 522/293/4 519/291/4
f 460/279/4 461/281/4 502/281/4 499/279/4
f 487/297/2 488/296/2 527/296/2 528/297/2
f 467/285/2 468/284/2 507/284/2 508/285/2
f 481/293/1 482/294/1 521/294/1 522/293/1
f 461/281/1 462/282/1 501/282/1 502/281/1
f 490/297/5 487/297/5 528/297/5 529/297/5
f 470/287/5 467/285/5 508/285/5 509/287/5
f 488/296/4 489/298/4 530/298/4 527/296/4
f 468/284/4 469/286/4 510/286/4 507/284/4
f 475/257/2 476/261/2 515/261/2 516/257/2
f 489/298/1 490/297/1 529/297/1 530/298/1
f 455/255/2 456/260/2 495/260/2 496/255/2
f 469/286/1 470/287/1 509/287/1 510/286/1
f 102/22/5 21/6/5 536/302/5 535/303/5
f 21/6/5 5/6/5 537/304/5 536/302/5
f 5/6/5 52/21/5 538/305/5 537/304/5
f 52/21/5 102/22/5 535/303/5 538/305/5
f 22/3/5 108/2/5 540/8/5 539/94/5
f 108/2/5 46/58/5 541/9/5 540/8/5
f 46/58/5 8/3/5 542/93/5 541/9/5
f 8/3/5 22/3/5 539/94/5 542/93/5
f 108/2/5 107/28/5 544/306/5 543/307/5
f 107/28/5 47/59/5 545/308/5 544/306/5
f 47/59/5 46/58/5 546/309/5 545/308/5
f 46/58/5 108/2/5 543/307/5 546/309/5
f 107/28/5 106/30/5 548/310/5 547/311/5
f 106/30/5 48/56/5 549/312/5 548/310/5
f 48/56/5 47/59/5 550/313/5 549/312/5
f 47/59/5 107/28/5 547/311/5 550/313/5
f 106/30/5 105/31/5 552/99/5 551/314/5
f 105/31/5 49/54/5 553/97/5 552/99/5
f 49/54/5 48/56/5 554/98/5 553/97/5
f 48/56/5 106/30/5 551/314/5 554/98/5
f 105/31/5 104/32/5 556/315/5 555/316/5
f 104/32/5 50/52/5 557/317/5 556/315/5
f 50/52/5 49/54/5 558/318/5 557/317/5
f 49/54/5 105/31/5 555/316/5 558/318/5
f 104/32/5 103/34/5 560/91/5 559/96/5
f 103/34/5 51/33/5 561/92/5 560/91/5
f 51/33/5 50/52/5 562/95/5 561/92/5
f 50/52/5 104/32/5 559/96/5 562/95/5
f 103/34/5 102/22/5 564/319/5 563/320/5
f 102/22/5 52/21/5 565/319/5 564/319/5
f 52/21/5 51/33/5 566/321/5 565/319/5
f 51/33/5 103/34/5 563/320/5 566/321/5
f 576/307/5 575/306/5 578/308/5 577/309/5
f 584/314/5 583/99/5 586/97/5 585/98/5
f 592/96/5 591/91/5 594/92/5 593/95/5
f 547/311/2 548/310/2 579/310/2 580/311/2
f 561/92/1 562/95/1 593/95/1 594/92/1
f 541/9/1 542/93/1 573/93/1 574/9/1
f 550/313/6 547/311/6 580/311/6 581/313/6
f 548/310/3 549/312/3 582/312/3 579/310/3
f 555/316/2 556/315/2 587/315/2 588/316/2
f 535/303/2 536/302/2 567/302/2 568/303/2
f 549/312/1 550/313/1 581/313/1 582/312/1
f 558/318/6 555/316/6 588/316/6 589/318/6
f 538/305/6 535/303/6 568/303/6 569/305/6
f 556/315/3 557/317/3 590/317/3 587/315/3
f 536/302/3 537/304/3 570/304/3 567/302/3
f 563/320/2 564/319/2 595/319/2 596/320/2
f 543/307/2 544/306/2 575/306/2 576/307/2
f 557/317/1 558/318/1 589/318/1 590/317/1
f 537/304/1 538/305/1 569/305/1 570/304/1
f 566/321/6 563/320/6 596/320/6 597/321/6
f 546/309/6 543/307/6 576/307/6 577/309/6
f 564/319/3 565/319/3 598/319/3 595/319/3
f 544/306/3 545/308/3 578/308/3 575/306/3
f 551/314/2 552/99/2 583/99/2 584/314/2
f 565/319/1 566/321/1 597/321/1 598/319/1
f 545/308/1 546/309/1 577/309/1 578/308/1
f 554/98/6 551/314/6 584/314/6 585/98/6
f 932/1/1 630/2/1 602/3/1 724/4/1
f 743/5/2 607/6/2 615/6/2 779/7/2
f 1138/8/3 1139/9/3 1172/9/3 1169/8/3
f 1064/12/5 1061/12/5 1102/12/5 1103/12/5
f 961/13/2 962/14/2 1001/14/2 1002/13/2
f 877/15/2 760/4/2 610/3/2 658/16/2
f 752/17/2 609/18/2 617/18/2 788/19/2
f 643/20/1 605/18/1 613/18/1 671/20/1
f 650/21/1 603/6/1 611/6/1 678/22/1
f 678/22/5 611/6/5 615/6/5 692/22/5
f 671/20/4 613/18/4 617/18/4 685/20/4
f 778/4/3 614/3/3 618/3/3 796/4/3
f 769/23/6 612/24/6 616/24/6 787/23/6
f 742/4/1 606/3/1 614/3/1 778/4/1
f 658/16/2 610/3/2 618/3/2 686/25/2
f 733/23/1 604/24/1 612/24/1 769/23/1
f 651/26/2 608/24/2 616/24/2 679/26/2
f 715/23/6 599/24/6 622/24/6 797/23/6
f 724/4/3 602/3/3 620/3/3 806/4/3
f 629/20/4 600/18/4 621/18/4 693/27/4
f 636/21/5 601/6/5 619/6/5 700/22/5
f 602/3/5 630/2/5 706/2/5 620/3/5
f 630/2/5 631/28/5 705/28/5 706/2/5
f 631/28/5 632/29/5 704/30/5 705/28/5
f 632/29/5 633/31/5 703/31/5 704/30/5
f 633/31/5 634/32/5 702/32/5 703/31/5
f 634/32/5 635/33/5 701/34/5 702/32/5
f 635/33/5 636/21/5 700/22/5 701/34/5
f 599/24/4 623/26/4 699/35/4 622/24/4
f 623/26/4 624/36/4 698/36/4 699/35/4
f 624/36/4 625/37/4 697/38/4 698/36/4
f 625/37/4 626/39/4 696/40/4 697/38/4
f 626/39/4 627/41/4 695/42/4 696/40/4
f 627/41/4 628/43/4 694/43/4 695/42/4
f 628/43/4 629/20/4 693/27/4 694/43/4
f 609/18/2 657/44/2 685/20/2 617/18/2
f 657/44/2 656/43/2 684/45/2 685/20/2
f 656/43/2 655/41/2 683/41/2 684/45/2
f 655/41/2 654/46/2 682/39/2 683/41/2
f 654/46/2 653/38/2 681/47/2 682/39/2
f 653/38/2 652/48/2 680/48/2 681/47/2
f 652/48/2 651/26/2 679/26/2 680/48/2
f 607/6/2 664/49/2 692/22/2 615/6/2
f 664/49/2 663/50/2 691/34/2 692/22/2
f 663/50/2 662/51/2 690/52/2 691/34/2
f 662/51/2 661/53/2 689/54/2 690/52/2
f 661/53/2 660/55/2 688/56/2 689/54/2
f 660/55/2 659/28/2 687/28/2 688/56/2
f 659/28/2 658/16/2 686/25/2 687/28/2
f 612/24/4 665/26/4 679/26/4 616/24/4
f 665/26/4 666/48/4 680/48/4 679/26/4
f 666/48/4 667/37/4 681/47/4 680/48/4
f 667/37/4 668/57/4 682/39/4 681/47/4
f 668/57/4 669/41/4 683/41/4 682/39/4
f 669/41/4 670/43/4 684/45/4 683/41/4
f 670/43/4 671/20/4 685/20/4 684/45/4
f 614/3/5 672/58/5 686/25/5 618/3/5
f 672/58/5 673/28/5 687/28/5 686/25/5
f 673/28/5 674/56/5 688/56/5 687/28/5
f 674/56/5 675/53/5 689/54/5 688/56/5
f 675/53/5 676/52/5 690/52/5 689/54/5
f 676/52/5 677/33/5 691/34/5 690/52/5
f 677/33/5 678/22/5 692/22/5 691/34/5
f 606/3/1 644/58/1 672/58/1 614/3/1
f 644/58/1 645/59/1 673/28/1 672/58/1
f 645/59/1 646/56/1 674/56/1 673/28/1
f 646/56/1 647/54/1 675/53/1 674/56/1
f 647/54/1 648/52/1 676/52/1 675/53/1
f 648/52/1 649/33/1 677/33/1 676/52/1
f 649/33/1 650/21/1 678/22/1 677/33/1
f 604/24/1 637/26/1 665/26/1 612/24/1
f 637/26/1 638/36/1 666/48/1 665/26/1
f 638/36/1 639/37/1 667/37/1 666/48/1
f 639/37/1 640/39/1 668/57/1 667/37/1
f 640/39/1 641/41/1 669/41/1 668/57/1
f 641/41/1 642/43/1 670/43/1 669/41/1
f 642/43/1 643/20/1 671/20/1 670/43/1
f 743/5/2 823/60/2 664/49/2 607/6/2
f 823/60/2 832/61/2 663/50/2 664/49/2
f 832/61/2 841/62/2 662/51/2 663/50/2
f 841/62/2 850/63/2 661/53/2 662/51/2
f 850/63/2 859/64/2 660/55/2 661/53/2
f 859/64/2 868/65/2 659/28/2 660/55/2
f 868/65/2 877/15/2 658/16/2 659/28/2
f 1033/73/4 1034/74/4 1035/75/4 1036/76/4
f 1045/85/4 1046/86/4 1047/87/4 1048/85/4
f 1158/91/3 1159/92/3 1192/92/3 1189/91/3
f 1140/93/6 1137/94/6 1170/94/6 1171/93/6
f 1160/95/6 1157/96/6 1190/96/6 1191/95/6
f 1151/97/1 1152/98/1 1183/98/1 1184/97/1
f 1137/94/2 1138/8/2 1169/8/2 1170/94/2
f 1157/96/2 1158/91/2 1189/91/2 1190/96/2
f 1150/99/3 1151/97/3 1184/97/3 1181/99/3
f 707/5/1 601/6/1 636/21/1 878/100/1
f 878/100/1 636/21/1 635/33/1 887/101/1
f 887/101/1 635/33/1 634/32/1 896/102/1
f 896/102/1 634/32/1 633/31/1 905/103/1
f 905/103/1 633/31/1 632/29/1 914/104/1
f 914/104/1 632/29/1 631/28/1 923/105/1
f 923/105/1 631/28/1 630/2/1 932/1/1
f 628/43/1 931/106/1 940/107/1 629/20/1
f 931/106/1 930/108/1 939/109/1 940/107/1
f 930/108/1 929/110/1 938/111/1 939/109/1
f 929/110/1 928/112/1 937/113/1 938/111/1
f 928/112/1 927/114/1 936/115/1 937/113/1
f 927/114/1 926/116/1 935/117/1 936/115/1
f 926/116/1 925/118/1 934/119/1 935/117/1
f 925/118/1 924/120/1 933/121/1 934/119/1
f 924/120/1 923/105/1 932/1/1 933/121/1
f 627/41/1 922/122/1 931/106/1 628/43/1
f 922/122/1 921/123/1 930/108/1 931/106/1
f 921/123/1 920/124/1 929/110/1 930/108/1
f 920/124/1 919/125/1 928/112/1 929/110/1
f 919/125/1 918/126/1 927/114/1 928/112/1
f 918/126/1 917/127/1 926/116/1 927/114/1
f 917/127/1 916/128/1 925/118/1 926/116/1
f 916/128/1 915/129/1 924/120/1 925/118/1
f 915/129/1 914/104/1 923/105/1 924/120/1
f 626/39/1 913/130/1 922/122/1 627/41/1
f 913/130/1 912/131/1 921/123/1 922/122/1
f 912/131/1 911/132/1 920/124/1 921/123/1
f 911/132/1 910/133/1 919/125/1 920/124/1
f 910/133/1 909/134/1 918/126/1 919/125/1
f 909/134/1 908/135/1 917/127/1 918/126/1
f 908/135/1 907/136/1 916/128/1 917/127/1
f 907/136/1 906/137/1 915/129/1 916/128/1
f 906/137/1 905/103/1 914/104/1 915/129/1
f 625/37/1 904/138/1 913/130/1 626/39/1
f 904/138/1 903/139/1 912/131/1 913/130/1
f 903/139/1 902/140/1 911/132/1 912/131/1
f 902/140/1 901/141/1 910/133/1 911/132/1
f 901/141/1 900/142/1 909/134/1 910/133/1
f 900/142/1 899/143/1 908/135/1 909/134/1
f 899/143/1 898/144/1 907/136/1 908/135/1
f 898/144/1 897/145/1 906/137/1 907/136/1
f 897/145/1 896/102/1 905/103/1 906/137/1
f 624/36/1 895/146/1 904/138/1 625/37/1
f 895/146/1 894/147/1 903/139/1 904/138/1
f 894/147/1 893/148/1 902/140/1 903/139/1
f 893/148/1 892/149/1 901/141/1 902/140/1
f 892/149/1 891/150/1 900/142/1 901/141/1
f 891/150/1 890/151/1 899/143/1 900/142/1
f 890/151/1 889/152/1 898/144/1 899/143/1
f 889/152/1 888/153/1 897/145/1 898/144/1
f 888/153/1 887/101/1 896/102/1 897/145/1
f 623/26/1 886/154/1 895/146/1 624/36/1
f 886/154/1 885/155/1 894/147/1 895/146/1
f 885/155/1 884/156/1 893/148/1 894/147/1
f 884/156/1 883/157/1 892/149/1 893/148/1
f 883/157/1 882/158/1 891/150/1 892/149/1
f 882/158/1 881/159/1 890/151/1 891/150/1
f 881/159/1 880/160/1 889/152/1 890/151/1
f 880/160/1 879/161/1 888/153/1 889/152/1
f 879/161/1 878/100/1 887/101/1 888/153/1
f 599/24/1 715/23/1 886/154/1 623/26/1
f 715/23/1 714/162/1 885/155/1 886/154/1
f 714/162/1 713/163/1 884/156/1 885/155/1
f 713/163/1 712/164/1 883/157/1 884/156/1
f 712/164/1 711/165/1 882/158/1 883/157/1
f 711/165/1 710/166/1 881/159/1 882/158/1
f 710/166/1 709/167/1 880/160/1 881/159/1
f 709/167/1 708/168/1 879/161/1 880/160/1
f 708/168/1 707/5/1 878/100/1 879/161/1
f 656/43/2 657/44/2 869/169/2 860/170/2
f 860/170/2 869/169/2 870/171/2 861/172/2
f 861/172/2 870/171/2 871/173/2 862/174/2
f 862/174/2 871/173/2 872/175/2 863/176/2
f 863/176/2 872/175/2 873/177/2 864/114/2
f 864/114/2 873/177/2 874/178/2 865/179/2
f 865/179/2 874/178/2 875/180/2 866/181/2
f 866/181/2 875/180/2 876/182/2 867/183/2
f 867/183/2 876/182/2 877/15/2 868/65/2
f 655/41/2 656/43/2 860/170/2 851/184/2
f 851/184/2 860/170/2 861/172/2 852/185/2
f 852/185/2 861/172/2 862/174/2 853/186/2
f 853/186/2 862/174/2 863/176/2 854/187/2
f 854/187/2 863/176/2 864/114/2 855/188/2
f 855/188/2 864/114/2 865/179/2 856/189/2
f 856/189/2 865/179/2 866/181/2 857/190/2
f 857/190/2 866/181/2 867/183/2 858/191/2
f 858/191/2 867/183/2 868/65/2 859/64/2
f 654/46/2 655/41/2 851/184/2 842/192/2
f 842/192/2 851/184/2 852/185/2 843/193/2
f 843/193/2 852/185/2 853/186/2 844/194/2
f 844/194/2 853/186/2 854/187/2 845/195/2
f 845/195/2 854/187/2 855/188/2 846/196/2
f 846/196/2 855/188/2 856/189/2 847/197/2
f 847/197/2 856/189/2 857/190/2 848/198/2
f 848/198/2 857/190/2 858/191/2 849/199/2
f 849/199/2 858/191/2 859/64/2 850/63/2
f 653/38/2 654/46/2 842/192/2 833/200/2
f 833/200/2 842/192/2 843/193/2 834/201/2
f 834/201/2 843/193/2 844/194/2 835/202/2
f 835/202/2 844/194/2 845/195/2 836/203/2
f 836/203/2 845/195/2 846/196/2 837/204/2
f 837/204/2 846/196/2 847/197/2 838/205/2
f 838/205/2 847/197/2 848/198/2 839/206/2
f 839/206/2 848/198/2 849/199/2 840/207/2
f 840/207/2 849/199/2 850/63/2 841/62/2
f 652/48/2 653/38/2 833/200/2 824/208/2
f 824/208/2 833/200/2 834/201/2 825/209/2
f 825/209/2 834/201/2 835/202/2 826/210/2
f 826/210/2 835/202/2 836/203/2 827/211/2
f 827/211/2 836/203/2 837/204/2 828/212/2
f 828/212/2 837/204/2 838/205/2 829/213/2
f 829/213/2 838/205/2 839/206/2 830/214/2
f 830/214/2 839/206/2 840/207/2 831/215/2
f 831/215/2 840/207/2 841/62/2 832/61/2
f 651/26/2 652/48/2 824/208/2 815/154/2
f 815/154/2 824/208/2 825/209/2 816/216/2
f 816/216/2 825/209/2 826/210/2 817/217/2
f 817/217/2 826/210/2 827/211/2 818/218/2
f 818/218/2 827/211/2 828/212/2 819/219/2
f 819/219/2 828/212/2 829/213/2 820/220/2
f 820/220/2 829/213/2 830/214/2 821/221/2
f 821/221/2 830/214/2 831/215/2 822/222/2
f 822/222/2 831/215/2 832/61/2 823/60/2
f 608/24/2 651/26/2 815/154/2 751/23/2
f 751/23/2 815/154/2 816/216/2 750/162/2
f 750/162/2 816/216/2 817/217/2 749/163/2
f 749/163/2 817/217/2 818/218/2 748/164/2
f 748/164/2 818/218/2 819/219/2 747/165/2
f 747/165/2 819/219/2 820/220/2 746/166/2
f 746/166/2 820/220/2 821/221/2 745/223/2
f 745/223/2 821/221/2 822/222/2 744/168/2
f 744/168/2 822/222/2 823/60/2 743/5/2
f 600/18/3 716/17/3 814/17/3 621/18/3
f 716/17/3 717/224/3 813/224/3 814/17/3
f 717/224/3 718/225/3 812/225/3 813/224/3
f 718/225/3 719/226/3 811/227/3 812/225/3
f 719/226/3 720/228/3 810/228/3 811/227/3
f 720/228/3 721/229/3 809/229/3 810/228/3
f 721/229/3 722/230/3 808/231/3 809/229/3
f 722/230/3 723/232/3 807/232/3 808/231/3
f 723/232/3 724/4/3 806/4/3 807/232/3
f 601/6/6 707/5/6 805/5/6 619/6/6
f 707/5/6 708/168/6 804/168/6 805/5/6
f 708/168/6 709/167/6 803/223/6 804/168/6
f 709/167/6 710/166/6 802/166/6 803/223/6
f 710/166/6 711/165/6 801/165/6 802/166/6
f 711/165/6 712/164/6 800/233/6 801/165/6
f 712/164/6 713/163/6 799/163/6 800/233/6
f 713/163/6 714/162/6 798/162/6 799/163/6
f 714/162/6 715/23/6 797/23/6 798/162/6
f 603/6/1 725/5/1 761/5/1 611/6/1
f 725/5/1 726/168/1 762/168/1 761/5/1
f 726/168/1 727/223/1 763/234/1 762/168/1
f 727/223/1 728/166/1 764/235/1 763/234/1
f 728/166/1 729/165/1 765/165/1 764/235/1
f 729/165/1 730/164/1 766/233/1 765/165/1
f 730/164/1 731/163/1 767/163/1 766/233/1
f 731/163/1 732/236/1 768/162/1 767/163/1
f 732/236/1 733/23/1 769/23/1 768/162/1
f 605/18/1 734/17/1 770/237/1 613/18/1
f 734/17/1 735/224/1 771/224/1 770/237/1
f 735/224/1 736/225/1 772/238/1 771/224/1
f 736/225/1 737/226/1 773/227/1 772/238/1
f 737/226/1 738/228/1 774/228/1 773/227/1
f 738/228/1 739/229/1 775/239/1 774/228/1
f 739/229/1 740/230/1 776/240/1 775/239/1
f 740/230/1 741/241/1 777/232/1 776/240/1
f 741/241/1 742/4/1 778/4/1 777/232/1
f 611/6/6 761/5/6 779/7/6 615/6/6
f 761/5/6 762/168/6 780/168/6 779/7/6
f 762/168/6 763/234/6 781/234/6 780/168/6
f 763/234/6 764/235/6 782/235/6 781/234/6
f 764/235/6 765/165/6 783/165/6 782/235/6
f 765/165/6 766/233/6 784/233/6 783/165/6
f 766/233/6 767/163/6 785/163/6 784/233/6
f 767/163/6 768/162/6 786/162/6 785/163/6
f 768/162/6 769/23/6 787/23/6 786/162/6
f 613/18/3 770/237/3 788/19/3 617/18/3
f 770/237/3 771/224/3 789/224/3 788/19/3
f 771/224/3 772/238/3 790/238/3 789/224/3
f 772/238/3 773/227/3 791/227/3 790/238/3
f 773/227/3 774/228/3 792/228/3 791/227/3
f 774/228/3 775/239/3 793/229/3 792/228/3
f 775/239/3 776/240/3 794/240/3 793/229/3
f 776/240/3 777/232/3 795/232/3 794/240/3
f 777/232/3 778/4/3 796/4/3 795/232/3
f 610/3/2 760/4/2 796/4/2 618/3/2
f 760/4/2 759/232/2 795/232/2 796/4/2
f 759/232/2 758/230/2 794/240/2 795/232/2
f 758/230/2 757/239/2 793/229/2 794/240/2
f 757/239/2 756/228/2 792/228/2 793/229/2
f 756/228/2 755/226/2 791/227/2 792/228/2
f 755/226/2 754/242/2 790/238/2 791/227/2
f 754/242/2 753/224/2 789/224/2 790/238/2
f 753/224/2 752/17/2 788/19/2 789/224/2
f 657/44/2 609/18/2 752/17/2 869/169/2
f 869/169/2 752/17/2 753/224/2 870/171/2
f 870/171/2 753/224/2 754/242/2 871/173/2
f 871/173/2 754/242/2 755/226/2 872/175/2
f 872/175/2 755/226/2 756/228/2 873/177/2
f 873/177/2 756/228/2 757/239/2 874/178/2
f 874/178/2 757/239/2 758/230/2 875/180/2
f 875/180/2 758/230/2 759/232/2 876/182/2
f 876/182/2 759/232/2 760/4/2 877/15/2
f 954/243/5 955/243/5 996/243/5 993/243/5
f 974/244/5 975/244/5 1016/244/5 1013/244/5
f 956/245/4 953/245/4 994/245/4 995/245/4
f 976/246/4 973/247/4 1014/247/4 1015/246/4
f 947/248/1 948/249/1 987/249/1 988/248/1
f 967/250/1 968/251/1 1007/251/1 1008/250/1
f 953/245/2 954/243/2 993/243/2 994/245/2
f 973/247/2 974/244/2 1013/244/2 1014/247/2
f 946/248/5 947/248/5 988/248/5 985/248/5
f 1084/252/5 1081/253/5 1122/253/5 1123/252/5
f 1055/254/1 1056/255/1 1095/255/1 1096/254/1
f 1075/256/1 1076/257/1 1115/257/1 1116/256/1
f 1061/12/2 1062/258/2 1101/258/2 1102/12/2
f 1081/253/2 1082/259/2 1121/259/2 1122/253/2
f 1054/260/4 1055/254/4 1096/254/4 1093/260/4
f 1074/261/4 1075/256/4 1116/256/4 1113/261/4
f 1056/255/5 1053/255/5 1094/255/5 1095/255/5
f 1076/257/5 1073/257/5 1114/257/5 1115/257/5
f 608/24/2 751/23/2 787/23/2 616/24/2
f 751/23/2 750/162/2 786/162/2 787/23/2
f 750/162/2 749/163/2 785/163/2 786/162/2
f 749/163/2 748/164/2 784/233/2 785/163/2
f 748/164/2 747/165/2 783/165/2 784/233/2
f 747/165/2 746/166/2 782/235/2 783/165/2
f 746/166/2 745/223/2 781/234/2 782/235/2
f 745/223/2 744/168/2 780/168/2 781/234/2
f 744/168/2 743/5/2 779/7/2 780/168/2
f 629/20/1 940/107/1 716/17/1 600/18/1
f 940/107/1 939/109/1 717/224/1 716/17/1
f 939/109/1 938/111/1 718/225/1 717/224/1
f 938/111/1 937/113/1 719/226/1 718/225/1
f 937/113/1 936/115/1 720/228/1 719/226/1
f 936/115/1 935/117/1 721/229/1 720/228/1
f 935/117/1 934/119/1 722/230/1 721/229/1
f 934/119/1 933/121/1 723/232/1 722/230/1
f 933/121/1 932/1/1 724/4/1 723/232/1
f 797/23/6 622/24/6 942/262/6 941/263/6
f 622/24/6 604/24/6 943/262/6 942/262/6
f 604/24/6 733/23/6 944/263/6 943/262/6
f 733/23/6 797/23/6 941/263/6 944/263/6
f 619/6/6 805/5/6 946/248/6 945/264/6
f 805/5/6 725/5/6 947/248/6 946/248/6
f 725/5/6 603/6/6 948/249/6 947/248/6
f 603/6/6 619/6/6 945/264/6 948/249/6
f 805/5/6 804/168/6 950/265/6 949/266/6
f 804/168/6 726/168/6 951/265/6 950/265/6
f 726/168/6 725/5/6 952/266/6 951/265/6
f 725/5/6 805/5/6 949/266/6 952/266/6
f 804/168/6 803/223/6 954/243/6 953/245/6
f 803/223/6 727/223/6 955/243/6 954/243/6
f 727/223/6 726/168/6 956/245/6 955/243/6
f 726/168/6 804/168/6 953/245/6 956/245/6
f 803/223/6 802/166/6 958/267/6 957/268/6
f 802/166/6 728/166/6 959/267/6 958/267/6
f 728/166/6 727/223/6 960/268/6 959/267/6
f 727/223/6 803/223/6 957/268/6 960/268/6
f 802/166/6 801/165/6 962/14/6 961/13/6
f 801/165/6 729/165/6 963/14/6 962/14/6
f 729/165/6 728/166/6 964/269/6 963/14/6
f 728/166/6 802/166/6 961/13/6 964/269/6
f 801/165/6 800/233/6 966/270/6 965/271/6
f 800/233/6 730/164/6 967/250/6 966/270/6
f 730/164/6 729/165/6 968/251/6 967/250/6
f 729/165/6 801/165/6 965/271/6 968/251/6
f 800/233/6 799/163/6 970/272/6 969/273/6
f 799/163/6 731/163/6 971/272/6 970/272/6
f 731/163/6 730/164/6 972/274/6 971/272/6
f 730/164/6 800/233/6 969/273/6 972/274/6
f 799/163/6 798/162/6 974/244/6 973/247/6
f 798/162/6 732/236/6 975/244/6 974/244/6
f 732/236/6 731/163/6 976/246/6 975/244/6
f 731/163/6 799/163/6 973/247/6 976/246/6
f 798/162/6 797/23/6 978/275/6 977/276/6
f 797/23/6 733/23/6 979/277/6 978/275/6
f 733/23/6 732/236/6 980/278/6 979/277/6
f 732/236/6 798/162/6 977/276/6 980/278/6
f 990/266/6 989/265/6 992/265/6 991/266/6
f 1002/13/6 1001/14/6 1004/14/6 1003/269/6
f 1014/247/6 1013/244/6 1016/244/6 1015/246/6
f 1018/276/6 1017/275/6 1020/277/6 1019/278/6
f 975/244/1 976/246/1 1015/246/1 1016/244/1
f 941/263/2 942/262/2 981/262/2 982/263/2
f 955/243/1 956/245/1 995/245/1 996/243/1
f 964/269/4 961/13/4 1002/13/4 1003/269/4
f 944/263/4 941/263/4 982/263/4 983/263/4
f 962/14/5 963/14/5 1004/14/5 1001/14/5
f 942/262/5 943/262/5 984/262/5 981/262/5
f 969/273/2 970/272/2 1009/272/2 1010/273/2
f 949/266/2 950/265/2 989/265/2 990/266/2
f 963/14/1 964/269/1 1003/269/1 1004/14/1
f 943/262/1 944/263/1 983/263/1 984/262/1
f 972/274/4 969/273/4 1010/273/4 1011/274/4
f 952/266/4 949/266/4 990/266/4 991/266/4
f 970/272/5 971/272/5 1012/272/5 1009/272/5
f 950/265/5 951/265/5 992/265/5 989/265/5
f 977/276/2 978/275/2 1017/275/2 1018/276/2
f 957/268/2 958/267/2 997/267/2 998/268/2
f 971/272/1 972/274/1 1011/274/1 1012/272/1
f 951/265/1 952/266/1 991/266/1 992/265/1
f 980/278/4 977/276/4 1018/276/4 1019/278/4
f 960/268/4 957/268/4 998/268/4 999/268/4
f 978/275/5 979/277/5 1020/277/5 1017/275/5
f 958/267/5 959/267/5 1000/267/5 997/267/5
f 965/271/2 966/270/2 1005/270/2 1006/271/2
f 979/277/1 980/278/1 1019/278/1 1020/277/1
f 945/264/2 946/248/2 985/248/2 986/264/2
f 959/267/1 960/268/1 999/268/1 1000/267/1
f 968/251/4 965/271/4 1006/271/4 1007/251/4
f 948/249/4 945/264/4 986/264/4 987/249/4
f 966/270/5 967/250/5 1008/250/5 1005/270/5
f 693/27/4 621/18/4 1022/11/4 1021/10/4
f 621/18/4 605/18/4 1023/11/4 1022/11/4
f 605/18/4 643/20/4 1024/10/4 1023/11/4
f 643/20/4 693/27/4 1021/10/4 1024/10/4
f 622/24/4 699/35/4 1026/67/4 1025/66/4
f 699/35/4 637/26/4 1027/68/4 1026/67/4
f 637/26/4 604/24/4 1028/69/4 1027/68/4
f 604/24/4 622/24/4 1025/66/4 1028/69/4
f 699/35/4 698/36/4 1030/71/4 1029/70/4
f 698/36/4 638/36/4 1031/72/4 1030/71/4
f 638/36/4 637/26/4 1032/70/4 1031/72/4
f 637/26/4 699/35/4 1029/70/4 1032/70/4
f 698/36/4 697/38/4 1034/74/4 1033/73/4
f 697/38/4 639/37/4 1035/75/4 1034/74/4
f 639/37/4 638/36/4 1036/76/4 1035/75/4
f 638/36/4 698/36/4 1033/73/4 1036/76/4
f 697/38/4 696/40/4 1038/78/4 1037/77/4
f 696/40/4 640/39/4 1039/79/4 1038/78/4
f 640/39/4 639/37/4 1040/80/4 1039/79/4
f 639/37/4 697/38/4 1037/77/4 1040/80/4
f 696/40/4 695/42/4 1042/82/4 1041/81/4
f 695/42/4 641/41/4 1043/83/4 1042/82/4
f 641/41/4 640/39/4 1044/84/4 1043/83/4
f 640/39/4 696/40/4 1041/81/4 1044/84/4
f 695/42/4 694/43/4 1046/86/4 1045/85/4
f 694/43/4 642/43/4 1047/87/4 1046/86/4
f 642/43/4 641/41/4 1048/85/4 1047/87/4
f 641/41/4 695/42/4 1045/85/4 1048/85/4
f 694/43/4 693/27/4 1050/89/4 1049/88/4
f 693/27/4 643/20/4 1051/89/4 1050/89/4
f 643/20/4 642/43/4 1052/90/4 1051/89/4
f 642/43/4 694/43/4 1049/88/4 1052/90/4
f 806/4/3 620/3/3 1054/260/3 1053/255/3
f 620/3/3 606/3/3 1055/254/3 1054/260/3
f 606/3/3 742/4/3 1056/255/3 1055/254/3
f 742/4/3 806/4/3 1053/255/3 1056/255/3
f 621/18/3 814/17/3 1058/279/3 1057/280/3
f 814/17/3 734/17/3 1059/281/3 1058/279/3
f 734/17/3 605/18/3 1060/282/3 1059/281/3
f 605/18/3 621/18/3 1057/280/3 1060/282/3
f 814/17/3 813/224/3 1062/258/3 1061/12/3
f 813/224/3 735/224/3 1063/283/3 1062/258/3
f 735/224/3 734/17/3 1064/12/3 1063/283/3
f 734/17/3 814/17/3 1061/12/3 1064/12/3
f 813/224/3 812/225/3 1066/284/3 1065/285/3
f 812/225/3 736/225/3 1067/286/3 1066/284/3
f 736/225/3 735/224/3 1068/287/3 1067/286/3
f 735/224/3 813/224/3 1065/285/3 1068/287/3
f 812/225/3 811/227/3 1070/288/3 1069/289/3
f 811/227/3 737/226/3 1071/290/3 1070/288/3
f 737/226/3 736/225/3 1072/289/3 1071/290/3
f 736/225/3 812/225/3 1069/289/3 1072/289/3
f 811/227/3 810/228/3 1074/261/3 1073/257/3
f 810/228/3 738/228/3 1075/256/3 1074/261/3
f 738/228/3 737/226/3 1076/257/3 1075/256/3
f 737/226/3 811/227/3 1073/257/3 1076/257/3
f 810/228/3 809/229/3 1078/291/3 1077/292/3
f 809/229/3 739/229/3 1079/293/3 1078/291/3
f 739/229/3 738/228/3 1080/294/3 1079/293/3
f 738/228/3 810/228/3 1077/292/3 1080/294/3
f 809/229/3 808/231/3 1082/259/3 1081/253/3
f 808/231/3 740/230/3 1083/295/3 1082/259/3
f 740/230/3 739/229/3 1084/252/3 1083/295/3
f 739/229/3 809/229/3 1081/253/3 1084/252/3
f 808/231/3 807/232/3 1086/296/3 1085/297/3
f 807/232/3 741/241/3 1087/298/3 1086/296/3
f 741/241/3 740/230/3 1088/297/3 1087/298/3
f 740/230/3 808/231/3 1085/297/3 1088/297/3
f 807/232/3 806/4/3 1090/299/3 1089/300/3
f 806/4/3 742/4/3 1091/301/3 1090/299/3
f 742/4/3 741/241/3 1092/300/3 1091/301/3
f 741/241/3 807/232/3 1089/300/3 1092/300/3
f 1102/12/3 1101/258/3 1104/283/3 1103/12/3
f 1110/289/3 1109/288/3 1112/290/3 1111/289/3
f 1118/292/3 1117/291/3 1120/293/3 1119/294/3
f 1126/297/3 1125/296/3 1128/298/3 1127/297/3
f 1082/259/4 1083/295/4 1124/295/4 1121/259/4
f 1062/258/4 1063/283/4 1104/283/4 1101/258/4
f 1089/300/2 1090/299/2 1129/299/2 1130/300/2
f 1069/289/2 1070/288/2 1109/288/2 1110/289/2
f 1083/295/1 1084/252/1 1123/252/1 1124/295/1
f 1063/283/1 1064/12/1 1103/12/1 1104/283/1
f 1092/300/5 1089/300/5 1130/300/5 1131/300/5
f 1072/289/5 1069/289/5 1110/289/5 1111/289/5
f 1090/299/4 1091/301/4 1132/301/4 1129/299/4
f 1070/288/4 1071/290/4 1112/290/4 1109/288/4
f 1077/292/2 1078/291/2 1117/291/2 1118/292/2
f 1091/301/1 1092/300/1 1131/300/1 1132/301/1
f 1057/280/2 1058/279/2 1097/279/2 1098/280/2
f 1071/290/1 1072/289/1 1111/289/1 1112/290/1
f 1080/294/5 1077/292/5 1118/292/5 1119/294/5
f 1060/282/5 1057/280/5 1098/280/5 1099/282/5
f 1078/291/4 1079/293/4 1120/293/4 1117/291/4
f 1058/279/4 1059/281/4 1100/281/4 1097/279/4
f 1085/297/2 1086/296/2 1125/296/2 1126/297/2
f 1065/285/2 1066/284/2 1105/284/2 1106/285/2
f 1079/293/1 1080/294/1 1119/294/1 1120/293/1
f 1059/281/1 1060/282/1 1099/282/1 1100/281/1
f 1088/297/5 1085/297/5 1126/297/5 1127/297/5
f 1068/287/5 1065/285/5 1106/285/5 1107/287/5
f 1086/296/4 1087/298/4 1128/298/4 1125/296/4
f 1066/284/4 1067/286/4 1108/286/4 1105/284/4
f 1073/257/2 1074/261/2 1113/261/2 1114/257/2
f 1087/298/1 1088/297/1 1127/297/1 1128/298/1
f 1053/255/2 1054/260/2 1093/260/2 1094/255/2
f 1067/286/1 1068/287/1 1107/287/1 1108/286/1
f 700/22/5 619/6/5 1134/302/5 1133/303/5
f 619/6/5 603/6/5 1135/304/5 1134/302/5
f 603/6/5 650/21/5 1136/305/5 1135/304/5
f 650/21/5 700/22/5 1133/303/5 1136/305/5
f 620/3/5 706/2/5 1138/8/5 1137/94/5
f 706/2/5 644/58/5 1139/9/5 1138/8/5
f 644/58/5 606/3/5 1140/93/5 1139/9/5
f 606/3/5 620/3/5 1137/94/5 1140/93/5
f 706/2/5 705/28/5 1142/306/5 1141/307/5
f 705/28/5 645/59/5 1143/308/5 1142/306/5
f 645/59/5 644/58/5 1144/309/5 1143/308/5
f 644/58/5 706/2/5 1141/307/5 1144/309/5
f 705/28/5 704/30/5 1146/310/5 1145/311/5
f 704/30/5 646/56/5 1147/312/5 1146/310/5
f 646/56/5 645/59/5 1148/313/5 1147/312/5
f 645/59/5 705/28/5 1145/311/5 1148/313/5
f 704/30/5 703/31/5 1150/99/5 1149/314/5
f 703/31/5 647/54/5 1151/97/5 1150/99/5
f 647/54/5 646/56/5 1152/98/5 1151/97/5
f 646/56/5 704/30/5 1149/314/5 1152/98/5
f 703/31/5 702/32/5 1154/315/5 1153/316/5
f 702/32/5 648/52/5 1155/317/5 1154/315/5
f 648/52/5 647/54/5 1156/318/5 1155/317/5
f 647/54/5 703/31/5 1153/316/5 1156/318/5
f 702/32/5 701/34/5 1158/91/5 1157/96/5
f 701/34/5 649/33/5 1159/92/5 1158/91/5
f 649/33/5 648/52/5 1160/95/5 1159/92/5
f 648/52/5 702/32/5 1157/96/5 1160/95/5
f 701/34/5 700/22/5 1162/319/5 1161/320/5
f 700/22/5 650/21/5 1163/319/5 1162/319/5
f 650/21/5 649/33/5 1164/321/5 1163/319/5
f 649/33/5 701/34/5 1161/320/5 1164/321/5
f 1174/307/5 1173/306/5 1176/308/5 1175/309/5
f 1182/314/5 1181/99/5 1184/97/5 1183/98/5
f 1190/96/5 1189/91/5 1192/92/5 1191/95/5
f 1145/311/2 1146/310/2 1177/310/2 1178/311/2
f 1159/92/1 1160/95/1 1191/95/1 1192/92/1
f 1139/9/1 1140/93/1 1171/93/1 1172/9/1
f 1148/313/6 1145/311/6 1178/311/6 1179/313/6
f 1146/310/3 1147/312/3 1180/312/3 1177/310/3
f 1153/316/2 1154/315/2 1185/315/2 1186/316/2
f 1133/303/2 1134/302/2 1165/302/2 1166/303/2
f 1147/312/1 1148/313/1 1179/313/1 1180/312/1
f 1156/318/6 1153/316/6 1186/316/6 1187/318/6
f 1136/305/6 1133/303/6 1166/303/6 1167/305/6
f 1154/315/3 1155/317/3 1188/317/3 1185/315/3
f 1134/302/3 1135/304/3 1168/304/3 1165/302/3
f 1161/320/2 1162/319/2 1193/319/2 1194/320/2
f 1141/307/2 1142/306/2 1173/306/2 1174/307/2
f 1155/317/1 1156/318/1 1187/318/1 1188/317/1
f 1135/304/1 1136/305/1 1167/305/1 1168/304/1
f 1164/321/6 1161/320/6 1194/320/6 1195/321/6
f 1144/309/6 1141/307/6 1174/307/6 1175/309/6
f 1162/319/3 1163/319/3 1196/319/3 1193/319/3
f 1142/306/3 1143/308/3 1176/308/3 1173/306/3
f 1149/314/2 1150/99/2 1181/99/2 1182/314/2
f 1163/319/1 1164/321/1 1195/321/1 1196/319/1
f 1143/308/1 1144/309/1 1175/309/1 1176/308/1
f 1152/98/6 1149/314/6 1182/314/6 1183/98/6
f 1530/1/1 1228/2/1 1200/3/1 1322/4/1
f 1341/5/2 1205/6/2 1213/6/2 1377/7/2
f 1736/8/3 1737/9/3 1770/9/3 1767/8/3
f 1662/12/5 1659/12/5 1700/12/5 1701/12/5
f 1559/13/2 1560/14/2 1599/14/2 1600/13/2
f 1475/15/2 1358/4/2 1208/3/2 1256/16/2
f 1350/17/2 1207/18/2 1215/18/2 1386/19/2
f 1241/20/1 1203/18/1 1211/18/1 1269/20/1
f 1248/21/1 1201/6/1 1209/6/1 1276/22/1
f 1276/22/5 1209/6/5 1213/6/5 1290/22/5
f 1269/20/4 1211/18/4 1215/18/4 1283/20/4
f 1376/4/3 1212/3/3 1216/3/3 1394/4/3
f 1367/23/6 1210/24/6 1214/24/6 1385/23/6
f 1340/4/1 1204/3/1 1212/3/1 1376/4/1
f 1256/16/2 1208/3/2 1216/3/2 1284/25/2
f 1331/23/1 1202/24/1 1210/24/1 1367/23/1
f 1249/26/2 1206/24/2 1214/24/2 1277/26/2
f 1313/23/6 1197/24/6 1220/24/6 1395/23/6
f 1322/4/3 1200/3/3 1218/3/3 1404/4/3
f 1227/20/4 1198/18/4 1219/18/4 1291/27/4
f 1234/21/5 1199/6/5 1217/6/5 1298/22/5
f 1200/3/5 1228/2/5 1304/2/5 1218/3/5
f 1228/2/5 1229/28/5 1303/28/5 1304/2/5
f 1229/28/5 1230/29/5 1302/30/5 1303/28/5
f 1230/29/5 1231/31/5 1301/31/5 1302/30/5
f 1231/31/5 1232/32/5 1300/32/5 1301/31/5
f 1232/32/5 1233/33/5 1299/34/5 1300/32/5
f 1233/33/5 1234/21/5 1298/22/5 1299/34/5
f 1197/24/4 1221/26/4 1297/35/4 1220/24/4
f 1221/26/4 1222/36/4 1296/36/4 1297/35/4
f 1222/36/4 1223/37/4 1295/38/4 1296/36/4
f 1223/37/4 1224/39/4 1294/40/4 1295/38/4
f 1224/39/4 1225/41/4 1293/42/4 1294/40/4
f 1225/41/4 1226/43/4 1292/43/4 1293/42/4
f 1226/43/4 1227/20/4 1291/27/4 1292/43/4
f 1207/18/2 1255/44/2 1283/20/2 1215/18/2
f 1255/44/2 1254/43/2 1282/45/2 1283/20/2
f 1254/43/2 1253/41/2 1281/41/2 1282/45/2
f 1253/41/2 1252/46/2 1280/39/2 1281/41/2
f 1252/46/2 1251/38/2 1279/47/2 1280/39/2
f 1251/38/2 1250/48/2 1278/48/2 1279/47/2
f 1250/48/2 1249/26/2 1277/26/2 1278/48/2
f 1205/6/2 1262/49/2 1290/22/2 1213/6/2
f 1262/49/2 1261/50/2 1289/34/2 1290/22/2
f 1261/50/2 1260/51/2 1288/52/2 1289/34/2
f 1260/51/2 1259/53/2 1287/54/2 1288/52/2
f 1259/53/2 1258/55/2 1286/56/2 1287/54/2
f 1258/55/2 1257/28/2 1285/28/2 1286/56/2
f 1257/28/2 1256/16/2 1284/25/2 1285/28/2
f 1210/24/4 1263/26/4 1277/26/4 1214/24/4
f 1263/26/4 1264/48/4 1278/48/4 1277/26/4
f 1264/48/4 1265/37/4 1279/47/4 1278/48/4
f 1265/37/4 1266/57/4 1280/39/4 1279/47/4
f 1266/57/4 1267/41/4 1281/41/4 1280/39/4
f 1267/41/4 1268/43/4 1282/45/4 1281/41/4
f 1268/43/4 1269/20/4 1283/20/4 1282/45/4
f 1212/3/5 1270/58/5 1284/25/5 1216/3/5
f 1270/58/5 1271/28/5 1285/28/5 1284/25/5
f 1271/28/5 1272/56/5 1286/56/5 1285/28/5
f 1272/56/5 1273/53/5 1287/54/5 1286/56/5
f 1273/53/5 1274/52/5 1288/52/5 1287/54/5
f 1274/52/5 1275/33/5 1289/34/5 1288/52/5
f 1275/33/5 1276/22/5 1290/22/5 1289/34/5
f 1204/3/1 1242/58/1 1270/58/1 1212/3/1
f 1242/58/1 1243/59/1 1271/28/1 1270/58/1
f 1243/59/1 1244/56/1 1272/56/1 1271/28/1
f 1244/56/1 1245/54/1 1273/53/1 1272/56/1
f 1245/54/1 1246/52/1 1274/52/1 1273/53/1
f 1246/52/1 1247/33/1 1275/33/1 1274/52/1
f 1247/33/1 1248/21/1 1276/22/1 1275/33/1
f 1202/24/1 1235/26/1 1263/26/1 1210/24/1
f 1235/26/1 1236/36/1 1264/48/1 1263/26/1
f 1236/36/1 1237/37/1 1265/37/1 1264/48/1
f 1237/37/1 1238/39/1 1266/57/1 1265/37/1
f 1238/39/1 1239/41/1 1267/41/1 1266/57/1
f 1239/41/1 1240/43/1 1268/43/1 1267/41/1
f 1240/43/1 1241/20/1 1269/20/1 1268/43/1
f 1341/5/2 1421/60/2 1262/49/2 1205/6/2
f 1421/60/2 1430/61/2 1261/50/2 1262/49/2
f 1430/61/2 1439/62/2 1260/51/2 1261/50/2
f 1439/62/2 1448/63/2 1259/53/2 1260/51/2
f 1448/63/2 1457/64/2 1258/55/2 1259/53/2
f 1457/64/2 1466/65/2 1257/28/2 1258/55/2
f 1466/65/2 1475/15/2 1256/16/2 1257/28/2
f 1631/73/4 1632/74/4 1633/75/4 1634/76/4
f 1643/85/4 1644/86/4 1645/87/4 1646/85/4
f 1756/91/3 1757/92/3 1790/92/3 1787/91/3
f 1738/93/6 1735/94/6 1768/94/6 1769/93/6
f 1758/95/6 1755/96/6 1788/96/6 1789/95/6
f 1749/97/1 1750/98/1 1781/98/1 1782/97/1
f 1735/94/2 1736/8/2 1767/8/2 1768/94/2
f 1755/96/2 1756/91/2 1787/91/2 1788/96/2
f 1748/99/3 1749/97/3 1782/97/3 1779/99/3
f 1305/5/1 1199/6/1 1234/21/1 1476/100/1
f 1476/100/1 1234/21/1 1233/33/1 1485/101/1
f 1485/101/1 1233/33/1 1232/32/1 1494/102/1
f 1494/102/1 1232/32/1 1231/31/1 1503/103/1
f 1503/103/1 1231/31/1 1230/29/1 1512/104/1
f 1512/104/1 1230/29/1 1229/28/1 1521/105/1
f 1521/105/1 1229/28/1 1228/2/1 1530/1/1
f 1226/43/1 1529/106/1 1538/107/1 1227/20/1
f 1529/106/1 1528/108/1 1537/109/1 1538/107/1
f 1528/108/1 1527/110/1 1536/111/1 1537/109/1
f 1527/110/1 1526/112/1 1535/113/1 1536/111/1
f 1526/112/1 1525/114/1 1534/115/1 1535/113/1
f 1525/114/1 1524/116/1 1533/117/1 1534/115/1
f 1524/116/1 1523/118/1 1532/119/1 1533/117/1
f 1523/118/1 1522/120/1 1531/121/1 1532/119/1
f 1522/120/1 1521/105/1 1530/1/1 1531/121/1
f 1225/41/1 1520/122/1 1529/106/1 1226/43/1
f 1520/122/1 1519/123/1 1528/108/1 1529/106/1
f 1519/123/1 1518/124/1 1527/110/1 1528/108/1
f 1518/124/1 1517/125/1 1526/112/1 1527/110/1
f 1517/125/1 1516/126/1 1525/114/1 1526/112/1
f 1516/126/1 1515/127/1 1524/116/1 1525/114/1
f 1515/127/1 1514/128/1 1523/118/1 1524/116/1
f 1514/128/1 1513/129/1 1522/120/1 1523/118/1
f 1513/129/1 1512/104/1 1521/105/1 1522/120/1
f 1224/39/1 1511/130/1 1520/122/1 1225/41/1
f 1511/130/1 1510/131/1 1519/123/1 1520/122/1
f 1510/131/1 1509/132/1 1518/124/1 1519/123/1
f 1509/132/1 1508/133/1 1517/125/1 1518/124/1
f 1508/133/1 1507/134/1 1516/126/1 1517/125/1
f 1507/134/1 1506/135/1 1515/127/1 1516/126/1
f 1506/135/1 1505/136/1 1514/128/1 1515/127/1
f 1505/136/1 1504/137/1 1513/129/1 1514/128/1
f 1504/137/1 1503/103/1 1512/104/1 1513/129/1
f 1223/37/1 1502/138/1 1511/130/1 1224/39/1
f 1502/138/1 1501/139/1 1510/131/1 1511/130/1
f 1501/139/1 1500/140/1 1509/132/1 1510/131/1
f 1500/140/1 1499/141/1 1508/133/1 1509/132/1
f 1499/141/1 1498/142/1 1507/134/1 1508/133/1
f 1498/142/1 1497/143/1 1506/135/1 1507/134/1
f 1497/143/1 1496/144/1 1505/136/1 1506/135/1
f 1496/144/1 1495/145/1 1504/137/1 1505/136/1
f 1495/145/1 1494/102/1 1503/103/1 1504/137/1
f 1222/36/1 1493/146/1 1502/138/1 1223/37/1
f 1493/146/1 1492/147/1 1501/139/1 1502/138/1
f 1492/147/1 1491/148/1 1500/140/1 1501/139/1
f 1491/148/1 1490/149/1 1499/141/1 1500/140/1
f 1490/149/1 1489/150/1 1498/142/1 1499/141/1
f 1489/150/1 1488/151/1 1497/143/1 1498/142/1
f 1488/151/1 1487/152/1 1496/144/1 1497/143/1
f 1487/152/1 1486/153/1 1495/145/1 1496/144/1
f 1486/153/1 1485/101/1 1494/102/1 1495/145/1
f 1221/26/1 1484/154/1 1493/146/1 1222/36/1
f 1484/154/1 1483/155/1 1492/147/1 1493/146/1
f 1483/155/1 1482/156/1 1491/148/1 1492/147/1
f 1482/156/1 1481/157/1 1490/149/1 1491/148/1
f 1481/157/1 1480/158/1 1489/150/1 1490/149/1
f 1480/158/1 1479/159/1 1488/151/1 1489/150/1
f 1479/159/1 1478/160/1 1487/152/1 1488/151/1
f 1478/160/1 1477/161/1 1486/153/1 1487/152/1
f 1477/161/1 1476/100/1 1485/101/1 1486/153/1
f 1197/24/1 1313/23/1 1484/154/1 1221/26/1
f 1313/23/1 1312/162/1 1483/155/1 1484/154/1
f 1312/162/1 1311/163/1 1482/156/1 1483/155/1
f 1311/163/1 1310/164/1 1481/157/1 1482/156/1
f 1310/164/1 1309/165/1 1480/158/1 1481/157/1
f 1309/165/1 1308/166/1 1479/159/1 1480/158/1
f 1308/166/1 1307/167/1 1478/160/1 1479/159/1
f 1307/167/1 1306/168/1 1477/161/1 1478/160/1
f 1306/168/1 1305/5/1 1476/100/1 1477/161/1
f 1254/43/2 1255/44/2 1467/169/2 1458/170/2
f 1458/170/2 1467/169/2 1468/171/2 1459/172/2
f 1459/172/2 1468/171/2 1469/173/2 1460/174/2
f 1460/174/2 1469/173/2 1470/175/2 1461/176/2
f 1461/176/2 1470/175/2 1471/177/2 1462/114/2
f 1462/114/2 1471/177/2 1472/178/2 1463/179/2
f 1463/179/2 1472/178/2 1473/180/2 1464/181/2
f 1464/181/2 1473/180/2 1474/182/2 1465/183/2
f 1465/183/2 1474/182/2 1475/15/2 1466/65/2
f 1253/41/2 1254/43/2 1458/170/2 1449/184/2
f 1449/184/2 1458/170/2 1459/172/2 1450/185/2
f 1450/185/2 1459/172/2 1460/174/2 1451/186/2
f 1451/186/2 1460/174/2 1461/176/2 1452/187/2
f 1452/187/2 1461/176/2 1462/114/2 1453/188/2
f 1453/188/2 1462/114/2 1463/179/2 1454/189/2
f 1454/189/2 1463/179/2 1464/181/2 1455/190/2
f 1455/190/2 1464/181/2 1465/183/2 1456/191/2
f 1456/191/2 1465/183/2 1466/65/2 1457/64/2
f 1252/46/2 1253/41/2 1449/184/2 1440/192/2
f 1440/192/2 1449/184/2 1450/185/2 1441/193/2
f 1441/193/2 1450/185/2 1451/186/2 1442/194/2
f 1442/194/2 1451/186/2 1452/187/2 1443/195/2
f 1443/195/2 1452/187/2 1453/188/2 1444/196/2
f 1444/196/2 1453/188/2 1454/189/2 1445/197/2
f 1445/197/2 1454/189/2 1455/190/2 1446/198/2
f 1446/198/2 1455/190/2 1456/191/2 1447/199/2
f 1447/199/2 1456/191/2 1457/64/2 1448/63/2
f 1251/38/2 1252/46/2 1440/192/2 1431/200/2
f 1431/200/2 1440/192/2 1441/193/2 1432/201/2
f 1432/201/2 1441/193/2 1442/194/2 1433/202/2
f 1433/202/2 1442/194/2 1443/195/2 1434/203/2
f 1434/203/2 1443/195/2 1444/196/2 1435/204/2
f 1435/204/2 1444/196/2 1445/197/2 1436/205/2
f 1436/205/2 1445/197/2 1446/198/2 1437/206/2
f 1437/206/2 1446/198/2 1447/199/2 1438/207/2
f 1438/207/2 1447/199/2 1448/63/2 1439/62/2
f 1250/48/2 1251/38/2 1431/200/2 1422/208/2
f 1422/208/2 1431/200/2 1432/201/2 1423/209/2
f 1423/209/2 1432/201/2 1433/202/2 1424/210/2
f 1424/210/2 1433/202/2 1434/203/2 1425/211/2
f 1425/211/2 1434/203/2 1435/204/2 1426/212/2
f 1426/212/2 1435/204/2 1436/205/2 1427/213/2
f 1427/213/2 1436/205/2 1437/206/2 1428/214/2
f 1428/214/2 1437/206/2 1438/207/2 1429/215/2
f 1429/215/2 1438/207/2 1439/62/2 1430/61/2
f 1249/26/2 1250/48/2 1422/208/2 1413/154/2
f 1413/154/2 1422/208/2 1423/209/2 1414/216/2
f 1414/216/2 1423/209/2 1424/210/2 1415/217/2
f 1415/217/2 1424/210/2 1425/211/2 1416/218/2
f 1416/218/2 1425/211/2 1426/212/2 1417/219/2
f 1417/219/2 1426/212/2 1427/213/2 1418/220/2
f 1418/220/2 1427/213/2 1428/214/2 1419/221/2
f 1419/221/2 1428/214/2 1429/215/2 1420/222/2
f 1420/222/2 1429/215/2 1430/61/2 1421/60/2
f 1206/24/2 1249/26/2 1413/154/2 1349/23/2
f 1349/23/2 1413/154/2 1414/216/2 1348/162/2
f 1348/162/2 1414/216/2 1415/217/2 1347/163/2
f 1347/163/2 1415/217/2 1416/218/2 1346/164/2
f 1346/164/2 1416/218/2 1417/219/2 1345/165/2
f 1345/165/2 1417/219/2 1418/220/2 1344/166/2
f 1344/166/2 1418/220/2 1419/221/2 1343/223/2
f 1343/223/2 1419/221/2 1420/222/2 1342/168/2
f 1342/168/2 1420/222/2 1421/60/2 1341/5/2
f 1198/18/3 1314/17/3 1412/17/3 1219/18/3
f 1314/17/3 1315/224/3 1411/224/3 1412/17/3
f 1315/224/3 1316/225/3 1410/225/3 1411/224/3
f 1316/225/3 1317/226/3 1409/227/3 1410/225/3
f 1317/226/3 1318/228/3 1408/228/3 1409/227/3
f 1318/228/3 1319/229/3 1407/229/3 1408/228/3
f 1319/229/3 1320/230/3 1406/231/3 1407/229/3
f 1320/230/3 1321/232/3 1405/232/3 1406/231/3
f 1321/232/3 1322/4/3 1404/4/3 1405/232/3
f 1199/6/6 1305/5/6 1403/5/6 1217/6/6
f 1305/5/6 1306/168/6 1402/168/6 1403/5/6
f 1306/168/6 1307/167/6 1401/223/6 1402/168/6
f 1307/167/6 1308/166/6 1400/166/6 1401/223/6
f 1308/166/6 1309/165/6 1399/165/6 1400/166/6
f 1309/165/6 1310/164/6 1398/233/6 1399/165/6
f 1310/164/6 1311/163/6 1397/163/6 1398/233/6
f 1311/163/6 1312/162/6 1396/162/6 1397/163/6
f 1312/162/6 1313/23/6 1395/23/6 1396/162/6
f 1201/6/1 1323/5/1 1359/5/1 1209/6/1
f 1323/5/1 1324/168/1 1360/168/1 1359/5/1
f 1324/168/1 1325/223/1 1361/234/1 1360/168/1
f 1325/223/1 1326/166/1 1362/235/1 1361/234/1
f 1326/166/1 1327/165/1 1363/165/1 1362/235/1
f 1327/165/1 1328/164/1 1364/233/1 1363/165/1
f 1328/164/1 1329/163/1 1365/163/1 1364/233/1
f 1329/163/1 1330/236/1 1366/162/1 1365/163/1
f 1330/236/1 1331/23/1 1367/23/1 1366/162/1
f 1203/18/1 1332/17/1 1368/237/1 1211/18/1
f 1332/17/1 1333/224/1 1369/224/1 1368/237/1
f 1333/224/1 1334/225/1 1370/238/1 1369/224/1
f 1334/225/1 1335/226/1 1371/227/1 1370/238/1
f 1335/226/1 1336/228/1 1372/228/1 1371/227/1
f 1336/228/1 1337/229/1 1373/239/1 1372/228/1
f 1337/229/1 1338/230/1 1374/240/1 1373/239/1
f 1338/230/1 1339/241/1 1375/232/1 1374/240/1
f 1339/241/1 1340/4/1 1376/4/1 1375/232/1
f 1209/6/6 1359/5/6 1377/7/6 1213/6/6
f 1359/5/6 1360/168/6 1378/168/6 1377/7/6
f 1360/168/6 1361/234/6 1379/234/6 1378/168/6
f 1361/234/6 1362/235/6 1380/235/6 1379/234/6
f 1362/235/6 1363/165/6 1381/165/6 1380/235/6
f 1363/165/6 1364/233/6 1382/233/6 1381/165/6
f 1364/233/6 1365/163/6 1383/163/6 1382/233/6
f 1365/163/6 1366/162/6 1384/162/6 1383/163/6
f 1366/162/6 1367/23/6 1385/23/6 1384/162/6
f 1211/18/3 1368/237/3 1386/19/3 1215/18/3
f 1368/237/3 1369/224/3 1387/224/3 1386/19/3
f 1369/224/3 1370/238/3 1388/238/3 1387/224/3
f 1370/238/3 1371/227/3 1389/227/3 1388/238/3
f 1371/227/3 1372/228/3 1390/228/3 1389/227/3
f 1372/228/3 1373/239/3 1391/229/3 1390/228/3
f 1373/239/3 1374/240/3 1392/240/3 1391/229/3
f 1374/240/3 1375/232/3 1393/232/3 1392/240/3
f 1375/232/3 1376/4/3 1394/4/3 1393/232/3
f 1208/3/2 1358/4/2 1394/4/2 1216/3/2
f 1358/4/2 1357/232/2 1393/232/2 1394/4/2
f 1357/232/2 1356/230/2 1392/240/2 1393/232/2
f 1356/230/2 1355/239/2 1391/229/2 1392/240/2
f 1355/239/2 1354/228/2 1390/228/2 1391/229/2
f 1354/228/2 1353/226/2 1389/227/2 1390/228/2
f 1353/226/2 1352/242/2 1388/238/2 1389/227/2
f 1352/242/2 1351/224/2 1387/224/2 1388/238/2
f 1351/224/2 1350/17/2 1386/19/2 1387/224/2
f 1255/44/2 1207/18/2 1350/17/2 1467/169/2
f 1467/169/2 1350/17/2 1351/224/2 1468/171/2
f 1468/171/2 1351/224/2 1352/242/2 1469/173/2
f 1469/173/2 1352/242/2 1353/226/2 1470/175/2
f 1470/175/2 1353/226/2 1354/228/2 1471/177/2
f 1471/177/2 1354/228/2 1355/239/2 1472/178/2
f 1472/178/2 1355/239/2 1356/230/2 1473/180/2
f 1473/180/2 1356/230/2 1357/232/2 1474/182/2
f 1474/182/2 1357/232/2 1358/4/2 1475/15/2
f 1552/243/5 1553/243/5 1594/243/5 1591/243/5
f 1572/244/5 1573/244/5 1614/244/5 1611/244/5
f 1554/245/4 1551/245/4 1592/245/4 1593/245/4
f 1574/246/4 1571/247/4 1612/247/4 1613/246/4
f 1545/248/1 1546/249/1 1585/249/1 1586/248/1
f 1565/250/1 1566/251/1 1605/251/1 1606/250/1
f 1551/245/2 1552/243/2 1591/243/2 1592/245/2
f 1571/247/2 1572/244/2 1611/244/2 1612/247/2
f 1544/248/5 1545/248/5 1586/248/5 1583/248/5
f 1682/252/5 1679/253/5 1720/253/5 1721/252/5
f 1653/254/1 1654/255/1 1693/255/1 1694/254/1
f 1673/256/1 1674/257/1 1713/257/1 1714/256/1
f 1659/12/2 1660/258/2 1699/258/2 1700/12/2
f 1679/253/2 1680/259/2 1719/259/2 1720/253/2
f 1652/260/4 1653/254/4 1694/254/4 1691/260/4
f 1672/261/4 1673/256/4 1714/256/4 1711/261/4
f 1654/255/5 1651/255/5 1692/255/5 1693/255/5
f 1674/257/5 1671/257/5 1712/257/5 1713/257/5
f 1206/24/2 1349/23/2 1385/23/2 1214/24/2
f 1349/23/2 1348/162/2 1384/162/2 1385/23/2
f 1348/162/2 1347/163/2 1383/163/2 1384/162/2
f 1347/163/2 1346/164/2 1382/233/2 1383/163/2
f 1346/164/2 1345/165/2 1381/165/2 1382/233/2
f 1345/165/2 1344/166/2 1380/235/2 1381/165/2
f 1344/166/2 1343/223/2 1379/234/2 1380/235/2
f 1343/223/2 1342/168/2 1378/168/2 1379/234/2
f 1342/168/2 1341/5/2 1377/7/2 1378/168/2
f 1227/20/1 1538/107/1 1314/17/1 1198/18/1
f 1538/107/1 1537/109/1 1315/224/1 1314/17/1
f 1537/109/1 1536/111/1 1316/225/1 1315/224/1
f 1536/111/1 1535/113/1 1317/226/1 1316/225/1
f 1535/113/1 1534/115/1 1318/228/1 1317/226/1
f 1534/115/1 1533/117/1 1319/229/1 1318/228/1
f 1533/117/1 1532/119/1 1320/230/1 1319/229/1
f 1532/119/1 1531/121/1 1321/232/1 1320/230/1
f 1531/121/1 1530/1/1 1322/4/1 1321/232/1
f 1395/23/6 1220/24/6 1540/262/6 1539/263/6
f 1220/24/6 1202/24/6 1541/262/6 1540/262/6
f 1202/24/6 1331/23/6 1542/263/6 1541/262/6
f 1331/23/6 1395/23/6 1539/263/6 1542/263/6
f 1217/6/6 1403/5/6 1544/248/6 1543/264/6
f 1403/5/6 1323/5/6 1545/248/6 1544/248/6
f 1323/5/6 1201/6/6 1546/249/6 1545/248/6
f 1201/6/6 1217/6/6 1543/264/6 1546/249/6
f 1403/5/6 1402/168/6 1548/265/6 1547/266/6
f 1402/168/6 1324/168/6 1549/265/6 1548/265/6
f 1324/168/6 1323/5/6 1550/266/6 1549/265/6
f 1323/5/6 1403/5/6 1547/266/6 1550/266/6
f 1402/168/6 1401/223/6 1552/243/6 1551/245/6
f 1401/223/6 1325/223/6 1553/243/6 1552/243/6
f 1325/223/6 1324/168/6 1554/245/6 1553/243/6
f 1324/168/6 1402/168/6 1551/245/6 1554/245/6
f 1401/223/6 1400/166/6 1556/267/6 1555/268/6
f 1400/166/6 1326/166/6 1557/267/6 1556/267/6
f 1326/166/6 1325/223/6 1558/268/6 1557/267/6
f 1325/223/6 1401/223/6 1555/268/6 1558/268/6
f 1400/166/6 1399/165/6 1560/14/6 1559/13/6
f 1399/165/6 1327/165/6 1561/14/6 1560/14/6
f 1327/165/6 1326/166/6 1562/269/6 1561/14/6
f 1326/166/6 1400/166/6 1559/13/6 1562/269/6
f 1399/165/6 1398/233/6 1564/270/6 1563/271/6
f 1398/233/6 1328/164/6 1565/250/6 1564/270/6
f 1328/164/6 1327/165/6 1566/251/6 1565/250/6
f 1327/165/6 1399/165/6 1563/271/6 1566/251/6
f 1398/233/6 1397/163/6 1568/272/6 1567/273/6
f 1397/163/6 1329/163/6 1569/272/6 1568/272/6
f 1329/163/6 1328/164/6 1570/274/6 1569/272/6
f 1328/164/6 1398/233/6 1567/273/6 1570/274/6
f 1397/163/6 1396/162/6 1572/244/6 1571/247/6
f 1396/162/6 1330/236/6 1573/244/6 1572/244/6
f 1330/236/6 1329/163/6 1574/246/6 1573/244/6
f 1329/163/6 1397/163/6 1571/247/6 1574/246/6
f 1396/162/6 1395/23/6 1576/275/6 1575/276/6
f 1395/23/6 1331/23/6 1577/277/6 1576/275/6
f 1331/23/6 1330/236/6 1578/278/6 1577/277/6
f 1330/236/6 1396/162/6 1575/276/6 1578/278/6
f 1588/266/6 1587/265/6 1590/265/6 1589/266/6
f 1600/13/6 1599/14/6 1602/14/6 1601/269/6
f 1612/247/6 1611/244/6 1614/244/6 1613/246/6
f 1616/276/6 1615/275/6 1618/277/6 1617/278/6
f 1573/244/1 1574/246/1 1613/246/1 1614/244/1
f 1539/263/2 1540/262/2 1579/262/2 1580/263/2
f 1553/243/1 1554/245/1 1593/245/1 1594/243/1
f 1562/269/4 1559/13/4 1600/13/4 1601/269/4
f 1542/263/4 1539/263/4 1580/263/4 1581/263/4
f 1560/14/5 1561/14/5 1602/14/5 1599/14/5
f 1540/262/5 1541/262/5 1582/262/5 1579/262/5
f 1567/273/2 1568/272/2 1607/272/2 1608/273/2
f 1547/266/2 1548/265/2 1587/265/2 1588/266/2
f 1561/14/1 1562/269/1 1601/269/1 1602/14/1
f 1541/262/1 1542/263/1 1581/263/1 1582/262/1
f 1570/274/4 1567/273/4 1608/273/4 1609/274/4
f 1550/266/4 1547/266/4 1588/266/4 1589/266/4
f 1568/272/5 1569/272/5 1610/272/5 1607/272/5
f 1548/265/5 1549/265/5 1590/265/5 1587/265/5
f 1575/276/2 1576/275/2 1615/275/2 1616/276/2
f 1555/268/2 1556/267/2 1595/267/2 1596/268/2
f 1569/272/1 1570/274/1 1609/274/1 1610/272/1
f 1549/265/1 1550/266/1 1589/266/1 1590/265/1
f 1578/278/4 1575/276/4 1616/276/4 1617/278/4
f 1558/268/4 1555/268/4 1596/268/4 1597/268/4
f 1576/275/5 1577/277/5 1618/277/5 1615/275/5
f 1556/267/5 1557/267/5 1598/267/5 1595/267/5
f 1563/271/2 1564/270/2 1603/270/2 1604/271/2
f 1577/277/1 1578/278/1 1617/278/1 1618/277/1
f 1543/264/2 1544/248/2 1583/248/2 1584/264/2
f 1557/267/1 1558/268/1 1597/268/1 1598/267/1
f 1566/251/4 1563/271/4 1604/271/4 1605/251/4
f 1546/249/4 1543/264/4 1584/264/4 1585/249/4
f 1564/270/5 1565/250/5 1606/250/5 1603/270/5
f 1291/27/4 1219/18/4 1620/11/4 1619/10/4
f 1219/18/4 1203/18/4 1621/11/4 1620/11/4
f 1203/18/4 1241/20/4 1622/10/4 1621/11/4
f 1241/20/4 1291/27/4 1619/10/4 1622/10/4
f 1220/24/4 1297/35/4 1624/67/4 1623/66/4
f 1297/35/4 1235/26/4 1625/68/4 1624/67/4
f 1235/26/4 1202/24/4 1626/69/4 1625/68/4
f 1202/24/4 1220/24/4 1623/66/4 1626/69/4
f 1297/35/4 1296/36/4 1628/71/4 1627/70/4
f 1296/36/4 1236/36/4 1629/72/4 1628/71/4
f 1236/36/4 1235/26/4 1630/70/4 1629/72/4
f 1235/26/4 1297/35/4 1627/70/4 1630/70/4
f 1296/36/4 1295/38/4 1632/74/4 1631/73/4
f 1295/38/4 1237/37/4 1633/75/4 1632/74/4
f 1237/37/4 1236/36/4 1634/76/4 1633/75/4
f 1236/36/4 1296/36/4 1631/73/4 1634/76/4
f 1295/38/4 1294/40/4 1636/78/4 1635/77/4
f 1294/40/4 1238/39/4 1637/79/4 1636/78/4
f 1238/39/4 1237/37/4 1638/80/4 1637/79/4
f 1237/37/4 1295/38/4 1635/77/4 1638/80/4
f 1294/40/4 1293/42/4 1640/82/4 1639/81/4
f 1293/42/4 1239/41/4 1641/83/4 1640/82/4
f 1239/41/4 1238/39/4 1642/84/4 1641/83/4
f 1238/39/4 1294/40/4 1639/81/4 1642/84/4
f 1293/42/4 1292/43/4 1644/86/4 1643/85/4
f 1292/43/4 1240/43/4 1645/87/4 1644/86/4
f 1240/43/4 1239/41/4 1646/85/4 1645/87/4
f 1239/41/4 1293/42/4 1643/85/4 1646/85/4
f 1292/43/4 1291/27/4 1648/89/4 1647/88/4
f 1291/27/4 1241/20/4 1649/89/4 1648/89/4
f 1241/20/4 1240/43/4 1650/90/4 1649/89/4
f 1240/43/4 1292/43/4 1647/88/4 1650/90/4
f 1404/4/3 1218/3/3 1652/260/3 1651/255/3
f 1218/3/3 1204/3/3 1653/254/3 1652/260/3
f 1204/3/3 1340/4/3 1654/255/3 1653/254/3
f 1340/4/3 1404/4/3 1651/255/3 1654/255/3
f 1219/18/3 1412/17/3 1656/279/3 1655/280/3
f 1412/17/3 1332/17/3 1657/281/3 1656/279/3
f 1332/17/3 1203/18/3 1658/282/3 1657/281/3
f 1203/18/3 1219/18/3 1655/280/3 1658/282/3
f 1412/17/3 1411/224/3 1660/258/3 1659/12/3
f 1411/224/3 1333/224/3 1661/283/3 1660/258/3
f 1333/224/3 1332/17/3 1662/12/3 1661/283/3
f 1332/17/3 1412/17/3 1659/12/3 1662/12/3
f 1411/224/3 1410/225/3 1664/284/3 1663/285/3
f 1410/225/3 1334/225/3 1665/286/3 1664/284/3
f 1334/225/3 1333/224/3 1666/287/3 1665/286/3
f 1333/224/3 1411/224/3 1663/285/3 1666/287/3
f 1410/225/3 1409/227/3 1668/288/3 1667/289/3
f 1409/227/3 1335/226/3 1669/290/3 1668/288/3
f 1335/226/3 1334/225/3 1670/289/3 1669/290/3
f 1334/225/3 1410/225/3 1667/289/3 1670/289/3
f 1409/227/3 1408/228/3 1672/261/3 1671/257/3
f 1408/228/3 1336/228/3 1673/256/3 1672/261/3
f 1336/228/3 1335/226/3 1674/257/3 1673/256/3
f 1335/226/3 1409/227/3 1671/257/3 1674/257/3
f 1408/228/3 1407/229/3 1676/291/3 1675/292/3
f 1407/229/3 1337/229/3 1677/293/3 1676/291/3
f 1337/229/3 1336/228/3 1678/294/3 1677/293/3
f 1336/228/3 1408/228/3 1675/292/3 1678/294/3
f 1407/229/3 1406/231/3 1680/259/3 1679/253/3
f 1406/231/3 1338/230/3 1681/295/3 1680/259/3
f 1338/230/3 1337/229/3 1682/252/3 1681/295/3
f 1337/229/3 1407/229/3 1679/253/3 1682/252/3
f 1406/231/3 1405/232/3 1684/296/3 1683/297/3
f 1405/232/3 1339/241/3 1685/298/3 1684/296/3
f 1339/241/3 1338/230/3 1686/297/3 1685/298/3
f 1338/230/3 1406/231/3 1683/297/3 1686/297/3
f 1405/232/3 1404/4/3 1688/299/3 1687/300/3
f 1404/4/3 1340/4/3 1689/301/3 1688/299/3
f 1340/4/3 1339/241/3 1690/300/3 1689/301/3
f 1339/241/3 1405/232/3 1687/300/3 1690/300/3
f 1700/12/3 1699/258/3 1702/283/3 1701/12/3
f 1708/289/3 1707/288/3 1710/290/3 1709/289/3
f 1716/292/3 1715/291/3 1718/293/3 1717/294/3
f 1724/297/3 1723/296/3 1726/298/3 1725/297/3
f 1680/259/4 1681/295/4 1722/295/4 1719/259/4
f 1660/258/4 1661/283/4 1702/283/4 1699/258/4
f 1687/300/2 1688/299/2 1727/299/2 1728/300/2
f 1667/289/2 1668/288/2 1707/288/2 1708/289/2
f 1681/295/1 1682/252/1 1721/252/1 1722/295/1
f 1661/283/1 1662/12/1 1701/12/1 1702/283/1
f 1690/300/5 1687/300/5 1728/300/5 1729/300/5
f 1670/289/5 1667/289/5 1708/289/5 1709/289/5
f 1688/299/4 1689/301/4 1730/301/4 1727/299/4
f 1668/288/4 1669/290/4 1710/290/4 1707/288/4
f 1675/292/2 1676/291/2 1715/291/2 1716/292/2
f 1689/301/1 1690/300/1 1729/300/1 1730/301/1
f 1655/280/2 1656/279/2 1695/279/2 1696/280/2
f 1669/290/1 1670/289/1 1709/289/1 1710/290/1
f 1678/294/5 1675/292/5 1716/292/5 1717/294/5
f 1658/282/5 1655/280/5 1696/280/5 1697/282/5
f 1676/291/4 1677/293/4 1718/293/4 1715/291/4
f 1656/279/4 1657/281/4 1698/281/4 1695/279/4
f 1683/297/2 1684/296/2 1723/296/2 1724/297/2
f 1663/285/2 1664/284/2 1703/284/2 1704/285/2
f 1677/293/1 1678/294/1 1717/294/1 1718/293/1
f 1657/281/1 1658/282/1 1697/282/1 1698/281/1
f 1686/297/5 1683/297/5 1724/297/5 1725/297/5
f 1666/287/5 1663/285/5 1704/285/5 1705/287/5
f 1684/296/4 1685/298/4 1726/298/4 1723/296/4
f 1664/284/4 1665/286/4 1706/286/4 1703/284/4
f 1671/257/2 1672/261/2 1711/261/2 1712/257/2
f 1685/298/1 1686/297/1 1725/297/1 1726/298/1
f 1651/255/2 1652/260/2 1691/260/2 1692/255/2
f 1665/286/1 1666/287/1 1705/287/1 1706/286/1
f 1298/22/5 1217/6/5 1732/302/5 1731/303/5
f 1217/6/5 1201/6/5 1733/304/5 1732/302/5
f 1201/6/5 1248/21/5 1734/305/5 1733/304/5
f 1248/21/5 1298/22/5 1731/303/5 1734/305/5
f 1218/3/5 1304/2/5 1736/8/5 1735/94/5
f 1304/2/5 1242/58/5 1737/9/5 1736/8/5
f 1242/58/5 1204/3/5 1738/93/5 1737/9/5
f 1204/3/5 1218/3/5 1735/94/5 1738/93/5
f 1304/2/5 1303/28/5 1740/306/5 1739/307/5
f 1303/28/5 1243/59/5 1741/308/5 1740/306/5
f 1243/59/5 1242/58/5 1742/309/5 1741/308/5
f 1242/58/5 1304/2/5 1739/307/5 1742/309/5
f 1303/28/5 1302/30/5 1744/310/5 1743/311/5
f 1302/30/5 1244/56/5 1745/312/5 1744/310/5
f 1244/56/5 1243/59/5 1746/313/5 1745/312/5
f 1243/59/5 1303/28/5 1743/311/5 1746/313/5
f 1302/30/5 1301/31/5 1748/99/5 1747/314/5
f 1301/31/5 1245/54/5 1749/97/5 1748/99/5
f 1245/54/5 1244/56/5 1750/98/5 1749/97/5
f 1244/56/5 1302/30/5 1747/314/5 1750/98/5
f 1301/31/5 1300/32/5 1752/315/5 1751/316/5
f 1300/32/5 1246/52/5 1753/317/5 1752/315/5
f 1246/52/5 1245/54/5 1754/318/5 1753/317/5
f 1245/54/5 1301/31/5 1751/316/5 1754/318/5
f 1300/32/5 1299/34/5 1756/91/5 1755/96/5
f 1299/34/5 1247/33/5 1757/92/5 1756/91/5
f 1247/33/5 1246/52/5 1758/95/5 1757/92/5
f 1246/52/5 1300/32/5 1755/96/5 1758/95/5
f 1299/34/5 1298/22/5 1760/319/5 1759/320/5
f 1298/22/5 1248/21/5 1761/319/5 1760/319/5
f 1248/21/5 1247/33/5 1762/321/5 1761/319/5
f 1247/33/5 1299/34/5 1759/320/5 1762/321/5
f 1772/307/5 1771/306/5 1774/308/5 1773/309/5
f 1780/314/5 1779/99/5 1782/97/5 1781/98/5
f 1788/96/5 1787/91/5 1790/92/5 1789/95/5
f 1743/311/2 1744/310/2 1775/310/2 1776/311/2
f 1757/92/1 1758/95/1 1789/95/1 1790/92/1
f 1737/9/1 1738/93/1 1769/93/1 1770/9/1
f 1746/313/6 1743/311/6 1776/311/6 1777/313/6
f 1744/310/3 1745/312/3 1778/312/3 1775/310/3
f 1751/316/2 1752/315/2 1783/315/2 1784/316/2
f 1731/303/2 1732/302/2 1763/302/2 1764/303/2
f 1745/312/1 1746/313/1 1777/313/1 1778/312/1
f 1754/318/6 1751/316/6 1784/316/6 1785/318/6
f 1734/305/6 1731/303/6 1764/303/6 1765/305/6
f 1752/315/3 1753/317/3 1786/317/3 1783/315/3
f 1732/302/3 1733/304/3 1766/304/3 1763/302/3
f 1759/320/2 1760/319/2 1791/319/2 1792/320/2
f 1739/307/2 1740/306/2 1771/306/2 1772/307/2
f 1753/317/1 1754/318/1 1785/318/1 1786/317/1
f 1733/304/1 1734/305/1 1765/305/1 1766/304/1
f 1762/321/6 1759/320/6 1792/320/6 1793/321/6
f 1742/309/6 1739/307/6 1772/307/6 1773/309/6
f 1760/319/3 1761/319/3 1794/319/3 1791/319/3
f 1740/306/3 1741/308/3 1774/308/3 1771/306/3
f 1747/314/2 1748/99/2 1779/99/2 1780/314/2
f 1761/319/1 1762/321/1 1793/321/1 1794/319/1
f 1741/308/1 1742/309/1 1773/309/1 1774/308/1
f 1750/98/6 1747/314/6 1780/314/6 1781/98/6
f 2128/1/1 1826/2/1 1798/3/1 1920/4/1
f 1939/5/2 1803/6/2 1811/6/2 1975/7/2
f 2334/8/3 2335/9/3 2368/9/3 2365/8/3
f 2260/12/5 2257/12/5 2298/12/5 2299/12/5
f 2157/13/2 2158/14/2 2197/14/2 2198/13/2
f 2073/15/2 1956/4/2 1806/3/2 1854/16/2
f 1948/17/2 1805/18/2 1813/18/2 1984/19/2
f 1839/20/1 1801/18/1 1809/18/1 1867/20/1
f 1846/21/1 1799/6/1 1807/6/1 1874/22/1
f 1874/22/5 1807/6/5 1811/6/5 1888/22/5
f 1867/20/4 1809/18/4 1813/18/4 1881/20/4
f 1974/4/3 1810/3/3 1814/3/3 1992/4/3
f 1965/23/6 1808/24/6 1812/24/6 1983/23/6
f 1938/4/1 1802/3/1 1810/3/1 1974/4/1
f 1854/16/2 1806/3/2 1814/3/2 1882/25/2
f 1929/23/1 1800/24/1 1808/24/1 1965/23/1
f 1847/26/2 1804/24/2 1812/24/2 1875/26/2
f 1911/23/6 1795/24/6 1818/24/6 1993/23/6
f 1920/4/3 1798/3/3 1816/3/3 2002/4/3
f 1825/20/4 1796/18/4 1817/18/4 1889/27/4
f 1832/21/5 1797/6/5 1815/6/5 1896/22/5
f 1798/3/5 1826/2/5 1902/2/5 1816/3/5
f 1826/2/5 1827/28/5 1901/28/5 1902/2/5
f 1827/28/5 1828/29/5 1900/30/5 1901/28/5
f 1828/29/5 1829/31/5 1899/31/5 1900/30/5
f 1829/31/5 1830/32/5 1898/32/5 1899/31/5
f 1830/32/5 1831/33/5 1897/34/5 1898/32/5
f 1831/33/5 1832/21/5 1896/22/5 1897/34/5
f 1795/24/4 1819/26/4 1895/35/4 1818/24/4
f 1819/26/4 1820/36/4 1894/36/4 1895/35/4
f 1820/36/4 1821/37/4 1893/38/4 1894/36/4
f 1821/37/4 1822/39/4 1892/40/4 1893/38/4
f 1822/39/4 1823/41/4 1891/42/4 1892/40/4
f 1823/41/4 1824/43/4 1890/43/4 1891/42/4
f 1824/43/4 1825/20/4 1889/27/4 1890/43/4
f 1805/18/2 1853/44/2 1881/20/2 1813/18/2
f 1853/44/2 1852/43/2 1880/45/2 1881/20/2
f 1852/43/2 1851/41/2 1879/41/2 1880/45/2
f 1851/41/2 1850/46/2 1878/39/2 1879/41/2
f 1850/46/2 1849/38/2 1877/47/2 1878/39/2
f 1849/38/2 1848/48/2 1876/48/2 1877/47/2
f 1848/48/2 1847/26/2 1875/26/2 1876/48/2
f 1803/6/2 1860/49/2 1888/22/2 1811/6/2
f 1860/49/2 1859/50/2 1887/34/2 1888/22/2
f 1859/50/2 1858/51/2 1886/52/2 1887/34/2
f 1858/51/2 1857/53/2 1885/54/2 1886/52/2
f 1857/53/2 1856/55/2 1884/56/2 1885/54/2
f 1856/55/2 1855/28/2 1883/28/2 1884/56/2
f 1855/28/2 1854/16/2 1882/25/2 1883/28/2
f 1808/24/4 1861/26/4 1875/26/4 1812/24/4
f 1861/26/4 1862/48/4 1876/48/4 1875/26/4
f 1862/48/4 1863/37/4 1877/47/4 1876/48/4
f 1863/37/4 1864/57/4 1878/39/4 1877/47/4
f 1864/57/4 1865/41/4 1879/41/4 1878/39/4
f 1865/41/4 1866/43/4 1880/45/4 1879/41/4
f 1866/43/4 1867/20/4 1881/20/4 1880/45/4
f 1810/3/5 1868/58/5 1882/25/5 1814/3/5
f 1868/58/5 1869/28/5 1883/28/5 1882/25/5
f 1869/28/5 1870/56/5 1884/56/5 1883/28/5
f 1870/56/5 1871/53/5 1885/54/5 1884/56/5
f 1871/53/5 1872/52/5 1886/52/5 1885/54/5
f 1872/52/5 1873/33/5 1887/34/5 1886/52/5
f 1873/33/5 1874/22/5 1888/22/5 1887/34/5
f 1802/3/1 1840/58/1 1868/58/1 1810/3/1
f 1840/58/1 1841/59/1 1869/28/1 1868/58/1
f 1841/59/1 1842/56/1 1870/56/1 1869/28/1
f 1842/56/1 1843/54/1 1871/53/1 1870/56/1
f 1843/54/1 1844/52/1 1872/52/1 1871/53/1
f 1844/52/1 1845/33/1 1873/33/1 1872/52/1
f 1845/33/1 1846/21/1 1874/22/1 1873/33/1
f 1800/24/1 1833/26/1 1861/26/1 1808/24/1
f 1833/26/1 1834/36/1 1862/48/1 1861/26/1
f 1834/36/1 1835/37/1 1863/37/1 1862/48/1
f 1835/37/1 1836/39/1 1864/57/1 1863/37/1
f 1836/39/1 1837/41/1 1865/41/1 1864/57/1
f 1837/41/1 1838/43/1 1866/43/1 1865/41/1
f 1838/43/1 1839/20/1 1867/20/1 1866/43/1
f 1939/5/2 2019/60/2 1860/49/2 1803/6/2
f 2019/60/2 2028/61/2 1859/50/2 1860/49/2
f 2028/61/2 2037/62/2 1858/51/2 1859/50/2
f 2037/62/2 2046/63/2 1857/53/2 1858/51/2
f 2046/63/2 2055/64/2 1856/55/2 1857/53/2
f 2055/64/2 2064/65/2 1855/28/2 1856/55/2
f 2064/65/2 2073/15/2 1854/16/2 1855/28/2
f 2229/73/4 2230/74/4 2231/75/4 2232/76/4
f 2241/85/4 2242/86/4 2243/87/4 2244/85/4
f 2354/91/3 2355/92/3 2388/92/3 2385/91/3
f 2336/93/6 2333/94/6 2366/94/6 2367/93/6
f 2356/95/6 2353/96/6 2386/96/6 2387/95/6
f 2347/97/1 2348/98/1 2379/98/1 2380/97/1
f 2333/94/2 2334/8/2 2365/8/2 2366/94/2
f 2353/96/2 2354/91/2 2385/91/2 2386/96/2
f 2346/99/3 2347/97/3 2380/97/3 2377/99/3
f 1903/5/1 1797/6/1 1832/21/1 2074/100/1
f 2074/100/1 1832/21/1 1831/33/1 2083/101/1
f 2083/101/1 1831/33/1 1830/32/1 2092/102/1
f 2092/102/1 1830/32/1 1829/31/1 2101/103/1
f 2101/103/1 1829/31/1 1828/29/1 2110/104/1
f 2110/104/1 1828/29/1 1827/28/1 2119/105/1
f 2119/105/1 1827/28/1 1826/2/1 2128/1/1
f 1824/43/1 2127/106/1 2136/107/1 1825/20/1
f 2127/106/1 2126/108/1 2135/109/1 2136/107/1
f 2126/108/1 2125/110/1 2134/111/1 2135/109/1
f 2125/110/1 2124/112/1 2133/113/1 2134/111/1
f 2124/112/1 2123/114/1 2132/115/1 2133/113/1
f 2123/114/1 2122/116/1 2131/117/1 2132/115/1
f 2122/116/1 2121/118/1 2130/119/1 2131/117/1
f 2121/118/1 2120/120/1 2129/121/1 2130/119/1
f 2120/120/1 2119/105/1 2128/1/1 2129/121/1
f 1823/41/1 2118/122/1 2127/106/1 1824/43/1
f 2118/122/1 2117/123/1 2126/108/1 2127/106/1
f 2117/123/1 2116/124/1 2125/110/1 2126/108/1
f 2116/124/1 2115/125/1 2124/112/1 2125/110/1
f 2115/125/1 2114/126/1 2123/114/1 2124/112/1
f 2114/126/1 2113/127/1 2122/116/1 2123/114/1
f 2113/127/1 2112/128/1 2121/118/1 2122/116/1
f 2112/128/1 2111/129/1 2120/120/1 2121/118/1
f 2111/129/1 2110/104/1 2119/105/1 2120/120/1
f 1822/39/1 2109/130/1 2118/122/1 1823/41/1
f 2109/130/1 2108/131/1 2117/123/1 2118/122/1
f 2108/131/1 2107/132/1 2116/124/1 2117/123/1
f 2107/132/1 2106/133/1 2115/125/1 2116/124/1
f 2106/133/1 2105/134/1 2114/126/1 2115/125/1
f 2105/134/1 2104/135/1 2113/127/1 2114/126/1
f 2104/135/1 2103/136/1 2112/128/1 2113/127/1
f 2103/136/1 2102/137/1 2111/129/1 2112/128/1
f 2102/137/1 2101/103/1 2110/104/1 2111/129/1
f 1821/37/1 2100/138/1 2109/130/1 1822/39/1
f 2100/138/1 2099/139/1 2108/131/1 2109/130/1
f 2099/139/1 2098/140/1 2107/132/1 2108/131/1
f 2098/140/1 2097/141/1 2106/133/1 2107/132/1
f 2097/141/1 2096/142/1 2105/134/1 2106/133/1
f 2096/142/1 2095/143/1 2104/135/1 2105/134/1
f 2095/143/1 2094/144/1 2103/136/1 2104/135/1
f 2094/144/1 2093/145/1 2102/137/1 2103/136/1
f 2093/145/1 2092/102/1 2101/103/1 2102/137/1
f 1820/36/1 2091/146/1 2100/138/1 1821/37/1
f 2091/146/1 2090/147/1 2099/139/1 2100/138/1
f 2090/147/1 2089/148/1 2098/140/1 2099/139/1
f 2089/148/1 2088/149/1 2097/141/1 2098/140/1
f 2088/149/1 2087/150/1 2096/142/1 2097/141/1
f 2087/150/1 2086/151/1 2095/143/1 2096/142/1
f 2086/151/1 2085/152/1 2094/144/1 2095/143/1
f 2085/152/1 2084/153/1 2093/145/1 2094/144/1
f 2084/153/1 2083/101/1 2092/102/1 2093/145/1
f 1819/26/1 2082/154/1 2091/146/1 1820/36/1
f 2082/154/1 2081/155/1 2090/147/1 2091/146/1
f 2081/155/1 2080/156/1 2089/148/1 2090/147/1
f 2080/156/1 2079/157/1 2088/149/1 2089/148/1
f 2079/157/1 2078/158/1 2087/150/1 2088/149/1
f 2078/158/1 2077/159/1 2086/151/1 2087/150/1
f 2077/159/1 2076/160/1 2085/152/1 2086/151/1
f 2076/160/1 2075/161/1 2084/153/1 2085/152/1
f 2075/161/1 2074/100/1 2083/101/1 2084/153/1
f 1795/24/1 1911/23/1 2082/154/1 1819/26/1
f 1911/23/1 1910/162/1 2081/155/1 2082/154/1
f 1910/162/1 1909/163/1 2080/156/1 2081/155/1
f 1909/163/1 1908/164/1 2079/157/1 2080/156/1
f 1908/164/1 1907/165/1 2078/158/1 2079/157/1
f 1907/165/1 1906/166/1 2077/159/1 2078/158/1
f 1906/166/1 1905/167/1 2076/160/1 2077/159/1
f 1905/167/1 1904/168/1 2075/161/1 2076/160/1
f 1904/168/1 1903/5/1 2074/100/1 2075/161/1
f 1852/43/2 1853/44/2 2065/169/2 2056/170/2
f 2056/170/2 2065/169/2 2066/171/2 2057/172/2
f 2057/172/2 2066/171/2 2067/173/2 2058/174/2
f 2058/174/2 2067/173/2 2068/175/2 2059/176/2
f 2059/176/2 2068/175/2 2069/177/2 2060/114/2
f 2060/114/2 2069/177/2 2070/178/2 2061/179/2
f 2061/179/2 2070/178/2 2071/180/2 2062/181/2
f 2062/181/2 2071/180/2 2072/182/2 2063/183/2
f 2063/183/2 2072/182/2 2073/15/2 2064/65/2
f 1851/41/2 1852/43/2 2056/170/2 2047/184/2
f 2047/184/2 2056/170/2 2057/172/2 2048/185/2
f 2048/185/2 2057/172/2 2058/174/2 2049/186/2
f 2049/186/2 2058/174/2 2059/176/2 2050/187/2
f 2050/187/2 2059/176/2 2060/114/2 2051/188/2
f 2051/188/2 2060/114/2 2061/179/2 2052/189/2
f 2052/189/2 2061/179/2 2062/181/2 2053/190/2
f 2053/190/2 2062/181/2 2063/183/2 2054/191/2
f 2054/191/2 2063/183/2 2064/65/2 2055/64/2
f 1850/46/2 1851/41/2 2047/184/2 2038/192/2
f 2038/192/2 2047/184/2 2048/185/2 2039/193/2
f 2039/193/2 2048/185/2 2049/186/2 2040/194/2
f 2040/194/2 2049/186/2 2050/187/2 2041/195/2
f 2041/195/2 2050/187/2 2051/188/2 2042/196/2
f 2042/196/2 2051/188/2 2052/189/2 2043/197/2
f 2043/197/2 2052/189/2 2053/190/2 2044/198/2
f 2044/198/2 2053/190/2 2054/191/2 2045/199/2
f 2045/199/2 2054/191/2 2055/64/2 2046/63/2
f 1849/38/2 1850/46/2 2038/192/2 2029/200/2
f 2029/200/2 2038/192/2 2039/193/2 2030/201/2
f 2030/201/2 2039/193/2 2040/194/2 2031/202/2
f 2031/202/2 2040/194/2 2041/195/2 2032/203/2
f 2032/203/2 2041/195/2 2042/196/2 2033/204/2
f 2033/204/2 2042/196/2 2043/197/2 2034/205/2
f 2034/205/2 2043/197/2 2044/198/2 2035/206/2
f 2035/206/2 2044/198/2 2045/199/2 2036/207/2
f 2036/207/2 2045/199/2 2046/63/2 2037/62/2
f 1848/48/2 1849/38/2 2029/200/2 2020/208/2
f 2020/208/2 2029/200/2 2030/201/2 2021/209/2
f 2021/209/2 2030/201/2 2031/202/2 2022/210/2
f 2022/210/2 2031/202/2 2032/203/2 2023/211/2
f 2023/211/2 2032/203/2 2033/204/2 2024/212/2
f 2024/212/2 2033/204/2 2034/205/2 2025/213/2
f 2025/213/2 2034/205/2 2035/206/2 2026/214/2
f 2026/214/2 2035/206/2 2036/207/2 2027/215/2
f 2027/215/2 2036/207/2 2037/62/2 2028/61/2
f 1847/26/2 1848/48/2 2020/208/2 2011/154/2
f 2011/154/2 2020/208/2 2021/209/2 2012/216/2
f 2012/216/2 2021/209/2 2022/210/2 2013/217/2
f 2013/217/2 2022/210/2 2023/211/2 2014/218/2
f 2014/218/2 2023/211/2 2024/212/2 2015/219/2
f 2015/219/2 2024/212/2 2025/213/2 2016/220/2
f 2016/220/2 2025/213/2 2026/214/2 2017/221/2
f 2017/221/2 2026/214/2 2027/215/2 2018/222/2
f 2018/222/2 2027/215/2 2028/61/2 2019/60/2
f 1804/24/2 1847/26/2 2011/154/2 1947/23/2
f 1947/23/2 2011/154/2 2012/216/2 1946/162/2
f 1946/162/2 2012/216/2 2013/217/2 1945/163/2
f 1945/163/2 2013/217/2 2014/218/2 1944/164/2
f 1944/164/2 2014/218/2 2015/219/2 1943/165/2
f 1943/165/2 2015/219/2 2016/220/2 1942/166/2
f 1942/166/2 2016/220/2 2017/221/2 1941/223/2
f 1941/223/2 2017/221/2 2018/222/2 1940/168/2
f 1940/168/2 2018/222/2 2019/60/2 1939/5/2
f 1796/18/3 1912/17/3 2010/17/3 1817/18/3
f 1912/17/3 1913/224/3 2009/224/3 2010/17/3
f 1913/224/3 1914/225/3 2008/225/3 2009/224/3
f 1914/225/3 1915/226/3 2007/227/3 2008/225/3
f 1915/226/3 1916/228/3 2006/228/3 2007/227/3
f 1916/228/3 1917/229/3 2005/229/3 2006/228/3
f 1917/229/3 1918/230/3 2004/231/3 2005/229/3
f 1918/230/3 1919/232/3 2003/232/3 2004/231/3
f 1919/232/3 1920/4/3 2002/4/3 2003/232/3
f 1797/6/6 1903/5/6 2001/5/6 1815/6/6
f 1903/5/6 1904/168/6 2000/168/6 2001/5/6
f 1904/168/6 1905/167/6 1999/223/6 2000/168/6
f 1905/167/6 1906/166/6 1998/166/6 1999/223/6
f 1906/166/6 1907/165/6 1997/165/6 1998/166/6
f 1907/165/6 1908/164/6 1996/233/6 1997/165/6
f 1908/164/6 1909/163/6 1995/163/6 1996/233/6
f 1909/163/6 1910/162/6 1994/162/6 1995/163/6
f 1910/162/6 1911/23/6 1993/23/6 1994/162/6
f 1799/6/1 1921/5/1 1957/5/1 1807/6/1
f 1921/5/1 1922/168/1 1958/168/1 1957/5/1
f 1922/168/1 1923/223/1 1959/234/1 1958/168/1
f 1923/223/1 1924/166/1 1960/235/1 1959/234/1
f 1924/166/1 1925/165/1 1961/165/1 1960/235/1
f 1925/165/1 1926/164/1 1962/233/1 1961/165/1
f 1926/164/1 1927/163/1 1963/163/1 1962/233/1
f 1927/163/1 1928/236/1 1964/162/1 1963/163/1
f 1928/236/1 1929/23/1 1965/23/1 1964/162/1
f 1801/18/1 1930/17/1 1966/237/1 1809/18/1
f 1930/17/1 1931/224/1 1967/224/1 1966/237/1
f 1931/224/1 1932/225/1 1968/238/1 1967/224/1
f 1932/225/1 1933/226/1 1969/227/1 1968/238/1
f 1933/226/1 1934/228/1 1970/228/1 1969/227/1
f 1934/228/1 1935/229/1 1971/239/1 1970/228/1
f 1935/229/1 1936/230/1 1972/240/1 1971/239/1
f 1936/230/1 1937/241/1 1973/232/1 1972/240/1
f 1937/241/1 1938/4/1 1974/4/1 1973/232/1
f 1807/6/6 1957/5/6 1975/7/6 1811/6/6
f 1957/5/6 1958/168/6 1976/168/6 1975/7/6
f 1958/168/6 1959/234/6 1977/234/6 1976/168/6
f 1959/234/6 1960/235/6 1978/235/6 1977/234/6
f 1960/235/6 1961/165/6 1979/165/6 1978/235/6
f 1961/165/6 1962/233/6 1980/233/6 1979/165/6
f 1962/233/6 1963/163/6 1981/163/6 1980/233/6
f 1963/163/6 1964/162/6 1982/162/6 1981/163/6
f 1964/162/6 1965/23/6 1983/23/6 1982/162/6
f 1809/18/3 1966/237/3 1984/19/3 1813/18/3
f 1966/237/3 1967/224/3 1985/224/3 1984/19/3
f 1967/224/3 1968/238/3 1986/238/3 1985/224/3
f 1968/238/3 1969/227/3 1987/227/3 1986/238/3
f 1969/227/3 1970/228/3 1988/228/3 1987/227/3
f 1970/228/3 1971/239/3 1989/229/3 1988/228/3
f 1971/239/3 1972/240/3 1990/240/3 1989/229/3
f 1972/240/3 1973/232/3 1991/232/3 1990/240/3
f 1973/232/3 1974/4/3 1992/4/3 1991/232/3
f 1806/3/2 1956/4/2 1992/4/2 1814/3/2
f 1956/4/2 1955/232/2 1991/232/2 1992/4/2
f 1955/232/2 1954/230/2 1990/240/2 1991/232/2
f 1954/230/2 1953/239/2 1989/229/2 1990/240/2
f 1953/239/2 1952/228/2 1988/228/2 1989/229/2
f 1952/228/2 1951/226/2 1987/227/2 1988/228/2
f 1951/226/2 1950/242/2 1986/238/2 1987/227/2
f 1950/242/2 1949/224/2 1985/224/2 1986/238/2
f 1949/224/2 1948/17/2 1984/19/2 1985/224/2
f 1853/44/2 1805/18/2 1948/17/2 2065/169/2
f 2065/169/2 1948/17/2 1949/224/2 2066/171/2
f 2066/171/2 1949/224/2 1950/242/2 2067/173/2
f 2067/173/2 1950/242/2 1951/226/2 2068/175/2
f 2068/175/2 1951/226/2 1952/228/2 2069/177/2
f 2069/177/2 1952/228/2 1953/239/2 2070/178/2
f 2070/178/2 1953/239/2 1954/230/2 2071/180/2
f 2071/180/2 1954/230/2 1955/232/2 2072/182/2
f 2072/182/2 1955/232/2 1956/4/2 2073/15/2
f 2150/243/5 2151/243/5 2192/243/5 2189/243/5
f 2170/244/5 2171/244/5 2212/244/5 2209/244/5
f 2152/245/4 2149/245/4 2190/245/4 2191/245/4
f 2172/246/4 2169/247/4 2210/247/4 2211/246/4
f 2143/248/1 2144/249/1 2183/249/1 2184/248/1
f 2163/250/1 2164/251/1 2203/251/1 2204/250/1
f 2149/245/2 2150/243/2 2189/243/2 2190/245/2
f 2169/247/2 2170/244/2 2209/244/2 2210/247/2
f 2142/248/5 2143/248/5 2184/248/5 2181/248/5
f 2280/252/5 2277/253/5 2318/253/5 2319/252/5
f 2251/254/1 2252/255/1 2291/255/1 2292/254/1
f 2271/256/1 2272/257/1 2311/257/1 2312/256/1
f 2257/12/2 2258/258/2 2297/258/2 2298/12/2
f 2277/253/2 2278/259/2 2317/259/2 2318/253/2
f 2250/260/4 2251/254/4 2292/254/4 2289/260/4
f 2270/261/4 2271/256/4 2312/256/4 2309/261/4
f 2252/255/5 2249/255/5 2290/255/5 2291/255/5
f 2272/257/5 2269/257/5 2310/257/5 2311/257/5
f 1804/24/2 1947/23/2 1983/23/2 1812/24/2
f 1947/23/2 1946/162/2 1982/162/2 1983/23/2
f 1946/162/2 1945/163/2 1981/163/2 1982/162/2
f 1945/163/2 1944/164/2 1980/233/2 1981/163/2
f 1944/164/2 1943/165/2 1979/165/2 1980/233/2
f 1943/165/2 1942/166/2 1978/235/2 1979/165/2
f 1942/166/2 1941/223/2 1977/234/2 1978/235/2
f 1941/223/2 1940/168/2 1976/168/2 1977/234/2
f 1940/168/2 1939/5/2 1975/7/2 1976/168/2
f 1825/20/1 2136/107/1 1912/17/1 1796/18/1
f 2136/107/1 2135/109/1 1913/224/1 1912/17/1
f 2135/109/1 2134/111/1 1914/225/1 1913/224/1
f 2134/111/1 2133/113/1 1915/226/1 1914/225/1
f 2133/113/1 2132/115/1 1916/228/1 1915/226/1
f 2132/115/1 2131/117/1 1917/229/1 1916/228/1
f 2131/117/1 2130/119/1 1918/230/1 1917/229/1
f 2130/119/1 2129/121/1 1919/232/1 1918/230/1
f 2129/121/1 2128/1/1 1920/4/1 1919/232/1
f 1993/23/6 1818/24/6 2138/262/6 2137/263/6
f 1818/24/6 1800/24/6 2139/262/6 2138/262/6
f 1800/24/6 1929/23/6 2140/263/6 2139/262/6
f 1929/23/6 1993/23/6 2137/263/6 2140/263/6
f 1815/6/6 2001/5/6 2142/248/6 2141/264/6
f 2001/5/6 1921/5/6 2143/248/6 2142/248/6
f 1921/5/6 1799/6/6 2144/249/6 2143/248/6
f 1799/6/6 1815/6/6 2141/264/6 2144/249/6
f 2001/5/6 2000/168/6 2146/265/6 2145/266/6
f 2000/168/6 1922/168/6 2147/265/6 2146/265/6
f 1922/168/6 1921/5/6 2148/266/6 2147/265/6
f 1921/5/6 2001/5/6 2145/266/6 2148/266/6
f 2000/168/6 1999/223/6 2150/243/6 2149/245/6
f 1999/223/6 1923/223/6 2151/243/6 2150/243/6
f 1923/223/6 1922/168/6 2152/245/6 2151/243/6
f 1922/168/6 2000/168/6 2149/245/6 2152/245/6
f 1999/223/6 1998/166/6 2154/267/6 2153/268/6
f 1998/166/6 1924/166/6 2155/267/6 2154/267/6
f 1924/166/6 1923/223/6 2156/268/6 2155/267/6
f 1923/223/6 1999/223/6 2153/268/6 2156/268/6
f 1998/166/6 1997/165/6 2158/14/6 2157/13/6
f 1997/165/6 1925/165/6 2159/14/6 2158/14/6
f 1925/165/6 1924/166/6 2160/269/6 2159/14/6
f 1924/166/6 1998/166/6 2157/13/6 2160/269/6
f 1997/165/6 1996/233/6 2162/270/6 2161/271/6
f 1996/233/6 1926/164/6 2163/250/6 2162/270/6
f 1926/164/6 1925/165/6 2164/251/6 2163/250/6
f 1925/165/6 1997/165/6 2161/271/6 2164/251/6
f 1996/233/6 1995/163/6 2166/272/6 2165/273/6
f 1995/163/6 1927/163/6 2167/272/6 2166/272/6
f 1927/163/6 1926/164/6 2168/274/6 2167/272/6
f 1926/164/6 1996/233/6 2165/273/6 2168/274/6
f 1995/163/6 1994/162/6 2170/244/6 2169/247/6
f 1994/162/6 1928/236/6 2171/244/6 2170/244/6
f 1928/236/6 1927/163/6 2172/246/6 2171/244/6
f 1927/163/6 1995/163/6 2169/247/6 2172/246/6
f 1994/162/6 1993/23/6 2174/275/6 2173/276/6
f 1993/23/6 1929/23/6 2175/277/6 2174/275/6
f 1929/23/6 1928/236/6 2176/278/6 2175/277/6
f 1928/236/6 1994/162/6 2173/276/6 2176/278/6
f 2186/266/6 2185/265/6 2188/265/6 2187/266/6
f 2198/13/6 2197/14/6 2200/14/6 2199/269/6
f 2210/247/6 2209/244/6 2212/244/6 2211/246/6
f 2214/276/6 2213/275/6 2216/277/6 2215/278/6
f 2171/244/1 2172/246/1 2211/246/1 2212/244/1
f 2137/263/2 2138/262/2 2177/262/2 2178/263/2
f 2151/243/1 2152/245/1 2191/245/1 2192/243/1
f 2160/269/4 2157/13/4 2198/13/4 2199/269/4
f 2140/263/4 2137/263/4 2178/263/4 2179/263/4
f 2158/14/5 2159/14/5 2200/14/5 2197/14/5
f 2138/262/5 2139/262/5 2180/262/5 2177/262/5
f 2165/273/2 2166/272/2 2205/272/2 2206/273/2
f 2145/266/2 2146/265/2 2185/265/2 2186/266/2
f 2159/14/1 2160/269/1 2199/269/1 2200/14/1
f 2139/262/1 2140/263/1 2179/263/1 2180/262/1
f 2168/274/4 2165/273/4 2206/273/4 2207/274/4
f 2148/266/4 2145/266/4 2186/266/4 2187/266/4
f 2166/272/5 2167/272/5 2208/272/5 2205/272/5
f 2146/265/5 2147/265/5 2188/265/5 2185/265/5
f 2173/276/2 2174/275/2 2213/275/2 2214/276/2
f 2153/268/2 2154/267/2 2193/267/2 2194/268/2
f 2167/272/1 2168/274/1 2207/274/1 2208/272/1
f 2147/265/1 2148/266/1 2187/266/1 2188/265/1
f 2176/278/4 2173/276/4 2214/276/4 2215/278/4
f 2156/268/4 2153/268/4 2194/268/4 2195/268/4
f 2174/275/5 2175/277/5 2216/277/5 2213/275/5
f 2154/267/5 2155/267/5 2196/267/5 2193/267/5
f 2161/271/2 2162/270/2 2201/270/2 2202/271/2
f 2175/277/1 2176/278/1 2215/278/1 2216/277/1
f 2141/264/2 2142/248/2 2181/248/2 2182/264/2
f 2155/267/1 2156/268/1 2195/268/1 2196/267/1
f 2164/251/4 2161/271/4 2202/271/4 2203/251/4
f 2144/249/4 2141/264/4 2182/264/4 2183/249/4
f 2162/270/5 2163/250/5 2204/250/5 2201/270/5
f 1889/27/4 1817/18/4 2218/11/4 2217/10/4
f 1817/18/4 1801/18/4 2219/11/4 2218/11/4
f 1801/18/4 1839/20/4 2220/10/4 2219/11/4
f 1839/20/4 1889/27/4 2217/10/4 2220/10/4
f 1818/24/4 1895/35/4 2222/67/4 2221/66/4
f 1895/35/4 1833/26/4 2223/68/4 2222/67/4
f 1833/26/4 1800/24/4 2224/69/4 2223/68/4
f 1800/24/4 1818/24/4 2221/66/4 2224/69/4
f 1895/35/4 1894/36/4 2226/71/4 2225/70/4
f 1894/36/4 1834/36/4 2227/72/4 2226/71/4
f 1834/36/4 1833/26/4 2228/70/4 2227/72/4
f 1833/26/4 1895/35/4 2225/70/4 2228/70/4
f 1894/36/4 1893/38/4 2230/74/4 2229/73/4
f 1893/38/4 1835/37/4 2231/75/4 2230/74/4
f 1835/37/4 1834/36/4 2232/76/4 2231/75/4
f 1834/36/4 1894/36/4 2229/73/4 2232/76/4
f 1893/38/4 1892/40/4 2234/78/4 2233/77/4
f 1892/40/4 1836/39/4 2235/79/4 2234/78/4
f 1836/39/4 1835/37/4 2236/80/4 2235/79/4
f 1835/37/4 1893/38/4 2233/77/4 2236/80/4
f 1892/40/4 1891/42/4 2238/82/4 2237/81/4
f 1891/42/4 1837/41/4 2239/83/4 2238/82/4
f 1837/41/4 1836/39/4 2240/84/4 2239/83/4
f 1836/39/4 1892/40/4 2237/81/4 2240/84/4
f 1891/42/4 1890/43/4 2242/86/4 2241/85/4
f 1890/43/4 1838/43/4 2243/87/4 2242/86/4
f 1838/43/4 1837/41/4 2244/85/4 2243/87/4
f 1837/41/4 1891/42/4 2241/85/4 2244/85/4
f 1890/43/4 1889/27/4 2246/89/4 2245/88/4
f 1889/27/4 1839/20/4 2247/89/4 2246/89/4
f 1839/20/4 1838/43/4 2248/90/4 2247/89/4
f 1838/43/4 1890/43/4 2245/88/4 2248/90/4
f 2002/4/3 1816/3/3 2250/260/3 2249/255/3
f 1816/3/3 1802/3/3 2251/254/3 2250/260/3
f 1802/3/3 1938/4/3 2252/255/3 2251/254/3
f 1938/4/3 2002/4/3 2249/255/3 2252/255/3
f 1817/18/3 2010/17/3 2254/279/3 2253/280/3
f 2010/17/3 1930/17/3 2255/281/3 2254/279/3
f 1930/17/3 1801/18/3 2256/282/3 2255/281/3
f 1801/18/3 1817/18/3 2253/280/3 2256/282/3
f 2010/17/3 2009/224/3 2258/258/3 2257/12/3
f 2009/224/3 1931/224/3 2259/283/3 2258/258/3
f 1931/224/3 1930/17/3 2260/12/3 2259/283/3
f 1930/17/3 2010/17/3 2257/12/3 2260/12/3
f 2009/224/3 2008/225/3 2262/284/3 2261/285/3
f 2008/225/3 1932/225/3 2263/286/3 2262/284/3
f 1932/225/3 1931/224/3 2264/287/3 2263/286/3
f 1931/224/3 2009/224/3 2261/285/3 2264/287/3
f 2008/225/3 2007/227/3 2266/288/3 2265/289/3
f 2007/227/3 1933/226/3 2267/290/3 2266/288/3
f 1933/226/3 1932/225/3 2268/289/3 2267/290/3
f 1932/225/3 2008/225/3 2265/289/3 2268/289/3
f 2007/227/3 2006/228/3 2270/261/3 2269/257/3
f 2006/228/3 1934/228/3 2271/256/3 2270/261/3
f 1934/228/3 1933/226/3 2272/257/3 2271/256/3
f 1933/226/3 2007/227/3 2269/257/3 2272/257/3
f 2006/228/3 2005/229/3 2274/291/3 2273/292/3
f 2005/229/3 1935/229/3 2275/293/3 2274/291/3
f 1935/229/3 1934/228/3 2276/294/3 2275/293/3
f 1934/228/3 2006/228/3 2273/292/3 2276/294/3
f 2005/229/3 2004/231/3 2278/259/3 2277/253/3
f 2004/231/3 1936/230/3 2279/295/3 2278/259/3
f 1936/230/3 1935/229/3 2280/252/3 2279/295/3
f 1935/229/3 2005/229/3 2277/253/3 2280/252/3
f 2004/231/3 2003/232/3 2282/296/3 2281/297/3
f 2003/232/3 1937/241/3 2283/298/3 2282/296/3
f 1937/241/3 1936/230/3 2284/297/3 2283/298/3
f 1936/230/3 2004/231/3 2281/297/3 2284/297/3
f 2003/232/3 2002/4/3 2286/299/3 2285/300/3
f 2002/4/3 1938/4/3 2287/301/3 2286/299/3
f 1938/4/3 1937/241/3 2288/300/3 2287/301/3
f 1937/241/3 2003/232/3 2285/300/3 2288/300/3
f 2298/12/3 2297/258/3 2300/283/3 2299/12/3
f 2306/289/3 2305/288/3 2308/290/3 2307/289/3
f 2314/292/3 2313/291/3 2316/293/3 2315/294/3
f 2322/297/3 2321/296/3 2324/298/3 2323/297/3
f 2278/259/4 2279/295/4 2320/295/4 2317/259/4
f 2258/258/4 2259/283/4 2300/283/4 2297/258/4
f 2285/300/2 2286/299/2 2325/299/2 2326/300/2
f 2265/289/2 2266/288/2 2305/288/2 2306/289/2
f 2279/295/1 2280/252/1 2319/252/1 2320/295/1
f 2259/283/1 2260/12/1 2299/12/1 2300/283/1
f 2288/300/5 2285/300/5 2326/300/5 2327/300/5
f 2268/289/5 2265/289/5 2306/289/5 2307/289/5
f 2286/299/4 2287/301/4 2328/301/4 2325/299/4
f 2266/288/4 2267/290/4 2308/290/4 2305/288/4
f 2273/292/2 2274/291/2 2313/291/2 2314/292/2
f 2287/301/1 2288/300/1 2327/300/1 2328/301/1
f 2253/280/2 2254/279/2 2293/279/2 2294/280/2
f 2267/290/1 2268/289/1 2307/289/1 2308/290/1
f 2276/294/5 2273/292/5 2314/292/5 2315/294/5
f 2256/282/5 2253/280/5 2294/280/5 2295/282/5
f 2274/291/4 2275/293/4 2316/293/4 2313/291/4
f 2254/279/4 2255/281/4 2296/281/4 2293/279/4
f 2281/297/2 2282/296/2 2321/296/2 2322/297/2
f 2261/285/2 2262/284/2 2301/284/2 2302/285/2
f 2275/293/1 2276/294/1 2315/294/1 2316/293/1
f 2255/281/1 2256/282/1 2295/282/1 2296/281/1
f 2284/297/5 2281/297/5 2322/297/5 2323/297/5
f 2264/287/5 2261/285/5 2302/285/5 2303/287/5
f 2282/296/4 2283/298/4 2324/298/4 2321/296/4
f 2262/284/4 2263/286/4 2304/286/4 2301/284/4
f 2269/257/2 2270/261/2 2309/261/2 2310/257/2
f 2283/298/1 2284/297/1 2323/297/1 2324/298/1
f 2249/255/2 2250/260/2 2289/260/2 2290/255/2
f 2263/286/1 2264/287/1 2303/287/1 2304/286/1
f 1896/22/5 1815/6/5 2330/302/5 2329/303/5
f 1815/6/5 1799/6/5 2331/304/5 2330/302/5
f 1799/6/5 1846/21/5 2332/305/5 2331/304/5
f 1846/21/5 1896/22/5 2329/303/5 2332/305/5
f 1816/3/5 1902/2/5 2334/8/5 2333/94/5
f 1902/2/5 1840/58/5 2335/9/5 2334/8/5
f 1840/58/5 1802/3/5 2336/93/5 2335/9/5
f 1802/3/5 1816/3/5 2333/94/5 2336/93/5
f 1902/2/5 1901/28/5 2338/306/5 2337/307/5
f 1901/28/5 1841/59/5 2339/308/5 2338/306/5
f 1841/59/5 1840/58/5 2340/309/5 2339/308/5
f 1840/58/5 1902/2/5 2337/307/5 2340/309/5
f 1901/28/5 1900/30/5 2342/310/5 2341/311/5
f 1900/30/5 1842/56/5 2343/312/5 2342/310/5
f 1842/56/5 1841/59/5 2344/313/5 2343/312/5
f 1841/59/5 1901/28/5 2341/311/5 2344/313/5
f 1900/30/5 1899/31/5 2346/99/5 2345/314/5
f 1899/31/5 1843/54/5 2347/97/5 2346/99/5
f 1843/54/5 1842/56/5 2348/98/5 2347/97/5
f 1842/56/5 1900/30/5 2345/314/5 2348/98/5
f 1899/31/5 1898/32/5 2350/315/5 2349/316/5
f 1898/32/5 1844/52/5 2351/317/5 2350/315/5
f 1844/52/5 1843/54/5 2352/318/5 2351/317/5
f 1843/54/5 1899/31/5 2349/316/5 2352/318/5
f 1898/32/5 1897/34/5 2354/91/5 2353/96/5
f 1897/34/5 1845/33/5 2355/92/5 2354/91/5
f 1845/33/5 1844/52/5 2356/95/5 2355/92/5
f 1844/52/5 1898/32/5 2353/96/5 2356/95/5
f 1897/34/5 1896/22/5 2358/319/5 2357/320/5
f 1896/22/5 1846/21/5 2359/319/5 2358/319/5
f 1846/21/5 1845/33/5 2360/321/5 2359/319/5
f 1845/33/5 1897/34/5 2357/320/5 2360/321/5
f 2370/307/5 2369/306/5 2372/308/5 2371/309/5
f 2378/314/5 2377/99/5 2380/97/5 2379/98/5
f 2386/96/5 2385/91/5 2388/92/5 2387/95/5
f 2341/311/2 2342/310/2 2373/310/2 2374/311/2
f 2355/92/1 2356/95/1 2387/95/1 2388/92/1
f 2335/9/1 2336/93/1 2367/93/1 2368/9/1
f 2344/313/6 2341/311/6 2374/311/6 2375/313/6
f 2342/310/3 2343/312/3 2376/312/3 2373/310/3
f 2349/316/2 2350/315/2 2381/315/2 2382/316/2
f 2329/303/2 2330/302/2 2361/302/2 2362/303/2
f 2343/312/1 2344/313/1 2375/313/1 2376/312/1
f 2352/318/6 2349/316/6 2382/316/6 2383/318/6
f 2332/305/6 2329/303/6 2362/303/6 2363/305/6
f 2350/315/3 2351/317/3 2384/317/3 2381/315/3
f 2330/302/3 2331/304/3 2364/304/3 2361/302/3
f 2357/320/2 2358/319/2 2389/319/2 2390/320/2
f 2337/307/2 2338/306/2 2369/306/2 2370/307/2
f 2351/317/1 2352/318/1 2383/318/1 2384/317/1
f 2331/304/1 2332/305/1 2363/305/1 2364/304/1
f 2360/321/6 2357/320/6 2390/320/6 2391/321/6
f 2340/309/6 2337/307/6 2370/307/6 2371/309/6
f 2358/319/3 2359/319/3 2392/319/3 2389/319/3
f 2338/306/3 2339/308/3 2372/308/3 2369/306/3
f 2345/314/2 2346/99/2 2377/99/2 2378/314/2
f 2359/319/1 2360/321/1 2391/321/1 2392/319/1
f 2339/308/1 2340/309/1 2371/309/1 2372/308/1
f 2348/98/6 2345/314/6 2378/314/6 2379/98/6
f 2726/1/1 2424/2/1 2396/3/1 2518/4/1
f 2537/5/2 2401/6/2 2409/6/2 2573/7/2
f 2932/8/3 2933/9/3 2966/9/3 2963/8/3
f 2858/12/5 2855/12/5 2896/12/5 2897/12/5
f 2755/13/2 2756/14/2 2795/14/2 2796/13/2
f 2671/15/2 2554/4/2 2404/3/2 2452/16/2
f 2546/17/2 2403/18/2 2411/18/2 2582/19/2
f 2437/20/1 2399/18/1 2407/18/1 2465/20/1
f 2444/21/1 2397/6/1 2405/6/1 2472/22/1
f 2472/22/5 2405/6/5 2409/6/5 2486/22/5
f 2465/20/4 2407/18/4 2411/18/4 2479/20/4
f 2572/4/3 2408/3/3 2412/3/3 2590/4/3
f 2563/23/6 2406/24/6 2410/24/6 2581/23/6
f 2536/4/1 2400/3/1 2408/3/1 2572/4/1
f 2452/16/2 2404/3/2 2412/3/2 2480/25/2
f 2527/23/1 2398/24/1 2406/24/1 2563/23/1
f 2445/26/2 2402/24/2 2410/24/2 2473/26/2
f 2509/23/6 2393/24/6 2416/24/6 2591/23/6
f 2518/4/3 2396/3/3 2414/3/3 2600/4/3
f 2423/20/4 2394/18/4 2415/18/4 2487/27/4
f 2430/21/5 2395/6/5 2413/6/5 2494/22/5
f 2396/3/5 2424/2/5 2500/2/5 2414/3/5
f 2424/2/5 2425/28/5 2499/28/5 2500/2/5
f 2425/28/5 2426/29/5 2498/30/5 2499/28/5
f 2426/29/5 2427/31/5 2497/31/5 2498/30/5
f 2427/31/5 2428/32/5 2496/32/5 2497/31/5
f 2428/32/5 2429/33/5 2495/34/5 2496/32/5
f 2429/33/5 2430/21/5 2494/22/5 2495/34/5
f 2393/24/4 2417/26/4 2493/35/4 2416/24/4
f 2417/26/4 2418/36/4 2492/36/4 2493/35/4
f 2418/36/4 2419/37/4 2491/38/4 2492/36/4
f 2419/37/4 2420/39/4 2490/40/4 2491/38/4
f 2420/39/4 2421/41/4 2489/42/4 2490/40/4
f 2421/41/4 2422/43/4 2488/43/4 2489/42/4
f 2422/43/4 2423/20/4 2487/27/4 2488/43/4
f 2403/18/2 2451/44/2 2479/20/2 2411/18/2
f 2451/44/2 2450/43/2 2478/45/2 2479/20/2
f 2450/43/2 2449/41/2 2477/41/2 2478/45/2
f 2449/41/2 2448/46/2 2476/39/2 2477/41/2
f 2448/46/2 2447/38/2 2475/47/2 2476/39/2
f 2447/38/2 2446/48/2 2474/48/2 2475/47/2
f 2446/48/2 2445/26/2 2473/26/2 2474/48/2
f 2401/6/2 2458/49/2 2486/22/2 2409/6/2
f 2458/49/2 2457/50/2 2485/34/2 2486/22/2
f 2457/50/2 2456/51/2 2484/52/2 2485/34/2
f 2456/51/2 2455/53/2 2483/54/2 2484/52/2
f 2455/53/2 2454/55/2 2482/56/2 2483/54/2
f 2454/55/2 2453/28/2 2481/28/2 2482/56/2
f 2453/28/2 2452/16/2 2480/25/2 2481/28/2
f 2406/24/4 2459/26/4 2473/26/4 2410/24/4
f 2459/26/4 2460/48/4 2474/48/4 2473/26/4
f 2460/48/4 2461/37/4 2475/47/4 2474/48/4
f 2461/37/4 2462/57/4 2476/39/4 2475/47/4
f 2462/57/4 2463/41/4 2477/41/4 2476/39/4
f 2463/41/4 2464/43/4 2478/45/4 2477/41/4
f 2464/43/4 2465/20/4 2479/20/4 2478/45/4
f 2408/3/5 2466/58/5 2480/25/5 2412/3/5
f 2466/58/5 2467/28/5 2481/28/5 2480/25/5
f 2467/28/5 2468/56/5 2482/56/5 2481/28/5
f 2468/56/5 2469/53/5 2483/54/5 2482/56/5
f 2469/53/5 2470/52/5 2484/52/5 2483/54/5
f 2470/52/5 2471/33/5 2485/34/5 2484/52/5
f 2471/33/5 2472/22/5 2486/22/5 2485/34/5
f 2400/3/1 2438/58/1 2466/58/1 2408/3/1
f 2438/58/1 2439/59/1 2467/28/1 2466/58/1
f 2439/59/1 2440/56/1 2468/56/1 2467/28/1
f 2440/56/1 2441/54/1 2469/53/1 2468/56/1
f 2441/54/1 2442/52/1 2470/52/1 2469/53/1
f 2442/52/1 2443/33/1 2471/33/1 2470/52/1
f 2443/33/1 2444/21/1 2472/22/1 2471/33/1
f 2398/24/1 2431/26/1 2459/26/1 2406/24/1
f 2431/26/1 2432/36/1 2460/48/1 2459/26/1
f 2432/36/1 2433/37/1 2461/37/1 2460/48/1
f 2433/37/1 2434/39/1 2462/57/1 2461/37/1
f 2434/39/1 2435/41/1 2463/41/1 2462/57/1
f 2435/41/1 2436/43/1 2464/43/1 2463/41/1
f 2436/43/1 2437/20/1 2465/20/1 2464/43/1
f 2537/5/2 2617/60/2 2458/49/2 2401/6/2
f 2617/60/2 2626/61/2 2457/50/2 2458/49/2
f 2626/61/2 2635/62/2 2456/51/2 2457/50/2
f 2635/62/2 2644/63/2 2455/53/2 2456/51/2
f 2644/63/2 2653/64/2 2454/55/2 2455/53/2
f 2653/64/2 2662/65/2 2453/28/2 2454/55/2
f 2662/65/2 2671/15/2 2452/16/2 2453/28/2
f 2827/73/4 2828/74/4 2829/75/4 2830/76/4
f 2839/85/4 2840/86/4 2841/87/4 2842/85/4
f 2952/91/3 2953/92/3 2986/92/3 2983/91/3
f 2934/93/6 2931/94/6 2964/94/6 2965/93/6
f 2954/95/6 2951/96/6 2984/96/6 2985/95/6
f 2945/97/1 2946/98/1 2977/98/1 2978/97/1
f 2931/94/2 2932/8/2 2963/8/2 2964/94/2
f 2951/96/2 2952/91/2 2983/91/2 2984/96/2
f 2944/99/3 2945/97/3 2978/97/3 2975/99/3
f 2501/5/1 2395/6/1 2430/21/1 2672/100/1
f 2672/100/1 2430/21/1 2429/33/1 2681/101/1
f 2681/101/1 2429/33/1 2428/32/1 2690/102/1
f 2690/102/1 2428/32/1 2427/31/1 2699/103/1
f 2699/103/1 2427/31/1 2426/29/1 2708/104/1
f 2708/104/1 2426/29/1 2425/28/1 2717/105/1
f 2717/105/1 2425/28/1 2424/2/1 2726/1/1
f 2422/43/1 2725/106/1 2734/107/1 2423/20/1
f 2725/106/1 2724/108/1 2733/109/1 2734/107/1
f 2724/108/1 2723/110/1 2732/111/1 2733/109/1
f 2723/110/1 2722/112/1 2731/113/1 2732/111/1
f 2722/112/1 2721/114/1 2730/115/1 2731/113/1
f 2721/114/1 2720/116/1 2729/117/1 2730/115/1
f 2720/116/1 2719/118/1 2728/119/1 2729/117/1
f 2719/118/1 2718/120/1 2727/121/1 2728/119/1
f 2718/120/1 2717/105/1 2726/1/1 2727/121/1
f 2421/41/1 2716/122/1 2725/106/1 2422/43/1
f 2716/122/1 2715/123/1 2724/108/1 2725/106/1
f 2715/123/1 2714/124/1 2723/110/1 2724/108/1
f 2714/124/1 2713/125/1 2722/112/1 2723/110/1
f 2713/125/1 2712/126/1 2721/114/1 2722/112/1
f 2712/126/1 2711/127/1 2720/116/1 2721/114/1
f 2711/127/1 2710/128/1 2719/118/1 2720/116/1
f 2710/128/1 2709/129/1 2718/120/1 2719/118/1
f 2709/129/1 2708/104/1 2717/105/1 2718/120/1
f 2420/39/1 2707/130/1 2716/122/1 2421/41/1
f 2707/130/1 2706/131/1 2715/123/1 2716/122/1
f 2706/131/1 2705/132/1 2714/124/1 2715/123/1
f 2705/132/1 2704/133/1 2713/125/1 2714/124/1
f 2704/133/1 2703/134/1 2712/126/1 2713/125/1
f 2703/134/1 2702/135/1 2711/127/1 2712/126/1
f 2702/135/1 2701/136/1 2710/128/1 2711/127/1
f 2701/136/1 2700/137/1 2709/129/1 2710/128/1
f 2700/137/1 2699/103/1 2708/104/1 2709/129/1
f 2419/37/1 2698/138/1 2707/130/1 2420/39/1
f 2698/138/1 2697/139/1 2706/131/1 2707/130/1
f 2697/139/1 2696/140/1 2705/132/1 2706/131/1
f 2696/140/1 2695/141/1 2704/133/1 2705/132/1
f 2695/141/1 2694/142/1 2703/134/1 2704/133/1
f 2694/142/1 2693/143/1 2702/135/1 2703/134/1
f 2693/143/1 2692/144/1 2701/136/1 2702/135/1
f 2692/144/1 2691/145/1 2700/137/1 2701/136/1
f 2691/145/1 2690/102/1 2699/103/1 2700/137/1
f 2418/36/1 2689/146/1 2698/138/1 2419/37/1
f 2689/146/1 2688/147/1 2697/139/1 2698/138/1
f 2688/147/1 2687/148/1 2696/140/1 2697/139/1
f 2687/148/1 2686/149/1 2695/141/1 2696/140/1
f 2686/149/1 2685/150/1 2694/142/1 2695/141/1
f 2685/150/1 2684/151/1 2693/143/1 2694/142/1
f 2684/151/1 2683/152/1 2692/144/1 2693/143/1
f 2683/152/1 2682/153/1 2691/145/1 2692/144/1
f 2682/153/1 2681/101/1 2690/102/1 2691/145/1
f 2417/26/1 2680/154/1 2689/146/1 2418/36/1
f 2680/154/1 2679/155/1 2688/147/1 2689/146/1
f 2679/155/1 2678/156/1 2687/148/1 2688/147/1
f 2678/156/1 2677/157/1 2686/149/1 2687/148/1
f 2677/157/1 2676/158/1 2685/150/1 2686/149/1
f 2676/158/1 2675/159/1 2684/151/1 2685/150/1
f 2675/159/1 2674/160/1 2683/152/1 2684/151/1
f 2674/160/1 2673/161/1 2682/153/1 2683/152/1
f 2673/161/1 2672/100/1 2681/101/1 2682/153/1
f 2393/24/1 2509/23/1 2680/154/1 2417/26/1
f 2509/23/1 2508/162/1 2679/155/1 2680/154/1
f 2508/162/1 2507/163/1 2678/156/1 2679/155/1
f 2507/163/1 2506/164/1 2677/157/1 2678/156/1
f 2506/164/1 2505/165/1 2676/158/1 2677/157/1
f 2505/165/1 2504/166/1 2675/159/1 2676/158/1
f 2504/166/1 2503/167/1 2674/160/1 2675/159/1
f 2503/167/1 2502/168/1 2673/161/1 2674/160/1
f 2502/168/1 2501/5/1 2672/100/1 2673/161/1
f 2450/43/2 2451/44/2 2663/169/2 2654/170/2
f 2654/170/2 2663/169/2 2664/171/2 2655/172/2
f 2655/172/2 2664/171/2 2665/173/2 2656/174/2
f 2656/174/2 2665/173/2 2666/175/2 2657/176/2
f 2657/176/2 2666/175/2 2667/177/2 2658/114/2
f 2658/114/2 2667/177/2 2668/178/2 2659/179/2
f 2659/179/2 2668/178/2 2669/180/2 2660/181/2
f 2660/181/2 2669/180/2 2670/182/2 2661/183/2
f 2661/183/2 2670/182/2 2671/15/2 2662/65/2
f 2449/41/2 2450/43/2 2654/170/2 2645/184/2
f 2645/184/2 2654/170/2 2655/172/2 2646/185/2
f 2646/185/2 2655/172/2 2656/174/2 2647/186/2
f 2647/186/2 2656/174/2 2657/176/2 2648/187/2
f 2648/187/2 2657/176/2 2658/114/2 2649/188/2
f 2649/188/2 2658/114/2 2659/179/2 2650/189/2
f 2650/189/2 2659/179/2 2660/181/2 2651/190/2
f 2651/190/2 2660/181/2 2661/183/2 2652/191/2
f 2652/191/2 2661/183/2 2662/65/2 2653/64/2
f 2448/46/2 2449/41/2 2645/184/2 2636/192/2
f 2636/192/2 2645/184/2 2646/185/2 2637/193/2
f 2637/193/2 2646/185/2 2647/186/2 2638/194/2
f 2638/194/2 2647/186/2 2648/187/2 2639/195/2
f 2639/195/2 2648/187/2 2649/188/2 2640/196/2
f 2640/196/2 2649/188/2 2650/189/2 2641/197/2
f 2641/197/2 2650/189/2 2651/190/2 2642/198/2
f 2642/198/2 2651/190/2 2652/191/2 2643/199/2
f 2643/199/2 2652/191/2 2653/64/2 2644/63/2
f 2447/38/2 2448/46/2 2636/192/2 2627/200/2
f 2627/200/2 2636/192/2 2637/193/2 2628/201/2
f 2628/201/2 2637/193/2 2638/194/2 2629/202/2
f 2629/202/2 2638/194/2 2639/195/2 2630/203/2
f 2630/203/2 2639/195/2 2640/196/2 2631/204/2
f 2631/204/2 2640/196/2 2641/197/2 2632/205/2
f 2632/205/2 2641/197/2 2642/198/2 2633/206/2
f 2633/206/2 2642/198/2 2643/199/2 2634/207/2
f 2634/207/2 2643/199/2 2644/63/2 2635/62/2
f 2446/48/2 2447/38/2 2627/200/2 2618/208/2
f 2618/208/2 2627/200/2 2628/201/2 2619/209/2
f 2619/209/2 2628/201/2 2629/202/2 2620/210/2
f 2620/210/2 2629/202/2 2630/203/2 2621/211/2
f 2621/211/2 2630/203/2 2631/204/2 2622/212/2
f 2622/212/2 2631/204/2 2632/205/2 2623/213/2
f 2623/213/2 2632/205/2 2633/206/2 2624/214/2
f 2624/214/2 2633/206/2 2634/207/2 2625/215/2
f 2625/215/2 2634/207/2 2635/62/2 2626/61/2
f 2445/26/2 2446/48/2 2618/208/2 2609/154/2
f 2609/154/2 2618/208/2 2619/209/2 2610/216/2
f 2610/216/2 2619/209/2 2620/210/2 2611/217/2
f 2611/217/2 2620/210/2 2621/211/2 2612/218/2
f 2612/218/2 2621/211/2 2622/212/2 2613/219/2
f 2613/219/2 2622/212/2 2623/213/2 2614/220/2
f 2614/220/2 2623/213/2 2624/214/2 2615/221/2
f 2615/221/2 2624/214/2 2625/215/2 2616/222/2
f 2616/222/2 2625/215/2 2626/61/2 2617/60/2
f 2402/24/2 2445/26/2 2609/154/2 2545/23/2
f 2545/23/2 2609/154/2 2610/216/2 2544/162/2
f 2544/162/2 2610/216/2 2611/217/2 2543/163/2
f 2543/163/2 2611/217/2 2612/218/2 2542/164/2
f 2542/164/2 2612/218/2 2613/219/2 2541/165/2
f 2541/165/2 2613/219/2 2614/220/2 2540/166/2
f 2540/166/2 2614/220/2 2615/221/2 2539/223/2
f 2539/223/2 2615/221/2 2616/222/2 2538/168/2
f 2538/168/2 2616/222/2 2617/60/2 2537/5/2
f 2394/18/3 2510/17/3 2608/17/3 2415/18/3
f 2510/17/3 2511/224/3 2607/224/3 2608/17/3
f 2511/224/3 2512/225/3 2606/225/3 2607/224/3
f 2512/225/3 2513/226/3 2605/227/3 2606/225/3
f 2513/226/3 2514/228/3 2604/228/3 2605/227/3
f 2514/228/3 2515/229/3 2603/229/3 2604/228/3
f 2515/229/3 2516/230/3 2602/231/3 2603/229/3
f 2516/230/3 2517/232/3 2601/232/3 2602/231/3
f 2517/232/3 2518/4/3 2600/4/3 2601/232/3
f 2395/6/6 2501/5/6 2599/5/6 2413/6/6
f 2501/5/6 2502/168/6 2598/168/6 2599/5/6
f 2502/168/6 2503/167/6 2597/223/6 2598/168/6
f 2503/167/6 2504/166/6 2596/166/6 2597/223/6
f 2504/166/6 2505/165/6 2595/165/6 2596/166/6
f 2505/165/6 2506/164/6 2594/233/6 2595/165/6
f 2506/164/6 2507/163/6 2593/163/6 2594/233/6
f 2507/163/6 2508/162/6 2592/162/6 2593/163/6
f 2508/162/6 2509/23/6 2591/23/6 2592/162/6
f 2397/6/1 2519/5/1 2555/5/1 2405/6/1
f 2519/5/1 2520/168/1 2556/168/1 2555/5/1
f 2520/168/1 2521/223/1 2557/234/1 2556/168/1
f 2521/223/1 2522/166/1 2558/235/1 2557/234/1
f 2522/166/1 2523/165/1 2559/165/1 2558/235/1
f 2523/165/1 2524/164/1 2560/233/1 2559/165/1
f 2524/164/1 2525/163/1 2561/163/1 2560/233/1
f 2525/163/1 2526/236/1 2562/162/1 2561/163/1
f 2526/236/1 2527/23/1 2563/23/1 2562/162/1
f 2399/18/1 2528/17/1 2564/237/1 2407/18/1
f 2528/17/1 2529/224/1 2565/224/1 2564/237/1
f 2529/224/1 2530/225/1 2566/238/1 2565/224/1
f 2530/225/1 2531/226/1 2567/227/1 2566/238/1
f 2531/226/1 2532/228/1 2568/228/1 2567/227/1
f 2532/228/1 2533/229/1 2569/239/1 2568/228/1
f 2533/229/1 2534/230/1 2570/240/1 2569/239/1
f 2534/230/1 2535/241/1 2571/232/1 2570/240/1
f 2535/241/1 2536/4/1 2572/4/1 2571/232/1
f 2405/6/6 2555/5/6 2573/7/6 2409/6/6
f 2555/5/6 2556/168/6 2574/168/6 2573/7/6
f 2556/168/6 2557/234/6 2575/234/6 2574/168/6
f 2557/234/6 2558/235/6 2576/235/6 2575/234/6
f 2558/235/6 2559/165/6 2577/165/6 2576/235/6
f 2559/165/6 2560/233/6 2578/233/6 2577/165/6
f 2560/233/6 2561/163/6 2579/163/6 2578/233/6
f 2561/163/6 2562/162/6 2580/162/6 2579/163/6
f 2562/162/6 2563/23/6 2581/23/6 2580/162/6
f 2407/18/3 2564/237/3 2582/19/3 2411/18/3
f 2564/237/3 2565/224/3 2583/224/3 2582/19/3
f 2565/224/3 2566/238/3 2584/238/3 2583/224/3
f 2566/238/3 2567/227/3 2585/227/3 2584/238/3
f 2567/227/3 2568/228/3 2586/228/3 2585/227/3
f 2568/228/3 2569/239/3 2587/229/3 2586/228/3
f 2569/239/3 2570/240/3 2588/240/3 2587/229/3
f 2570/240/3 2571/232/3 2589/232/3 2588/240/3
f 2571/232/3 2572/4/3 2590/4/3 2589/232/3
f 2404/3/2 2554/4/2 2590/4/2 2412/3/2
f 2554/4/2 2553/232/2 2589/232/2 2590/4/2
f 2553/232/2 2552/230/2 2588/240/2 2589/232/2
f 2552/230/2 2551/239/2 2587/229/2 2588/240/2
f 2551/239/2 2550/228/2 2586/228/2 2587/229/2
f 2550/228/2 2549/226/2 2585/227/2 2586/228/2
f 2549/226/2 2548/242/2 2584/238/2 2585/227/2
f 2548/242/2 2547/224/2 2583/224/2 2584/238/2
f 2547/224/2 2546/17/2 2582/19/2 2583/224/2
f 2451/44/2 2403/18/2 2546/17/2 2663/169/2
f 2663/169/2 2546/17/2 2547/224/2 2664/171/2
f 2664/171/2 2547/224/2 2548/242/2 2665/173/2
f 2665/173/2 2548/242/2 2549/226/2 2666/175/2
f 2666/175/2 2549/226/2 2550/228/2 2667/177/2
f 2667/177/2 2550/228/2 2551/239/2 2668/178/2
f 2668/178/2 2551/239/2 2552/230/2 2669/180/2
f 2669/180/2 2552/230/2 2553/232/2 2670/182/2
f 2670/182/2 2553/232/2 2554/4/2 2671/15/2
f 2748/243/5 2749/243/5 2790/243/5 2787/243/5
f 2768/244/5 2769/244/5 2810/244/5 2807/244/5
f 2750/245/4 2747/245/4 2788/245/4 2789/245/4
f 2770/246/4 2767/247/4 2808/247/4 2809/246/4
f 2741/248/1 2742/249/1 2781/249/1 2782/248/1
f 2761/250/1 2762/251/1 2801/251/1 2802/250/1
f 2747/245/2 2748/243/2 2787/243/2 2788/245/2
f 2767/247/2 2768/244/2 2807/244/2 2808/247/2
f 2740/248/5 2741/248/5 2782/248/5 2779/248/5
f 2878/252/5 2875/253/5 2916/253/5 2917/252/5
f 2849/254/1 2850/255/1 2889/255/1 2890/254/1
f 2869/256/1 2870/257/1 2909/257/1 2910/256/1
f 2855/12/2 2856/258/2 2895/258/2 2896/12/2
f 2875/253/2 2876/259/2 2915/259/2 2916/253/2
f 2848/260/4 2849/254/4 2890/254/4 2887/260/4
f 2868/261/4 2869/256/4 2910/256/4 2907/261/4
f 2850/255/5 2847/255/5 2888/255/5 2889/255/5
f 2870/257/5 2867/257/5 2908/257/5 2909/257/5
f 2402/24/2 2545/23/2 2581/23/2 2410/24/2
f 2545/23/2 2544/162/2 2580/162/2 2581/23/2
f 2544/162/2 2543/163/2 2579/163/2 2580/162/2
f 2543/163/2 2542/164/2 2578/233/2 2579/163/2
f 2542/164/2 2541/165/2 2577/165/2 2578/233/2
f 2541/165/2 2540/166/2 2576/235/2 2577/165/2
f 2540/166/2 2539/223/2 2575/234/2 2576/235/2
f 2539/223/2 2538/168/2 2574/168/2 2575/234/2
f 2538/168/2 2537/5/2 2573/7/2 2574/168/2
f 2423/20/1 2734/107/1 2510/17/1 2394/18/1
f 2734/107/1 2733/109/1 2511/224/1 2510/17/1
f 2733/109/1 2732/111/1 2512/225/1 2511/224/1
f 2732/111/1 2731/113/1 2513/226/1 2512/225/1
f 2731/113/1 2730/115/1 2514/228/1 2513/226/1
f 2730/115/1 2729/117/1 2515/229/1 2514/228/1
f 2729/117/1 2728/119/1 2516/230/1 2515/229/1
f 2728/119/1 2727/121/1 2517/232/1 2516/230/1
f 2727/121/1 2726/1/1 2518/4/1 2517/232/1
f 2591/23/6 2416/24/6 2736/262/6 2735/263/6
f 2416/24/6 2398/24/6 2737/262/6 2736/262/6
f 2398/24/6 2527/23/6 2738/263/6 2737/262/6
f 2527/23/6 2591/23/6 2735/263/6 2738/263/6
f 2413/6/6 2599/5/6 2740/248/6 2739/264/6
f 2599/5/6 2519/5/6 2741/248/6 2740/248/6
f 2519/5/6 2397/6/6 2742/249/6 2741/248/6
f 2397/6/6 2413/6/6 2739/264/6 2742/249/6
f 2599/5/6 2598/168/6 2744/265/6 2743/266/6
f 2598/168/6 2520/168/6 2745/265/6 2744/265/6
f 2520/168/6 2519/5/6 2746/266/6 2745/265/6
f 2519/5/6 2599/5/6 2743/266/6 2746/266/6
f 2598/168/6 2597/223/6 2748/243/6 2747/245/6
f 2597/223/6 2521/223/6 2749/243/6 2748/243/6
f 2521/223/6 2520/168/6 2750/245/6 2749/243/6
f 2520/168/6 2598/168/6 2747/245/6 2750/245/6
f 2597/223/6 2596/166/6 2752/267/6 2751/268/6
f 2596/166/6 2522/166/6 2753/267/6 2752/267/6
f 2522/166/6 2521/223/6 2754/268/6 2753/267/6
f 2521/223/6 2597/223/6 2751/268/6 2754/268/6
f 2596/166/6 2595/165/6 2756/14/6 2755/13/6
f 2595/165/6 2523/165/6 2757/14/6 2756/14/6
f 2523/165/6 2522/166/6 2758/269/6 2757/14/6
f 2522/166/6 2596/166/6 2755/13/6 2758/269/6
f 2595/165/6 2594/233/6 2760/270/6 2759/271/6
f 2594/233/6 2524/164/6 2761/250/6 2760/270/6
f 2524/164/6 2523/165/6 2762/251/6 2761/250/6
f 2523/165/6 2595/165/6 2759/271/6 2762/251/6
f 2594/233/6 2593/163/6 2764/272/6 2763/273/6
f 2593/163/6 2525/163/6 2765/272/6 2764/272/6
f 2525/163/6 2524/164/6 2766/274/6 2765/272/6
f 2524/164/6 2594/233/6 2763/273/6 2766/274/6
f 2593/163/6 2592/162/6 2768/244/6 2767/247/6
f 2592/162/6 2526/236/6 2769/244/6 2768/244/6
f 2526/236/6 2525/163/6 2770/246/6 2769/244/6
f 2525/163/6 2593/163/6 2767/247/6 2770/246/6
f 2592/162/6 2591/23/6 2772/275/6 2771/276/6
f 2591/23/6 2527/23/6 2773/277/6 2772/275/6
f 2527/23/6 2526/236/6 2774/278/6 2773/277/6
f 2526/236/6 2592/162/6 2771/276/6 2774/278/6
f 2784/266/6 2783/265/6 2786/265/6 2785/266/6
f 2796/13/6 2795/14/6 2798/14/6 2797/269/6
f 2808/247/6 2807/244/6 2810/244/6 2809/246/6
f 2812/276/6 2811/275/6 2814/277/6 2813/278/6
f 2769/244/1 2770/246/1 2809/246/1 2810/244/1
f 2735/263/2 2736/262/2 2775/262/2 2776/263/2
f 2749/243/1 2750/245/1 2789/245/1 2790/243/1
f 2758/269/4 2755/13/4 2796/13/4 2797/269/4
f 2738/263/4 2735/263/4 2776/263/4 2777/263/4
f 2756/14/5 2757/14/5 2798/14/5 2795/14/5
f 2736/262/5 2737/262/5 2778/262/5 2775/262/5
f 2763/273/2 2764/272/2 2803/272/2 2804/273/2
f 2743/266/2 2744/265/2 2783/265/2 2784/266/2
f 2757/14/1 2758/269/1 2797/269/1 2798/14/1
f 2737/262/1 2738/263/1 2777/263/1 2778/262/1
f 2766/274/4 2763/273/4 2804/273/4 2805/274/4
f 2746/266/4 2743/266/4 2784/266/4 2785/266/4
f 2764/272/5 2765/272/5 2806/272/5 2803/272/5
f 2744/265/5 2745/265/5 2786/265/5 2783/265/5
f 2771/276/2 2772/275/2 2811/275/2 2812/276/2
f 2751/268/2 2752/267/2 2791/267/2 2792/268/2
f 2765/272/1 2766/274/1 2805/274/1 2806/272/1
f 2745/265/1 2746/266/1 2785/266/1 2786/265/1
f 2774/278/4 2771/276/4 2812/276/4 2813/278/4
f 2754/268/4 2751/268/4 2792/268/4 2793/268/4
f 2772/275/5 2773/277/5 2814/277/5 2811/275/5
f 2752/267/5 2753/267/5 2794/267/5 2791/267/5
f 2759/271/2 2760/270/2 2799/270/2 2800/271/2
f 2773/277/1 2774/278/1 2813/278/1 2814/277/1
f 2739/264/2 2740/248/2 2779/248/2 2780/264/2
f 2753/267/1 2754/268/1 2793/268/1 2794/267/1
f 2762/251/4 2759/271/4 2800/271/4 2801/251/4
f 2742/249/4 2739/264/4 2780/264/4 2781/249/4
f 2760/270/5 2761/250/5 2802/250/5 2799/270/5
f 2487/27/4 2415/18/4 2816/11/4 2815/10/4
f 2415/18/4 2399/18/4 2817/11/4 2816/11/4
f 2399/18/4 2437/20/4 2818/10/4 2817/11/4
f 2437/20/4 2487/27/4 2815/10/4 2818/10/4
f 2416/24/4 2493/35/4 2820/67/4 2819/66/4
f 2493/35/4 2431/26/4 2821/68/4 2820/67/4
f 2431/26/4 2398/24/4 2822/69/4 2821/68/4
f 2398/24/4 2416/24/4 2819/66/4 2822/69/4
f 2493/35/4 2492/36/4 2824/71/4 2823/70/4
f 2492/36/4 2432/36/4 2825/72/4 2824/71/4
f 2432/36/4 2431/26/4 2826/70/4 2825/72/4
f 2431/26/4 2493/35/4 2823/70/4 2826/70/4
f 2492/36/4 2491/38/4 2828/74/4 2827/73/4
f 2491/38/4 2433/37/4 2829/75/4 2828/74/4
f 2433/37/4 2432/36/4 2830/76/4 2829/75/4
f 2432/36/4 2492/36/4 2827/73/4 2830/76/4
f 2491/38/4 2490/40/4 2832/78/4 2831/77/4
f 2490/40/4 2434/39/4 2833/79/4 2832/78/4
f 2434/39/4 2433/37/4 2834/80/4 2833/79/4
f 2433/37/4 2491/38/4 2831/77/4 2834/80/4
f 2490/40/4 2489/42/4 2836/82/4 2835/81/4
f 2489/42/4 2435/41/4 2837/83/4 2836/82/4
f 2435/41/4 2434/39/4 2838/84/4 2837/83/4
f 2434/39/4 2490/40/4 2835/81/4 2838/84/4
f 2489/42/4 2488/43/4 2840/86/4 2839/85/4
f 2488/43/4 2436/43/4 2841/87/4 2840/86/4
f 2436/43/4 2435/41/4 2842/85/4 2841/87/4
f 2435/41/4 2489/42/4 2839/85/4 2842/85/4
f 2488/43/4 2487/27/4 2844/89/4 2843/88/4
f 2487/27/4 2437/20/4 2845/89/4 2844/89/4
f 2437/20/4 2436/43/4 2846/90/4 2845/89/4
f 2436/43/4 2488/43/4 2843/88/4 2846/90/4
f 2600/4/3 2414/3/3 2848/260/3 2847/255/3
f 2414/3/3 2400/3/3 2849/254/3 2848/260/3
f 2400/3/3 2536/4/3 2850/255/3 2849/254/3
f 2536/4/3 2600/4/3 2847/255/3 2850/255/3
f 2415/18/3 2608/17/3 2852/279/3 2851/280/3
f 2608/17/3 2528/17/3 2853/281/3 2852/279/3
f 2528/17/3 2399/18/3 2854/282/3 2853/281/3
f 2399/18/3 2415/18/3 2851/280/3 2854/282/3
f 2608/17/3 2607/224/3 2856/258/3 2855/12/3
f 2607/224/3 2529/224/3 2857/283/3 2856/258/3
f 2529/224/3 2528/17/3 2858/12/3 2857/283/3
f 2528/17/3 2608/17/3 2855/12/3 2858/12/3
f 2607/224/3 2606/225/3 2860/284/3 2859/285/3
f 2606/225/3 2530/225/3 2861/286/3 2860/284/3
f 2530/225/3 2529/224/3 2862/287/3 2861/286/3
f 2529/224/3 2607/224/3 2859/285/3 2862/287/3
f 2606/225/3 2605/227/3 2864/288/3 2863/289/3
f 2605/227/3 2531/226/3 2865/290/3 2864/288/3
f 2531/226/3 2530/225/3 2866/289/3 2865/290/3
f 2530/225/3 2606/225/3 2863/289/3 2866/289/3
f 2605/227/3 2604/228/3 2868/261/3 2867/257/3
f 2604/228/3 2532/228/3 2869/256/3 2868/261/3
f 2532/228/3 2531/226/3 2870/257/3 2869/256/3
f 2531/226/3 2605/227/3 2867/257/3 2870/257/3
f 2604/228/3 2603/229/3 2872/291/3 2871/292/3
f 2603/229/3 2533/229/3 2873/293/3 2872/291/3
f 2533/229/3 2532/228/3 2874/294/3 2873/293/3
f 2532/228/3 2604/228/3 2871/292/3 2874/294/3
f 2603/229/3 2602/231/3 2876/259/3 2875/253/3
f 2602/231/3 2534/230/3 2877/295/3 2876/259/3
f 2534/230/3 2533/229/3 2878/252/3 2877/295/3
f 2533/229/3 2603/229/3 2875/253/3 2878/252/3
f 2602/231/3 2601/232/3 2880/296/3 2879/297/3
f 2601/232/3 2535/241/3 2881/298/3 2880/296/3
f 2535/241/3 2534/230/3 2882/297/3 2881/298/3
f 2534/230/3 2602/231/3 2879/297/3 2882/297/3
f 2601/232/3 2600/4/3 2884/299/3 2883/300/3
f 2600/4/3 2536/4/3 2885/301/3 2884/299/3
f 2536/4/3 2535/241/3 2886/300/3 2885/301/3
f 2535/241/3 2601/232/3 2883/300/3 2886/300/3
f 2896/12/3 2895/258/3 2898/283/3 2897/12/3
f 2904/289/3 2903/288/3 2906/290/3 2905/289/3
f 2912/292/3 2911/291/3 2914/293/3 2913/294/3
f 2920/297/3 2919/296/3 2922/298/3 2921/297/3
f 2876/259/4 2877/295/4 2918/295/4 2915/259/4
f 2856/258/4 2857/283/4 2898/283/4 2895/258/4
f 2883/300/2 2884/299/2 2923/299/2 2924/300/2
f 2863/289/2 2864/288/2 2903/288/2 2904/289/2
f 2877/295/1 2878/252/1 2917/252/1 2918/295/1
f 2857/283/1 2858/12/1 2897/12/1 2898/283/1
f 2886/300/5 2883/300/5 2924/300/5 2925/300/5
f 2866/289/5 2863/289/5 2904/289/5 2905/289/5
f 2884/299/4 2885/301/4 2926/301/4 2923/299/4
f 2864/288/4 2865/290/4 2906/290/4 2903/288/4
f 2871/292/2 2872/291/2 2911/291/2 2912/292/2
f 2885/301/1 2886/300/1 2925/300/1 2926/301/1
f 2851/280/2 2852/279/2 2891/279/2 2892/280/2
f 2865/290/1 2866/289/1 2905/289/1 2906/290/1
f 2874/294/5 2871/292/5 2912/292/5 2913/294/5
f 2854/282/5 2851/280/5 2892/280/5 2893/282/5
f 2872/291/4 2873/293/4 2914/293/4 2911/291/4
f 2852/279/4 2853/281/4 2894/281/4 2891/279/4
f 2879/297/2 2880/296/2 2919/296/2 2920/297/2
f 2859/285/2 2860/284/2 2899/284/2 2900/285/2
f 2873/293/1 2874/294/1 2913/294/1 2914/293/1
f 2853/281/1 2854/282/1 2893/282/1 2894/281/1
f 2882/297/5 2879/297/5 2920/297/5 2921/297/5
f 2862/287/5 2859/285/5 2900/285/5 2901/287/5
f 2880/296/4 2881/298/4 2922/298/4 2919/296/4
f 2860/284/4 2861/286/4 2902/286/4 2899/284/4
f 2867/257/2 2868/261/2 2907/261/2 2908/257/2
f 2881/298/1 2882/297/1 2921/297/1 2922/298/1
f 2847/255/2 2848/260/2 2887/260/2 2888/255/2
f 2861/286/1 2862/287/1 2901/287/1 2902/286/1
f 2494/22/5 2413/6/5 2928/302/5 2927/303/5
f 2413/6/5 2397/6/5 2929/304/5 2928/302/5
f 2397/6/5 2444/21/5 2930/305/5 2929/304/5
f 2444/21/5 2494/22/5 2927/303/5 2930/305/5
f 2414/3/5 2500/2/5 2932/8/5 2931/94/5
f 2500/2/5 2438/58/5 2933/9/5 2932/8/5
f 2438/58/5 2400/3/5 2934/93/5 2933/9/5
f 2400/3/5 2414/3/5 2931/94/5 2934/93/5
f 2500/2/5 2499/28/5 2936/306/5 2935/307/5
f 2499/28/5 2439/59/5 2937/308/5 2936/306/5
f 2439/59/5 2438/58/5 2938/309/5 2937/308/5
f 2438/58/5 2500/2/5 2935/307/5 2938/309/5
f 2499/28/5 2498/30/5 2940/310/5 2939/311/5
f 2498/30/5 2440/56/5 2941/312/5 2940/310/5
f 2440/56/5 2439/59/5 2942/313/5 2941/312/5
f 2439/59/5 2499/28/5 2939/311/5 2942/313/5
f 2498/30/5 2497/31/5 2944/99/5 2943/314/5
f 2497/31/5 2441/54/5 2945/97/5 2944/99/5
f 2441/54/5 2440/56/5 2946/98/5 2945/97/5
f 2440/56/5 2498/30/5 2943/314/5 2946/98/5
f 2497/31/5 2496/32/5 2948/315/5 2947/316/5
f 2496/32/5 2442/52/5 2949/317/5 2948/315/5
f 2442/52/5 2441/54/5 2950/318/5 2949/317/5
f 2441/54/5 2497/31/5 2947/316/5 2950/318/5
f 2496/32/5 2495/34/5 2952/91/5 2951/96/5
f 2495/34/5 2443/33/5 2953/92/5 2952/91/5
f 2443/33/5 2442/52/5 2954/95/5 2953/92/5
f 2442/52/5 2496/32/5 2951/96/5 2954/95/5
f 2495/34/5 2494/22/5 2956/319/5 2955/320/5
f 2494/22/5 2444/21/5 2957/319/5 2956/319/5
f 2444/21/5 2443/33/5 2958/321/5 2957/319/5
f 2443/33/5 2495/34/5 2955/320/5 2958/321/5
f 2968/307/5 2967/306/5 2970/308/5 2969/309/5
f 2976/314/5 2975/99/5 2978/97/5 2977/98/5
f 2984/96/5 2983/91/5 2986/92/5 2985/95/5
f 2939/311/2 2940/310/2 2971/310/2 2972/311/2
f 2953/92/1 2954/95/1 2985/95/1 2986/92/1
f 2933/9/1 2934/93/1 2965/93/1 2966/9/1
f 2942/313/6 2939/311/6 2972/311/6 2973/313/6
f 2940/310/3 2941/312/3 2974/312/3 2971/310/3
f 2947/316/2 2948/315/2 2979/315/2 2980/316/2
f 2927/303/2 2928/302/2 2959/302/2 2960/303/2
f 2941/312/1 2942/313/1 2973/313/1 2974/312/1
f 2950/318/6 2947/316/6 2980/316/6 2981/318/6
f 2930/305/6 2927/303/6 2960/303/6 2961/305/6
f 2948/315/3 2949/317/3 2982/317/3 2979/315/3
f 2928/302/3 2929/304/3 2962/304/3 2959/302/3
f 2955/320/2 2956/319/2 2987/319/2 2988/320/2
f 2935/307/2 2936/306/2 2967/306/2 2968/307/2
f 2949/317/1 2950/318/1 2981/318/1 2982/317/1
f 2929/304/1 2930/305/1 2961/305/1 2962/304/1
f 2958/321/6 2955/320/6 2988/320/6 2989/321/6
f 2938/309/6 2935/307/6 2968/307/6 2969/309/6
f 2956/319/3 2957/319/3 2990/319/3 2987/319/3
f 2936/306/3 2937/308/3 2970/308/3 2967/306/3
f 2943/314/2 2944/99/2 2975/99/2 2976/314/2
f 2957/319/1 2958/321/1 2989/321/1 2990/319/1
f 2937/308/1 2938/309/1 2969/309/1 2970/308/1
f 2946/98/6 2943/314/6 2976/314/6 2977/98/6
f 3324/1/1 3022/2/1 2994/3/1 3116/4/1
f 3135/5/2 2999/6/2 3007/6/2 3171/7/2
f 3530/8/3 3531/9/3 3564/9/3 3561/8/3
f 3456/12/5 3453/12/5 3494/12/5 3495/12/5
f 3353/13/2 3354/14/2 3393/14/2 3394/13/2
f 3269/15/2 3152/4/2 3002/3/2 3050/16/2
f 3144/17/2 3001/18/2 3009/18/2 3180/19/2
f 3035/20/1 2997/18/1 3005/18/1 3063/20/1
f 3042/21/1 2995/6/1 3003/6/1 3070/22/1
f 3070/22/5 3003/6/5 3007/6/5 3084/22/5
f 3063/20/4 3005/18/4 3009/18/4 3077/20/4
f 3170/4/3 3006/3/3 3010/3/3 3188/4/3
f 3161/23/6 3004/24/6 3008/24/6 3179/23/6
f 3134/4/1 2998/3/1 3006/3/1 3170/4/1
f 3050/16/2 3002/3/2 3010/3/2 3078/25/2
f 3125/23/1 2996/24/1 3004/24/1 3161/23/1
f 3043/26/2 3000/24/2 3008/24/2 3071/26/2
f 3107/23/6 2991/24/6 3014/24/6 3189/23/6
f 3116/4/3 2994/3/3 3012/3/3 3198/4/3
f 3021/20/4 2992/18/4 3013/18/4 3085/27/4
f 3028/21/5 2993/6/5 3011/6/5 3092/22/5
f 2994/3/5 3022/2/5 3098/2/5 3012/3/5
f 3022/2/5 3023/28/5 3097/28/5 3098/2/5
f 3023/28/5 3024/29/5 3096/30/5 3097/28/5
f 3024/29/5 3025/31/5 3095/31/5 3096/30/5
f 3025/31/5 3026/32/5 3094/32/5 3095/31/5
f 3026/32/5 3027/33/5 3093/34/5 3094/32/5
f 3027/33/5 3028/21/5 3092/22/5 3093/34/5
f 2991/24/4 3015/26/4 3091/35/4 3014/24/4
f 3015/26/4 3016/36/4 3090/36/4 3091/35/4
f 3016/36/4 3017/37/4 3089/38/4 3090/36/4
f 3017/37/4 3018/39/4 3088/40/4 3089/38/4
f 3018/39/4 3019/41/4 3087/42/4 3088/40/4
f 3019/41/4 3020/43/4 3086/43/4 3087/42/4
f 3020/43/4 3021/20/4 3085/27/4 3086/43/4
f 3001/18/2 3049/44/2 3077/20/2 3009/18/2
f 3049/44/2 3048/43/2 3076/45/2 3077/20/2
f 3048/43/2 3047/41/2 3075/41/2 3076/45/2
f 3047/41/2 3046/46/2 3074/39/2 3075/41/2
f 3046/46/2 3045/38/2 3073/47/2 3074/39/2
f 3045/38/2 3044/48/2 3072/48/2 3073/47/2
f 3044/48/2 3043/26/2 3071/26/2 3072/48/2
f 2999/6/2 3056/49/2 3084/22/2 3007/6/2
f 3056/49/2 3055/50/2 3083/34/2 3084/22/2
f 3055/50/2 3054/51/2 3082/52/2 3083/34/2
f 3054/51/2 3053/53/2 3081/54/2 3082/52/2
f 3053/53/2 3052/55/2 3080/56/2 3081/54/2
f 3052/55/2 3051/28/2 3079/28/2 3080/56/2
f 3051/28/2 3050/16/2 3078/25/2 3079/28/2
f 3004/24/4 3057/26/4 3071/26/4 3008/24/4
f 3057/26/4 3058/48/4 3072/48/4 3071/26/4
f 3058/48/4 3059/37/4 3073/47/4 3072/48/4
f 3059/37/4 3060/57/4 3074/39/4 3073/47/4
f 3060/57/4 3061/41/4 3075/41/4 3074/39/4
f 3061/41/4 3062/43/4 3076/45/4 3075/41/4
f 3062/43/4 3063/20/4 3077/20/4 3076/45/4
f 3006/3/5 3064/58/5 3078/25/5 3010/3/5
f 3064/58/5 3065/28/5 3079/28/5 3078/25/5
f 3065/28/5 3066/56/5 3080/56/5 3079/28/5
f 3066/56/5 3067/53/5 3081/54/5 3080/56/5
f 3067/53/5 3068/52/5 3082/52/5 3081/54/5
f 3068/52/5 3069/33/5 3083/34/5 3082/52/5
f 3069/33/5 3070/22/5 3084/22/5 3083/34/5
f 2998/3/1 3036/58/1 3064/58/1 3006/3/1
f 3036/58/1 3037/59/1 3065/28/1 3064/58/1
f 3037/59/1 3038/56/1 3066/56/1 3065/28/1
f 3038/56/1 3039/54/1 3067/53/1 3066/56/1
f 3039/54/1 3040/52/1 3068/52/1 3067/53/1
f 3040/52/1 3041/33/1 3069/33/1 3068/52/1
f 3041/33/1 3042/21/1 3070/22/1 3069/33/1
f 2996/24/1 3029/26/1 3057/26/1 3004/24/1
f 3029/26/1 3030/36/1 3058/48/1 3057/26/1
f 3030/36/1 3031/37/1 3059/37/1 3058/48/1
f 3031/37/1 3032/39/1 3060/57/1 3059/37/1
f 3032/39/1 3033/41/1 3061/41/1 3060/57/1
f 3033/41/1 3034/43/1 3062/43/1 3061/41/1
f 3034/43/1 3035/20/1 3063/20/1 3062/43/1
f 3135/5/2 3215/60/2 3056/49/2 2999/6/2
f 3215/60/2 3224/61/2 3055/50/2 3056/49/2
f 3224/61/2 3233/62/2 3054/51/2 3055/50/2
f 3233/62/2 3242/63/2 3053/53/2 3054/51/2
f 3242/63/2 3251/64/2 3052/55/2 3053/53/2
f 3251/64/2 3260/65/2 3051/28/2 3052/55/2
f 3260/65/2 3269/15/2 3050/16/2 3051/28/2
f 3425/73/4 3426/74/4 3427/75/4 3428/76/4
f 3437/85/4 3438/86/4 3439/87/4 3440/85/4
f 3550/91/3 3551/92/3 3584/92/3 3581/91/3
f 3532/93/6 3529/94/6 3562/94/6 3563/93/6
f 3552/95/6 3549/96/6 3582/96/6 3583/95/6
f 3543/97/1 3544/98/1 3575/98/1 3576/97/1
f 3529/94/2 3530/8/2 3561/8/2 3562/94/2
f 3549/96/2 3550/91/2 3581/91/2 3582/96/2
f 3542/99/3 3543/97/3 3576/97/3 3573/99/3
f 3099/5/1 2993/6/1 3028/21/1 3270/100/1
f 3270/100/1 3028/21/1 3027/33/1 3279/101/1
f 3279/101/1 3027/33/1 3026/32/1 3288/102/1
f 3288/102/1 3026/32/1 3025/31/1 3297/103/1
f 3297/103/1 3025/31/1 3024/29/1 3306/104/1
f 3306/104/1 3024/29/1 3023/28/1 3315/105/1
f 3315/105/1 3023/28/1 3022/2/1 3324/1/1
f 3020/43/1 3323/106/1 3332/107/1 3021/20/1
f 3323/106/1 3322/108/1 3331/109/1 3332/107/1
f 3322/108/1 3321/110/1 3330/111/1 3331/109/1
f 3321/110/1 3320/112/1 3329/113/1 3330/111/1
f 3320/112/1 3319/114/1 3328/115/1 3329/113/1
f 3319/114/1 3318/116/1 3327/117/1 3328/115/1
f 3318/116/1 3317/118/1 3326/119/1 3327/117/1
f 3317/118/1 3316/120/1 3325/121/1 3326/119/1
f 3316/120/1 3315/105/1 3324/1/1 3325/121/1
f 3019/41/1 3314/122/1 3323/106/1 3020/43/1
f 3314/122/1 3313/123/1 3322/108/1 3323/106/1
f 3313/123/1 3312/124/1 3321/110/1 3322/108/1
f 3312/124/1 3311/125/1 3320/112/1 3321/110/1
f 3311/125/1 3310/126/1 3319/114/1 3320/112/1
f 3310/126/1 3309/127/1 3318/116/1 3319/114/1
f 3309/127/1 3308/128/1 3317/118/1 3318/116/1
f 3308/128/1 3307/129/1 3316/120/1 3317/118/1
f 3307/129/1 3306/104/1 3315/105/1 3316/120/1
f 3018/39/1 3305/130/1 3314/122/1 3019/41/1
f 3305/130/1 3304/131/1 3313/123/1 3314/122/1
f 3304/131/1 3303/132/1 3312/124/1 3313/123/1
f 3303/132/1 3302/133/1 3311/125/1 3312/124/1
f 3302/133/1 3301/134/1 3310/126/1 3311/125/1
f 3301/134/1 3300/135/1 3309/127/1 3310/126/1
f 3300/135/1 3299/136/1 3308/128/1 3309/127/1
f 3299/136/1 3298/137/1 3307/129/1 3308/128/1
f 3298/137/1 3297/103/1 3306/104/1 3307/129/1
f 3017/37/1 3296/138/1 3305/130/1 3018/39/1
f 3296/138/1 3295/139/1 3304/131/1 3305/130/1
f 3295/139/1 3294/140/1 3303/132/1 3304/131/1
f 3294/140/1 3293/141/1 3302/133/1 3303/132/1
f 3293/141/1 3292/142/1 3301/134/1 3302/133/1
f 3292/142/1 3291/143/1 3300/135/1 3301/134/1
f 3291/143/1 3290/144/1 3299/136/1 3300/135/1
f 3290/144/1 3289/145/1 3298/137/1 3299/136/1
f 3289/145/1 3288/102/1 3297/103/1 3298/137/1
f 3016/36/1 3287/146/1 3296/138/1 3017/37/1
f 3287/146/1 3286/147/1 3295/139/1 3296/138/1
f 3286/147/1 3285/148/1 3294/140/1 3295/139/1
f 3285/148/1 3284/149/1 3293/141/1 3294/140/1
f 3284/149/1 3283/150/1 3292/142/1 3293/141/1
f 3283/150/1 3282/151/1 3291/143/1 3292/142/1
f 3282/151/1 3281/152/1 3290/144/1 3291/143/1
f 3281/152/1 3280/153/1 3289/145/1 3290/144/1
f 3280/153/1 3279/101/1 3288/102/1 3289/145/1
f 3015/26/1 3278/154/1 3287/146/1 3016/36/1
f 3278/154/1 3277/155/1 3286/147/1 3287/146/1
f 3277/155/1 3276/156/1 3285/148/1 3286/147/1
f 3276/156/1 3275/157/1 3284/149/1 3285/148/1
f 3275/157/1 3274/158/1 3283/150/1 3284/149/1
f 3274/158/1 3273/159/1 3282/151/1 3283/150/1
f 3273/159/1 3272/160/1 3281/152/1 3282/151/1
f 3272/160/1 3271/161/1 3280/153/1 3281/152/1
f 3271/161/1 3270/100/1 3279/101/1 3280/153/1
f 2991/24/1 3107/23/1 3278/154/1 3015/26/1
f 3107/23/1 3106/162/1 3277/155/1 3278/154/1
f 3106/162/1 3105/163/1 3276/156/1 3277/155/1
f 3105/163/1 3104/164/1 3275/157/1 3276/156/1
f 3104/164/1 3103/165/1 3274/158/1 3275/157/1
f 3103/165/1 3102/166/1 3273/159/1 3274/158/1
f 3102/166/1 3101/167/1 3272/160/1 3273/159/1
f 3101/167/1 3100/168/1 3271/161/1 3272/160/1
f 3100/168/1 3099/5/1 3270/100/1 3271/161/1
f 3048/43/2 3049/44/2 3261/169/2 3252/170/2
f 3252/170/2 3261/169/2 3262/171/2 3253/172/2
f 3253/172/2 3262/171/2 3263/173/2 3254/174/2
f 3254/174/2 3263/173/2 3264/175/2 3255/176/2
f 3255/176/2 3264/175/2 3265/177/2 3256/114/2
f 3256/114/2 3265/177/2 3266/178/2 3257/179/2
f 3257/179/2 3266/178/2 3267/180/2 3258/181/2
f 3258/181/2 3267/180/2 3268/182/2 3259/183/2
f 3259/183/2 3268/182/2 3269/15/2 3260/65/2
f 3047/41/2 3048/43/2 3252/170/2 3243/184/2
f 3243/184/2 3252/170/2 3253/172/2 3244/185/2
f 3244/185/2 3253/172/2 3254/174/2 3245/186/2
f 3245/186/2 3254/174/2 3255/176/2 3246/187/2
f 3246/187/2 3255/176/2 3256/114/2 3247/188/2
f 3247/188/2 3256/114/2 3257/179/2 3248/189/2
f 3248/189/2 3257/179/2 3258/181/2 3249/190/2
f 3249/190/2 3258/181/2 3259/183/2 3250/191/2
f 3250/191/2 3259/183/2 3260/65/2 3251/64/2
f 3046/46/2 3047/41/2 3243/184/2 3234/192/2
f 3234/192/2 3243/184/2 3244/185/2 3235/193/2
f 3235/193/2 3244/185/2 3245/186/2 3236/194/2
f 3236/194/2 3245/186/2 3246/187/2 3237/195/2
f 3237/195/2 3246/187/2 3247/188/2 3238/196/2
f 3238/196/2 3247/188/2 3248/189/2 3239/197/2
f 3239/197/2 3248/189/2 3249/190/2 3240/198/2
f 3240/198/2 3249/190/2 3250/191/2 3241/199/2
f 3241/199/2 3250/191/2 3251/64/2 3242/63/2
f 3045/38/2 3046/46/2 3234/192/2 3225/200/2
f 3225/200/2 3234/192/2 3235/193/2 3226/201/2
f 3226/201/2 3235/193/2 3236/194/2 3227/202/2
f 3227/202/2 3236/194/2 3237/195/2 3228/203/2
f 3228/203/2 3237/195/2 3238/196/2 3229/204/2
f 3229/204/2 3238/196/2 3239/197/2 3230/205/2
f 3230/205/2 3239/197/2 3240/198/2 3231/206/2
f 3231/206/2 3240/198/2 3241/199/2 3232/207/2
f 3232/207/2 3241/199/2 3242/63/2 3233/62/2
f 3044/48/2 3045/38/2 3225/200/2 3216/208/2
f 3216/208/2 3225/200/2 3226/201/2 3217/209/2
f 3217/209/2 3226/201/2 3227/202/2 3218/210/2
f 3218/210/2 3227/202/2 3228/203/2 3219/211/2
f 3219/211/2 3228/203/2 3229/204/2 3220/212/2
f 3220/212/2 3229/204/2 3230/205/2 3221/213/2
f 3221/213/2 3230/205/2 3231/206/2 3222/214/2
f 3222/214/2 3231/206/2 3232/207/2 3223/215/2
f 3223/215/2 3232/207/2 3233/62/2 3224/61/2
f 3043/26/2 3044/48/2 3216/208/2 3207/154/2
f 3207/154/2 3216/208/2 3217/209/2 3208/216/2
f 3208/216/2 3217/209/2 3218/210/2 3209/217/2
f 3209/217/2 3218/210/2 3219/211/2 3210/218/2
f 3210/218/2 3219/211/2 3220/212/2 3211/219/2
f 3211/219/2 3220/212/2 3221/213/2 3212/220/2
f 3212/220/2 3221/213/2 3222/214/2 3213/221/2
f 3213/221/2 3222/214/2 3223/215/2 3214/222/2
f 3214/222/2 3223/215/2 3224/61/2 3215/60/2
f 3000/24/2 3043/26/2 3207/154/2 3143/23/2
f 3143/23/2 3207/154/2 3208/216/2 3142/162/2
f 3142/162/2 3208/216/2 3209/217/2 3141/163/2
f 3141/163/2 3209/217/2 3210/218/2 3140/164/2
f 3140/164/2 3210/218/2 3211/219/2 3139/165/2
f 3139/165/2 3211/219/2 3212/220/2 3138/166/2
f 3138/166/2 3212/220/2 3213/221/2 3137/223/2
f 3137/223/2 3213/221/2 3214/222/2 3136/168/2
f 3136/168/2 3214/222/2 3215/60/2 3135/5/2
f 2992/18/3 3108/17/3 3206/17/3 3013/18/3
f 3108/17/3 3109/224/3 3205/224/3 3206/17/3
f 3109/224/3 3110/225/3 3204/225/3 3205/224/3
f 3110/225/3 3111/226/3 3203/227/3 3204/225/3
f 3111/226/3 3112/228/3 3202/228/3 3203/227/3
f 3112/228/3 3113/229/3 3201/229/3 3202/228/3
f 3113/229/3 3114/230/3 3200/231/3 3201/229/3
f 3114/230/3 3115/232/3 3199/232/3 3200/231/3
f 3115/232/3 3116/4/3 3198/4/3 3199/232/3
f 2993/6/6 3099/5/6 3197/5/6 3011/6/6
f 3099/5/6 3100/168/6 3196/168/6 3197/5/6
f 3100/168/6 3101/167/6 3195/223/6 3196/168/6
f 3101/167/6 3102/166/6 3194/166/6 3195/223/6
f 3102/166/6 3103/165/6 3193/165/6 3194/166/6
f 3103/165/6 3104/164/6 3192/233/6 3193/165/6
f 3104/164/6 3105/163/6 3191/163/6 3192/233/6
f 3105/163/6 3106/162/6 3190/162/6 3191/163/6
f 3106/162/6 3107/23/6 3189/23/6 3190/162/6
f 2995/6/1 3117/5/1 3153/5/1 3003/6/1
f 3117/5/1 3118/168/1 3154/168/1 3153/5/1
f 3118/168/1 3119/223/1 3155/234/1 3154/168/1
f 3119/223/1 3120/166/1 3156/235/1 3155/234/1
f 3120/166/1 3121/165/1 3157/165/1 3156/235/1
f 3121/165/1 3122/164/1 3158/233/1 3157/165/1
f 3122/164/1 3123/163/1 3159/163/1 3158/233/1
f 3123/163/1 3124/236/1 3160/162/1 3159/163/1
f 3124/236/1 3125/23/1 3161/23/1 3160/162/1
f 2997/18/1 3126/17/1 3162/237/1 3005/18/1
f 3126/17/1 3127/224/1 3163/224/1 3162/237/1
f 3127/224/1 3128/225/1 3164/238/1 3163/224/1
f 3128/225/1 3129/226/1 3165/227/1 3164/238/1
f 3129/226/1 3130/228/1 3166/228/1 3165/227/1
f 3130/228/1 3131/229/1 3167/239/1 3166/228/1
f 3131/229/1 3132/230/1 3168/240/1 3167/239/1
f 3132/230/1 3133/241/1 3169/232/1 3168/240/1
f 3133/241/1 3134/4/1 3170/4/1 3169/232/1
f 3003/6/6 3153/5/6 3171/7/6 3007/6/6
f 3153/5/6 3154/168/6 3172/168/6 3171/7/6
f 3154/168/6 3155/234/6 3173/234/6 3172/168/6
f 3155/234/6 3156/235/6 3174/235/6 3173/234/6
f 3156/235/6 3157/165/6 3175/165/6 3174/235/6
f 3157/165/6 3158/233/6 3176/233/6 3175/165/6
f 3158/233/6 3159/163/6 3177/163/6 3176/233/6
f 3159/163/6 3160/162/6 3178/162/6 3177/163/6
f 3160/162/6 3161/23/6 3179/23/6 3178/162/6
f 3005/18/3 3162/237/3 3180/19/3 3009/18/3
f 3162/237/3 3163/224/3 3181/224/3 3180/19/3
f 3163/224/3 3164/238/3 3182/238/3 3181/224/3
f 3164/238/3 3165/227/3 3183/227/3 3182/238/3
f 3165/227/3 3166/228/3 3184/228/3 3183/227/3
f 3166/228/3 3167/239/3 3185/229/3 3184/228/3
f 3167/239/3 3168/240/3 3186/240/3 3185/229/3
f 3168/240/3 3169/232/3 3187/232/3 3186/240/3
f 3169/232/3 3170/4/3 3188/4/3 3187/232/3
f 3002/3/2 3152/4/2 3188/4/2 3010/3/2
f 3152/4/2 3151/232/2 3187/232/2 3188/4/2
f 3151/232/2 3150/230/2 3186/240/2 3187/232/2
f 3150/230/2 3149/239/2 3185/229/2 3186/240/2
f 3149/239/2 3148/228/2 3184/228/2 3185/229/2
f 3148/228/2 3147/226/2 3183/227/2 3184/228/2
f 3147/226/2 3146/242/2 3182/238/2 3183/227/2
f 3146/242/2 3145/224/2 3181/224/2 3182/238/2
f 3145/224/2 3144/17/2 3180/19/2 3181/224/2
f 3049/44/2 3001/18/2 3144/17/2 3261/169/2
f 3261/169/2 3144/17/2 3145/224/2 3262/171/2
f 3262/171/2 3145/224/2 3146/242/2 3263/173/2
f 3263/173/2 3146/242/2 3147/226/2 3264/175/2
f 3264/175/2 3147/226/2 3148/228/2 3265/177/2
f 3265/177/2 3148/228/2 3149/239/2 3266/178/2
f 3266/178/2 3149/239/2 3150/230/2 3267/180/2
f 3267/180/2 3150/230/2 3151/232/2 3268/182/2
f 3268/182/2 3151/232/2 3152/4/2 3269/15/2
f 3346/243/5 3347/243/5 3388/243/5 3385/243/5
f 3366/244/5 3367/244/5 3408/244/5 3405/244/5
f 3348/245/4 3345/245/4 3386/245/4 3387/245/4
f 3368/246/4 3365/247/4 3406/247/4 3407/246/4
f 3339/248/1 3340/249/1 3379/249/1 3380/248/1
f 3359/250/1 3360/251/1 3399/251/1 3400/250/1
f 3345/245/2 3346/243/2 3385/243/2 3386/245/2
f 3365/247/2 3366/244/2 3405/244/2 3406/247/2
f 3338/248/5 3339/248/5 3380/248/5 3377/248/5
f 3476/252/5 3473/253/5 3514/253/5 3515/252/5
f 3447/254/1 3448/255/1 3487/255/1 3488/254/1
f 3467/256/1 3468/257/1 3507/257/1 3508/256/1
f 3453/12/2 3454/258/2 3493/258/2 3494/12/2
f 3473/253/2 3474/259/2 3513/259/2 3514/253/2
f 3446/260/4 3447/254/4 3488/254/4 3485/260/4
f 3466/261/4 3467/256/4 3508/256/4 3505/261/4
f 3448/255/5 3445/255/5 3486/255/5 3487/255/5
f 3468/257/5 3465/257/5 3506/257/5 3507/257/5
f 3000/24/2 3143/23/2 3179/23/2 3008/24/2
f 3143/23/2 3142/162/2 3178/162/2 3179/23/2
f 3142/162/2 3141/163/2 3177/163/2 3178/162/2
f 3141/163/2 3140/164/2 3176/233/2 3177/163/2
f 3140/164/2 3139/165/2 3175/165/2 3176/233/2
f 3139/165/2 3138/166/2 3174/235/2 3175/165/2
f 3138/166/2 3137/223/2 3173/234/2 3174/235/2
f 3137/223/2 3136/168/2 3172/168/2 3173/234/2
f 3136/168/2 3135/5/2 3171/7/2 3172/168/2
f 3021/20/1 3332/107/1 3108/17/1 2992/18/1
f 3332/107/1 3331/109/1 3109/224/1 3108/17/1
f 3331/109/1 3330/111/1 3110/225/1 3109/224/1
f 3330/111/1 3329/113/1 3111/226/1 3110/225/1
f 3329/113/1 3328/115/1 3112/228/1 3111/226/1
f 3328/115/1 3327/117/1 3113/229/1 3112/228/1
f 3327/117/1 3326/119/1 3114/230/1 3113/229/1
f 3326/119/1 3325/121/1 3115/232/1 3114/230/1
f 3325/121/1 3324/1/1 3116/4/1 3115/232/1
f 3189/23/6 3014/24/6 3334/262/6 3333/263/6
f 3014/24/6 2996/24/6 3335/262/6 3334/262/6
f 2996/24/6 3125/23/6 3336/263/6 3335/262/6
f 3125/23/6 3189/23/6 3333/263/6 3336/263/6
f 3011/6/6 3197/5/6 3338/248/6 3337/264/6
f 3197/5/6 3117/5/6 3339/248/6 3338/248/6
f 3117/5/6 2995/6/6 3340/249/6 3339/248/6
f 2995/6/6 3011/6/6 3337/264/6 3340/249/6
f 3197/5/6 3196/168/6 3342/265/6 3341/266/6
f 3196/168/6 3118/168/6 3343/265/6 3342/265/6
f 3118/168/6 3117/5/6 3344/266/6 3343/265/6
f 3117/5/6 3197/5/6 3341/266/6 3344/266/6
f 3196/168/6 3195/223/6 3346/243/6 3345/245/6
f 3195/223/6 3119/223/6 3347/243/6 3346/243/6
f 3119/223/6 3118/168/6 3348/245/6 3347/243/6
f 3118/168/6 3196/168/6 3345/245/6 3348/245/6
f 3195/223/6 3194/166/6 3350/267/6 3349/268/6
f 3194/166/6 3120/166/6 3351/267/6 3350/267/6
f 3120/166/6 3119/223/6 3352/268/6 3351/267/6
f 3119/223/6 3195/223/6 3349/268/6 3352/268/6
f 3194/166/6 3193/165/6 3354/14/6 3353/13/6
f 3193/165/6 3121/165/6 3355/14/6 3354/14/6
f 3121/165/6 3120/166/6 3356/269/6 3355/14/6
f 3120/166/6 3194/166/6 3353/13/6 3356/269/6
f 3193/165/6 3192/233/6 3358/270/6 3357/271/6
f 3192/233/6 3122/164/6 3359/250/6 3358/270/6
f 3122/164/6 3121/165/6 3360/251/6 3359/250/6
f 3121/165/6 3193/165/6 3357/271/6 3360/251/6
f 3192/233/6 3191/163/6 3362/272/6 3361/273/6
f 3191/163/6 3123/163/6 3363/272/6 3362/272/6
f 3123/163/6 3122/164/6 3364/274/6 3363/272/6
f 3122/164/6 3192/233/6 3361/273/6 3364/274/6
f 3191/163/6 3190/162/6 3366/244/6 3365/247/6
f 3190/162/6 3124/236/6 3367/244/6 3366/244/6
f 3124/236/6 3123/163/6 3368/246/6 3367/244/6
f 3123/163/6 3191/163/6 3365/247/6 3368/246/6
f 3190/162/6 3189/23/6 3370/275/6 3369/276/6
f 3189/23/6 3125/23/6 3371/277/6 3370/275/6
f 3125/23/6 3124/236/6 3372/278/6 3371/277/6
f 3124/236/6 3190/162/6 3369/276/6 3372/278/6
f 3382/266/6 3381/265/6 3384/265/6 3383/266/6
f 3394/13/6 3393/14/6 3396/14/6 3395/269/6
f 3406/247/6 3405/244/6 3408/244/6 3407/246/6
f 3410/276/6 3409/275/6 3412/277/6 3411/278/6
f 3367/244/1 3368/246/1 3407/246/1 3408/244/1
f 3333/263/2 3334/262/2 3373/262/2 3374/263/2
f 3347/243/1 3348/245/1 3387/245/1 3388/243/1
f 3356/269/4 3353/13/4 3394/13/4 3395/269/4
f 3336/263/4 3333/263/4 3374/263/4 3375/263/4
f 3354/14/5 3355/14/5 3396/14/5 3393/14/5
f 3334/262/5 3335/262/5 3376/262/5 3373/262/5
f 3361/273/2 3362/272/2 3401/272/2 3402/273/2
f 3341/266/2 3342/265/2 3381/265/2 3382/266/2
f 3355/14/1 3356/269/1 3395/269/1 3396/14/1
f 3335/262/1 3336/263/1 3375/263/1 3376/262/1
f 3364/274/4 3361/273/4 3402/273/4 3403/274/4
f 3344/266/4 3341/266/4 3382/266/4 3383/266/4
f 3362/272/5 3363/272/5 3404/272/5 3401/272/5
f 3342/265/5 3343/265/5 3384/265/5 3381/265/5
f 3369/276/2 3370/275/2 3409/275/2 3410/276/2
f 3349/268/2 3350/267/2 3389/267/2 3390/268/2
f 3363/272/1 3364/274/1 3403/274/1 3404/272/1
f 3343/265/1 3344/266/1 3383/266/1 3384/265/1
f 3372/278/4 3369/276/4 3410/276/4 3411/278/4
f 3352/268/4 3349/268/4 3390/268/4 3391/268/4
f 3370/275/5 3371/277/5 3412/277/5 3409/275/5
f 3350/267/5 3351/267/5 3392/267/5 3389/267/5
f 3357/271/2 3358/270/2 3397/270/2 3398/271/2
f 3371/277/1 3372/278/1 3411/278/1 3412/277/1
f 3337/264/2 3338/248/2 3377/248/2 3378/264/2
f 3351/267/1 3352/268/1 3391/268/1 3392/267/1
f 3360/251/4 3357/271/4 3398/271/4 3399/251/4
f 3340/249/4 3337/264/4 3378/264/4 3379/249/4
f 3358/270/5 3359/250/5 3400/250/5 3397/270/5
f 3085/27/4 3013/18/4 3414/11/4 3413/10/4
f 3013/18/4 2997/18/4 3415/11/4 3414/11/4
f 2997/18/4 3035/20/4 3416/10/4 3415/11/4
f 3035/20/4 3085/27/4 3413/10/4 3416/10/4
f 3014/24/4 3091/35/4 3418/67/4 3417/66/4
f 3091/35/4 3029/26/4 3419/68/4 3418/67/4
f 3029/26/4 2996/24/4 3420/69/4 3419/68/4
f 2996/24/4 3014/24/4 3417/66/4 3420/69/4
f 3091/35/4 3090/36/4 3422/71/4 3421/70/4
f 3090/36/4 3030/36/4 3423/72/4 3422/71/4
f 3030/36/4 3029/26/4 3424/70/4 3423/72/4
f 3029/26/4 3091/35/4 3421/70/4 3424/70/4
f 3090/36/4 3089/38/4 3426/74/4 3425/73/4
f 3089/38/4 3031/37/4 3427/75/4 3426/74/4
f 3031/37/4 3030/36/4 3428/76/4 3427/75/4
f 3030/36/4 3090/36/4 3425/73/4 3428/76/4
f 3089/38/4 3088/40/4 3430/78/4 3429/77/4
f 3088/40/4 3032/39/4 3431/79/4 3430/78/4
f 3032/39/4 3031/37/4 3432/80/4 3431/79/4
f 3031/37/4 3089/38/4 3429/77/4 3432/80/4
f 3088/40/4 3087/42/4 3434/82/4 3433/81/4
f 3087/42/4 3033/41/4 3435/83/4 3434/82/4
f 3033/41/4 3032/39/4 3436/84/4 3435/83/4
f 3032/39/4 3088/40/4 3433/81/4 3436/84/4
f 3087/42/4 3086/43/4 3438/86/4 3437/85/4
f 3086/43/4 3034/43/4 3439/87/4 3438/86/4
f 3034/43/4 3033/41/4 3440/85/4 3439/87/4
f 3033/41/4 3087/42/4 3437/85/4 3440/85/4
f 3086/43/4 3085/27/4 3442/89/4 3441/88/4
f 3085/27/4 3035/20/4 3443/89/4 3442/89/4
f 3035/20/4 3034/43/4 3444/90/4 3443/89/4
f 3034/43/4 3086/43/4 3441/88/4 3444/90/4
f 3198/4/3 3012/3/3 3446/260/3 3445/255/3
f 3012/3/3 2998/3/3 3447/254/3 3446/260/3
f 2998/3/3 3134/4/3 3448/255/3 3447/254/3
f 3134/4/3 3198/4/3 3445/255/3 3448/255/3
f 3013/18/3 3206/17/3 3450/279/3 3449/280/3
f 3206/17/3 3126/17/3 3451/281/3 3450/279/3
f 3126/17/3 2997/18/3 3452/282/3 3451/281/3
f 2997/18/3 3013/18/3 3449/280/3 3452/282/3
f 3206/17/3 3205/224/3 3454/258/3 3453/12/3
f 3205/224/3 3127/224/3 3455/283/3 3454/258/3
f 3127/224/3 3126/17/3 3456/12/3 3455/283/3
f 3126/17/3 3206/17/3 3453/12/3 3456/12/3
f 3205/224/3 3204/225/3 3458/284/3 3457/285/3
f 3204/225/3 3128/225/3 3459/286/3 3458/284/3
f 3128/225/3 3127/224/3 3460/287/3 3459/286/3
f 3127/224/3 3205/224/3 3457/285/3 3460/287/3
f 3204/225/3 3203/227/3 3462/288/3 3461/289/3
f 3203/227/3 3129/226/3 3463/290/3 3462/288/3
f 3129/226/3 3128/225/3 3464/289/3 3463/290/3
f 3128/225/3 3204/225/3 3461/289/3 3464/289/3
f 3203/227/3 3202/228/3 3466/261/3 3465/257/3
f 3202/228/3 3130/228/3 3467/256/3 3466/261/3
f 3130/228/3 3129/226/3 3468/257/3 3467/256/3
f 3129/226/3 3203/227/3 3465/257/3 3468/257/3
f 3202/228/3 3201/229/3 3470/291/3 3469/292/3
f 3201/229/3 3131/229/3 3471/293/3 3470/291/3
f 3131/229/3 3130/228/3 3472/294/3 3471/293/3
f 3130/228/3 3202/228/3 3469/292/3 3472/294/3
f 3201/229/3 3200/231/3 3474/259/3 3473/253/3
f 3200/231/3 3132/230/3 3475/295/3 3474/259/3
f 3132/230/3 3131/229/3 3476/252/3 3475/295/3
f 3131/229/3 3201/229/3 3473/253/3 3476/252/3
f 3200/231/3 3199/232/3 3478/296/3 3477/297/3
f 3199/232/3 3133/241/3 3479/298/3 3478/296/3
f 3133/241/3 3132/230/3 3480/297/3 3479/298/3
f 3132/230/3 3200/231/3 3477/297/3 3480/297/3
f 3199/232/3 3198/4/3 3482/299/3 3481/300/3
f 3198/4/3 3134/4/3 3483/301/3 3482/299/3
f 3134/4/3 3133/241/3 3484/300/3 3483/301/3
f 3133/241/3 3199/232/3 3481/300/3 3484/300/3
f 3494/12/3 3493/258/3 3496/283/3 3495/12/3
f 3502/289/3 3501/288/3 3504/290/3 3503/289/3
f 3510/292/3 3509/291/3 3512/293/3 3511/294/3
f 3518/297/3 3517/296/3 3520/298/3 3519/297/3
f 3474/259/4 3475/295/4 3516/295/4 3513/259/4
f 3454/258/4 3455/283/4 3496/283/4 3493/258/4
f 3481/300/2 3482/299/2 3521/299/2 3522/300/2
f 3461/289/2 3462/288/2 3501/288/2 3502/289/2
f 3475/295/1 3476/252/1 3515/252/1 3516/295/1
f 3455/283/1 3456/12/1 3495/12/1 3496/283/1
f 3484/300/5 3481/300/5 3522/300/5 3523/300/5
f 3464/289/5 3461/289/5 3502/289/5 3503/289/5
f 3482/299/4 3483/301/4 3524/301/4 3521/299/4
f 3462/288/4 3463/290/4 3504/290/4 3501/288/4
f 3469/292/2 3470/291/2 3509/291/2 3510/292/2
f 3483/301/1 3484/300/1 3523/300/1 3524/301/1
f 3449/280/2 3450/279/2 3489/279/2 3490/280/2
f 3463/290/1 3464/289/1 3503/289/1 3504/290/1
f 3472/294/5 3469/292/5 3510/292/5 3511/294/5
f 3452/282/5 3449/280/5 3490/280/5 3491/282/5
f 3470/291/4 3471/293/4 3512/293/4 3509/291/4
f 3450/279/4 3451/281/4 3492/281/4 3489/279/4
f 3477/297/2 3478/296/2 3517/296/2 3518/297/2
f 3457/285/2 3458/284/2 3497/284/2 3498/285/2
f 3471/293/1 3472/294/1 3511/294/1 3512/293/1
f 3451/281/1 3452/282/1 3491/282/1 3492/281/1
f 3480/297/5 3477/297/5 3518/297/5 3519/297/5
f 3460/287/5 3457/285/5 3498/285/5 3499/287/5
f 3478/296/4 3479/298/4 3520/298/4 3517/296/4
f 3458/284/4 3459/286/4 3500/286/4 3497/284/4
f 3465/257/2 3466/261/2 3505/261/2 3506/257/2
f 3479/298/1 3480/297/1 3519/297/1 3520/298/1
f 3445/255/2 3446/260/2 3485/260/2 3486/255/2
f 3459/286/1 3460/287/1 3499/287/1 3500/286/1
f 3092/22/5 3011/6/5 3526/302/5 3525/303/5
f 3011/6/5 2995/6/5 3527/304/5 3526/302/5
f 2995/6/5 3042/21/5 3528/305/5 3527/304/5
f 3042/21/5 3092/22/5 3525/303/5 3528/305/5
f 3012/3/5 3098/2/5 3530/8/5 3529/94/5
f 3098/2/5 3036/58/5 3531/9/5 3530/8/5
f 3036/58/5 2998/3/5 3532/93/5 3531/9/5
f 2998/3/5 3012/3/5 3529/94/5 3532/93/5
f 3098/2/5 3097/28/5 3534/306/5 3533/307/5
f 3097/28/5 3037/59/5 3535/308/5 3534/306/5
f 3037/59/5 3036/58/5 3536/309/5 3535/308/5
f 3036/58/5 3098/2/5 3533/307/5 3536/309/5
f 3097/28/5 3096/30/5 3538/310/5 3537/311/5
f 3096/30/5 3038/56/5 3539/312/5 3538/310/5
f 3038/56/5 3037/59/5 3540/313/5 3539/312/5
f 3037/59/5 3097/28/5 3537/311/5 3540/313/5
f 3096/30/5 3095/31/5 3542/99/5 3541/314/5
f 3095/31/5 3039/54/5 3543/97/5 3542/99/5
f 3039/54/5 3038/56/5 3544/98/5 3543/97/5
f 3038/56/5 3096/30/5 3541/314/5 3544/98/5
f 3095/31/5 3094/32/5 3546/315/5 3545/316/5
f 3094/32/5 3040/52/5 3547/317/5 3546/315/5
f 3040/52/5 3039/54/5 3548/318/5 3547/317/5
f 3039/54/5 3095/31/5 3545/316/5 3548/318/5
f 3094/32/5 3093/34/5 3550/91/5 3549/96/5
f 3093/34/5 3041/33/5 3551/92/5 3550/91/5
f 3041/33/5 3040/52/5 3552/95/5 3551/92/5
f 3040/52/5 3094/32/5 3549/96/5 3552/95/5
f 3093/34/5 3092/22/5 3554/319/5 3553/320/5
f 3092/22/5 3042/21/5 3555/319/5 3554/319/5
f 3042/21/5 3041/33/5 3556/321/5 3555/319/5
f 3041/33/5 3093/34/5 3553/320/5 3556/321/5
f 3566/307/5 3565/306/5 3568/308/5 3567/309/5
f 3574/314/5 3573/99/5 3576/97/5 3575/98/5
f 3582/96/5 3581/91/5 3584/92/5 3583/95/5
f 3537/311/2 3538/310/2 3569/310/2 3570/311/2
f 3551/92/1 3552/95/1 3583/95/1 3584/92/1
f 3531/9/1 3532/93/1 3563/93/1 3564/9/1
f 3540/313/6 3537/311/6 3570/311/6 3571/313/6
f 3538/310/3 3539/312/3 3572/312/3 3569/310/3
f 3545/316/2 3546/315/2 3577/315/2 3578/316/2
f 3525/303/2 3526/302/2 3557/302/2 3558/303/2
f 3539/312/1 3540/313/1 3571/313/1 3572/312/1
f 3548/318/6 3545/316/6 3578/316/6 3579/318/6
f 3528/305/6 3525/303/6 3558/303/6 3559/305/6
f 3546/315/3 3547/317/3 3580/317/3 3577/315/3
f 3526/302/3 3527/304/3 3560/304/3 3557/302/3
f 3553/320/2 3554/319/2 3585/319/2 3586/320/2
f 3533/307/2 3534/306/2 3565/306/2 3566/307/2
f 3547/317/1 3548/318/1 3579/318/1 3580/317/1
f 3527/304/1 3528/305/1 3559/305/1 3560/304/1
f 3556/321/6 3553/320/6 3586/320/6 3587/321/6
f 3536/309/6 3533/307/6 3566/307/6 3567/309/6
f 3554/319/3 3555/319/3 3588/319/3 3585/319/3
f 3534/306/3 3535/308/3 3568/308/3 3565/306/3
f 3541/314/2 3542/99/2 3573/99/2 3574/314/2
f 3555/319/1 3556/321/1 3587/321/1 3588/319/1
f 3535/308/1 3536/309/1 3567/309/1 3568/308/1
f 3544/98/6 3541/314/6 3574/314/6 3575/98/6
f 3922/1/1 3620/2/1 3592/3/1 3714/4/1
f 3733/5/2 3597/6/2 3605/6/2 3769/7/2
f 4128/8/3 4129/9/3 4162/9/3 4159/8/3
f 4054/12/5 4051/12/5 4092/12/5 4093/12/5
f 3951/13/2 3952/14/2 3991/14/2 3992/13/2
f 3867/15/2 3750/4/2 3600/3/2 3648/16/2
f 3742/17/2 3599/18/2 3607/18/2 3778/19/2
f 3633/20/1 3595/18/1 3603/18/1 3661/20/1
f 3640/21/1 3593/6/1 3601/6/1 3668/22/1
f 3668/22/5 3601/6/5 3605/6/5 3682/22/5
f 3661/20/4 3603/18/4 3607/18/4 3675/20/4
f 3768/4/3 3604/3/3 3608/3/3 3786/4/3
f 3759/23/6 3602/24/6 3606/24/6 3777/23/6
f 3732/4/1 3596/3/1 3604/3/1 3768/4/1
f 3648/16/2 3600/3/2 3608/3/2 3676/25/2
f 3723/23/1 3594/24/1 3602/24/1 3759/23/1
f 3641/26/2 3598/24/2 3606/24/2 3669/26/2
f 3705/23/6 3589/24/6 3612/24/6 3787/23/6
f 3714/4/3 3592/3/3 3610/3/3 3796/4/3
f 3619/20/4 3590/18/4 3611/18/4 3683/27/4
f 3626/21/5 3591/6/5 3609/6/5 3690/22/5
f 3592/3/5 3620/2/5 3696/2/5 3610/3/5
f 3620/2/5 3621/28/5 3695/28/5 3696/2/5
f 3621/28/5 3622/29/5 3694/30/5 3695/28/5
f 3622/29/5 3623/31/5 3693/31/5 3694/30/5
f 3623/31/5 3624/32/5 3692/32/5 3693/31/5
f 3624/32/5 3625/33/5 3691/34/5 3692/32/5
f 3625/33/5 3626/21/5 3690/22/5 3691/34/5
f 3589/24/4 3613/26/4 3689/35/4 3612/24/4
f 3613/26/4 3614/36/4 3688/36/4 3689/35/4
f 3614/36/4 3615/37/4 3687/38/4 3688/36/4
f 3615/37/4 3616/39/4 3686/40/4 3687/38/4
f 3616/39/4 3617/41/4 3685/42/4 3686/40/4
f 3617/41/4 3618/43/4 3684/43/4 3685/42/4
f 3618/43/4 3619/20/4 3683/27/4 3684/43/4
f 3599/18/2 3647/44/2 3675/20/2 3607/18/2
f 3647/44/2 3646/43/2 3674/45/2 3675/20/2
f 3646/43/2 3645/41/2 3673/41/2 3674/45/2
f 3645/41/2 3644/46/2 3672/39/2 3673/41/2
f 3644/46/2 3643/38/2 3671/47/2 3672/39/2
f 3643/38/2 3642/48/2 3670/48/2 3671/47/2
f 3642/48/2 3641/26/2 3669/26/2 3670/48/2
f 3597/6/2 3654/49/2 3682/22/2 3605/6/2
f 3654/49/2 3653/50/2 3681/34/2 3682/22/2
f 3653/50/2 3652/51/2 3680/52/2 3681/34/2
f 3652/51/2 3651/53/2 3679/54/2 3680/52/2
f 3651/53/2 3650/55/2 3678/56/2 3679/54/2
f 3650/55/2 3649/28/2 3677/28/2 3678/56/2
f 3649/28/2 3648/16/2 3676/25/2 3677/28/2
f 3602/24/4 3655/26/4 3669/26/4 3606/24/4
f 3655/26/4 3656/48/4 3670/48/4 3669/26/4
f 3656/48/4 3657/37/4 3671/47/4 3670/48/4
f 3657/37/4 3658/57/4 3672/39/4 3671/47/4
f 3658/57/4 3659/41/4 3673/41/4 3672/39/4
f 3659/41/4 3660/43/4 3674/45/4 3673/41/4
f 3660/43/4 3661/20/4 3675/20/4 3674/45/4
f 3604/3/5 3662/58/5 3676/25/5 3608/3/5
f 3662/58/5 3663/28/5 3677/28/5 3676/25/5
f 3663/28/5 3664/56/5 3678/56/5 3677/28/5
f 3664/56/5 3665/53/5 3679/54/5 3678/56/5
f 3665/53/5 3666/52/5 3680/52/5 3679/54/5
f 3666/52/5 3667/33/5 3681/34/5 3680/52/5
f 3667/33/5 3668/22/5 3682/22/5 3681/34/5
f 3596/3/1 3634/58/1 3662/58/1 3604/3/1
f 3634/58/1 3635/59/1 3663/28/1 3662/58/1
f 3635/59/1 3636/56/1 3664/56/1 3663/28/1
f 3636/56/1 3637/54/1 3665/53/1 3664/56/1
f 3637/54/1 3638/52/1 3666/52/1 3665/53/1
f 3638/52/1 3639/33/1 3667/33/1 3666/52/1
f 3639/33/1 3640/21/1 3668/22/1 3667/33/1
f 3594/24/1 3627/26/1 3655/26/1 3602/24/1
f 3627/26/1 3628/36/1 3656/48/1 3655/26/1
f 3628/36/1 3629/37/1 3657/37/1 3656/48/1
f 3629/37/1 3630/39/1 3658/57/1 3657/37/1
f 3630/39/1 3631/41/1 3659/41/1 3658/57/1
f 3631/41/1 3632/43/1 3660/43/1 3659/41/1
f 3632/43/1 3633/20/1 3661/20/1 3660/43/1
f 3733/5/2 3813/60/2 3654/49/2 3597/6/2
f 3813/60/2 3822/61/2 3653/50/2 3654/49/2
f 3822/61/2 3831/62/2 3652/51/2 3653/50/2
f 3831/62/2 3840/63/2 3651/53/2 3652/51/2
f 3840/63/2 3849/64/2 3650/55/2 3651/53/2
f 3849/64/2 3858/65/2 3649/28/2 3650/55/2
f 3858/65/2 3867/15/2 3648/16/2 3649/28/2
f 4023/73/4 4024/74/4 4025/75/4 4026/76/4
f 4035/85/4 4036/86/4 4037/87/4 4038/85/4
f 4148/91/3 4149/92/3 4182/92/3 4179/91/3
f 4130/93/6 4127/94/6 4160/94/6 4161/93/6
f 4150/95/6 4147/96/6 4180/96/6 4181/95/6
f 4141/97/1 4142/98/1 4173/98/1 4174/97/1
f 4127/94/2 4128/8/2 4159/8/2 4160/94/2
f 4147/96/2 4148/91/2 4179/91/2 4180/96/2
f 4140/99/3 4141/97/3 4174/97/3 4171/99/3
f 3697/5/1 3591/6/1 3626/21/1 3868/100/1
f 3868/100/1 3626/21/1 3625/33/1 3877/101/1
f 3877/101/1 3625/33/1 3624/32/1 3886/102/1
f 3886/102/1 3624/32/1 3623/31/1 3895/103/1
f 3895/103/1 3623/31/1 3622/29/1 3904/104/1
f 3904/104/1 3622/29/1 3621/28/1 3913/105/1
f 3913/105/1 3621/28/1 3620/2/1 3922/1/1
f 3618/43/1 3921/106/1 3930/107/1 3619/20/1
f 3921/106/1 3920/108/1 3929/109/1 3930/107/1
f 3920/108/1 3919/110/1 3928/111/1 3929/109/1
f 3919/110/1 3918/112/1 3927/113/1 3928/111/1
f 3918/112/1 3917/114/1 3926/115/1 3927/113/1
f 3917/114/1 3916/116/1 3925/117/1 3926/115/1
f 3916/116/1 3915/118/1 3924/119/1 3925/117/1
f 3915/118/1 3914/120/1 3923/121/1 3924/119/1
f 3914/120/1 3913/105/1 3922/1/1 3923/121/1
f 3617/41/1 3912/122/1 3921/106/1 3618/43/1
f 3912/122/1 3911/123/1 3920/108/1 3921/106/1
f 3911/123/1 3910/124/1 3919/110/1 3920/108/1
f 3910/124/1 3909/125/1 3918/112/1 3919/110/1
f 3909/125/1 3908/126/1 3917/114/1 3918/112/1
f 3908/126/1 3907/127/1 3916/116/1 3917/114/1
f 3907/127/1 3906/128/1 3915/118/1 3916/116/1
f 3906/128/1 3905/129/1 3914/120/1 3915/118/1
f 3905/129/1 3904/104/1 3913/105/1 3914/120/1
f 3616/39/1 3903/130/1 3912/122/1 3617/41/1
f 3903/130/1 3902/131/1 3911/123/1 3912/122/1
f 3902/131/1 3901/132/1 3910/124/1 3911/123/1
f 3901/132/1 3900/133/1 3909/125/1 3910/124/1
f 3900/133/1 3899/134/1 3908/126/1 3909/125/1
f 3899/134/1 3898/135/1 3907/127/1 3908/126/1
f 3898/135/1 3897/136/1 3906/128/1 3907/127/1
f 3897/136/1 3896/137/1 3905/129/1 3906/128/1
f 3896/137/1 3895/103/1 3904/104/1 3905/129/1
f 3615/37/1 3894/138/1 3903/130/1 3616/39/1
f 3894/138/1 3893/139/1 3902/131/1 3903/130/1
f 3893/139/1 3892/140/1 3901/132/1 3902/131/1
f 3892/140/1 3891/141/1 3900/133/1 3901/132/1
f 3891/141/1 3890/142/1 3899/134/1 3900/133/1
f 3890/142/1 3889/143/1 3898/135/1 3899/134/1
f 3889/143/1 3888/144/1 3897/136/1 3898/135/1
f 3888/144/1 3887/145/1 3896/137/1 3897/136/1
f 3887/145/1 3886/102/1 3895/103/1 3896/137/1
f 3614/36/1 3885/146/1 3894/138/1 3615/37/1
f 3885/146/1 3884/147/1 3893/139/1 3894/138/1
f 3884/147/1 3883/148/1 3892/140/1 3893/139/1
f 3883/148/1 3882/149/1 3891/141/1 3892/140/1
f 3882/149/1 3881/150/1 3890/142/1 3891/141/1
f 3881/150/1 3880/151/1 3889/143/1 3890/142/1
f 3880/151/1 3879/152/1 3888/144/1 3889/143/1
f 3879/152/1 3878/153/1 3887/145/1 3888/144/1
f 3878/153/1 3877/101/1 3886/102/1 3887/145/1
f 3613/26/1 3876/154/1 3885/146/1 3614/36/1
f 3876/154/1 3875/155/1 3884/147/1 3885/146/1
f 3875/155/1 3874/156/1 3883/148/1 3884/147/1
f 3874/156/1 3873/157/1 3882/149/1 3883/148/1
f 3873/157/1 3872/158/1 3881/150/1 3882/149/1
f 3872/158/1 3871/159/1 3880/151/1 3881/150/1
f 3871/159/1 3870/160/1 3879/152/1 3880/151/1
f 3870/160/1 3869/161/1 3878/153/1 3879/152/1
f 3869/161/1 3868/100/1 3877/101/1 3878/153/1
f 3589/24/1 3705/23/1 3876/154/1 3613/26/1
f 3705/23/1 3704/162/1 3875/155/1 3876/154/1
f 3704/162/1 3703/163/1 3874/156/1 3875/155/1
f 3703/163/1 3702/164/1 3873/157/1 3874/156/1
f 3702/164/1 3701/165/1 3872/158/1 3873/157/1
f 3701/165/1 3700/166/1 3871/159/1 3872/158/1
f 3700/166/1 3699/167/1 3870/160/1 3871/159/1
f 3699/167/1 3698/168/1 3869/161/1 3870/160/1
f 3698/168/1 3697/5/1 3868/100/1 3869/161/1
f 3646/43/2 3647/44/2 3859/169/2 3850/170/2
f 3850/170/2 3859/169/2 3860/171/2 3851/172/2
f 3851/172/2 3860/171/2 3861/173/2 3852/174/2
f 3852/174/2 3861/173/2 3862/175/2 3853/176/2
f 3853/176/2 3862/175/2 3863/177/2 3854/114/2
f 3854/114/2 3863/177/2 3864/178/2 3855/179/2
f 3855/179/2 3864/178/2 3865/180/2 3856/181/2
f 3856/181/2 3865/180/2 3866/182/2 3857/183/2
f 3857/183/2 3866/182/2 3867/15/2 3858/65/2
f 3645/41/2 3646/43/2 3850/170/2 3841/184/2
f 3841/184/2 3850/170/2 3851/172/2 3842/185/2
f 3842/185/2 3851/172/2 3852/174/2 3843/186/2
f 3843/186/2 3852/174/2 3853/176/2 3844/187/2
f 3844/187/2 3853/176/2 3854/114/2 3845/188/2
f 3845/188/2 3854/114/2 3855/179/2 3846/189/2
f 3846/189/2 3855/179/2 3856/181/2 3847/190/2
f 3847/190/2 3856/181/2 3857/183/2 3848/191/2
f 3848/191/2 3857/183/2 3858/65/2 3849/64/2
f 3644/46/2 3645/41/2 3841/184/2 3832/192/2
f 3832/192/2 3841/184/2 3842/185/2 3833/193/2
f 3833/193/2 3842/185/2 3843/186/2 3834/194/2
f 3834/194/2 3843/186/2 3844/187/2 3835/195/2
f 3835/195/2 3844/187/2 3845/188/2 3836/196/2
f 3836/196/2 3845/188/2 3846/189/2 3837/197/2
f 3837/197/2 3846/189/2 3847/190/2 3838/198/2
f 3838/198/2 3847/190/2 3848/191/2 3839/199/2
f 3839/199/2 3848/191/2 3849/64/2 3840/63/2
f 3643/38/2 3644/46/2 3832/192/2 3823/200/2
f 3823/200/2 3832/192/2 3833/193/2 3824/201/2
f 3824/201/2 3833/193/2 3834/194/2 3825/202/2
f 3825/202/2 3834/194/2 3835/195/2 3826/203/2
f 3826/203/2 3835/195/2 3836/196/2 3827/204/2
f 3827/204/2 3836/196/2 3837/197/2 3828/205/2
f 3828/205/2 3837/197/2 3838/198/2 3829/206/2
f 3829/206/2 3838/198/2 3839/199/2 3830/207/2
f 3830/207/2 3839/199/2 3840/63/2 3831/62/2
f 3642/48/2 3643/38/2 3823/200/2 3814/208/2
f 3814/208/2 3823/200/2 3824/201/2 3815/209/2
f 3815/209/2 3824/201/2 3825/202/2 3816/210/2
f 3816/210/2 3825/202/2 3826/203/2 3817/211/2
f 3817/211/2 3826/203/2 3827/204/2 3818/212/2
f 3818/212/2 3827/204/2 3828/205/2 3819/213/2
f 3819/213/2 3828/205/2 3829/206/2 3820/214/2
f 3820/214/2 3829/206/2 3830/207/2 3821/215/2
f 3821/215/2 3830/207/2 3831/62/2 3822/61/2
f 3641/26/2 3642/48/2 3814/208/2 3805/154/2
f 3805/154/2 3814/208/2 3815/209/2 3806/216/2
f 3806/216/2 3815/209/2 3816/210/2 3807/217/2
f 3807/217/2 3816/210/2 3817/211/2 3808/218/2
f 3808/218/2 3817/211/2 3818/212/2 3809/219/2
f 3809/219/2 3818/212/2 3819/213/2 3810/220/2
f 3810/220/2 3819/213/2 3820/214/2 3811/221/2
f 3811/221/2 3820/214/2 3821/215/2 3812/222/2
f 3812/222/2 3821/215/2 3822/61/2 3813/60/2
f 3598/24/2 3641/26/2 3805/154/2 3741/23/2
f 3741/23/2 3805/154/2 3806/216/2 3740/162/2
f 3740/162/2 3806/216/2 3807/217/2 3739/163/2
f 3739/163/2 3807/217/2 3808/218/2 3738/164/2
f 3738/164/2 3808/218/2 3809/219/2 3737/165/2
f 3737/165/2 3809/219/2 3810/220/2 3736/166/2
f 3736/166/2 3810/220/2 3811/221/2 3735/223/2
f 3735/223/2 3811/221/2 3812/222/2 3734/168/2
f 3734/168/2 3812/222/2 3813/60/2 3733/5/2
f 3590/18/3 3706/17/3 3804/17/3 3611/18/3
f 3706/17/3 3707/224/3 3803/224/3 3804/17/3
f 3707/224/3 3708/225/3 3802/225/3 3803/224/3
f 3708/225/3 3709/226/3 3801/227/3 3802/225/3
f 3709/226/3 3710/228/3 3800/228/3 3801/227/3
f 3710/228/3 3711/229/3 3799/229/3 3800/228/3
f 3711/229/3 3712/230/3 3798/231/3 3799/229/3
f 3712/230/3 3713/232/3 3797/232/3 3798/231/3
f 3713/232/3 3714/4/3 3796/4/3 3797/232/3
f 3591/6/6 3697/5/6 3795/5/6 3609/6/6
f 3697/5/6 3698/168/6 3794/168/6 3795/5/6
f 3698/168/6 3699/167/6 3793/223/6 3794/168/6
f 3699/167/6 3700/166/6 3792/166/6 3793/223/6
f 3700/166/6 3701/165/6 3791/165/6 3792/166/6
f 3701/165/6 3702/164/6 3790/233/6 3791/165/6
f 3702/164/6 3703/163/6 3789/163/6 3790/233/6
f 3703/163/6 3704/162/6 3788/162/6 3789/163/6
f 3704/162/6 3705/23/6 3787/23/6 3788/162/6
f 3593/6/1 3715/5/1 3751/5/1 3601/6/1
f 3715/5/1 3716/168/1 3752/168/1 3751/5/1
f 3716/168/1 3717/223/1 3753/234/1 3752/168/1
f 3717/223/1 3718/166/1 3754/235/1 3753/234/1
f 3718/166/1 3719/165/1 3755/165/1 3754/235/1
f 3719/165/1 3720/164/1 3756/233/1 3755/165/1
f 3720/164/1 3721/163/1 3757/163/1 3756/233/1
f 3721/163/1 3722/236/1 3758/162/1 3757/163/1
f 3722/236/1 3723/23/1 3759/23/1 3758/162/1
f 3595/18/1 3724/17/1 3760/237/1 3603/18/1
f 3724/17/1 3725/224/1 3761/224/1 3760/237/1
f 3725/224/1 3726/225/1 3762/238/1 3761/224/1
f 3726/225/1 3727/226/1 3763/227/1 3762/238/1
f 3727/226/1 3728/228/1 3764/228/1 3763/227/1
f 3728/228/1 3729/229/1 3765/239/1 3764/228/1
f 3729/229/1 3730/230/1 3766/240/1 3765/239/1
f 3730/230/1 3731/241/1 3767/232/1 3766/240/1
f 3731/241/1 3732/4/1 3768/4/1 3767/232/1
f 3601/6/6 3751/5/6 3769/7/6 3605/6/6
f 3751/5/6 3752/168/6 3770/168/6 3769/7/6
f 3752/168/6 3753/234/6 3771/234/6 3770/168/6
f 3753/234/6 3754/235/6 3772/235/6 3771/234/6
f 3754/235/6 3755/165/6 3773/165/6 3772/235/6
f 3755/165/6 3756/233/6 3774/233/6 3773/165/6
f 3756/233/6 3757/163/6 3775/163/6 3774/233/6
f 3757/163/6 3758/162/6 3776/162/6 3775/163/6
f 3758/162/6 3759/23/6 3777/23/6 3776/162/6
f 3603/18/3 3760/237/3 3778/19/3 3607/18/3
f 3760/237/3 3761/224/3 3779/224/3 3778/19/3
f 3761/224/3 3762/238/3 3780/238/3 3779/224/3
f 3762/238/3 3763/227/3 3781/227/3 3780/238/3
f 3763/227/3 3764/228/3 3782/228/3 3781/227/3
f 3764/228/3 3765/239/3 3783/229/3 3782/228/3
f 3765/239/3 3766/240/3 3784/240/3 3783/229/3
f 3766/240/3 3767/232/3 3785/232/3 3784/240/3
f 3767/232/3 3768/4/3 3786/4/3 3785/232/3
f 3600/3/2 3750/4/2 3786/4/2 3608/3/2
f 3750/4/2 3749/232/2 3785/232/2 3786/4/2
f 3749/232/2 3748/230/2 3784/240/2 3785/232/2
f 3748/230/2 3747/239/2 3783/229/2 3784/240/2
f 3747/239/2 3746/228/2 3782/228/2 3783/229/2
f 3746/228/2 3745/226/2 3781/227/2 3782/228/2
f 3745/226/2 3744/242/2 3780/238/2 3781/227/2
f 3744/242/2 3743/224/2 3779/224/2 3780/238/2
f 3743/224/2 3742/17/2 3778/19/2 3779/224/2
f 3647/44/2 3599/18/2 3742/17/2 3859/169/2
f 3859/169/2 3742/17/2 3743/224/2 3860/171/2
f 3860/171/2 3743/224/2 3744/242/2 3861/173/2
f 3861/173/2 3744/242/2 3745/226/2 3862/175/2
f 3862/175/2 3745/226/2 3746/228/2 3863/177/2
f 3863/177/2 3746/228/2 3747/239/2 3864/178/2
f 3864/178/2 3747/239/2 3748/230/2 3865/180/2
f 3865/180/2 3748/230/2 3749/232/2 3866/182/2
f 3866/182/2 3749/232/2 3750/4/2 3867/15/2
f 3944/243/5 3945/243/5 3986/243/5 3983/243/5
f 3964/244/5 3965/244/5 4006/244/5 4003/244/5
f 3946/245/4 3943/245/4 3984/245/4 3985/245/4
f 3966/246/4 3963/247/4 4004/247/4 4005/246/4
f 3937/248/1 3938/249/1 3977/249/1 3978/248/1
f 3957/250/1 3958/251/1 3997/251/1 3998/250/1
f 3943/245/2 3944/243/2 3983/243/2 3984/245/2
f 3963/247/2 3964/244/2 4003/244/2 4004/247/2
f 3936/248/5 3937/248/5 3978/248/5 3975/248/5
f 4074/252/5 4071/253/5 4112/253/5 4113/252/5
f 4045/254/1 4046/255/1 4085/255/1 4086/254/1
f 4065/256/1 4066/257/1 4105/257/1 4106/256/1
f 4051/12/2 4052/258/2 4091/258/2 4092/12/2
f 4071/253/2 4072/259/2 4111/259/2 4112/253/2
f 4044/260/4 4045/254/4 4086/254/4 4083/260/4
f 4064/261/4 4065/256/4 4106/256/4 4103/261/4
f 4046/255/5 4043/255/5 4084/255/5 4085/255/5
f 4066/257/5 4063/257/5 4104/257/5 4105/257/5
f 3598/24/2 3741/23/2 3777/23/2 3606/24/2
f 3741/23/2 3740/162/2 3776/162/2 3777/23/2
f 3740/162/2 3739/163/2 3775/163/2 3776/162/2
f 3739/163/2 3738/164/2 3774/233/2 3775/163/2
f 3738/164/2 3737/165/2 3773/165/2 3774/233/2
f 3737/165/2 3736/166/2 3772/235/2 3773/165/2
f 3736/166/2 3735/223/2 3771/234/2 3772/235/2
f 3735/223/2 3734/168/2 3770/168/2 3771/234/2
f 3734/168/2 3733/5/2 3769/7/2 3770/168/2
f 3619/20/1 3930/107/1 3706/17/1 3590/18/1
f 3930/107/1 3929/109/1 3707/224/1 3706/17/1
f 3929/109/1 3928/111/1 3708/225/1 3707/224/1
f 3928/111/1 3927/113/1 3709/226/1 3708/225/1
f 3927/113/1 3926/115/1 3710/228/1 3709/226/1
f 3926/115/1 3925/117/1 3711/229/1 3710/228/1
f 3925/117/1 3924/119/1 3712/230/1 3711/229/1
f 3924/119/1 3923/121/1 3713/232/1 3712/230/1
f 3923/121/1 3922/1/1 3714/4/1 3713/232/1
f 3787/23/6 3612/24/6 3932/262/6 3931/263/6
f 3612/24/6 3594/24/6 3933/262/6 3932/262/6
f 3594/24/6 3723/23/6 3934/263/6 3933/262/6
f 3723/23/6 3787/23/6 3931/263/6 3934/263/6
f 3609/6/6 3795/5/6 3936/248/6 3935/264/6
f 3795/5/6 3715/5/6 3937/248/6 3936/248/6
f 3715/5/6 3593/6/6 3938/249/6 3937/248/6
f 3593/6/6 3609/6/6 3935/264/6 3938/249/6
f 3795/5/6 3794/168/6 3940/265/6 3939/266/6
f 3794/168/6 3716/168/6 3941/265/6 3940/265/6
f 3716/168/6 3715/5/6 3942/266/6 3941/265/6
f 3715/5/6 3795/5/6 3939/266/6 3942/266/6
f 3794/168/6 3793/223/6 3944/243/6 3943/245/6
f 3793/223/6 3717/223/6 3945/243/6 3944/243/6
f 3717/223/6 3716/168/6 3946/245/6 3945/243/6
f 3716/168/6 3794/168/6 3943/245/6 3946/245/6
f 3793/223/6 3792/166/6 3948/267/6 3947/268/6
f 3792/166/6 3718/166/6 3949/267/6 3948/267/6
f 3718/166/6 3717/223/6 3950/268/6 3949/267/6
f 3717/223/6 3793/223/6 3947/268/6 3950/268/6
f 3792/166/6 3791/165/6 3952/14/6 3951/13/6
f 3791/165/6 3719/165/6 3953/14/6 3952/14/6
f 3719/165/6 3718/166/6 3954/269/6 3953/14/6
f 3718/166/6 3792/166/6 3951/13/6 3954/269/6
f 3791/165/6 3790/233/6 3956/270/6 3955/271/6
f 3790/233/6 3720/164/6 3957/250/6 3956/270/6
f 3720/164/6 3719/165/6 3958/251/6 3957/250/6
f 3719/165/6 3791/165/6 3955/271/6 3958/251/6
f 3790/233/6 3789/163/6 3960/272/6 3959/273/6
f 3789/163/6 3721/163/6 3961/272/6 3960/272/6
f 3721/163/6 3720/164/6 3962/274/6 3961/272/6
f 3720/164/6 3790/233/6 3959/273/6 3962/274/6
f 3789/163/6 3788/162/6 3964/244/6 3963/247/6
f 3788/162/6 3722/236/6 3965/244/6 3964/244/6
f 3722/236/6 3721/163/6 3966/246/6 3965/244/6
f 3721/163/6 3789/163/6 3963/247/6 3966/246/6
f 3788/162/6 3787/23/6 3968/275/6 3967/276/6
f 3787/23/6 3723/23/6 3969/277/6 3968/275/6
f 3723/23/6 3722/236/6 3970/278/6 3969/277/6
f 3722/236/6 3788/162/6 3967/276/6 3970/278/6
f 3980/266/6 3979/265/6 3982/265/6 3981/266/6
f 3992/13/6 3991/14/6 3994/14/6 3993/269/6
f 4004/247/6 4003/244/6 4006/244/6 4005/246/6
f 4008/276/6 4007/275/6 4010/277/6 4009/278/6
f 3965/244/1 3966/246/1 4005/246/1 4006/244/1
f 3931/263/2 3932/262/2 3971/262/2 3972/263/2
f 3945/243/1 3946/245/1 3985/245/1 3986/243/1
f 3954/269/4 3951/13/4 3992/13/4 3993/269/4
f 3934/263/4 3931/263/4 3972/263/4 3973/263/4
f 3952/14/5 3953/14/5 3994/14/5 3991/14/5
f 3932/262/5 3933/262/5 3974/262/5 3971/262/5
f 3959/273/2 3960/272/2 3999/272/2 4000/273/2
f 3939/266/2 3940/265/2 3979/265/2 3980/266/2
f 3953/14/1 3954/269/1 3993/269/1 3994/14/1
f 3933/262/1 3934/263/1 3973/263/1 3974/262/1
f 3962/274/4 3959/273/4 4000/273/4 4001/274/4
f 3942/266/4 3939/266/4 3980/266/4 3981/266/4
f 3960/272/5 3961/272/5 4002/272/5 3999/272/5
f 3940/265/5 3941/265/5 3982/265/5 3979/265/5
f 3967/276/2 3968/275/2 4007/275/2 4008/276/2
f 3947/268/2 3948/267/2 3987/267/2 3988/268/2
f 3961/272/1 3962/274/1 4001/274/1 4002/272/1
f 3941/265/1 3942/266/1 3981/266/1 3982/265/1
f 3970/278/4 3967/276/4 4008/276/4 4009/278/4
f 3950/268/4 3947/268/4 3988/268/4 3989/268/4
f 3968/275/5 3969/277/5 4010/277/5 4007/275/5
f 3948/267/5 3949/267/5 3990/267/5 3987/267/5
f 3955/271/2 3956/270/2 3995/270/2 3996/271/2
f 3969/277/1 3970/278/1 4009/278/1 4010/277/1
f 3935/264/2 3936/248/2 3975/248/2 3976/264/2
f 3949/267/1 3950/268/1 3989/268/1 3990/267/1
f 3958/251/4 3955/271/4 3996/271/4 3997/251/4
f 3938/249/4 3935/264/4 3976/264/4 3977/249/4
f 3956/270/5 3957/250/5 3998/250/5 3995/270/5
f 3683/27/4 3611/18/4 4012/11/4 4011/10/4
f 3611/18/4 3595/18/4 4013/11/4 4012/11/4
f 3595/18/4 3633/20/4 4014/10/4 4013/11/4
f 3633/20/4 3683/27/4 4011/10/4 4014/10/4
f 3612/24/4 3689/35/4 4016/67/4 4015/66/4
f 3689/35/4 3627/26/4 4017/68/4 4016/67/4
f 3627/26/4 3594/24/4 4018/69/4 4017/68/4
f 3594/24/4 3612/24/4 4015/66/4 4018/69/4
f 3689/35/4 3688/36/4 4020/71/4 4019/70/4
f 3688/36/4 3628/36/4 4021/72/4 4020/71/4
f 3628/36/4 3627/26/4 4022/70/4 4021/72/4
f 3627/26/4 3689/35/4 4019/70/4 4022/70/4
f 3688/36/4 3687/38/4 4024/74/4 4023/73/4
f 3687/38/4 3629/37/4 4025/75/4 4024/74/4
f 3629/37/4 3628/36/4 4026/76/4 4025/75/4
f 3628/36/4 3688/36/4 4023/73/4 4026/76/4
f 3687/38/4 3686/40/4 4028/78/4 4027/77/4
f 3686/40/4 3630/39/4 4029/79/4 4028/78/4
f 3630/39/4 3629/37/4 4030/80/4 4029/79/4
f 3629/37/4 3687/38/4 4027/77/4 4030/80/4
f 3686/40/4 3685/42/4 4032/82/4 4031/81/4
f 3685/42/4 3631/41/4 4033/83/4 4032/82/4
f 3631/41/4 3630/39/4 4034/84/4 4033/83/4
f 3630/39/4 3686/40/4 4031/81/4 4034/84/4
f 3685/42/4 3684/43/4 4036/86/4 4035/85/4
f 3684/43/4 3632/43/4 4037/87/4 4036/86/4
f 3632/43/4 3631/41/4 4038/85/4 4037/87/4
f 3631/41/4 3685/42/4 4035/85/4 4038/85/4
f 3684/43/4 3683/27/4 4040/89/4 4039/88/4
f 3683/27/4 3633/20/4 4041/89/4 4040/89/4
f 3633/20/4 3632/43/4 4042/90/4 4041/89/4
f 3632/43/4 3684/43/4 4039/88/4 4042/90/4
f 3796/4/3 3610/3/3 4044/260/3 4043/255/3
f 3610/3/3 3596/3/3 4045/254/3 4044/260/3
f 3596/3/3 3732/4/3 4046/255/3 4045/254/3
f 3732/4/3 3796/4/3 4043/255/3 4046/255/3
f 3611/18/3 3804/17/3 4048/279/3 4047/280/3
f 3804/17/3 3724/17/3 4049/281/3 4048/279/3
f 3724/17/3 3595/18/3 4050/282/3 4049/281/3
f 3595/18/3 3611/18/3 4047/280/3 4050/282/3
f 3804/17/3 3803/224/3 4052/258/3 4051/12/3
f 3803/224/3 3725/224/3 4053/283/3 4052/258/3
f 3725/224/3 3724/17/3 4054/12/3 4053/283/3
f 3724/17/3 3804/17/3 4051/12/3 4054/12/3
f 3803/224/3 3802/225/3 4056/284/3 4055/285/3
f 3802/225/3 3726/225/3 4057/286/3 4056/284/3
f 3726/225/3 3725/224/3 4058/287/3 4057/286/3
f 3725/224/3 3803/224/3 4055/285/3 4058/287/3
f 3802/225/3 3801/227/3 4060/288/3 4059/289/3
f 3801/227/3 3727/226/3 4061/290/3 4060/288/3
f 3727/226/3 3726/225/3 4062/289/3 4061/290/3
f 3726/225/3 3802/225/3 4059/289/3 4062/289/3
f 3801/227/3 3800/228/3 4064/261/3 4063/257/3
f 3800/228/3 3728/228/3 4065/256/3 4064/261/3
f 3728/228/3 3727/226/3 4066/257/3 4065/256/3
f 3727/226/3 3801/227/3 4063/257/3 4066/257/3
f 3800/228/3 3799/229/3 4068/291/3 4067/292/3
f 3799/229/3 3729/229/3 4069/293/3 4068/291/3
f 3729/229/3 3728/228/3 4070/294/3 4069/293/3
f 3728/228/3 3800/228/3 4067/292/3 4070/294/3
f 3799/229/3 3798/231/3 4072/259/3 4071/253/3
f 3798/231/3 3730/230/3 4073/295/3 4072/259/3
f 3730/230/3 3729/229/3 4074/252/3 4073/295/3
f 3729/229/3 3799/229/3 4071/253/3 4074/252/3
f 3798/231/3 3797/232/3 4076/296/3 4075/297/3
f 3797/232/3 3731/241/3 4077/298/3 4076/296/3
f 3731/241/3 3730/230/3 4078/297/3 4077/298/3
f 3730/230/3 3798/231/3 4075/297/3 4078/297/3
f 3797/232/3 3796/4/3 4080/299/3 4079/300/3
f 3796/4/3 3732/4/3 4081/301/3 4080/299/3
f 3732/4/3 3731/241/3 4082/300/3 4081/301/3
f 3731/241/3 3797/232/3 4079/300/3 4082/300/3
f 4092/12/3 4091/258/3 4094/283/3 4093/12/3
f 4100/289/3 4099/288/3 4102/290/3 4101/289/3
f 4108/292/3 4107/291/3 4110/293/3 4109/294/3
f 4116/297/3 4115/296/3 4118/298/3 4117/297/3
f 4072/259/4 4073/295/4 4114/295/4 4111/259/4
f 4052/258/4 4053/283/4 4094/283/4 4091/258/4
f 4079/300/2 4080/299/2 4119/299/2 4120/300/2
f 4059/289/2 4060/288/2 4099/288/2 4100/289/2
f 4073/295/1 4074/252/1 4113/252/1 4114/295/1
f 4053/283/1 4054/12/1 4093/12/1 4094/283/1
f 4082/300/5 4079/300/5 4120/300/5 4121/300/5
f 4062/289/5 4059/289/5 4100/289/5 4101/289/5
f 4080/299/4 4081/301/4 4122/301/4 4119/299/4
f 4060/288/4 4061/290/4 4102/290/4 4099/288/4
f 4067/292/2 4068/291/2 4107/291/2 4108/292/2
f 4081/301/1 4082/300/1 4121/300/1 4122/301/1
f 4047/280/2 4048/279/2 4087/279/2 4088/280/2
f 4061/290/1 4062/289/1 4101/289/1 4102/290/1
f 4070/294/5 4067/292/5 4108/292/5 4109/294/5
f 4050/282/5 4047/280/5 4088/280/5 4089/282/5
f 4068/291/4 4069/293/4 4110/293/4 4107/291/4
f 4048/279/4 4049/281/4 4090/281/4 4087/279/4
f 4075/297/2 4076/296/2 4115/296/2 4116/297/2
f 4055/285/2 4056/284/2 4095/284/2 4096/285/2
f 4069/293/1 4070/294/1 4109/294/1 4110/293/1
f 4049/281/1 4050/282/1 4089/282/1 4090/281/1
f 4078/297/5 4075/297/5 4116/297/5 4117/297/5
f 4058/287/5 4055/285/5 4096/285/5 4097/287/5
f 4076/296/4 4077/298/4 4118/298/4 4115/296/4
f 4056/284/4 4057/286/4 4098/286/4 4095/284/4
f 4063/257/2 4064/261/2 4103/261/2 4104/257/2
f 4077/298/1 4078/297/1 4117/297/1 4118/298/1
f 4043/255/2 4044/260/2 4083/260/2 4084/255/2
f 4057/286/1 4058/287/1 4097/287/1 4098/286/1
f 3690/22/5 3609/6/5 4124/302/5 4123/303/5
f 3609/6/5 3593/6/5 4125/304/5 4124/302/5
f 3593/6/5 3640/21/5 4126/305/5 4125/304/5
f 3640/21/5 3690/22/5 4123/303/5 4126/305/5
f 3610/3/5 3696/2/5 4128/8/5 4127/94/5
f 3696/2/5 3634/58/5 4129/9/5 4128/8/5
f 3634/58/5 3596/3/5 4130/93/5 4129/9/5
f 3596/3/5 3610/3/5 4127/94/5 4130/93/5
f 3696/2/5 3695/28/5 4132/306/5 4131/307/5
f 3695/28/5 3635/59/5 4133/308/5 4132/306/5
f 3635/59/5 3634/58/5 4134/309/5 4133/308/5
f 3634/58/5 3696/2/5 4131/307/5 4134/309/5
f 3695/28/5 3694/30/5 4136/310/5 4135/311/5
f 3694/30/5 3636/56/5 4137/312/5 4136/310/5
f 3636/56/5 3635/59/5 4138/313/5 4137/312/5
f 3635/59/5 3695/28/5 4135/311/5 4138/313/5
f 3694/30/5 3693/31/5 4140/99/5 4139/314/5
f 3693/31/5 3637/54/5 4141/97/5 4140/99/5
f 3637/54/5 3636/56/5 4142/98/5 4141/97/5
f 3636/56/5 3694/30/5 4139/314/5 4142/98/5
f 3693/31/5 3692/32/5 4144/315/5 4143/316/5
f 3692/32/5 3638/52/5 4145/317/5 4144/315/5
f 3638/52/5 3637/54/5 4146/318/5 4145/317/5
f 3637/54/5 3693/31/5 4143/316/5 4146/318/5
f 3692/32/5 3691/34/5 4148/91/5 4147/96/5
f 3691/34/5 3639/33/5 4149/92/5 4148/91/5
f 3639/33/5 3638/52/5 4150/95/5 4149/92/5
f 3638/52/5 3692/32/5 4147/96/5 4150/95/5
f 3691/34/5 3690/22/5 4152/319/5 4151/320/5
f 3690/22/5 3640/21/5 4153/319/5 4152/319/5
f 3640/21/5 3639/33/5 4154/321/5 4153/319/5
f 3639/33/5 3691/34/5 4151/320/5 4154/321/5
f 4164/307/5 4163/306/5 4166/308/5 4165/309/5
f 4172/314/5 4171/99/5 4174/97/5 4173/98/5
f 4180/96/5 4179/91/5 4182/92/5 4181/95/5
f 4135/311/2 4136/310/2 4167/310/2 4168/311/2
f 4149/92/1 4150/95/1 4181/95/1 4182/92/1
f 4129/9/1 4130/93/1 4161/93/1 4162/9/1
f 4138/313/6 4135/311/6 4168/311/6 4169/313/6
f 4136/310/3 4137/312/3 4170/312/3 4167/310/3
f 4143/316/2 4144/315/2 4175/315/2 4176/316/2
f 4123/303/2 4124/302/2 4155/302/2 4156/303/2
f 4137/312/1 4138/313/1 4169/313/1 4170/312/1
f 4146/318/6 4143/316/6 4176/316/6 4177/318/6
f 4126/305/6 4123/303/6 4156/303/6 4157/305/6
f 4144/315/3 4145/317/3 4178/317/3 4175/315/3
f 4124/302/3 4125/304/3 4158/304/3 4155/302/3
f 4151/320/2 4152/319/2 4183/319/2 4184/320/2
f 4131/307/2 4132/306/2 4163/306/2 4164/307/2
f 4145/317/1 4146/318/1 4177/318/1 4178/317/1
f 4125/304/1 4126/305/1 4157/305/1 4158/304/1
f 4154/321/6 4151/320/6 4184/320/6 4185/321/6
f 4134/309/6 4131/307/6 4164/307/6 4165/309/6
f 4152/319/3 4153/319/3 4186/319/3 4183/319/3
f 4132/306/3 4133/308/3 4166/308/3 4163/306/3
f 4139/314/2 4140/99/2 4171/99/2 4172/314/2
f 4153/319/1 4154/321/1 4185/321/1 4186/319/1
f 4133/308/1 4134/309/1 4165/309/1 4166/308/1
f 4142/98/6 4139/314/6 4172/314/6 4173/98/6
f 4520/1/1 4218/2/1 4190/3/1 4312/4/1
f 4331/5/2 4195/6/2 4203/6/2 4367/7/2
f 4726/8/3 4727/9/3 4760/9/3 4757/8/3
f 4652/12/5 4649/12/5 4690/12/5 4691/12/5
f 4549/13/2 4550/14/2 4589/14/2 4590/13/2
f 4465/15/2 4348/4/2 4198/3/2 4246/16/2
f 4340/17/2 4197/18/2 4205/18/2 4376/19/2
f 4231/20/1 4193/18/1 4201/18/1 4259/20/1
f 4238/21/1 4191/6/1 4199/6/1 4266/22/1
f 4266/22/5 4199/6/5 4203/6/5 4280/22/5
f 4259/20/4 4201/18/4 4205/18/4 4273/20/4
f 4366/4/3 4202/3/3 4206/3/3 4384/4/3
f 4357/23/6 4200/24/6 4204/24/6 4375/23/6
f 4330/4/1 4194/3/1 4202/3/1 4366/4/1
f 4246/16/2 4198/3/2 4206/3/2 4274/25/2
f 4321/23/1 4192/24/1 4200/24/1 4357/23/1
f 4239/26/2 4196/24/2 4204/24/2 4267/26/2
f 4303/23/6 4187/24/6 4210/24/6 4385/23/6
f 4312/4/3 4190/3/3 4208/3/3 4394/4/3
f 4217/20/4 4188/18/4 4209/18/4 4281/27/4
f 4224/21/5 4189/6/5 4207/6/5 4288/22/5
f 4190/3/5 4218/2/5 4294/2/5 4208/3/5
f 4218/2/5 4219/28/5 4293/28/5 4294/2/5
f 4219/28/5 4220/29/5 4292/30/5 4293/28/5
f 4220/29/5 4221/31/5 4291/31/5 4292/30/5
f 4221/31/5 4222/32/5 4290/32/5 4291/31/5
f 4222/32/5 4223/33/5 4289/34/5 4290/32/5
f 4223/33/5 4224/21/5 4288/22/5 4289/34/5
f 4187/24/4 4211/26/4 4287/35/4 4210/24/4
f 4211/26/4 4212/36/4 4286/36/4 4287/35/4
f 4212/36/4 4213/37/4 4285/38/4 4286/36/4
f 4213/37/4 4214/39/4 4284/40/4 4285/38/4
f 4214/39/4 4215/41/4 4283/42/4 4284/40/4
f 4215/41/4 4216/43/4 4282/43/4 4283/42/4
f 4216/43/4 4217/20/4 4281/27/4 4282/43/4
f 4197/18/2 4245/44/2 4273/20/2 4205/18/2
f 4245/44/2 4244/43/2 4272/45/2 4273/20/2
f 4244/43/2 4243/41/2 4271/41/2 4272/45/2
f 4243/41/2 4242/46/2 4270/39/2 4271/41/2
f 4242/46/2 4241/38/2 4269/47/2 4270/39/2
f 4241/38/2 4240/48/2 4268/48/2 4269/47/2
f 4240/48/2 4239/26/2 4267/26/2 4268/48/2
f 4195/6/2 4252/49/2 4280/22/2 4203/6/2
f 4252/49/2 4251/50/2 4279/34/2 4280/22/2
f 4251/50/2 4250/51/2 4278/52/2 4279/34/2
f 4250/51/2 4249/53/2 4277/54/2 4278/52/2
f 4249/53/2 4248/55/2 4276/56/2 4277/54/2
f 4248/55/2 4247/28/2 4275/28/2 4276/56/2
f 4247/28/2 4246/16/2 4274/25/2 4275/28/2
f 4200/24/4 4253/26/4 4267/26/4 4204/24/4
f 4253/26/4 4254/48/4 4268/48/4 4267/26/4
f 4254/48/4 4255/37/4 4269/47/4 4268/48/4
f 4255/37/4 4256/57/4 4270/39/4 4269/47/4
f 4256/57/4 4257/41/4 4271/41/4 4270/39/4
f 4257/41/4 4258/43/4 4272/45/4 4271/41/4
f 4258/43/4 4259/20/4 4273/20/4 4272/45/4
f 4202/3/5 4260/58/5 4274/25/5 4206/3/5
f 4260/58/5 4261/28/5 4275/28/5 4274/25/5
f 4261/28/5 4262/56/5 4276/56/5 4275/28/5
f 4262/56/5 4263/53/5 4277/54/5 4276/56/5
f 4263/53/5 4264/52/5 4278/52/5 4277/54/5
f 4264/52/5 4265/33/5 4279/34/5 4278/52/5
f 4265/33/5 4266/22/5 4280/22/5 4279/34/5
f 4194/3/1 4232/58/1 4260/58/1 4202/3/1
f 4232/58/1 4233/59/1 4261/28/1 4260/58/1
f 4233/59/1 4234/56/1 4262/56/1 4261/28/1
f 4234/56/1 4235/54/1 4263/53/1 4262/56/1
f 4235/54/1 4236/52/1 4264/52/1 4263/53/1
f 4236/52/1 4237/33/1 4265/33/1 4264/52/1
f 4237/33/1 4238/21/1 4266/22/1 4265/33/1
f 4192/24/1 4225/26/1 4253/26/1 4200/24/1
f 4225/26/1 4226/36/1 4254/48/1 4253/26/1
f 4226/36/1 4227/37/1 4255/37/1 4254/48/1
f 4227/37/1 4228/39/1 4256/57/1 4255/37/1
f 4228/39/1 4229/41/1 4257/41/1 4256/57/1
f 4229/41/1 4230/43/1 4258/43/1 4257/41/1
f 4230/43/1 4231/20/1 4259/20/1 4258/43/1
f 4331/5/2 4411/60/2 4252/49/2 4195/6/2
f 4411/60/2 4420/61/2 4251/50/2 4252/49/2
f 4420/61/2 4429/62/2 4250/51/2 4251/50/2
f 4429/62/2 4438/63/2 4249/53/2 4250/51/2
f 4438/63/2 4447/64/2 4248/55/2 4249/53/2
f 4447/64/2 4456/65/2 4247/28/2 4248/55/2
f 4456/65/2 4465/15/2 4246/16/2 4247/28/2
f 4621/73/4 4622/74/4 4623/75/4 4624/76/4
f 4633/85/4 4634/86/4 4635/87/4 4636/85/4
f 4746/91/3 4747/92/3 4780/92/3 4777/91/3
f 4728/93/6 4725/94/6 4758/94/6 4759/93/6
f 4748/95/6 4745/96/6 4778/96/6 4779/95/6
f 4739/97/1 4740/98/1 4771/98/1 4772/97/1
f 4725/94/2 4726/8/2 4757/8/2 4758/94/2
f 4745/96/2 4746/91/2 4777/91/2 4778/96/2
f 4738/99/3 4739/97/3 4772/97/3 4769/99/3
f 4295/5/1 4189/6/1 4224/21/1 4466/100/1
f 4466/100/1 4224/21/1 4223/33/1 4475/101/1
f 4475/101/1 4223/33/1 4222/32/1 4484/102/1
f 4484/102/1 4222/32/1 4221/31/1 4493/103/1
f 4493/103/1 4221/31/1 4220/29/1 4502/104/1
f 4502/104/1 4220/29/1 4219/28/1 4511/105/1
f 4511/105/1 4219/28/1 4218/2/1 4520/1/1
f 4216/43/1 4519/106/1 4528/107/1 4217/20/1
f 4519/106/1 4518/108/1 4527/109/1 4528/107/1
f 4518/108/1 4517/110/1 4526/111/1 4527/109/1
f 4517/110/1 4516/112/1 4525/113/1 4526/111/1
f 4516/112/1 4515/114/1 4524/115/1 4525/113/1
f 4515/114/1 4514/116/1 4523/117/1 4524/115/1
f 4514/116/1 4513/118/1 4522/119/1 4523/117/1
f 4513/118/1 4512/120/1 4521/121/1 4522/119/1
f 4512/120/1 4511/105/1 4520/1/1 4521/121/1
f 4215/41/1 4510/122/1 4519/106/1 4216/43/1
f 4510/122/1 4509/123/1 4518/108/1 4519/106/1
f 4509/123/1 4508/124/1 4517/110/1 4518/108/1
f 4508/124/1 4507/125/1 4516/112/1 4517/110/1
f 4507/125/1 4506/126/1 4515/114/1 4516/112/1
f 4506/126/1 4505/127/1 4514/116/1 4515/114/1
f 4505/127/1 4504/128/1 4513/118/1 4514/116/1
f 4504/128/1 4503/129/1 4512/120/1 4513/118/1
f 4503/129/1 4502/104/1 4511/105/1 4512/120/1
f 4214/39/1 4501/130/1 4510/122/1 4215/41/1
f 4501/130/1 4500/131/1 4509/123/1 4510/122/1
f 4500/131/1 4499/132/1 4508/124/1 4509/123/1
f 4499/132/1 4498/133/1 4507/125/1 4508/124/1
f 4498/133/1 4497/134/1 4506/126/1 4507/125/1
f 4497/134/1 4496/135/1 4505/127/1 4506/126/1
f 4496/135/1 4495/136/1 4504/128/1 4505/127/1
f 4495/136/1 4494/137/1 4503/129/1 4504/128/1
f 4494/137/1 4493/103/1 4502/104/1 4503/129/1
f 4213/37/1 4492/138/1 4501/130/1 4214/39/1
f 4492/138/1 4491/139/1 4500/131/1 4501/130/1
f 4491/139/1 4490/140/1 4499/132/1 4500/131/1
f 4490/140/1 4489/141/1 4498/133/1 4499/132/1
f 4489/141/1 4488/142/1 4497/134/1 4498/133/1
f 4488/142/1 4487/143/1 4496/135/1 4497/134/1
f 4487/143/1 4486/144/1 4495/136/1 4496/135/1
f 4486/144/1 4485/145/1 4494/137/1 4495/136/1
f 4485/145/1 4484/102/1 4493/103/1 4494/137/1
f 4212/36/1 4483/146/1 4492/138/1 4213/37/1
f 4483/146/1 4482/147/1 4491/139/1 4492/138/1
f 4482/147/1 4481/148/1 4490/140/1 4491/139/1
f 4481/148/1 4480/149/1 4489/141/1 4490/140/1
f 4480/149/1 4479/150/1 4488/142/1 4489/141/1
f 4479/150/1 4478/151/1 4487/143/1 4488/142/1
f 4478/151/1 4477/152/1 4486/144/1 4487/143/1
f 4477/152/1 4476/153/1 4485/145/1 4486/144/1
f 4476/153/1 4475/101/1 4484/102/1 4485/145/1
f 4211/26/1 4474/154/1 4483/146/1 4212/36/1
f 4474/154/1 4473/155/1 4482/147/1 4483/146/1
f 4473/155/1 4472/156/1 4481/148/1 4482/147/1
f 4472/156/1 4471/157/1 4480/149/1 4481/148/1
f 4471/157/1 4470/158/1 4479/150/1 4480/149/1
f 4470/158/1 4469/159/1 4478/151/1 4479/150/1
f 4469/159/1 4468/160/1 4477/152/1 4478/151/1
f 4468/160/1 4467/161/1 4476/153/1 4477/152/1
f 4467/161/1 4466/100/1 4475/101/1 4476/153/1
f 4187/24/1 4303/23/1 4474/154/1 4211/26/1
f 4303/23/1 4302/162/1 4473/155/1 4474/154/1
f 4302/162/1 4301/163/1 4472/156/1 4473/155/1
f 4301/163/1 4300/164/1 4471/157/1 4472/156/1
f 4300/164/1 4299/165/1 4470/158/1 4471/157/1
f 4299/165/1 4298/166/1 4469/159/1 4470/158/1
f 4298/166/1 4297/167/1 4468/160/1 4469/159/1
f 4297/167/1 4296/168/1 4467/161/1 4468/160/1
f 4296/168/1 4295/5/1 4466/100/1 4467/161/1
f 4244/43/2 4245/44/2 4457/169/2 4448/170/2
f 4448/170/2 4457/169/2 4458/171/2 4449/172/2
f 4449/172/2 4458/171/2 4459/173/2 4450/174/2
f 4450/174/2 4459/173/2 4460/175/2 4451/176/2
f 4451/176/2 4460/175/2 4461/177/2 4452/114/2
f 4452/114/2 4461/177/2 4462/178/2 4453/179/2
f 4453/179/2 4462/178/2 4463/180/2 4454/181/2
f 4454/181/2 4463/180/2 4464/182/2 4455/183/2
f 4455/183/2 4464/182/2 4465/15/2 4456/65/2
f 4243/41/2 4244/43/2 4448/170/2 4439/184/2
f 4439/184/2 4448/170/2 4449/172/2 4440/185/2
f 4440/185/2 4449/172/2 4450/174/2 4441/186/2
f 4441/186/2 4450/174/2 4451/176/2 4442/187/2
f 4442/187/2 4451/176/2 4452/114/2 4443/188/2
f 4443/188/2 4452/114/2 4453/179/2 4444/189/2
f 4444/189/2 4453/179/2 4454/181/2 4445/190/2
f 4445/190/2 4454/181/2 4455/183/2 4446/191/2
f 4446/191/2 4455/183/2 4456/65/2 4447/64/2
f 4242/46/2 4243/41/2 4439/184/2 4430/192/2
f 4430/192/2 4439/184/2 4440/185/2 4431/193/2
f 4431/193/2 4440/185/2 4441/186/2 4432/194/2
f 4432/194/2 4441/186/2 4442/187/2 4433/195/2
f 4433/195/2 4442/187/2 4443/188/2 4434/196/2
f 4434/196/2 4443/188/2 4444/189/2 4435/197/2
f 4435/197/2 4444/189/2 4445/190/2 4436/198/2
f 4436/198/2 4445/190/2 4446/191/2 4437/199/2
f 4437/199/2 4446/191/2 4447/64/2 4438/63/2
f 4241/38/2 4242/46/2 4430/192/2 4421/200/2
f 4421/200/2 4430/192/2 4431/193/2 4422/201/2
f 4422/201/2 4431/193/2 4432/194/2 4423/202/2
f 4423/202/2 4432/194/2 4433/195/2 4424/203/2
f 4424/203/2 4433/195/2 4434/196/2 4425/204/2
f 4425/204/2 4434/196/2 4435/197/2 4426/205/2
f 4426/205/2 4435/197/2 4436/198/2 4427/206/2
f 4427/206/2 4436/198/2 4437/199/2 4428/207/2
f 4428/207/2 4437/199/2 4438/63/2 4429/62/2
f 4240/48/2 4241/38/2 4421/200/2 4412/208/2
f 4412/208/2 4421/200/2 4422/201/2 4413/209/2
f 4413/209/2 4422/201/2 4423/202/2 4414/210/2
f 4414/210/2 4423/202/2 4424/203/2 4415/211/2
f 4415/211/2 4424/203/2 4425/204/2 4416/212/2
f 4416/212/2 4425/204/2 4426/205/2 4417/213/2
f 4417/213/2 4426/205/2 4427/206/2 4418/214/2
f 4418/214/2 4427/206/2 4428/207/2 4419/215/2
f 4419/215/2 4428/207/2 4429/62/2 4420/61/2
f 4239/26/2 4240/48/2 4412/208/2 4403/154/2
f 4403/154/2 4412/208/2 4413/209/2 4404/216/2
f 4404/216/2 4413/209/2 4414/210/2 4405/217/2
f 4405/217/2 4414/210/2 4415/211/2 4406/218/2
f 4406/218/2 4415/211/2 4416/212/2 4407/219/2
f 4407/219/2 4416/212/2 4417/213/2 4408/220/2
f 4408/220/2 4417/213/2 4418/214/2 4409/221/2
f 4409/221/2 4418/214/2 4419/215/2 4410/222/2
f 4410/222/2 4419/215/2 4420/61/2 4411/60/2
f 4196/24/2 4239/26/2 4403/154/2 4339/23/2
f 4339/23/2 4403/154/2 4404/216/2 4338/162/2
f 4338/162/2 4404/216/2 4405/217/2 4337/163/2
f 4337/163/2 4405/217/2 4406/218/2 4336/164/2
f 4336/164/2 4406/218/2 4407/219/2 4335/165/2
f 4335/165/2 4407/219/2 4408/220/2 4334/166/2
f 4334/166/2 4408/220/2 4409/221/2 4333/223/2
f 4333/223/2 4409/221/2 4410/222/2 4332/168/2
f 4332/168/2 4410/222/2 4411/60/2 4331/5/2
f 4188/18/3 4304/17/3 4402/17/3 4209/18/3
f 4304/17/3 4305/224/3 4401/224/3 4402/17/3
f 4305/224/3 4306/225/3 4400/225/3 4401/224/3
f 4306/225/3 4307/226/3 4399/227/3 4400/225/3
f 4307/226/3 4308/228/3 4398/228/3 4399/227/3
f 4308/228/3 4309/229/3 4397/229/3 4398/228/3
f 4309/229/3 4310/230/3 4396/231/3 4397/229/3
f 4310/230/3 4311/232/3 4395/232/3 4396/231/3
f 4311/232/3 4312/4/3 4394/4/3 4395/232/3
f 4189/6/6 4295/5/6 4393/5/6 4207/6/6
f 4295/5/6 4296/168/6 4392/168/6 4393/5/6
f 4296/168/6 4297/167/6 4391/223/6 4392/168/6
f 4297/167/6 4298/166/6 4390/166/6 4391/223/6
f 4298/166/6 4299/165/6 4389/165/6 4390/166/6
f 4299/165/6 4300/164/6 4388/233/6 4389/165/6
f 4300/164/6 4301/163/6 4387/163/6 4388/233/6
f 4301/163/6 4302/162/6 4386/162/6 4387/163/6
f 4302/162/6 4303/23/6 4385/23/6 4386/162/6
f 4191/6/1 4313/5/1 4349/5/1 4199/6/1
f 4313/5/1 4314/168/1 4350/168/1 4349/5/1
f 4314/168/1 4315/223/1 4351/234/1 4350/168/1
f 4315/223/1 4316/166/1 4352/235/1 4351/234/1
f 4316/166/1 4317/165/1 4353/165/1 4352/235/1
f 4317/165/1 4318/164/1 4354/233/1 4353/165/1
f 4318/164/1 4319/163/1 4355/163/1 4354/233/1
f 4319/163/1 4320/236/1 4356/162/1 4355/163/1
f 4320/236/1 4321/23/1 4357/23/1 4356/162/1
f 4193/18/1 4322/17/1 4358/237/1 4201/18/1
f 4322/17/1 4323/224/1 4359/224/1 4358/237/1
f 4323/224/1 4324/225/1 4360/238/1 4359/224/1
f 4324/225/1 4325/226/1 4361/227/1 4360/238/1
f 4325/226/1 4326/228/1 4362/228/1 4361/227/1
f 4326/228/1 4327/229/1 4363/239/1 4362/228/1
f 4327/229/1 4328/230/1 4364/240/1 4363/239/1
f 4328/230/1 4329/241/1 4365/232/1 4364/240/1
f 4329/241/1 4330/4/1 4366/4/1 4365/232/1
f 4199/6/6 4349/5/6 4367/7/6 4203/6/6
f 4349/5/6 4350/168/6 4368/168/6 4367/7/6
f 4350/168/6 4351/234/6 4369/234/6 4368/168/6
f 4351/234/6 4352/235/6 4370/235/6 4369/234/6
f 4352/235/6 4353/165/6 4371/165/6 4370/235/6
f 4353/165/6 4354/233/6 4372/233/6 4371/165/6
f 4354/233/6 4355/163/6 4373/163/6 4372/233/6
f 4355/163/6 4356/162/6 4374/162/6 4373/163/6
f 4356/162/6 4357/23/6 4375/23/6 4374/162/6
f 4201/18/3 4358/237/3 4376/19/3 4205/18/3
f 4358/237/3 4359/224/3 4377/224/3 4376/19/3
f 4359/224/3 4360/238/3 4378/238/3 4377/224/3
f 4360/238/3 4361/227/3 4379/227/3 4378/238/3
f 4361/227/3 4362/228/3 4380/228/3 4379/227/3
f 4362/228/3 4363/239/3 4381/229/3 4380/228/3
f 4363/239/3 4364/240/3 4382/240/3 4381/229/3
f 4364/240/3 4365/232/3 4383/232/3 4382/240/3
f 4365/232/3 4366/4/3 4384/4/3 4383/232/3
f 4198/3/2 4348/4/2 4384/4/2 4206/3/2
f 4348/4/2 4347/232/2 4383/232/2 4384/4/2
f 4347/232/2 4346/230/2 4382/240/2 4383/232/2
f 4346/230/2 4345/239/2 4381/229/2 4382/240/2
f 4345/239/2 4344/228/2 4380/228/2 4381/229/2
f 4344/228/2 4343/226/2 4379/227/2 4380/228/2
f 4343/226/2 4342/242/2 4378/238/2 4379/227/2
f 4342/242/2 4341/224/2 4377/224/2 4378/238/2
f 4341/224/2 4340/17/2 4376/19/2 4377/224/2
f 4245/44/2 4197/18/2 4340/17/2 4457/169/2
f 4457/169/2 4340/17/2 4341/224/2 4458/171/2
f 4458/171/2 4341/224/2 4342/242/2 4459/173/2
f 4459/173/2 4342/242/2 4343/226/2 4460/175/2
f 4460/175/2 4343/226/2 4344/228/2 4461/177/2
f 4461/177/2 4344/228/2 4345/239/2 4462/178/2
f 4462/178/2 4345/239/2 4346/230/2 4463/180/2
f 4463/180/2 4346/230/2 4347/232/2 4464/182/2
f 4464/182/2 4347/232/2 4348/4/2 4465/15/2
f 4542/243/5 4543/243/5 4584/243/5 4581/243/5
f 4562/244/5 4563/244/5 4604/244/5 4601/244/5
f 4544/245/4 4541/245/4 4582/245/4 4583/245/4
f 4564/246/4 4561/247/4 4602/247/4 4603/246/4
f 4535/248/1 4536/249/1 4575/249/1 4576/248/1
f 4555/250/1 4556/251/1 4595/251/1 4596/250/1
f 4541/245/2 4542/243/2 4581/243/2 4582/245/2
f 4561/247/2 4562/244/2 4601/244/2 4602/247/2
f 4534/248/5 4535/248/5 4576/248/5 4573/248/5
f 4672/252/5 4669/253/5 4710/253/5 4711/252/5
f 4643/254/1 4644/255/1 4683/255/1 4684/254/1
f 4663/256/1 4664/257/1 4703/257/1 4704/256/1
f 4649/12/2 4650/258/2 4689/258/2 4690/12/2
f 4669/253/2 4670/259/2 4709/259/2 4710/253/2
f 4642/260/4 4643/254/4 4684/254/4 4681/260/4
f 4662/261/4 4663/256/4 4704/256/4 4701/261/4
f 4644/255/5 4641/255/5 4682/255/5 4683/255/5
f 4664/257/5 4661/257/5 4702/257/5 4703/257/5
f 4196/24/2 4339/23/2 4375/23/2 4204/24/2
f 4339/23/2 4338/162/2 4374/162/2 4375/23/2
f 4338/162/2 4337/163/2 4373/163/2 4374/162/2
f 4337/163/2 4336/164/2 4372/233/2 4373/163/2
f 4336/164/2 4335/165/2 4371/165/2 4372/233/2
f 4335/165/2 4334/166/2 4370/235/2 4371/165/2
f 4334/166/2 4333/223/2 4369/234/2 4370/235/2
f 4333/223/2 4332/168/2 4368/168/2 4369/234/2
f 4332/168/2 4331/5/2 4367/7/2 4368/168/2
f 4217/20/1 4528/107/1 4304/17/1 4188/18/1
f 4528/107/1 4527/109/1 4305/224/1 4304/17/1
f 4527/109/1 4526/111/1 4306/225/1 4305/224/1
f 4526/111/1 4525/113/1 4307/226/1 4306/225/1
f 4525/113/1 4524/115/1 4308/228/1 4307/226/1
f 4524/115/1 4523/117/1 4309/229/1 4308/228/1
f 4523/117/1 4522/119/1 4310/230/1 4309/229/1
f 4522/119/1 4521/121/1 4311/232/1 4310/230/1
f 4521/121/1 4520/1/1 4312/4/1 4311/232/1
f 4385/23/6 4210/24/6 4530/262/6 4529/263/6
f 4210/24/6 4192/24/6 4531/262/6 4530/262/6
f 4192/24/6 4321/23/6 4532/263/6 4531/262/6
f 4321/23/6 4385/23/6 4529/263/6 4532/263/6
f 4207/6/6 4393/5/6 4534/248/6 4533/264/6
f 4393/5/6 4313/5/6 4535/248/6 4534/248/6
f 4313/5/6 4191/6/6 4536/249/6 4535/248/6
f 4191/6/6 4207/6/6 4533/264/6 4536/249/6
f 4393/5/6 4392/168/6 4538/265/6 4537/266/6
f 4392/168/6 4314/168/6 4539/265/6 4538/265/6
f 4314/168/6 4313/5/6 4540/266/6 4539/265/6
f 4313/5/6 4393/5/6 4537/266/6 4540/266/6
f 4392/168/6 4391/223/6 4542/243/6 4541/245/6
f 4391/223/6 4315/223/6 4543/243/6 4542/243/6
f 4315/223/6 4314/168/6 4544/245/6 4543/243/6
f 4314/168/6 4392/168/6 4541/245/6 4544/245/6
f 4391/223/6 4390/166/6 4546/267/6 4545/268/6
f 4390/166/6 4316/166/6 4547/267/6 4546/267/6
f 4316/166/6 4315/223/6 4548/268/6 4547/267/6
f 4315/223/6 4391/223/6 4545/268/6 4548/268/6
f 4390/166/6 4389/165/6 4550/14/6 4549/13/6
f 4389/165/6 4317/165/6 4551/14/6 4550/14/6
f 4317/165/6 4316/166/6 4552/269/6 4551/14/6
f 4316/166/6 4390/166/6 4549/13/6 4552/269/6
f 4389/165/6 4388/233/6 4554/270/6 4553/271/6
f 4388/233/6 4318/164/6 4555/250/6 4554/270/6
f 4318/164/6 4317/165/6 4556/251/6 4555/250/6
f 4317/165/6 4389/165/6 4553/271/6 4556/251/6
f 4388/233/6 4387/163/6 4558/272/6 4557/273/6
f 4387/163/6 4319/163/6 4559/272/6 4558/272/6
f 4319/163/6 4318/164/6 4560/274/6 4559/272/6
f 4318/164/6 4388/233/6 4557/273/6 4560/274/6
f 4387/163/6 4386/162/6 4562/244/6 4561/247/6
f 4386/162/6 4320/236/6 4563/244/6 4562/244/6
f 4320/236/6 4319/163/6 4564/246/6 4563/244/6
f 4319/163/6 4387/163/6 4561/247/6 4564/246/6
f 4386/162/6 4385/23/6 4566/275/6 4565/276/6
f 4385/23/6 4321/23/6 4567/277/6 4566/275/6
f 4321/23/6 4320/236/6 4568/278/6 4567/277/6
f 4320/236/6 4386/162/6 4565/276/6 4568/278/6
f 4578/266/6 4577/265/6 4580/265/6 4579/266/6
f 4590/13/6 4589/14/6 4592/14/6 4591/269/6
f 4602/247/6 4601/244/6 4604/244/6 4603/246/6
f 4606/276/6 4605/275/6 4608/277/6 4607/278/6
f 4563/244/1 4564/246/1 4603/246/1 4604/244/1
f 4529/263/2 4530/262/2 4569/262/2 4570/263/2
f 4543/243/1 4544/245/1 4583/245/1 4584/243/1
f 4552/269/4 4549/13/4 4590/13/4 4591/269/4
f 4532/263/4 4529/263/4 4570/263/4 4571/263/4
f 4550/14/5 4551/14/5 4592/14/5 4589/14/5
f 4530/262/5 4531/262/5 4572/262/5 4569/262/5
f 4557/273/2 4558/272/2 4597/272/2 4598/273/2
f 4537/266/2 4538/265/2 4577/265/2 4578/266/2
f 4551/14/1 4552/269/1 4591/269/1 4592/14/1
f 4531/262/1 4532/263/1 4571/263/1 4572/262/1
f 4560/274/4 4557/273/4 4598/273/4 4599/274/4
f 4540/266/4 4537/266/4 4578/266/4 4579/266/4
f 4558/272/5 4559/272/5 4600/272/5 4597/272/5
f 4538/265/5 4539/265/5 4580/265/5 4577/265/5
f 4565/276/2 4566/275/2 4605/275/2 4606/276/2
f 4545/268/2 4546/267/2 4585/267/2 4586/268/2
f 4559/272/1 4560/274/1 4599/274/1 4600/272/1
f 4539/265/1 4540/266/1 4579/266/1 4580/265/1
f 4568/278/4 4565/276/4 4606/276/4 4607/278/4
f 4548/268/4 4545/268/4 4586/268/4 4587/268/4
f 4566/275/5 4567/277/5 4608/277/5 4605/275/5
f 4546/267/5 4547/267/5 4588/267/5 4585/267/5
f 4553/271/2 4554/270/2 4593/270/2 4594/271/2
f 4567/277/1 4568/278/1 4607/278/1 4608/277/1
f 4533/264/2 4534/248/2 4573/248/2 4574/264/2
f 4547/267/1 4548/268/1 4587/268/1 4588/267/1
f 4556/251/4 4553/271/4 4594/271/4 4595/251/4
f 4536/249/4 4533/264/4 4574/264/4 4575/249/4
f 4554/270/5 4555/250/5 4596/250/5 4593/270/5
f 4281/27/4 4209/18/4 4610/11/4 4609/10/4
f 4209/18/4 4193/18/4 4611/11/4 4610/11/4
f 4193/18/4 4231/20/4 4612/10/4 4611/11/4
f 4231/20/4 4281/27/4 4609/10/4 4612/10/4
f 4210/24/4 4287/35/4 4614/67/4 4613/66/4
f 4287/35/4 4225/26/4 4615/68/4 4614/67/4
f 4225/26/4 4192/24/4 4616/69/4 4615/68/4
f 4192/24/4 4210/24/4 4613/66/4 4616/69/4
f 4287/35/4 4286/36/4 4618/71/4 4617/70/4
f 4286/36/4 4226/36/4 4619/72/4 4618/71/4
f 4226/36/4 4225/26/4 4620/70/4 4619/72/4
f 4225/26/4 4287/35/4 4617/70/4 4620/70/4
f 4286/36/4 4285/38/4 4622/74/4 4621/73/4
f 4285/38/4 4227/37/4 4623/75/4 4622/74/4
f 4227/37/4 4226/36/4 4624/76/4 4623/75/4
f 4226/36/4 4286/36/4 4621/73/4 4624/76/4
f 4285/38/4 4284/40/4 4626/78/4 4625/77/4
f 4284/40/4 4228/39/4 4627/79/4 4626/78/4
f 4228/39/4 4227/37/4 4628/80/4 4627/79/4
f 4227/37/4 4285/38/4 4625/77/4 4628/80/4
f 4284/40/4 4283/42/4 4630/82/4 4629/81/4
f 4283/42/4 4229/41/4 4631/83/4 4630/82/4
f 4229/41/4 4228/39/4 4632/84/4 4631/83/4
f 4228/39/4 4284/40/4 4629/81/4 4632/84/4
f 4283/42/4 4282/43/4 4634/86/4 4633/85/4
f 4282/43/4 4230/43/4 4635/87/4 4634/86/4
f 4230/43/4 4229/41/4 4636/85/4 4635/87/4
f 4229/41/4 4283/42/4 4633/85/4 4636/85/4
f 4282/43/4 4281/27/4 4638/89/4 4637/88/4
f 4281/27/4 4231/20/4 4639/89/4 4638/89/4
f 4231/20/4 4230/43/4 4640/90/4 4639/89/4
f 4230/43/4 4282/43/4 4637/88/4 4640/90/4
f 4394/4/3 4208/3/3 4642/260/3 4641/255/3
f 4208/3/3 4194/3/3 4643/254/3 4642/260/3
f 4194/3/3 4330/4/3 4644/255/3 4643/254/3
f 4330/4/3 4394/4/3 4641/255/3 4644/255/3
f 4209/18/3 4402/17/3 4646/279/3 4645/280/3
f 4402/17/3 4322/17/3 4647/281/3 4646/279/3
f 4322/17/3 4193/18/3 4648/282/3 4647/281/3
f 4193/18/3 4209/18/3 4645/280/3 4648/282/3
f 4402/17/3 4401/224/3 4650/258/3 4649/12/3
f 4401/224/3 4323/224/3 4651/283/3 4650/258/3
f 4323/224/3 4322/17/3 4652/12/3 4651/283/3
f 4322/17/3 4402/17/3 4649/12/3 4652/12/3
f 4401/224/3 4400/225/3 4654/284/3 4653/285/3
f 4400/225/3 4324/225/3 4655/286/3 4654/284/3
f 4324/225/3 4323/224/3 4656/287/3 4655/286/3
f 4323/224/3 4401/224/3 4653/285/3 4656/287/3
f 4400/225/3 4399/227/3 4658/288/3 4657/289/3
f 4399/227/3 4325/226/3 4659/290/3 4658/288/3
f 4325/226/3 4324/225/3 4660/289/3 4659/290/3
f 4324/225/3 4400/225/3 4657/289/3 4660/289/3
f 4399/227/3 4398/228/3 4662/261/3 4661/257/3
f 4398/228/3 4326/228/3 4663/256/3 4662/261/3
f 4326/228/3 4325/226/3 4664/257/3 4663/256/3
f 4325/226/3 4399/227/3 4661/257/3 4664/257/3
f 4398/228/3 4397/229/3 4666/291/3 4665/292/3
f 4397/229/3 4327/229/3 4667/293/3 4666/291/3
f 4327/229/3 4326/228/3 4668/294/3 4667/293/3
f 4326/228/3 4398/228/3 4665/292/3 4668/294/3
f 4397/229/3 4396/231/3 4670/259/3 4669/253/3
f 4396/231/3 4328/230/3 4671/295/3 4670/259/3
f 4328/230/3 4327/229/3 4672/252/3 4671/295/3
f 4327/229/3 4397/229/3 4669/253/3 4672/252/3
f 4396/231/3 4395/232/3 4674/296/3 4673/297/3
f 4395/232/3 4329/241/3 4675/298/3 4674/296/3
f 4329/241/3 4328/230/3 4676/297/3 4675/298/3
f 4328/230/3 4396/231/3 4673/297/3 4676/297/3
f 4395/232/3 4394/4/3 4678/299/3 4677/300/3
f 4394/4/3 4330/4/3 4679/301/3 4678/299/3
f 4330/4/3 4329/241/3 4680/300/3 4679/301/3
f 4329/241/3 4395/232/3 4677/300/3 4680/300/3
f 4690/12/3 4689/258/3 4692/283/3 4691/12/3
f 4698/289/3 4697/288/3 4700/290/3 4699/289/3
f 4706/292/3 4705/291/3 4708/293/3 4707/294/3
f 4714/297/3 4713/296/3 4716/298/3 4715/297/3
f 4670/259/4 4671/295/4 4712/295/4 4709/259/4
f 4650/258/4 4651/283/4 4692/283/4 4689/258/4
f 4677/300/2 4678/299/2 4717/299/2 4718/300/2
f 4657/289/2 4658/288/2 4697/288/2 4698/289/2
f 4671/295/1 4672/252/1 4711/252/1 4712/295/1
f 4651/283/1 4652/12/1 4691/12/1 4692/283/1
f 4680/300/5 4677/300/5 4718/300/5 4719/300/5
f 4660/289/5 4657/289/5 4698/289/5 4699/289/5
f 4678/299/4 4679/301/4 4720/301/4 4717/299/4
f 4658/288/4 4659/290/4 4700/290/4 4697/288/4
f 4665/292/2 4666/291/2 4705/291/2 4706/292/2
f 4679/301/1 4680/300/1 4719/300/1 4720/301/1
f 4645/280/2 4646/279/2 4685/279/2 4686/280/2
f 4659/290/1 4660/289/1 4699/289/1 4700/290/1
f 4668/294/5 4665/292/5 4706/292/5 4707/294/5
f 4648/282/5 4645/280/5 4686/280/5 4687/282/5
f 4666/291/4 4667/293/4 4708/293/4 4705/291/4
f 4646/279/4 4647/281/4 4688/281/4 4685/279/4
f 4673/297/2 4674/296/2 4713/296/2 4714/297/2
f 4653/285/2 4654/284/2 4693/284/2 4694/285/2
f 4667/293/1 4668/294/1 4707/294/1 4708/293/1
f 4647/281/1 4648/282/1 4687/282/1 4688/281/1
f 4676/297/5 4673/297/5 4714/297/5 4715/297/5
f 4656/287/5 4653/285/5 4694/285/5 4695/287/5
f 4674/296/4 4675/298/4 4716/298/4 4713/296/4
f 4654/284/4 4655/286/4 4696/286/4 4693/284/4
f 4661/257/2 4662/261/2 4701/261/2 4702/257/2
f 4675/298/1 4676/297/1 4715/297/1 4716/298/1
f 4641/255/2 4642/260/2 4681/260/2 4682/255/2
f 4655/286/1 4656/287/1 4695/287/1 4696/286/1
f 4288/22/5 4207/6/5 4722/302/5 4721/303/5
f 4207/6/5 4191/6/5 4723/304/5 4722/302/5
f 4191/6/5 4238/21/5 4724/305/5 4723/304/5
f 4238/21/5 4288/22/5 4721/303/5 4724/305/5
f 4208/3/5 4294/2/5 4726/8/5 4725/94/5
f 4294/2/5 4232/58/5 4727/9/5 4726/8/5
f 4232/58/5 4194/3/5 4728/93/5 4727/9/5
f 4194/3/5 4208/3/5 4725/94/5 4728/93/5
f 4294/2/5 4293/28/5 4730/306/5 4729/307/5
f 4293/28/5 4233/59/5 4731/308/5 4730/306/5
f 4233/59/5 4232/58/5 4732/309/5 4731/308/5
f 4232/58/5 4294/2/5 4729/307/5 4732/309/5
f 4293/28/5 4292/30/5 4734/310/5 4733/311/5
f 4292/30/5 4234/56/5 4735/312/5 4734/310/5
f 4234/56/5 4233/59/5 4736/313/5 4735/312/5
f 4233/59/5 4293/28/5 4733/311/5 4736/313/5
f 4292/30/5 4291/31/5 4738/99/5 4737/314/5
f 4291/31/5 4235/54/5 4739/97/5 4738/99/5
f 4235/54/5 4234/56/5 4740/98/5 4739/97/5
f 4234/56/5 4292/30/5 4737/314/5 4740/98/5
f 4291/31/5 4290/32/5 4742/315/5 4741/316/5
f 4290/32/5 4236/52/5 4743/317/5 4742/315/5
f 4236/52/5 4235/54/5 4744/318/5 4743/317/5
f 4235/54/5 4291/31/5 4741/316/5 4744/318/5
f 4290/32/5 4289/34/5 4746/91/5 4745/96/5
f 4289/34/5 4237/33/5 4747/92/5 4746/91/5
f 4237/33/5 4236/52/5 4748/95/5 4747/92/5
f 4236/52/5 4290/32/5 4745/96/5 4748/95/5
f 4289/34/5 4288/22/5 4750/319/5 4749/320/5
f 4288/22/5 4238/21/5 4751/319/5 4750/319/5
f 4238/21/5 4237/33/5 4752/321/5 4751/319/5
f 4237/33/5 4289/34/5 4749/320/5 4752/321/5
f 4762/307/5 4761/306/5 4764/308/5 4763/309/5
f 4770/314/5 4769/99/5 4772/97/5 4771/98/5
f 4778/96/5 4777/91/5 4780/92/5 4779/95/5
f 4733/311/2 4734/310/2 4765/310/2 4766/311/2
f 4747/92/1 4748/95/1 4779/95/1 4780/92/1
f 4727/9/1 4728/93/1 4759/93/1 4760/9/1
f 4736/313/6 4733/311/6 4766/311/6 4767/313/6
f 4734/310/3 4735/312/3 4768/312/3 4765/310/3
f 4741/316/2 4742/315/2 4773/315/2 4774/316/2
f 4721/303/2 4722/302/2 4753/302/2 4754/303/2
f 4735/312/1 4736/313/1 4767/313/1 4768/312/1
f 4744/318/6 4741/316/6 4774/316/6 4775/318/6
f 4724/305/6 4721/303/6 4754/303/6 4755/305/6
f 4742/315/3 4743/317/3 4776/317/3 4773/315/3
f 4722/302/3 4723/304/3 4756/304/3 4753/302/3
f 4749/320/2 4750/319/2 4781/319/2 4782/320/2
f 4729/307/2 4730/306/2 4761/306/2 4762/307/2
f 4743/317/1 4744/318/1 4775/318/1 4776/317/1
f 4723/304/1 4724/305/1 4755/305/1 4756/304/1
f 4752/321/6 4749/320/6 4782/320/6 4783/321/6
f 4732/309/6 4729/307/6 4762/307/6 4763/309/6
f 4750/319/3 4751/319/3 4784/319/3 4781/319/3
f 4730/306/3 4731/308/3 4764/308/3 4761/306/3
f 4737/314/2 4738/99/2 4769/99/2 4770/314/2
f 4751/319/1 4752/321/1 4783/321/1 4784/319/1
f 4731/308/1 4732/309/1 4763/309/1 4764/308/1
f 4740/98/6 4737/314/6 4770/314/6 4771/98/6
f 5118/1/1 4816/2/1 4788/3/1 4910/4/1
f 4929/5/2 4793/6/2 4801/6/2 4965/7/2
f 5324/8/3 5325/9/3 5358/9/3 5355/8/3
f 5250/12/5 5247/12/5 5288/12/5 5289/12/5
f 5147/13/2 5148/14/2 5187/14/2 5188/13/2
f 5063/15/2 4946/4/2 4796/3/2 4844/16/2
f 4938/17/2 4795/18/2 4803/18/2 4974/19/2
f 4829/20/1 4791/18/1 4799/18/1 4857/20/1
f 4836/21/1 4789/6/1 4797/6/1 4864/22/1
f 4864/22/5 4797/6/5 4801/6/5 4878/22/5
f 4857/20/4 4799/18/4 4803/18/4 4871/20/4
f 4964/4/3 4800/3/3 4804/3/3 4982/4/3
f 4955/23/6 4798/24/6 4802/24/6 4973/23/6
f 4928/4/1 4792/3/1 4800/3/1 4964/4/1
f 4844/16/2 4796/3/2 4804/3/2 4872/25/2
f 4919/23/1 4790/24/1 4798/24/1 4955/23/1
f 4837/26/2 4794/24/2 4802/24/2 4865/26/2
f 4901/23/6 4785/24/6 4808/24/6 4983/23/6
f 4910/4/3 4788/3/3 4806/3/3 4992/4/3
f 4815/20/4 4786/18/4 4807/18/4 4879/27/4
f 4822/21/5 4787/6/5 4805/6/5 4886/22/5
f 4788/3/5 4816/2/5 4892/2/5 4806/3/5
f 4816/2/5 4817/28/5 4891/28/5 4892/2/5
f 4817/28/5 4818/29/5 4890/30/5 4891/28/5
f 4818/29/5 4819/31/5 4889/31/5 4890/30/5
f 4819/31/5 4820/32/5 4888/32/5 4889/31/5
f 4820/32/5 4821/33/5 4887/34/5 4888/32/5
f 4821/33/5 4822/21/5 4886/22/5 4887/34/5
f 4785/24/4 4809/26/4 4885/35/4 4808/24/4
f 4809/26/4 4810/36/4 4884/36/4 4885/35/4
f 4810/36/4 4811/37/4 4883/38/4 4884/36/4
f 4811/37/4 4812/39/4 4882/40/4 4883/38/4
f 4812/39/4 4813/41/4 4881/42/4 4882/40/4
f 4813/41/4 4814/43/4 4880/43/4 4881/42/4
f 4814/43/4 4815/20/4 4879/27/4 4880/43/4
f 4795/18/2 4843/44/2 4871/20/2 4803/18/2
f 4843/44/2 4842/43/2 4870/45/2 4871/20/2
f 4842/43/2 4841/41/2 4869/41/2 4870/45/2
f 4841/41/2 4840/46/2 4868/39/2 4869/41/2
f 4840/46/2 4839/38/2 4867/47/2 4868/39/2
f 4839/38/2 4838/48/2 4866/48/2 4867/47/2
f 4838/48/2 4837/26/2 4865/26/2 4866/48/2
f 4793/6/2 4850/49/2 4878/22/2 4801/6/2
f 4850/49/2 4849/50/2 4877/34/2 4878/22/2
f 4849/50/2 4848/51/2 4876/52/2 4877/34/2
f 4848/51/2 4847/53/2 4875/54/2 4876/52/2
f 4847/53/2 4846/55/2 4874/56/2 4875/54/2
f 4846/55/2 4845/28/2 4873/28/2 4874/56/2
f 4845/28/2 4844/16/2 4872/25/2 4873/28/2
f 4798/24/4 4851/26/4 4865/26/4 4802/24/4
f 4851/26/4 4852/48/4 4866/48/4 4865/26/4
f 4852/48/4 4853/37/4 4867/47/4 4866/48/4
f 4853/37/4 4854/57/4 4868/39/4 4867/47/4
f 4854/57/4 4855/41/4 4869/41/4 4868/39/4
f 4855/41/4 4856/43/4 4870/45/4 4869/41/4
f 4856/43/4 4857/20/4 4871/20/4 4870/45/4
f 4800/3/5 4858/58/5 4872/25/5 4804/3/5
f 4858/58/5 4859/28/5 4873/28/5 4872/25/5
f 4859/28/5 4860/56/5 4874/56/5 4873/28/5
f 4860/56/5 4861/53/5 4875/54/5 4874/56/5
f 4861/53/5 4862/52/5 4876/52/5 4875/54/5
f 4862/52/5 4863/33/5 4877/34/5 4876/52/5
f 4863/33/5 4864/22/5 4878/22/5 4877/34/5
f 4792/3/1 4830/58/1 4858/58/1 4800/3/1
f 4830/58/1 4831/59/1 4859/28/1 4858/58/1
f 4831/59/1 4832/56/1 4860/56/1 4859/28/1
f 4832/56/1 4833/54/1 4861/53/1 4860/56/1
f 4833/54/1 4834/52/1 4862/52/1 4861/53/1
f 4834/52/1 4835/33/1 4863/33/1 4862/52/1
f 4835/33/1 4836/21/1 4864/22/1 4863/33/1
f 4790/24/1 4823/26/1 4851/26/1 4798/24/1
f 4823/26/1 4824/36/1 4852/48/1 4851/26/1
f 4824/36/1 4825/37/1 4853/37/1 4852/48/1
f 4825/37/1 4826/39/1 4854/57/1 4853/37/1
f 4826/39/1 4827/41/1 4855/41/1 4854/57/1
f 4827/41/1 4828/43/1 4856/43/1 4855/41/1
f 4828/43/1 4829/20/1 4857/20/1 4856/43/1
f 4929/5/2 5009/60/2 4850/49/2 4793/6/2
f 5009/60/2 5018/61/2 4849/50/2 4850/49/2
f 5018/61/2 5027/62/2 4848/51/2 4849/50/2
f 5027/62/2 5036/63/2 4847/53/2 4848/51/2
f 5036/63/2 5045/64/2 4846/55/2 4847/53/2
f 5045/64/2 5054/65/2 4845/28/2 4846/55/2
f 5054/65/2 5063/15/2 4844/16/2 4845/28/2
f 5219/73/4 5220/74/4 5221/75/4 5222/76/4
f 5231/85/4 5232/86/4 5233/87/4 5234/85/4
f 5344/91/3 5345/92/3 5378/92/3 5375/91/3
f 5326/93/6 5323/94/6 5356/94/6 5357/93/6
f 5346/95/6 5343/96/6 5376/96/6 5377/95/6
f 5337/97/1 5338/98/1 5369/98/1 5370/97/1
f 5323/94/2 5324/8/2 5355/8/2 5356/94/2
f 5343/96/2 5344/91/2 5375/91/2 5376/96/2
f 5336/99/3 5337/97/3 5370/97/3 5367/99/3
f 4893/5/1 4787/6/1 4822/21/1 5064/100/1
f 5064/100/1 4822/21/1 4821/33/1 5073/101/1
f 5073/101/1 4821/33/1 4820/32/1 5082/102/1
f 5082/102/1 4820/32/1 4819/31/1 5091/103/1
f 5091/103/1 4819/31/1 4818/29/1 5100/104/1
f 5100/104/1 4818/29/1 4817/28/1 5109/105/1
f 5109/105/1 4817/28/1 4816/2/1 5118/1/1
f 4814/43/1 5117/106/1 5126/107/1 4815/20/1
f 5117/106/1 5116/108/1 5125/109/1 5126/107/1
f 5116/108/1 5115/110/1 5124/111/1 5125/109/1
f 5115/110/1 5114/112/1 5123/113/1 5124/111/1
f 5114/112/1 5113/114/1 5122/115/1 5123/113/1
f 5113/114/1 5112/116/1 5121/117/1 5122/115/1
f 5112/116/1 5111/118/1 5120/119/1 5121/117/1
f 5111/118/1 5110/120/1 5119/121/1 5120/119/1
f 5110/120/1 5109/105/1 5118/1/1 5119/121/1
f 4813/41/1 5108/122/1 5117/106/1 4814/43/1
f 5108/122/1 5107/123/1 5116/108/1 5117/106/1
f 5107/123/1 5106/124/1 5115/110/1 5116/108/1
f 5106/124/1 5105/125/1 5114/112/1 5115/110/1
f 5105/125/1 5104/126/1 5113/114/1 5114/112/1
f 5104/126/1 5103/127/1 5112/116/1 5113/114/1
f 5103/127/1 5102/128/1 5111/118/1 5112/116/1
f 5102/128/1 5101/129/1 5110/120/1 5111/118/1
f 5101/129/1 5100/104/1 5109/105/1 5110/120/1
f 4812/39/1 5099/130/1 5108/122/1 4813/41/1
f 5099/130/1 5098/131/1 5107/123/1 5108/122/1
f 5098/131/1 5097/132/1 5106/124/1 5107/123/1
f 5097/132/1 5096/133/1 5105/125/1 5106/124/1
f 5096/133/1 5095/134/1 5104/126/1 5105/125/1
f 5095/134/1 5094/135/1 5103/127/1 5104/126/1
f 5094/135/1 5093/136/1 5102/128/1 5103/127/1
f 5093/136/1 5092/137/1 5101/129/1 5102/128/1
f 5092/137/1 5091/103/1 5100/104/1 5101/129/1
f 4811/37/1 5090/138/1 5099/130/1 4812/39/1
f 5090/138/1 5089/139/1 5098/131/1 5099/130/1
f 5089/139/1 5088/140/1 5097/132/1 5098/131/1
f 5088/140/1 5087/141/1 5096/133/1 5097/132/1
f 5087/141/1 5086/142/1 5095/134/1 5096/133/1
f 5086/142/1 5085/143/1 5094/135/1 5095/134/1
f 5085/143/1 5084/144/1 5093/136/1 5094/135/1
f 5084/144/1 5083/145/1 5092/137/1 5093/136/1
f 5083/145/1 5082/102/1 5091/103/1 5092/137/1
f 4810/36/1 5081/146/1 5090/138/1 4811/37/1
f 5081/146/1 5080/147/1 5089/139/1 5090/138/1
f 5080/147/1 5079/148/1 5088/140/1 5089/139/1
f 5079/148/1 5078/149/1 5087/141/1 5088/140/1
f 5078/149/1 5077/150/1 5086/142/1 5087/141/1
f 5077/150/1 5076/151/1 5085/143/1 5086/142/1
f 5076/151/1 5075/152/1 5084/144/1 5085/143/1
f 5075/152/1 5074/153/1 5083/145/1 5084/144/1
f 5074/153/1 5073/101/1 5082/102/1 5083/145/1
f 4809/26/1 5072/154/1 5081/146/1 4810/36/1
f 5072/154/1 5071/155/1 5080/147/1 5081/146/1
f 5071/155/1 5070/156/1 5079/148/1 5080/147/1
f 5070/156/1 5069/157/1 5078/149/1 5079/148/1
f 5069/157/1 5068/158/1 5077/150/1 5078/149/1
f 5068/158/1 5067/159/1 5076/151/1 5077/150/1
f 5067/159/1 5066/160/1 5075/152/1 5076/151/1
f 5066/160/1 5065/161/1 5074/153/1 5075/152/1
f 5065/161/1 5064/100/1 5073/101/1 5074/153/1
f 4785/24/1 4901/23/1 5072/154/1 4809/26/1
f 4901/23/1 4900/162/1 5071/155/1 5072/154/1
f 4900/162/1 4899/163/1 5070/156/1 5071/155/1
f 4899/163/1 4898/164/1 5069/157/1 5070/156/1
f 4898/164/1 4897/165/1 5068/158/1 5069/157/1
f 4897/165/1 4896/166/1 5067/159/1 5068/158/1
f 4896/166/1 4895/167/1 5066/160/1 5067/159/1
f 4895/167/1 4894/168/1 5065/161/1 5066/160/1
f 4894/168/1 4893/5/1 5064/100/1 5065/161/1
f 4842/43/2 4843/44/2 5055/169/2 5046/170/2
f 5046/170/2 5055/169/2 5056/171/2 5047/172/2
f 5047/172/2 5056/171/2 5057/173/2 5048/174/2
f 5048/174/2 5057/173/2 5058/175/2 5049/176/2
f 5049/176/2 5058/175/2 5059/177/2 5050/114/2
f 5050/114/2 5059/177/2 5060/178/2 5051/179/2
f 5051/179/2 5060/178/2 5061/180/2 5052/181/2
f 5052/181/2 5061/180/2 5062/182/2 5053/183/2
f 5053/183/2 5062/182/2 5063/15/2 5054/65/2
f 4841/41/2 4842/43/2 5046/170/2 5037/184/2
f 5037/184/2 5046/170/2 5047/172/2 5038/185/2
f 5038/185/2 5047/172/2 5048/174/2 5039/186/2
f 5039/186/2 5048/174/2 5049/176/2 5040/187/2
f 5040/187/2 5049/176/2 5050/114/2 5041/188/2
f 5041/188/2 5050/114/2 5051/179/2 5042/189/2
f 5042/189/2 5051/179/2 5052/181/2 5043/190/2
f 5043/190/2 5052/181/2 5053/183/2 5044/191/2
f 5044/191/2 5053/183/2 5054/65/2 5045/64/2
f 4840/46/2 4841/41/2 5037/184/2 5028/192/2
f 5028/192/2 5037/184/2 5038/185/2 5029/193/2
f 5029/193/2 5038/185/2 5039/186/2 5030/194/2
f 5030/194/2 5039/186/2 5040/187/2 5031/195/2
f 5031/195/2 5040/187/2 5041/188/2 5032/196/2
f 5032/196/2 5041/188/2 5042/189/2 5033/197/2
f 5033/197/2 5042/189/2 5043/190/2 5034/198/2
f 5034/198/2 5043/190/2 5044/191/2 5035/199/2
f 5035/199/2 5044/191/2 5045/64/2 5036/63/2
f 4839/38/2 4840/46/2 5028/192/2 5019/200/2
f 5019/200/2 5028/192/2 5029/193/2 5020/201/2
f 5020/201/2 5029/193/2 5030/194/2 5021/202/2
f 5021/202/2 5030/194/2 5031/195/2 5022/203/2
f 5022/203/2 5031/195/2 5032/196/2 5023/204/2
f 5023/204/2 5032/196/2 5033/197/2 5024/205/2
f 5024/205/2 5033/197/2 5034/198/2 5025/206/2
f 5025/206/2 5034/198/2 5035/199/2 5026/207/2
f 5026/207/2 5035/199/2 5036/63/2 5027/62/2
f 4838/48/2 4839/38/2 5019/200/2 5010/208/2
f 5010/208/2 5019/200/2 5020/201/2 5011/209/2
f 5011/209/2 5020/201/2 5021/202/2 5012/210/2
f 5012/210/2 5021/202/2 5022/203/2 5013/211/2
f 5013/211/2 5022/203/2 5023/204/2 5014/212/2
f 5014/212/2 5023/204/2 5024/205/2 5015/213/2
f 5015/213/2 5024/205/2 5025/206/2 5016/214/2
f 5016/214/2 5025/206/2 5026/207/2 5017/215/2
f 5017/215/2 5026/207/2 5027/62/2 5018/61/2
f 4837/26/2 4838/48/2 5010/208/2 5001/154/2
f 5001/154/2 5010/208/2 5011/209/2 5002/216/2
f 5002/216/2 5011/209/2 5012/210/2 5003/217/2
f 5003/217/2 5012/210/2 5013/211/2 5004/218/2
f 5004/218/2 5013/211/2 5014/212/2 5005/219/2
f 5005/219/2 5014/212/2 5015/213/2 5006/220/2
f 5006/220/2 5015/213/2 5016/214/2 5007/221/2
f 5007/221/2 5016/214/2 5017/215/2 5008/222/2
f 5008/222/2 5017/215/2 5018/61/2 5009/60/2
f 4794/24/2 4837/26/2 5001/154/2 4937/23/2
f 4937/23/2 5001/154/2 5002/216/2 4936/162/2
f 4936/162/2 5002/216/2 5003/217/2 4935/163/2
f 4935/163/2 5003/217/2 5004/218/2 4934/164/2
f 4934/164/2 5004/218/2 5005/219/2 4933/165/2
f 4933/165/2 5005/219/2 5006/220/2 4932/166/2
f 4932/166/2 5006/220/2 5007/221/2 4931/223/2
f 4931/223/2 5007/221/2 5008/222/2 4930/168/2
f 4930/168/2 5008/222/2 5009/60/2 4929/5/2
f 4786/18/3 4902/17/3 5000/17/3 4807/18/3
f 4902/17/3 4903/224/3 4999/224/3 5000/17/3
f 4903/224/3 4904/225/3 4998/225/3 4999/224/3
f 4904/225/3 4905/226/3 4997/227/3 4998/225/3
f 4905/226/3 4906/228/3 4996/228/3 4997/227/3
f 4906/228/3 4907/229/3 4995/229/3 4996/228/3
f 4907/229/3 4908/230/3 4994/231/3 4995/229/3
f 4908/230/3 4909/232/3 4993/232/3 4994/231/3
f 4909/232/3 4910/4/3 4992/4/3 4993/232/3
f 4787/6/6 4893/5/6 4991/5/6 4805/6/6
f 4893/5/6 4894/168/6 4990/168/6 4991/5/6
f 4894/168/6 4895/167/6 4989/223/6 4990/168/6
f 4895/167/6 4896/166/6 4988/166/6 4989/223/6
f 4896/166/6 4897/165/6 4987/165/6 4988/166/6
f 4897/165/6 4898/164/6 4986/233/6 4987/165/6
f 4898/164/6 4899/163/6 4985/163/6 4986/233/6
f 4899/163/6 4900/162/6 4984/162/6 4985/163/6
f 4900/162/6 4901/23/6 4983/23/6 4984/162/6
f 4789/6/1 4911/5/1 4947/5/1 4797/6/1
f 4911/5/1 4912/168/1 4948/168/1 4947/5/1
f 4912/168/1 4913/223/1 4949/234/1 4948/168/1
f 4913/223/1 4914/166/1 4950/235/1 4949/234/1
f 4914/166/1 4915/165/1 4951/165/1 4950/235/1
f 4915/165/1 4916/164/1 4952/233/1 4951/165/1
f 4916/164/1 4917/163/1 4953/163/1 4952/233/1
f 4917/163/1 4918/236/1 4954/162/1 4953/163/1
f 4918/236/1 4919/23/1 4955/23/1 4954/162/1
f 4791/18/1 4920/17/1 4956/237/1 4799/18/1
f 4920/17/1 4921/224/1 4957/224/1 4956/237/1
f 4921/224/1 4922/225/1 4958/238/1 4957/224/1
f 4922/225/1 4923/226/1 4959/227/1 4958/238/1
f 4923/226/1 4924/228/1 4960/228/1 4959/227/1
f 4924/228/1 4925/229/1 4961/239/1 4960/228/1
f 4925/229/1 4926/230/1 4962/240/1 4961/239/1
f 4926/230/1 4927/241/1 4963/232/1 4962/240/1
f 4927/241/1 4928/4/1 4964/4/1 4963/232/1
f 4797/6/6 4947/5/6 4965/7/6 4801/6/6
f 4947/5/6 4948/168/6 4966/168/6 4965/7/6
f 4948/168/6 4949/234/6 4967/234/6 4966/168/6
f 4949/234/6 4950/235/6 4968/235/6 4967/234/6
f 4950/235/6 4951/165/6 4969/165/6 4968/235/6
f 4951/165/6 4952/233/6 4970/233/6 4969/165/6
f 4952/233/6 4953/163/6 4971/163/6 4970/233/6
f 4953/163/6 4954/162/6 4972/162/6 4971/163/6
f 4954/162/6 4955/23/6 4973/23/6 4972/162/6
f 4799/18/3 4956/237/3 4974/19/3 4803/18/3
f 4956/237/3 4957/224/3 4975/224/3 4974/19/3
f 4957/224/3 4958/238/3 4976/238/3 4975/224/3
f 4958/238/3 4959/227/3 4977/227/3 4976/238/3
f 4959/227/3 4960/228/3 4978/228/3 4977/227/3
f 4960/228/3 4961/239/3 4979/229/3 4978/228/3
f 4961/239/3 4962/240/3 4980/240/3 4979/229/3
f 4962/240/3 4963/232/3 4981/232/3 4980/240/3
f 4963/232/3 4964/4/3 4982/4/3 4981/232/3
f 4796/3/2 4946/4/2 4982/4/2 4804/3/2
f 4946/4/2 4945/232/2 4981/232/2 4982/4/2
f 4945/232/2 4944/230/2 4980/240/2 4981/232/2
f 4944/230/2 4943/239/2 4979/229/2 4980/240/2
f 4943/239/2 4942/228/2 4978/228/2 4979/229/2
f 4942/228/2 4941/226/2 4977/227/2 4978/228/2
f 4941/226/2 4940/242/2 4976/238/2 4977/227/2
f 4940/242/2 4939/224/2 4975/224/2 4976/238/2
f 4939/224/2 4938/17/2 4974/19/2 4975/224/2
f 4843/44/2 4795/18/2 4938/17/2 5055/169/2
f 5055/169/2 4938/17/2 4939/224/2 5056/171/2
f 5056/171/2 4939/224/2 4940/242/2 5057/173/2
f 5057/173/2 4940/242/2 4941/226/2 5058/175/2
f 5058/175/2 4941/226/2 4942/228/2 5059/177/2
f 5059/177/2 4942/228/2 4943/239/2 5060/178/2
f 5060/178/2 4943/239/2 4944/230/2 5061/180/2
f 5061/180/2 4944/230/2 4945/232/2 5062/182/2
f 5062/182/2 4945/232/2 4946/4/2 5063/15/2
f 5140/243/5 5141/243/5 5182/243/5 5179/243/5
f 5160/244/5 5161/244/5 5202/244/5 5199/244/5
f 5142/245/4 5139/245/4 5180/245/4 5181/245/4
f 5162/246/4 5159/247/4 5200/247/4 5201/246/4
f 5133/248/1 5134/249/1 5173/249/1 5174/248/1
f 5153/250/1 5154/251/1 5193/251/1 5194/250/1
f 5139/245/2 5140/243/2 5179/243/2 5180/245/2
f 5159/247/2 5160/244/2 5199/244/2 5200/247/2
f 5132/248/5 5133/248/5 5174/248/5 5171/248/5
f 5270/252/5 5267/253/5 5308/253/5 5309/252/5
f 5241/254/1 5242/255/1 5281/255/1 5282/254/1
f 5261/256/1 5262/257/1 5301/257/1 5302/256/1
f 5247/12/2 5248/258/2 5287/258/2 5288/12/2
f 5267/253/2 5268/259/2 5307/259/2 5308/253/2
f 5240/260/4 5241/254/4 5282/254/4 5279/260/4
f 5260/261/4 5261/256/4 5302/256/4 5299/261/4
f 5242/255/5 5239/255/5 5280/255/5 5281/255/5
f 5262/257/5 5259/257/5 5300/257/5 5301/257/5
f 4794/24/2 4937/23/2 4973/23/2 4802/24/2
f 4937/23/2 4936/162/2 4972/162/2 4973/23/2
f 4936/162/2 4935/163/2 4971/163/2 4972/162/2
f 4935/163/2 4934/164/2 4970/233/2 4971/163/2
f 4934/164/2 4933/165/2 4969/165/2 4970/233/2
f 4933/165/2 4932/166/2 4968/235/2 4969/165/2
f 4932/166/2 4931/223/2 4967/234/2 4968/235/2
f 4931/223/2 4930/168/2 4966/168/2 4967/234/2
f 4930/168/2 4929/5/2 4965/7/2 4966/168/2
f 4815/20/1 5126/107/1 4902/17/1 4786/18/1
f 5126/107/1 5125/109/1 4903/224/1 4902/17/1
f 5125/109/1 5124/111/1 4904/225/1 4903/224/1
f 5124/111/1 5123/113/1 4905/226/1 4904/225/1
f 5123/113/1 5122/115/1 4906/228/1 4905/226/1
f 5122/115/1 5121/117/1 4907/229/1 4906/228/1
f 5121/117/1 5120/119/1 4908/230/1 4907/229/1
f 5120/119/1 5119/121/1 4909/232/1 4908/230/1
f 5119/121/1 5118/1/1 4910/4/1 4909/232/1
f 4983/23/6 4808/24/6 5128/262/6 5127/263/6
f 4808/24/6 4790/24/6 5129/262/6 5128/262/6
f 4790/24/6 4919/23/6 5130/263/6 5129/262/6
f 4919/23/6 4983/23/6 5127/263/6 5130/263/6
f 4805/6/6 4991/5/6 5132/248/6 5131/264/6
f 4991/5/6 4911/5/6 5133/248/6 5132/248/6
f 4911/5/6 4789/6/6 5134/249/6 5133/248/6
f 4789/6/6 4805/6/6 5131/264/6 5134/249/6
f 4991/5/6 4990/168/6 5136/265/6 5135/266/6
f 4990/168/6 4912/168/6 5137/265/6 5136/265/6
f 4912/168/6 4911/5/6 5138/266/6 5137/265/6
f 4911/5/6 4991/5/6 5135/266/6 5138/266/6
f 4990/168/6 4989/223/6 5140/243/6 5139/245/6
f 4989/223/6 4913/223/6 5141/243/6 5140/243/6
f 4913/223/6 4912/168/6 5142/245/6 5141/243/6
f 4912/168/6 4990/168/6 5139/245/6 5142/245/6
f 4989/223/6 4988/166/6 5144/267/6 5143/268/6
f 4988/166/6 4914/166/6 5145/267/6 5144/267/6
f 4914/166/6 4913/223/6 5146/268/6 5145/267/6
f 4913/223/6 4989/223/6 5143/268/6 5146/268/6
f 4988/166/6 4987/165/6 5148/14/6 5147/13/6
f 4987/165/6 4915/165/6 5149/14/6 5148/14/6
f 4915/165/6 4914/166/6 5150/269/6 5149/14/6
f 4914/166/6 4988/166/6 5147/13/6 5150/269/6
f 4987/165/6 4986/233/6 5152/270/6 5151/271/6
f 4986/233/6 4916/164/6 5153/250/6 5152/270/6
f 4916/164/6 4915/165/6 5154/251/6 5153/250/6
f 4915/165/6 4987/165/6 5151/271/6 5154/251/6
f 4986/233/6 4985/163/6 5156/272/6 5155/273/6
f 4985/163/6 4917/163/6 5157/272/6 5156/272/6
f 4917/163/6 4916/164/6 5158/274/6 5157/272/6
f 4916/164/6 4986/233/6 5155/273/6 5158/274/6
f 4985/163/6 4984/162/6 5160/244/6 5159/247/6
f 4984/162/6 4918/236/6 5161/244/6 5160/244/6
f 4918/236/6 4917/163/6 5162/246/6 5161/244/6
f 4917/163/6 4985/163/6 5159/247/6 5162/246/6
f 4984/162/6 4983/23/6 5164/275/6 5163/276/6
f 4983/23/6 4919/23/6 5165/277/6 5164/275/6
f 4919/23/6 4918/236/6 5166/278/6 5165/277/6
f 4918/236/6 4984/162/6 5163/276/6 5166/278/6
f 5176/266/6 5175/265/6 5178/265/6 5177/266/6
f 5188/13/6 5187/14/6 5190/14/6 5189/269/6
f 5200/247/6 5199/244/6 5202/244/6 5201/246/6
f 5204/276/6 5203/275/6 5206/277/6 5205/278/6
f 5161/244/1 5162/246/1 5201/246/1 5202/244/1
f 5127/263/2 5128/262/2 5167/262/2 5168/263/2
f 5141/243/1 5142/245/1 5181/245/1 5182/243/1
f 5150/269/4 5147/13/4 5188/13/4 5189/269/4
f 5130/263/4 5127/263/4 5168/263/4 5169/263/4
f 5148/14/5 5149/14/5 5190/14/5 5187/14/5
f 5128/262/5 5129/262/5 5170/262/5 5167/262/5
f 5155/273/2 5156/272/2 5195/272/2 5196/273/2
f 5135/266/2 5136/265/2 5175/265/2 5176/266/2
f 5149/14/1 5150/269/1 5189/269/1 5190/14/1
f 5129/262/1 5130/263/1 5169/263/1 5170/262/1
f 5158/274/4 5155/273/4 5196/273/4 5197/274/4
f 5138/266/4 5135/266/4 5176/266/4 5177/266/4
f 5156/272/5 5157/272/5 5198/272/5 5195/272/5
f 5136/265/5 5137/265/5 5178/265/5 5175/265/5
f 5163/276/2 5164/275/2 5203/275/2 5204/276/2
f 5143/268/2 5144/267/2 5183/267/2 5184/268/2
f 5157/272/1 5158/274/1 5197/274/1 5198/272/1
f 5137/265/1 5138/266/1 5177/266/1 5178/265/1
f 5166/278/4 5163/276/4 5204/276/4 5205/278/4
f 5146/268/4 5143/268/4 5184/268/4 5185/268/4
f 5164/275/5 5165/277/5 5206/277/5 5203/275/5
f 5144/267/5 5145/267/5 5186/267/5 5183/267/5
f 5151/271/2 5152/270/2 5191/270/2 5192/271/2
f 5165/277/1 5166/278/1 5205/278/1 5206/277/1
f 5131/264/2 5132/248/2 5171/248/2 5172/264/2
f 5145/267/1 5146/268/1 5185/268/1 5186/267/1
f 5154/251/4 5151/271/4 5192/271/4 5193/251/4
f 5134/249/4 5131/264/4 5172/264/4 5173/249/4
f 5152/270/5 5153/250/5 5194/250/5 5191/270/5
f 4879/27/4 4807/18/4 5208/11/4 5207/10/4
f 4807/18/4 4791/18/4 5209/11/4 5208/11/4
f 4791/18/4 4829/20/4 5210/10/4 5209/11/4
f 4829/20/4 4879/27/4 5207/10/4 5210/10/4
f 4808/24/4 4885/35/4 5212/67/4 5211/66/4
f 4885/35/4 4823/26/4 5213/68/4 5212/67/4
f 4823/26/4 4790/24/4 5214/69/4 5213/68/4
f 4790/24/4 4808/24/4 5211/66/4 5214/69/4
f 4885/35/4 4884/36/4 5216/71/4 5215/70/4
f 4884/36/4 4824/36/4 5217/72/4 5216/71/4
f 4824/36/4 4823/26/4 5218/70/4 5217/72/4
f 4823/26/4 4885/35/4 5215/70/4 5218/70/4
f 4884/36/4 4883/38/4 5220/74/4 5219/73/4
f 4883/38/4 4825/37/4 5221/75/4 5220/74/4
f 4825/37/4 4824/36/4 5222/76/4 5221/75/4
f 4824/36/4 4884/36/4 5219/73/4 5222/76/4
f 4883/38/4 4882/40/4 5224/78/4 5223/77/4
f 4882/40/4 4826/39/4 5225/79/4 5224/78/4
f 4826/39/4 4825/37/4 5226/80/4 5225/79/4
f 4825/37/4 4883/38/4 5223/77/4 5226/80/4
f 4882/40/4 4881/42/4 5228/82/4 5227/81/4
f 4881/42/4 4827/41/4 5229/83/4 5228/82/4
f 4827/41/4 4826/39/4 5230/84/4 5229/83/4
f 4826/39/4 4882/40/4 5227/81/4 5230/84/4
f 4881/42/4 4880/43/4 5232/86/4 5231/85/4
f 4880/43/4 4828/43/4 5233/87/4 5232/86/4
f 4828/43/4 4827/41/4 5234/85/4 5233/87/4
f 4827/41/4 4881/42/4 5231/85/4 5234/85/4
f 4880/43/4 4879/27/4 5236/89/4 5235/88/4
f 4879/27/4 4829/20/4 5237/89/4 5236/89/4
f 4829/20/4 4828/43/4 5238/90/4 5237/89/4
f 4828/43/4 4880/43/4 5235/88/4 5238/90/4
f 4992/4/3 4806/3/3 5240/260/3 5239/255/3
f 4806/3/3 4792/3/3 5241/254/3 5240/260/3
f 4792/3/3 4928/4/3 5242/255/3 5241/254/3
f 4928/4/3 4992/4/3 5239/255/3 5242/255/3
f 4807/18/3 5000/17/3 5244/279/3 5243/280/3
f 5000/17/3 4920/17/3 5245/281/3 5244/279/3
f 4920/17/3 4791/18/3 5246/282/3 5245/281/3
f 4791/18/3 4807/18/3 5243/280/3 5246/282/3
f 5000/17/3 4999/224/3 5248/258/3 5247/12/3
f 4999/224/3 4921/224/3 5249/283/3 5248/258/3
f 4921/224/3 4920/17/3 5250/12/3 5249/283/3
f 4920/17/3 5000/17/3 5247/12/3 5250/12/3
f 4999/224/3 4998/225/3 5252/284/3 5251/285/3
f 4998/225/3 4922/225/3 5253/286/3 5252/284/3
f 4922/225/3 4921/224/3 5254/287/3 5253/286/3
f 4921/224/3 4999/224/3 5251/285/3 5254/287/3
f 4998/225/3 4997/227/3 5256/288/3 5255/289/3
f 4997/227/3 4923/226/3 5257/290/3 5256/288/3
f 4923/226/3 4922/225/3 5258/289/3 5257/290/3
f 4922/225/3 4998/225/3 5255/289/3 5258/289/3
f 4997/227/3 4996/228/3 5260/261/3 5259/257/3
f 4996/228/3 4924/228/3 5261/256/3 5260/261/3
f 4924/228/3 4923/226/3 5262/257/3 5261/256/3
f 4923/226/3 4997/227/3 5259/257/3 5262/257/3
f 4996/228/3 4995/229/3 5264/291/3 5263/292/3
f 4995/229/3 4925/229/3 5265/293/3 5264/291/3
f 4925/229/3 4924/228/3 5266/294/3 5265/293/3
f 4924/228/3 4996/228/3 5263/292/3 5266/294/3
f 4995/229/3 4994/231/3 5268/259/3 5267/253/3
f 4994/231/3 4926/230/3 5269/295/3 5268/259/3
f 4926/230/3 4925/229/3 5270/252/3 5269/295/3
f 4925/229/3 4995/229/3 5267/253/3 5270/252/3
f 4994/231/3 4993/232/3 5272/296/3 5271/297/3
f 4993/232/3 4927/241/3 5273/298/3 5272/296/3
f 4927/241/3 4926/230/3 5274/297/3 5273/298/3
f 4926/230/3 4994/231/3 5271/297/3 5274/297/3
f 4993/232/3 4992/4/3 5276/299/3 5275/300/3
f 4992/4/3 4928/4/3 5277/301/3 5276/299/3
f 4928/4/3 4927/241/3 5278/300/3 5277/301/3
f 4927/241/3 4993/232/3 5275/300/3 5278/300/3
f 5288/12/3 5287/258/3 5290/283/3 5289/12/3
f 5296/289/3 5295/288/3 5298/290/3 5297/289/3
f 5304/292/3 5303/291/3 5306/293/3 5305/294/3
f 5312/297/3 5311/296/3 5314/298/3 5313/297/3
f 5268/259/4 5269/295/4 5310/295/4 5307/259/4
f 5248/258/4 5249/283/4 5290/283/4 5287/258/4
f 5275/300/2 5276/299/2 5315/299/2 5316/300/2
f 5255/289/2 5256/288/2 5295/288/2 5296/289/2
f 5269/295/1 5270/252/1 5309/252/1 5310/295/1
f 5249/283/1 5250/12/1 5289/12/1 5290/283/1
f 5278/300/5 5275/300/5 5316/300/5 5317/300/5
f 5258/289/5 5255/289/5 5296/289/5 5297/289/5
f 5276/299/4 5277/301/4 5318/301/4 5315/299/4
f 5256/288/4 5257/290/4 5298/290/4 5295/288/4
f 5263/292/2 5264/291/2 5303/291/2 5304/292/2
f 5277/301/1 5278/300/1 5317/300/1 5318/301/1
f 5243/280/2 5244/279/2 5283/279/2 5284/280/2
f 5257/290/1 5258/289/1 5297/289/1 5298/290/1
f 5266/294/5 5263/292/5 5304/292/5 5305/294/5
f 5246/282/5 5243/280/5 5284/280/5 5285/282/5
f 5264/291/4 5265/293/4 5306/293/4 5303/291/4
f 5244/279/4 5245/281/4 5286/281/4 5283/279/4
f 5271/297/2 5272/296/2 5311/296/2 5312/297/2
f 5251/285/2 5252/284/2 5291/284/2 5292/285/2
f 5265/293/1 5266/294/1 5305/294/1 5306/293/1
f 5245/281/1 5246/282/1 5285/282/1 5286/281/1
f 5274/297/5 5271/297/5 5312/297/5 5313/297/5
f 5254/287/5 5251/285/5 5292/285/5 5293/287/5
f 5272/296/4 5273/298/4 5314/298/4 5311/296/4
f 5252/284/4 5253/286/4 5294/286/4 5291/284/4
f 5259/257/2 5260/261/2 5299/261/2 5300/257/2
f 5273/298/1 5274/297/1 5313/297/1 5314/298/1
f 5239/255/2 5240/260/2 5279/260/2 5280/255/2
f 5253/286/1 5254/287/1 5293/287/1 5294/286/1
f 4886/22/5 4805/6/5 5320/302/5 5319/303/5
f 4805/6/5 4789/6/5 5321/304/5 5320/302/5
f 4789/6/5 4836/21/5 5322/305/5 5321/304/5
f 4836/21/5 4886/22/5 5319/303/5 5322/305/5
f 4806/3/5 4892/2/5 5324/8/5 5323/94/5
f 4892/2/5 4830/58/5 5325/9/5 5324/8/5
f 4830/58/5 4792/3/5 5326/93/5 5325/9/5
f 4792/3/5 4806/3/5 5323/94/5 5326/93/5
f 4892/2/5 4891/28/5 5328/306/5 5327/307/5
f 4891/28/5 4831/59/5 5329/308/5 5328/306/5
f 4831/59/5 4830/58/5 5330/309/5 5329/308/5
f 4830/58/5 4892/2/5 5327/307/5 5330/309/5
f 4891/28/5 4890/30/5 5332/310/5 5331/311/5
f 4890/30/5 4832/56/5 5333/312/5 5332/310/5
f 4832/56/5 4831/59/5 5334/313/5 5333/312/5
f 4831/59/5 4891/28/5 5331/311/5 5334/313/5
f 4890/30/5 4889/31/5 5336/99/5 5335/314/5
f 4889/31/5 4833/54/5 5337/97/5 5336/99/5
f 4833/54/5 4832/56/5 5338/98/5 5337/97/5
f 4832/56/5 4890/30/5 5335/314/5 5338/98/5
f 4889/31/5 4888/32/5 5340/315/5 5339/316/5
f 4888/32/5 4834/52/5 5341/317/5 5340/315/5
f 4834/52/5 4833/54/5 5342/318/5 5341/317/5
f 4833/54/5 4889/31/5 5339/316/5 5342/318/5
f 4888/32/5 4887/34/5 5344/91/5 5343/96/5
f 4887/34/5 4835/33/5 5345/92/5 5344/91/5
f 4835/33/5 4834/52/5 5346/95/5 5345/92/5
f 4834/52/5 4888/32/5 5343/96/5 5346/95/5
f 4887/34/5 4886/22/5 5348/319/5 5347/320/5
f 4886/22/5 4836/21/5 5349/319/5 5348/319/5
f 4836/21/5 4835/33/5 5350/321/5 5349/319/5
f 4835/33/5 4887/34/5 5347/320/5 5350/321/5
f 5360/307/5 5359/306/5 5362/308/5 5361/309/5
f 5368/314/5 5367/99/5 5370/97/5 5369/98/5
f 5376/96/5 5375/91/5 5378/92/5 5377/95/5
f 5331/311/2 5332/310/2 5363/310/2 5364/311/2
f 5345/92/1 5346/95/1 5377/95/1 5378/92/1
f 5325/9/1 5326/93/1 5357/93/1 5358/9/1
f 5334/313/6 5331/311/6 5364/311/6 5365/313/6
f 5332/310/3 5333/312/3 5366/312/3 5363/310/3
f 5339/316/2 5340/315/2 5371/315/2 5372/316/2
f 5319/303/2 5320/302/2 5351/302/2 5352/303/2
f 5333/312/1 5334/313/1 5365/313/1 5366/312/1
f 5342/318/6 5339/316/6 5372/316/6 5373/318/6
f 5322/305/6 5319/303/6 5352/303/6 5353/305/6
f 5340/315/3 5341/317/3 5374/317/3 5371/315/3
f 5320/302/3 5321/304/3 5354/304/3 5351/302/3
f 5347/320/2 5348/319/2 5379/319/2 5380/320/2
f 5327/307/2 5328/306/2 5359/306/2 5360/307/2
f 5341/317/1 5342/318/1 5373/318/1 5374/317/1
f 5321/304/1 5322/305/1 5353/305/1 5354/304/1
f 5350/321/6 5347/320/6 5380/320/6 5381/321/6
f 5330/309/6 5327/307/6 5360/307/6 5361/309/6
f 5348/319/3 5349/319/3 5382/319/3 5379/319/3
f 5328/306/3 5329/308/3 5362/308/3 5359/306/3
f 5335/314/2 5336/99/2 5367/99/2 5368/314/2
f 5349/319/1 5350/321/1 5381/321/1 5382/319/1
f 5329/308/1 5330/309/1 5361/309/1 5362/308/1
f 5338/98/6 5335/314/6 5368/314/6 5369/98/6
usemtl A_Building_main_windows
f 423/10/4 424/11/4 425/11/4 426/10/4
f 427/66/4 428/67/4 429/68/4 430/69/4
f 431/70/4 432/71/4 433/72/4 434/70/4
f 439/77/4 440/78/4 441/79/4 442/80/4
f 443/81/4 444/82/4 445/83/4 446/84/4
f 451/88/4 452/89/4 453/89/4 454/90/4
f 384/263/6 383/262/6 386/262/6 385/263/6
f 388/264/6 387/248/6 390/248/6 389/249/6
f 396/245/6 395/243/6 398/243/6 397/245/6
f 400/268/6 399/267/6 402/267/6 401/268/6
f 408/271/6 407/270/6 410/250/6 409/251/6
f 412/273/6 411/272/6 414/272/6 413/274/6
f 496/255/3 495/260/3 498/254/3 497/255/3
f 500/280/3 499/279/3 502/281/3 501/282/3
f 508/285/3 507/284/3 510/286/3 509/287/3
f 516/257/3 515/261/3 518/256/3 517/257/3
f 524/253/3 523/259/3 526/295/3 525/252/3
f 532/300/3 531/299/3 534/301/3 533/300/3
f 568/303/5 567/302/5 570/304/5 569/305/5
f 572/94/5 571/8/5 574/9/5 573/93/5
f 580/311/5 579/310/5 582/312/5 581/313/5
f 588/316/5 587/315/5 590/317/5 589/318/5
f 596/320/5 595/319/5 598/319/5 597/321/5
f 1021/10/4 1022/11/4 1023/11/4 1024/10/4
f 1025/66/4 1026/67/4 1027/68/4 1028/69/4
f 1029/70/4 1030/71/4 1031/72/4 1032/70/4
f 1037/77/4 1038/78/4 1039/79/4 1040/80/4
f 1041/81/4 1042/82/4 1043/83/4 1044/84/4
f 1049/88/4 1050/89/4 1051/89/4 1052/90/4
f 982/263/6 981/262/6 984/262/6 983/263/6
f 986/264/6 985/248/6 988/248/6 987/249/6
f 994/245/6 993/243/6 996/243/6 995/245/6
f 998/268/6 997/267/6 1000/267/6 999/268/6
f 1006/271/6 1005/270/6 1008/250/6 1007/251/6
f 1010/273/6 1009/272/6 1012/272/6 1011/274/6
f 1094/255/3 1093/260/3 1096/254/3 1095/255/3
f 1098/280/3 1097/279/3 1100/281/3 1099/282/3
f 1106/285/3 1105/284/3 1108/286/3 1107/287/3
f 1114/257/3 1113/261/3 1116/256/3 1115/257/3
f 1122/253/3 1121/259/3 1124/295/3 1123/252/3
f 1130/300/3 1129/299/3 1132/301/3 1131/300/3
f 1166/303/5 1165/302/5 1168/304/5 1167/305/5
f 1170/94/5 1169/8/5 1172/9/5 1171/93/5
f 1178/311/5 1177/310/5 1180/312/5 1179/313/5
f 1186/316/5 1185/315/5 1188/317/5 1187/318/5
f 1194/320/5 1193/319/5 1196/319/5 1195/321/5
f 1619/10/4 1620/11/4 1621/11/4 1622/10/4
f 1623/66/4 1624/67/4 1625/68/4 1626/69/4
f 1627/70/4 1628/71/4 1629/72/4 1630/70/4
f 1635/77/4 1636/78/4 1637/79/4 1638/80/4
f 1639/81/4 1640/82/4 1641/83/4 1642/84/4
f 1647/88/4 1648/89/4 1649/89/4 1650/90/4
f 1580/263/6 1579/262/6 1582/262/6 1581/263/6
f 1584/264/6 1583/248/6 1586/248/6 1585/249/6
f 1592/245/6 1591/243/6 1594/243/6 1593/245/6
f 1596/268/6 1595/267/6 1598/267/6 1597/268/6
f 1604/271/6 1603/270/6 1606/250/6 1605/251/6
f 1608/273/6 1607/272/6 1610/272/6 1609/274/6
f 1692/255/3 1691/260/3 1694/254/3 1693/255/3
f 1696/280/3 1695/279/3 1698/281/3 1697/282/3
f 1704/285/3 1703/284/3 1706/286/3 1705/287/3
f 1712/257/3 1711/261/3 1714/256/3 1713/257/3
f 1720/253/3 1719/259/3 1722/295/3 1721/252/3
f 1728/300/3 1727/299/3 1730/301/3 1729/300/3
f 1764/303/5 1763/302/5 1766/304/5 1765/305/5
f 1768/94/5 1767/8/5 1770/9/5 1769/93/5
f 1776/311/5 1775/310/5 1778/312/5 1777/313/5
f 1784/316/5 1783/315/5 1786/317/5 1785/318/5
f 1792/320/5 1791/319/5 1794/319/5 1793/321/5
f 2217/10/4 2218/11/4 2219/11/4 2220/10/4
f 2221/66/4 2222/67/4 2223/68/4 2224/69/4
f 2225/70/4 2226/71/4 2227/72/4 2228/70/4
f 2233/77/4 2234/78/4 2235/79/4 2236/80/4
f 2237/81/4 2238/82/4 2239/83/4 2240/84/4
f 2245/88/4 2246/89/4 2247/89/4 2248/90/4
f 2178/263/6 2177/262/6 2180/262/6 2179/263/6
f 2182/264/6 2181/248/6 2184/248/6 2183/249/6
f 2190/245/6 2189/243/6 2192/243/6 2191/245/6
f 2194/268/6 2193/267/6 2196/267/6 2195/268/6
f 2202/271/6 2201/270/6 2204/250/6 2203/251/6
f 2206/273/6 2205/272/6 2208/272/6 2207/274/6
f 2290/255/3 2289/260/3 2292/254/3 2291/255/3
f 2294/280/3 2293/279/3 2296/281/3 2295/282/3
f 2302/285/3 2301/284/3 2304/286/3 2303/287/3
f 2310/257/3 2309/261/3 2312/256/3 2311/257/3
f 2318/253/3 2317/259/3 2320/295/3 2319/252/3
f 2326/300/3 2325/299/3 2328/301/3 2327/300/3
f 2362/303/5 2361/302/5 2364/304/5 2363/305/5
f 2366/94/5 2365/8/5 2368/9/5 2367/93/5
f 2374/311/5 2373/310/5 2376/312/5 2375/313/5
f 2382/316/5 2381/315/5 2384/317/5 2383/318/5
f 2390/320/5 2389/319/5 2392/319/5 2391/321/5
f 2815/10/4 2816/11/4 2817/11/4 2818/10/4
f 2819/66/4 2820/67/4 2821/68/4 2822/69/4
f 2823/70/4 2824/71/4 2825/72/4 2826/70/4
f 2831/77/4 2832/78/4 2833/79/4 2834/80/4
f 2835/81/4 2836/82/4 2837/83/4 2838/84/4
f 2843/88/4 2844/89/4 2845/89/4 2846/90/4
f 2776/263/6 2775/262/6 2778/262/6 2777/263/6
f 2780/264/6 2779/248/6 2782/248/6 2781/249/6
f 2788/245/6 2787/243/6 2790/243/6 2789/245/6
f 2792/268/6 2791/267/6 2794/267/6 2793/268/6
f 2800/271/6 2799/270/6 2802/250/6 2801/251/6
f 2804/273/6 2803/272/6 2806/272/6 2805/274/6
f 2888/255/3 2887/260/3 2890/254/3 2889/255/3
f 2892/280/3 2891/279/3 2894/281/3 2893/282/3
f 2900/285/3 2899/284/3 2902/286/3 2901/287/3
f 2908/257/3 2907/261/3 2910/256/3 2909/257/3
f 2916/253/3 2915/259/3 2918/295/3 2917/252/3
f 2924/300/3 2923/299/3 2926/301/3 2925/300/3
f 2960/303/5 2959/302/5 2962/304/5 2961/305/5
f 2964/94/5 2963/8/5 2966/9/5 2965/93/5
f 2972/311/5 2971/310/5 2974/312/5 2973/313/5
f 2980/316/5 2979/315/5 2982/317/5 2981/318/5
f 2988/320/5 2987/319/5 2990/319/5 2989/321/5
f 3413/10/4 3414/11/4 3415/11/4 3416/10/4
f 3417/66/4 3418/67/4 3419/68/4 3420/69/4
f 3421/70/4 3422/71/4 3423/72/4 3424/70/4
f 3429/77/4 3430/78/4 3431/79/4 3432/80/4
f 3433/81/4 3434/82/4 3435/83/4 3436/84/4
f 3441/88/4 3442/89/4 3443/89/4 3444/90/4
f 3374/263/6 3373/262/6 3376/262/6 3375/263/6
f 3378/264/6 3377/248/6 3380/248/6 3379/249/6
f 3386/245/6 3385/243/6 3388/243/6 3387/245/6
f 3390/268/6 3389/267/6 3392/267/6 3391/268/6
f 3398/271/6 3397/270/6 3400/250/6 3399/251/6
f 3402/273/6 3401/272/6 3404/272/6 3403/274/6
f 3486/255/3 3485/260/3 3488/254/3 3487/255/3
f 3490/280/3 3489/279/3 3492/281/3 3491/282/3
f 3498/285/3 3497/284/3 3500/286/3 3499/287/3
f 3506/257/3 3505/261/3 3508/256/3 3507/257/3
f 3514/253/3 3513/259/3 3516/295/3 3515/252/3
f 3522/300/3 3521/299/3 3524/301/3 3523/300/3
f 3558/303/5 3557/302/5 3560/304/5 3559/305/5
f 3562/94/5 3561/8/5 3564/9/5 3563/93/5
f 3570/311/5 3569/310/5 3572/312/5 3571/313/5
f 3578/316/5 3577/315/5 3580/317/5 3579/318/5
f 3586/320/5 3585/319/5 3588/319/5 3587/321/5
f 4011/10/4 4012/11/4 4013/11/4 4014/10/4
f 4015/66/4 4016/67/4 4017/68/4 4018/69/4
f 4019/70/4 4020/71/4 4021/72/4 4022/70/4
f 4027/77/4 4028/78/4 4029/79/4 4030/80/4
f 4031/81/4 4032/82/4 4033/83/4 4034/84/4
f 4039/88/4 4040/89/4 4041/89/4 4042/90/4
f 3972/263/6 3971/262/6 3974/262/6 3973/263/6
f 3976/264/6 3975/248/6 3978/248/6 3977/249/6
f 3984/245/6 3983/243/6 3986/243/6 3985/245/6
f 3988/268/6 3987/267/6 3990/267/6 3989/268/6
f 3996/271/6 3995/270/6 3998/250/6 3997/251/6
f 4000/273/6 3999/272/6 4002/272/6 4001/274/6
f 4084/255/3 4083/260/3 4086/254/3 4085/255/3
f 4088/280/3 4087/279/3 4090/281/3 4089/282/3
f 4096/285/3 4095/284/3 4098/286/3 4097/287/3
f 4104/257/3 4103/261/3 4106/256/3 4105/257/3
f 4112/253/3 4111/259/3 4114/295/3 4113/252/3
f 4120/300/3 4119/299/3 4122/301/3 4121/300/3
f 4156/303/5 4155/302/5 4158/304/5 4157/305/5
f 4160/94/5 4159/8/5 4162/9/5 4161/93/5
f 4168/311/5 4167/310/5 4170/312/5 4169/313/5
f 4176/316/5 4175/315/5 4178/317/5 4177/318/5
f 4184/320/5 4183/319/5 4186/319/5 4185/321/5
f 4609/10/4 4610/11/4 4611/11/4 4612/10/4
f 4613/66/4 4614/67/4 4615/68/4 4616/69/4
f 4617/70/4 4618/71/4 4619/72/4 4620/70/4
f 4625/77/4 4626/78/4 4627/79/4 4628/80/4
f 4629/81/4 4630/82/4 4631/83/4 4632/84/4
f 4637/88/4 4638/89/4 4639/89/4 4640/90/4
f 4570/263/6 4569/262/6 4572/262/6 4571/263/6
f 4574/264/6 4573/248/6 4576/248/6 4575/249/6
f 4582/245/6 4581/243/6 4584/243/6 4583/245/6
f 4586/268/6 4585/267/6 4588/267/6 4587/268/6
f 4594/271/6 4593/270/6 4596/250/6 4595/251/6
f 4598/273/6 4597/272/6 4600/272/6 4599/274/6
f 4682/255/3 4681/260/3 4684/254/3 4683/255/3
f 4686/280/3 4685/279/3 4688/281/3 4687/282/3
f 4694/285/3 4693/284/3 4696/286/3 4695/287/3
f 4702/257/3 4701/261/3 4704/256/3 4703/257/3
f 4710/253/3 4709/259/3 4712/295/3 4711/252/3
f 4718/300/3 4717/299/3 4720/301/3 4719/300/3
f 4754/303/5 4753/302/5 4756/304/5 4755/305/5
f 4758/94/5 4757/8/5 4760/9/5 4759/93/5
f 4766/311/5 4765/310/5 4768/312/5 4767/313/5
f 4774/316/5 4773/315/5 4776/317/5 4775/318/5
f 4782/320/5 4781/319/5 4784/319/5 4783/321/5
f 5207/10/4 5208/11/4 5209/11/4 5210/10/4
f 5211/66/4 5212/67/4 5213/68/4 5214/69/4
f 5215/70/4 5216/71/4 5217/72/4 5218/70/4
f 5223/77/4 5224/78/4 5225/79/4 5226/80/4
f 5227/81/4 5228/82/4 5229/83/4 5230/84/4
f 5235/88/4 5236/89/4 5237/89/4 5238/90/4
f 5168/263/6 5167/262/6 5170/262/6 5169/263/6
f 5172/264/6 5171/248/6 5174/248/6 5173/249/6
f 5180/245/6 5179/243/6 5182/243/6 5181/245/6
f 5184/268/6 5183/267/6 5186/267/6 5185/268/6
f 5192/271/6 5191/270/6 5194/250/6 5193/251/6
f 5196/273/6 5195/272/6 5198/272/6 5197/274/6
f 5280/255/3 5279/260/3 5282/254/3 5281/255/3
f 5284/280/3 5283/279/3 5286/281/3 5285/282/3
f 5292/285/3 5291/284/3 5294/286/3 5293/287/3
f 5300/257/3 5299/261/3 5302/256/3 5301/257/3
f 5308/253/3 5307/259/3 5310/295/3 5309/252/3
f 5316/300/3 5315/299/3 5318/301/3 5317/300/3
f 5352/303/5 5351/302/5 5354/304/5 5353/305/5
f 5356/94/5 5355/8/5 5358/9/5 5357/93/5
f 5364/311/5 5363/310/5 5366/312/5 5365/313/5
f 5372/316/5 5371/315/5 5374/317/5 5373/318/5
f 5380/320/5 5379/319/5 5382/319/5 5381/321/5
o Plane.044
v -119.122345 0.239304 65.240440
v -111.191925 0.239304 65.240440
v -119.122345 0.239304 53.056709
v -111.191925 0.239304 53.056709
v -119.122345 1.738963 53.056709
v -119.122345 1.738963 65.240440
v -111.191925 1.752565 65.240440
v -111.191925 1.738963 53.056709
v -119.171402 2.017217 52.978329
v -119.171402 2.017217 65.319489
v -111.138504 2.017217 65.319489
v -111.138504 2.017217 52.978329
v -119.547218 1.738963 52.403965
v -119.547218 1.738963 65.893181
v -110.767052 1.738963 65.893181
v -110.767052 1.738963 52.403965
v -119.547218 2.017217 52.403965
v -119.547218 2.017217 65.893181
v -110.767052 2.017217 65.893181
v -110.767052 2.017217 52.403965
v -111.191925 0.519521 53.056709
v -111.191925 0.505919 65.240440
v -119.122345 0.519521 65.240440
v -119.122345 0.519521 53.056709
v -118.131042 0.239304 65.240440
v -117.139740 0.239304 65.240440
v -116.148438 0.239304 65.240440
v -115.157135 0.239304 65.240440
v -114.165833 0.239304 65.240440
v -113.174530 0.239304 65.240440
v -112.183228 0.239304 65.240440
v -112.183228 0.239304 53.056709
v -113.174530 0.239304 53.056709
v -114.165833 0.239304 53.056709
v -115.157135 0.239304 53.056709
v -116.148438 0.239304 53.056709
v -117.139740 0.239304 53.056709
v -118.131042 0.239304 53.056709
v -118.131042 1.738963 65.240440
v -117.139740 1.738963 65.240440
v -116.148438 1.738963 65.240440
v -115.157135 1.738963 65.240440
v -114.165833 1.738963 65.240440
v -113.174530 1.738963 65.240440
v -112.183228 1.738963 65.240440
v -112.183228 1.738963 53.056709
v -113.174530 1.738963 53.056709
v -114.165833 1.738963 53.056709
v -115.157135 1.738963 53.056709
v -116.148438 1.738963 53.056709
v -117.139740 1.738963 53.056709
v -118.131042 1.738963 53.056709
v -118.167290 2.017217 65.319489
v -117.163177 2.017217 65.319489
v -116.159065 2.017217 65.319489
v -115.154953 2.017217 65.319489
v -114.150841 2.017217 65.319489
v -113.146729 2.017217 65.319489
v -112.142616 2.017217 65.319489
v -112.142616 2.017217 52.978329
v -113.146729 2.017217 52.978329
v -114.150841 2.017217 52.978329
v -115.154953 2.017217 52.978329
v -116.159065 2.017217 52.978329
v -117.163177 2.017217 52.978329
v -118.167290 2.017217 52.978329
v -118.449699 1.738963 65.893181
v -117.352180 1.738963 65.893181
v -116.254654 1.738963 65.893181
v -115.157135 1.738963 65.893181
v -114.059616 1.738963 65.893181
v -112.962090 1.738963 65.893181
v -111.864571 1.738963 65.893181
v -111.864571 1.738963 52.403965
v -112.962090 1.738963 52.403965
v -114.059616 1.738963 52.403965
v -115.157135 1.738963 52.403965
v -116.254654 1.738963 52.403965
v -117.352180 1.738963 52.403965
v -118.449699 1.738963 52.403965
v -118.449699 2.017217 65.893181
v -117.352180 2.017217 65.893181
v -116.254654 2.017217 65.893181
v -115.157135 2.017217 65.893181
v -114.059616 2.017217 65.893181
v -112.962090 2.017217 65.893181
v -111.864571 2.017217 65.893181
v -111.864571 2.017217 52.403965
v -112.962090 2.017217 52.403965
v -114.059616 2.017217 52.403965
v -115.157135 2.017217 52.403965
v -116.254654 2.017217 52.403965
v -117.352180 2.017217 52.403965
v -118.449699 2.017217 52.403965
v -112.183228 0.519521 65.240440
v -113.174530 0.519521 65.240440
v -114.165833 0.519521 65.240440
v -119.122345 0.239304 54.275082
v -116.148438 0.519521 65.240440
v -117.139740 0.519521 65.240440
v -118.131042 0.519521 65.240440
v -118.131042 0.519521 53.056709
v -117.139740 0.519521 53.056709
v -116.148438 0.519521 53.056709
v -115.157135 0.519521 53.056709
v -114.165833 0.519521 53.056709
v -113.174530 0.519521 53.056709
v -112.183228 0.519521 53.056709
v -116.148438 0.239304 65.055618
v -115.157135 0.239304 65.055618
v -114.165833 0.239304 65.055618
v -116.148438 1.738963 65.055618
v -115.157135 1.738963 65.055618
v -114.165833 1.738963 65.055618
v -114.165833 0.519521 65.055618
v -115.157135 0.519521 65.055618
v -116.148438 0.519521 65.055618
v -119.122345 0.239304 55.493454
v -119.122345 0.239304 56.711830
v -119.122345 0.239304 57.930202
v -119.122345 0.239304 59.148575
v -119.122345 0.239304 60.366947
v -119.122345 0.239304 61.585320
v -119.122345 0.239304 62.803696
v -119.122345 0.239304 64.022064
v -111.191925 0.239304 64.022064
v -111.191925 0.239304 62.803696
v -111.191925 0.239304 61.585320
v -111.191925 0.239304 60.366947
v -111.191925 0.239304 59.148575
v -111.191925 0.239304 57.930202
v -111.191925 0.239304 56.711830
v -111.191925 0.239304 55.493454
v -111.191925 0.239304 54.275082
v -119.122345 1.738963 54.275082
v -119.122345 1.738963 55.493454
v -119.122345 1.738963 56.711830
v -119.122345 1.738963 57.930202
v -119.122345 1.738963 59.148575
v -119.122345 1.738963 60.366947
v -119.122345 1.738963 61.585320
v -119.122345 1.738963 62.803696
v -119.122345 1.738963 64.022064
v -111.191925 1.752565 64.022064
v -111.191925 1.738963 62.803696
v -111.191925 1.738963 61.585320
v -111.191925 1.738963 60.366947
v -111.191925 1.738963 59.148575
v -111.191925 1.738963 57.930202
v -111.191925 1.738963 56.711830
v -111.191925 1.738963 55.493454
v -111.191925 1.738963 54.275082
v -119.171402 2.017217 54.212444
v -119.171402 2.017217 55.446560
v -119.171402 2.017217 56.680676
v -119.171402 2.017217 57.914795
v -119.171402 2.017217 59.148911
v -119.171402 2.017217 60.383026
v -119.171402 2.017217 61.617142
v -119.171402 2.017217 62.851257
v -119.171402 2.017217 64.085373
v -111.138504 2.017217 64.085373
v -111.138504 2.017217 62.851261
v -111.138504 2.017217 61.617142
v -111.191925 2.017217 60.366947
v -111.191925 2.017217 59.148575
v -111.138504 2.017217 57.914795
v -111.138504 2.017217 56.680676
v -111.138504 2.017217 55.446560
v -111.138504 2.017217 54.212444
v -119.547218 1.738963 53.752888
v -119.547218 1.738963 55.101810
v -119.547218 1.738963 56.450729
v -119.547218 1.738963 57.799652
v -119.547218 1.738963 59.148575
v -119.547218 1.738963 60.497498
v -119.547218 1.738963 61.846420
v -119.547218 1.738963 63.195339
v -119.547218 1.738963 64.544266
v -110.767052 1.738963 64.544266
v -110.767052 1.738963 63.195339
v -110.767052 1.738963 61.846420
v -110.767052 1.738963 60.497498
v -110.767052 1.738963 59.148575
v -110.767052 1.738963 57.799652
v -110.767052 1.738963 56.450729
v -110.767052 1.738963 55.101810
v -110.767052 1.738963 53.752888
v -119.547218 2.017217 53.752888
v -119.547218 2.017217 55.101810
v -119.547218 2.017217 56.450729
v -119.547218 2.017217 57.799652
v -119.547218 2.017217 59.148575
v -119.547218 2.017217 60.497498
v -119.547218 2.017217 61.846420
v -119.547218 2.017217 63.195339
v -119.547218 2.017217 64.544266
v -110.767052 2.017217 64.544266
v -110.767052 2.017217 63.195339
v -110.767052 2.017217 61.846420
v -110.767052 2.017217 60.497498
v -110.767052 2.017217 59.148575
v -110.767052 2.017217 57.799652
v -110.767052 2.017217 56.450729
v -110.767052 2.017217 55.101810
v -110.767052 2.017217 53.752888
v -119.122345 0.519521 64.022064
v -119.122345 0.519521 62.803696
v -119.122345 0.519521 61.585320
v -119.122345 0.519521 60.366947
v -119.122345 0.519521 59.148575
v -119.122345 0.519521 57.930202
v -119.122345 0.519521 56.711830
v -119.122345 0.519521 55.493454
v -119.122345 0.519521 54.275082
v -111.191925 0.519521 54.275082
v -111.191925 0.519521 55.493454
v -111.191925 0.519521 56.711830
v -111.191925 0.519521 57.930202
v -111.191925 0.519521 59.148575
v -111.191925 0.519521 60.366947
v -111.191925 0.519521 61.585320
v -111.191925 0.519521 62.803696
v -111.191925 0.505919 64.022064
v -118.167290 2.017217 64.085373
v -118.167290 2.017217 62.851257
v -118.167290 2.017217 61.617142
v -118.167290 2.017217 60.383026
v -118.167290 2.017217 59.148911
v -118.167290 2.017217 57.914795
v -118.167290 2.017217 56.680676
v -118.167290 2.017217 55.446560
v -118.167290 2.017217 54.212444
v -117.163177 2.017217 64.085373
v -117.163177 2.017217 62.851257
v -117.163177 2.017217 61.617142
v -117.163177 2.017217 60.383026
v -117.163177 2.017217 59.148911
v -117.163177 2.017217 57.914795
v -117.163177 2.017217 56.680676
v -117.163177 2.017217 55.446560
v -117.163177 2.017217 54.212444
v -116.159065 2.017217 64.085373
v -116.159065 2.017217 62.851257
v -116.159065 2.017217 61.617142
v -116.159065 2.017217 60.383026
v -116.159065 2.017217 59.148911
v -116.159065 2.017217 57.914795
v -116.159065 2.017217 56.680676
v -116.159065 2.017217 55.446560
v -116.159065 2.017217 54.212444
v -115.154953 2.017217 64.085373
v -115.154953 2.017217 62.851261
v -115.154953 2.017217 61.617142
v -115.154953 2.017217 60.383026
v -115.154953 2.017217 59.148911
v -115.154953 2.017217 57.914795
v -115.154953 2.017217 56.680676
v -115.154953 2.017217 55.446560
v -115.154953 2.017217 54.212444
v -114.150841 2.017217 64.085373
v -114.150841 2.017217 62.851261
v -114.150841 2.017217 61.617142
v -114.150841 2.017217 60.383026
v -114.150841 2.017217 59.148911
v -114.150841 2.017217 57.914795
v -114.150841 2.017217 56.680676
v -114.150841 2.017217 55.446560
v -114.150841 2.017217 54.212444
v -113.146729 2.017217 64.085373
v -113.146729 2.017217 62.851261
v -113.146729 2.017217 61.617142
v -113.146729 2.017217 60.383026
v -113.174530 2.017217 59.148575
v -113.146729 2.017217 57.914795
v -113.146729 2.017217 56.680676
v -113.146729 2.017217 55.446560
v -113.146729 2.017217 54.212444
v -112.142616 2.017217 64.085373
v -112.142616 2.017217 62.851261
v -112.142616 2.017217 61.617142
v -112.183228 2.017217 60.366947
v -112.183228 2.017217 59.148575
v -112.142616 2.017217 57.914795
v -112.142616 2.017217 56.680676
v -112.142616 2.017217 55.446560
v -112.142616 2.017217 54.212444
v -118.131042 0.239304 54.275082
v -118.131042 0.239304 55.493454
v -118.131042 0.239304 56.711830
v -118.131042 0.239304 57.930202
v -118.131042 0.239304 59.148575
v -118.131042 0.239304 60.366947
v -118.131042 0.239304 61.585320
v -118.131042 0.239304 62.803696
v -118.131042 0.239304 64.022064
v -117.139740 0.239304 54.275082
v -117.139740 0.239304 55.493454
v -117.139740 0.239304 56.711830
v -117.139740 0.239304 57.930202
v -117.139740 0.239304 59.148575
v -117.139740 0.239304 60.366947
v -117.139740 0.239304 61.585320
v -117.139740 0.239304 62.803696
v -117.139740 0.239304 64.022064
v -116.148438 0.239304 54.275082
v -116.148438 0.239304 55.493454
v -116.148438 0.239304 56.711830
v -116.148438 0.239304 57.930202
v -116.148438 0.239304 59.148575
v -116.148438 0.239304 60.366947
v -116.148438 0.239304 61.585320
v -116.148438 0.239304 62.803696
v -116.148438 0.239304 64.022064
v -115.157135 0.239304 54.275082
v -115.157135 0.239304 55.493454
v -115.157135 0.239304 56.711830
v -115.157135 0.239304 57.930202
v -115.157135 0.239304 59.148575
v -115.157135 0.239304 60.366947
v -115.157135 0.239304 61.585320
v -115.157135 0.239304 62.803696
v -115.157135 0.239304 64.022064
v -114.165833 0.239304 54.275082
v -114.165833 0.239304 55.493454
v -114.165833 0.239304 56.711830
v -114.165833 0.239304 57.930202
v -114.165833 0.239304 59.148575
v -114.165833 0.239304 60.366947
v -114.165833 0.239304 61.585320
v -114.165833 0.239304 62.803696
v -114.165833 0.239304 64.022064
v -113.174530 0.239304 54.275082
v -113.174530 0.239304 55.493454
v -113.174530 0.239304 56.711830
v -113.174530 0.239304 57.930202
v -113.174530 0.239304 59.148575
v -113.174530 0.239304 60.366947
v -113.174530 0.239304 61.585320
v -113.174530 0.239304 62.803696
v -113.174530 0.239304 64.022064
v -112.183228 0.239304 54.275082
v -112.183228 0.239304 55.493454
v -112.183228 0.239304 56.711830
v -112.183228 0.239304 57.930202
v -112.183228 0.239304 59.148575
v -112.183228 0.239304 60.366947
v -112.183228 0.239304 61.585320
v -112.183228 0.239304 62.803696
v -112.183228 0.239304 64.022064
v -118.372620 0.584184 53.056709
v -118.880768 0.584184 53.056709
v -118.880768 1.674300 53.056709
v -118.372620 1.674300 53.056709
v -111.433502 0.584184 53.056709
v -111.941650 0.584184 53.056709
v -111.941650 1.674300 53.056709
v -111.433502 1.674300 53.056709
v -112.424805 0.584184 53.056709
v -112.932953 0.584184 53.056709
v -112.932953 1.674300 53.056709
v -112.424805 1.674300 53.056709
v -113.416107 0.584184 53.056709
v -113.924255 0.584184 53.056709
v -113.924255 1.674300 53.056709
v -113.416107 1.674300 53.056709
v -114.407410 0.584184 53.056709
v -114.915558 0.584184 53.056709
v -114.915558 1.674300 53.056709
v -114.407410 1.674300 53.056709
v -115.398712 0.584184 53.056709
v -115.906860 0.584184 53.056709
v -115.906860 1.674300 53.056709
v -115.398712 1.674300 53.056709
v -116.390015 0.584184 53.056709
v -116.898163 0.584184 53.056709
v -116.898163 1.674300 53.056709
v -116.390015 1.674300 53.056709
v -117.381317 0.584184 53.056709
v -117.889465 0.584184 53.056709
v -117.889465 1.674300 53.056709
v -117.381317 1.674300 53.056709
v -118.880768 0.584184 53.056690
v -118.372620 0.584184 53.056690
v -118.372620 1.674300 53.056690
v -118.880768 1.674300 53.056690
v -111.941650 0.584184 53.056690
v -111.433502 0.584184 53.056690
v -111.433502 1.674300 53.056690
v -111.941650 1.674300 53.056690
v -112.932953 0.584184 53.056690
v -112.424805 0.584184 53.056690
v -112.424805 1.674300 53.056690
v -112.932953 1.674300 53.056690
v -113.924255 0.584184 53.056690
v -113.416107 0.584184 53.056690
v -113.416107 1.674300 53.056690
v -113.924255 1.674300 53.056690
v -114.915558 0.584184 53.056690
v -114.407410 0.584184 53.056690
v -114.407410 1.674300 53.056690
v -114.915558 1.674300 53.056690
v -115.906860 0.584184 53.056690
v -115.398712 0.584184 53.056690
v -115.398712 1.674300 53.056690
v -115.906860 1.674300 53.056690
v -116.898163 0.584184 53.056690
v -116.390015 0.584184 53.056690
v -116.390015 1.674300 53.056690
v -116.898163 1.674300 53.056690
v -117.889465 0.584184 53.056690
v -117.381317 0.584184 53.056690
v -117.381317 1.674300 53.056690
v -117.889465 1.674300 53.056690
v -119.122345 0.568217 64.301567
v -119.122345 0.568217 64.960945
v -119.122345 1.690267 64.960945
v -119.122345 1.690267 64.301567
v -119.122345 0.568217 53.336208
v -119.122345 0.568217 53.995586
v -119.122345 1.690267 53.995586
v -119.122345 1.690267 53.336208
v -119.122345 0.568217 54.554581
v -119.122345 0.568217 55.213959
v -119.122345 1.690267 55.213959
v -119.122345 1.690267 54.554581
v -119.122345 0.568217 55.772953
v -119.122345 0.568217 56.432331
v -119.122345 1.690267 56.432331
v -119.122345 1.690267 55.772953
v -119.122345 0.568217 56.991325
v -119.122345 0.568217 57.650703
v -119.122345 1.690267 57.650703
v -119.122345 1.690267 56.991325
v -119.122345 0.568217 58.209698
v -119.122345 0.568217 58.869076
v -119.122345 1.690267 58.869076
v -119.122345 1.690267 58.209698
v -119.122345 0.568217 59.428074
v -119.122345 0.568217 60.087452
v -119.122345 1.690267 60.087452
v -119.122345 1.690267 59.428074
v -119.122345 0.568217 60.646446
v -119.122345 0.568217 61.305824
v -119.122345 1.690267 61.305824
v -119.122345 1.690267 60.646446
v -119.122345 0.568217 61.864819
v -119.122345 0.568217 62.524197
v -119.122345 1.690267 62.524197
v -119.122345 1.690267 61.864819
v -119.122345 0.568217 63.083191
v -119.122345 0.568217 63.742569
v -119.122345 1.690267 63.742569
v -119.122345 1.690267 63.083191
v -118.978210 0.568217 64.960945
v -118.978210 0.568217 64.301567
v -118.978210 1.690267 64.301567
v -118.978210 1.690267 64.960945
v -118.978210 0.568217 53.995586
v -118.978210 0.568217 53.336208
v -118.978210 1.690267 53.336208
v -118.978210 1.690267 53.995586
v -118.978210 0.568217 55.213959
v -118.978210 0.568217 54.554581
v -118.978210 1.690267 54.554581
v -118.978210 1.690267 55.213959
v -118.978210 0.568217 56.432331
v -118.978210 0.568217 55.772953
v -118.978210 1.690267 55.772953
v -118.978210 1.690267 56.432331
v -118.978210 0.568217 57.650703
v -118.978210 0.568217 56.991325
v -118.978210 1.690267 56.991325
v -118.978210 1.690267 57.650703
v -118.978210 0.568217 58.869076
v -118.978210 0.568217 58.209698
v -118.978210 1.690267 58.209698
v -118.978210 1.690267 58.869076
v -118.978210 0.568217 60.087452
v -118.978210 0.568217 59.428074
v -118.978210 1.690267 59.428074
v -118.978210 1.690267 60.087452
v -118.978210 0.568217 61.305824
v -118.978210 0.568217 60.646446
v -118.978210 1.690267 60.646446
v -118.978210 1.690267 61.305824
v -118.978210 0.568217 62.524197
v -118.978210 0.568217 61.864819
v -118.978210 1.690267 61.864819
v -118.978210 1.690267 62.524197
v -118.978210 0.568217 63.742569
v -118.978210 0.568217 63.083191
v -118.978210 1.690267 63.083191
v -118.978210 1.690267 63.742569
v -111.191925 0.575622 53.953079
v -111.191925 0.575622 53.378712
v -111.191925 1.682862 53.378712
v -111.191925 1.682862 53.953079
v -111.191925 0.562020 64.918434
v -111.191925 0.562020 64.344070
v -111.191925 1.696464 64.344070
v -111.191925 1.696464 64.918434
v -111.191925 0.565730 63.700066
v -111.191925 0.572143 63.125698
v -111.191925 1.686341 63.125698
v -111.191925 1.692754 63.700066
v -111.191925 0.575622 62.481689
v -111.191925 0.575622 61.907326
v -111.191925 1.682862 61.907326
v -111.191925 1.682861 62.481689
v -111.191925 0.575622 61.263317
v -111.191925 0.575622 60.688950
v -111.191925 1.682862 60.688950
v -111.191925 1.682862 61.263317
v -111.191925 0.575622 60.044945
v -111.191925 0.575622 59.470577
v -111.191925 1.682862 59.470577
v -111.191925 1.682862 60.044945
v -111.191925 0.575622 58.826572
v -111.191925 0.575622 58.252205
v -111.191925 1.682862 58.252205
v -111.191925 1.682862 58.826572
v -111.191925 0.575622 57.608200
v -111.191925 0.575622 57.033833
v -111.191925 1.682862 57.033833
v -111.191925 1.682862 57.608200
v -111.191925 0.575622 56.389824
v -111.191925 0.575622 55.815460
v -111.191925 1.682862 55.815460
v -111.191925 1.682862 56.389824
v -111.191925 0.575622 55.171452
v -111.191925 0.575622 54.597084
v -111.191925 1.682862 54.597084
v -111.191925 1.682862 55.171452
v -111.374054 0.575622 53.378712
v -111.374054 0.575622 53.953079
v -111.374054 1.682862 53.953079
v -111.374054 1.682862 53.378712
v -111.374054 0.562020 64.344070
v -111.374054 0.562020 64.918434
v -111.374054 1.696464 64.918434
v -111.374054 1.696464 64.344070
v -111.374054 0.572143 63.125698
v -111.374054 0.565730 63.700066
v -111.374054 1.692754 63.700066
v -111.374054 1.686341 63.125698
v -111.374054 0.575622 61.907326
v -111.374054 0.575622 62.481689
v -111.374054 1.682861 62.481689
v -111.374054 1.682862 61.907326
v -111.374054 0.575622 60.688950
v -111.374054 0.575622 61.263317
v -111.374054 1.682862 61.263317
v -111.374054 1.682862 60.688950
v -111.374054 0.575622 59.470577
v -111.374054 0.575622 60.044945
v -111.374054 1.682862 60.044945
v -111.374054 1.682862 59.470577
v -111.374054 0.575622 58.252205
v -111.374054 0.575622 58.826572
v -111.374054 1.682862 58.826572
v -111.374054 1.682862 58.252205
v -111.374054 0.575622 57.033833
v -111.374054 0.575622 57.608200
v -111.374054 1.682862 57.608200
v -111.374054 1.682862 57.033833
v -111.374054 0.575622 55.815460
v -111.374054 0.575622 56.389824
v -111.374054 1.682862 56.389824
v -111.374054 1.682862 55.815460
v -111.374054 0.575622 54.597084
v -111.374054 0.575622 55.171452
v -111.374054 1.682862 55.171452
v -111.374054 1.682862 54.597084
v -111.984200 0.570133 65.240440
v -111.390945 0.561992 65.240440
v -111.390945 1.696492 65.240440
v -111.984200 1.688351 65.240440
v -118.923325 0.572794 65.240440
v -118.330070 0.572794 65.240440
v -118.330070 1.685690 65.240440
v -118.923325 1.685690 65.240440
v -117.932022 0.572794 65.240440
v -117.338768 0.572794 65.240440
v -117.338768 1.685690 65.240440
v -117.932022 1.685690 65.240440
v -116.940720 0.572794 65.240440
v -116.347466 0.572794 65.240440
v -116.347466 1.685690 65.240440
v -116.940720 1.685690 65.240440
v -113.966805 0.572794 65.240440
v -113.373550 0.572794 65.240440
v -113.373550 1.685690 65.240440
v -113.966805 1.685690 65.240440
v -112.975502 0.572794 65.240440
v -112.382248 0.572794 65.240440
v -112.382248 1.685690 65.240440
v -112.975502 1.685690 65.240440
v -111.390945 0.561992 64.966164
v -111.984200 0.570133 64.966164
v -111.984200 1.688351 64.966164
v -111.390945 1.696492 64.966164
v -118.330070 0.572794 64.966164
v -118.923325 0.572794 64.966164
v -118.923325 1.685690 64.966164
v -118.330070 1.685690 64.966164
v -117.338768 0.572794 64.966164
v -117.932022 0.572794 64.966164
v -117.932022 1.685690 64.966164
v -117.338768 1.685690 64.966164
v -116.347466 0.572794 64.966164
v -116.940720 0.572794 64.966164
v -116.940720 1.685690 64.966164
v -116.347466 1.685690 64.966164
v -113.373550 0.572794 64.966164
v -113.966805 0.572794 64.966164
v -113.966805 1.685690 64.966164
v -113.373550 1.685690 64.966164
v -112.382248 0.572794 64.966164
v -112.975502 0.572794 64.966164
v -112.975502 1.685690 64.966164
v -112.382248 1.685690 64.966164
vn -0.0000 -1.0000 -0.0000
vn -0.0000 1.0000 -0.0000
vn -0.0000 -0.0000 -1.0000
vn -1.0000 -0.0000 -0.0000
vn 1.0000 -0.0000 -0.0000
vn 0.0065 -0.9999 -0.0141
vn -0.0000 -0.0000 1.0000
vn -0.0320 -0.9995 -0.0000
vn -0.0217 -0.9998 0.0053
vn -0.0000 0.9999 0.0112
vn -0.0000 -0.9999 0.0112
vn 0.0137 -0.9999 -0.0000
vn 0.0137 0.9999 -0.0000
vt 0.875000 0.900000
vt 0.875000 1.000000
vt 1.000000 1.000000
vt 1.000000 0.900000
vt 1.000000 0.100000
vt 1.000000 0.000000
vt 1.000000 0.100000
vt 1.000000 0.226429
vt 1.000000 0.226429
vt 0.000000 0.022940
vt 0.905462 1.000000
vt 0.905462 1.000000
vt 0.150096 0.000000
vt 0.150096 0.000000
vt 0.875000 0.900000
vt 0.875000 1.000000
vt 0.875000 0.000000
vt 0.875000 0.000000
vt 0.125000 1.000000
vt 0.000000 1.000000
vt 0.125000 0.000000
vt 0.000000 0.000000
vt 0.000000 0.100000
vt 0.000000 0.900000
vt 0.125000 1.000000
vt 0.750000 1.000000
vt 0.625000 1.000000
vt 0.500000 1.000000
vt 0.375000 1.000000
vt 0.250000 1.000000
vt 0.250000 1.000000
vt 0.125000 0.000000
vt 0.250000 0.000000
vt 0.250000 0.000000
vt 0.375000 0.000000
vt 0.500000 0.000000
vt 0.625000 0.000000
vt 0.750000 0.000000
vt 0.125000 0.900000
vt 0.250000 0.900000
vt 0.375000 0.900000
vt 0.500000 0.900000
vt 0.625000 0.900000
vt 0.750000 0.900000
vt 0.974904 0.000000
vt 0.275096 0.000000
vt 0.349904 0.000000
vt 0.025096 0.000000
vt 0.224904 0.000000
vt 0.900096 0.000000
vt 0.900096 0.000000
vt 0.280462 1.000000
vt 0.280462 1.000000
vt 0.969538 1.000000
vt 0.969538 1.000000
vt 0.344538 1.000000
vt 0.530462 1.000000
vt 0.594538 1.000000
vt 0.125000 0.900000
vt 0.250000 0.900000
vt 0.375000 0.900000
vt 0.750000 0.900000
vt 0.750000 0.100000
vt 0.875000 0.100000
vt 0.750000 0.200000
vt 0.875000 0.200000
vt 0.750000 0.300000
vt 0.875000 0.300000
vt 0.750000 0.400000
vt 0.875000 0.400000
vt 0.750000 0.500000
vt 0.875000 0.500000
vt 0.750000 0.600000
vt 0.875000 0.600000
vt 0.750000 0.700000
vt 0.875000 0.700000
vt 0.750000 0.800000
vt 0.875000 0.800000
vt 0.625000 0.100000
vt 0.625000 0.200000
vt 0.625000 0.300000
vt 0.625000 0.400000
vt 0.625000 0.500000
vt 0.625000 0.600000
vt 0.625000 0.700000
vt 0.625000 0.800000
vt 0.500000 0.100000
vt 0.500000 0.200000
vt 0.500000 0.300000
vt 0.500000 0.400000
vt 0.500000 0.500000
vt 0.500000 0.600000
vt 0.500000 0.700000
vt 0.500000 0.800000
vt 0.375000 0.100000
vt 0.375000 0.200000
vt 0.375000 0.300000
vt 0.375000 0.400000
vt 0.375000 0.500000
vt 0.375000 0.600000
vt 0.375000 0.700000
vt 0.375000 0.800000
vt 0.250000 0.100000
vt 0.250000 0.200000
vt 0.250000 0.300000
vt 0.250000 0.400000
vt 0.250000 0.500000
vt 0.250000 0.600000
vt 0.250000 0.700000
vt 0.250000 0.800000
vt 0.125000 0.100000
vt 0.125000 0.200000
vt 0.125000 0.300000
vt 0.125000 0.400000
vt 0.125000 0.500000
vt 0.125000 0.600000
vt 0.125000 0.700000
vt 0.125000 0.800000
vt 0.000000 0.200000
vt 0.000000 0.300000
vt 0.000000 0.400000
vt 0.000000 0.500000
vt 0.000000 0.600000
vt 0.000000 0.700000
vt 0.000000 0.800000
vt 0.750000 0.100000
vt 0.750000 0.200000
vt 0.875000 0.300000
vt 0.750000 0.300000
vt 0.875000 0.400000
vt 0.750000 0.400000
vt 0.750000 0.600000
vt 0.750000 0.700000
vt 0.875000 0.800000
vt 0.750000 0.800000
vt 0.625000 0.400000
vt 0.625000 0.700000
vt 0.500000 0.400000
vt 0.500000 0.700000
vt 0.375000 0.100000
vt 0.375000 0.200000
vt 0.375000 0.300000
vt 0.375000 0.400000
vt 0.375000 0.600000
vt 0.375000 0.700000
vt 0.375000 0.800000
vt 0.250000 0.100000
vt 0.250000 0.200000
vt 0.250000 0.300000
vt 0.250000 0.400000
vt 0.250000 0.500000
vt 0.250000 0.600000
vt 0.250000 0.700000
vt 0.250000 0.800000
vt 0.125000 0.100000
vt 0.125000 0.200000
vt 0.125000 0.300000
vt 0.125000 0.400000
vt 0.125000 0.500000
vt 0.125000 0.600000
vt 0.125000 0.700000
vt 0.125000 0.800000
vt 0.000000 0.400000
vt 0.000000 0.700000
vt 1.000000 0.200000
vt 1.000000 0.300000
vt 1.000000 0.400000
vt 1.000000 0.400000
vt 1.000000 0.500000
vt 1.000000 0.600000
vt 1.000000 0.600000
vt 1.000000 0.700000
vt 1.000000 0.700000
vt 1.000000 0.800000
vt 0.000000 0.700000
vt 0.000000 0.600000
vt 0.000000 0.300000
vt 0.000000 0.200000
vt 1.000000 0.100000
vt 1.000000 0.300000
vt 1.000000 0.300000
vt 1.000000 0.400000
vt 1.000000 0.400000
vt 1.000000 0.600000
vt 1.000000 0.700000
vt 1.000000 0.700000
vt 1.000000 0.800000
vt 0.000000 0.700000
vt 0.000000 0.800000
vt 1.000000 0.400000
vt 1.000000 0.300000
vt 1.000000 0.400000
vt 1.000000 0.700000
vt 0.000000 0.522940
vt 0.000000 0.077060
vt 0.000000 0.077060
vt 0.000000 0.577060
vt 0.000000 0.722940
vt 0.000000 0.777060
vt 0.000000 0.222940
vt 0.000000 0.277060
vt 0.000000 0.722940
vt 0.000000 0.222940
vt 1.000000 0.726429
vt 1.000000 0.726429
vt 1.000000 0.073571
vt 1.000000 0.026429
vt 1.000000 0.573571
vt 1.000000 0.526429
vt 1.000000 0.273571
vt 1.000000 0.773571
vt 1.000000 0.073571
vt 1.000000 0.573571
vt 1.000000 0.026429
vt 1.000000 0.526429
vt 0.030462 1.000000
vt 0.094538 1.000000
vt 0.030462 1.000000
vt 0.780462 1.000000
vt 0.844538 1.000000
vt 0.780462 1.000000
vt 0.655462 1.000000
vt 0.719538 1.000000
vt 0.655462 1.000000
vt 0.405462 1.000000
vt 0.469538 1.000000
vt 0.405462 1.000000
vt 0.469538 1.000000
vt 0.155462 1.000000
vt 0.219538 1.000000
vt 0.155462 1.000000
vt 0.000000 0.922940
vt 0.000000 0.977060
vt 0.000000 0.977060
vt 0.000000 0.822940
vt 0.000000 0.877060
vt 0.000000 0.877060
vt 0.000000 0.622940
vt 0.000000 0.677060
vt 0.000000 0.677060
vt 0.000000 0.422940
vt 0.000000 0.477060
vt 0.000000 0.322940
vt 0.000000 0.377060
vt 0.000000 0.377060
vt 0.000000 0.277060
vt 0.000000 0.122940
vt 0.000000 0.177060
vt 0.000000 0.122940
vt 0.000000 0.177060
vt 1.000000 0.973571
vt 1.000000 0.926429
vt 1.000000 0.973571
vt 1.000000 0.926429
vt 1.000000 0.173571
vt 1.000000 0.126429
vt 1.000000 0.126429
vt 1.000000 0.273571
vt 1.000000 0.373571
vt 1.000000 0.326429
vt 1.000000 0.373571
vt 1.000000 0.326429
vt 1.000000 0.473571
vt 1.000000 0.426429
vt 1.000000 0.473571
vt 1.000000 0.426429
vt 1.000000 0.673571
vt 1.000000 0.626429
vt 1.000000 0.673571
vt 1.000000 0.626429
vt 1.000000 0.873571
vt 1.000000 0.826429
vt 1.000000 0.873571
vt 0.099904 0.000000
vt 0.224904 0.000000
vt 0.349904 0.000000
vt 0.275096 0.000000
vt 0.724904 0.000000
vt 0.650096 0.000000
vt 0.724904 0.000000
vt 0.849904 0.000000
vt 0.775096 0.000000
s 0
usemtl Building_A_floor_1
f 5724/322/7 5414/323/7 5386/324/7 5516/325/7
f 5544/326/8 5393/327/8 5401/327/8 5580/328/8
f 5892/329/9 5889/330/9 5930/330/9 5931/329/9
f 5798/331/9 5799/331/9 5840/331/9 5837/331/9
f 5738/332/10 5739/333/10 5772/333/10 5769/332/10
f 5968/334/11 5965/335/11 5990/335/11 5991/334/11
f 5669/336/8 5552/325/8 5394/324/8 5442/337/8
f 5427/338/12 5389/327/12 5397/327/12 5455/339/12
f 5434/340/7 5387/341/7 5395/341/7 5462/340/7
f 5435/342/8 5392/343/8 5400/343/8 5463/342/8
f 5462/340/9 5395/341/9 5399/341/9 5476/340/9
f 5455/339/13 5397/327/13 5401/327/13 5469/339/13
f 5570/325/11 5398/324/11 5402/324/11 5588/325/11
f 5561/344/10 5396/343/10 5400/343/10 5579/344/10
f 5535/345/8 5391/341/8 5399/341/8 5571/345/8
f 5534/325/7 5390/324/7 5398/324/7 5570/325/7
f 5442/337/8 5394/324/8 5402/324/8 5470/337/8
f 5525/344/7 5388/343/7 5396/343/7 5561/344/7
f 5413/339/13 5384/327/13 5404/327/13 5477/339/13
f 5420/346/9 5385/341/9 5406/341/9 5484/340/9
f 5507/344/10 5383/343/10 5405/343/10 5589/344/10
f 5516/325/11 5386/324/11 5403/324/11 5598/325/11
f 5386/324/9 5414/323/9 5490/323/9 5403/324/9
f 5414/323/9 5415/347/9 5489/347/9 5490/323/9
f 5415/347/9 5416/348/9 5488/348/9 5489/347/9
f 5416/348/9 5417/349/9 5487/349/9 5488/348/9
f 5417/349/9 5418/350/9 5486/350/9 5487/349/9
f 5418/350/9 5419/351/9 5485/352/9 5486/350/9
f 5419/351/9 5420/346/9 5484/340/9 5485/352/9
f 5383/343/13 5407/342/13 5483/353/13 5405/343/13
f 5407/342/13 5408/354/13 5482/355/13 5483/353/13
f 5408/354/13 5409/356/13 5481/356/13 5482/355/13
f 5409/356/8 5410/357/8 5492/357/8 5491/356/8
f 5481/356/11 5409/356/11 5491/356/11 5499/356/11
f 5411/358/13 5412/359/13 5478/359/13 5479/358/13
f 5412/359/13 5413/339/13 5477/339/13 5478/359/13
f 5391/341/8 5448/340/8 5476/340/8 5399/341/8
f 5448/340/8 5447/352/8 5475/352/8 5476/340/8
f 5447/352/8 5446/350/8 5474/350/8 5475/352/8
f 5446/350/8 5445/349/8 5473/349/8 5474/350/8
f 5445/349/8 5444/348/8 5472/348/8 5473/349/8
f 5444/348/8 5443/347/8 5471/347/8 5472/348/8
f 5443/347/8 5442/337/8 5470/337/8 5471/347/8
f 5396/343/13 5449/342/13 5463/342/13 5400/343/13
f 5449/342/13 5450/354/13 5464/354/13 5463/342/13
f 5450/354/13 5451/356/13 5465/356/13 5464/354/13
f 5451/356/13 5452/357/13 5466/357/13 5465/356/13
f 5452/357/13 5453/358/13 5467/358/13 5466/357/13
f 5453/358/13 5454/359/13 5468/359/13 5467/358/13
f 5454/359/13 5455/339/13 5469/339/13 5468/359/13
f 5398/324/9 5456/323/9 5470/337/9 5402/324/9
f 5456/323/9 5457/347/9 5471/347/9 5470/337/9
f 5457/347/9 5458/348/9 5472/348/9 5471/347/9
f 5458/348/9 5459/349/9 5473/349/9 5472/348/9
f 5459/349/9 5460/350/9 5474/350/9 5473/349/9
f 5460/350/9 5461/352/9 5475/352/9 5474/350/9
f 5461/352/9 5462/340/9 5476/340/9 5475/352/9
f 5393/327/8 5441/339/8 5469/339/8 5401/327/8
f 5441/339/8 5440/359/8 5468/359/8 5469/339/8
f 5440/359/8 5439/358/8 5467/358/8 5468/359/8
f 5439/358/8 5438/357/8 5466/357/8 5467/358/8
f 5438/357/8 5437/356/8 5465/356/8 5466/357/8
f 5437/356/8 5436/354/8 5464/354/8 5465/356/8
f 5436/354/8 5435/342/8 5463/342/8 5464/354/8
f 5390/324/7 5428/323/7 5456/323/7 5398/324/7
f 5428/323/7 5429/347/7 5457/347/7 5456/323/7
f 5429/347/7 5430/348/7 5458/348/7 5457/347/7
f 5430/348/7 5431/349/7 5459/349/7 5458/348/7
f 5431/349/7 5432/350/7 5460/350/7 5459/349/7
f 5432/350/7 5433/352/7 5461/352/7 5460/350/7
f 5433/352/7 5434/340/7 5462/340/7 5461/352/7
f 5388/343/7 5421/342/7 5449/342/7 5396/343/7
f 5421/342/7 5422/354/7 5450/354/7 5449/342/7
f 5422/354/7 5423/356/7 5451/356/7 5450/354/7
f 5423/356/7 5424/357/7 5452/357/7 5451/356/7
f 5424/357/7 5425/358/7 5453/358/7 5452/357/7
f 5425/358/7 5426/359/7 5454/359/7 5453/358/7
f 5426/359/7 5427/338/7 5455/339/7 5454/359/7
f 5535/345/8 5615/360/8 5448/340/8 5391/341/8
f 5615/360/8 5624/361/8 5447/352/8 5448/340/8
f 5624/361/8 5633/362/8 5446/350/8 5447/352/8
f 5633/362/8 5642/363/8 5445/349/8 5446/350/8
f 5642/363/8 5651/364/8 5444/348/8 5445/349/8
f 5651/364/8 5660/365/8 5443/347/8 5444/348/8
f 5660/365/8 5669/336/8 5442/337/8 5443/347/8
f 5958/366/10 5959/366/10 5984/366/10 5981/366/10
f 5969/367/8 5970/368/8 5993/368/8 5994/367/8
f 5964/369/11 5961/369/11 5986/369/11 5987/369/11
f 5425/358/7 5424/357/7 5495/357/7 5496/358/7
f 5411/358/10 5479/358/10 5497/358/10 5493/358/10
f 5965/335/8 5966/370/8 5989/370/8 5990/335/8
f 5960/371/11 5957/372/11 5982/372/11 5983/371/11
f 5758/373/10 5759/374/10 5792/374/10 5789/373/10
f 5740/375/11 5737/376/11 5770/376/11 5771/375/11
f 5760/377/11 5757/377/11 5790/377/11 5791/377/11
f 5751/378/8 5752/379/8 5783/379/8 5784/378/8
f 5737/376/7 5738/332/7 5769/332/7 5770/376/7
f 5757/377/7 5758/373/7 5789/373/7 5790/377/7
f 5750/378/10 5751/378/10 5784/378/10 5781/378/10
f 5480/345/7 5385/341/7 5420/346/7 5670/380/7
f 5670/380/7 5420/346/7 5419/351/7 5679/381/7
f 5679/381/7 5419/351/7 5418/350/7 5688/382/7
f 5688/382/7 5418/350/7 5417/349/7 5697/363/7
f 5697/363/7 5417/349/7 5416/348/7 5706/364/7
f 5706/364/7 5416/348/7 5415/347/7 5715/383/7
f 5715/383/7 5415/347/7 5414/323/7 5724/322/7
f 5491/356/13 5492/357/13 5498/357/13 5499/356/13
f 5492/357/13 5493/358/13 5497/358/13 5498/357/13
f 5499/356/13 5498/357/13 5495/357/13 5494/356/13
f 5498/357/13 5497/358/13 5496/358/13 5495/357/13
f 5479/358/10 5425/358/10 5496/358/10 5497/358/10
f 5423/356/11 5481/356/11 5499/356/11 5494/356/11
f 5424/357/7 5423/356/7 5494/356/7 5495/357/7
f 5410/357/8 5411/358/8 5493/358/8 5492/357/8
f 5412/359/7 5723/384/7 5732/385/7 5413/339/7
f 5723/384/7 5722/386/7 5731/387/7 5732/385/7
f 5722/386/7 5721/388/7 5730/389/7 5731/387/7
f 5721/388/7 5720/390/7 5729/391/7 5730/389/7
f 5720/390/7 5719/392/7 5728/393/7 5729/391/7
f 5719/392/7 5718/394/7 5727/395/7 5728/393/7
f 5718/394/7 5717/396/7 5726/397/7 5727/395/7
f 5717/396/7 5716/398/7 5725/399/7 5726/397/7
f 5716/398/7 5715/383/7 5724/322/7 5725/399/7
f 5411/358/7 5714/400/7 5723/384/7 5412/359/7
f 5714/400/7 5713/401/7 5722/386/7 5723/384/7
f 5713/401/7 5712/402/7 5721/388/7 5722/386/7
f 5712/402/7 5711/403/7 5720/390/7 5721/388/7
f 5711/403/7 5710/404/7 5719/392/7 5720/390/7
f 5710/404/7 5709/405/7 5718/394/7 5719/392/7
f 5709/405/7 5708/406/7 5717/396/7 5718/394/7
f 5708/406/7 5707/407/7 5716/398/7 5717/396/7
f 5707/407/7 5706/364/7 5715/383/7 5716/398/7
f 5410/357/7 5705/408/7 5714/400/7 5411/358/7
f 5705/408/7 5704/409/7 5713/401/7 5714/400/7
f 5704/409/7 5703/410/7 5712/402/7 5713/401/7
f 5703/410/7 5702/411/7 5711/403/7 5712/402/7
f 5702/411/7 5701/412/7 5710/404/7 5711/403/7
f 5701/412/7 5700/413/7 5709/405/7 5710/404/7
f 5700/413/7 5699/414/7 5708/406/7 5709/405/7
f 5699/414/7 5698/415/7 5707/407/7 5708/406/7
f 5698/415/7 5697/363/7 5706/364/7 5707/407/7
f 5409/356/7 5696/416/7 5705/408/7 5410/357/7
f 5696/416/7 5695/417/7 5704/409/7 5705/408/7
f 5695/417/7 5694/418/7 5703/410/7 5704/409/7
f 5694/418/7 5693/419/7 5702/411/7 5703/410/7
f 5693/419/7 5692/420/7 5701/412/7 5702/411/7
f 5692/420/7 5691/421/7 5700/413/7 5701/412/7
f 5691/421/7 5690/422/7 5699/414/7 5700/413/7
f 5690/422/7 5689/423/7 5698/415/7 5699/414/7
f 5689/423/7 5688/382/7 5697/363/7 5698/415/7
f 5408/354/7 5687/424/7 5696/416/7 5409/356/7
f 5687/424/7 5686/425/7 5695/417/7 5696/416/7
f 5686/425/7 5685/426/7 5694/418/7 5695/417/7
f 5685/426/7 5684/427/7 5693/419/7 5694/418/7
f 5684/427/7 5683/428/7 5692/420/7 5693/419/7
f 5683/428/7 5682/429/7 5691/421/7 5692/420/7
f 5682/429/7 5681/430/7 5690/422/7 5691/421/7
f 5681/430/7 5680/431/7 5689/423/7 5690/422/7
f 5680/431/7 5679/381/7 5688/382/7 5689/423/7
f 5407/342/7 5678/432/7 5687/424/7 5408/354/7
f 5678/432/7 5677/433/7 5686/425/7 5687/424/7
f 5677/433/7 5676/434/7 5685/426/7 5686/425/7
f 5676/434/7 5675/435/7 5684/427/7 5685/426/7
f 5675/435/7 5674/436/7 5683/428/7 5684/427/7
f 5674/436/7 5673/437/7 5682/429/7 5683/428/7
f 5673/437/7 5672/438/7 5681/430/7 5682/429/7
f 5672/438/7 5671/439/7 5680/431/7 5681/430/7
f 5671/439/7 5670/380/7 5679/381/7 5680/431/7
f 5383/343/7 5507/344/7 5678/432/7 5407/342/7
f 5507/344/7 5506/440/7 5677/433/7 5678/432/7
f 5506/440/7 5505/441/7 5676/434/7 5677/433/7
f 5505/441/7 5504/442/7 5675/435/7 5676/434/7
f 5504/442/7 5503/443/7 5674/436/7 5675/435/7
f 5503/443/7 5502/444/7 5673/437/7 5674/436/7
f 5502/444/7 5501/445/7 5672/438/7 5673/437/7
f 5501/445/7 5500/446/7 5671/439/7 5672/438/7
f 5500/446/7 5480/345/7 5670/380/7 5671/439/7
f 5440/359/8 5441/339/8 5661/385/8 5652/447/8
f 5652/447/8 5661/385/8 5662/387/8 5653/448/8
f 5653/448/8 5662/387/8 5663/449/8 5654/450/8
f 5654/450/8 5663/449/8 5664/451/8 5655/452/8
f 5655/452/8 5664/451/8 5665/393/8 5656/392/8
f 5656/392/8 5665/393/8 5666/395/8 5657/453/8
f 5657/453/8 5666/395/8 5667/397/8 5658/454/8
f 5658/454/8 5667/397/8 5668/455/8 5659/456/8
f 5659/456/8 5668/455/8 5669/336/8 5660/365/8
f 5439/358/8 5440/359/8 5652/447/8 5643/400/8
f 5643/400/8 5652/447/8 5653/448/8 5644/401/8
f 5644/401/8 5653/448/8 5654/450/8 5645/402/8
f 5645/402/8 5654/450/8 5655/452/8 5646/457/8
f 5646/457/8 5655/452/8 5656/392/8 5647/404/8
f 5647/404/8 5656/392/8 5657/453/8 5648/405/8
f 5648/405/8 5657/453/8 5658/454/8 5649/458/8
f 5649/458/8 5658/454/8 5659/456/8 5650/407/8
f 5650/407/8 5659/456/8 5660/365/8 5651/364/8
f 5438/357/8 5439/358/8 5643/400/8 5634/408/8
f 5634/408/8 5643/400/8 5644/401/8 5635/409/8
f 5635/409/8 5644/401/8 5645/402/8 5636/410/8
f 5636/410/8 5645/402/8 5646/457/8 5637/459/8
f 5637/459/8 5646/457/8 5647/404/8 5638/412/8
f 5638/412/8 5647/404/8 5648/405/8 5639/413/8
f 5639/413/8 5648/405/8 5649/458/8 5640/460/8
f 5640/460/8 5649/458/8 5650/407/8 5641/415/8
f 5641/415/8 5650/407/8 5651/364/8 5642/363/8
f 5437/356/8 5438/357/8 5634/408/8 5625/461/8
f 5625/461/8 5634/408/8 5635/409/8 5626/462/8
f 5626/462/8 5635/409/8 5636/410/8 5627/463/8
f 5627/463/8 5636/410/8 5637/459/8 5628/464/8
f 5628/464/8 5637/459/8 5638/412/8 5629/420/8
f 5629/420/8 5638/412/8 5639/413/8 5630/465/8
f 5630/465/8 5639/413/8 5640/460/8 5631/466/8
f 5631/466/8 5640/460/8 5641/415/8 5632/467/8
f 5632/467/8 5641/415/8 5642/363/8 5633/362/8
f 5436/354/8 5437/356/8 5625/461/8 5616/468/8
f 5616/468/8 5625/461/8 5626/462/8 5617/469/8
f 5617/469/8 5626/462/8 5627/463/8 5618/470/8
f 5618/470/8 5627/463/8 5628/464/8 5619/471/8
f 5619/471/8 5628/464/8 5629/420/8 5620/472/8
f 5620/472/8 5629/420/8 5630/465/8 5621/473/8
f 5621/473/8 5630/465/8 5631/466/8 5622/474/8
f 5622/474/8 5631/466/8 5632/467/8 5623/475/8
f 5623/475/8 5632/467/8 5633/362/8 5624/361/8
f 5435/342/8 5436/354/8 5616/468/8 5607/476/8
f 5607/476/8 5616/468/8 5617/469/8 5608/477/8
f 5608/477/8 5617/469/8 5618/470/8 5609/478/8
f 5609/478/8 5618/470/8 5619/471/8 5610/479/8
f 5610/479/8 5619/471/8 5620/472/8 5611/480/8
f 5611/480/8 5620/472/8 5621/473/8 5612/481/8
f 5612/481/8 5621/473/8 5622/474/8 5613/482/8
f 5613/482/8 5622/474/8 5623/475/8 5614/483/8
f 5614/483/8 5623/475/8 5624/361/8 5615/360/8
f 5392/343/8 5435/342/8 5607/476/8 5543/344/8
f 5543/344/8 5607/476/8 5608/477/8 5542/440/8
f 5542/440/8 5608/477/8 5609/478/8 5541/441/8
f 5541/441/8 5609/478/8 5610/479/8 5540/484/8
f 5540/484/8 5610/479/8 5611/480/8 5539/443/8
f 5539/443/8 5611/480/8 5612/481/8 5538/444/8
f 5538/444/8 5612/481/8 5613/482/8 5537/485/8
f 5537/485/8 5613/482/8 5614/483/8 5536/446/8
f 5536/446/8 5614/483/8 5615/360/8 5535/345/8
f 5384/327/11 5508/326/11 5606/326/11 5404/327/11
f 5508/326/11 5509/486/11 5605/486/11 5606/326/11
f 5509/486/11 5510/487/11 5604/487/11 5605/486/11
f 5510/487/11 5511/488/11 5603/489/11 5604/487/11
f 5511/488/11 5512/490/11 5602/490/11 5603/489/11
f 5512/490/11 5513/491/11 5601/492/11 5602/490/11
f 5513/491/11 5514/493/11 5600/494/11 5601/492/11
f 5514/493/11 5515/495/11 5599/495/11 5600/494/11
f 5515/495/11 5516/325/11 5598/325/11 5599/495/11
f 5385/341/10 5480/345/10 5597/345/10 5406/341/10
f 5480/345/10 5500/446/10 5596/446/10 5597/345/10
f 5500/446/10 5501/445/10 5595/445/10 5596/446/10
f 5501/445/10 5502/444/10 5594/444/10 5595/445/10
f 5502/444/10 5503/443/10 5593/443/10 5594/444/10
f 5503/443/10 5504/442/10 5592/484/10 5593/443/10
f 5504/442/10 5505/441/10 5591/441/10 5592/484/10
f 5505/441/10 5506/440/10 5590/440/10 5591/441/10
f 5506/440/10 5507/344/10 5589/344/10 5590/440/10
f 5387/341/7 5517/345/7 5553/345/7 5395/341/7
f 5517/345/7 5518/446/7 5554/446/7 5553/345/7
f 5518/446/7 5519/496/7 5555/485/7 5554/446/7
f 5519/496/7 5520/497/7 5556/444/7 5555/485/7
f 5520/497/7 5521/443/7 5557/443/7 5556/444/7
f 5521/443/7 5522/484/7 5558/484/7 5557/443/7
f 5522/484/7 5523/498/7 5559/441/7 5558/484/7
f 5523/498/7 5524/499/7 5560/499/7 5559/441/7
f 5524/499/7 5525/344/7 5561/344/7 5560/499/7
f 5389/327/14 5526/326/14 5562/500/14 5397/327/14
f 5526/326/15 5527/486/15 5563/486/15 5562/500/15
f 5527/486/7 5528/501/7 5564/502/7 5563/486/7
f 5528/501/7 5529/503/7 5565/504/7 5564/502/7
f 5529/503/7 5530/490/7 5566/490/7 5565/504/7
f 5530/490/7 5531/505/7 5567/491/7 5566/490/7
f 5531/505/7 5532/506/7 5568/507/7 5567/491/7
f 5532/506/7 5533/508/7 5569/508/7 5568/507/7
f 5533/508/7 5534/325/7 5570/325/7 5569/508/7
f 5392/343/8 5543/344/8 5579/344/8 5400/343/8
f 5543/344/8 5542/440/8 5578/440/8 5579/344/8
f 5542/440/8 5541/441/8 5577/441/8 5578/440/8
f 5541/441/8 5540/484/8 5576/442/8 5577/441/8
f 5540/484/8 5539/443/8 5575/443/8 5576/442/8
f 5539/443/8 5538/444/8 5574/444/8 5575/443/8
f 5538/444/8 5537/485/8 5573/509/8 5574/444/8
f 5537/485/8 5536/446/8 5572/510/8 5573/509/8
f 5536/446/8 5535/345/8 5571/345/8 5572/510/8
f 5395/341/10 5553/345/10 5571/345/10 5399/341/10
f 5553/345/10 5554/446/10 5572/510/10 5571/345/10
f 5554/446/10 5555/485/10 5573/509/10 5572/510/10
f 5555/485/10 5556/444/10 5574/444/10 5573/509/10
f 5556/444/10 5557/443/10 5575/443/10 5574/444/10
f 5557/443/10 5558/484/10 5576/442/10 5575/443/10
f 5558/484/10 5559/441/10 5577/441/10 5576/442/10
f 5559/441/10 5560/499/10 5578/440/10 5577/441/10
f 5560/499/10 5561/344/10 5579/344/10 5578/440/10
f 5397/327/11 5562/500/11 5580/328/11 5401/327/11
f 5562/500/11 5563/486/11 5581/486/11 5580/328/11
f 5563/486/11 5564/502/11 5582/502/11 5581/486/11
f 5564/502/11 5565/504/11 5583/511/11 5582/502/11
f 5565/504/11 5566/490/11 5584/490/11 5583/511/11
f 5566/490/11 5567/491/11 5585/491/11 5584/490/11
f 5567/491/11 5568/507/11 5586/507/11 5585/491/11
f 5568/507/11 5569/508/11 5587/508/11 5586/507/11
f 5569/508/11 5570/325/11 5588/325/11 5587/508/11
f 5441/339/8 5393/327/8 5544/326/8 5661/385/8
f 5661/385/8 5544/326/8 5545/486/8 5662/387/8
f 5662/387/8 5545/486/8 5546/512/8 5663/449/8
f 5663/449/8 5546/512/8 5547/513/8 5664/451/8
f 5664/451/8 5547/513/8 5548/490/8 5665/393/8
f 5665/393/8 5548/490/8 5549/505/8 5666/395/8
f 5666/395/8 5549/505/8 5550/514/8 5667/397/8
f 5667/397/8 5550/514/8 5551/495/8 5668/455/8
f 5668/455/8 5551/495/8 5552/325/8 5669/336/8
f 5818/515/9 5819/515/9 5860/515/9 5857/515/9
f 5800/516/13 5797/517/13 5838/517/13 5839/516/13
f 5820/518/13 5817/518/13 5858/518/13 5859/518/13
f 5811/519/7 5812/520/7 5851/520/7 5852/519/7
f 5797/517/8 5798/331/8 5837/331/8 5838/517/8
f 5831/521/7 5832/522/7 5871/522/7 5872/521/7
f 5817/518/8 5818/515/8 5857/515/8 5858/518/8
f 5810/523/9 5811/519/9 5852/519/9 5849/523/9
f 5830/524/9 5831/521/9 5872/521/9 5869/524/9
f 5912/525/9 5909/526/9 5950/526/9 5951/525/9
f 5883/527/7 5884/528/7 5923/528/7 5924/527/7
f 5903/529/7 5904/530/7 5943/530/7 5944/529/7
f 5889/330/8 5890/531/8 5929/531/8 5930/330/8
f 5909/526/8 5910/532/8 5949/532/8 5950/526/8
f 5882/533/13 5883/527/13 5924/527/13 5921/533/13
f 5902/534/13 5903/529/13 5944/529/13 5941/534/13
f 5884/528/9 5881/535/9 5922/535/9 5923/528/9
f 5904/530/9 5901/536/9 5942/536/9 5943/530/9
f 5394/324/8 5552/325/8 5588/325/8 5402/324/8
f 5552/325/8 5551/495/8 5587/508/8 5588/325/8
f 5551/495/8 5550/514/8 5586/507/8 5587/508/8
f 5550/514/8 5549/505/8 5585/491/8 5586/507/8
f 5549/505/8 5548/490/8 5584/490/8 5585/491/8
f 5548/490/8 5547/513/8 5583/511/8 5584/490/8
f 5547/513/8 5546/512/8 5582/502/8 5583/511/8
f 5546/512/8 5545/486/8 5581/486/8 5582/502/8
f 5545/486/8 5544/326/8 5580/328/8 5581/486/8
f 5413/339/7 5732/385/7 5508/326/7 5384/327/7
f 5732/385/7 5731/387/7 5509/486/7 5508/326/7
f 5731/387/7 5730/389/7 5510/487/7 5509/486/7
f 5730/389/7 5729/391/7 5511/488/7 5510/487/7
f 5729/391/7 5728/393/7 5512/490/7 5511/488/7
f 5728/393/7 5727/395/7 5513/491/7 5512/490/7
f 5727/395/7 5726/397/7 5514/493/7 5513/491/7
f 5726/397/7 5725/399/7 5515/495/7 5514/493/7
f 5725/399/7 5724/322/7 5516/325/7 5515/495/7
f 5484/340/9 5406/341/9 5734/537/9 5733/538/9
f 5406/341/9 5387/341/9 5735/539/9 5734/537/9
f 5387/341/9 5434/340/9 5736/538/9 5735/539/9
f 5434/340/9 5484/340/9 5733/538/9 5736/538/9
f 5403/324/9 5490/323/9 5738/332/9 5737/376/9
f 5490/323/9 5428/323/9 5739/333/9 5738/332/9
f 5428/323/9 5390/324/9 5740/375/9 5739/333/9
f 5390/324/9 5403/324/9 5737/376/9 5740/375/9
f 5490/323/9 5489/347/9 5742/540/9 5741/541/9
f 5489/347/9 5429/347/9 5743/542/9 5742/540/9
f 5429/347/9 5428/323/9 5744/541/9 5743/542/9
f 5428/323/9 5490/323/9 5741/541/9 5744/541/9
f 5489/347/9 5488/348/9 5746/543/9 5745/544/9
f 5488/348/9 5430/348/9 5747/545/9 5746/543/9
f 5430/348/9 5429/347/9 5748/544/9 5747/545/9
f 5429/347/9 5489/347/9 5745/544/9 5748/544/9
f 5488/348/9 5487/349/9 5750/378/9 5749/379/9
f 5487/349/9 5431/349/9 5751/378/9 5750/378/9
f 5431/349/9 5430/348/9 5752/379/9 5751/378/9
f 5430/348/9 5488/348/9 5749/379/9 5752/379/9
f 5487/349/9 5486/350/9 5754/546/9 5753/547/9
f 5486/350/9 5432/350/9 5755/548/9 5754/546/9
f 5432/350/9 5431/349/9 5756/549/9 5755/548/9
f 5431/349/9 5487/349/9 5753/547/9 5756/549/9
f 5486/350/9 5485/352/9 5758/373/9 5757/377/9
f 5485/352/9 5433/352/9 5759/374/9 5758/373/9
f 5433/352/9 5432/350/9 5760/377/9 5759/374/9
f 5432/350/9 5486/350/9 5757/377/9 5760/377/9
f 5485/352/9 5484/340/9 5762/550/9 5761/551/9
f 5484/340/9 5434/340/9 5763/552/9 5762/550/9
f 5434/340/9 5433/352/9 5764/551/9 5763/552/9
f 5433/352/9 5485/352/9 5761/551/9 5764/551/9
f 5778/544/9 5777/543/9 5780/545/9 5779/544/9
f 5786/547/9 5785/546/9 5788/548/9 5787/549/9
f 5794/551/9 5793/550/9 5796/552/9 5795/551/9
f 5745/544/7 5746/543/7 5777/543/7 5778/544/7
f 5759/374/8 5760/377/8 5791/377/8 5792/374/8
f 5739/333/8 5740/375/8 5771/375/8 5772/333/8
f 5748/544/11 5745/544/11 5778/544/11 5779/544/11
f 5746/543/10 5747/545/10 5780/545/10 5777/543/10
f 5753/547/7 5754/546/7 5785/546/7 5786/547/7
f 5733/538/7 5734/537/7 5765/537/7 5766/538/7
f 5747/545/8 5748/544/8 5779/544/8 5780/545/8
f 5756/549/11 5753/547/11 5786/547/11 5787/549/11
f 5736/538/11 5733/538/11 5766/538/11 5767/538/11
f 5754/546/10 5755/548/10 5788/548/10 5785/546/10
f 5734/537/10 5735/539/10 5768/539/10 5765/537/10
f 5761/551/7 5762/550/7 5793/550/7 5794/551/7
f 5741/541/7 5742/540/7 5773/540/7 5774/541/7
f 5755/548/8 5756/549/8 5787/549/8 5788/548/8
f 5735/539/8 5736/538/8 5767/538/8 5768/539/8
f 5764/551/11 5761/551/11 5794/551/11 5795/551/11
f 5744/541/11 5741/541/11 5774/541/11 5775/541/11
f 5762/550/10 5763/552/10 5796/552/10 5793/550/10
f 5742/540/10 5743/542/10 5776/542/10 5773/540/10
f 5749/379/7 5750/378/7 5781/378/7 5782/379/7
f 5763/552/8 5764/551/8 5795/551/8 5796/552/8
f 5743/542/8 5744/541/8 5775/541/8 5776/542/8
f 5752/379/11 5749/379/11 5782/379/11 5783/379/11
f 5589/344/10 5405/343/10 5798/331/10 5797/517/10
f 5405/343/10 5388/343/10 5799/331/10 5798/331/10
f 5388/343/10 5525/344/10 5800/516/10 5799/331/10
f 5525/344/10 5589/344/10 5797/517/10 5800/516/10
f 5406/341/10 5597/345/10 5802/553/10 5801/554/10
f 5597/345/10 5517/345/10 5803/553/10 5802/553/10
f 5517/345/10 5387/341/10 5804/555/10 5803/553/10
f 5387/341/10 5406/341/10 5801/554/10 5804/555/10
f 5597/345/10 5596/446/10 5806/556/10 5805/557/10
f 5596/446/10 5518/446/10 5807/556/10 5806/556/10
f 5518/446/10 5517/345/10 5808/558/10 5807/556/10
f 5517/345/10 5597/345/10 5805/557/10 5808/558/10
f 5596/446/10 5595/445/10 5810/523/10 5809/520/10
f 5595/445/10 5519/496/10 5811/519/10 5810/523/10
f 5519/496/10 5518/446/10 5812/520/10 5811/519/10
f 5518/446/10 5596/446/10 5809/520/10 5812/520/10
f 5595/445/10 5594/444/10 5814/559/10 5813/560/10
f 5594/444/10 5520/497/10 5815/559/10 5814/559/10
f 5520/497/10 5519/496/10 5816/561/10 5815/559/10
f 5519/496/10 5595/445/10 5813/560/10 5816/561/10
f 5594/444/10 5593/443/10 5818/515/10 5817/518/10
f 5593/443/10 5521/443/10 5819/515/10 5818/515/10
f 5521/443/10 5520/497/10 5820/518/10 5819/515/10
f 5520/497/10 5594/444/10 5817/518/10 5820/518/10
f 5593/443/10 5592/484/10 5822/562/10 5821/563/10
f 5592/484/10 5522/484/10 5823/562/10 5822/562/10
f 5522/484/10 5521/443/10 5824/563/10 5823/562/10
f 5521/443/10 5593/443/10 5821/563/10 5824/563/10
f 5592/484/10 5591/441/10 5826/564/10 5825/565/10
f 5591/441/10 5523/498/10 5827/564/10 5826/564/10
f 5523/498/10 5522/484/10 5828/566/10 5827/564/10
f 5522/484/10 5592/484/10 5825/565/10 5828/566/10
f 5591/441/10 5590/440/10 5830/524/10 5829/567/10
f 5590/440/10 5524/499/10 5831/521/10 5830/524/10
f 5524/499/10 5523/498/10 5832/522/10 5831/521/10
f 5523/498/10 5591/441/10 5829/567/10 5832/522/10
f 5590/440/10 5589/344/10 5834/568/10 5833/569/10
f 5589/344/10 5525/344/10 5835/570/10 5834/568/10
f 5525/344/10 5524/499/10 5836/571/10 5835/570/10
f 5524/499/10 5590/440/10 5833/569/10 5836/571/10
f 5854/560/10 5853/559/10 5856/559/10 5855/561/10
f 5862/563/10 5861/562/10 5864/562/10 5863/563/10
f 5825/565/8 5826/564/8 5865/564/8 5866/565/8
f 5805/557/8 5806/556/8 5845/556/8 5846/557/8
f 5819/515/7 5820/518/7 5859/518/7 5860/515/7
f 5799/331/7 5800/516/7 5839/516/7 5840/331/7
f 5828/566/13 5825/565/13 5866/565/13 5867/566/13
f 5808/558/13 5805/557/13 5846/557/13 5847/558/13
f 5826/564/9 5827/564/9 5868/564/9 5865/564/9
f 5806/556/9 5807/556/9 5848/556/9 5845/556/9
f 5833/569/8 5834/568/8 5873/568/8 5874/569/8
f 5813/560/8 5814/559/8 5853/559/8 5854/560/8
f 5827/564/7 5828/566/7 5867/566/7 5868/564/7
f 5807/556/7 5808/558/7 5847/558/7 5848/556/7
f 5836/571/13 5833/569/13 5874/569/13 5875/571/13
f 5816/561/13 5813/560/13 5854/560/13 5855/561/13
f 5834/568/9 5835/570/9 5876/570/9 5873/568/9
f 5814/559/9 5815/559/9 5856/559/9 5853/559/9
f 5821/563/8 5822/562/8 5861/562/8 5862/563/8
f 5835/570/7 5836/571/7 5875/571/7 5876/570/7
f 5801/554/8 5802/553/8 5841/553/8 5842/554/8
f 5815/559/7 5816/561/7 5855/561/7 5856/559/7
f 5824/563/13 5821/563/13 5862/563/13 5863/563/13
f 5804/555/13 5801/554/13 5842/554/13 5843/555/13
f 5822/562/9 5823/562/9 5864/562/9 5861/562/9
f 5802/553/9 5803/553/9 5844/553/9 5841/553/9
f 5829/567/8 5830/524/8 5869/524/8 5870/567/8
f 5809/520/8 5810/523/8 5849/523/8 5850/520/8
f 5823/562/7 5824/563/7 5863/563/7 5864/562/7
f 5803/553/7 5804/555/7 5843/555/7 5844/553/7
f 5832/522/13 5829/567/13 5870/567/13 5871/522/13
f 5812/520/13 5809/520/13 5850/520/13 5851/520/13
f 5598/325/11 5403/324/11 5878/572/11 5877/573/11
f 5403/324/11 5390/324/11 5879/574/11 5878/572/11
f 5390/324/11 5534/325/11 5880/575/11 5879/574/11
f 5534/325/11 5598/325/11 5877/573/11 5880/575/11
f 5404/327/11 5606/326/11 5882/533/11 5881/535/11
f 5606/326/11 5526/326/11 5883/527/11 5882/533/11
f 5526/326/11 5389/327/11 5884/528/11 5883/527/11
f 5389/327/11 5404/327/11 5881/535/11 5884/528/11
f 5606/326/11 5605/486/11 5886/576/11 5885/577/11
f 5605/486/11 5527/486/11 5887/576/11 5886/576/11
f 5527/486/11 5526/326/11 5888/578/11 5887/576/11
f 5526/326/11 5606/326/11 5885/577/11 5888/578/11
f 5605/486/11 5604/487/11 5890/531/11 5889/330/11
f 5604/487/11 5528/501/11 5891/579/11 5890/531/11
f 5528/501/11 5527/486/11 5892/329/11 5891/579/11
f 5527/486/11 5605/486/11 5889/330/11 5892/329/11
f 5604/487/11 5603/489/11 5894/580/11 5893/581/11
f 5603/489/11 5529/503/11 5895/582/11 5894/580/11
f 5529/503/11 5528/501/11 5896/583/11 5895/582/11
f 5528/501/11 5604/487/11 5893/581/11 5896/583/11
f 5603/489/11 5602/490/11 5898/584/11 5897/585/11
f 5602/490/11 5530/490/11 5899/586/11 5898/584/11
f 5530/490/11 5529/503/11 5900/587/11 5899/586/11
f 5529/503/11 5603/489/11 5897/585/11 5900/587/11
f 5602/490/11 5601/492/11 5902/534/11 5901/536/11
f 5601/492/11 5531/505/11 5903/529/11 5902/534/11
f 5531/505/11 5530/490/11 5904/530/11 5903/529/11
f 5530/490/11 5602/490/11 5901/536/11 5904/530/11
f 5601/492/11 5600/494/11 5906/588/11 5905/589/11
f 5600/494/11 5532/506/11 5907/590/11 5906/588/11
f 5532/506/11 5531/505/11 5908/591/11 5907/590/11
f 5531/505/11 5601/492/11 5905/589/11 5908/591/11
f 5600/494/11 5599/495/11 5910/532/11 5909/526/11
f 5599/495/11 5533/508/11 5911/532/11 5910/532/11
f 5533/508/11 5532/506/11 5912/525/11 5911/532/11
f 5532/506/11 5600/494/11 5909/526/11 5912/525/11
f 5599/495/11 5598/325/11 5914/592/11 5913/593/11
f 5598/325/11 5534/325/11 5915/594/11 5914/592/11
f 5534/325/11 5533/508/11 5916/593/11 5915/594/11
f 5533/508/11 5599/495/11 5913/593/11 5916/593/11
f 5930/330/11 5929/531/11 5932/579/11 5931/329/11
f 5938/585/11 5937/584/11 5940/586/11 5939/587/11
f 5946/589/11 5945/588/11 5948/590/11 5947/591/11
f 5954/593/11 5953/592/11 5956/594/11 5955/593/11
f 5910/532/13 5911/532/13 5952/532/13 5949/532/13
f 5890/531/13 5891/579/13 5932/579/13 5929/531/13
f 5897/585/8 5898/584/8 5937/584/8 5938/585/8
f 5911/532/7 5912/525/7 5951/525/7 5952/532/7
f 5877/573/8 5878/572/8 5917/572/8 5918/573/8
f 5891/579/7 5892/329/7 5931/329/7 5932/579/7
f 5900/587/9 5897/585/9 5938/585/9 5939/587/9
f 5880/575/9 5877/573/9 5918/573/9 5919/575/9
f 5898/584/13 5899/586/13 5940/586/13 5937/584/13
f 5878/572/13 5879/574/13 5920/574/13 5917/572/13
f 5905/589/8 5906/588/8 5945/588/8 5946/589/8
f 5885/577/16 5886/576/16 5925/576/16 5926/577/16
f 5899/586/7 5900/587/7 5939/587/7 5940/586/7
f 5879/574/7 5880/575/7 5919/575/7 5920/574/7
f 5908/591/9 5905/589/9 5946/589/9 5947/591/9
f 5888/578/9 5885/577/9 5926/577/9 5927/578/9
f 5906/588/13 5907/590/13 5948/590/13 5945/588/13
f 5886/576/13 5887/576/13 5928/576/13 5925/576/13
f 5913/593/8 5914/592/8 5953/592/8 5954/593/8
f 5893/581/8 5894/580/8 5933/580/8 5934/581/8
f 5907/590/7 5908/591/7 5947/591/7 5948/590/7
f 5887/576/17 5888/578/17 5927/578/17 5928/576/17
f 5916/593/9 5913/593/9 5954/593/9 5955/593/9
f 5896/583/9 5893/581/9 5934/581/9 5935/583/9
f 5914/592/13 5915/594/13 5956/594/13 5953/592/13
f 5894/580/13 5895/582/13 5936/582/13 5933/580/13
f 5901/536/8 5902/534/8 5941/534/8 5942/536/8
f 5915/594/7 5916/593/7 5955/593/7 5956/594/7
f 5881/535/8 5882/533/8 5921/533/8 5922/535/8
f 5895/582/7 5896/583/7 5935/583/7 5936/582/7
f 5477/339/13 5404/327/13 5958/366/13 5957/372/13
f 5404/327/13 5389/327/13 5959/366/13 5958/366/13
f 5389/327/13 5427/338/13 5960/371/13 5959/366/13
f 5427/338/13 5477/339/13 5957/372/13 5960/371/13
f 5405/343/13 5483/353/13 5962/595/13 5961/369/13
f 5483/353/13 5421/342/13 5963/595/13 5962/595/13
f 5421/342/13 5388/343/13 5964/369/13 5963/595/13
f 5388/343/13 5405/343/13 5961/369/13 5964/369/13
f 5483/353/13 5482/355/13 5966/370/13 5965/335/13
f 5482/355/13 5422/354/13 5967/596/13 5966/370/13
f 5422/354/13 5421/342/13 5968/334/13 5967/596/13
f 5421/342/13 5483/353/13 5965/335/13 5968/334/13
f 5482/355/13 5481/356/13 5970/368/13 5969/367/13
f 5481/356/13 5423/356/13 5971/597/13 5970/368/13
f 5423/356/13 5422/354/13 5972/598/13 5971/597/13
f 5422/354/13 5482/355/13 5969/367/13 5972/598/13
f 5479/358/13 5478/359/13 5974/599/13 5973/600/13
f 5478/359/13 5426/359/13 5975/601/13 5974/599/13
f 5426/359/13 5425/358/13 5976/600/13 5975/601/13
f 5425/358/13 5479/358/13 5973/600/13 5976/600/13
f 5478/359/13 5477/339/13 5978/602/13 5977/603/13
f 5477/339/13 5427/338/13 5979/602/13 5978/602/13
f 5427/338/13 5426/359/13 5980/603/13 5979/602/13
f 5426/359/13 5478/359/13 5977/603/13 5980/603/13
f 5990/335/13 5989/370/13 5992/596/13 5991/334/13
f 6002/603/13 6001/602/13 6004/602/13 6003/603/13
f 5973/600/8 5974/599/8 5997/599/8 5998/600/8
f 5962/595/10 5963/595/10 5988/595/10 5985/595/10
f 5972/598/11 5969/367/11 5994/367/11 5995/598/11
f 5977/603/8 5978/602/8 6001/602/8 6002/603/8
f 5959/366/18 5960/371/18 5983/371/18 5984/366/18
f 5966/370/10 5967/596/10 5992/596/10 5989/370/10
f 5976/600/11 5973/600/11 5998/600/11 5999/600/11
f 5963/595/7 5964/369/7 5987/369/7 5988/595/7
f 5970/368/10 5971/597/10 5996/597/10 5993/368/10
f 5980/603/11 5977/603/11 6002/603/11 6003/603/11
f 5967/596/7 5968/334/7 5991/334/7 5992/596/7
f 5974/599/10 5975/601/10 6000/601/10 5997/599/10
f 5971/597/7 5972/598/7 5995/598/7 5996/597/7
f 5978/602/10 5979/602/10 6004/602/10 6001/602/10
f 5975/601/7 5976/600/7 5999/600/7 6000/601/7
f 5979/602/7 5980/603/7 6003/603/7 6004/602/7
f 5957/372/19 5958/366/19 5981/366/19 5982/372/19
f 5961/369/8 5962/595/8 5985/595/8 5986/369/8
usemtl A_floor_1_windows
f 5766/538/9 5765/537/9 5768/539/9 5767/538/9
f 5770/376/9 5769/332/9 5772/333/9 5771/375/9
f 5774/541/9 5773/540/9 5776/542/9 5775/541/9
f 5782/379/9 5781/378/9 5784/378/9 5783/379/9
f 5790/377/9 5789/373/9 5792/374/9 5791/377/9
f 5838/517/10 5837/331/10 5840/331/10 5839/516/10
f 5842/554/10 5841/553/10 5844/553/10 5843/555/10
f 5846/557/10 5845/556/10 5848/556/10 5847/558/10
f 5850/520/10 5849/523/10 5852/519/10 5851/520/10
f 5858/518/10 5857/515/10 5860/515/10 5859/518/10
f 5866/565/10 5865/564/10 5868/564/10 5867/566/10
f 5870/567/10 5869/524/10 5872/521/10 5871/522/10
f 5874/569/10 5873/568/10 5876/570/10 5875/571/10
f 5918/573/11 5917/572/11 5920/574/11 5919/575/11
f 5922/535/11 5921/533/11 5924/527/11 5923/528/11
f 5926/577/11 5925/576/11 5928/576/11 5927/578/11
f 5934/581/11 5933/580/11 5936/582/11 5935/583/11
f 5942/536/11 5941/534/11 5944/529/11 5943/530/11
f 5950/526/11 5949/532/11 5952/532/11 5951/525/11
f 5982/372/13 5981/366/13 5984/366/13 5983/371/13
f 5986/369/13 5985/595/13 5988/595/13 5987/369/13
f 5994/367/13 5993/368/13 5996/597/13 5995/598/13
f 5998/600/13 5997/599/13 6000/601/13 5999/600/13
o Text.018
v -112.336151 18.247629 64.631599
v -113.467957 18.247629 61.701252
v -117.074799 18.247629 61.701252
v -118.144417 18.247629 64.631599
v -119.388153 18.247629 64.631599
v -115.743996 18.247629 54.630512
v -114.885818 18.247629 54.630512
v -111.092407 18.247629 64.631599
v -113.965446 18.247629 60.418312
v -115.333565 18.247629 56.817341
v -116.602180 18.247629 60.418312
v -112.336151 17.740881 64.631599
v -113.467957 17.740881 61.701252
v -117.074799 17.740881 61.701252
v -118.144417 17.740881 64.631599
v -119.388153 17.740881 64.631599
v -115.743996 17.740881 54.630512
v -114.885818 17.740881 54.630512
v -111.092407 17.740881 64.631599
v -113.965446 17.740881 60.418312
v -115.333565 17.740881 56.817341
v -116.602180 17.740881 60.418312
v -112.336151 17.740881 64.631599
v -112.336151 18.247629 64.631599
v -113.467957 17.740881 61.701252
v -113.467957 18.247629 61.701252
v -117.074799 17.740881 61.701252
v -117.074799 18.247629 61.701252
v -118.144417 17.740881 64.631599
v -118.144417 18.247629 64.631599
v -119.388153 17.740881 64.631599
v -119.388153 18.247629 64.631599
v -115.743996 17.740881 54.630512
v -115.743996 18.247629 54.630512
v -114.885818 17.740881 54.630512
v -114.885818 18.247629 54.630512
v -111.092407 17.740881 64.631599
v -111.092407 18.247629 64.631599
v -113.965446 17.740881 60.418312
v -113.965446 18.247629 60.418312
v -115.333565 17.740881 56.817341
v -115.333565 18.247629 56.817341
v -116.602180 17.740881 60.418312
v -116.602180 18.247629 60.418312
vn -0.0000 1.0000 -0.0000
vn -0.0000 -1.0000 -0.0000
vn -0.6031 -0.0000 0.7977
vn 0.6118 -0.0000 0.7910
vn -0.8713 -0.0000 0.4908
vn -0.6121 -0.0000 -0.7908
vn 0.6059 -0.0000 -0.7955
vn 0.8746 -0.0000 0.4848
vn -0.8747 -0.0000 -0.4846
vn 0.0160 -0.0000 0.9999
vn 0.8685 -0.0000 -0.4957
vt 0.400000 0.000000
vt 0.600000 0.000000
vt 0.500000 0.000000
vt 0.900000 0.000000
vt 0.700000 0.000000
vt 1.000000 0.000000
vt 0.800000 0.000000
vt 0.200000 0.000000
vt 0.100000 0.000000
vt 0.300000 0.000000
vt 0.000000 0.000000
vt 0.000000 1.000000
vt 0.125000 1.000000
vt 0.125000 0.000000
vt 0.250000 1.000000
vt 0.250000 0.000000
vt 0.375000 1.000000
vt 0.375000 0.000000
vt 0.500000 1.000000
vt 0.625000 1.000000
vt 0.625000 0.000000
vt 0.750000 1.000000
vt 0.750000 0.000000
vt 0.875000 1.000000
vt 0.875000 0.000000
vt 1.000000 1.000000
vt 0.333333 1.000000
vt 0.333333 0.000000
vt 0.666667 1.000000
vt 0.666667 0.000000
s 0
usemtl A_building_name
f 6009/604/20 6011/605/20 6010/606/20
f 6009/604/20 6014/607/20 6011/605/20
f 6014/607/20 6012/608/20 6011/605/20
f 6009/604/20 6015/609/20 6014/607/20
f 6013/610/20 6012/608/20 6014/607/20
f 6009/604/20 6007/611/20 6015/609/20
f 6007/611/20 6013/610/20 6015/609/20
f 6007/611/20 6006/612/20 6013/610/20
f 6006/612/20 6012/608/20 6013/610/20
f 6009/604/20 6008/613/20 6007/611/20
f 6005/614/20 6012/608/20 6006/612/20
f 6020/604/21 6021/606/21 6022/605/21
f 6020/604/21 6022/605/21 6025/607/21
f 6025/607/21 6022/605/21 6023/608/21
f 6020/604/21 6025/607/21 6026/609/21
f 6024/610/21 6025/607/21 6023/608/21
f 6020/604/21 6026/609/21 6018/611/21
f 6018/611/21 6026/609/21 6024/610/21
f 6018/611/21 6024/610/21 6017/612/21
f 6017/612/21 6024/610/21 6023/608/21
f 6020/604/21 6018/611/21 6019/613/21
f 6016/614/21 6017/612/21 6023/608/21
s 1
f 6028/615/22 6030/616/22 6029/617/22 6027/614/22
f 6030/616/22 6032/618/23 6031/619/23 6029/617/22
f 6032/618/23 6034/620/23 6033/621/23 6031/619/23
f 6034/620/23 6036/622/24 6035/606/24 6033/621/23
f 6036/622/24 6038/623/25 6037/624/25 6035/606/24
f 6038/623/25 6040/625/26 6039/626/26 6037/624/25
f 6040/625/26 6042/627/27 6041/628/27 6039/626/26
f 6042/627/27 6028/629/22 6027/609/22 6041/628/27
f 6044/615/28 6046/630/29 6045/631/29 6043/614/28
f 6046/630/29 6048/632/30 6047/633/30 6045/631/29
f 6048/632/30 6044/629/28 6043/609/28 6047/633/30
