# Blender 4.0.2
# www.blender.org
mtllib Sidewalk.mtl
o Plane.015
v -115.178612 0.000000 -42.764420
v -106.145172 0.000000 -50.499878
v -116.512054 0.000000 -44.321617
v -107.478615 0.000000 -52.057076
v -116.512054 0.231763 -44.321617
v -115.178612 0.231763 -42.764420
v -106.145172 0.231763 -50.499878
v -107.478615 0.231763 -52.057076
v -103.862717 0.000000 -53.020420
v -104.521828 0.000000 -51.889965
v -103.849754 0.000000 -53.002846
v -103.839241 0.000000 -52.983253
v -103.831192 0.000000 -52.961697
v -103.825638 0.000000 -52.938225
v -103.822586 0.000000 -52.912899
v -103.822052 0.000000 -52.885788
v -103.824028 0.000000 -52.856956
v -103.828514 0.000000 -52.826485
v -103.835495 0.000000 -52.794445
v -103.844955 0.000000 -52.760921
v -103.856880 0.000000 -52.726002
v -103.871223 0.000000 -52.689774
v -103.887947 0.000000 -52.652328
v -103.907028 0.000000 -52.613766
v -103.928398 0.000000 -52.574184
v -103.952011 0.000000 -52.533688
v -103.977806 0.000000 -52.492371
v -104.005714 0.000000 -52.450352
v -104.035667 0.000000 -52.407730
v -104.067581 0.000000 -52.364616
v -104.101379 0.000000 -52.321125
v -104.136978 0.000000 -52.277363
v -104.174286 0.000000 -52.233444
v -104.213196 0.000000 -52.189484
v -104.253616 0.000000 -52.145596
v -104.295448 0.000000 -52.101883
v -104.338577 0.000000 -52.058472
v -104.382896 0.000000 -52.015461
v -104.428284 0.000000 -51.972969
v -104.474640 0.000000 -51.931099
v -105.855270 0.000000 -53.447163
v -104.636856 0.000000 -53.924461
v -105.807365 0.000000 -53.487461
v -105.758865 0.000000 -53.526814
v -105.709892 0.000000 -53.565128
v -105.660576 0.000000 -53.602299
v -105.611046 0.000000 -53.638229
v -105.561417 0.000000 -53.672836
v -105.511826 0.000000 -53.706024
v -105.462402 0.000000 -53.737709
v -105.413269 0.000000 -53.767811
v -105.364548 0.000000 -53.796249
v -105.316376 0.000000 -53.822952
v -105.268867 0.000000 -53.847855
v -105.222137 0.000000 -53.870892
v -105.176323 0.000000 -53.892002
v -105.131538 0.000000 -53.911129
v -105.087883 0.000000 -53.928230
v -105.045486 0.000000 -53.943256
v -105.004448 0.000000 -53.956169
v -104.964874 0.000000 -53.966942
v -104.926872 0.000000 -53.975536
v -104.890533 0.000000 -53.981941
v -104.855957 0.000000 -53.986130
v -104.823219 0.000000 -53.988098
v -104.792419 0.000000 -53.987843
v -104.763626 0.000000 -53.985359
v -104.736923 0.000000 -53.980656
v -104.712372 0.000000 -53.973743
v -104.690033 0.000000 -53.964642
v -104.669968 0.000000 -53.953377
v -104.652229 0.000000 -53.939968
v -104.521828 0.231763 -51.889965
v -103.862717 0.231763 -53.020420
v -104.474640 0.231763 -51.931099
v -104.428284 0.231763 -51.972969
v -104.382896 0.231763 -52.015461
v -104.338577 0.231763 -52.058472
v -104.295448 0.231763 -52.101883
v -104.253616 0.231763 -52.145596
v -104.213196 0.231763 -52.189484
v -104.174286 0.231763 -52.233444
v -104.136978 0.231763 -52.277363
v -104.101379 0.231763 -52.321125
v -104.067581 0.231763 -52.364616
v -104.035667 0.231763 -52.407730
v -104.005714 0.231763 -52.450352
v -103.977806 0.231763 -52.492371
v -103.952011 0.231763 -52.533688
v -103.928398 0.231763 -52.574184
v -103.907028 0.231763 -52.613766
v -103.887947 0.231763 -52.652328
v -103.871223 0.231763 -52.689774
v -103.856880 0.231763 -52.726002
v -103.844955 0.231763 -52.760921
v -103.835495 0.231763 -52.794445
v -103.828514 0.231763 -52.826485
v -103.824028 0.231763 -52.856956
v -103.822052 0.231763 -52.885788
v -103.822586 0.231763 -52.912899
v -103.825638 0.231763 -52.938225
v -103.831192 0.231763 -52.961697
v -103.839241 0.231763 -52.983253
v -103.849754 0.231763 -53.002846
v -104.636856 0.231763 -53.924461
v -105.855270 0.231763 -53.447163
v -104.652229 0.231763 -53.939968
v -104.669968 0.231763 -53.953377
v -104.690033 0.231763 -53.964642
v -104.712372 0.231763 -53.973743
v -104.736923 0.231763 -53.980656
v -104.763626 0.231763 -53.985359
v -104.792419 0.231763 -53.987843
v -104.823219 0.231763 -53.988098
v -104.855957 0.231763 -53.986130
v -104.890533 0.231763 -53.981941
v -104.926872 0.231763 -53.975536
v -104.964874 0.231763 -53.966942
v -105.004448 0.231763 -53.956169
v -105.045486 0.231763 -53.943256
v -105.087883 0.231763 -53.928230
v -105.131538 0.231763 -53.911129
v -105.176323 0.231763 -53.892002
v -105.222137 0.231763 -53.870892
v -105.268867 0.231763 -53.847855
v -105.316376 0.231763 -53.822952
v -105.364548 0.231763 -53.796249
v -105.413269 0.231763 -53.767811
v -105.462402 0.231763 -53.737709
v -105.511826 0.231763 -53.706024
v -105.561417 0.231763 -53.672836
v -105.611046 0.231763 -53.638229
v -105.660576 0.231763 -53.602299
v -105.709892 0.231763 -53.565128
v -105.758865 0.231763 -53.526814
v -105.807365 0.231763 -53.487461
v -119.207932 0.000000 -41.724457
v -118.722076 0.000000 -42.429150
v -119.214348 0.000000 -41.733585
v -119.219131 0.000000 -41.744068
v -119.222282 0.000000 -41.755882
v -119.223770 0.000000 -41.768997
v -119.223618 0.000000 -41.783379
v -119.221802 0.000000 -41.798992
v -119.218338 0.000000 -41.815796
v -119.213234 0.000000 -41.833744
v -119.206512 0.000000 -41.852798
v -119.198174 0.000000 -41.872898
v -119.188240 0.000000 -41.894001
v -119.176758 0.000000 -41.916050
v -119.163734 0.000000 -41.938992
v -119.149208 0.000000 -41.962761
v -119.133224 0.000000 -41.987297
v -119.115822 0.000000 -42.012547
v -119.097038 0.000000 -42.038433
v -119.076927 0.000000 -42.064896
v -119.055534 0.000000 -42.091869
v -119.032928 0.000000 -42.119278
v -119.009155 0.000000 -42.147057
v -118.984276 0.000000 -42.175129
v -118.958359 0.000000 -42.203426
v -118.931473 0.000000 -42.231876
v -118.903679 0.000000 -42.260406
v -118.875053 0.000000 -42.288940
v -118.845665 0.000000 -42.317410
v -118.815598 0.000000 -42.345734
v -118.784927 0.000000 -42.373848
v -118.753731 0.000000 -42.401676
v -117.388634 0.000000 -40.871952
v -118.159691 0.000000 -40.500328
v -117.420647 0.000000 -40.844906
v -117.452942 0.000000 -40.818359
v -117.485443 0.000000 -40.792381
v -117.518059 0.000000 -40.767029
v -117.550705 0.000000 -40.742378
v -117.583305 0.000000 -40.718483
v -117.615776 0.000000 -40.695412
v -117.648026 0.000000 -40.673222
v -117.679977 0.000000 -40.651970
v -117.711540 0.000000 -40.631710
v -117.742645 0.000000 -40.612492
v -117.773209 0.000000 -40.594368
v -117.803146 0.000000 -40.577385
v -117.832390 0.000000 -40.561584
v -117.860863 0.000000 -40.547009
v -117.888489 0.000000 -40.533695
v -117.915192 0.000000 -40.521679
v -117.940918 0.000000 -40.510986
v -117.965584 0.000000 -40.501652
v -117.989136 0.000000 -40.493690
v -118.011520 0.000000 -40.487129
v -118.032669 0.000000 -40.481987
v -118.052521 0.000000 -40.478268
v -118.071045 0.000000 -40.475990
v -118.088181 0.000000 -40.475155
v -118.103882 0.000000 -40.475765
v -118.118118 0.000000 -40.477821
v -118.130852 0.000000 -40.481316
v -118.142044 0.000000 -40.486240
v -118.151665 0.000000 -40.492584
v -118.722076 0.231763 -42.429150
v -119.207932 0.231763 -41.724457
v -118.753731 0.231763 -42.401676
v -118.784927 0.231763 -42.373848
v -118.815598 0.231763 -42.345734
v -118.845665 0.231763 -42.317410
v -118.875053 0.231763 -42.288940
v -118.903679 0.231763 -42.260406
v -118.931473 0.231763 -42.231876
v -118.958359 0.231763 -42.203426
v -118.984276 0.231763 -42.175129
v -119.009155 0.231763 -42.147057
v -119.032928 0.231763 -42.119278
v -119.055534 0.231763 -42.091869
v -119.076927 0.231763 -42.064896
v -119.097038 0.231763 -42.038433
v -119.115822 0.231763 -42.012547
v -119.133224 0.231763 -41.987297
v -119.149208 0.231763 -41.962761
v -119.163734 0.231763 -41.938992
v -119.176758 0.231763 -41.916050
v -119.188240 0.231763 -41.894001
v -119.198174 0.231763 -41.872898
v -119.206512 0.231763 -41.852798
v -119.213234 0.231763 -41.833744
v -119.218338 0.231763 -41.815796
v -119.221802 0.231763 -41.798992
v -119.223618 0.231763 -41.783379
v -119.223770 0.231763 -41.768997
v -119.222282 0.231763 -41.755882
v -119.219131 0.231763 -41.744068
v -119.214348 0.231763 -41.733585
v -118.159691 0.231763 -40.500328
v -117.388634 0.231763 -40.871952
v -118.151665 0.231763 -40.492584
v -118.142044 0.231763 -40.486240
v -118.130852 0.231763 -40.481316
v -118.118118 0.231763 -40.477821
v -118.103882 0.231763 -40.475765
v -118.088181 0.231763 -40.475155
v -118.071045 0.231763 -40.475990
v -118.052521 0.231763 -40.478268
v -118.032669 0.231763 -40.481987
v -118.011520 0.231763 -40.487129
v -117.989136 0.231763 -40.493690
v -117.965584 0.231763 -40.501652
v -117.940918 0.231763 -40.510986
v -117.915192 0.231763 -40.521679
v -117.888489 0.231763 -40.533695
v -117.860863 0.231763 -40.547009
v -117.832390 0.231763 -40.561584
v -117.803146 0.231763 -40.577385
v -117.773209 0.231763 -40.594368
v -117.742645 0.231763 -40.612492
v -117.711540 0.231763 -40.631710
v -117.679977 0.231763 -40.651970
v -117.648026 0.231763 -40.673222
v -117.615776 0.231763 -40.695412
v -117.583305 0.231763 -40.718483
v -117.550705 0.231763 -40.742378
v -117.518059 0.231763 -40.767029
v -117.485443 0.231763 -40.792381
v -117.452942 0.231763 -40.818359
v -117.420647 0.231763 -40.844906
v -71.608063 0.000000 82.387421
v 0.799156 0.000000 82.387436
v -71.608063 0.000000 77.041229
v 0.799156 0.000000 77.041245
v -71.545639 0.195479 77.032944
v -71.545639 0.195479 82.379135
v 0.861580 0.195479 82.379120
v 0.861588 0.195479 77.032944
v -71.608063 0.037165 83.263412
v 0.799156 0.037165 83.263412
v -71.545647 0.232645 83.255112
v 0.861580 0.232645 83.255127
v -140.035492 0.000000 -41.754498
v -129.488464 0.000000 -33.617264
v -139.217728 0.000000 -42.814442
v -128.670715 0.000000 -34.677208
v -139.217728 0.155561 -42.814442
v -140.035492 0.155561 -41.754498
v -129.488464 0.155561 -33.617264
v -128.670715 0.155561 -34.677208
v -80.464867 0.000000 -53.977718
v -57.507980 0.000000 -53.977715
v -80.464874 0.000000 -60.025135
v -57.507980 0.000000 -60.025139
v -80.464874 0.240850 -60.025135
v -80.464867 0.240850 -53.977718
v -57.507980 0.240850 -53.977715
v -57.507980 0.240850 -60.025139
v -2.121277 0.000000 -25.085579
v 7.890350 0.000000 -25.085583
v -2.121292 0.000000 -29.978043
v 7.890343 0.000000 -29.978046
v -2.121292 0.146892 -29.978043
v -2.121277 0.146892 -25.085579
v 7.890350 0.146892 -25.085583
v 7.890343 0.146892 -29.978046
v -11.749969 0.000000 9.904018
v -7.492447 0.000000 9.904003
v -11.749985 0.000000 -0.166790
v -7.492455 0.000000 -0.166790
v -11.749985 0.182259 -0.166790
v -11.749969 0.182259 9.904018
v -7.492447 0.182259 9.904003
v -7.492455 0.182259 -0.166790
v -20.003876 0.000000 8.629604
v -20.012192 0.000000 12.887150
v -4.634720 0.000000 8.659618
v -4.643036 0.000000 12.917156
v -4.634720 0.182259 8.659618
v -20.003876 0.182259 8.629604
v -20.012192 0.182259 12.887150
v -4.643036 0.182259 12.917156
v 4.578506 0.000000 41.551029
v 8.111694 0.000000 41.551044
v 4.578522 0.000000 36.152592
v 8.111679 0.000000 36.152576
v 4.578522 0.148133 36.152592
v 4.578506 0.148133 41.551029
v 8.111694 0.148133 41.551044
v 8.111679 0.148133 36.152576
v 2.879128 0.000000 64.136688
v 8.037788 0.000000 64.136688
v 2.879120 0.000000 53.774929
v 8.037804 0.000000 53.774929
v 2.879120 0.265044 53.774929
v 2.879128 0.265044 64.136688
v 8.037788 0.265044 64.136688
v 8.037804 0.265044 53.774929
v 3.013229 0.000000 23.415401
v 8.090477 0.000000 23.415394
v 3.013222 0.000000 13.194420
v 8.090485 0.000000 13.194412
v 3.013222 0.157739 13.194420
v 3.013229 0.157739 23.415401
v 8.090477 0.157739 23.415394
v 8.090485 0.157739 13.194412
v -13.178543 0.000000 34.225422
v -8.101288 0.000000 34.225437
v -13.178535 0.000000 26.498432
v -8.101288 0.000000 26.498432
v -13.178535 0.157739 26.498432
v -13.178543 0.157739 34.225422
v -8.101288 0.157739 34.225437
v -8.101288 0.157739 26.498432
v -34.229034 0.000000 65.761017
v -16.013077 0.000000 65.761032
v -34.229034 0.000000 60.075794
v -16.013069 0.000000 60.075787
v -34.229034 0.108020 60.075794
v -34.229034 0.108020 65.761017
v -16.013077 0.108020 65.761032
v -16.013069 0.108020 60.075787
v -12.815750 0.000000 48.131535
v -8.009644 0.000000 48.131504
v -12.815750 0.000000 40.821850
v -8.009636 0.000000 40.821850
v -12.815750 0.084882 40.821850
v -12.815750 0.084882 48.131535
v -8.009644 0.084882 48.131504
v -8.009636 0.084882 40.821850
v -14.038933 0.000000 66.099014
v -8.002319 0.000000 66.099014
v -14.038925 0.000000 52.954182
v -8.002327 0.000000 52.954174
v -14.038925 0.194041 52.954182
v -14.038933 0.194041 66.099014
v -8.002319 0.194041 66.099014
v -8.002327 0.194041 52.954174
v -121.717278 -0.047414 53.187992
v -68.690926 -0.047414 53.187992
v -121.717270 -0.047414 42.028126
v -68.690933 -0.047414 42.028126
v -121.717270 0.228907 42.028126
v -121.717278 0.228907 53.187992
v -68.690926 0.228907 53.187992
v -68.690933 0.228907 42.028126
v -90.399689 -0.047414 53.187992
v -90.399681 -0.047414 42.028118
v -90.399689 0.228907 53.187992
v -90.399681 0.228907 42.028118
v -121.717285 -0.047414 58.137211
v -121.717285 0.228907 58.137211
v -90.399689 -0.047414 58.137211
v -90.399689 0.228907 58.137211
v -108.339401 -0.047414 42.028126
v -108.339401 0.228907 42.028126
v -108.339417 -0.047414 53.187992
v -108.339417 0.228907 53.187992
v -108.339417 -0.047414 58.137218
v -108.339417 0.228907 58.137218
v -121.717278 -0.047414 66.937805
v -121.717278 0.228907 66.937805
v -108.339401 -0.047414 66.937790
v -108.339401 0.228907 66.937790
v -73.320312 0.000000 25.044888
v -68.367851 0.000000 25.044895
v -73.320297 0.000000 6.872982
v -68.367851 0.000000 6.872986
v -73.320297 0.194163 6.872982
v -73.320312 0.194163 25.044888
v -68.367851 0.194163 25.044895
v -68.367851 0.194163 6.872986
v -73.320305 0.000000 12.930290
v -73.320305 0.000000 18.987583
v -68.367844 0.000000 18.987591
v -68.367851 0.000000 12.930294
v -73.320305 0.194163 12.930290
v -73.320305 0.194163 18.987583
v -68.367844 0.194163 18.987591
v -68.367851 0.194163 12.930294
v -80.614105 0.000000 18.987583
v -80.614105 0.000000 25.044888
v -80.614105 0.194163 18.987583
v -80.614105 0.194163 25.044888
v -82.627396 0.000000 18.987576
v -82.627403 0.000000 25.044888
v -82.627396 0.194163 18.987576
v -82.627403 0.194163 25.044888
v -66.008804 0.000000 12.930286
v -66.008804 0.000000 6.872986
v -66.008804 0.194163 12.930286
v -66.008804 0.194163 6.872986
v -66.008804 0.000000 25.044895
v -66.008804 0.194163 25.044895
v -66.008804 0.000000 18.987591
v -66.008804 0.194163 18.987591
v -135.340134 0.000000 -43.654694
v -131.106033 0.000000 -43.654682
v -135.340134 0.000000 -50.908592
v -131.106033 0.000000 -50.908577
v -135.340134 0.216690 -50.908592
v -135.340134 0.216690 -43.654694
v -131.106033 0.216690 -43.654682
v -131.106033 0.216690 -50.908577
v -129.030640 0.000000 -43.654694
v -129.030640 0.000000 -50.908588
v -129.030640 0.216690 -43.654694
v -129.030640 0.216690 -50.908588
v -123.671356 0.000000 -58.746338
v -115.012016 0.000000 -58.746334
v -123.671356 0.000000 -65.417473
v -115.012016 0.000000 -65.417473
v -123.671356 0.211645 -65.417473
v -123.671356 0.211645 -58.746338
v -115.012016 0.211645 -58.746334
v -115.012016 0.211645 -65.417473
v -123.671349 0.000000 -55.834747
v -115.012016 0.000000 -55.834755
v -123.671349 0.211645 -55.834747
v -115.012016 0.211645 -55.834755
v -115.012016 0.000000 -67.958984
v -123.671364 0.000000 -67.958984
v -115.012016 0.211645 -67.958984
v -123.671364 0.211645 -67.958984
v -125.955811 0.000000 -65.417480
v -125.955811 0.000000 -58.746338
v -125.955811 0.211645 -65.417480
v -125.955811 0.211645 -58.746338
v -125.955795 0.000000 -55.834747
v -125.955795 0.211645 -55.834747
v -125.955811 0.211645 -67.958992
v -125.955811 0.000000 -67.958992
v -112.121254 0.000000 -58.746334
v -112.121254 0.000000 -65.417473
v -112.121254 0.211645 -58.746334
v -112.121254 0.211645 -65.417473
v -112.121254 0.211645 -55.834755
v -112.121254 0.000000 -55.834755
v -112.121254 0.000000 -67.958984
v -112.121254 0.211645 -67.958984
v -131.334702 0.000000 -58.746338
v -131.334702 0.211645 -58.746338
v -131.334686 0.000000 -55.834747
v -131.334686 0.211645 -55.834747
v -123.671349 0.000000 -50.765095
v -125.955795 0.000000 -50.765099
v -123.671349 0.211645 -50.765095
v -125.955795 0.211645 -50.765099
v -131.334686 0.000000 -50.765099
v -131.334686 0.211645 -50.765099
v -102.965019 0.000000 23.852428
v -93.103622 0.000000 23.852421
v -102.965027 0.000000 20.504658
v -93.103622 0.000000 20.504658
v -102.965027 0.172415 20.504658
v -102.965019 0.172415 23.852428
v -93.103622 0.172415 23.852421
v -93.103622 0.172415 20.504658
v -114.974213 0.000000 20.504658
v -114.974220 0.000000 23.852421
v -114.974213 0.172415 20.504658
v -114.974220 0.172415 23.852421
v -120.625702 0.000000 28.367603
v -114.240204 0.000000 28.367619
v -120.625710 0.000000 20.074520
v -114.240204 0.000000 20.074528
v -120.625710 0.177066 20.074520
v -120.625702 0.177066 28.367603
v -114.240204 0.177066 28.367619
v -114.240204 0.177066 20.074528
v -99.909805 0.000000 13.696712
v -90.850266 0.000000 13.696709
v -99.909813 0.000000 9.021053
v -90.850266 0.000000 9.021042
v -99.909813 0.342504 9.021053
v -99.909805 0.342504 13.696712
v -90.850266 0.342504 13.696709
v -90.850266 0.342504 9.021042
v -113.673164 0.000000 9.021046
v -113.673164 0.000000 13.696705
v -113.673164 0.342504 9.021046
v -113.673164 0.342504 13.696705
v -117.939095 0.000000 9.021042
v -117.939087 0.000000 13.696697
v -117.939095 0.342504 9.021042
v -117.939087 0.342504 13.696697
v -90.850266 0.000000 3.137760
v -99.909813 0.000000 3.137760
v -90.850266 0.342504 3.137760
v -99.909813 0.342504 3.137760
v -113.673164 0.342504 3.137760
v -113.673164 0.000000 3.137760
v -27.500061 0.000000 -31.325348
v -25.500061 0.000000 -31.325356
v -27.500061 0.000000 -45.227959
v -25.500061 0.000000 -45.227962
v -27.500061 0.216815 -45.227959
v -27.500061 0.216815 -31.325348
v -25.500061 0.216815 -31.325356
v -25.500061 0.216815 -45.227962
v -27.500061 0.000000 -40.124947
v -25.500061 0.000000 -40.124947
v -27.500061 0.216815 -40.124947
v -25.500061 0.216815 -40.124947
v -38.701973 0.216815 -45.227962
v -38.701973 0.000000 -45.227962
v -38.701981 0.000000 -40.124950
v -38.701981 0.216815 -40.124950
v -31.698441 0.000000 -40.124947
v -31.698441 0.000000 -31.325344
v -31.698441 0.216815 -40.124947
v -31.698441 0.216815 -31.325344
v -27.500069 0.000000 -24.671875
v -25.500069 0.000000 -24.671879
v -27.500069 0.216815 -24.671875
v -25.500069 0.216815 -24.671879
v -31.698456 0.216815 -24.671877
v -31.698456 0.000000 -24.671877
v -27.500061 0.000000 -38.586163
v -27.500061 0.216815 -38.586163
v -38.701981 0.000000 -38.586166
v -38.701981 0.216815 -38.586166
v -38.608635 0.216815 -31.325350
v -38.608635 0.000000 -31.325350
v -38.608635 0.216815 -24.671877
v -38.608635 0.000000 -24.671877
v -27.500061 0.000000 -23.013884
v -25.500061 0.000000 -23.013901
v -27.500061 0.216815 -23.013884
v -25.500061 0.216815 -23.013901
v -31.698441 0.216815 -23.013891
v -31.698441 0.000000 -23.013891
v -38.608635 0.216815 -23.013889
v -38.608635 0.000000 -23.013889
v -32.754936 0.000000 -40.124950
v -32.754929 0.000000 -31.325352
v -32.754936 0.216815 -40.124950
v -32.754929 0.216815 -31.325352
v -45.677322 0.000000 -24.577532
v -43.047112 0.000000 -24.577534
v -45.677322 0.000000 -32.647316
v -43.047112 0.000000 -32.647331
v -45.677322 0.180118 -32.647316
v -45.677322 0.180118 -24.577532
v -43.047112 0.180118 -24.577534
v -43.047112 0.180118 -32.647331
v -75.878754 0.000000 -24.582647
v -45.671494 0.000000 -24.582644
v -75.878754 0.000000 -32.652443
v -45.671509 0.000000 -32.652439
v -75.878754 0.180118 -32.652443
v -75.878754 0.180118 -24.582647
v -45.671494 0.180118 -24.582644
v -45.671509 0.180118 -32.652439
v -53.553589 0.000000 -6.750416
v -43.208031 0.000000 -6.750416
v -53.553589 0.000000 -17.402498
v -43.208023 0.000000 -17.402498
v -53.553589 0.151650 -17.402498
v -53.553589 0.151650 -6.750416
v -43.208031 0.151650 -6.750416
v -43.208023 0.151650 -17.402498
v -23.456520 0.000000 -22.983337
v -8.389984 0.000000 -22.983337
v -23.456497 0.000000 -35.276707
v -8.389984 0.000000 -35.276711
v -23.456497 0.212044 -35.276707
v -23.456520 0.212044 -22.983337
v -8.389984 0.212044 -22.983337
v -8.389984 0.212044 -35.276711
v -99.678589 0.000000 -24.556925
v -78.737762 0.000000 -24.556931
v -99.678589 0.000000 -32.623440
v -78.737762 0.000000 -32.623436
v -99.678589 0.178739 -32.623440
v -99.678589 0.178739 -24.556925
v -78.737762 0.178739 -24.556931
v -78.737762 0.178739 -32.623436
v -107.988716 0.000000 -32.623444
v -107.988701 0.000000 -24.556938
v -107.988716 0.178739 -32.623444
v -107.988701 0.178739 -24.556938
v -121.047943 0.000000 -6.746021
v -53.529339 0.000000 -6.746017
v -121.047943 0.000000 -14.379841
v -53.529335 0.000000 -14.379837
v -121.047943 0.154496 -14.379841
v -121.047943 0.154496 -6.746021
v -53.529339 0.154496 -6.746017
v -53.529335 0.154496 -14.379837
v -34.860970 0.000000 -48.213749
v -25.541397 0.000000 -48.213749
v -34.860992 0.000000 -51.013588
v -25.541397 0.000000 -51.013603
v -34.860992 0.120717 -51.013588
v -34.860970 0.120717 -48.213749
v -25.541397 0.120717 -48.213749
v -25.541397 0.120717 -51.013603
v -35.895370 0.000000 -67.071617
v -27.233582 0.000000 -67.071625
v -35.895355 0.000000 -71.775635
v -27.233582 0.000000 -71.775635
v -35.895355 0.249872 -71.775635
v -35.895370 0.249872 -67.071617
v -27.233582 0.249872 -67.071625
v -27.233582 0.249872 -71.775635
v -80.542007 0.000000 -38.068001
v -57.512749 0.000000 -38.068001
v -80.542007 0.000000 -44.769272
v -57.512753 0.000000 -44.769272
v -80.542007 0.221615 -44.769272
v -80.542007 0.221615 -38.068001
v -57.512749 0.221615 -38.068001
v -57.512753 0.221615 -44.769272
v -105.947372 0.000000 -37.947456
v -84.205643 0.000000 -37.947464
v -105.947372 0.000000 -44.653397
v -84.205643 0.000000 -44.653404
v -105.947372 0.227570 -44.653397
v -105.947372 0.227570 -37.947456
v -84.205643 0.227570 -37.947464
v -84.205643 0.227570 -44.653404
v -46.028008 0.000000 17.089138
v -25.832405 0.000000 17.089130
v -46.028000 0.000000 7.387180
v -25.832397 0.000000 7.387184
v -46.028000 0.387225 7.387180
v -46.028008 0.387225 17.089138
v -25.832405 0.387225 17.089130
v -25.832397 0.387225 7.387184
v -46.028625 0.000000 26.029804
v -25.572044 0.000000 26.029804
v -46.028618 0.000000 22.935902
v -25.572044 0.000000 22.935894
v -46.028618 0.395376 22.935902
v -46.028625 0.395376 26.029804
v -25.572044 0.395376 26.029804
v -25.572044 0.395376 22.935894
v -42.432137 0.000000 26.029797
v -42.432144 0.000000 22.935886
v -42.432137 0.395376 26.029797
v -42.432144 0.395376 22.935886
v -42.432144 0.000000 17.102291
v -46.028618 0.000000 17.102306
v -42.432144 0.395376 17.102291
v -46.028618 0.395376 17.102306
v -25.572044 0.395376 17.059826
v -25.572044 0.000000 17.059826
v -42.432144 0.000000 17.059818
v -42.432144 0.395376 17.059818
v -124.486473 0.000000 -34.411270
v -34.035995 0.000000 -34.411266
v -124.486473 0.000000 -36.411278
v -34.035980 0.000000 -36.411270
v -125.027740 0.000000 -18.302479
v -2.804161 0.000000 -18.302467
v -125.027733 0.000000 -20.290239
v -2.804161 0.000000 -20.290230
v -23.469337 0.000000 18.626812
v -21.469330 0.000000 18.626820
v -23.469330 0.000000 -18.050320
v -21.469337 0.000000 -18.050316
v -3.326767 0.000000 74.225647
v -1.326782 0.000000 74.225647
v -3.326767 0.000000 -20.331924
v -1.326775 0.000000 -20.331921
v -121.797836 0.127613 42.067631
v -33.188683 0.127613 42.067646
v -121.797852 0.127613 35.388897
v -33.188690 0.127613 35.388905
v -121.797852 0.269988 35.388897
v -121.797836 0.269988 42.067631
v -33.188683 0.269988 42.067646
v -33.188690 0.269988 35.388905
v -33.188690 0.127613 32.903095
v -121.797844 0.127613 32.903080
v -33.188690 0.269988 32.903095
v -121.797844 0.269988 32.903080
v -126.481766 0.040444 74.235794
v -1.858688 0.040444 74.235809
v -126.481766 0.040444 72.235809
v -1.858688 0.040444 72.235825
v -81.868050 -0.000000 73.704758
v -79.868057 -0.000000 73.704758
v -81.868057 -0.000000 55.197636
v -79.868057 -0.000000 55.197643
v -46.730690 -0.000000 72.938965
v -44.870094 -0.000000 74.136322
v -32.082962 -0.000000 50.177593
v -30.222366 -0.000000 51.374950
v -126.470383 0.000000 73.416916
v -124.470383 0.000000 73.416916
v -126.470383 0.000000 -41.565044
v -124.470375 0.000000 -41.565033
v -124.929626 0.000000 -1.367226
v -3.031357 0.000000 -1.367226
v -124.929619 0.000000 -3.367222
v -3.031372 0.000000 -3.367229
v -53.011181 0.000000 28.021603
v -51.011185 0.000000 28.021595
v -53.011177 0.000000 -1.551662
v -51.011177 0.000000 -1.551659
v -61.985756 0.000000 28.762501
v -59.985752 0.000000 28.762501
v -61.985748 0.000000 -2.104828
v -59.985737 0.000000 -2.104816
v -87.066635 0.000000 18.790974
v -69.402100 0.000000 -1.428211
v -88.572792 0.000000 17.475124
v -70.908264 0.000000 -2.744061
v -88.860817 0.000000 30.000622
v -16.456497 0.000000 30.000622
v -88.860809 0.000000 28.000622
v -16.456505 0.000000 28.000637
v -88.870888 0.000000 28.037647
v -86.870895 0.000000 28.037647
v -88.870888 0.000000 17.040714
v -86.870880 0.000000 17.040722
v -124.835388 0.000000 19.041019
v -88.518051 0.000000 19.041012
v -124.835381 0.000000 17.040997
v -88.518044 0.000000 17.040997
v -32.221863 0.000000 51.400455
v -30.221870 0.000000 51.400440
v -32.221870 0.000000 29.690769
v -30.221870 0.000000 29.690777
v -23.480087 0.000000 20.148663
v -1.965385 0.000000 20.148670
v -23.480110 0.000000 18.148655
v -1.965370 0.000000 18.148670
v -17.560562 0.000000 37.568851
v -15.560562 0.000000 37.568859
v -17.560555 0.000000 19.342579
v -15.560562 0.000000 19.342564
v -17.567154 0.000000 38.815876
v -2.387794 0.000000 38.815876
v -17.567154 0.000000 36.815884
v -2.387787 0.000000 36.815884
v -42.001968 0.000000 -2.605721
v -39.960518 0.000000 -2.605721
v -42.001976 0.000000 -73.921234
v -39.960518 0.000000 -73.921234
v -78.313614 0.000000 -20.189163
v -76.313614 0.000000 -20.189148
v -78.313614 0.000000 -34.478458
v -76.313622 0.000000 -34.478455
v -102.737236 0.000000 -48.983070
v -40.555565 0.000000 -48.983067
v -102.737236 0.000000 -51.701641
v -40.555557 0.000000 -51.701633
v -83.468735 0.000000 -34.786476
v -81.468735 0.000000 -34.786476
v -83.468735 0.000000 -71.969025
v -81.468735 0.000000 -71.969040
v -119.063522 -0.020557 -34.401493
v -101.094589 0.001153 -49.754463
v -120.721085 -0.001153 -36.341473
v -102.752144 0.020557 -51.694412
v -126.464355 0.000000 -41.583366
v -125.169800 0.000000 -40.058865
v -89.296555 0.000000 -73.145279
v -88.001991 0.000000 -71.620781
v -138.093109 0.000000 -71.144012
v -52.338669 0.000000 -71.143997
v -138.093109 0.000000 -73.144005
v -52.338669 0.000000 -73.143997
v -54.332619 0.000000 -36.346382
v -52.332623 0.000000 -36.346382
v -54.332623 0.000000 -71.264694
v -52.332623 0.000000 -71.264694
v -138.618500 0.000000 -46.464439
v -136.618500 0.000000 -46.464447
v -138.618500 0.000000 -73.142593
v -136.618500 0.000000 -73.142593
v -37.253273 0.000000 -8.144474
v -29.041473 0.000000 -8.144470
v -37.253273 0.000000 -15.119877
v -29.041473 0.000000 -15.119877
v -37.253273 0.452698 -15.119877
v -37.253273 0.452698 -8.144474
v -29.041473 0.452698 -8.144470
v -29.041473 0.452698 -15.119877
v -34.516006 0.000000 -8.144466
v -31.778740 0.000000 -8.144470
v -31.778748 0.000000 -15.119877
v -34.516006 0.000000 -15.119877
v -34.516006 0.452698 -8.144466
v -31.778740 0.452698 -8.144470
v -31.778748 0.452698 -15.119877
v -34.516006 0.452698 -15.119877
v -37.253265 0.000000 -12.794735
v -37.253265 0.000000 -10.469601
v -29.041473 0.000000 -10.469593
v -29.041473 0.000000 -12.794743
v -37.253265 0.452698 -12.794735
v -37.253265 0.452698 -10.469601
v -29.041473 0.452698 -10.469593
v -29.041473 0.452698 -12.794743
v -34.516006 0.452698 -10.469597
v -34.516006 0.452698 -12.794735
v -31.778740 0.452698 -10.469593
v -31.778740 0.452698 -12.794735
v -34.516006 0.000000 -12.794735
v -34.516006 0.000000 -10.469597
v -31.778740 0.000000 -12.794735
v -31.778740 0.000000 -10.469593
v -20.071762 0.000000 -8.037975
v -9.039139 0.000000 -8.037971
v -20.071762 0.000000 -15.110081
v -9.039146 0.000000 -15.110077
v -20.071762 0.434008 -15.110081
v -20.071762 0.434008 -8.037975
v -9.039139 0.434008 -8.037971
v -9.039146 0.434008 -15.110077
v 7.715523 0.000000 80.474640
v 9.715538 0.000000 80.474670
v 7.715530 0.000000 -37.739407
v 9.715530 0.000000 -37.739388
v 7.715523 0.155553 80.474640
v 9.715538 0.155553 80.474670
v 7.715530 0.155553 -37.739407
v 9.715530 0.155553 -37.739388
v 7.715523 0.000000 -35.975769
v 9.715523 0.000000 -35.975773
v 7.715523 0.155553 -35.975769
v 9.715523 0.155553 -35.975773
v 9.715530 0.000000 -37.835571
v 7.715523 0.000000 -37.835564
v 9.715530 0.155553 -37.835571
v 7.715523 0.155553 -37.835564
v -24.768341 0.000000 -37.739388
v -24.768341 0.155553 -37.739388
v -24.768341 0.000000 -35.975769
v -24.768341 0.155553 -35.975769
v -24.768341 0.000000 -37.835571
v -24.768341 0.155553 -37.835571
v -22.918228 0.000000 -35.975758
v -22.918228 0.000000 -37.739391
v -22.918228 0.155553 -37.835571
v -22.918228 0.155553 -37.739391
v -22.918228 0.000000 -37.835571
v -22.918228 0.155553 -35.975758
v -24.768341 0.000000 -75.608002
v -24.768341 0.155553 -75.608002
v -22.918221 0.155553 -75.608017
v -22.918221 0.000000 -75.608017
v -24.768341 0.000000 -74.008987
v -22.918221 0.000000 -74.009003
v -22.918221 0.155553 -74.009003
v -24.768341 0.155553 -74.008987
v -136.217087 0.000000 -75.608017
v -136.217087 0.155553 -75.608017
v -136.217087 0.000000 -74.009003
v -136.217087 0.155553 -74.009003
v -138.947479 0.000000 -75.608017
v -138.947479 0.155553 -75.608017
v -138.947479 0.000000 -74.009010
v -138.947479 0.155553 -74.009010
v -140.028671 0.000000 -75.608009
v -140.028671 0.155553 -75.608009
v -140.028687 0.000000 -74.009003
v -140.028687 0.155553 -74.009003
v -136.217087 0.155553 -73.298325
v -136.217087 0.000000 -73.298325
v -138.947479 0.155553 -73.298325
v -138.947479 0.000000 -73.298325
v -138.947479 0.155553 -41.785271
v -138.947479 0.000000 -41.785271
v -140.028687 0.155553 -41.785271
v -140.028687 0.000000 -41.785271
v 7.715515 0.000000 80.996063
v 9.715523 0.000000 80.996063
v 7.715515 0.155553 80.996063
v 9.715523 0.155553 80.996063
v -130.455994 0.000000 82.502747
v -128.702774 0.000000 82.502762
v -130.455994 0.000000 -34.719864
v -128.702774 0.000000 -34.719868
v -130.455994 0.155914 -34.719864
v -130.455994 0.155914 82.502747
v -128.702774 0.155914 82.502762
v -128.702774 0.155914 -34.719868
v -123.818611 0.000000 83.199631
v -79.344742 0.000000 83.199646
v -123.818604 0.000000 77.853455
v -79.344742 0.000000 77.853455
v -123.780258 0.195479 77.845169
v -123.780273 0.195479 83.191345
v -79.306396 0.195479 83.191345
v -79.306396 0.195479 77.845169
v -58.313110 0.000000 23.004177
v -55.606964 0.000000 23.004177
v -58.313110 0.204003 23.004177
v -55.606964 0.204003 23.004177
v -55.606960 0.000000 8.983406
v -55.606960 0.204003 8.983406
v -58.313118 0.000000 8.983402
v -58.313118 0.204003 8.983402
v -58.313110 0.000000 7.642452
v -58.163097 0.000000 7.281494
v -58.313072 0.000000 7.633984
v -58.312950 0.000000 7.625530
v -58.312744 0.000000 7.617085
v -58.312458 0.000000 7.608643
v -58.312084 0.000000 7.600231
v -58.311638 0.000000 7.591839
v -58.311104 0.000000 7.583473
v -58.310486 0.000000 7.575142
v -58.309784 0.000000 7.566849
v -58.309010 0.000000 7.558598
v -58.308151 0.000000 7.550388
v -58.307213 0.000000 7.542233
v -58.306202 0.000000 7.534130
v -58.305107 0.000000 7.526089
v -58.303932 0.000000 7.518112
v -58.302681 0.000000 7.510204
v -58.301353 0.000000 7.502365
v -58.299950 0.000000 7.494606
v -58.298473 0.000000 7.486927
v -58.296921 0.000000 7.479336
v -58.295296 0.000000 7.471828
v -58.293598 0.000000 7.464420
v -58.291824 0.000000 7.457111
v -58.289986 0.000000 7.449902
v -58.288078 0.000000 7.442787
v -58.286095 0.000000 7.435799
v -58.284050 0.000000 7.428921
v -58.281933 0.000000 7.422157
v -58.279755 0.000000 7.415512
v -58.277515 0.000000 7.408993
v -58.275211 0.000000 7.402603
v -58.272839 0.000000 7.396347
v -58.270412 0.000000 7.390228
v -58.267929 0.000000 7.384239
v -58.265381 0.000000 7.378403
v -58.262775 0.000000 7.372704
v -58.260124 0.000000 7.367157
v -58.257416 0.000000 7.361759
v -58.254658 0.000000 7.356510
v -58.251842 0.000000 7.351425
v -58.248989 0.000000 7.346500
v -58.246075 0.000000 7.341740
v -58.243122 0.000000 7.337143
v -58.240124 0.000000 7.332714
v -58.237087 0.000000 7.328453
v -58.234009 0.000000 7.324364
v -58.230888 0.000000 7.320454
v -58.227734 0.000000 7.316719
v -58.224541 0.000000 7.313164
v -58.221317 0.000000 7.309784
v -58.218060 0.000000 7.306591
v -58.214775 0.000000 7.303585
v -58.211460 0.000000 7.300762
v -58.208118 0.000000 7.298126
v -58.204746 0.000000 7.295685
v -58.201355 0.000000 7.293430
v -58.197948 0.000000 7.291370
v -58.194519 0.000000 7.289497
v -58.191071 0.000000 7.287827
v -58.187611 0.000000 7.286343
v -58.184135 0.000000 7.285057
v -58.180641 0.000000 7.283970
v -58.177147 0.000000 7.283077
v -58.173645 0.000000 7.282387
v -58.170132 0.000000 7.281891
v -58.166615 0.000000 7.281597
v -55.756973 0.000000 7.281494
v -55.606960 0.000000 7.642448
v -55.753456 0.000000 7.281593
v -55.749943 0.000000 7.281891
v -55.746437 0.000000 7.282387
v -55.742928 0.000000 7.283081
v -55.739433 0.000000 7.283970
v -55.735943 0.000000 7.285057
v -55.732468 0.000000 7.286343
v -55.729004 0.000000 7.287827
v -55.725555 0.000000 7.289497
v -55.722130 0.000000 7.291367
v -55.718716 0.000000 7.293430
v -55.715324 0.000000 7.295685
v -55.711960 0.000000 7.298126
v -55.708618 0.000000 7.300762
v -55.705299 0.000000 7.303585
v -55.702011 0.000000 7.306595
v -55.698753 0.000000 7.309788
v -55.695526 0.000000 7.313160
v -55.692345 0.000000 7.316715
v -55.689182 0.000000 7.320454
v -55.686066 0.000000 7.324364
v -55.682983 0.000000 7.328453
v -55.679947 0.000000 7.332714
v -55.676949 0.000000 7.337143
v -55.674000 0.000000 7.341736
v -55.671089 0.000000 7.346504
v -55.668232 0.000000 7.351429
v -55.665417 0.000000 7.356518
v -55.662663 0.000000 7.361755
v -55.659950 0.000000 7.367153
v -55.657295 0.000000 7.372704
v -55.654694 0.000000 7.378399
v -55.652149 0.000000 7.384239
v -55.649666 0.000000 7.390224
v -55.647236 0.000000 7.396347
v -55.644863 0.000000 7.402611
v -55.642563 0.000000 7.408993
v -55.640324 0.000000 7.415508
v -55.638138 0.000000 7.422153
v -55.636024 0.000000 7.428913
v -55.633980 0.000000 7.435799
v -55.632000 0.000000 7.442795
v -55.630089 0.000000 7.449898
v -55.628250 0.000000 7.457104
v -55.626476 0.000000 7.464420
v -55.624775 0.000000 7.471832
v -55.623150 0.000000 7.479336
v -55.621605 0.000000 7.486927
v -55.620125 0.000000 7.494606
v -55.618721 0.000000 7.502365
v -55.617393 0.000000 7.510204
v -55.616142 0.000000 7.518108
v -55.614967 0.000000 7.526093
v -55.613873 0.000000 7.534134
v -55.612858 0.000000 7.542233
v -55.611923 0.000000 7.550388
v -55.611061 0.000000 7.558598
v -55.610287 0.000000 7.566853
v -55.609592 0.000000 7.575142
v -55.608974 0.000000 7.583477
v -55.608444 0.000000 7.591839
v -55.607990 0.000000 7.600231
v -55.607620 0.000000 7.608646
v -55.607334 0.000000 7.617081
v -55.607124 0.000000 7.625530
v -55.607002 0.000000 7.633987
v -58.163097 0.204003 7.281494
v -58.313110 0.204003 7.642452
v -58.166615 0.204003 7.281597
v -58.170132 0.204003 7.281891
v -58.173645 0.204003 7.282387
v -58.177147 0.204003 7.283077
v -58.180641 0.204003 7.283970
v -58.184135 0.204003 7.285057
v -58.187611 0.204003 7.286343
v -58.191071 0.204003 7.287827
v -58.194519 0.204003 7.289497
v -58.197948 0.204003 7.291370
v -58.201355 0.204003 7.293430
v -58.204746 0.204003 7.295685
v -58.208118 0.204003 7.298126
v -58.211460 0.204003 7.300762
v -58.214775 0.204003 7.303585
v -58.218060 0.204003 7.306591
v -58.221317 0.204003 7.309784
v -58.224541 0.204003 7.313164
v -58.227734 0.204003 7.316719
v -58.230888 0.204003 7.320454
v -58.234009 0.204003 7.324364
v -58.237087 0.204003 7.328453
v -58.240124 0.204003 7.332714
v -58.243122 0.204003 7.337143
v -58.246075 0.204003 7.341740
v -58.248989 0.204003 7.346500
v -58.251842 0.204003 7.351425
v -58.254658 0.204003 7.356510
v -58.257416 0.204003 7.361759
v -58.260124 0.204003 7.367157
v -58.262775 0.204003 7.372704
v -58.265381 0.204003 7.378403
v -58.267929 0.204003 7.384239
v -58.270412 0.204003 7.390228
v -58.272839 0.204003 7.396347
v -58.275211 0.204003 7.402603
v -58.277515 0.204003 7.408993
v -58.279755 0.204003 7.415512
v -58.281933 0.204003 7.422157
v -58.284050 0.204003 7.428921
v -58.286095 0.204003 7.435799
v -58.288078 0.204003 7.442787
v -58.289986 0.204003 7.449902
v -58.291824 0.204003 7.457111
v -58.293598 0.204003 7.464420
v -58.295296 0.204003 7.471828
v -58.296921 0.204003 7.479336
v -58.298473 0.204003 7.486927
v -58.299950 0.204003 7.494606
v -58.301353 0.204003 7.502365
v -58.302681 0.204003 7.510204
v -58.303932 0.204003 7.518112
v -58.305107 0.204003 7.526089
v -58.306202 0.204003 7.534130
v -58.307213 0.204003 7.542233
v -58.308151 0.204003 7.550388
v -58.309010 0.204003 7.558598
v -58.309784 0.204003 7.566849
v -58.310486 0.204003 7.575142
v -58.311104 0.204003 7.583473
v -58.311638 0.204003 7.591839
v -58.312084 0.204003 7.600231
v -58.312458 0.204003 7.608643
v -58.312744 0.204003 7.617085
v -58.312950 0.204003 7.625530
v -58.313072 0.204003 7.633984
v -55.606960 0.204003 7.642448
v -55.756973 0.204003 7.281494
v -55.607002 0.204003 7.633987
v -55.607124 0.204003 7.625530
v -55.607334 0.204003 7.617081
v -55.607620 0.204003 7.608646
v -55.607990 0.204003 7.600231
v -55.608444 0.204003 7.591839
v -55.608974 0.204003 7.583477
v -55.609592 0.204003 7.575142
v -55.610287 0.204003 7.566853
v -55.611061 0.204003 7.558598
v -55.611923 0.204003 7.550388
v -55.612858 0.204003 7.542233
v -55.613873 0.204003 7.534134
v -55.614967 0.204003 7.526093
v -55.616142 0.204003 7.518108
v -55.617393 0.204003 7.510204
v -55.618721 0.204003 7.502365
v -55.620125 0.204003 7.494606
v -55.621605 0.204003 7.486927
v -55.623150 0.204003 7.479336
v -55.624775 0.204003 7.471832
v -55.626476 0.204003 7.464420
v -55.628250 0.204003 7.457104
v -55.630089 0.204003 7.449898
v -55.632000 0.204003 7.442795
v -55.633980 0.204003 7.435799
v -55.636024 0.204003 7.428913
v -55.638138 0.204003 7.422153
v -55.640324 0.204003 7.415508
v -55.642563 0.204003 7.408993
v -55.644863 0.204003 7.402611
v -55.647236 0.204003 7.396347
v -55.649666 0.204003 7.390224
v -55.652149 0.204003 7.384239
v -55.654694 0.204003 7.378399
v -55.657295 0.204003 7.372704
v -55.659950 0.204003 7.367153
v -55.662663 0.204003 7.361755
v -55.665417 0.204003 7.356518
v -55.668232 0.204003 7.351429
v -55.671089 0.204003 7.346504
v -55.674000 0.204003 7.341736
v -55.676949 0.204003 7.337143
v -55.679947 0.204003 7.332714
v -55.682983 0.204003 7.328453
v -55.686066 0.204003 7.324364
v -55.689182 0.204003 7.320454
v -55.692345 0.204003 7.316715
v -55.695526 0.204003 7.313160
v -55.698753 0.204003 7.309788
v -55.702011 0.204003 7.306595
v -55.705299 0.204003 7.303585
v -55.708618 0.204003 7.300762
v -55.711960 0.204003 7.298126
v -55.715324 0.204003 7.295685
v -55.718716 0.204003 7.293430
v -55.722130 0.204003 7.291367
v -55.725555 0.204003 7.289497
v -55.729004 0.204003 7.287827
v -55.732468 0.204003 7.286343
v -55.735943 0.204003 7.285057
v -55.739433 0.204003 7.283970
v -55.742928 0.204003 7.283081
v -55.746437 0.204003 7.282387
v -55.749943 0.204003 7.281891
v -55.753456 0.204003 7.281593
v -58.106892 0.000000 24.657627
v -58.313114 0.000000 24.217831
v -58.111729 0.000000 24.657505
v -58.116562 0.000000 24.657139
v -58.121387 0.000000 24.656536
v -58.126205 0.000000 24.655697
v -58.131012 0.000000 24.654613
v -58.135811 0.000000 24.653286
v -58.140583 0.000000 24.651714
v -58.145348 0.000000 24.649921
v -58.150085 0.000000 24.647869
v -58.154800 0.000000 24.645596
v -58.159489 0.000000 24.643085
v -58.164146 0.000000 24.640339
v -58.168777 0.000000 24.637356
v -58.173370 0.000000 24.634151
v -58.177929 0.000000 24.630718
v -58.182449 0.000000 24.627048
v -58.186924 0.000000 24.623158
v -58.191364 0.000000 24.619038
v -58.195744 0.000000 24.614712
v -58.200085 0.000000 24.610165
v -58.204376 0.000000 24.605389
v -58.208603 0.000000 24.600414
v -58.212784 0.000000 24.595226
v -58.216904 0.000000 24.589825
v -58.220959 0.000000 24.584225
v -58.224957 0.000000 24.578419
v -58.228886 0.000000 24.572414
v -58.232750 0.000000 24.566227
v -58.236549 0.000000 24.559826
v -58.240273 0.000000 24.553257
v -58.243923 0.000000 24.546497
v -58.247501 0.000000 24.539555
v -58.250996 0.000000 24.532436
v -58.254414 0.000000 24.525150
v -58.257748 0.000000 24.517689
v -58.261009 0.000000 24.510059
v -58.264172 0.000000 24.502277
v -58.267258 0.000000 24.494335
v -58.270252 0.000000 24.486240
v -58.273159 0.000000 24.478008
v -58.275974 0.000000 24.469616
v -58.278698 0.000000 24.461094
v -58.281322 0.000000 24.452442
v -58.283855 0.000000 24.443653
v -58.286285 0.000000 24.434750
v -58.288620 0.000000 24.425724
v -58.290855 0.000000 24.416576
v -58.292992 0.000000 24.407322
v -58.295021 0.000000 24.397968
v -58.296955 0.000000 24.388515
v -58.298779 0.000000 24.378956
v -58.300491 0.000000 24.369320
v -58.302105 0.000000 24.359608
v -58.303612 0.000000 24.349804
v -58.305012 0.000000 24.339931
v -58.306293 0.000000 24.329998
v -58.307472 0.000000 24.319996
v -58.308544 0.000000 24.309940
v -58.309502 0.000000 24.299831
v -58.310345 0.000000 24.289684
v -58.311077 0.000000 24.279491
v -58.311703 0.000000 24.269268
v -58.312210 0.000000 24.259014
v -58.312607 0.000000 24.248737
v -58.312889 0.000000 24.238453
v -58.313057 0.000000 24.228146
v -55.606960 0.000000 24.217831
v -55.813183 0.000000 24.657627
v -55.607018 0.000000 24.228138
v -55.607189 0.000000 24.238445
v -55.607468 0.000000 24.248745
v -55.607864 0.000000 24.259014
v -55.608376 0.000000 24.269268
v -55.609001 0.000000 24.279491
v -55.609734 0.000000 24.289684
v -55.610577 0.000000 24.299839
v -55.611534 0.000000 24.309940
v -55.612602 0.000000 24.320004
v -55.613777 0.000000 24.329990
v -55.615067 0.000000 24.339939
v -55.616463 0.000000 24.349812
v -55.617973 0.000000 24.359608
v -55.619583 0.000000 24.369328
v -55.621300 0.000000 24.378963
v -55.623127 0.000000 24.388508
v -55.625053 0.000000 24.397961
v -55.627083 0.000000 24.407330
v -55.629219 0.000000 24.416576
v -55.631454 0.000000 24.425724
v -55.633789 0.000000 24.434742
v -55.636223 0.000000 24.443653
v -55.638756 0.000000 24.452435
v -55.641376 0.000000 24.461102
v -55.644104 0.000000 24.469616
v -55.646915 0.000000 24.478001
v -55.649822 0.000000 24.486240
v -55.652817 0.000000 24.494335
v -55.655899 0.000000 24.502277
v -55.659073 0.000000 24.510059
v -55.662323 0.000000 24.517689
v -55.665661 0.000000 24.525143
v -55.669079 0.000000 24.532444
v -55.672577 0.000000 24.539555
v -55.676155 0.000000 24.546497
v -55.679806 0.000000 24.553257
v -55.683525 0.000000 24.559834
v -55.687325 0.000000 24.566227
v -55.691189 0.000000 24.572414
v -55.695118 0.000000 24.578419
v -55.699116 0.000000 24.584217
v -55.703175 0.000000 24.589825
v -55.707291 0.000000 24.595226
v -55.711472 0.000000 24.600407
v -55.715702 0.000000 24.605389
v -55.719994 0.000000 24.610157
v -55.724331 0.000000 24.614712
v -55.728718 0.000000 24.619038
v -55.733150 0.000000 24.623158
v -55.737625 0.000000 24.627048
v -55.742142 0.000000 24.630718
v -55.746700 0.000000 24.634151
v -55.751297 0.000000 24.637356
v -55.755928 0.000000 24.640339
v -55.760586 0.000000 24.643085
v -55.765274 0.000000 24.645603
v -55.769989 0.000000 24.647869
v -55.774727 0.000000 24.649914
v -55.779491 0.000000 24.651722
v -55.784267 0.000000 24.653286
v -55.789062 0.000000 24.654613
v -55.793873 0.000000 24.655689
v -55.798687 0.000000 24.656536
v -55.803513 0.000000 24.657139
v -55.808350 0.000000 24.657505
v -58.313114 0.204003 24.217831
v -58.106892 0.204003 24.657627
v -58.313057 0.204003 24.228146
v -58.312889 0.204003 24.238453
v -58.312607 0.204003 24.248737
v -58.312210 0.204003 24.259014
v -58.311703 0.204003 24.269268
v -58.311077 0.204003 24.279491
v -58.310345 0.204003 24.289684
v -58.309502 0.204003 24.299831
v -58.308544 0.204003 24.309940
v -58.307472 0.204003 24.319996
v -58.306293 0.204003 24.329998
v -58.305012 0.204003 24.339931
v -58.303612 0.204003 24.349804
v -58.302105 0.204003 24.359608
v -58.300491 0.204003 24.369320
v -58.298779 0.204003 24.378956
v -58.296955 0.204003 24.388515
v -58.295021 0.204003 24.397968
v -58.292992 0.204003 24.407322
v -58.290855 0.204003 24.416576
v -58.288620 0.204003 24.425724
v -58.286285 0.204003 24.434750
v -58.283855 0.204003 24.443653
v -58.281322 0.204003 24.452442
v -58.278698 0.204003 24.461094
v -58.275974 0.204003 24.469616
v -58.273159 0.204003 24.478008
v -58.270252 0.204003 24.486240
v -58.267258 0.204003 24.494335
v -58.264172 0.204003 24.502277
v -58.261009 0.204003 24.510059
v -58.257748 0.204003 24.517689
v -58.254414 0.204003 24.525150
v -58.250996 0.204003 24.532436
v -58.247501 0.204003 24.539555
v -58.243923 0.204003 24.546497
v -58.240273 0.204003 24.553257
v -58.236549 0.204003 24.559826
v -58.232750 0.204003 24.566227
v -58.228886 0.204003 24.572414
v -58.224957 0.204003 24.578419
v -58.220959 0.204003 24.584225
v -58.216904 0.204003 24.589825
v -58.212784 0.204003 24.595226
v -58.208603 0.204003 24.600414
v -58.204376 0.204003 24.605389
v -58.200085 0.204003 24.610165
v -58.195744 0.204003 24.614712
v -58.191364 0.204003 24.619038
v -58.186924 0.204003 24.623158
v -58.182449 0.204003 24.627048
v -58.177929 0.204003 24.630718
v -58.173370 0.204003 24.634151
v -58.168777 0.204003 24.637356
v -58.164146 0.204003 24.640339
v -58.159489 0.204003 24.643085
v -58.154800 0.204003 24.645596
v -58.150085 0.204003 24.647869
v -58.145348 0.204003 24.649921
v -58.140583 0.204003 24.651714
v -58.135811 0.204003 24.653286
v -58.131012 0.204003 24.654613
v -58.126205 0.204003 24.655697
v -58.121387 0.204003 24.656536
v -58.116562 0.204003 24.657139
v -58.111729 0.204003 24.657505
v -55.813183 0.204003 24.657627
v -55.606960 0.204003 24.217831
v -55.808350 0.204003 24.657505
v -55.803513 0.204003 24.657139
v -55.798687 0.204003 24.656536
v -55.793873 0.204003 24.655689
v -55.789062 0.204003 24.654613
v -55.784267 0.204003 24.653286
v -55.779491 0.204003 24.651722
v -55.774727 0.204003 24.649914
v -55.769989 0.204003 24.647869
v -55.765274 0.204003 24.645603
v -55.760586 0.204003 24.643085
v -55.755928 0.204003 24.640339
v -55.751297 0.204003 24.637356
v -55.746700 0.204003 24.634151
v -55.742142 0.204003 24.630718
v -55.737625 0.204003 24.627048
v -55.733150 0.204003 24.623158
v -55.728718 0.204003 24.619038
v -55.724331 0.204003 24.614712
v -55.719994 0.204003 24.610157
v -55.715702 0.204003 24.605389
v -55.711472 0.204003 24.600407
v -55.707291 0.204003 24.595226
v -55.703175 0.204003 24.589825
v -55.699116 0.204003 24.584217
v -55.695118 0.204003 24.578419
v -55.691189 0.204003 24.572414
v -55.687325 0.204003 24.566227
v -55.683525 0.204003 24.559834
v -55.679806 0.204003 24.553257
v -55.676155 0.204003 24.546497
v -55.672577 0.204003 24.539555
v -55.669079 0.204003 24.532444
v -55.665661 0.204003 24.525143
v -55.662323 0.204003 24.517689
v -55.659073 0.204003 24.510059
v -55.655899 0.204003 24.502277
v -55.652817 0.204003 24.494335
v -55.649822 0.204003 24.486240
v -55.646915 0.204003 24.478001
v -55.644104 0.204003 24.469616
v -55.641376 0.204003 24.461102
v -55.638756 0.204003 24.452435
v -55.636223 0.204003 24.443653
v -55.633789 0.204003 24.434742
v -55.631454 0.204003 24.425724
v -55.629219 0.204003 24.416576
v -55.627083 0.204003 24.407330
v -55.625053 0.204003 24.397961
v -55.623127 0.204003 24.388508
v -55.621300 0.204003 24.378963
v -55.619583 0.204003 24.369328
v -55.617973 0.204003 24.359608
v -55.616463 0.204003 24.349812
v -55.615067 0.204003 24.339939
v -55.613777 0.204003 24.329990
v -55.612602 0.204003 24.320004
v -55.611534 0.204003 24.309940
v -55.610577 0.204003 24.299839
v -55.609734 0.204003 24.289684
v -55.609001 0.204003 24.279491
v -55.608376 0.204003 24.269268
v -55.607864 0.204003 24.259014
v -55.607468 0.204003 24.248745
v -55.607189 0.204003 24.238445
v -55.607018 0.204003 24.228138
vn -0.0000 -1.0000 -0.0000
vn -0.0000 1.0000 -0.0000
vn -0.6504 -0.0000 -0.7596
vn 0.6504 -0.0000 0.7596
vn -0.7596 -0.0000 0.6504
vn 0.7596 -0.0000 -0.6504
vn 0.7103 -0.0000 -0.7039
vn 0.6029 -0.0000 -0.7978
vn 0.4897 -0.0000 -0.8719
vn 0.3773 -0.0000 -0.9261
vn 0.2710 -0.0000 -0.9626
vn 0.1734 -0.0000 -0.9848
vn 0.0859 -0.0000 -0.9963
vn 0.0084 -0.0000 -1.0000
vn -0.0601 -0.0000 -0.9982
vn -0.1203 -0.0000 -0.9927
vn -0.1735 -0.0000 -0.9848
vn -0.2206 -0.0000 -0.9754
vn -0.2626 -0.0000 -0.9649
vn -0.3002 -0.0000 -0.9539
vn -0.3341 -0.0000 -0.9426
vn -0.3647 -0.0000 -0.9311
vn -0.3928 -0.0000 -0.9196
vn -0.4185 -0.0000 -0.9082
vn -0.4422 -0.0000 -0.8969
vn -0.4642 -0.0000 -0.8857
vn -0.4848 -0.0000 -0.8746
vn -0.5041 -0.0000 -0.8636
vn -0.5224 -0.0000 -0.8527
vn -0.5397 -0.0000 -0.8419
vn -0.5562 -0.0000 -0.8311
vn -0.5720 -0.0000 -0.8203
vn -0.5872 -0.0000 -0.8094
vn -0.6019 -0.0000 -0.7986
vn -0.6162 -0.0000 -0.7876
vn -0.6301 -0.0000 -0.7765
vn -0.6437 -0.0000 -0.7653
vn 0.8048 -0.0000 -0.5935
vn 0.8811 -0.0000 -0.4730
vn 0.9369 -0.0000 -0.3497
vn 0.9731 -0.0000 -0.2303
vn 0.9928 -0.0000 -0.1196
vn 0.9998 -0.0000 -0.0198
vn 0.9977 -0.0000 0.0684
vn 0.9893 -0.0000 0.1456
vn 0.9771 -0.0000 0.2130
vn 0.9624 -0.0000 0.2717
vn 0.9464 -0.0000 0.3230
vn 0.9298 -0.0000 0.3681
vn 0.9130 -0.0000 0.4080
vn 0.8963 -0.0000 0.4434
vn 0.8799 -0.0000 0.4751
vn 0.8639 -0.0000 0.5037
vn 0.8483 -0.0000 0.5296
vn 0.8330 -0.0000 0.5532
vn 0.8182 -0.0000 0.5750
vn 0.8037 -0.0000 0.5950
vn 0.7896 -0.0000 0.6136
vn 0.7758 -0.0000 0.6310
vn 0.7622 -0.0000 0.6474
vn 0.7488 -0.0000 0.6628
vn 0.7356 -0.0000 0.6775
vn 0.7225 -0.0000 0.6914
vn 0.7094 -0.0000 0.7048
vn 0.6964 -0.0000 0.7176
vn 0.6834 -0.0000 0.7300
vn 0.6703 -0.0000 0.7421
vn 0.6571 -0.0000 0.7538
vn -0.8181 -0.0000 0.5751
vn -0.9096 -0.0000 0.4154
vn -0.9664 -0.0000 0.2572
vn -0.9936 -0.0000 0.1132
vn -0.9999 -0.0000 -0.0111
vn -0.9933 -0.0000 -0.1153
vn -0.9794 -0.0000 -0.2018
vn -0.9619 -0.0000 -0.2734
vn -0.9429 -0.0000 -0.3330
vn -0.9237 -0.0000 -0.3831
vn -0.9049 -0.0000 -0.4256
vn -0.8868 -0.0000 -0.4621
vn -0.8696 -0.0000 -0.4937
vn -0.8533 -0.0000 -0.5214
vn -0.8379 -0.0000 -0.5458
vn -0.8233 -0.0000 -0.5676
vn -0.8094 -0.0000 -0.5873
vn -0.7962 -0.0000 -0.6051
vn -0.7835 -0.0000 -0.6214
vn -0.7714 -0.0000 -0.6363
vn -0.7597 -0.0000 -0.6502
vn -0.7484 -0.0000 -0.6632
vn -0.7375 -0.0000 -0.6754
vn -0.7268 -0.0000 -0.6869
vn -0.7163 -0.0000 -0.6978
vn -0.7060 -0.0000 -0.7082
vn -0.6958 -0.0000 -0.7182
vn -0.6857 -0.0000 -0.7279
vn -0.6757 -0.0000 -0.7372
vn -0.6656 -0.0000 -0.7463
vn -0.6555 -0.0000 -0.7552
vn -0.6941 -0.0000 0.7198
vn -0.5504 -0.0000 0.8349
vn -0.4028 -0.0000 0.9153
vn -0.2647 -0.0000 0.9643
vn -0.1429 -0.0000 0.9897
vn -0.0389 -0.0000 0.9992
vn 0.0487 -0.0000 0.9988
vn 0.1221 -0.0000 0.9925
vn 0.1840 -0.0000 0.9829
vn 0.2364 -0.0000 0.9717
vn 0.2813 -0.0000 0.9596
vn 0.3201 -0.0000 0.9474
vn 0.3540 -0.0000 0.9353
vn 0.3838 -0.0000 0.9234
vn 0.4104 -0.0000 0.9119
vn 0.4342 -0.0000 0.9008
vn 0.4557 -0.0000 0.8901
vn 0.4753 -0.0000 0.8798
vn 0.4934 -0.0000 0.8698
vn 0.5101 -0.0000 0.8601
vn 0.5256 -0.0000 0.8507
vn 0.5401 -0.0000 0.8416
vn 0.5539 -0.0000 0.8326
vn 0.5669 -0.0000 0.8238
vn 0.5793 -0.0000 0.8151
vn 0.5911 -0.0000 0.8066
vn 0.6026 -0.0000 0.7981
vn 0.6137 -0.0000 0.7896
vn 0.6244 -0.0000 0.7811
vn 0.6350 -0.0000 0.7725
vn 0.6453 -0.0000 0.7639
vn 0.9526 -0.3042 -0.0000
vn -0.9526 0.3042 -0.0000
vn -0.0000 -0.0423 -0.9991
vn 0.9527 -0.3037 0.0129
vn -0.0000 0.0424 0.9991
vn -0.0000 0.9991 -0.0424
vn -0.0000 -0.9991 0.0424
vn -0.9527 0.3037 -0.0129
vn 0.7917 -0.0000 0.6108
vn -0.7917 -0.0000 -0.6108
vn 0.6108 -0.0000 -0.7917
vn -0.6108 -0.0000 0.7917
vn -0.0000 -0.0000 -1.0000
vn -0.0000 -0.0000 1.0000
vn 1.0000 -0.0000 -0.0000
vn -1.0000 -0.0000 -0.0000
vn -1.0000 -0.0000 -0.0020
vn -0.0020 -0.0000 1.0000
vn 0.0020 -0.0000 -1.0000
vn 1.0000 -0.0000 0.0020
vn 0.0042 1.0000 0.0064
vn 0.9813 -0.1924 -0.0000
vn -0.9813 0.1925 -0.0000
vn -1.0000 -0.0000 -0.0046
vn -0.9999 -0.0000 -0.0147
vn -0.9997 -0.0000 -0.0246
vn -0.9994 -0.0000 -0.0337
vn -0.9990 -0.0000 -0.0443
vn -0.9986 -0.0000 -0.0535
vn -0.9980 -0.0000 -0.0636
vn -0.9973 -0.0000 -0.0737
vn -0.9965 -0.0000 -0.0841
vn -0.9956 -0.0000 -0.0937
vn -0.9946 -0.0000 -0.1037
vn -0.9934 -0.0000 -0.1143
vn -0.9923 -0.0000 -0.1240
vn -0.9909 -0.0000 -0.1349
vn -0.9893 -0.0000 -0.1457
vn -0.9877 -0.0000 -0.1563
vn -0.9860 -0.0000 -0.1667
vn -0.9840 -0.0000 -0.1780
vn -0.9820 -0.0000 -0.1889
vn -0.9797 -0.0000 -0.2006
vn -0.9774 -0.0000 -0.2114
vn -0.9746 -0.0000 -0.2238
vn -0.9719 -0.0000 -0.2353
vn -0.9689 -0.0000 -0.2474
vn -0.9659 -0.0000 -0.2590
vn -0.9620 -0.0000 -0.2730
vn -0.9585 -0.0000 -0.2852
vn -0.9545 -0.0000 -0.2984
vn -0.9502 -0.0000 -0.3117
vn -0.9457 -0.0000 -0.3249
vn -0.9407 -0.0000 -0.3393
vn -0.9350 -0.0000 -0.3546
vn -0.9297 -0.0000 -0.3684
vn -0.9165 -0.0000 -0.4001
vn -0.9097 -0.0000 -0.4153
vn -0.9020 -0.0000 -0.4317
vn -0.8938 -0.0000 -0.4484
vn -0.8851 -0.0000 -0.4655
vn -0.8751 -0.0000 -0.4839
vn -0.8651 -0.0000 -0.5016
vn -0.8530 -0.0000 -0.5219
vn -0.8415 -0.0000 -0.5403
vn -0.8283 -0.0000 -0.5604
vn -0.8141 -0.0000 -0.5807
vn -0.7988 -0.0000 -0.6016
vn -0.7823 -0.0000 -0.6228
vn -0.7635 -0.0000 -0.6458
vn -0.7443 -0.0000 -0.6679
vn -0.7235 -0.0000 -0.6903
vn -0.6998 -0.0000 -0.7144
vn -0.6754 -0.0000 -0.7375
vn -0.6477 -0.0000 -0.7619
vn -0.6192 -0.0000 -0.7852
vn -0.5869 -0.0000 -0.8096
vn -0.5537 -0.0000 -0.8327
vn -0.5180 -0.0000 -0.8554
vn -0.4780 -0.0000 -0.8783
vn -0.4371 -0.0000 -0.8994
vn -0.3935 -0.0000 -0.9193
vn -0.3473 -0.0000 -0.9378
vn -0.2966 -0.0000 -0.9550
vn -0.2475 -0.0000 -0.9689
vn -0.1945 -0.0000 -0.9809
vn -0.1396 -0.0000 -0.9902
vn -0.0833 -0.0000 -0.9965
vn -0.0280 -0.0000 -0.9996
vn 1.0000 -0.0000 -0.0047
vn 0.9999 -0.0000 -0.0148
vn 0.9997 -0.0000 -0.0246
vn 0.9994 -0.0000 -0.0341
vn 0.9990 -0.0000 -0.0439
vn 0.9985 -0.0000 -0.0540
vn 0.9980 -0.0000 -0.0632
vn 0.9973 -0.0000 -0.0740
vn 0.9965 -0.0000 -0.0833
vn 0.9956 -0.0000 -0.0935
vn 0.9945 -0.0000 -0.1043
vn 0.9935 -0.0000 -0.1140
vn 0.9923 -0.0000 -0.1242
vn 0.9909 -0.0000 -0.1348
vn 0.9893 -0.0000 -0.1458
vn 0.9878 -0.0000 -0.1560
vn 0.9859 -0.0000 -0.1672
vn 0.9841 -0.0000 -0.1777
vn 0.9820 -0.0000 -0.1891
vn 0.9798 -0.0000 -0.2000
vn 0.9773 -0.0000 -0.2118
vn 0.9747 -0.0000 -0.2234
vn 0.9718 -0.0000 -0.2356
vn 0.9689 -0.0000 -0.2473
vn 0.9657 -0.0000 -0.2598
vn 0.9622 -0.0000 -0.2723
vn 0.9584 -0.0000 -0.2853
vn 0.9546 -0.0000 -0.2980
vn 0.9501 -0.0000 -0.3119
vn 0.9456 -0.0000 -0.3253
vn 0.9407 -0.0000 -0.3393
vn 0.9352 -0.0000 -0.3540
vn 0.9295 -0.0000 -0.3688
vn 0.9234 -0.0000 -0.3838
vn 0.9168 -0.0000 -0.3993
vn 0.9098 -0.0000 -0.4151
vn 0.9019 -0.0000 -0.4319
vn 0.8937 -0.0000 -0.4487
vn 0.8849 -0.0000 -0.4657
vn 0.8752 -0.0000 -0.4837
vn 0.8648 -0.0000 -0.5020
vn 0.8535 -0.0000 -0.5211
vn 0.8415 -0.0000 -0.5403
vn 0.8284 -0.0000 -0.5602
vn 0.8140 -0.0000 -0.5809
vn 0.7986 -0.0000 -0.6018
vn 0.7821 -0.0000 -0.6232
vn 0.7638 -0.0000 -0.6455
vn 0.7443 -0.0000 -0.6678
vn 0.7230 -0.0000 -0.6909
vn 0.7001 -0.0000 -0.7140
vn 0.6751 -0.0000 -0.7378
vn 0.6481 -0.0000 -0.7616
vn 0.6191 -0.0000 -0.7853
vn 0.5873 -0.0000 -0.8093
vn 0.5537 -0.0000 -0.8327
vn 0.5174 -0.0000 -0.8557
vn 0.4786 -0.0000 -0.8780
vn 0.4368 -0.0000 -0.8996
vn 0.3933 -0.0000 -0.9194
vn 0.3467 -0.0000 -0.9380
vn 0.2981 -0.0000 -0.9545
vn 0.2464 -0.0000 -0.9692
vn 0.1941 -0.0000 -0.9810
vn 0.1396 -0.0000 -0.9902
vn 0.0841 -0.0000 -0.9965
vn 0.0281 -0.0000 -0.9996
vn 1.0000 -0.0000 0.0053
vn 0.9999 -0.0000 0.0169
vn 0.9996 -0.0000 0.0271
vn 0.9993 -0.0000 0.0386
vn 0.9988 -0.0000 0.0498
vn 0.9981 -0.0000 0.0609
vn 0.9974 -0.0000 0.0717
vn 0.9966 -0.0000 0.0828
vn 0.9955 -0.0000 0.0943
vn 0.9944 -0.0000 0.1055
vn 0.9931 -0.0000 0.1171
vn 0.9917 -0.0000 0.1286
vn 0.9902 -0.0000 0.1399
vn 0.9884 -0.0000 0.1521
vn 0.9865 -0.0000 0.1636
vn 0.9845 -0.0000 0.1756
vn 0.9823 -0.0000 0.1874
vn 0.9798 -0.0000 0.1998
vn 0.9773 -0.0000 0.2121
vn 0.9744 -0.0000 0.2248
vn 0.9714 -0.0000 0.2375
vn 0.9682 -0.0000 0.2502
vn 0.9645 -0.0000 0.2641
vn 0.9610 -0.0000 0.2766
vn 0.9571 -0.0000 0.2899
vn 0.9525 -0.0000 0.3045
vn 0.9480 -0.0000 0.3184
vn 0.9432 -0.0000 0.3323
vn 0.9378 -0.0000 0.3471
vn 0.9322 -0.0000 0.3618
vn 0.9260 -0.0000 0.3774
vn 0.9198 -0.0000 0.3925
vn 0.9128 -0.0000 0.4083
vn 0.9055 -0.0000 0.4244
vn 0.8973 -0.0000 0.4414
vn 0.8891 -0.0000 0.4577
vn 0.8702 -0.0000 0.4927
vn 0.8598 -0.0000 0.5106
vn 0.8483 -0.0000 0.5295
vn 0.8366 -0.0000 0.5479
vn 0.8234 -0.0000 0.5674
vn 0.8101 -0.0000 0.5863
vn 0.7952 -0.0000 0.6064
vn 0.7785 -0.0000 0.6276
vn 0.7622 -0.0000 0.6473
vn 0.7432 -0.0000 0.6691
vn 0.7236 -0.0000 0.6902
vn 0.7027 -0.0000 0.7115
vn 0.6804 -0.0000 0.7329
vn 0.6564 -0.0000 0.7544
vn 0.6298 -0.0000 0.7768
vn 0.6024 -0.0000 0.7982
vn 0.5720 -0.0000 0.8203
vn 0.5407 -0.0000 0.8412
vn 0.5087 -0.0000 0.8609
vn 0.4722 -0.0000 0.8815
vn 0.4349 -0.0000 0.9005
vn 0.3954 -0.0000 0.9185
vn 0.3540 -0.0000 0.9352
vn 0.3118 -0.0000 0.9501
vn 0.2665 -0.0000 0.9638
vn 0.2195 -0.0000 0.9756
vn 0.1736 -0.0000 0.9848
vn 0.1239 -0.0000 0.9923
vn 0.0744 -0.0000 0.9972
vn 0.0254 -0.0000 0.9997
vn -1.0000 -0.0000 0.0054
vn -0.9999 -0.0000 0.0166
vn -0.9996 -0.0000 0.0273
vn -0.9993 -0.0000 0.0385
vn -0.9988 -0.0000 0.0495
vn -0.9981 -0.0000 0.0608
vn -0.9974 -0.0000 0.0719
vn -0.9966 -0.0000 0.0829
vn -0.9956 -0.0000 0.0942
vn -0.9944 -0.0000 0.1058
vn -0.9931 -0.0000 0.1170
vn -0.9917 -0.0000 0.1284
vn -0.9901 -0.0000 0.1401
vn -0.9884 -0.0000 0.1519
vn -0.9865 -0.0000 0.1635
vn -0.9845 -0.0000 0.1755
vn -0.9822 -0.0000 0.1876
vn -0.9798 -0.0000 0.1999
vn -0.9772 -0.0000 0.2124
vn -0.9744 -0.0000 0.2247
vn -0.9714 -0.0000 0.2376
vn -0.9682 -0.0000 0.2504
vn -0.9647 -0.0000 0.2633
vn -0.9609 -0.0000 0.2769
vn -0.9569 -0.0000 0.2904
vn -0.9527 -0.0000 0.3041
vn -0.9479 -0.0000 0.3185
vn -0.9431 -0.0000 0.3325
vn -0.9378 -0.0000 0.3471
vn -0.9322 -0.0000 0.3620
vn -0.9262 -0.0000 0.3769
vn -0.9196 -0.0000 0.3928
vn -0.9128 -0.0000 0.4084
vn -0.9055 -0.0000 0.4244
vn -0.8975 -0.0000 0.4410
vn -0.8890 -0.0000 0.4580
vn -0.8800 -0.0000 0.4751
vn -0.8702 -0.0000 0.4927
vn -0.8597 -0.0000 0.5108
vn -0.8485 -0.0000 0.5291
vn -0.8365 -0.0000 0.5480
vn -0.8236 -0.0000 0.5671
vn -0.8098 -0.0000 0.5867
vn -0.7950 -0.0000 0.6067
vn -0.7790 -0.0000 0.6270
vn -0.7619 -0.0000 0.6477
vn -0.7435 -0.0000 0.6687
vn -0.7239 -0.0000 0.6899
vn -0.7026 -0.0000 0.7116
vn -0.6802 -0.0000 0.7330
vn -0.6559 -0.0000 0.7549
vn -0.6298 -0.0000 0.7767
vn -0.6022 -0.0000 0.7983
vn -0.5724 -0.0000 0.8200
vn -0.5415 -0.0000 0.8407
vn -0.5075 -0.0000 0.8616
vn -0.4724 -0.0000 0.8814
vn -0.4347 -0.0000 0.9006
vn -0.3958 -0.0000 0.9183
vn -0.3543 -0.0000 0.9351
vn -0.3110 -0.0000 0.9504
vn -0.2669 -0.0000 0.9637
vn -0.2201 -0.0000 0.9755
vn -0.1729 -0.0000 0.9849
vn -0.1241 -0.0000 0.9923
vn -0.0747 -0.0000 0.9972
vn -0.0252 -0.0000 0.9997
vt 0.000000 0.000000
vt 0.000000 1.000000
vt 1.000000 1.000000
vt 1.000000 0.000000
vt 1.000000 0.000090
vt 1.000000 0.000359
vt 1.000000 0.000806
vt 1.000000 0.001431
vt 1.000000 0.002232
vt 1.000000 0.003206
vt 1.000000 0.004352
vt 1.000000 0.005665
vt 1.000000 0.007144
vt 1.000000 0.008784
vt 1.000000 0.010581
vt 1.000000 0.012530
vt 1.000000 0.014626
vt 1.000000 0.016865
vt 1.000000 0.019239
vt 1.000000 0.065231
vt 1.000000 0.073115
vt 1.000000 0.081350
vt 1.000000 0.089915
vt 1.000000 0.098787
vt 1.000000 0.107944
vt 1.000000 0.117362
vt 1.000000 0.127017
vt 1.000000 0.136884
vt 1.000000 0.146939
vt 1.000000 0.157155
vt 1.000000 0.167505
vt 1.000000 0.177964
vt 1.000000 0.188505
vt 1.000000 0.199100
vt 1.000000 0.209722
vt 1.000000 0.790278
vt 1.000000 0.800900
vt 1.000000 0.811495
vt 1.000000 0.822036
vt 1.000000 0.832495
vt 1.000000 0.842845
vt 1.000000 0.853061
vt 1.000000 0.863116
vt 1.000000 0.872983
vt 1.000000 0.882638
vt 1.000000 0.892056
vt 1.000000 0.901213
vt 1.000000 0.910085
vt 1.000000 0.918650
vt 1.000000 0.926885
vt 1.000000 0.934770
vt 1.000000 0.980761
vt 1.000000 0.983135
vt 1.000000 0.985374
vt 1.000000 0.987470
vt 1.000000 0.989419
vt 1.000000 0.991216
vt 1.000000 0.992856
vt 1.000000 0.994335
vt 1.000000 0.995648
vt 1.000000 0.996794
vt 1.000000 0.997768
vt 1.000000 0.998569
vt 1.000000 0.999194
vt 1.000000 0.999641
vt 1.000000 0.999910
vt 0.000000 0.893056
vt 0.000000 0.106944
vt 0.000000 0.999954
vt 0.000000 0.999817
vt 0.000000 0.999589
vt 0.000000 0.999270
vt 0.000000 0.998862
vt 0.000000 0.998365
vt 0.000000 0.997781
vt 0.000000 0.997111
vt 0.000000 0.996357
vt 0.000000 0.995521
vt 0.000000 0.994604
vt 0.000000 0.993611
vt 0.000000 0.992542
vt 0.000000 0.991400
vt 0.000000 0.990189
vt 0.000000 0.966737
vt 0.000000 0.962716
vt 0.000000 0.958517
vt 0.000000 0.954150
vt 0.000000 0.949625
vt 0.000000 0.944956
vt 0.000000 0.940153
vt 0.000000 0.935230
vt 0.000000 0.930198
vt 0.000000 0.925071
vt 0.000000 0.919862
vt 0.000000 0.914583
vt 0.000000 0.909250
vt 0.000000 0.903875
vt 0.000000 0.898472
vt 0.000000 0.101528
vt 0.000000 0.096125
vt 0.000000 0.090750
vt 0.000000 0.085417
vt 0.000000 0.080138
vt 0.000000 0.074929
vt 0.000000 0.069802
vt 0.000000 0.064770
vt 0.000000 0.059847
vt 0.000000 0.055044
vt 0.000000 0.050375
vt 0.000000 0.045850
vt 0.000000 0.041483
vt 0.000000 0.037284
vt 0.000000 0.033263
vt 0.000000 0.009811
vt 0.000000 0.008600
vt 0.000000 0.007458
vt 0.000000 0.006389
vt 0.000000 0.005396
vt 0.000000 0.004479
vt 0.000000 0.003643
vt 0.000000 0.002889
vt 0.000000 0.002219
vt 0.000000 0.001635
vt 0.000000 0.001138
vt 0.000000 0.000730
vt 0.000000 0.000411
vt 0.000000 0.000183
vt 0.000000 0.000046
vt 1.000000 0.209722
vt 1.000000 0.832495
vt 1.000000 0.980761
vt 1.000000 0.987470
vt 1.000000 0.989419
vt 1.000000 0.997768
vt 1.000000 0.199100
vt 1.000000 0.177964
vt 1.000000 0.146939
vt 1.000000 0.136884
vt 1.000000 0.127017
vt 1.000000 0.117362
vt 1.000000 0.089915
vt 1.000000 0.065231
vt 1.000000 0.010581
vt 1.000000 0.005665
vt 1.000000 0.002232
vt 0.000000 0.914583
vt 0.000000 0.991400
vt 0.000000 0.998365
vt 0.000000 0.999589
vt 0.000000 0.085417
vt 0.000000 0.064770
vt 0.000000 0.059847
vt 0.000000 0.055044
vt 0.000000 0.045850
vt 0.000000 0.041483
vt 0.000000 0.001635
vt 0.590604 0.000000
vt 0.590604 1.000000
vt 0.590604 0.000000
vt 0.590604 1.000000
vt 0.252287 1.000000
vt 0.252287 1.000000
vt 0.252287 0.000000
vt 0.252287 0.000000
vt 0.252287 0.000000
vt 0.000000 0.666667
vt 1.000000 0.666667
vt 0.000000 0.333333
vt 1.000000 0.333333
vt 0.000000 0.632945
vt 1.000000 0.632945
vt 0.000000 0.632945
vt 1.000000 0.632945
vt 0.175810 0.000000
vt 0.175810 1.000000
vt 0.666667 0.666667
vt 0.666667 1.000000
vt 0.666667 0.666667
vt 0.333333 1.000000
vt 0.666667 0.000000
vt 0.333333 0.000000
vt 0.333333 0.666667
vt 0.333333 0.666667
vt 0.333333 0.333333
vt 0.666667 0.333333
vt 0.666667 0.333333
vt 0.333333 0.333333
vt 0.000000 0.985081
vt 1.000000 0.985081
vt 1.000000 0.892262
vt 1.000000 0.944565
vt 1.000000 0.892262
vt 0.000000 0.944565
vt 0.000000 0.892262
vt 0.000000 0.892262
vt 0.000000 0.111022
vt 0.000000 0.076204
vt 0.000000 0.076204
vt 0.000000 0.111022
vt 0.999995 0.945865
vt 0.999980 0.947164
vt 0.999954 0.948461
vt 0.999919 0.949756
vt 0.999873 0.951049
vt 0.999818 0.952337
vt 0.999752 0.953622
vt 0.999676 0.954902
vt 0.999590 0.956176
vt 0.999494 0.957443
vt 0.999389 0.958703
vt 0.999274 0.959956
vt 0.999148 0.961200
vt 0.999014 0.962435
vt 0.998869 0.963661
vt 0.998715 0.964875
vt 0.998552 0.966079
vt 0.998379 0.967271
vt 0.998197 0.968450
vt 0.998006 0.969616
vt 0.997805 0.970769
vt 0.997596 0.971907
vt 0.997378 0.973030
vt 0.997151 0.974137
vt 0.996916 0.975228
vt 0.996672 0.976302
vt 0.996420 0.977359
vt 0.996160 0.978398
vt 0.995891 0.979418
vt 0.995615 0.980419
vt 0.995331 0.981400
vt 0.995039 0.982361
vt 0.994740 0.983301
vt 0.983301 0.994740
vt 0.982361 0.995039
vt 0.981400 0.995331
vt 0.980419 0.995615
vt 0.979418 0.995891
vt 0.978398 0.996159
vt 0.977359 0.996420
vt 0.976302 0.996672
vt 0.975228 0.996916
vt 0.974137 0.997151
vt 0.973030 0.997378
vt 0.971907 0.997596
vt 0.970769 0.997805
vt 0.969616 0.998006
vt 0.968450 0.998197
vt 0.967271 0.998379
vt 0.966079 0.998552
vt 0.964875 0.998715
vt 0.963661 0.998869
vt 0.962435 0.999014
vt 0.961200 0.999148
vt 0.959956 0.999274
vt 0.958704 0.999389
vt 0.957443 0.999494
vt 0.956176 0.999590
vt 0.954902 0.999676
vt 0.953622 0.999752
vt 0.952338 0.999817
vt 0.951049 0.999873
vt 0.949756 0.999919
vt 0.948461 0.999954
vt 0.947164 0.999980
vt 0.945865 0.999995
vt 0.944565 1.000000
vt 0.055435 1.000000
vt 0.054135 0.999995
vt 0.052836 0.999980
vt 0.051539 0.999954
vt 0.050244 0.999919
vt 0.048951 0.999873
vt 0.047663 0.999818
vt 0.046378 0.999752
vt 0.045098 0.999676
vt 0.043824 0.999590
vt 0.042557 0.999494
vt 0.041297 0.999389
vt 0.040044 0.999274
vt 0.038800 0.999148
vt 0.037565 0.999014
vt 0.036339 0.998869
vt 0.035125 0.998715
vt 0.033921 0.998552
vt 0.032729 0.998379
vt 0.031550 0.998197
vt 0.030384 0.998006
vt 0.029231 0.997805
vt 0.028093 0.997596
vt 0.026970 0.997378
vt 0.025863 0.997151
vt 0.024772 0.996916
vt 0.023698 0.996672
vt 0.022641 0.996420
vt 0.021602 0.996160
vt 0.020582 0.995891
vt 0.019581 0.995615
vt 0.018600 0.995331
vt 0.017639 0.995039
vt 0.016699 0.994740
vt 0.005260 0.983301
vt 0.004961 0.982361
vt 0.004669 0.981400
vt 0.004385 0.980419
vt 0.004109 0.979418
vt 0.003840 0.978398
vt 0.003580 0.977359
vt 0.003328 0.976302
vt 0.003084 0.975228
vt 0.002849 0.974137
vt 0.002622 0.973030
vt 0.002404 0.971907
vt 0.002195 0.970769
vt 0.001994 0.969616
vt 0.001803 0.968450
vt 0.001621 0.967271
vt 0.001448 0.966079
vt 0.001285 0.964875
vt 0.001131 0.963661
vt 0.000986 0.962435
vt 0.000852 0.961200
vt 0.000726 0.959956
vt 0.000611 0.958703
vt 0.000506 0.957443
vt 0.000410 0.956176
vt 0.000324 0.954902
vt 0.000248 0.953622
vt 0.000183 0.952338
vt 0.000127 0.951049
vt 0.000081 0.949756
vt 0.000046 0.948461
vt 0.000020 0.947164
vt 0.000005 0.945865
vt 1.000000 0.076204
vt 1.000000 0.111022
vt 1.000000 0.111022
vt 1.000000 0.076204
vt 0.000007 0.074418
vt 0.000028 0.072632
vt 0.000063 0.070849
vt 0.000112 0.069068
vt 0.000174 0.067292
vt 0.000251 0.065520
vt 0.000341 0.063754
vt 0.000445 0.061995
vt 0.000563 0.060244
vt 0.000695 0.058502
vt 0.000840 0.056769
vt 0.000999 0.055047
vt 0.001171 0.053337
vt 0.001356 0.051639
vt 0.001555 0.049954
vt 0.001766 0.048285
vt 0.001991 0.046630
vt 0.002228 0.044992
vt 0.002479 0.043371
vt 0.002742 0.041768
vt 0.003017 0.040183
vt 0.003305 0.038619
vt 0.003604 0.037075
vt 0.003916 0.035553
vt 0.004240 0.034053
vt 0.004575 0.032577
vt 0.004921 0.031124
vt 0.005279 0.029696
vt 0.005648 0.028294
vt 0.006028 0.026918
vt 0.006419 0.025569
vt 0.006819 0.024248
vt 0.007231 0.022955
vt 0.022955 0.007231
vt 0.024248 0.006819
vt 0.025569 0.006419
vt 0.026918 0.006028
vt 0.028294 0.005648
vt 0.029696 0.005279
vt 0.031124 0.004921
vt 0.032577 0.004575
vt 0.034053 0.004240
vt 0.035553 0.003916
vt 0.037075 0.003604
vt 0.038619 0.003305
vt 0.040183 0.003017
vt 0.041768 0.002742
vt 0.043371 0.002479
vt 0.044992 0.002228
vt 0.046630 0.001991
vt 0.048285 0.001766
vt 0.049954 0.001555
vt 0.051639 0.001356
vt 0.053337 0.001171
vt 0.055047 0.000999
vt 0.056769 0.000840
vt 0.058502 0.000695
vt 0.060244 0.000563
vt 0.061995 0.000445
vt 0.063754 0.000341
vt 0.065520 0.000251
vt 0.067292 0.000174
vt 0.069068 0.000112
vt 0.070849 0.000063
vt 0.072632 0.000028
vt 0.074418 0.000007
vt 0.076204 0.000000
vt 0.923796 0.000000
vt 0.925582 0.000007
vt 0.927368 0.000028
vt 0.929151 0.000063
vt 0.930932 0.000112
vt 0.932708 0.000174
vt 0.934480 0.000251
vt 0.936246 0.000341
vt 0.938005 0.000445
vt 0.939756 0.000563
vt 0.941498 0.000695
vt 0.943231 0.000840
vt 0.944953 0.000999
vt 0.946664 0.001171
vt 0.948361 0.001356
vt 0.950046 0.001555
vt 0.951715 0.001766
vt 0.953370 0.001991
vt 0.955008 0.002228
vt 0.956629 0.002479
vt 0.958232 0.002742
vt 0.959817 0.003017
vt 0.961381 0.003305
vt 0.962925 0.003604
vt 0.964447 0.003916
vt 0.965947 0.004240
vt 0.967423 0.004575
vt 0.968876 0.004921
vt 0.970304 0.005279
vt 0.971706 0.005648
vt 0.973082 0.006028
vt 0.974431 0.006419
vt 0.975752 0.006819
vt 0.977045 0.007231
vt 0.992769 0.022955
vt 0.993181 0.024248
vt 0.993581 0.025569
vt 0.993972 0.026918
vt 0.994352 0.028294
vt 0.994721 0.029696
vt 0.995079 0.031124
vt 0.995425 0.032577
vt 0.995760 0.034053
vt 0.996084 0.035553
vt 0.996396 0.037075
vt 0.996695 0.038619
vt 0.996983 0.040183
vt 0.997258 0.041768
vt 0.997521 0.043371
vt 0.997772 0.044992
vt 0.998009 0.046630
vt 0.998234 0.048285
vt 0.998445 0.049954
vt 0.998644 0.051639
vt 0.998829 0.053337
vt 0.999001 0.055047
vt 0.999160 0.056769
vt 0.999305 0.058502
vt 0.999437 0.060244
vt 0.999555 0.061995
vt 0.999659 0.063754
vt 0.999749 0.065520
vt 0.999826 0.067292
vt 0.999888 0.069068
vt 0.999937 0.070849
vt 0.999972 0.072632
vt 0.999993 0.074418
vt 0.000005 0.945865
vt 0.000020 0.947163
vt 0.000081 0.949756
vt 0.000127 0.951049
vt 0.000183 0.952337
vt 0.000324 0.954902
vt 0.000410 0.956176
vt 0.000506 0.957443
vt 0.000611 0.958703
vt 0.000986 0.962435
vt 0.001131 0.963661
vt 0.001285 0.964875
vt 0.001448 0.966079
vt 0.001621 0.967271
vt 0.002622 0.973029
vt 0.004109 0.979418
vt 0.004385 0.980419
vt 0.004669 0.981400
vt 0.016699 0.994740
vt 0.017639 0.995039
vt 0.018600 0.995331
vt 0.019581 0.995615
vt 0.020582 0.995891
vt 0.021602 0.996159
vt 0.022641 0.996420
vt 0.023698 0.996672
vt 0.024772 0.996916
vt 0.025863 0.997151
vt 0.026970 0.997378
vt 0.028093 0.997596
vt 0.029231 0.997805
vt 0.030384 0.998006
vt 0.031550 0.998197
vt 0.032729 0.998379
vt 0.033921 0.998552
vt 0.035125 0.998715
vt 0.036339 0.998869
vt 0.037565 0.999014
vt 0.038800 0.999148
vt 0.040044 0.999274
vt 0.041296 0.999389
vt 0.042557 0.999494
vt 0.043824 0.999590
vt 0.045098 0.999676
vt 0.046378 0.999752
vt 0.047662 0.999817
vt 0.048951 0.999873
vt 0.050244 0.999919
vt 0.051539 0.999954
vt 0.052836 0.999980
vt 0.054135 0.999995
vt 0.055435 1.000000
vt 0.952338 0.999818
vt 0.956176 0.999590
vt 0.958703 0.999389
vt 0.962435 0.999014
vt 0.967271 0.998379
vt 0.969616 0.998006
vt 0.973030 0.997378
vt 0.974137 0.997151
vt 0.976302 0.996672
vt 0.978398 0.996160
vt 0.981400 0.995331
vt 0.996916 0.975228
vt 0.997378 0.973029
vt 0.997596 0.971907
vt 0.998715 0.964875
vt 0.998869 0.963661
vt 0.999274 0.959956
vt 0.999980 0.947164
vt 0.999993 0.074418
vt 0.999972 0.072632
vt 0.999937 0.070849
vt 0.999888 0.069068
vt 0.999826 0.067292
vt 0.999749 0.065520
vt 0.999659 0.063754
vt 0.999555 0.061995
vt 0.999437 0.060244
vt 0.999305 0.058502
vt 0.999160 0.056769
vt 0.999001 0.055047
vt 0.998829 0.053337
vt 0.998644 0.051639
vt 0.998234 0.048285
vt 0.997772 0.044992
vt 0.997521 0.043371
vt 0.997258 0.041768
vt 0.996983 0.040183
vt 0.996396 0.037075
vt 0.995425 0.032577
vt 0.995079 0.031124
vt 0.994721 0.029696
vt 0.994352 0.028294
vt 0.993972 0.026918
vt 0.993581 0.025569
vt 0.993181 0.024248
vt 0.977045 0.007231
vt 0.975752 0.006819
vt 0.974431 0.006419
vt 0.973082 0.006028
vt 0.971706 0.005648
vt 0.968876 0.004921
vt 0.967423 0.004575
vt 0.965947 0.004240
vt 0.964447 0.003916
vt 0.962925 0.003604
vt 0.961381 0.003305
vt 0.959817 0.003017
vt 0.958233 0.002742
vt 0.955008 0.002228
vt 0.953370 0.001991
vt 0.951715 0.001766
vt 0.946664 0.001171
vt 0.944953 0.000999
vt 0.943231 0.000840
vt 0.941498 0.000695
vt 0.936246 0.000341
vt 0.932708 0.000174
vt 0.927368 0.000028
vt 0.925582 0.000007
vt 0.000028 0.072632
vt 0.000251 0.065520
vt 0.000341 0.063754
vt 0.000563 0.060244
vt 0.000840 0.056769
vt 0.000999 0.055047
vt 0.001171 0.053337
vt 0.001555 0.049954
vt 0.002228 0.044992
vt 0.002479 0.043371
vt 0.003017 0.040183
vt 0.003305 0.038619
vt 0.003604 0.037075
vt 0.004575 0.032577
vt 0.004921 0.031124
vt 0.005279 0.029696
vt 0.006028 0.026918
vt 0.006419 0.025569
vt 0.006819 0.024248
vt 0.024248 0.006819
vt 0.025569 0.006419
vt 0.026918 0.006028
vt 0.028294 0.005648
vt 0.029696 0.005279
vt 0.031124 0.004921
vt 0.032577 0.004575
vt 0.034053 0.004240
vt 0.035553 0.003916
vt 0.037075 0.003604
vt 0.038619 0.003305
vt 0.040183 0.003017
vt 0.041768 0.002742
vt 0.044992 0.002228
vt 0.046630 0.001991
vt 0.048285 0.001766
vt 0.053337 0.001171
vt 0.055047 0.000999
vt 0.056769 0.000840
vt 0.060244 0.000563
vt 0.063754 0.000341
vt 0.069068 0.000112
vt 0.072632 0.000028
vt 1.000000 0.076204
s 0
usemtl Sidewalk.001
f 1/1/1 3/2/1 4/3/1 2/4/1
f 6/1/2 7/4/2 8/3/2 5/2/2
f 4/3/3 3/2/3 5/2/3 8/3/3
f 1/1/4 2/4/4 7/4/4 6/1/4
f 8/3/2 7/4/2 73/4/2 75/5/2 76/6/2 77/7/2 78/8/2 79/9/2 80/10/2 81/11/2 82/12/2 83/13/2 84/14/2 85/15/2 86/16/2 87/17/2 88/18/2 89/19/2 90/20/2 91/21/2 92/22/2 93/23/2 94/24/2 95/25/2 96/26/2 97/27/2 98/28/2 99/29/2 100/30/2 101/31/2 102/32/2 103/33/2 104/34/2 74/35/2 105/36/2 107/37/2 108/38/2 109/39/2 110/40/2 111/41/2 112/42/2 113/43/2 114/44/2 115/45/2 116/46/2 117/47/2 118/48/2 119/49/2 120/50/2 121/51/2 122/52/2 123/53/2 124/54/2 125/55/2 126/56/2 127/57/2 128/58/2 129/59/2 130/60/2 131/61/2 132/62/2 133/63/2 134/64/2 135/65/2 136/66/2 106/3/2
f 1/1/4 6/1/4 234/1/4 169/1/4
f 5/2/3 3/2/3 138/2/3 201/2/3
f 137/67/5 170/68/5 233/68/5 202/67/5
f 6/1/2 5/2/2 201/2/2 203/69/2 204/70/2 205/71/2 206/72/2 207/73/2 208/74/2 209/75/2 210/76/2 211/77/2 212/78/2 213/79/2 214/80/2 215/81/2 216/82/2 217/83/2 218/84/2 219/85/2 220/86/2 221/87/2 222/88/2 223/89/2 224/90/2 225/91/2 226/92/2 227/93/2 228/94/2 229/95/2 230/96/2 231/97/2 232/98/2 202/67/2 233/68/2 235/99/2 236/100/2 237/101/2 238/102/2 239/103/2 240/104/2 241/105/2 242/106/2 243/107/2 244/108/2 245/109/2 246/110/2 247/111/2 248/112/2 249/113/2 250/114/2 251/115/2 252/116/2 253/117/2 254/118/2 255/119/2 256/120/2 257/121/2 258/122/2 259/123/2 260/124/2 261/125/2 262/126/2 263/127/2 264/128/2 234/1/2
f 7/4/4 2/4/4 10/4/4 73/4/4
f 4/3/3 8/3/3 106/3/3 41/3/3
f 9/35/6 42/36/6 105/36/6 74/129/6
f 105/36/7 42/36/7 72/37/7 107/37/7
f 107/37/8 72/37/8 71/38/8 108/38/8
f 108/38/9 71/38/9 70/39/9 109/39/9
f 109/39/10 70/39/10 69/130/10 110/40/10
f 110/40/11 69/130/11 68/41/11 111/41/11
f 111/41/12 68/41/12 67/42/12 112/42/12
f 112/42/13 67/42/13 66/43/13 113/43/13
f 113/43/14 66/43/14 65/44/14 114/44/14
f 114/44/15 65/44/15 64/45/15 115/45/15
f 115/45/16 64/45/16 63/46/16 116/46/16
f 116/46/17 63/46/17 62/47/17 117/47/17
f 117/47/18 62/47/18 61/48/18 118/48/18
f 118/48/19 61/48/19 60/49/19 119/49/19
f 119/49/20 60/49/20 59/50/20 120/50/20
f 120/50/21 59/50/21 58/51/21 121/51/21
f 121/51/22 58/51/22 57/131/22 122/52/22
f 122/52/23 57/131/23 56/53/23 123/53/23
f 123/53/24 56/53/24 55/54/24 124/54/24
f 124/54/25 55/54/25 54/132/25 125/55/25
f 125/55/26 54/132/26 53/133/26 126/56/26
f 126/56/27 53/133/27 52/57/27 127/57/27
f 127/57/28 52/57/28 51/58/28 128/58/28
f 128/58/29 51/58/29 50/59/29 129/59/29
f 129/59/30 50/59/30 49/60/30 130/60/30
f 130/60/31 49/60/31 48/61/31 131/61/31
f 131/61/32 48/61/32 47/134/32 132/62/32
f 132/62/33 47/134/33 46/63/33 133/63/33
f 133/63/34 46/63/34 45/64/34 134/64/34
f 134/64/35 45/64/35 44/65/35 135/65/35
f 135/65/36 44/65/36 43/66/36 136/66/36
f 136/66/37 43/66/37 41/3/37 106/3/37
f 9/35/38 74/129/38 104/34/38 11/135/38
f 11/135/39 104/34/39 103/33/39 12/33/39
f 12/33/40 103/33/40 102/32/40 13/136/40
f 13/136/41 102/32/41 101/31/41 14/31/41
f 14/31/42 101/31/42 100/30/42 15/30/42
f 15/30/43 100/30/43 99/29/43 16/137/43
f 16/137/44 99/29/44 98/28/44 17/138/44
f 17/138/45 98/28/45 97/27/45 18/139/45
f 18/139/46 97/27/46 96/26/46 19/140/46
f 19/140/47 96/26/47 95/25/47 20/25/47
f 20/25/48 95/25/48 94/24/48 21/24/48
f 21/24/49 94/24/49 93/23/49 22/141/49
f 22/141/50 93/23/50 92/22/50 23/22/50
f 23/22/51 92/22/51 91/21/51 24/21/51
f 24/21/52 91/21/52 90/20/52 25/142/52
f 25/142/53 90/20/53 89/19/53 26/19/53
f 26/19/54 89/19/54 88/18/54 27/18/54
f 27/18/55 88/18/55 87/17/55 28/17/55
f 28/17/56 87/17/56 86/16/56 29/16/56
f 29/16/57 86/16/57 85/15/57 30/143/57
f 30/143/58 85/15/58 84/14/58 31/14/58
f 31/14/59 84/14/59 83/13/59 32/13/59
f 32/13/60 83/13/60 82/12/60 33/144/60
f 33/144/61 82/12/61 81/11/61 34/11/61
f 34/11/62 81/11/62 80/10/62 35/10/62
f 35/10/63 80/10/63 79/9/63 36/145/63
f 36/145/64 79/9/64 78/8/64 37/8/64
f 37/8/65 78/8/65 77/7/65 38/7/65
f 38/7/66 77/7/66 76/6/66 39/6/66
f 39/6/67 76/6/67 75/5/67 40/5/67
f 40/5/68 75/5/68 73/4/68 10/4/68
f 2/4/1 4/3/1 41/3/1 43/66/1 44/65/1 45/64/1 46/63/1 47/134/1 48/61/1 49/60/1 50/59/1 51/58/1 52/57/1 53/133/1 54/132/1 55/54/1 56/53/1 57/131/1 58/51/1 59/50/1 60/49/1 61/48/1 62/47/1 63/46/1 64/45/1 65/44/1 66/43/1 67/42/1 68/41/1 69/130/1 70/39/1 71/38/1 72/37/1 42/36/1 9/129/1 11/135/1 12/33/1 13/136/1 14/31/1 15/30/1 16/137/1 17/138/1 18/139/1 19/140/1 20/25/1 21/24/1 22/141/1 23/22/1 24/21/1 25/142/1 26/19/1 27/18/1 28/17/1 29/16/1 30/143/1 31/14/1 32/13/1 33/144/1 34/11/1 35/10/1 36/145/1 37/8/1 38/7/1 39/6/1 40/5/1 10/4/1
f 137/67/69 202/67/69 232/98/69 139/98/69
f 139/98/70 232/98/70 231/97/70 140/97/70
f 140/97/71 231/97/71 230/96/71 141/96/71
f 141/96/72 230/96/72 229/95/72 142/146/72
f 142/146/73 229/95/73 228/94/73 143/94/73
f 143/94/74 228/94/74 227/93/74 144/93/74
f 144/93/75 227/93/75 226/92/75 145/92/75
f 145/92/76 226/92/76 225/91/76 146/91/76
f 146/91/77 225/91/77 224/90/77 147/90/77
f 147/90/78 224/90/78 223/89/78 148/89/78
f 148/89/79 223/89/79 222/88/79 149/88/79
f 149/88/80 222/88/80 221/87/80 150/87/80
f 150/87/81 221/87/81 220/86/81 151/86/81
f 151/86/82 220/86/82 219/85/82 152/85/82
f 152/85/83 219/85/83 218/84/83 153/84/83
f 153/84/84 218/84/84 217/83/84 154/83/84
f 154/83/85 217/83/85 216/82/85 155/147/85
f 155/147/86 216/82/86 215/81/86 156/81/86
f 156/81/87 215/81/87 214/80/87 157/80/87
f 157/80/88 214/80/88 213/79/88 158/79/88
f 158/79/89 213/79/89 212/78/89 159/78/89
f 159/78/90 212/78/90 211/77/90 160/77/90
f 160/77/91 211/77/91 210/76/91 161/76/91
f 161/76/92 210/76/92 209/75/92 162/75/92
f 162/75/93 209/75/93 208/74/93 163/148/93
f 163/148/94 208/74/94 207/73/94 164/73/94
f 164/73/95 207/73/95 206/72/95 165/72/95
f 165/72/96 206/72/96 205/71/96 166/149/96
f 166/149/97 205/71/97 204/70/97 167/70/97
f 167/70/98 204/70/98 203/69/98 168/69/98
f 168/69/99 203/69/99 201/2/99 138/2/99
f 233/68/100 170/68/100 200/99/100 235/99/100
f 235/99/101 200/99/101 199/100/101 236/100/101
f 236/100/102 199/100/102 198/101/102 237/101/102
f 237/101/103 198/101/103 197/150/103 238/102/103
f 238/102/104 197/150/104 196/103/104 239/103/104
f 239/103/105 196/103/105 195/104/105 240/104/105
f 240/104/106 195/104/106 194/105/106 241/105/106
f 241/105/107 194/105/107 193/151/107 242/106/107
f 242/106/108 193/151/108 192/152/108 243/107/108
f 243/107/109 192/152/109 191/153/109 244/108/109
f 244/108/110 191/153/110 190/109/110 245/109/110
f 245/109/111 190/109/111 189/154/111 246/110/111
f 246/110/112 189/154/112 188/155/112 247/111/112
f 247/111/113 188/155/113 187/112/113 248/112/113
f 248/112/114 187/112/114 186/113/114 249/113/114
f 249/113/115 186/113/115 185/114/115 250/114/115
f 250/114/116 185/114/116 184/115/116 251/115/116
f 251/115/117 184/115/117 183/116/117 252/116/117
f 252/116/118 183/116/118 182/117/118 253/117/118
f 253/117/119 182/117/119 181/118/119 254/118/119
f 254/118/120 181/118/120 180/119/120 255/119/120
f 255/119/121 180/119/121 179/120/121 256/120/121
f 256/120/122 179/120/122 178/121/122 257/121/122
f 257/121/123 178/121/123 177/122/123 258/122/123
f 258/122/124 177/122/124 176/156/124 259/123/124
f 259/123/125 176/156/125 175/124/125 260/124/125
f 260/124/126 175/124/126 174/125/126 261/125/126
f 261/125/127 174/125/127 173/126/127 262/126/127
f 262/126/128 173/126/128 172/127/128 263/127/128
f 263/127/129 172/127/129 171/128/129 264/128/129
f 264/128/130 171/128/130 169/1/130 234/1/130
f 3/2/1 1/1/1 169/1/1 171/128/1 172/127/1 173/126/1 174/125/1 175/124/1 176/156/1 177/122/1 178/121/1 179/120/1 180/119/1 181/118/1 182/117/1 183/116/1 184/115/1 185/114/1 186/113/1 187/112/1 188/155/1 189/154/1 190/109/1 191/153/1 192/152/1 193/151/1 194/105/1 195/104/1 196/103/1 197/150/1 198/101/1 199/100/1 200/99/1 170/68/1 137/67/1 139/98/1 140/97/1 141/96/1 142/146/1 143/94/1 144/93/1 145/92/1 146/91/1 147/90/1 148/89/1 149/88/1 150/87/1 151/86/1 152/85/1 153/84/1 154/83/1 155/147/1 156/81/1 157/80/1 158/79/1 159/78/1 160/77/1 161/76/1 162/75/1 163/148/1 164/73/1 165/72/1 166/149/1 167/70/1 168/69/1 138/2/1
f 265/1/1 267/2/1 268/3/1 266/4/1
f 270/1/2 271/4/2 272/3/2 269/2/2
f 266/4/131 268/3/131 272/3/131 271/4/131
f 267/2/132 265/1/132 270/1/132 269/2/132
f 268/3/133 267/2/133 269/2/133 272/3/133
f 266/4/134 271/4/134 276/4/134 274/4/134
f 273/1/135 274/4/135 276/4/135 275/1/135
f 271/4/136 270/1/136 275/1/136 276/4/136
f 265/1/137 266/4/137 274/4/137 273/1/137
f 270/1/138 265/1/138 273/1/138 275/1/138
f 277/1/1 279/2/1 280/3/1 278/4/1
f 282/1/2 283/4/2 284/3/2 281/2/2
f 278/4/139 280/3/139 284/3/139 283/4/139
f 279/2/140 277/1/140 282/1/140 281/2/140
f 280/3/141 279/2/141 281/2/141 284/3/141
f 277/1/142 278/4/142 283/4/142 282/1/142
f 285/1/1 287/2/1 288/3/1 286/4/1
f 290/1/2 291/4/2 292/3/2 289/2/2
f 288/3/143 287/2/143 289/2/143 292/3/143
f 285/1/144 286/4/144 291/4/144 290/1/144
f 286/4/145 288/3/145 292/3/145 291/4/145
f 287/2/146 285/1/146 290/1/146 289/2/146
f 293/1/1 295/2/1 296/3/1 294/4/1
f 298/1/2 299/4/2 300/3/2 297/2/2
f 293/1/144 294/4/144 299/4/144 298/1/144
f 294/4/145 296/3/145 300/3/145 299/4/145
f 295/2/146 293/1/146 298/1/146 297/2/146
f 296/3/143 295/2/143 297/2/143 300/3/143
f 301/1/1 303/2/1 304/3/1 302/4/1
f 306/1/2 307/4/2 308/3/2 305/2/2
f 301/1/144 302/4/144 307/4/144 306/1/144
f 302/4/145 304/3/145 308/3/145 307/4/145
f 303/2/146 301/1/146 306/1/146 305/2/146
f 304/3/143 303/2/143 305/2/143 308/3/143
f 309/1/1 311/2/1 312/3/1 310/4/1
f 314/1/2 315/4/2 316/3/2 313/2/2
f 309/1/147 310/4/147 315/4/147 314/1/147
f 310/4/148 312/3/148 316/3/148 315/4/148
f 311/2/149 309/1/149 314/1/149 313/2/149
f 312/3/150 311/2/150 313/2/150 316/3/150
f 317/1/1 319/2/1 320/3/1 318/4/1
f 322/1/2 323/4/2 324/3/2 321/2/2
f 318/4/145 320/3/145 324/3/145 323/4/145
f 319/2/146 317/1/146 322/1/146 321/2/146
f 320/3/143 319/2/143 321/2/143 324/3/143
f 317/1/144 318/4/144 323/4/144 322/1/144
f 325/1/1 327/2/1 328/3/1 326/4/1
f 330/1/2 331/4/2 332/3/2 329/2/2
f 326/4/145 328/3/145 332/3/145 331/4/145
f 327/2/146 325/1/146 330/1/146 329/2/146
f 328/3/143 327/2/143 329/2/143 332/3/143
f 325/1/144 326/4/144 331/4/144 330/1/144
f 333/1/1 335/2/1 336/3/1 334/4/1
f 338/1/2 339/4/2 340/3/2 337/2/2
f 336/3/143 335/2/143 337/2/143 340/3/143
f 333/1/144 334/4/144 339/4/144 338/1/144
f 334/4/145 336/3/145 340/3/145 339/4/145
f 335/2/146 333/1/146 338/1/146 337/2/146
f 341/1/1 343/2/1 344/3/1 342/4/1
f 346/1/2 347/4/2 348/3/2 345/2/2
f 344/3/143 343/2/143 345/2/143 348/3/143
f 341/1/144 342/4/144 347/4/144 346/1/144
f 342/4/145 344/3/145 348/3/145 347/4/145
f 343/2/146 341/1/146 346/1/146 345/2/146
f 349/1/1 351/2/1 352/3/1 350/4/1
f 354/1/2 355/4/2 356/3/2 353/2/2
f 349/1/144 350/4/144 355/4/144 354/1/144
f 350/4/145 352/3/145 356/3/145 355/4/145
f 351/2/146 349/1/146 354/1/146 353/2/146
f 352/3/143 351/2/143 353/2/143 356/3/143
f 357/1/1 359/2/1 360/3/1 358/4/1
f 362/1/2 363/4/2 364/3/2 361/2/2
f 358/4/145 360/3/145 364/3/145 363/4/145
f 359/2/146 357/1/146 362/1/146 361/2/146
f 360/3/143 359/2/143 361/2/143 364/3/143
f 357/1/144 358/4/144 363/4/144 362/1/144
f 365/1/1 367/2/1 368/3/1 366/4/1
f 370/1/2 371/4/2 372/3/2 369/2/2
f 368/3/143 367/2/143 369/2/143 372/3/143
f 365/1/144 366/4/144 371/4/144 370/1/144
f 366/4/145 368/3/145 372/3/145 371/4/145
f 367/2/146 365/1/146 370/1/146 369/2/146
f 381/157/1 382/158/1 376/3/1 374/4/1
f 383/159/2 379/4/2 380/3/2 384/160/2
f 374/4/145 376/3/145 380/3/145 379/4/145
f 375/2/146 373/1/146 378/1/146 377/2/146
f 389/161/143 375/2/143 377/2/143 390/162/143
f 381/157/144 374/4/144 379/4/144 383/159/144
f 381/157/145 383/159/145 388/159/145 387/157/145
f 376/3/143 382/158/143 384/160/143 380/3/143
f 392/163/2 383/159/2 384/160/2 390/162/2
f 391/164/1 389/161/1 382/158/1 381/157/1
f 393/164/144 387/157/144 388/159/144 394/165/144
f 392/163/2 378/1/2 386/1/2 394/165/2
f 391/164/1 381/157/1 387/157/1 393/164/1
f 378/1/146 373/1/146 385/1/146 386/1/146
f 373/1/1 391/164/1 393/164/1 385/1/1
f 383/159/2 392/163/2 394/165/2 388/159/2
f 394/165/2 386/1/2 396/1/2 398/165/2
f 373/1/1 375/2/1 389/161/1 391/164/1
f 378/1/2 392/163/2 390/162/2 377/2/2
f 382/158/143 389/161/143 390/162/143 384/160/143
f 395/1/144 397/164/144 398/165/144 396/1/144
f 386/1/146 385/1/146 395/1/146 396/1/146
f 393/164/145 394/165/145 398/165/145 397/164/145
f 385/1/1 393/164/1 397/164/1 395/1/1
f 407/166/1 401/2/1 402/3/1 410/167/1
f 411/166/2 414/167/2 406/3/2 403/2/2
f 402/3/143 401/2/143 403/2/143 406/3/143
f 399/1/144 400/4/144 405/4/144 404/1/144
f 406/3/2 414/167/2 425/167/2 426/3/2
f 412/168/143 408/168/143 415/168/143 417/168/143
f 401/2/146 407/166/146 411/166/146 403/2/146
f 407/166/146 408/168/146 412/168/146 411/166/146
f 414/167/2 413/169/2 430/169/2 425/167/2
f 405/4/144 400/4/144 427/4/144 428/4/144
f 404/1/2 405/4/2 413/169/2 412/168/2
f 412/168/2 413/169/2 414/167/2 411/166/2
f 399/1/1 408/168/1 409/169/1 400/4/1
f 408/168/1 407/166/1 410/167/1 409/169/1
f 417/168/143 415/168/143 419/168/143 421/168/143
f 404/1/2 412/168/2 417/168/2 418/1/2
f 408/168/1 399/1/1 416/1/1 415/168/1
f 399/1/144 404/1/144 418/1/144 416/1/144
f 419/168/146 420/1/146 422/1/146 421/168/146
f 418/1/2 417/168/2 421/168/2 422/1/2
f 416/1/144 418/1/144 422/1/144 420/1/144
f 415/168/1 416/1/1 420/1/1 419/168/1
f 423/167/145 424/3/145 426/3/145 425/167/145
f 427/4/145 429/169/145 430/169/145 428/4/145
f 429/169/145 423/167/145 425/167/145 430/169/145
f 409/169/1 410/167/1 423/167/1 429/169/1
f 410/167/1 402/3/1 424/3/1 423/167/1
f 402/3/143 406/3/143 426/3/143 424/3/143
f 413/169/2 405/4/2 428/4/2 430/169/2
f 400/4/1 409/169/1 429/169/1 427/4/1
f 431/1/1 433/2/1 434/3/1 432/4/1
f 436/1/2 437/4/2 438/3/2 435/2/2
f 434/3/143 433/2/143 435/2/143 438/3/143
f 431/1/144 432/4/144 437/4/144 436/1/144
f 437/4/144 432/4/144 439/4/144 441/4/144
f 433/2/146 431/1/146 436/1/146 435/2/146
f 439/4/145 440/3/145 442/3/145 441/4/145
f 438/3/2 437/4/2 441/4/2 442/3/2
f 432/4/1 434/3/1 440/3/1 439/4/1
f 434/3/143 438/3/143 442/3/143 440/3/143
f 443/1/1 445/2/1 446/3/1 444/4/1
f 448/1/2 449/4/2 450/3/2 447/2/2
f 446/3/1 455/3/1 473/3/1 468/3/1
f 448/1/2 447/2/2 461/2/2 462/1/2
f 450/3/2 449/4/2 469/4/2 470/3/2
f 452/4/1 444/4/1 467/4/1 472/4/1
f 451/1/144 452/4/144 454/4/144 453/1/144
f 449/4/2 448/1/2 453/1/2 454/4/2
f 443/1/1 444/4/1 452/4/1 451/1/1
f 447/2/2 458/2/2 465/2/2 461/2/2
f 455/3/143 456/2/143 458/2/143 457/3/143
f 443/1/1 451/1/1 463/1/1 460/1/1
f 447/2/2 450/3/2 457/3/2 458/2/2
f 446/3/1 445/2/1 456/2/1 455/3/1
f 459/2/146 460/1/146 462/1/146 461/2/146
f 460/1/1 463/1/1 477/1/1 475/1/1
f 459/2/146 461/2/146 465/2/146 466/2/146
f 478/1/146 477/1/146 483/1/146 484/1/146
f 445/2/1 443/1/1 460/1/1 459/2/1
f 453/1/2 448/1/2 462/1/2 464/1/2
f 456/2/1 445/2/1 459/2/1 466/2/1
f 458/2/143 456/2/143 466/2/143 465/2/143
f 467/4/145 468/3/145 470/3/145 469/4/145
f 470/3/145 468/3/145 473/3/145 474/3/145
f 467/4/145 469/4/145 471/4/145 472/4/145
f 444/4/1 446/3/1 468/3/1 467/4/1
f 455/3/143 457/3/143 474/3/143 473/3/143
f 449/4/2 454/4/2 471/4/2 469/4/2
f 457/3/2 450/3/2 470/3/2 474/3/2
f 454/4/144 452/4/144 472/4/144 471/4/144
f 476/1/146 475/1/146 477/1/146 478/1/146
f 453/1/2 464/1/2 482/1/2 481/1/2
f 462/1/143 460/1/143 475/1/143 476/1/143
f 464/1/2 462/1/2 476/1/2 478/1/2
f 479/1/144 481/1/144 482/1/144 480/1/144
f 480/1/144 482/1/144 484/1/144 483/1/144
f 451/1/145 453/1/145 481/1/145 479/1/145
f 464/1/2 478/1/2 484/1/2 482/1/2
f 463/1/1 451/1/1 479/1/1 480/1/1
f 477/1/1 463/1/1 480/1/1 483/1/1
f 485/1/1 487/2/1 488/3/1 486/4/1
f 490/1/2 491/4/2 492/3/2 489/2/2
f 488/3/143 487/2/143 489/2/143 492/3/143
f 485/1/144 486/4/144 491/4/144 490/1/144
f 486/4/145 488/3/145 492/3/145 491/4/145
f 489/2/143 487/2/143 493/2/143 495/2/143
f 493/2/146 494/1/146 496/1/146 495/2/146
f 490/1/2 489/2/2 495/2/2 496/1/2
f 487/2/1 485/1/1 494/1/1 493/2/1
f 485/1/144 490/1/144 496/1/144 494/1/144
f 497/1/1 499/2/1 500/3/1 498/4/1
f 502/1/2 503/4/2 504/3/2 501/2/2
f 499/2/146 497/1/146 502/1/146 501/2/146
f 500/3/143 499/2/143 501/2/143 504/3/143
f 497/1/144 498/4/144 503/4/144 502/1/144
f 498/4/145 500/3/145 504/3/145 503/4/145
f 505/1/1 507/2/1 508/3/1 506/4/1
f 510/1/2 511/4/2 512/3/2 509/2/2
f 515/2/2 509/2/2 524/2/2 525/2/2
f 512/3/145 508/3/145 521/3/145 523/3/145
f 505/1/144 506/4/144 511/4/144 510/1/144
f 506/4/145 508/3/145 512/3/145 511/4/145
f 514/1/144 516/1/144 520/1/144 518/1/144
f 505/1/144 510/1/144 516/1/144 514/1/144
f 510/1/2 509/2/2 515/2/2 516/1/2
f 507/2/1 505/1/1 514/1/1 513/2/1
f 517/2/146 518/1/146 520/1/146 519/2/146
f 513/2/1 514/1/1 518/1/1 517/2/1
f 515/2/143 513/2/143 517/2/143 519/2/143
f 516/1/2 515/2/2 519/2/2 520/1/2
f 524/2/143 522/2/143 526/2/143 525/2/143
f 521/3/143 522/2/143 524/2/143 523/3/143
f 513/2/146 515/2/146 525/2/146 526/2/146
f 509/2/2 512/3/2 523/3/2 524/2/2
f 507/2/1 513/2/1 526/2/1 522/2/1
f 508/3/1 507/2/1 522/2/1 521/3/1
f 535/170/1 529/2/1 530/3/1 536/171/1
f 537/172/2 538/173/2 534/3/2 531/2/2
f 527/1/1 528/4/1 548/4/1 547/1/1
f 536/171/145 530/3/145 534/3/145 538/173/145
f 532/1/2 537/172/2 545/172/2 546/1/2
f 530/3/143 529/2/143 531/2/143 534/3/143
f 529/2/1 535/170/1 541/170/1 540/2/1
f 528/4/145 536/171/145 538/173/145 533/4/145
f 532/1/2 533/4/2 538/173/2 537/172/2
f 527/1/1 535/170/1 536/171/1 528/4/1
f 540/2/146 541/170/146 542/172/146 539/2/146
f 531/2/143 529/2/143 540/2/143 539/2/143
f 535/170/145 537/172/145 554/172/145 553/170/145
f 537/172/2 531/2/2 539/2/2 542/172/2
f 545/172/143 543/170/143 569/170/143 571/172/143
f 535/170/1 527/1/1 544/1/1 543/170/1
f 544/1/1 527/1/1 547/1/1 552/1/1
f 537/172/143 535/170/143 543/170/143 545/172/143
f 548/4/145 550/4/145 564/4/145 562/4/145
f 551/1/2 559/1/2 567/1/2 565/1/2
f 528/4/145 533/4/145 550/4/145 548/4/145
f 552/1/1 547/1/1 561/1/1 566/1/1
f 532/1/2 546/1/2 551/1/2 549/1/2
f 533/4/2 532/1/2 549/1/2 550/4/2
f 553/170/144 554/172/144 556/172/144 555/170/144
f 537/172/2 542/172/2 556/172/2 554/172/2
f 542/172/146 541/170/146 555/170/146 556/172/146
f 541/170/1 535/170/1 553/170/1 555/170/1
f 557/1/146 558/1/146 560/1/146 559/1/146
f 544/1/1 552/1/1 560/1/1 558/1/1
f 546/1/143 544/1/143 558/1/143 557/1/143
f 551/1/2 546/1/2 557/1/2 559/1/2
f 561/1/144 562/4/144 564/4/144 563/1/144
f 561/1/144 563/1/144 565/1/144 566/1/144
f 566/1/144 565/1/144 567/1/144 568/1/144
f 547/1/1 548/4/1 562/4/1 561/1/1
f 549/1/2 551/1/2 565/1/2 563/1/2
f 560/1/1 552/1/1 566/1/1 568/1/1
f 550/4/2 549/1/2 563/1/2 564/4/2
f 559/1/146 560/1/146 568/1/146 567/1/146
f 569/170/146 570/1/146 572/1/146 571/172/146
f 546/1/2 545/172/2 571/172/2 572/1/2
f 544/1/144 546/1/144 572/1/144 570/1/144
f 543/170/1 544/1/1 570/1/1 569/170/1
f 573/1/1 575/2/1 576/3/1 574/4/1
f 578/1/2 579/4/2 580/3/2 577/2/2
f 574/4/145 576/3/145 580/3/145 579/4/145
f 575/2/146 573/1/146 578/1/146 577/2/146
f 576/3/143 575/2/143 577/2/143 580/3/143
f 573/1/144 574/4/144 579/4/144 578/1/144
f 581/1/1 583/2/1 584/3/1 582/4/1
f 586/1/2 587/4/2 588/3/2 585/2/2
f 582/4/145 584/3/145 588/3/145 587/4/145
f 583/2/146 581/1/146 586/1/146 585/2/146
f 584/3/143 583/2/143 585/2/143 588/3/143
f 581/1/144 582/4/144 587/4/144 586/1/144
f 589/1/1 591/2/1 592/3/1 590/4/1
f 594/1/2 595/4/2 596/3/2 593/2/2
f 591/2/146 589/1/146 594/1/146 593/2/146
f 592/3/143 591/2/143 593/2/143 596/3/143
f 589/1/144 590/4/144 595/4/144 594/1/144
f 590/4/145 592/3/145 596/3/145 595/4/145
f 597/1/1 599/2/1 600/3/1 598/4/1
f 602/1/2 603/4/2 604/3/2 601/2/2
f 600/3/143 599/2/143 601/2/143 604/3/143
f 597/1/144 598/4/144 603/4/144 602/1/144
f 598/4/145 600/3/145 604/3/145 603/4/145
f 599/2/146 597/1/146 602/1/146 601/2/146
f 605/1/1 607/2/1 608/3/1 606/4/1
f 610/1/2 611/4/2 612/3/2 609/2/2
f 608/3/143 607/2/143 609/2/143 612/3/143
f 605/1/144 606/4/144 611/4/144 610/1/144
f 606/4/145 608/3/145 612/3/145 611/4/145
f 607/2/1 605/1/1 614/1/1 613/2/1
f 613/2/146 614/1/146 616/1/146 615/2/146
f 605/1/144 610/1/144 616/1/144 614/1/144
f 609/2/143 607/2/143 613/2/143 615/2/143
f 610/1/2 609/2/2 615/2/2 616/1/2
f 617/1/1 619/2/1 620/3/1 618/4/1
f 622/1/2 623/4/2 624/3/2 621/2/2
f 620/3/143 619/2/143 621/2/143 624/3/143
f 617/1/144 618/4/144 623/4/144 622/1/144
f 618/4/145 620/3/145 624/3/145 623/4/145
f 619/2/146 617/1/146 622/1/146 621/2/146
f 625/1/1 627/2/1 628/3/1 626/4/1
f 630/1/2 631/4/2 632/3/2 629/2/2
f 626/4/145 628/3/145 632/3/145 631/4/145
f 627/2/146 625/1/146 630/1/146 629/2/146
f 628/3/143 627/2/143 629/2/143 632/3/143
f 625/1/144 626/4/144 631/4/144 630/1/144
f 633/1/1 635/2/1 636/3/1 634/4/1
f 638/1/2 639/4/2 640/3/2 637/2/2
f 634/4/145 636/3/145 640/3/145 639/4/145
f 635/2/146 633/1/146 638/1/146 637/2/146
f 636/3/143 635/2/143 637/2/143 640/3/143
f 633/1/144 634/4/144 639/4/144 638/1/144
f 641/1/1 643/2/1 644/3/1 642/4/1
f 646/1/2 647/4/2 648/3/2 645/2/2
f 642/4/145 644/3/145 648/3/145 647/4/145
f 643/2/146 641/1/146 646/1/146 645/2/146
f 644/3/143 643/2/143 645/2/143 648/3/143
f 641/1/144 642/4/144 647/4/144 646/1/144
f 649/1/1 651/2/1 652/3/1 650/4/1
f 654/1/2 655/4/2 656/3/2 653/2/2
f 652/3/143 651/2/143 653/2/143 656/3/143
f 649/1/144 650/4/144 655/4/144 654/1/144
f 650/4/145 652/3/145 656/3/145 655/4/145
f 651/2/146 649/1/146 654/1/146 653/2/146
f 657/1/1 659/2/1 660/3/1 658/4/1
f 662/1/2 663/4/2 664/3/2 661/2/2
f 657/1/144 658/4/144 663/4/144 662/1/144
f 658/4/145 660/3/145 664/3/145 663/4/145
f 659/2/146 657/1/146 662/1/146 661/2/146
f 660/3/143 659/2/143 661/2/143 664/3/143
f 673/174/1 674/175/1 668/3/1 666/4/1
f 675/174/2 671/4/2 672/3/2 676/175/2
f 667/2/146 665/1/146 670/1/146 669/2/146
f 674/175/1 667/2/1 678/2/1 677/175/1
f 673/174/144 666/4/144 671/4/144 675/174/144
f 666/4/145 668/3/145 672/3/145 671/4/145
f 665/1/144 673/174/144 675/174/144 670/1/144
f 672/3/145 668/3/145 682/3/145 681/3/145
f 670/1/2 675/174/2 676/175/2 669/2/2
f 665/1/1 667/2/1 674/175/1 673/174/1
f 677/175/143 678/2/143 680/2/143 679/175/143
f 676/175/145 674/175/145 677/175/145 679/175/145
f 667/2/146 669/2/146 680/2/146 678/2/146
f 669/2/2 676/175/2 679/175/2 680/2/2
f 682/3/143 683/175/143 684/175/143 681/3/143
f 674/175/146 676/175/146 684/175/146 683/175/146
f 676/175/2 672/3/2 681/3/2 684/175/2
f 668/3/1 674/175/1 683/175/1 682/3/1
f 685/1/2 686/4/2 688/3/2 687/2/2
f 689/1/2 690/4/2 692/3/2 691/2/2
f 693/1/2 694/4/2 696/3/2 695/2/2
f 697/1/2 698/4/2 700/3/2 699/2/2
f 701/1/1 703/2/1 704/3/1 702/4/1
f 706/1/2 707/4/2 708/3/2 705/2/2
f 702/4/145 704/3/145 708/3/145 707/4/145
f 703/2/146 701/1/146 706/1/146 705/2/146
f 704/3/1 703/2/1 710/2/1 709/3/1
f 701/1/144 702/4/144 707/4/144 706/1/144
f 709/3/143 710/2/143 712/2/143 711/3/143
f 708/3/145 704/3/145 709/3/145 711/3/145
f 703/2/146 705/2/146 712/2/146 710/2/146
f 705/2/2 708/3/2 711/3/2 712/2/2
f 713/1/2 714/4/2 716/3/2 715/2/2
f 717/1/2 718/4/2 720/3/2 719/2/2
f 721/1/2 722/4/2 724/3/2 723/2/2
f 725/1/2 726/4/2 728/3/2 727/2/2
f 729/1/2 730/4/2 732/3/2 731/2/2
f 733/1/2 734/4/2 736/3/2 735/2/2
f 737/1/2 738/4/2 740/3/2 739/2/2
f 741/1/2 742/4/2 744/3/2 743/2/2
f 745/1/2 746/4/2 748/3/2 747/2/2
f 749/1/2 750/4/2 752/3/2 751/2/2
f 753/1/2 754/4/2 756/3/2 755/2/2
f 757/1/2 758/4/2 760/3/2 759/2/2
f 761/1/2 762/4/2 764/3/2 763/2/2
f 765/1/2 766/4/2 768/3/2 767/2/2
f 769/1/2 770/4/2 772/3/2 771/2/2
f 773/1/2 774/4/2 776/3/2 775/2/2
f 777/1/2 778/4/2 780/3/2 779/2/2
f 781/1/2 782/4/2 784/3/2 783/2/2
f 785/1/2 786/4/2 788/3/2 787/2/2
f 789/1/151 790/4/151 792/3/151 791/2/151
f 793/1/2 794/4/2 796/3/2 795/2/2
f 797/1/2 798/4/2 800/3/2 799/2/2
f 801/1/2 802/4/2 804/3/2 803/2/2
f 805/1/2 806/4/2 808/3/2 807/2/2
f 839/176/1 819/177/1 812/3/1 828/167/1
f 836/178/2 832/167/2 816/3/2 823/177/2
f 828/167/145 812/3/145 816/3/145 832/167/145
f 826/168/146 809/1/146 814/1/146 830/168/146
f 820/179/143 811/2/143 813/2/143 824/179/143
f 818/180/144 810/4/144 815/4/144 822/180/144
f 809/1/144 817/181/144 821/181/144 814/1/144
f 817/181/144 818/180/144 822/180/144 821/181/144
f 812/3/143 819/177/143 823/177/143 816/3/143
f 819/177/143 820/179/143 824/179/143 823/177/143
f 829/166/2 834/182/2 824/179/2 813/2/2
f 834/182/2 836/178/2 823/177/2 824/179/2
f 825/166/1 811/2/1 820/179/1 837/183/1
f 837/183/1 820/179/1 819/177/1 839/176/1
f 817/181/1 838/184/1 840/185/1 818/180/1
f 838/184/1 837/183/1 839/176/1 840/185/1
f 809/1/1 826/168/1 838/184/1 817/181/1
f 826/168/1 825/166/1 837/183/1 838/184/1
f 821/181/2 822/180/2 835/186/2 833/187/2
f 833/187/2 835/186/2 836/178/2 834/182/2
f 814/1/2 821/181/2 833/187/2 830/168/2
f 830/168/2 833/187/2 834/182/2 829/166/2
f 811/2/146 825/166/146 829/166/146 813/2/146
f 825/166/146 826/168/146 830/168/146 829/166/146
f 810/4/145 827/169/145 831/169/145 815/4/145
f 827/169/145 828/167/145 832/167/145 831/169/145
f 822/180/2 815/4/2 831/169/2 835/186/2
f 835/186/2 831/169/2 832/167/2 836/178/2
f 818/180/1 840/185/1 827/169/1 810/4/1
f 840/185/1 839/176/1 828/167/1 827/169/1
f 841/1/1 843/2/1 844/3/1 842/4/1
f 846/1/2 847/4/2 848/3/2 845/2/2
f 841/1/144 842/4/144 847/4/144 846/1/144
f 842/4/145 844/3/145 848/3/145 847/4/145
f 843/2/146 841/1/146 846/1/146 845/2/146
f 844/3/143 843/2/143 845/2/143 848/3/143
f 857/188/1 851/2/1 852/3/1 858/189/1
f 859/188/2 860/189/2 856/3/2 855/2/2
f 874/2/2 873/2/2 870/2/2 866/2/2
f 853/1/146 849/1/146 905/1/146 907/1/146
f 858/189/145 852/3/145 856/3/145 860/189/145
f 857/188/146 849/1/146 853/1/146 859/188/146
f 872/2/1 871/188/1 867/188/1 865/2/1
f 850/4/145 858/189/145 860/189/145 854/4/145
f 853/1/2 854/4/2 860/189/2 859/188/2
f 849/1/1 857/188/1 858/189/1 850/4/1
f 861/3/143 862/2/143 864/2/143 863/3/143
f 856/3/145 852/3/145 861/3/145 863/3/145
f 855/2/2 856/3/2 863/3/2 864/2/2
f 852/3/1 851/2/1 862/2/1 861/3/1
f 865/2/146 866/2/146 870/2/146 869/2/146
f 865/2/146 867/188/146 868/188/146 866/2/146
f 882/2/1 881/2/1 877/2/1 880/2/1
f 871/188/144 876/188/144 868/188/144 867/188/144
f 875/2/1 872/2/1 865/2/1 869/2/1
f 876/188/2 874/2/2 866/2/2 868/188/2
f 859/188/2 855/2/2 874/2/2 876/188/2
f 862/2/1 851/2/1 872/2/1 875/2/1
f 857/188/144 859/188/144 876/188/144 871/188/144
f 864/2/143 862/2/143 875/2/143 873/2/143
f 851/2/1 857/188/1 871/188/1 872/2/1
f 855/2/2 864/2/2 873/2/2 874/2/2
f 879/2/143 880/2/143 877/2/143 878/2/143
f 883/2/145 882/2/145 880/2/145 879/2/145
f 884/2/2 883/2/2 879/2/2 878/2/2
f 881/2/144 884/2/144 888/2/144 887/2/144
f 869/2/146 870/2/146 884/2/146 881/2/146
f 870/2/2 873/2/2 883/2/2 884/2/2
f 873/2/145 875/2/145 882/2/145 883/2/145
f 875/2/1 869/2/1 881/2/1 882/2/1
f 888/2/2 886/2/2 890/2/2 892/2/2
f 877/2/1 881/2/1 887/2/1 885/2/1
f 878/2/143 877/2/143 885/2/143 886/2/143
f 884/2/2 878/2/2 886/2/2 888/2/2
f 891/2/145 892/2/145 901/2/145 902/2/145
f 886/2/143 885/2/143 889/2/143 890/2/143
f 891/2/1 887/2/1 898/2/1 900/2/1
f 885/2/1 887/2/1 891/2/1 889/2/1
f 895/2/146 896/2/146 894/2/146 893/2/146
f 889/2/1 891/2/1 895/2/1 893/2/1
f 892/2/2 890/2/2 894/2/2 896/2/2
f 890/2/143 889/2/143 893/2/143 894/2/143
f 898/2/144 897/2/144 899/2/144 900/2/144
f 888/2/2 892/2/2 899/2/2 897/2/2
f 892/2/146 891/2/146 900/2/146 899/2/146
f 887/2/145 888/2/145 897/2/145 898/2/145
f 902/2/144 901/2/144 903/2/144 904/2/144
f 892/2/2 896/2/2 903/2/2 901/2/2
f 895/2/1 891/2/1 902/2/1 904/2/1
f 896/2/146 895/2/146 904/2/146 903/2/146
f 905/1/144 906/4/144 908/4/144 907/1/144
f 854/4/2 853/1/2 907/1/2 908/4/2
f 849/1/1 850/4/1 906/4/1 905/1/1
f 850/4/145 854/4/145 908/4/145 906/4/145
f 909/1/1 911/2/1 912/3/1 910/4/1
f 914/1/2 915/4/2 916/3/2 913/2/2
f 910/4/145 912/3/145 916/3/145 915/4/145
f 911/2/146 909/1/146 914/1/146 913/2/146
f 912/3/143 911/2/143 913/2/143 916/3/143
f 909/1/144 910/4/144 915/4/144 914/1/144
f 917/1/1 919/2/1 920/3/1 918/4/1
f 922/1/2 923/4/2 924/3/2 921/2/2
f 918/4/152 920/3/152 924/3/152 923/4/152
f 919/2/153 917/1/153 922/1/153 921/2/153
f 920/3/133 919/2/133 921/2/133 924/3/133
f 917/1/135 918/4/135 923/4/135 922/1/135
f 929/190/145 1002/191/145 1137/191/145 930/192/145
f 933/193/146 931/194/146 932/195/146 1070/193/146
f 925/196/146 1206/197/146 1341/198/146 927/199/146
f 932/195/2 930/192/2 1137/191/2 1139/200/2 1140/201/2 1141/202/2 1142/203/2 1143/204/2 1144/205/2 1145/206/2 1146/207/2 1147/208/2 1148/209/2 1149/210/2 1150/211/2 1151/212/2 1152/213/2 1153/214/2 1154/215/2 1155/216/2 1156/217/2 1157/218/2 1158/219/2 1159/220/2 1160/221/2 1161/222/2 1162/223/2 1163/224/2 1164/225/2 1165/226/2 1166/227/2 1167/228/2 1168/229/2 1169/230/2 1170/231/2 1171/232/2 1172/233/2 1173/234/2 1174/235/2 1175/236/2 1176/237/2 1177/238/2 1178/239/2 1179/240/2 1180/241/2 1181/242/2 1182/243/2 1183/244/2 1184/245/2 1185/246/2 1186/247/2 1187/248/2 1188/249/2 1189/250/2 1190/251/2 1191/252/2 1192/253/2 1193/254/2 1194/255/2 1195/256/2 1196/257/2 1197/258/2 1198/259/2 1199/260/2 1200/261/2 1201/262/2 1202/263/2 1203/264/2 1204/265/2 1138/266/2 1069/267/2 1071/268/2 1072/269/2 1073/270/2 1074/271/2 1075/272/2 1076/273/2 1077/274/2 1078/275/2 1079/276/2 1080/277/2 1081/278/2 1082/279/2 1083/280/2 1084/281/2 1085/282/2 1086/283/2 1087/284/2 1088/285/2 1089/286/2 1090/287/2 1091/288/2 1092/289/2 1093/290/2 1094/291/2 1095/292/2 1096/293/2 1097/294/2 1098/295/2 1099/296/2 1100/297/2 1101/298/2 1102/299/2 1103/300/2 1104/301/2 1105/302/2 1106/303/2 1107/304/2 1108/305/2 1109/306/2 1110/307/2 1111/308/2 1112/309/2 1113/310/2 1114/311/2 1115/312/2 1116/313/2 1117/314/2 1118/315/2 1119/316/2 1120/317/2 1121/318/2 1122/319/2 1123/320/2 1124/321/2 1125/322/2 1126/323/2 1127/324/2 1128/325/2 1129/326/2 1130/327/2 1131/328/2 1132/329/2 1133/330/2 1134/331/2 1135/332/2 1136/333/2 1070/193/2
f 1273/334/145 926/335/145 928/336/145 1410/337/145
f 931/194/146 925/196/146 927/199/146 932/195/146
f 1341/198/2 1343/338/2 1344/339/2 1345/340/2 1346/341/2 1347/342/2 1348/343/2 1349/344/2 1350/345/2 1351/346/2 1352/347/2 1353/348/2 1354/349/2 1355/350/2 1356/351/2 1357/352/2 1358/353/2 1359/354/2 1360/355/2 1361/356/2 1362/357/2 1363/358/2 1364/359/2 1365/360/2 1366/361/2 1367/362/2 1368/363/2 1369/364/2 1370/365/2 1371/366/2 1372/367/2 1373/368/2 1374/369/2 1375/370/2 1376/371/2 1377/372/2 1378/373/2 1379/374/2 1380/375/2 1381/376/2 1382/377/2 1383/378/2 1384/379/2 1385/380/2 1386/381/2 1387/382/2 1388/383/2 1389/384/2 1390/385/2 1391/386/2 1392/387/2 1393/388/2 1394/389/2 1395/390/2 1396/391/2 1397/392/2 1398/393/2 1399/394/2 1400/395/2 1401/396/2 1402/397/2 1403/398/2 1404/399/2 1405/400/2 1406/401/2 1407/402/2 1408/403/2 1342/404/2 1409/405/2 1411/406/2 1412/407/2 1413/408/2 1414/409/2 1415/410/2 1416/411/2 1417/412/2 1418/413/2 1419/414/2 1420/415/2 1421/416/2 1422/417/2 1423/418/2 1424/419/2 1425/420/2 1426/421/2 1427/422/2 1428/423/2 1429/424/2 1430/425/2 1431/426/2 1432/427/2 1433/428/2 1434/429/2 1435/430/2 1436/431/2 1437/432/2 1438/433/2 1439/434/2 1440/435/2 1441/436/2 1442/437/2 1443/438/2 1444/439/2 1445/440/2 1446/441/2 1447/442/2 1448/443/2 1449/444/2 1450/445/2 1451/446/2 1452/447/2 1453/448/2 1454/449/2 1455/450/2 1456/451/2 1457/452/2 1458/453/2 1459/454/2 1460/455/2 1461/456/2 1462/457/2 1463/458/2 1464/459/2 1465/460/2 1466/461/2 1467/462/2 1468/463/2 1469/464/2 1470/465/2 1471/466/2 1472/467/2 1473/468/2 1474/469/2 1475/470/2 1476/471/2 1410/337/2 928/336/2 927/199/2
f 1205/404/144 1274/405/144 1409/405/144 1342/404/144
f 931/194/1 933/193/1 935/472/1 936/473/1 937/331/1 938/474/1 939/475/1 940/476/1 941/327/1 942/477/1 943/478/1 944/479/1 945/480/1 946/322/1 947/321/1 948/481/1 949/482/1 950/483/1 951/484/1 952/485/1 953/315/1 954/314/1 955/313/1 956/312/1 957/486/1 958/310/1 959/309/1 960/308/1 961/307/1 962/306/1 963/487/1 964/488/1 965/489/1 966/302/1 967/301/1 968/490/1 969/491/1 970/492/1 971/493/1 972/494/1 973/495/1 974/496/1 975/497/1 976/498/1 977/499/1 978/500/1 979/501/1 980/502/1 981/503/1 982/504/1 983/505/1 984/506/1 985/507/1 986/508/1 987/509/1 988/510/1 989/511/1 990/512/1 991/513/1 992/514/1 993/515/1 994/516/1 995/517/1 996/518/1 997/519/1 998/520/1 999/521/1 1000/522/1 934/523/1 1001/266/1 1003/265/1 1004/264/1 1005/263/1 1006/262/1 1007/261/1 1008/524/1 1009/259/1 1010/258/1 1011/525/1 1012/256/1 1013/526/1 1014/254/1 1015/253/1 1016/527/1 1017/251/1 1018/250/1 1019/249/1 1020/528/1 1021/247/1 1022/529/1 1023/245/1 1024/244/1 1025/530/1 1026/531/1 1027/241/1 1028/532/1 1029/239/1 1030/533/1 1031/237/1 1032/236/1 1033/534/1 1034/234/1 1035/233/1 1036/232/1 1037/231/1 1038/230/1 1039/229/1 1040/228/1 1041/227/1 1042/226/1 1043/225/1 1044/535/1 1045/223/1 1046/536/1 1047/537/1 1048/220/1 1049/219/1 1050/218/1 1051/217/1 1052/216/1 1053/538/1 1054/539/1 1055/213/1 1056/212/1 1057/540/1 1058/210/1 1059/209/1 1060/208/1 1061/207/1 1062/206/1 1063/205/1 1064/204/1 1065/203/1 1066/202/1 1067/541/1 1068/200/1 1002/191/1 929/190/1
f 926/335/145 929/190/145 930/192/145 928/336/145
f 927/199/2 928/336/2 930/192/2 932/195/2
f 925/196/1 931/194/1 929/190/1 926/335/1
f 933/193/154 1070/193/154 1136/333/154 935/472/154
f 935/472/155 1136/333/155 1135/332/155 936/473/155
f 936/473/156 1135/332/156 1134/331/156 937/331/156
f 937/331/157 1134/331/157 1133/330/157 938/474/157
f 938/474/158 1133/330/158 1132/329/158 939/475/158
f 939/475/159 1132/329/159 1131/328/159 940/476/159
f 940/476/160 1131/328/160 1130/327/160 941/327/160
f 941/327/161 1130/327/161 1129/326/161 942/477/161
f 942/477/162 1129/326/162 1128/325/162 943/478/162
f 943/478/163 1128/325/163 1127/324/163 944/479/163
f 944/479/164 1127/324/164 1126/323/164 945/480/164
f 945/480/165 1126/323/165 1125/322/165 946/322/165
f 946/322/166 1125/322/166 1124/321/166 947/321/166
f 947/321/167 1124/321/167 1123/320/167 948/481/167
f 948/481/168 1123/320/168 1122/319/168 949/482/168
f 949/482/169 1122/319/169 1121/318/169 950/483/169
f 950/483/170 1121/318/170 1120/317/170 951/484/170
f 951/484/171 1120/317/171 1119/316/171 952/485/171
f 952/485/172 1119/316/172 1118/315/172 953/315/172
f 953/315/173 1118/315/173 1117/314/173 954/314/173
f 954/314/174 1117/314/174 1116/313/174 955/313/174
f 955/313/175 1116/313/175 1115/312/175 956/312/175
f 956/312/176 1115/312/176 1114/311/176 957/486/176
f 957/486/177 1114/311/177 1113/310/177 958/310/177
f 958/310/178 1113/310/178 1112/309/178 959/309/178
f 959/309/179 1112/309/179 1111/308/179 960/308/179
f 960/308/180 1111/308/180 1110/307/180 961/307/180
f 961/307/181 1110/307/181 1109/306/181 962/306/181
f 962/306/182 1109/306/182 1108/305/182 963/487/182
f 963/487/183 1108/305/183 1107/304/183 964/488/183
f 964/488/184 1107/304/184 1106/303/184 965/489/184
f 965/489/185 1106/303/185 1105/302/185 966/302/185
f 966/302/186 1105/302/186 1104/301/186 967/301/186
f 967/301/78 1104/301/78 1103/300/78 968/490/78
f 968/490/187 1103/300/187 1102/299/187 969/491/187
f 969/491/188 1102/299/188 1101/298/188 970/492/188
f 970/492/189 1101/298/189 1100/297/189 971/493/189
f 971/493/190 1100/297/190 1099/296/190 972/494/190
f 972/494/191 1099/296/191 1098/295/191 973/495/191
f 973/495/192 1098/295/192 1097/294/192 974/496/192
f 974/496/193 1097/294/193 1096/293/193 975/497/193
f 975/497/194 1096/293/194 1095/292/194 976/498/194
f 976/498/195 1095/292/195 1094/291/195 977/499/195
f 977/499/196 1094/291/196 1093/290/196 978/500/196
f 978/500/197 1093/290/197 1092/289/197 979/501/197
f 979/501/198 1092/289/198 1091/288/198 980/502/198
f 980/502/199 1091/288/199 1090/287/199 981/503/199
f 981/503/200 1090/287/200 1089/286/200 982/504/200
f 982/504/201 1089/286/201 1088/285/201 983/505/201
f 983/505/202 1088/285/202 1087/284/202 984/506/202
f 984/506/203 1087/284/203 1086/283/203 985/507/203
f 985/507/204 1086/283/204 1085/282/204 986/508/204
f 986/508/205 1085/282/205 1084/281/205 987/509/205
f 987/509/206 1084/281/206 1083/280/206 988/510/206
f 988/510/207 1083/280/207 1082/279/207 989/511/207
f 989/511/208 1082/279/208 1081/278/208 990/512/208
f 990/512/209 1081/278/209 1080/277/209 991/513/209
f 991/513/210 1080/277/210 1079/276/210 992/514/210
f 992/514/211 1079/276/211 1078/275/211 993/515/211
f 993/515/212 1078/275/212 1077/274/212 994/516/212
f 994/516/213 1077/274/213 1076/273/213 995/517/213
f 995/517/214 1076/273/214 1075/272/214 996/518/214
f 996/518/215 1075/272/215 1074/271/215 997/519/215
f 997/519/216 1074/271/216 1073/270/216 998/520/216
f 998/520/217 1073/270/217 1072/269/217 999/521/217
f 999/521/218 1072/269/218 1071/268/218 1000/522/218
f 1000/522/219 1071/268/219 1069/523/219 934/267/219
f 1137/191/220 1002/191/220 1068/200/220 1139/200/220
f 1139/200/221 1068/200/221 1067/541/221 1140/201/221
f 1140/201/222 1067/541/222 1066/202/222 1141/202/222
f 1141/202/223 1066/202/223 1065/203/223 1142/203/223
f 1142/203/224 1065/203/224 1064/204/224 1143/204/224
f 1143/204/225 1064/204/225 1063/205/225 1144/205/225
f 1144/205/226 1063/205/226 1062/206/226 1145/206/226
f 1145/206/227 1062/206/227 1061/207/227 1146/207/227
f 1146/207/228 1061/207/228 1060/208/228 1147/208/228
f 1147/208/229 1060/208/229 1059/209/229 1148/209/229
f 1148/209/230 1059/209/230 1058/210/230 1149/210/230
f 1149/210/231 1058/210/231 1057/540/231 1150/211/231
f 1150/211/232 1057/540/232 1056/212/232 1151/212/232
f 1151/212/233 1056/212/233 1055/213/233 1152/213/233
f 1152/213/234 1055/213/234 1054/539/234 1153/214/234
f 1153/214/235 1054/539/235 1053/538/235 1154/215/235
f 1154/215/236 1053/538/236 1052/216/236 1155/216/236
f 1155/216/237 1052/216/237 1051/217/237 1156/217/237
f 1156/217/238 1051/217/238 1050/218/238 1157/218/238
f 1157/218/239 1050/218/239 1049/219/239 1158/219/239
f 1158/219/240 1049/219/240 1048/220/240 1159/220/240
f 1159/220/241 1048/220/241 1047/537/241 1160/221/241
f 1160/221/242 1047/537/242 1046/536/242 1161/222/242
f 1161/222/243 1046/536/243 1045/223/243 1162/223/243
f 1162/223/244 1045/223/244 1044/535/244 1163/224/244
f 1163/224/245 1044/535/245 1043/225/245 1164/225/245
f 1164/225/246 1043/225/246 1042/226/246 1165/226/246
f 1165/226/247 1042/226/247 1041/227/247 1166/227/247
f 1166/227/248 1041/227/248 1040/228/248 1167/228/248
f 1167/228/249 1040/228/249 1039/229/249 1168/229/249
f 1168/229/250 1039/229/250 1038/230/250 1169/230/250
f 1169/230/251 1038/230/251 1037/231/251 1170/231/251
f 1170/231/252 1037/231/252 1036/232/252 1171/232/252
f 1171/232/253 1036/232/253 1035/233/253 1172/233/253
f 1172/233/254 1035/233/254 1034/234/254 1173/234/254
f 1173/234/255 1034/234/255 1033/534/255 1174/235/255
f 1174/235/256 1033/534/256 1032/236/256 1175/236/256
f 1175/236/257 1032/236/257 1031/237/257 1176/237/257
f 1176/237/258 1031/237/258 1030/533/258 1177/238/258
f 1177/238/259 1030/533/259 1029/239/259 1178/239/259
f 1178/239/260 1029/239/260 1028/532/260 1179/240/260
f 1179/240/261 1028/532/261 1027/241/261 1180/241/261
f 1180/241/262 1027/241/262 1026/531/262 1181/242/262
f 1181/242/263 1026/531/263 1025/530/263 1182/243/263
f 1182/243/264 1025/530/264 1024/244/264 1183/244/264
f 1183/244/265 1024/244/265 1023/245/265 1184/245/265
f 1184/245/266 1023/245/266 1022/529/266 1185/246/266
f 1185/246/267 1022/529/267 1021/247/267 1186/247/267
f 1186/247/268 1021/247/268 1020/528/268 1187/248/268
f 1187/248/269 1020/528/269 1019/249/269 1188/249/269
f 1188/249/270 1019/249/270 1018/250/270 1189/250/270
f 1189/250/271 1018/250/271 1017/251/271 1190/251/271
f 1190/251/272 1017/251/272 1016/527/272 1191/252/272
f 1191/252/273 1016/527/273 1015/253/273 1192/253/273
f 1192/253/274 1015/253/274 1014/254/274 1193/254/274
f 1193/254/275 1014/254/275 1013/526/275 1194/255/275
f 1194/255/276 1013/526/276 1012/256/276 1195/256/276
f 1195/256/277 1012/256/277 1011/525/277 1196/257/277
f 1196/257/278 1011/525/278 1010/258/278 1197/258/278
f 1197/258/279 1010/258/279 1009/259/279 1198/259/279
f 1198/259/280 1009/259/280 1008/524/280 1199/260/280
f 1199/260/281 1008/524/281 1007/261/281 1200/261/281
f 1200/261/282 1007/261/282 1006/262/282 1201/262/282
f 1201/262/283 1006/262/283 1005/263/283 1202/263/283
f 1202/263/284 1005/263/284 1004/264/284 1203/264/284
f 1203/264/285 1004/264/285 1003/265/285 1204/265/285
f 1204/265/286 1003/265/286 1001/266/286 1138/266/286
f 1001/266/143 934/267/143 1069/523/143 1138/266/143
f 1273/334/287 1410/337/287 1476/471/287 1275/542/287
f 1275/542/288 1476/471/288 1475/470/288 1276/543/288
f 1276/543/289 1475/470/289 1474/469/289 1277/544/289
f 1277/544/290 1474/469/290 1473/468/290 1278/545/290
f 1278/545/291 1473/468/291 1472/467/291 1279/546/291
f 1279/546/292 1472/467/292 1471/466/292 1280/547/292
f 1280/547/293 1471/466/293 1470/465/293 1281/548/293
f 1281/548/294 1470/465/294 1469/464/294 1282/549/294
f 1282/549/295 1469/464/295 1468/463/295 1283/550/295
f 1283/550/296 1468/463/296 1467/462/296 1284/551/296
f 1284/551/297 1467/462/297 1466/461/297 1285/552/297
f 1285/552/298 1466/461/298 1465/460/298 1286/553/298
f 1286/553/299 1465/460/299 1464/459/299 1287/554/299
f 1287/554/300 1464/459/300 1463/458/300 1288/555/300
f 1288/555/301 1463/458/301 1462/457/301 1289/457/301
f 1289/457/302 1462/457/302 1461/456/302 1290/556/302
f 1290/556/303 1461/456/303 1460/455/303 1291/455/303
f 1291/455/304 1460/455/304 1459/454/304 1292/557/304
f 1292/557/305 1459/454/305 1458/453/305 1293/558/305
f 1293/558/306 1458/453/306 1457/452/306 1294/559/306
f 1294/559/307 1457/452/307 1456/451/307 1295/560/307
f 1295/560/308 1456/451/308 1455/450/308 1296/450/308
f 1296/450/309 1455/450/309 1454/449/309 1297/561/309
f 1297/561/310 1454/449/310 1453/448/310 1298/448/310
f 1298/448/311 1453/448/311 1452/447/311 1299/447/311
f 1299/447/312 1452/447/312 1451/446/312 1300/562/312
f 1300/562/313 1451/446/313 1450/445/313 1301/563/313
f 1301/563/314 1450/445/314 1449/444/314 1302/564/314
f 1302/564/315 1449/444/315 1448/443/315 1303/565/315
f 1303/565/316 1448/443/316 1447/442/316 1304/566/316
f 1304/566/317 1447/442/317 1446/441/317 1305/567/317
f 1305/567/318 1446/441/318 1445/440/318 1306/568/318
f 1306/568/319 1445/440/319 1444/439/319 1307/439/319
f 1307/439/320 1444/439/320 1443/438/320 1308/569/320
f 1308/569/321 1443/438/321 1442/437/321 1309/570/321
f 1309/570/322 1442/437/322 1441/436/322 1310/571/322
f 1310/571/52 1441/436/52 1440/435/52 1311/572/52
f 1311/572/323 1440/435/323 1439/434/323 1312/573/323
f 1312/573/324 1439/434/324 1438/433/324 1313/433/324
f 1313/433/325 1438/433/325 1437/432/325 1314/574/325
f 1314/574/326 1437/432/326 1436/431/326 1315/575/326
f 1315/575/327 1436/431/327 1435/430/327 1316/576/327
f 1316/576/328 1435/430/328 1434/429/328 1317/577/328
f 1317/577/329 1434/429/329 1433/428/329 1318/578/329
f 1318/578/330 1433/428/330 1432/427/330 1319/579/330
f 1319/579/331 1432/427/331 1431/426/331 1320/580/331
f 1320/580/332 1431/426/332 1430/425/332 1321/581/332
f 1321/581/333 1430/425/333 1429/424/333 1322/424/333
f 1322/424/334 1429/424/334 1428/423/334 1323/582/334
f 1323/582/335 1428/423/335 1427/422/335 1324/583/335
f 1324/583/336 1427/422/336 1426/421/336 1325/584/336
f 1325/584/337 1426/421/337 1425/420/337 1326/420/337
f 1326/420/338 1425/420/338 1424/419/338 1327/419/338
f 1327/419/339 1424/419/339 1423/418/339 1328/585/339
f 1328/585/340 1423/418/340 1422/417/340 1329/586/340
f 1329/586/341 1422/417/341 1421/416/341 1330/587/341
f 1330/587/342 1421/416/342 1420/415/342 1331/588/342
f 1331/588/343 1420/415/343 1419/414/343 1332/414/343
f 1332/414/344 1419/414/344 1418/413/344 1333/413/344
f 1333/413/345 1418/413/345 1417/412/345 1334/589/345
f 1334/589/346 1417/412/346 1416/411/346 1335/411/346
f 1335/411/347 1416/411/347 1415/410/347 1336/590/347
f 1336/590/348 1415/410/348 1414/409/348 1337/409/348
f 1337/409/349 1414/409/349 1413/408/349 1338/408/349
f 1338/408/350 1413/408/350 1412/407/350 1339/591/350
f 1339/591/351 1412/407/351 1411/406/351 1340/592/351
f 1340/592/352 1411/406/352 1409/405/352 1274/405/352
f 1341/198/353 1206/197/353 1272/338/353 1343/338/353
f 1343/338/354 1272/338/354 1271/593/354 1344/339/354
f 1344/339/355 1271/593/355 1270/340/355 1345/340/355
f 1345/340/356 1270/340/356 1269/341/356 1346/341/356
f 1346/341/357 1269/341/357 1268/342/357 1347/342/357
f 1347/342/358 1268/342/358 1267/594/358 1348/343/358
f 1348/343/359 1267/594/359 1266/595/359 1349/344/359
f 1349/344/360 1266/595/360 1265/345/360 1350/345/360
f 1350/345/361 1265/345/361 1264/596/361 1351/346/361
f 1351/346/362 1264/596/362 1263/347/362 1352/347/362
f 1352/347/363 1263/347/363 1262/597/363 1353/348/363
f 1353/348/364 1262/597/364 1261/598/364 1354/349/364
f 1354/349/365 1261/598/365 1260/599/365 1355/350/365
f 1355/350/366 1260/599/366 1259/351/366 1356/351/366
f 1356/351/367 1259/351/367 1258/600/367 1357/352/367
f 1357/352/368 1258/600/368 1257/353/368 1358/353/368
f 1358/353/369 1257/353/369 1256/354/369 1359/354/369
f 1359/354/370 1256/354/370 1255/601/370 1360/355/370
f 1360/355/371 1255/601/371 1254/602/371 1361/356/371
f 1361/356/372 1254/602/372 1253/357/372 1362/357/372
f 1362/357/373 1253/357/373 1252/603/373 1363/358/373
f 1363/358/374 1252/603/374 1251/604/374 1364/359/374
f 1364/359/375 1251/604/375 1250/605/375 1365/360/375
f 1365/360/376 1250/605/376 1249/361/376 1366/361/376
f 1366/361/377 1249/361/377 1248/362/377 1367/362/377
f 1367/362/378 1248/362/378 1247/606/378 1368/363/378
f 1368/363/379 1247/606/379 1246/607/379 1369/364/379
f 1369/364/380 1246/607/380 1245/608/380 1370/365/380
f 1370/365/381 1245/608/381 1244/366/381 1371/366/381
f 1371/366/382 1244/366/382 1243/609/382 1372/367/382
f 1372/367/383 1243/609/383 1242/610/383 1373/368/383
f 1373/368/384 1242/610/384 1241/611/384 1374/369/384
f 1374/369/385 1241/611/385 1240/370/385 1375/370/385
f 1375/370/386 1240/370/386 1239/371/386 1376/371/386
f 1376/371/387 1239/371/387 1238/612/387 1377/372/387
f 1377/372/388 1238/612/388 1237/613/388 1378/373/388
f 1378/373/389 1237/613/389 1236/614/389 1379/374/389
f 1379/374/390 1236/614/390 1235/615/390 1380/375/390
f 1380/375/391 1235/615/391 1234/616/391 1381/376/391
f 1381/376/392 1234/616/392 1233/617/392 1382/377/392
f 1382/377/393 1233/617/393 1232/618/393 1383/378/393
f 1383/378/394 1232/618/394 1231/619/394 1384/379/394
f 1384/379/395 1231/619/395 1230/620/395 1385/380/395
f 1385/380/396 1230/620/396 1229/621/396 1386/381/396
f 1386/381/397 1229/621/397 1228/622/397 1387/382/397
f 1387/382/398 1228/622/398 1227/623/398 1388/383/398
f 1388/383/399 1227/623/399 1226/624/399 1389/384/399
f 1389/384/400 1226/624/400 1225/385/400 1390/385/400
f 1390/385/401 1225/385/401 1224/625/401 1391/386/401
f 1391/386/402 1224/625/402 1223/626/402 1392/387/402
f 1392/387/403 1223/626/403 1222/627/403 1393/388/403
f 1393/388/404 1222/627/404 1221/389/404 1394/389/404
f 1394/389/405 1221/389/405 1220/390/405 1395/390/405
f 1395/390/406 1220/390/406 1219/628/406 1396/391/406
f 1396/391/407 1219/628/407 1218/629/407 1397/392/407
f 1397/392/408 1218/629/408 1217/630/408 1398/393/408
f 1398/393/409 1217/630/409 1216/394/409 1399/394/409
f 1399/394/410 1216/394/410 1215/631/410 1400/395/410
f 1400/395/411 1215/631/411 1214/396/411 1401/396/411
f 1401/396/412 1214/396/412 1213/632/412 1402/397/412
f 1402/397/413 1213/632/413 1212/398/413 1403/398/413
f 1403/398/414 1212/398/414 1211/399/414 1404/399/414
f 1404/399/415 1211/399/415 1210/633/415 1405/400/415
f 1405/400/416 1210/633/416 1209/401/416 1406/401/416
f 1406/401/417 1209/401/417 1208/634/417 1407/402/417
f 1407/402/418 1208/634/418 1207/403/418 1408/403/418
f 1408/403/419 1207/403/419 1205/404/419 1342/404/419
f 1205/404/1 1207/403/1 1208/634/1 1209/401/1 1210/633/1 1211/399/1 1212/398/1 1213/632/1 1214/396/1 1215/631/1 1216/394/1 1217/630/1 1218/629/1 1219/628/1 1220/390/1 1221/389/1 1222/627/1 1223/626/1 1224/625/1 1225/385/1 1226/624/1 1227/623/1 1228/622/1 1229/621/1 1230/620/1 1231/619/1 1232/618/1 1233/617/1 1234/616/1 1235/615/1 1236/614/1 1237/613/1 1238/612/1 1239/371/1 1240/370/1 1241/611/1 1242/610/1 1243/609/1 1244/366/1 1245/608/1 1246/607/1 1247/606/1 1248/362/1 1249/361/1 1250/605/1 1251/604/1 1252/603/1 1253/357/1 1254/602/1 1255/601/1 1256/354/1 1257/353/1 1258/600/1 1259/351/1 1260/599/1 1261/598/1 1262/597/1 1263/347/1 1264/596/1 1265/345/1 1266/595/1 1267/594/1 1268/342/1 1269/341/1 1270/340/1 1271/593/1 1272/338/1 1206/197/1 925/196/1 926/335/1 1273/635/1 1275/542/1 1276/543/1 1277/544/1 1278/545/1 1279/546/1 1280/547/1 1281/548/1 1282/549/1 1283/550/1 1284/551/1 1285/552/1 1286/553/1 1287/554/1 1288/555/1 1289/457/1 1290/556/1 1291/455/1 1292/557/1 1293/558/1 1294/559/1 1295/560/1 1296/450/1 1297/561/1 1298/448/1 1299/447/1 1300/562/1 1301/563/1 1302/564/1 1303/565/1 1304/566/1 1305/567/1 1306/568/1 1307/439/1 1308/569/1 1309/570/1 1310/571/1 1311/572/1 1312/573/1 1313/433/1 1314/574/1 1315/575/1 1316/576/1 1317/577/1 1318/578/1 1319/579/1 1320/580/1 1321/581/1 1322/424/1 1323/582/1 1324/583/1 1325/584/1 1326/420/1 1327/419/1 1328/585/1 1329/586/1 1330/587/1 1331/588/1 1332/414/1 1333/413/1 1334/589/1 1335/411/1 1336/590/1 1337/409/1 1338/408/1 1339/591/1 1340/592/1 1274/405/1
