# Blender 4.0.2
# www.blender.org
mtllib StreetComponents.mtl
o Text.002
v -69.944702 0.533618 85.912704
v -69.944702 0.533618 88.107964
v -70.245010 0.533618 88.107964
v -70.245010 0.533618 85.912704
v -70.968216 0.533618 85.912704
v -70.968216 0.533618 85.587479
v -69.221489 0.533618 85.587479
v -69.221489 0.533618 85.912704
v -72.022385 0.533618 85.912704
v -72.022385 0.533618 86.674019
v -71.167412 0.533618 86.674019
v -71.167412 0.533618 86.999245
v -72.022385 0.533618 86.999245
v -72.022385 0.533618 87.782738
v -71.109184 0.533618 87.782738
v -71.109184 0.533618 88.107964
v -72.322701 0.533618 88.107964
v -72.322701 0.533618 85.587479
v -71.136765 0.533618 85.587479
v -71.136765 0.533618 85.912704
v -73.085747 0.533618 88.107964
v -73.085747 0.533618 85.587479
v -72.785431 0.533618 85.587479
v -72.785431 0.533618 88.107964
v -74.265556 0.533618 88.130135
v -75.169563 0.533618 85.587479
v -74.869247 0.533618 85.587479
v -74.241043 0.533618 87.357727
v -73.615891 0.533618 85.587479
v -73.318642 0.533618 85.587479
v -74.204269 0.533618 88.130135
v -76.244446 0.533618 86.106026
v -76.306740 0.533618 86.066910
v -76.367905 0.533618 86.031830
v -76.428139 0.533618 86.000717
v -76.487656 0.533618 85.973495
v -76.546646 0.533618 85.950119
v -76.605316 0.533618 85.930511
v -76.663879 0.533618 85.914619
v -76.722519 0.533618 85.902367
v -76.781448 0.533618 85.893692
v -76.840866 0.533618 85.888535
v -76.900970 0.533618 85.886833
v -77.017792 0.533618 85.895226
v -77.128708 0.533618 85.919785
v -77.232887 0.533618 85.959587
v -77.329536 0.533618 86.013718
v -77.417847 0.533618 86.081238
v -77.497009 0.533618 86.161240
v -77.566200 0.533618 86.252785
v -77.624634 0.533618 86.354958
v -77.671486 0.533618 86.466827
v -77.705956 0.533618 86.587479
v -77.727226 0.533618 86.715981
v -77.734497 0.533618 86.851418
v -77.727455 0.533618 86.989037
v -77.706749 0.533618 87.118652
v -77.673019 0.533618 87.239525
v -77.626907 0.533618 87.350883
v -77.569046 0.533618 87.451981
v -77.500076 0.533618 87.542053
v -77.420631 0.533618 87.620346
v -77.331360 0.533618 87.686104
v -77.232895 0.533618 87.738564
v -77.125870 0.533618 87.776970
v -77.010933 0.533618 87.800575
v -76.888718 0.533618 87.808609
v -76.829300 0.533618 87.806541
v -76.769142 0.533618 87.800362
v -76.708389 0.533618 87.790131
v -76.647186 0.533618 87.775894
v -76.585693 0.533618 87.757706
v -76.524048 0.533618 87.735619
v -76.462402 0.533618 87.709679
v -76.400902 0.533618 87.679947
v -76.339706 0.533618 87.646461
v -76.278946 0.533618 87.609283
v -76.218788 0.533618 87.568459
v -76.159378 0.533618 87.524040
v -76.159378 0.533618 87.919479
v -76.211143 0.533618 87.951019
v -76.263969 0.533618 87.980820
v -76.318161 0.533618 88.008698
v -76.374008 0.533618 88.034462
v -76.431808 0.533618 88.057907
v -76.491867 0.533618 88.078857
v -76.554489 0.533618 88.097115
v -76.619949 0.533618 88.112480
v -76.688568 0.533618 88.124771
v -76.760635 0.533618 88.133781
v -76.836441 0.533618 88.139336
v -76.916298 0.533618 88.141228
v -77.103287 0.533618 88.126595
v -77.272224 0.533618 88.084846
v -77.423462 0.533618 88.019211
v -77.557327 0.533618 87.932899
v -77.674179 0.533618 87.829132
v -77.774338 0.533618 87.711136
v -77.858154 0.533618 87.582130
v -77.925972 0.533618 87.445335
v -77.978119 0.533618 87.303970
v -78.014954 0.533618 87.161255
v -78.036804 0.533618 87.020424
v -78.044006 0.533618 86.884674
v -78.034157 0.533618 86.697014
v -78.005295 0.533618 86.519211
v -77.958443 0.533618 86.352493
v -77.894646 0.533618 86.198097
v -77.814926 0.533618 86.057243
v -77.720329 0.533618 85.931183
v -77.611870 0.533618 85.821129
v -77.490593 0.533618 85.728325
v -77.357529 0.533618 85.653999
v -77.213699 0.533618 85.599388
v -77.060150 0.533618 85.565712
v -76.897911 0.533618 85.554214
v -76.844177 0.533618 85.555534
v -76.790100 0.533618 85.559540
v -76.735443 0.533618 85.566284
v -76.679993 0.533618 85.575844
v -76.623520 0.533618 85.588272
v -76.565796 0.533618 85.603645
v -76.506615 0.533618 85.622017
v -76.445732 0.533618 85.643463
v -76.382935 0.533618 85.668030
v -76.318008 0.533618 85.695801
v -76.250710 0.533618 85.726830
v -76.180832 0.533618 85.761177
v -76.180832 0.533618 86.149231
v -79.286682 0.533618 85.566254
v -79.130936 0.533618 85.601265
v -78.987045 0.533618 85.657578
v -78.855629 0.533618 85.733528
v -78.737328 0.533618 85.827438
v -78.632767 0.533618 85.937645
v -78.542564 0.533618 86.062485
v -78.467354 0.533618 86.200287
v -78.407768 0.533618 86.349373
v -78.364426 0.533618 86.508087
v -78.337959 0.533618 86.674759
v -78.329002 0.533618 86.847717
v -78.337730 0.533618 87.016022
v -78.363602 0.533618 87.179649
v -78.406143 0.533618 87.336708
v -78.464859 0.533618 87.485298
v -78.539284 0.533618 87.623528
v -78.628937 0.533618 87.749481
v -78.733330 0.533618 87.861267
v -78.851997 0.533618 87.956985
v -78.984451 0.533618 88.034744
v -79.130219 0.533618 88.092636
v -79.288826 0.533618 88.128761
v -79.459778 0.533618 88.141228
v -79.625282 0.533618 88.128830
v -79.779686 0.533618 88.092888
v -79.922363 0.533618 88.035263
v -80.052689 0.533618 87.957809
v -80.170036 0.533618 87.862389
v -80.273773 0.533618 87.750862
v -80.363266 0.533618 87.625099
v -80.437904 0.533618 87.486946
v -80.497040 0.533618 87.338272
v -80.540062 0.533618 87.180931
v -80.566338 0.533618 87.016800
v -80.575233 0.533618 86.847717
v -80.566101 0.533618 86.675537
v -80.539185 0.533618 86.509377
v -80.495224 0.533618 86.350937
v -80.434952 0.533618 86.201927
v -80.359100 0.533618 86.064056
v -80.268410 0.533618 85.939034
v -80.163605 0.533618 85.828560
v -80.045425 0.533618 85.734344
v -79.914612 0.533618 85.658104
v -79.771881 0.533618 85.601524
v -79.617989 0.533618 85.566330
v -79.453651 0.533618 85.554214
v -79.339119 0.533618 87.800217
v -79.230469 0.533618 87.775673
v -79.128479 0.533618 87.735909
v -79.033936 0.533618 87.681862
v -78.947601 0.533618 87.614464
v -78.870255 0.533618 87.534660
v -78.802681 0.533618 87.443390
v -78.745651 0.533618 87.341576
v -78.699944 0.533618 87.230171
v -78.666328 0.533618 87.110100
v -78.645592 0.533618 86.982307
v -78.638512 0.533618 86.847717
v -78.645599 0.533618 86.712357
v -78.666328 0.533618 86.584061
v -78.699944 0.533618 86.463715
v -78.745651 0.533618 86.352219
v -78.802681 0.533618 86.250481
v -78.870255 0.533618 86.159393
v -78.947601 0.533618 86.079849
v -79.033936 0.533618 86.012756
v -79.128487 0.533618 85.959015
v -79.230469 0.533618 85.919510
v -79.339119 0.533618 85.895149
v -79.453651 0.533618 85.886833
v -79.567482 0.533618 85.895149
v -79.675537 0.533618 85.919510
v -79.777046 0.533618 85.959015
v -79.871208 0.533618 86.012756
v -79.957245 0.533618 86.079849
v -80.034363 0.533618 86.159393
v -80.101776 0.533618 86.250481
v -80.158699 0.533618 86.352219
v -80.204346 0.533618 86.463715
v -80.237923 0.533618 86.584061
v -80.258644 0.533618 86.712357
v -80.265724 0.533618 86.847717
v -80.258644 0.533618 86.982307
v -80.237915 0.533618 87.110100
v -80.204346 0.533618 87.230171
v -80.158699 0.533618 87.341576
v -80.101776 0.533618 87.443390
v -80.034363 0.533618 87.534660
v -79.957245 0.533618 87.614464
v -79.871208 0.533618 87.681862
v -79.777046 0.533618 87.735909
v -79.675537 0.533618 87.775673
v -79.567474 0.533618 87.800217
v -79.453651 0.533618 87.808609
v -80.903389 0.533618 87.267303
v -80.922577 0.533618 87.407639
v -80.954605 0.533618 87.537842
v -80.999489 0.533618 87.657219
v -81.057274 0.533618 87.765106
v -81.127983 0.533618 87.860809
v -81.211655 0.533618 87.943657
v -81.308319 0.533618 88.012970
v -81.417999 0.533618 88.068062
v -81.540749 0.533618 88.108253
v -81.676575 0.533618 88.132866
v -81.825523 0.533618 88.141228
v -81.935349 0.533618 88.134941
v -82.043213 0.533618 88.115868
v -82.147675 0.533618 88.083710
v -82.247284 0.533618 88.038155
v -82.340591 0.533618 87.978897
v -82.426155 0.533618 87.905624
v -82.502525 0.533618 87.818031
v -82.568253 0.533618 87.715805
v -82.621895 0.533618 87.598648
v -82.662003 0.533618 87.466240
v -82.687134 0.533618 87.318283
v -82.695824 0.533618 87.154465
v -82.695824 0.533618 85.587479
v -82.395508 0.533618 85.587479
v -82.395508 0.533618 87.076859
v -82.394852 0.533618 87.144630
v -82.392807 0.533618 87.206032
v -82.389236 0.533618 87.261642
v -82.384048 0.533618 87.312012
v -82.377113 0.533618 87.357712
v -82.368317 0.533618 87.399307
v -82.357536 0.533618 87.437363
v -82.344666 0.533618 87.472435
v -82.329582 0.533618 87.505096
v -82.312164 0.533618 87.535912
v -82.292297 0.533618 87.565445
v -82.269867 0.533618 87.594261
v -82.239357 0.533618 87.628754
v -82.207558 0.533618 87.660179
v -82.174492 0.533618 87.688553
v -82.140144 0.533618 87.713890
v -82.104515 0.533618 87.736191
v -82.067619 0.533618 87.755486
v -82.029442 0.533618 87.771767
v -81.989983 0.533618 87.785065
v -81.949249 0.533618 87.795387
v -81.907242 0.533618 87.802742
v -81.863960 0.533618 87.807144
v -81.819397 0.533618 87.808609
v -81.763283 0.533618 87.806801
v -81.709869 0.533618 87.801506
v -81.659180 0.533618 87.792961
v -81.611244 0.533618 87.781372
v -81.566071 0.533618 87.766960
v -81.523682 0.533618 87.749939
v -81.484100 0.533618 87.730537
v -81.447350 0.533618 87.708961
v -81.413452 0.533618 87.685440
v -81.382431 0.533618 87.660179
v -81.354301 0.533618 87.633408
v -81.329086 0.533618 87.605347
v -81.303963 0.533618 87.571854
v -81.282089 0.533618 87.536064
v -81.263252 0.533618 87.497993
v -81.247253 0.533618 87.457649
v -81.233902 0.533618 87.415054
v -81.222977 0.533618 87.370201
v -81.214294 0.533618 87.323128
v -81.207642 0.533618 87.273827
v -81.202820 0.533618 87.222321
v -81.199631 0.533618 87.168617
v -81.197861 0.533618 87.112732
v -81.197311 0.533618 87.054680
v -81.197311 0.533618 85.587479
v -80.897003 0.533618 85.587479
v -80.897003 0.533618 87.117508
v -83.884827 0.533618 88.111656
v -83.796127 0.533618 88.156082
v -83.713516 0.533618 88.195122
v -83.636467 0.533618 88.228767
v -83.564423 0.533618 88.257027
v -83.496857 0.533618 88.279892
v -83.433205 0.533618 88.297371
v -83.372948 0.533618 88.309456
v -83.315521 0.533618 88.316154
v -83.260406 0.533618 88.317467
v -83.207031 0.533618 88.313385
v -83.154877 0.533618 88.303917
v -83.103394 0.533618 88.289055
v -83.094200 0.533618 88.300140
v -83.363876 0.533618 88.621666
v -83.463486 0.533618 88.608742
v -83.560150 0.533618 88.588753
v -83.653992 0.533618 88.562195
v -83.745117 0.533618 88.529549
v -83.833641 0.533618 88.491318
v -83.919685 0.533618 88.447968
v -84.003372 0.533618 88.400009
v -84.084808 0.533618 88.347916
v -84.164124 0.533618 88.292175
v -84.241425 0.533618 88.233276
v -84.316833 0.533618 88.171707
v -84.390465 0.533618 88.107964
v -84.516502 0.533618 88.070320
v -84.635208 0.533618 88.017181
v -84.745888 0.533618 87.949509
v -84.847855 0.533618 87.868286
v -84.940422 0.533618 87.774490
v -85.022888 0.533618 87.669098
v -85.094559 0.533618 87.553078
v -85.154755 0.533618 87.427399
v -85.202774 0.533618 87.293053
v -85.237930 0.533618 87.151009
v -85.259537 0.533618 87.002243
v -85.266891 0.533618 86.847717
v -85.257156 0.533618 86.662338
v -85.228569 0.533618 86.487556
v -85.182091 0.533618 86.324432
v -85.118660 0.533618 86.174004
v -85.039230 0.533618 86.037331
v -84.944740 0.533618 85.915474
v -84.836143 0.533618 85.809471
v -84.714386 0.533618 85.720390
v -84.580406 0.533618 85.649269
v -84.435165 0.533618 85.597160
v -84.279602 0.533618 85.565125
v -84.114662 0.533618 85.554214
v -83.961693 0.533618 85.565697
v -83.816109 0.533618 85.599251
v -83.679031 0.533618 85.653542
v -83.551598 0.533618 85.727234
v -83.434937 0.533618 85.818993
v -83.330162 0.533618 85.927483
v -83.238419 0.533618 86.051376
v -83.160828 0.533618 86.189331
v -83.098511 0.533618 86.340019
v -83.052605 0.533618 86.502098
v -83.024231 0.533618 86.674240
v -83.014526 0.533618 86.855110
v -83.021996 0.533618 87.005600
v -83.043884 0.533618 87.151436
v -83.079407 0.533618 87.291496
v -83.127800 0.533618 87.424667
v -83.188278 0.533618 87.549828
v -83.260071 0.533618 87.665863
v -83.342392 0.533618 87.771660
v -83.434471 0.533618 87.866096
v -83.535530 0.533618 87.948067
v -83.644798 0.533618 88.016441
v -83.761490 0.533618 88.070114
v -83.884827 0.533618 88.107964
v -83.884827 0.533618 88.104271
v -84.951576 0.533618 86.977386
v -84.934143 0.533618 87.099403
v -84.905098 0.533618 87.216141
v -84.864426 0.533618 87.326248
v -84.812141 0.533618 87.428406
v -84.748238 0.533618 87.521263
v -84.672707 0.533618 87.603508
v -84.585564 0.533618 87.673782
v -84.486801 0.533618 87.730766
v -84.376419 0.533618 87.773125
v -84.254410 0.533618 87.799515
v -84.120789 0.533618 87.808609
v -84.007263 0.533618 87.799728
v -83.900032 0.533618 87.773926
v -83.799789 0.533618 87.732445
v -83.707199 0.533618 87.676521
v -83.622955 0.533618 87.607407
v -83.547737 0.533618 87.526352
v -83.482224 0.533618 87.434586
v -83.427094 0.533618 87.333366
v -83.383026 0.533618 87.223930
v -83.350708 0.533618 87.107536
v -83.330818 0.533618 86.985413
v -83.324036 0.533618 86.858810
v -83.331001 0.533618 86.724007
v -83.351379 0.533618 86.595604
v -83.384415 0.533618 86.474625
v -83.429359 0.533618 86.362076
v -83.485458 0.533618 86.258972
v -83.551956 0.533618 86.166321
v -83.628090 0.533618 86.085144
v -83.713104 0.533618 86.016457
v -83.806259 0.533618 85.961266
v -83.906776 0.533618 85.920586
v -84.013916 0.533618 85.895439
v -84.126923 0.533618 85.886833
v -84.274582 0.533618 85.898544
v -84.405502 0.533618 85.931847
v -84.520416 0.533618 85.984016
v -84.620071 0.533618 86.052315
v -84.705208 0.533618 86.134018
v -84.776581 0.533618 86.226379
v -84.834930 0.533618 86.326668
v -84.880997 0.533618 86.432159
v -84.915535 0.533618 86.540108
v -84.939278 0.533618 86.647789
v -84.952980 0.533618 86.752472
v -84.957382 0.533618 86.851418
v -86.530716 0.533618 87.969391
v -86.597649 0.533618 88.000923
v -86.663223 0.533618 88.028969
v -86.727829 0.533618 88.053619
v -86.791893 0.533618 88.074989
v -86.855804 0.533618 88.093178
v -86.919968 0.533618 88.108292
v -86.984795 0.533618 88.120422
v -87.050682 0.533618 88.129677
v -87.118042 0.533618 88.136162
v -87.187271 0.533618 88.139977
v -87.258774 0.533618 88.141228
v -87.415207 0.533618 88.130180
v -87.563560 0.533618 88.097832
v -87.702782 0.533618 88.045364
v -87.831825 0.533618 87.973961
v -87.949631 0.533618 87.884789
v -88.055145 0.533618 87.779045
v -88.147324 0.533618 87.657898
v -88.225098 0.533618 87.522530
v -88.287422 0.533618 87.374130
v -88.333244 0.533618 87.213875
v -88.361511 0.533618 87.042938
v -88.371170 0.533618 86.862503
v -88.361275 0.533618 86.680710
v -88.332352 0.533618 86.507660
v -88.285553 0.533618 86.344696
v -88.222031 0.533618 86.193169
v -88.142929 0.533618 86.054413
v -88.049400 0.533618 85.929794
v -87.942596 0.533618 85.820648
v -87.823654 0.533618 85.728325
v -87.693733 0.533618 85.654175
v -87.553986 0.533618 85.599541
v -87.405548 0.533618 85.565773
v -87.249580 0.533618 85.554214
v -87.189690 0.533618 85.555260
v -87.132072 0.533618 85.558548
v -87.075912 0.533618 85.564323
v -87.020432 0.533618 85.572830
v -86.964821 0.533618 85.584320
v -86.908279 0.533618 85.599030
v -86.850021 0.533618 85.617203
v -86.789238 0.533618 85.639084
v -86.725136 0.533618 85.664917
v -86.656914 0.533618 85.694946
v -86.583771 0.533618 85.729416
v -86.504921 0.533618 85.768570
v -86.504921 0.533618 86.134445
v -86.566399 0.533618 86.095413
v -86.628212 0.533618 86.059639
v -86.690323 0.533618 86.027153
v -86.752686 0.533618 85.997978
v -86.815269 0.533618 85.972137
v -86.878021 0.533618 85.949661
v -86.940895 0.533618 85.930565
v -87.003860 0.533618 85.914894
v -87.066864 0.533618 85.902657
v -87.129868 0.533618 85.893883
v -87.192833 0.533618 85.888596
v -87.255714 0.533618 85.886833
v -87.366844 0.533618 85.895363
v -87.472885 0.533618 85.920296
v -87.572975 0.533618 85.960632
v -87.666229 0.533618 86.015358
v -87.751785 0.533618 86.083488
v -87.828758 0.533618 86.164009
v -87.896286 0.533618 86.255928
v -87.953491 0.533618 86.358238
v -87.999512 0.533618 86.469948
v -88.033455 0.533618 86.590050
v -88.054459 0.533618 86.717537
v -88.061661 0.533618 86.851418
v -88.054497 0.533618 86.988258
v -88.033485 0.533618 87.117371
v -87.999313 0.533618 87.237968
v -87.952698 0.533618 87.349243
v -87.894341 0.533618 87.450409
v -87.824928 0.533618 87.540672
v -87.745178 0.533618 87.619225
v -87.655792 0.533618 87.685280
v -87.557465 0.533618 87.738045
v -87.450897 0.533618 87.776718
v -87.336800 0.533618 87.800507
v -87.215874 0.533618 87.808609
v -87.175583 0.533618 87.807709
v -87.135887 0.533618 87.805069
v -87.096741 0.533618 87.800812
v -87.058113 0.533618 87.795059
v -87.019951 0.533618 87.787918
v -86.982208 0.533618 87.779503
v -86.944855 0.533618 87.769936
v -86.907837 0.533618 87.759331
v -86.871124 0.533618 87.747803
v -86.834663 0.533618 87.735466
v -86.798416 0.533618 87.722435
v -86.762337 0.533618 87.708824
v -86.762337 0.533618 87.191422
v -87.163780 0.533618 87.191422
v -87.163780 0.533618 86.866196
v -86.462021 0.533618 86.866196
v -86.462021 0.533618 87.934265
v -89.011635 0.533618 88.107964
v -90.409019 0.533618 86.167709
v -90.409019 0.533618 88.107964
v -90.690948 0.533618 88.107964
v -90.690948 0.533618 85.587479
v -90.451920 0.533618 85.587479
v -89.036148 0.533618 87.538818
v -89.036148 0.533618 85.587479
v -88.754219 0.533618 85.587479
v -88.754219 0.533618 88.107964
v -91.224159 0.533618 88.107964
v -91.503021 0.533618 87.365120
v -92.391708 0.533618 87.365120
v -92.655251 0.533618 88.107964
v -92.961693 0.533618 88.107964
v -92.063812 0.533618 85.572693
v -91.852371 0.533618 85.572693
v -90.917717 0.533618 88.107964
v -91.625603 0.533618 87.039902
v -91.962692 0.533618 86.127052
v -92.275261 0.533618 87.039902
v -94.057274 0.533618 85.566254
v -93.901527 0.533618 85.601265
v -93.757637 0.533618 85.657578
v -93.626228 0.533618 85.733528
v -93.507919 0.533618 85.827438
v -93.403358 0.533618 85.937645
v -93.313156 0.533618 86.062485
v -93.237946 0.533618 86.200287
v -93.178360 0.533618 86.349373
v -93.135025 0.533618 86.508087
v -93.108559 0.533618 86.674759
v -93.099594 0.533618 86.847717
v -93.108322 0.533618 87.016022
v -93.134201 0.533618 87.179649
v -93.176735 0.533618 87.336708
v -93.235451 0.533618 87.485298
v -93.309875 0.533618 87.623528
v -93.399529 0.533618 87.749481
v -93.503929 0.533618 87.861267
v -93.622589 0.533618 87.956985
v -93.755051 0.533618 88.034744
v -93.900818 0.533618 88.092636
v -94.059418 0.533618 88.128761
v -94.230377 0.533618 88.141228
v -94.395874 0.533618 88.128830
v -94.550278 0.533618 88.092888
v -94.692963 0.533618 88.035263
v -94.823288 0.533618 87.957809
v -94.940628 0.533618 87.862389
v -95.044365 0.533618 87.750862
v -95.133865 0.533618 87.625099
v -95.208496 0.533618 87.486946
v -95.267639 0.533618 87.338272
v -95.310661 0.533618 87.180931
v -95.336929 0.533618 87.016800
v -95.345833 0.533618 86.847717
v -95.336693 0.533618 86.675537
v -95.309776 0.533618 86.509377
v -95.265816 0.533618 86.350937
v -95.205544 0.533618 86.201927
v -95.129700 0.533618 86.064056
v -95.039001 0.533618 85.939034
v -94.934196 0.533618 85.828560
v -94.816025 0.533618 85.734344
v -94.685204 0.533618 85.658104
v -94.542480 0.533618 85.601524
v -94.388580 0.533618 85.566330
v -94.224243 0.533618 85.554214
v -94.109711 0.533618 87.800217
v -94.001068 0.533618 87.775673
v -93.899078 0.533618 87.735909
v -93.804527 0.533618 87.681862
v -93.718193 0.533618 87.614464
v -93.640854 0.533618 87.534660
v -93.573273 0.533618 87.443390
v -93.516243 0.533618 87.341576
v -93.470535 0.533618 87.230171
v -93.436928 0.533618 87.110100
v -93.416191 0.533618 86.982307
v -93.409103 0.533618 86.847717
v -93.416191 0.533618 86.712357
v -93.436928 0.533618 86.584061
v -93.470535 0.533618 86.463715
v -93.516243 0.533618 86.352219
v -93.573273 0.533618 86.250481
v -93.640854 0.533618 86.159393
v -93.718193 0.533618 86.079849
v -93.804527 0.533618 86.012756
v -93.899078 0.533618 85.959015
v -94.001068 0.533618 85.919510
v -94.109711 0.533618 85.895149
v -94.224243 0.533618 85.886833
v -94.338074 0.533618 85.895149
v -94.446136 0.533618 85.919510
v -94.547638 0.533618 85.959015
v -94.641800 0.533618 86.012756
v -94.727837 0.533618 86.079849
v -94.804955 0.533618 86.159393
v -94.872368 0.533618 86.250481
v -94.929291 0.533618 86.352219
v -94.974937 0.533618 86.463715
v -95.008514 0.533618 86.584061
v -95.029236 0.533618 86.712357
v -95.036324 0.533618 86.847717
v -95.029236 0.533618 86.982307
v -95.008514 0.533618 87.110100
v -94.974937 0.533618 87.230171
v -94.929291 0.533618 87.341576
v -94.872368 0.533618 87.443390
v -94.804955 0.533618 87.534660
v -94.727837 0.533618 87.614464
v -94.641800 0.533618 87.681862
v -94.547638 0.533618 87.735909
v -94.446129 0.533618 87.775673
v -94.338074 0.533618 87.800217
v -94.224243 0.533618 87.808609
v -96.016945 0.533618 88.107964
v -96.016945 0.533618 87.010330
v -97.187553 0.533618 87.010330
v -97.187553 0.533618 88.107964
v -97.487869 0.533618 88.107964
v -97.487869 0.533618 85.587479
v -97.187553 0.533618 85.587479
v -97.187553 0.533618 86.685112
v -96.016945 0.533618 86.685112
v -96.016945 0.533618 85.587479
v -95.716629 0.533618 85.587479
v -95.716629 0.533618 88.107964
v -69.944702 -0.001648 85.912704
v -69.944702 -0.001648 88.107964
v -70.245010 -0.001648 88.107964
v -70.245010 -0.001648 85.912704
v -70.968216 -0.001648 85.912704
v -70.968216 -0.001648 85.587479
v -69.221489 -0.001648 85.587479
v -69.221489 -0.001648 85.912704
v -72.022385 -0.001648 85.912704
v -72.022385 -0.001648 86.674019
v -71.167412 -0.001648 86.674019
v -71.167412 -0.001648 86.999245
v -72.022385 -0.001648 86.999245
v -72.022385 -0.001648 87.782738
v -71.109184 -0.001648 87.782738
v -71.109184 -0.001648 88.107964
v -72.322701 -0.001648 88.107964
v -72.322701 -0.001648 85.587479
v -71.136765 -0.001648 85.587479
v -71.136765 -0.001648 85.912704
v -73.085747 -0.001648 88.107964
v -73.085747 -0.001648 85.587479
v -72.785431 -0.001648 85.587479
v -72.785431 -0.001648 88.107964
v -74.265556 -0.001648 88.130135
v -75.169563 -0.001648 85.587479
v -74.869247 -0.001648 85.587479
v -74.241043 -0.001648 87.357727
v -73.615891 -0.001648 85.587479
v -73.318642 -0.001648 85.587479
v -74.204269 -0.001648 88.130135
v -76.244446 -0.001648 86.106026
v -76.306740 -0.001648 86.066910
v -76.367905 -0.001648 86.031830
v -76.428139 -0.001648 86.000717
v -76.487656 -0.001648 85.973495
v -76.546646 -0.001648 85.950119
v -76.605316 -0.001648 85.930511
v -76.663879 -0.001648 85.914619
v -76.722519 -0.001648 85.902367
v -76.781448 -0.001648 85.893692
v -76.840866 -0.001648 85.888535
v -76.900970 -0.001648 85.886833
v -77.017792 -0.001648 85.895226
v -77.128708 -0.001648 85.919785
v -77.232887 -0.001648 85.959587
v -77.329536 -0.001648 86.013718
v -77.417847 -0.001648 86.081238
v -77.497009 -0.001648 86.161240
v -77.566200 -0.001648 86.252785
v -77.624634 -0.001648 86.354958
v -77.671486 -0.001648 86.466827
v -77.705956 -0.001648 86.587479
v -77.727226 -0.001648 86.715981
v -77.734497 -0.001648 86.851418
v -77.727455 -0.001648 86.989037
v -77.706749 -0.001648 87.118652
v -77.673019 -0.001648 87.239525
v -77.626907 -0.001648 87.350883
v -77.569046 -0.001648 87.451981
v -77.500076 -0.001648 87.542053
v -77.420631 -0.001648 87.620346
v -77.331360 -0.001648 87.686104
v -77.232895 -0.001648 87.738564
v -77.125870 -0.001648 87.776970
v -77.010933 -0.001648 87.800575
v -76.888718 -0.001648 87.808609
v -76.829300 -0.001648 87.806541
v -76.769142 -0.001648 87.800362
v -76.708389 -0.001648 87.790131
v -76.647186 -0.001648 87.775894
v -76.585693 -0.001648 87.757706
v -76.524048 -0.001648 87.735619
v -76.462402 -0.001648 87.709679
v -76.400902 -0.001648 87.679947
v -76.339706 -0.001648 87.646461
v -76.278946 -0.001648 87.609283
v -76.218788 -0.001648 87.568459
v -76.159378 -0.001648 87.524040
v -76.159378 -0.001648 87.919479
v -76.211143 -0.001648 87.951019
v -76.263969 -0.001648 87.980820
v -76.318161 -0.001648 88.008698
v -76.374008 -0.001648 88.034462
v -76.431808 -0.001648 88.057907
v -76.491867 -0.001648 88.078857
v -76.554489 -0.001648 88.097115
v -76.619949 -0.001648 88.112480
v -76.688568 -0.001648 88.124771
v -76.760635 -0.001648 88.133781
v -76.836441 -0.001648 88.139336
v -76.916298 -0.001648 88.141228
v -77.103287 -0.001648 88.126595
v -77.272224 -0.001648 88.084846
v -77.423462 -0.001648 88.019211
v -77.557327 -0.001648 87.932899
v -77.674179 -0.001648 87.829132
v -77.774338 -0.001648 87.711136
v -77.858154 -0.001648 87.582130
v -77.925972 -0.001648 87.445335
v -77.978119 -0.001648 87.303970
v -78.014954 -0.001648 87.161255
v -78.036804 -0.001648 87.020424
v -78.044006 -0.001648 86.884674
v -78.034157 -0.001648 86.697014
v -78.005295 -0.001648 86.519211
v -77.958443 -0.001648 86.352493
v -77.894646 -0.001648 86.198097
v -77.814926 -0.001648 86.057243
v -77.720329 -0.001648 85.931183
v -77.611870 -0.001648 85.821129
v -77.490593 -0.001648 85.728325
v -77.357529 -0.001648 85.653999
v -77.213699 -0.001648 85.599388
v -77.060150 -0.001648 85.565712
v -76.897911 -0.001648 85.554214
v -76.844177 -0.001648 85.555534
v -76.790100 -0.001648 85.559540
v -76.735443 -0.001648 85.566284
v -76.679993 -0.001648 85.575844
v -76.623520 -0.001648 85.588272
v -76.565796 -0.001648 85.603645
v -76.506615 -0.001648 85.622017
v -76.445732 -0.001648 85.643463
v -76.382935 -0.001648 85.668030
v -76.318008 -0.001648 85.695801
v -76.250710 -0.001648 85.726830
v -76.180832 -0.001648 85.761177
v -76.180832 -0.001648 86.149231
v -79.286682 -0.001648 85.566254
v -79.130936 -0.001648 85.601265
v -78.987045 -0.001648 85.657578
v -78.855629 -0.001648 85.733528
v -78.737328 -0.001648 85.827438
v -78.632767 -0.001648 85.937645
v -78.542564 -0.001648 86.062485
v -78.467354 -0.001648 86.200287
v -78.407768 -0.001648 86.349373
v -78.364426 -0.001648 86.508087
v -78.337959 -0.001648 86.674759
v -78.329002 -0.001648 86.847717
v -78.337730 -0.001648 87.016022
v -78.363602 -0.001648 87.179649
v -78.406143 -0.001648 87.336708
v -78.464859 -0.001648 87.485298
v -78.539284 -0.001648 87.623528
v -78.628937 -0.001648 87.749481
v -78.733330 -0.001648 87.861267
v -78.851997 -0.001648 87.956985
v -78.984451 -0.001648 88.034744
v -79.130219 -0.001648 88.092636
v -79.288826 -0.001648 88.128761
v -79.459778 -0.001648 88.141228
v -79.625282 -0.001648 88.128830
v -79.779686 -0.001648 88.092888
v -79.922363 -0.001648 88.035263
v -80.052689 -0.001648 87.957809
v -80.170036 -0.001648 87.862389
v -80.273773 -0.001648 87.750862
v -80.363266 -0.001648 87.625099
v -80.437904 -0.001648 87.486946
v -80.497040 -0.001648 87.338272
v -80.540062 -0.001648 87.180931
v -80.566338 -0.001648 87.016800
v -80.575233 -0.001648 86.847717
v -80.566101 -0.001648 86.675537
v -80.539185 -0.001648 86.509377
v -80.495224 -0.001648 86.350937
v -80.434952 -0.001648 86.201927
v -80.359100 -0.001648 86.064056
v -80.268410 -0.001648 85.939034
v -80.163605 -0.001648 85.828560
v -80.045425 -0.001648 85.734344
v -79.914612 -0.001648 85.658104
v -79.771881 -0.001648 85.601524
v -79.617989 -0.001648 85.566330
v -79.453651 -0.001648 85.554214
v -79.339119 -0.001648 87.800217
v -79.230469 -0.001648 87.775673
v -79.128479 -0.001648 87.735909
v -79.033936 -0.001648 87.681862
v -78.947601 -0.001648 87.614464
v -78.870255 -0.001648 87.534660
v -78.802681 -0.001648 87.443390
v -78.745651 -0.001648 87.341576
v -78.699944 -0.001648 87.230171
v -78.666328 -0.001648 87.110100
v -78.645592 -0.001648 86.982307
v -78.638512 -0.001648 86.847717
v -78.645599 -0.001648 86.712357
v -78.666328 -0.001648 86.584061
v -78.699944 -0.001648 86.463715
v -78.745651 -0.001648 86.352219
v -78.802681 -0.001648 86.250481
v -78.870255 -0.001648 86.159393
v -78.947601 -0.001648 86.079849
v -79.033936 -0.001648 86.012756
v -79.128487 -0.001648 85.959015
v -79.230469 -0.001648 85.919510
v -79.339119 -0.001648 85.895149
v -79.453651 -0.001648 85.886833
v -79.567482 -0.001648 85.895149
v -79.675537 -0.001648 85.919510
v -79.777046 -0.001648 85.959015
v -79.871208 -0.001648 86.012756
v -79.957245 -0.001648 86.079849
v -80.034363 -0.001648 86.159393
v -80.101776 -0.001648 86.250481
v -80.158699 -0.001648 86.352219
v -80.204346 -0.001648 86.463715
v -80.237923 -0.001648 86.584061
v -80.258644 -0.001648 86.712357
v -80.265724 -0.001648 86.847717
v -80.258644 -0.001648 86.982307
v -80.237915 -0.001648 87.110100
v -80.204346 -0.001648 87.230171
v -80.158699 -0.001648 87.341576
v -80.101776 -0.001648 87.443390
v -80.034363 -0.001648 87.534660
v -79.957245 -0.001648 87.614464
v -79.871208 -0.001648 87.681862
v -79.777046 -0.001648 87.735909
v -79.675537 -0.001648 87.775673
v -79.567474 -0.001648 87.800217
v -79.453651 -0.001648 87.808609
v -80.903389 -0.001648 87.267303
v -80.922577 -0.001648 87.407639
v -80.954605 -0.001648 87.537842
v -80.999489 -0.001648 87.657219
v -81.057274 -0.001648 87.765106
v -81.127983 -0.001648 87.860809
v -81.211655 -0.001648 87.943657
v -81.308319 -0.001648 88.012970
v -81.417999 -0.001648 88.068062
v -81.540749 -0.001648 88.108253
v -81.676575 -0.001648 88.132866
v -81.825523 -0.001648 88.141228
v -81.935349 -0.001648 88.134941
v -82.043213 -0.001648 88.115868
v -82.147675 -0.001648 88.083710
v -82.247284 -0.001648 88.038155
v -82.340591 -0.001648 87.978897
v -82.426155 -0.001648 87.905624
v -82.502525 -0.001648 87.818031
v -82.568253 -0.001648 87.715805
v -82.621895 -0.001648 87.598648
v -82.662003 -0.001648 87.466240
v -82.687134 -0.001648 87.318283
v -82.695824 -0.001648 87.154465
v -82.695824 -0.001648 85.587479
v -82.395508 -0.001648 85.587479
v -82.395508 -0.001648 87.076859
v -82.394852 -0.001648 87.144630
v -82.392807 -0.001648 87.206032
v -82.389236 -0.001648 87.261642
v -82.384048 -0.001648 87.312012
v -82.377113 -0.001648 87.357712
v -82.368317 -0.001648 87.399307
v -82.357536 -0.001648 87.437363
v -82.344666 -0.001648 87.472435
v -82.329582 -0.001648 87.505096
v -82.312164 -0.001648 87.535912
v -82.292297 -0.001648 87.565445
v -82.269867 -0.001648 87.594261
v -82.239357 -0.001648 87.628754
v -82.207558 -0.001648 87.660179
v -82.174492 -0.001648 87.688553
v -82.140144 -0.001648 87.713890
v -82.104515 -0.001648 87.736191
v -82.067619 -0.001648 87.755486
v -82.029442 -0.001648 87.771767
v -81.989983 -0.001648 87.785065
v -81.949249 -0.001648 87.795387
v -81.907242 -0.001648 87.802742
v -81.863960 -0.001648 87.807144
v -81.819397 -0.001648 87.808609
v -81.763283 -0.001648 87.806801
v -81.709869 -0.001648 87.801506
v -81.659180 -0.001648 87.792961
v -81.611244 -0.001648 87.781372
v -81.566071 -0.001648 87.766960
v -81.523682 -0.001648 87.749939
v -81.484100 -0.001648 87.730537
v -81.447350 -0.001648 87.708961
v -81.413452 -0.001648 87.685440
v -81.382431 -0.001648 87.660179
v -81.354301 -0.001648 87.633408
v -81.329086 -0.001648 87.605347
v -81.303963 -0.001648 87.571854
v -81.282089 -0.001648 87.536064
v -81.263252 -0.001648 87.497993
v -81.247253 -0.001648 87.457649
v -81.233902 -0.001648 87.415054
v -81.222977 -0.001648 87.370201
v -81.214294 -0.001648 87.323128
v -81.207642 -0.001648 87.273827
v -81.202820 -0.001648 87.222321
v -81.199631 -0.001648 87.168617
v -81.197861 -0.001648 87.112732
v -81.197311 -0.001648 87.054680
v -81.197311 -0.001648 85.587479
v -80.897003 -0.001648 85.587479
v -80.897003 -0.001648 87.117508
v -83.884827 -0.001648 88.111656
v -83.796127 -0.001648 88.156082
v -83.713516 -0.001648 88.195122
v -83.636467 -0.001648 88.228767
v -83.564423 -0.001648 88.257027
v -83.496857 -0.001648 88.279892
v -83.433205 -0.001648 88.297371
v -83.372948 -0.001648 88.309456
v -83.315521 -0.001648 88.316154
v -83.260406 -0.001648 88.317467
v -83.207031 -0.001648 88.313385
v -83.154877 -0.001648 88.303917
v -83.103394 -0.001648 88.289055
v -83.094200 -0.001648 88.300140
v -83.363876 -0.001648 88.621666
v -83.463486 -0.001648 88.608742
v -83.560150 -0.001648 88.588753
v -83.653992 -0.001648 88.562195
v -83.745117 -0.001648 88.529549
v -83.833641 -0.001648 88.491318
v -83.919685 -0.001648 88.447968
v -84.003372 -0.001648 88.400009
v -84.084808 -0.001648 88.347916
v -84.164124 -0.001648 88.292175
v -84.241425 -0.001648 88.233276
v -84.316833 -0.001648 88.171707
v -84.390465 -0.001648 88.107964
v -84.516502 -0.001648 88.070320
v -84.635208 -0.001648 88.017181
v -84.745888 -0.001648 87.949509
v -84.847855 -0.001648 87.868286
v -84.940422 -0.001648 87.774490
v -85.022888 -0.001648 87.669098
v -85.094559 -0.001648 87.553078
v -85.154755 -0.001648 87.427399
v -85.202774 -0.001648 87.293053
v -85.237930 -0.001648 87.151009
v -85.259537 -0.001648 87.002243
v -85.266891 -0.001648 86.847717
v -85.257156 -0.001648 86.662338
v -85.228569 -0.001648 86.487556
v -85.182091 -0.001648 86.324432
v -85.118660 -0.001648 86.174004
v -85.039230 -0.001648 86.037331
v -84.944740 -0.001648 85.915474
v -84.836143 -0.001648 85.809471
v -84.714386 -0.001648 85.720390
v -84.580406 -0.001648 85.649269
v -84.435165 -0.001648 85.597160
v -84.279602 -0.001648 85.565125
v -84.114662 -0.001648 85.554214
v -83.961693 -0.001648 85.565697
v -83.816109 -0.001648 85.599251
v -83.679031 -0.001648 85.653542
v -83.551598 -0.001648 85.727234
v -83.434937 -0.001648 85.818993
v -83.330162 -0.001648 85.927483
v -83.238419 -0.001648 86.051376
v -83.160828 -0.001648 86.189331
v -83.098511 -0.001648 86.340019
v -83.052605 -0.001648 86.502098
v -83.024231 -0.001648 86.674240
v -83.014526 -0.001648 86.855110
v -83.021996 -0.001648 87.005600
v -83.043884 -0.001648 87.151436
v -83.079407 -0.001648 87.291496
v -83.127800 -0.001648 87.424667
v -83.188278 -0.001648 87.549828
v -83.260071 -0.001648 87.665863
v -83.342392 -0.001648 87.771660
v -83.434471 -0.001648 87.866096
v -83.535530 -0.001648 87.948067
v -83.644798 -0.001648 88.016441
v -83.761490 -0.001648 88.070114
v -83.884827 -0.001648 88.107964
v -83.884827 -0.001648 88.104271
v -84.951576 -0.001648 86.977386
v -84.934143 -0.001648 87.099403
v -84.905098 -0.001648 87.216141
v -84.864426 -0.001648 87.326248
v -84.812141 -0.001648 87.428406
v -84.748238 -0.001648 87.521263
v -84.672707 -0.001648 87.603508
v -84.585564 -0.001648 87.673782
v -84.486801 -0.001648 87.730766
v -84.376419 -0.001648 87.773125
v -84.254410 -0.001648 87.799515
v -84.120789 -0.001648 87.808609
v -84.007263 -0.001648 87.799728
v -83.900032 -0.001648 87.773926
v -83.799789 -0.001648 87.732445
v -83.707199 -0.001648 87.676521
v -83.622955 -0.001648 87.607407
v -83.547737 -0.001648 87.526352
v -83.482224 -0.001648 87.434586
v -83.427094 -0.001648 87.333366
v -83.383026 -0.001648 87.223930
v -83.350708 -0.001648 87.107536
v -83.330818 -0.001648 86.985413
v -83.324036 -0.001648 86.858810
v -83.331001 -0.001648 86.724007
v -83.351379 -0.001648 86.595604
v -83.384415 -0.001648 86.474625
v -83.429359 -0.001648 86.362076
v -83.485458 -0.001648 86.258972
v -83.551956 -0.001648 86.166321
v -83.628090 -0.001648 86.085144
v -83.713104 -0.001648 86.016457
v -83.806259 -0.001648 85.961266
v -83.906776 -0.001648 85.920586
v -84.013916 -0.001648 85.895439
v -84.126923 -0.001648 85.886833
v -84.274582 -0.001648 85.898544
v -84.405502 -0.001648 85.931847
v -84.520416 -0.001648 85.984016
v -84.620071 -0.001648 86.052315
v -84.705208 -0.001648 86.134018
v -84.776581 -0.001648 86.226379
v -84.834930 -0.001648 86.326668
v -84.880997 -0.001648 86.432159
v -84.915535 -0.001648 86.540108
v -84.939278 -0.001648 86.647789
v -84.952980 -0.001648 86.752472
v -84.957382 -0.001648 86.851418
v -86.530716 -0.001648 87.969391
v -86.597649 -0.001648 88.000923
v -86.663223 -0.001648 88.028969
v -86.727829 -0.001648 88.053619
v -86.791893 -0.001648 88.074989
v -86.855804 -0.001648 88.093178
v -86.919968 -0.001648 88.108292
v -86.984795 -0.001648 88.120422
v -87.050682 -0.001648 88.129677
v -87.118042 -0.001648 88.136162
v -87.187271 -0.001648 88.139977
v -87.258774 -0.001648 88.141228
v -87.415207 -0.001648 88.130180
v -87.563560 -0.001648 88.097832
v -87.702782 -0.001648 88.045364
v -87.831825 -0.001648 87.973961
v -87.949631 -0.001648 87.884789
v -88.055145 -0.001648 87.779045
v -88.147324 -0.001648 87.657898
v -88.225098 -0.001648 87.522530
v -88.287422 -0.001648 87.374130
v -88.333244 -0.001648 87.213875
v -88.361511 -0.001648 87.042938
v -88.371170 -0.001648 86.862503
v -88.361275 -0.001648 86.680710
v -88.332352 -0.001648 86.507660
v -88.285553 -0.001648 86.344696
v -88.222031 -0.001648 86.193169
v -88.142929 -0.001648 86.054413
v -88.049400 -0.001648 85.929794
v -87.942596 -0.001648 85.820648
v -87.823654 -0.001648 85.728325
v -87.693733 -0.001648 85.654175
v -87.553986 -0.001648 85.599541
v -87.405548 -0.001648 85.565773
v -87.249580 -0.001648 85.554214
v -87.189690 -0.001648 85.555260
v -87.132072 -0.001648 85.558548
v -87.075912 -0.001648 85.564323
v -87.020432 -0.001648 85.572830
v -86.964821 -0.001648 85.584320
v -86.908279 -0.001648 85.599030
v -86.850021 -0.001648 85.617203
v -86.789238 -0.001648 85.639084
v -86.725136 -0.001648 85.664917
v -86.656914 -0.001648 85.694946
v -86.583771 -0.001648 85.729416
v -86.504921 -0.001648 85.768570
v -86.504921 -0.001648 86.134445
v -86.566399 -0.001648 86.095413
v -86.628212 -0.001648 86.059639
v -86.690323 -0.001648 86.027153
v -86.752686 -0.001648 85.997978
v -86.815269 -0.001648 85.972137
v -86.878021 -0.001648 85.949661
v -86.940895 -0.001648 85.930565
v -87.003860 -0.001648 85.914894
v -87.066864 -0.001648 85.902657
v -87.129868 -0.001648 85.893883
v -87.192833 -0.001648 85.888596
v -87.255714 -0.001648 85.886833
v -87.366844 -0.001648 85.895363
v -87.472885 -0.001648 85.920296
v -87.572975 -0.001648 85.960632
v -87.666229 -0.001648 86.015358
v -87.751785 -0.001648 86.083488
v -87.828758 -0.001648 86.164009
v -87.896286 -0.001648 86.255928
v -87.953491 -0.001648 86.358238
v -87.999512 -0.001648 86.469948
v -88.033455 -0.001648 86.590050
v -88.054459 -0.001648 86.717537
v -88.061661 -0.001648 86.851418
v -88.054497 -0.001648 86.988258
v -88.033485 -0.001648 87.117371
v -87.999313 -0.001648 87.237968
v -87.952698 -0.001648 87.349243
v -87.894341 -0.001648 87.450409
v -87.824928 -0.001648 87.540672
v -87.745178 -0.001648 87.619225
v -87.655792 -0.001648 87.685280
v -87.557465 -0.001648 87.738045
v -87.450897 -0.001648 87.776718
v -87.336800 -0.001648 87.800507
v -87.215874 -0.001648 87.808609
v -87.175583 -0.001648 87.807709
v -87.135887 -0.001648 87.805069
v -87.096741 -0.001648 87.800812
v -87.058113 -0.001648 87.795059
v -87.019951 -0.001648 87.787918
v -86.982208 -0.001648 87.779503
v -86.944855 -0.001648 87.769936
v -86.907837 -0.001648 87.759331
v -86.871124 -0.001648 87.747803
v -86.834663 -0.001648 87.735466
v -86.798416 -0.001648 87.722435
v -86.762337 -0.001648 87.708824
v -86.762337 -0.001648 87.191422
v -87.163780 -0.001648 87.191422
v -87.163780 -0.001648 86.866196
v -86.462021 -0.001648 86.866196
v -86.462021 -0.001648 87.934265
v -89.011635 -0.001648 88.107964
v -90.409019 -0.001648 86.167709
v -90.409019 -0.001648 88.107964
v -90.690948 -0.001648 88.107964
v -90.690948 -0.001648 85.587479
v -90.451920 -0.001648 85.587479
v -89.036148 -0.001648 87.538818
v -89.036148 -0.001648 85.587479
v -88.754219 -0.001648 85.587479
v -88.754219 -0.001648 88.107964
v -91.224159 -0.001648 88.107964
v -91.503021 -0.001648 87.365120
v -92.391708 -0.001648 87.365120
v -92.655251 -0.001648 88.107964
v -92.961693 -0.001648 88.107964
v -92.063812 -0.001648 85.572693
v -91.852371 -0.001648 85.572693
v -90.917717 -0.001648 88.107964
v -91.625603 -0.001648 87.039902
v -91.962692 -0.001648 86.127052
v -92.275261 -0.001648 87.039902
v -94.057274 -0.001648 85.566254
v -93.901527 -0.001648 85.601265
v -93.757637 -0.001648 85.657578
v -93.626228 -0.001648 85.733528
v -93.507919 -0.001648 85.827438
v -93.403358 -0.001648 85.937645
v -93.313156 -0.001648 86.062485
v -93.237946 -0.001648 86.200287
v -93.178360 -0.001648 86.349373
v -93.135025 -0.001648 86.508087
v -93.108559 -0.001648 86.674759
v -93.099594 -0.001648 86.847717
v -93.108322 -0.001648 87.016022
v -93.134201 -0.001648 87.179649
v -93.176735 -0.001648 87.336708
v -93.235451 -0.001648 87.485298
v -93.309875 -0.001648 87.623528
v -93.399529 -0.001648 87.749481
v -93.503929 -0.001648 87.861267
v -93.622589 -0.001648 87.956985
v -93.755051 -0.001648 88.034744
v -93.900818 -0.001648 88.092636
v -94.059418 -0.001648 88.128761
v -94.230377 -0.001648 88.141228
v -94.395874 -0.001648 88.128830
v -94.550278 -0.001648 88.092888
v -94.692963 -0.001648 88.035263
v -94.823288 -0.001648 87.957809
v -94.940628 -0.001648 87.862389
v -95.044365 -0.001648 87.750862
v -95.133865 -0.001648 87.625099
v -95.208496 -0.001648 87.486946
v -95.267639 -0.001648 87.338272
v -95.310661 -0.001648 87.180931
v -95.336929 -0.001648 87.016800
v -95.345833 -0.001648 86.847717
v -95.336693 -0.001648 86.675537
v -95.309776 -0.001648 86.509377
v -95.265816 -0.001648 86.350937
v -95.205544 -0.001648 86.201927
v -95.129700 -0.001648 86.064056
v -95.039001 -0.001648 85.939034
v -94.934196 -0.001648 85.828560
v -94.816025 -0.001648 85.734344
v -94.685204 -0.001648 85.658104
v -94.542480 -0.001648 85.601524
v -94.388580 -0.001648 85.566330
v -94.224243 -0.001648 85.554214
v -94.109711 -0.001648 87.800217
v -94.001068 -0.001648 87.775673
v -93.899078 -0.001648 87.735909
v -93.804527 -0.001648 87.681862
v -93.718193 -0.001648 87.614464
v -93.640854 -0.001648 87.534660
v -93.573273 -0.001648 87.443390
v -93.516243 -0.001648 87.341576
v -93.470535 -0.001648 87.230171
v -93.436928 -0.001648 87.110100
v -93.416191 -0.001648 86.982307
v -93.409103 -0.001648 86.847717
v -93.416191 -0.001648 86.712357
v -93.436928 -0.001648 86.584061
v -93.470535 -0.001648 86.463715
v -93.516243 -0.001648 86.352219
v -93.573273 -0.001648 86.250481
v -93.640854 -0.001648 86.159393
v -93.718193 -0.001648 86.079849
v -93.804527 -0.001648 86.012756
v -93.899078 -0.001648 85.959015
v -94.001068 -0.001648 85.919510
v -94.109711 -0.001648 85.895149
v -94.224243 -0.001648 85.886833
v -94.338074 -0.001648 85.895149
v -94.446136 -0.001648 85.919510
v -94.547638 -0.001648 85.959015
v -94.641800 -0.001648 86.012756
v -94.727837 -0.001648 86.079849
v -94.804955 -0.001648 86.159393
v -94.872368 -0.001648 86.250481
v -94.929291 -0.001648 86.352219
v -94.974937 -0.001648 86.463715
v -95.008514 -0.001648 86.584061
v -95.029236 -0.001648 86.712357
v -95.036324 -0.001648 86.847717
v -95.029236 -0.001648 86.982307
v -95.008514 -0.001648 87.110100
v -94.974937 -0.001648 87.230171
v -94.929291 -0.001648 87.341576
v -94.872368 -0.001648 87.443390
v -94.804955 -0.001648 87.534660
v -94.727837 -0.001648 87.614464
v -94.641800 -0.001648 87.681862
v -94.547638 -0.001648 87.735909
v -94.446129 -0.001648 87.775673
v -94.338074 -0.001648 87.800217
v -94.224243 -0.001648 87.808609
v -96.016945 -0.001648 88.107964
v -96.016945 -0.001648 87.010330
v -97.187553 -0.001648 87.010330
v -97.187553 -0.001648 88.107964
v -97.487869 -0.001648 88.107964
v -97.487869 -0.001648 85.587479
v -97.187553 -0.001648 85.587479
v -97.187553 -0.001648 86.685112
v -96.016945 -0.001648 86.685112
v -96.016945 -0.001648 85.587479
v -95.716629 -0.001648 85.587479
v -95.716629 -0.001648 88.107964
v -96.016945 -0.001648 88.107964
v -96.016945 0.533618 88.107964
v -96.016945 -0.001648 87.010330
v -96.016945 0.533618 87.010330
v -97.187553 -0.001648 87.010330
v -97.187553 0.533618 87.010330
v -97.187553 -0.001648 88.107964
v -97.187553 0.533618 88.107964
v -97.487869 -0.001648 88.107964
v -97.487869 0.533618 88.107964
v -97.487869 -0.001648 85.587479
v -97.487869 0.533618 85.587479
v -97.187553 -0.001648 85.587479
v -97.187553 0.533618 85.587479
v -97.187553 -0.001648 86.685112
v -97.187553 0.533618 86.685112
v -96.016945 -0.001648 86.685112
v -96.016945 0.533618 86.685112
v -96.016945 -0.001648 85.587479
v -96.016945 0.533618 85.587479
v -95.716629 -0.001648 85.587479
v -95.716629 0.533618 85.587479
v -95.716629 -0.001648 88.107964
v -95.716629 0.533618 88.107964
v -94.057274 -0.001648 85.566254
v -94.057274 0.533618 85.566254
v -93.901527 -0.001648 85.601265
v -93.901527 0.533618 85.601265
v -93.757637 -0.001648 85.657578
v -93.757637 0.533618 85.657578
v -93.626228 -0.001648 85.733528
v -93.626228 0.533618 85.733528
v -93.507919 -0.001648 85.827438
v -93.507919 0.533618 85.827438
v -93.403358 -0.001648 85.937645
v -93.403358 0.533618 85.937645
v -93.313156 -0.001648 86.062485
v -93.313156 0.533618 86.062485
v -93.237946 -0.001648 86.200287
v -93.237946 0.533618 86.200287
v -93.178360 -0.001648 86.349373
v -93.178360 0.533618 86.349373
v -93.135025 -0.001648 86.508087
v -93.135025 0.533618 86.508087
v -93.108559 -0.001648 86.674759
v -93.108559 0.533618 86.674759
v -93.099594 -0.001648 86.847717
v -93.099594 0.533618 86.847717
v -93.108322 -0.001648 87.016022
v -93.108322 0.533618 87.016022
v -93.134201 -0.001648 87.179649
v -93.134201 0.533618 87.179649
v -93.176735 -0.001648 87.336708
v -93.176735 0.533618 87.336708
v -93.235451 -0.001648 87.485298
v -93.235451 0.533618 87.485298
v -93.309875 -0.001648 87.623528
v -93.309875 0.533618 87.623528
v -93.399529 -0.001648 87.749481
v -93.399529 0.533618 87.749481
v -93.503929 -0.001648 87.861267
v -93.503929 0.533618 87.861267
v -93.622589 -0.001648 87.956985
v -93.622589 0.533618 87.956985
v -93.755051 -0.001648 88.034744
v -93.755051 0.533618 88.034744
v -93.900818 -0.001648 88.092636
v -93.900818 0.533618 88.092636
v -94.059418 -0.001648 88.128761
v -94.059418 0.533618 88.128761
v -94.230377 -0.001648 88.141228
v -94.230377 0.533618 88.141228
v -94.395874 -0.001648 88.128830
v -94.395874 0.533618 88.128830
v -94.550278 -0.001648 88.092888
v -94.550278 0.533618 88.092888
v -94.692963 -0.001648 88.035263
v -94.692963 0.533618 88.035263
v -94.823288 -0.001648 87.957809
v -94.823288 0.533618 87.957809
v -94.940628 -0.001648 87.862389
v -94.940628 0.533618 87.862389
v -95.044365 -0.001648 87.750862
v -95.044365 0.533618 87.750862
v -95.133865 -0.001648 87.625099
v -95.133865 0.533618 87.625099
v -95.208496 -0.001648 87.486946
v -95.208496 0.533618 87.486946
v -95.267639 -0.001648 87.338272
v -95.267639 0.533618 87.338272
v -95.310661 -0.001648 87.180931
v -95.310661 0.533618 87.180931
v -95.336929 -0.001648 87.016800
v -95.336929 0.533618 87.016800
v -95.345833 -0.001648 86.847717
v -95.345833 0.533618 86.847717
v -95.336693 -0.001648 86.675537
v -95.336693 0.533618 86.675537
v -95.309776 -0.001648 86.509377
v -95.309776 0.533618 86.509377
v -95.265816 -0.001648 86.350937
v -95.265816 0.533618 86.350937
v -95.205544 -0.001648 86.201927
v -95.205544 0.533618 86.201927
v -95.129700 -0.001648 86.064056
v -95.129700 0.533618 86.064056
v -95.039001 -0.001648 85.939034
v -95.039001 0.533618 85.939034
v -94.934196 -0.001648 85.828560
v -94.934196 0.533618 85.828560
v -94.816025 -0.001648 85.734344
v -94.816025 0.533618 85.734344
v -94.685204 -0.001648 85.658104
v -94.685204 0.533618 85.658104
v -94.542480 -0.001648 85.601524
v -94.542480 0.533618 85.601524
v -94.388580 -0.001648 85.566330
v -94.388580 0.533618 85.566330
v -94.224243 -0.001648 85.554214
v -94.224243 0.533618 85.554214
v -94.109711 -0.001648 87.800217
v -94.109711 0.533618 87.800217
v -94.001068 -0.001648 87.775673
v -94.001068 0.533618 87.775673
v -93.899078 -0.001648 87.735909
v -93.899078 0.533618 87.735909
v -93.804527 -0.001648 87.681862
v -93.804527 0.533618 87.681862
v -93.718193 -0.001648 87.614464
v -93.718193 0.533618 87.614464
v -93.640854 -0.001648 87.534660
v -93.640854 0.533618 87.534660
v -93.573273 -0.001648 87.443390
v -93.573273 0.533618 87.443390
v -93.516243 -0.001648 87.341576
v -93.516243 0.533618 87.341576
v -93.470535 -0.001648 87.230171
v -93.470535 0.533618 87.230171
v -93.436928 -0.001648 87.110100
v -93.436928 0.533618 87.110100
v -93.416191 -0.001648 86.982307
v -93.416191 0.533618 86.982307
v -93.409103 -0.001648 86.847717
v -93.409103 0.533618 86.847717
v -93.416191 -0.001648 86.712357
v -93.416191 0.533618 86.712357
v -93.436928 -0.001648 86.584061
v -93.436928 0.533618 86.584061
v -93.470535 -0.001648 86.463715
v -93.470535 0.533618 86.463715
v -93.516243 -0.001648 86.352219
v -93.516243 0.533618 86.352219
v -93.573273 -0.001648 86.250481
v -93.573273 0.533618 86.250481
v -93.640854 -0.001648 86.159393
v -93.640854 0.533618 86.159393
v -93.718193 -0.001648 86.079849
v -93.718193 0.533618 86.079849
v -93.804527 -0.001648 86.012756
v -93.804527 0.533618 86.012756
v -93.899078 -0.001648 85.959015
v -93.899078 0.533618 85.959015
v -94.001068 -0.001648 85.919510
v -94.001068 0.533618 85.919510
v -94.109711 -0.001648 85.895149
v -94.109711 0.533618 85.895149
v -94.224243 -0.001648 85.886833
v -94.224243 0.533618 85.886833
v -94.338074 -0.001648 85.895149
v -94.338074 0.533618 85.895149
v -94.446136 -0.001648 85.919510
v -94.446136 0.533618 85.919510
v -94.547638 -0.001648 85.959015
v -94.547638 0.533618 85.959015
v -94.641800 -0.001648 86.012756
v -94.641800 0.533618 86.012756
v -94.727837 -0.001648 86.079849
v -94.727837 0.533618 86.079849
v -94.804955 -0.001648 86.159393
v -94.804955 0.533618 86.159393
v -94.872368 -0.001648 86.250481
v -94.872368 0.533618 86.250481
v -94.929291 -0.001648 86.352219
v -94.929291 0.533618 86.352219
v -94.974937 -0.001648 86.463715
v -94.974937 0.533618 86.463715
v -95.008514 -0.001648 86.584061
v -95.008514 0.533618 86.584061
v -95.029236 -0.001648 86.712357
v -95.029236 0.533618 86.712357
v -95.036324 -0.001648 86.847717
v -95.036324 0.533618 86.847717
v -95.029236 -0.001648 86.982307
v -95.029236 0.533618 86.982307
v -95.008514 -0.001648 87.110100
v -95.008514 0.533618 87.110100
v -94.974937 -0.001648 87.230171
v -94.974937 0.533618 87.230171
v -94.929291 -0.001648 87.341576
v -94.929291 0.533618 87.341576
v -94.872368 -0.001648 87.443390
v -94.872368 0.533618 87.443390
v -94.804955 -0.001648 87.534660
v -94.804955 0.533618 87.534660
v -94.727837 -0.001648 87.614464
v -94.727837 0.533618 87.614464
v -94.641800 -0.001648 87.681862
v -94.641800 0.533618 87.681862
v -94.547638 -0.001648 87.735909
v -94.547638 0.533618 87.735909
v -94.446129 -0.001648 87.775673
v -94.446129 0.533618 87.775673
v -94.338074 -0.001648 87.800217
v -94.338074 0.533618 87.800217
v -94.224243 -0.001648 87.808609
v -94.224243 0.533618 87.808609
v -91.224159 -0.001648 88.107964
v -91.224159 0.533618 88.107964
v -91.503021 -0.001648 87.365120
v -91.503021 0.533618 87.365120
v -92.391708 -0.001648 87.365120
v -92.391708 0.533618 87.365120
v -92.655251 -0.001648 88.107964
v -92.655251 0.533618 88.107964
v -92.961693 -0.001648 88.107964
v -92.961693 0.533618 88.107964
v -92.063812 -0.001648 85.572693
v -92.063812 0.533618 85.572693
v -91.852371 -0.001648 85.572693
v -91.852371 0.533618 85.572693
v -90.917717 -0.001648 88.107964
v -90.917717 0.533618 88.107964
v -91.625603 -0.001648 87.039902
v -91.625603 0.533618 87.039902
v -91.962692 -0.001648 86.127052
v -91.962692 0.533618 86.127052
v -92.275261 -0.001648 87.039902
v -92.275261 0.533618 87.039902
v -89.011635 -0.001648 88.107964
v -89.011635 0.533618 88.107964
v -90.409019 -0.001648 86.167709
v -90.409019 0.533618 86.167709
v -90.409019 -0.001648 88.107964
v -90.409019 0.533618 88.107964
v -90.690948 -0.001648 88.107964
v -90.690948 0.533618 88.107964
v -90.690948 -0.001648 85.587479
v -90.690948 0.533618 85.587479
v -90.451920 -0.001648 85.587479
v -90.451920 0.533618 85.587479
v -89.036148 -0.001648 87.538818
v -89.036148 0.533618 87.538818
v -89.036148 -0.001648 85.587479
v -89.036148 0.533618 85.587479
v -88.754219 -0.001648 85.587479
v -88.754219 0.533618 85.587479
v -88.754219 -0.001648 88.107964
v -88.754219 0.533618 88.107964
v -86.530716 -0.001648 87.969391
v -86.530716 0.533618 87.969391
v -86.597649 -0.001648 88.000923
v -86.597649 0.533618 88.000923
v -86.663223 -0.001648 88.028969
v -86.663223 0.533618 88.028969
v -86.727829 -0.001648 88.053619
v -86.727829 0.533618 88.053619
v -86.791893 -0.001648 88.074989
v -86.791893 0.533618 88.074989
v -86.855804 -0.001648 88.093178
v -86.855804 0.533618 88.093178
v -86.919968 -0.001648 88.108292
v -86.919968 0.533618 88.108292
v -86.984795 -0.001648 88.120422
v -86.984795 0.533618 88.120422
v -87.050682 -0.001648 88.129677
v -87.050682 0.533618 88.129677
v -87.118042 -0.001648 88.136162
v -87.118042 0.533618 88.136162
v -87.187271 -0.001648 88.139977
v -87.187271 0.533618 88.139977
v -87.258774 -0.001648 88.141228
v -87.258774 0.533618 88.141228
v -87.415207 -0.001648 88.130180
v -87.415207 0.533618 88.130180
v -87.563560 -0.001648 88.097832
v -87.563560 0.533618 88.097832
v -87.702782 -0.001648 88.045364
v -87.702782 0.533618 88.045364
v -87.831825 -0.001648 87.973961
v -87.831825 0.533618 87.973961
v -87.949631 -0.001648 87.884789
v -87.949631 0.533618 87.884789
v -88.055145 -0.001648 87.779045
v -88.055145 0.533618 87.779045
v -88.147324 -0.001648 87.657898
v -88.147324 0.533618 87.657898
v -88.225098 -0.001648 87.522530
v -88.225098 0.533618 87.522530
v -88.287422 -0.001648 87.374130
v -88.287422 0.533618 87.374130
v -88.333244 -0.001648 87.213875
v -88.333244 0.533618 87.213875
v -88.361511 -0.001648 87.042938
v -88.361511 0.533618 87.042938
v -88.371170 -0.001648 86.862503
v -88.371170 0.533618 86.862503
v -88.361275 -0.001648 86.680710
v -88.361275 0.533618 86.680710
v -88.332352 -0.001648 86.507660
v -88.332352 0.533618 86.507660
v -88.285553 -0.001648 86.344696
v -88.285553 0.533618 86.344696
v -88.222031 -0.001648 86.193169
v -88.222031 0.533618 86.193169
v -88.142929 -0.001648 86.054413
v -88.142929 0.533618 86.054413
v -88.049400 -0.001648 85.929794
v -88.049400 0.533618 85.929794
v -87.942596 -0.001648 85.820648
v -87.942596 0.533618 85.820648
v -87.823654 -0.001648 85.728325
v -87.823654 0.533618 85.728325
v -87.693733 -0.001648 85.654175
v -87.693733 0.533618 85.654175
v -87.553986 -0.001648 85.599541
v -87.553986 0.533618 85.599541
v -87.405548 -0.001648 85.565773
v -87.405548 0.533618 85.565773
v -87.249580 -0.001648 85.554214
v -87.249580 0.533618 85.554214
v -87.189690 -0.001648 85.555260
v -87.189690 0.533618 85.555260
v -87.132072 -0.001648 85.558548
v -87.132072 0.533618 85.558548
v -87.075912 -0.001648 85.564323
v -87.075912 0.533618 85.564323
v -87.020432 -0.001648 85.572830
v -87.020432 0.533618 85.572830
v -86.964821 -0.001648 85.584320
v -86.964821 0.533618 85.584320
v -86.908279 -0.001648 85.599030
v -86.908279 0.533618 85.599030
v -86.850021 -0.001648 85.617203
v -86.850021 0.533618 85.617203
v -86.789238 -0.001648 85.639084
v -86.789238 0.533618 85.639084
v -86.725136 -0.001648 85.664917
v -86.725136 0.533618 85.664917
v -86.656914 -0.001648 85.694946
v -86.656914 0.533618 85.694946
v -86.583771 -0.001648 85.729416
v -86.583771 0.533618 85.729416
v -86.504921 -0.001648 85.768570
v -86.504921 0.533618 85.768570
v -86.504921 -0.001648 86.134445
v -86.504921 0.533618 86.134445
v -86.566399 -0.001648 86.095413
v -86.566399 0.533618 86.095413
v -86.628212 -0.001648 86.059639
v -86.628212 0.533618 86.059639
v -86.690323 -0.001648 86.027153
v -86.690323 0.533618 86.027153
v -86.752686 -0.001648 85.997978
v -86.752686 0.533618 85.997978
v -86.815269 -0.001648 85.972137
v -86.815269 0.533618 85.972137
v -86.878021 -0.001648 85.949661
v -86.878021 0.533618 85.949661
v -86.940895 -0.001648 85.930565
v -86.940895 0.533618 85.930565
v -87.003860 -0.001648 85.914894
v -87.003860 0.533618 85.914894
v -87.066864 -0.001648 85.902657
v -87.066864 0.533618 85.902657
v -87.129868 -0.001648 85.893883
v -87.129868 0.533618 85.893883
v -87.192833 -0.001648 85.888596
v -87.192833 0.533618 85.888596
v -87.255714 -0.001648 85.886833
v -87.255714 0.533618 85.886833
v -87.366844 -0.001648 85.895363
v -87.366844 0.533618 85.895363
v -87.472885 -0.001648 85.920296
v -87.472885 0.533618 85.920296
v -87.572975 -0.001648 85.960632
v -87.572975 0.533618 85.960632
v -87.666229 -0.001648 86.015358
v -87.666229 0.533618 86.015358
v -87.751785 -0.001648 86.083488
v -87.751785 0.533618 86.083488
v -87.828758 -0.001648 86.164009
v -87.828758 0.533618 86.164009
v -87.896286 -0.001648 86.255928
v -87.896286 0.533618 86.255928
v -87.953491 -0.001648 86.358238
v -87.953491 0.533618 86.358238
v -87.999512 -0.001648 86.469948
v -87.999512 0.533618 86.469948
v -88.033455 -0.001648 86.590050
v -88.033455 0.533618 86.590050
v -88.054459 -0.001648 86.717537
v -88.054459 0.533618 86.717537
v -88.061661 -0.001648 86.851418
v -88.061661 0.533618 86.851418
v -88.054497 -0.001648 86.988258
v -88.054497 0.533618 86.988258
v -88.033485 -0.001648 87.117371
v -88.033485 0.533618 87.117371
v -87.999313 -0.001648 87.237968
v -87.999313 0.533618 87.237968
v -87.952698 -0.001648 87.349243
v -87.952698 0.533618 87.349243
v -87.894341 -0.001648 87.450409
v -87.894341 0.533618 87.450409
v -87.824928 -0.001648 87.540672
v -87.824928 0.533618 87.540672
v -87.745178 -0.001648 87.619225
v -87.745178 0.533618 87.619225
v -87.655792 -0.001648 87.685280
v -87.655792 0.533618 87.685280
v -87.557465 -0.001648 87.738045
v -87.557465 0.533618 87.738045
v -87.450897 -0.001648 87.776718
v -87.450897 0.533618 87.776718
v -87.336800 -0.001648 87.800507
v -87.336800 0.533618 87.800507
v -87.215874 -0.001648 87.808609
v -87.215874 0.533618 87.808609
v -87.175583 -0.001648 87.807709
v -87.175583 0.533618 87.807709
v -87.135887 -0.001648 87.805069
v -87.135887 0.533618 87.805069
v -87.096741 -0.001648 87.800812
v -87.096741 0.533618 87.800812
v -87.058113 -0.001648 87.795059
v -87.058113 0.533618 87.795059
v -87.019951 -0.001648 87.787918
v -87.019951 0.533618 87.787918
v -86.982208 -0.001648 87.779503
v -86.982208 0.533618 87.779503
v -86.944855 -0.001648 87.769936
v -86.944855 0.533618 87.769936
v -86.907837 -0.001648 87.759331
v -86.907837 0.533618 87.759331
v -86.871124 -0.001648 87.747803
v -86.871124 0.533618 87.747803
v -86.834663 -0.001648 87.735466
v -86.834663 0.533618 87.735466
v -86.798416 -0.001648 87.722435
v -86.798416 0.533618 87.722435
v -86.762337 -0.001648 87.708824
v -86.762337 0.533618 87.708824
v -86.762337 -0.001648 87.191422
v -86.762337 0.533618 87.191422
v -87.163780 -0.001648 87.191422
v -87.163780 0.533618 87.191422
v -87.163780 -0.001648 86.866196
v -87.163780 0.533618 86.866196
v -86.462021 -0.001648 86.866196
v -86.462021 0.533618 86.866196
v -86.462021 -0.001648 87.934265
v -86.462021 0.533618 87.934265
v -83.884827 -0.001648 88.111656
v -83.884827 0.533618 88.111656
v -83.796127 -0.001648 88.156082
v -83.796127 0.533618 88.156082
v -83.713516 -0.001648 88.195122
v -83.713516 0.533618 88.195122
v -83.636467 -0.001648 88.228767
v -83.636467 0.533618 88.228767
v -83.564423 -0.001648 88.257027
v -83.564423 0.533618 88.257027
v -83.496857 -0.001648 88.279892
v -83.496857 0.533618 88.279892
v -83.433205 -0.001648 88.297371
v -83.433205 0.533618 88.297371
v -83.372948 -0.001648 88.309456
v -83.372948 0.533618 88.309456
v -83.315521 -0.001648 88.316154
v -83.315521 0.533618 88.316154
v -83.260406 -0.001648 88.317467
v -83.260406 0.533618 88.317467
v -83.207031 -0.001648 88.313385
v -83.207031 0.533618 88.313385
v -83.154877 -0.001648 88.303917
v -83.154877 0.533618 88.303917
v -83.103394 -0.001648 88.289055
v -83.103394 0.533618 88.289055
v -83.094200 -0.001648 88.300140
v -83.094200 0.533618 88.300140
v -83.363876 -0.001648 88.621666
v -83.363876 0.533618 88.621666
v -83.463486 -0.001648 88.608742
v -83.463486 0.533618 88.608742
v -83.560150 -0.001648 88.588753
v -83.560150 0.533618 88.588753
v -83.653992 -0.001648 88.562195
v -83.653992 0.533618 88.562195
v -83.745117 -0.001648 88.529549
v -83.745117 0.533618 88.529549
v -83.833641 -0.001648 88.491318
v -83.833641 0.533618 88.491318
v -83.919685 -0.001648 88.447968
v -83.919685 0.533618 88.447968
v -84.003372 -0.001648 88.400009
v -84.003372 0.533618 88.400009
v -84.084808 -0.001648 88.347916
v -84.084808 0.533618 88.347916
v -84.164124 -0.001648 88.292175
v -84.164124 0.533618 88.292175
v -84.241425 -0.001648 88.233276
v -84.241425 0.533618 88.233276
v -84.316833 -0.001648 88.171707
v -84.316833 0.533618 88.171707
v -84.390465 -0.001648 88.107964
v -84.390465 0.533618 88.107964
v -84.516502 -0.001648 88.070320
v -84.516502 0.533618 88.070320
v -84.635208 -0.001648 88.017181
v -84.635208 0.533618 88.017181
v -84.745888 -0.001648 87.949509
v -84.745888 0.533618 87.949509
v -84.847855 -0.001648 87.868286
v -84.847855 0.533618 87.868286
v -84.940422 -0.001648 87.774490
v -84.940422 0.533618 87.774490
v -85.022888 -0.001648 87.669098
v -85.022888 0.533618 87.669098
v -85.094559 -0.001648 87.553078
v -85.094559 0.533618 87.553078
v -85.154755 -0.001648 87.427399
v -85.154755 0.533618 87.427399
v -85.202774 -0.001648 87.293053
v -85.202774 0.533618 87.293053
v -85.237930 -0.001648 87.151009
v -85.237930 0.533618 87.151009
v -85.259537 -0.001648 87.002243
v -85.259537 0.533618 87.002243
v -85.266891 -0.001648 86.847717
v -85.266891 0.533618 86.847717
v -85.257156 -0.001648 86.662338
v -85.257156 0.533618 86.662338
v -85.228569 -0.001648 86.487556
v -85.228569 0.533618 86.487556
v -85.182091 -0.001648 86.324432
v -85.182091 0.533618 86.324432
v -85.118660 -0.001648 86.174004
v -85.118660 0.533618 86.174004
v -85.039230 -0.001648 86.037331
v -85.039230 0.533618 86.037331
v -84.944740 -0.001648 85.915474
v -84.944740 0.533618 85.915474
v -84.836143 -0.001648 85.809471
v -84.836143 0.533618 85.809471
v -84.714386 -0.001648 85.720390
v -84.714386 0.533618 85.720390
v -84.580406 -0.001648 85.649269
v -84.580406 0.533618 85.649269
v -84.435165 -0.001648 85.597160
v -84.435165 0.533618 85.597160
v -84.279602 -0.001648 85.565125
v -84.279602 0.533618 85.565125
v -84.114662 -0.001648 85.554214
v -84.114662 0.533618 85.554214
v -83.961693 -0.001648 85.565697
v -83.961693 0.533618 85.565697
v -83.816109 -0.001648 85.599251
v -83.816109 0.533618 85.599251
v -83.679031 -0.001648 85.653542
v -83.679031 0.533618 85.653542
v -83.551598 -0.001648 85.727234
v -83.551598 0.533618 85.727234
v -83.434937 -0.001648 85.818993
v -83.434937 0.533618 85.818993
v -83.330162 -0.001648 85.927483
v -83.330162 0.533618 85.927483
v -83.238419 -0.001648 86.051376
v -83.238419 0.533618 86.051376
v -83.160828 -0.001648 86.189331
v -83.160828 0.533618 86.189331
v -83.098511 -0.001648 86.340019
v -83.098511 0.533618 86.340019
v -83.052605 -0.001648 86.502098
v -83.052605 0.533618 86.502098
v -83.024231 -0.001648 86.674240
v -83.024231 0.533618 86.674240
v -83.014526 -0.001648 86.855110
v -83.014526 0.533618 86.855110
v -83.021996 -0.001648 87.005600
v -83.021996 0.533618 87.005600
v -83.043884 -0.001648 87.151436
v -83.043884 0.533618 87.151436
v -83.079407 -0.001648 87.291496
v -83.079407 0.533618 87.291496
v -83.127800 -0.001648 87.424667
v -83.127800 0.533618 87.424667
v -83.188278 -0.001648 87.549828
v -83.188278 0.533618 87.549828
v -83.260071 -0.001648 87.665863
v -83.260071 0.533618 87.665863
v -83.342392 -0.001648 87.771660
v -83.342392 0.533618 87.771660
v -83.434471 -0.001648 87.866096
v -83.434471 0.533618 87.866096
v -83.535530 -0.001648 87.948067
v -83.535530 0.533618 87.948067
v -83.644798 -0.001648 88.016441
v -83.644798 0.533618 88.016441
v -83.761490 -0.001648 88.070114
v -83.761490 0.533618 88.070114
v -83.884827 -0.001648 88.107964
v -83.884827 0.533618 88.107964
v -83.884827 -0.001648 88.104271
v -83.884827 0.533618 88.104271
v -84.951576 -0.001648 86.977386
v -84.951576 0.533618 86.977386
v -84.934143 -0.001648 87.099403
v -84.934143 0.533618 87.099403
v -84.905098 -0.001648 87.216141
v -84.905098 0.533618 87.216141
v -84.864426 -0.001648 87.326248
v -84.864426 0.533618 87.326248
v -84.812141 -0.001648 87.428406
v -84.812141 0.533618 87.428406
v -84.748238 -0.001648 87.521263
v -84.748238 0.533618 87.521263
v -84.672707 -0.001648 87.603508
v -84.672707 0.533618 87.603508
v -84.585564 -0.001648 87.673782
v -84.585564 0.533618 87.673782
v -84.486801 -0.001648 87.730766
v -84.486801 0.533618 87.730766
v -84.376419 -0.001648 87.773125
v -84.376419 0.533618 87.773125
v -84.254410 -0.001648 87.799515
v -84.254410 0.533618 87.799515
v -84.120789 -0.001648 87.808609
v -84.120789 0.533618 87.808609
v -84.007263 -0.001648 87.799728
v -84.007263 0.533618 87.799728
v -83.900032 -0.001648 87.773926
v -83.900032 0.533618 87.773926
v -83.799789 -0.001648 87.732445
v -83.799789 0.533618 87.732445
v -83.707199 -0.001648 87.676521
v -83.707199 0.533618 87.676521
v -83.622955 -0.001648 87.607407
v -83.622955 0.533618 87.607407
v -83.547737 -0.001648 87.526352
v -83.547737 0.533618 87.526352
v -83.482224 -0.001648 87.434586
v -83.482224 0.533618 87.434586
v -83.427094 -0.001648 87.333366
v -83.427094 0.533618 87.333366
v -83.383026 -0.001648 87.223930
v -83.383026 0.533618 87.223930
v -83.350708 -0.001648 87.107536
v -83.350708 0.533618 87.107536
v -83.330818 -0.001648 86.985413
v -83.330818 0.533618 86.985413
v -83.324036 -0.001648 86.858810
v -83.324036 0.533618 86.858810
v -83.331001 -0.001648 86.724007
v -83.331001 0.533618 86.724007
v -83.351379 -0.001648 86.595604
v -83.351379 0.533618 86.595604
v -83.384415 -0.001648 86.474625
v -83.384415 0.533618 86.474625
v -83.429359 -0.001648 86.362076
v -83.429359 0.533618 86.362076
v -83.485458 -0.001648 86.258972
v -83.485458 0.533618 86.258972
v -83.551956 -0.001648 86.166321
v -83.551956 0.533618 86.166321
v -83.628090 -0.001648 86.085144
v -83.628090 0.533618 86.085144
v -83.713104 -0.001648 86.016457
v -83.713104 0.533618 86.016457
v -83.806259 -0.001648 85.961266
v -83.806259 0.533618 85.961266
v -83.906776 -0.001648 85.920586
v -83.906776 0.533618 85.920586
v -84.013916 -0.001648 85.895439
v -84.013916 0.533618 85.895439
v -84.126923 -0.001648 85.886833
v -84.126923 0.533618 85.886833
v -84.274582 -0.001648 85.898544
v -84.274582 0.533618 85.898544
v -84.405502 -0.001648 85.931847
v -84.405502 0.533618 85.931847
v -84.520416 -0.001648 85.984016
v -84.520416 0.533618 85.984016
v -84.620071 -0.001648 86.052315
v -84.620071 0.533618 86.052315
v -84.705208 -0.001648 86.134018
v -84.705208 0.533618 86.134018
v -84.776581 -0.001648 86.226379
v -84.776581 0.533618 86.226379
v -84.834930 -0.001648 86.326668
v -84.834930 0.533618 86.326668
v -84.880997 -0.001648 86.432159
v -84.880997 0.533618 86.432159
v -84.915535 -0.001648 86.540108
v -84.915535 0.533618 86.540108
v -84.939278 -0.001648 86.647789
v -84.939278 0.533618 86.647789
v -84.952980 -0.001648 86.752472
v -84.952980 0.533618 86.752472
v -84.957382 -0.001648 86.851418
v -84.957382 0.533618 86.851418
v -80.903389 -0.001648 87.267303
v -80.903389 0.533618 87.267303
v -80.922577 -0.001648 87.407639
v -80.922577 0.533618 87.407639
v -80.954605 -0.001648 87.537842
v -80.954605 0.533618 87.537842
v -80.999489 -0.001648 87.657219
v -80.999489 0.533618 87.657219
v -81.057274 -0.001648 87.765106
v -81.057274 0.533618 87.765106
v -81.127983 -0.001648 87.860809
v -81.127983 0.533618 87.860809
v -81.211655 -0.001648 87.943657
v -81.211655 0.533618 87.943657
v -81.308319 -0.001648 88.012970
v -81.308319 0.533618 88.012970
v -81.417999 -0.001648 88.068062
v -81.417999 0.533618 88.068062
v -81.540749 -0.001648 88.108253
v -81.540749 0.533618 88.108253
v -81.676575 -0.001648 88.132866
v -81.676575 0.533618 88.132866
v -81.825523 -0.001648 88.141228
v -81.825523 0.533618 88.141228
v -81.935349 -0.001648 88.134941
v -81.935349 0.533618 88.134941
v -82.043213 -0.001648 88.115868
v -82.043213 0.533618 88.115868
v -82.147675 -0.001648 88.083710
v -82.147675 0.533618 88.083710
v -82.247284 -0.001648 88.038155
v -82.247284 0.533618 88.038155
v -82.340591 -0.001648 87.978897
v -82.340591 0.533618 87.978897
v -82.426155 -0.001648 87.905624
v -82.426155 0.533618 87.905624
v -82.502525 -0.001648 87.818031
v -82.502525 0.533618 87.818031
v -82.568253 -0.001648 87.715805
v -82.568253 0.533618 87.715805
v -82.621895 -0.001648 87.598648
v -82.621895 0.533618 87.598648
v -82.662003 -0.001648 87.466240
v -82.662003 0.533618 87.466240
v -82.687134 -0.001648 87.318283
v -82.687134 0.533618 87.318283
v -82.695824 -0.001648 87.154465
v -82.695824 0.533618 87.154465
v -82.695824 -0.001648 85.587479
v -82.695824 0.533618 85.587479
v -82.395508 -0.001648 85.587479
v -82.395508 0.533618 85.587479
v -82.395508 -0.001648 87.076859
v -82.395508 0.533618 87.076859
v -82.394852 -0.001648 87.144630
v -82.394852 0.533618 87.144630
v -82.392807 -0.001648 87.206032
v -82.392807 0.533618 87.206032
v -82.389236 -0.001648 87.261642
v -82.389236 0.533618 87.261642
v -82.384048 -0.001648 87.312012
v -82.384048 0.533618 87.312012
v -82.377113 -0.001648 87.357712
v -82.377113 0.533618 87.357712
v -82.368317 -0.001648 87.399307
v -82.368317 0.533618 87.399307
v -82.357536 -0.001648 87.437363
v -82.357536 0.533618 87.437363
v -82.344666 -0.001648 87.472435
v -82.344666 0.533618 87.472435
v -82.329582 -0.001648 87.505096
v -82.329582 0.533618 87.505096
v -82.312164 -0.001648 87.535912
v -82.312164 0.533618 87.535912
v -82.292297 -0.001648 87.565445
v -82.292297 0.533618 87.565445
v -82.269867 -0.001648 87.594261
v -82.269867 0.533618 87.594261
v -82.239357 -0.001648 87.628754
v -82.239357 0.533618 87.628754
v -82.207558 -0.001648 87.660179
v -82.207558 0.533618 87.660179
v -82.174492 -0.001648 87.688553
v -82.174492 0.533618 87.688553
v -82.140144 -0.001648 87.713890
v -82.140144 0.533618 87.713890
v -82.104515 -0.001648 87.736191
v -82.104515 0.533618 87.736191
v -82.067619 -0.001648 87.755486
v -82.067619 0.533618 87.755486
v -82.029442 -0.001648 87.771767
v -82.029442 0.533618 87.771767
v -81.989983 -0.001648 87.785065
v -81.989983 0.533618 87.785065
v -81.949249 -0.001648 87.795387
v -81.949249 0.533618 87.795387
v -81.907242 -0.001648 87.802742
v -81.907242 0.533618 87.802742
v -81.863960 -0.001648 87.807144
v -81.863960 0.533618 87.807144
v -81.819397 -0.001648 87.808609
v -81.819397 0.533618 87.808609
v -81.763283 -0.001648 87.806801
v -81.763283 0.533618 87.806801
v -81.709869 -0.001648 87.801506
v -81.709869 0.533618 87.801506
v -81.659180 -0.001648 87.792961
v -81.659180 0.533618 87.792961
v -81.611244 -0.001648 87.781372
v -81.611244 0.533618 87.781372
v -81.566071 -0.001648 87.766960
v -81.566071 0.533618 87.766960
v -81.523682 -0.001648 87.749939
v -81.523682 0.533618 87.749939
v -81.484100 -0.001648 87.730537
v -81.484100 0.533618 87.730537
v -81.447350 -0.001648 87.708961
v -81.447350 0.533618 87.708961
v -81.413452 -0.001648 87.685440
v -81.413452 0.533618 87.685440
v -81.382431 -0.001648 87.660179
v -81.382431 0.533618 87.660179
v -81.354301 -0.001648 87.633408
v -81.354301 0.533618 87.633408
v -81.329086 -0.001648 87.605347
v -81.329086 0.533618 87.605347
v -81.303963 -0.001648 87.571854
v -81.303963 0.533618 87.571854
v -81.282089 -0.001648 87.536064
v -81.282089 0.533618 87.536064
v -81.263252 -0.001648 87.497993
v -81.263252 0.533618 87.497993
v -81.247253 -0.001648 87.457649
v -81.247253 0.533618 87.457649
v -81.233902 -0.001648 87.415054
v -81.233902 0.533618 87.415054
v -81.222977 -0.001648 87.370201
v -81.222977 0.533618 87.370201
v -81.214294 -0.001648 87.323128
v -81.214294 0.533618 87.323128
v -81.207642 -0.001648 87.273827
v -81.207642 0.533618 87.273827
v -81.202820 -0.001648 87.222321
v -81.202820 0.533618 87.222321
v -81.199631 -0.001648 87.168617
v -81.199631 0.533618 87.168617
v -81.197861 -0.001648 87.112732
v -81.197861 0.533618 87.112732
v -81.197311 -0.001648 87.054680
v -81.197311 0.533618 87.054680
v -81.197311 -0.001648 85.587479
v -81.197311 0.533618 85.587479
v -80.897003 -0.001648 85.587479
v -80.897003 0.533618 85.587479
v -80.897003 -0.001648 87.117508
v -80.897003 0.533618 87.117508
v -79.286682 -0.001648 85.566254
v -79.286682 0.533618 85.566254
v -79.130936 -0.001648 85.601265
v -79.130936 0.533618 85.601265
v -78.987045 -0.001648 85.657578
v -78.987045 0.533618 85.657578
v -78.855629 -0.001648 85.733528
v -78.855629 0.533618 85.733528
v -78.737328 -0.001648 85.827438
v -78.737328 0.533618 85.827438
v -78.632767 -0.001648 85.937645
v -78.632767 0.533618 85.937645
v -78.542564 -0.001648 86.062485
v -78.542564 0.533618 86.062485
v -78.467354 -0.001648 86.200287
v -78.467354 0.533618 86.200287
v -78.407768 -0.001648 86.349373
v -78.407768 0.533618 86.349373
v -78.364426 -0.001648 86.508087
v -78.364426 0.533618 86.508087
v -78.337959 -0.001648 86.674759
v -78.337959 0.533618 86.674759
v -78.329002 -0.001648 86.847717
v -78.329002 0.533618 86.847717
v -78.337730 -0.001648 87.016022
v -78.337730 0.533618 87.016022
v -78.363602 -0.001648 87.179649
v -78.363602 0.533618 87.179649
v -78.406143 -0.001648 87.336708
v -78.406143 0.533618 87.336708
v -78.464859 -0.001648 87.485298
v -78.464859 0.533618 87.485298
v -78.539284 -0.001648 87.623528
v -78.539284 0.533618 87.623528
v -78.628937 -0.001648 87.749481
v -78.628937 0.533618 87.749481
v -78.733330 -0.001648 87.861267
v -78.733330 0.533618 87.861267
v -78.851997 -0.001648 87.956985
v -78.851997 0.533618 87.956985
v -78.984451 -0.001648 88.034744
v -78.984451 0.533618 88.034744
v -79.130219 -0.001648 88.092636
v -79.130219 0.533618 88.092636
v -79.288826 -0.001648 88.128761
v -79.288826 0.533618 88.128761
v -79.459778 -0.001648 88.141228
v -79.459778 0.533618 88.141228
v -79.625282 -0.001648 88.128830
v -79.625282 0.533618 88.128830
v -79.779686 -0.001648 88.092888
v -79.779686 0.533618 88.092888
v -79.922363 -0.001648 88.035263
v -79.922363 0.533618 88.035263
v -80.052689 -0.001648 87.957809
v -80.052689 0.533618 87.957809
v -80.170036 -0.001648 87.862389
v -80.170036 0.533618 87.862389
v -80.273773 -0.001648 87.750862
v -80.273773 0.533618 87.750862
v -80.363266 -0.001648 87.625099
v -80.363266 0.533618 87.625099
v -80.437904 -0.001648 87.486946
v -80.437904 0.533618 87.486946
v -80.497040 -0.001648 87.338272
v -80.497040 0.533618 87.338272
v -80.540062 -0.001648 87.180931
v -80.540062 0.533618 87.180931
v -80.566338 -0.001648 87.016800
v -80.566338 0.533618 87.016800
v -80.575233 -0.001648 86.847717
v -80.575233 0.533618 86.847717
v -80.566101 -0.001648 86.675537
v -80.566101 0.533618 86.675537
v -80.539185 -0.001648 86.509377
v -80.539185 0.533618 86.509377
v -80.495224 -0.001648 86.350937
v -80.495224 0.533618 86.350937
v -80.434952 -0.001648 86.201927
v -80.434952 0.533618 86.201927
v -80.359100 -0.001648 86.064056
v -80.359100 0.533618 86.064056
v -80.268410 -0.001648 85.939034
v -80.268410 0.533618 85.939034
v -80.163605 -0.001648 85.828560
v -80.163605 0.533618 85.828560
v -80.045425 -0.001648 85.734344
v -80.045425 0.533618 85.734344
v -79.914612 -0.001648 85.658104
v -79.914612 0.533618 85.658104
v -79.771881 -0.001648 85.601524
v -79.771881 0.533618 85.601524
v -79.617989 -0.001648 85.566330
v -79.617989 0.533618 85.566330
v -79.453651 -0.001648 85.554214
v -79.453651 0.533618 85.554214
v -79.339119 -0.001648 87.800217
v -79.339119 0.533618 87.800217
v -79.230469 -0.001648 87.775673
v -79.230469 0.533618 87.775673
v -79.128479 -0.001648 87.735909
v -79.128479 0.533618 87.735909
v -79.033936 -0.001648 87.681862
v -79.033936 0.533618 87.681862
v -78.947601 -0.001648 87.614464
v -78.947601 0.533618 87.614464
v -78.870255 -0.001648 87.534660
v -78.870255 0.533618 87.534660
v -78.802681 -0.001648 87.443390
v -78.802681 0.533618 87.443390
v -78.745651 -0.001648 87.341576
v -78.745651 0.533618 87.341576
v -78.699944 -0.001648 87.230171
v -78.699944 0.533618 87.230171
v -78.666328 -0.001648 87.110100
v -78.666328 0.533618 87.110100
v -78.645592 -0.001648 86.982307
v -78.645592 0.533618 86.982307
v -78.638512 -0.001648 86.847717
v -78.638512 0.533618 86.847717
v -78.645599 -0.001648 86.712357
v -78.645599 0.533618 86.712357
v -78.666328 -0.001648 86.584061
v -78.666328 0.533618 86.584061
v -78.699944 -0.001648 86.463715
v -78.699944 0.533618 86.463715
v -78.745651 -0.001648 86.352219
v -78.745651 0.533618 86.352219
v -78.802681 -0.001648 86.250481
v -78.802681 0.533618 86.250481
v -78.870255 -0.001648 86.159393
v -78.870255 0.533618 86.159393
v -78.947601 -0.001648 86.079849
v -78.947601 0.533618 86.079849
v -79.033936 -0.001648 86.012756
v -79.033936 0.533618 86.012756
v -79.128487 -0.001648 85.959015
v -79.128487 0.533618 85.959015
v -79.230469 -0.001648 85.919510
v -79.230469 0.533618 85.919510
v -79.339119 -0.001648 85.895149
v -79.339119 0.533618 85.895149
v -79.453651 -0.001648 85.886833
v -79.453651 0.533618 85.886833
v -79.567482 -0.001648 85.895149
v -79.567482 0.533618 85.895149
v -79.675537 -0.001648 85.919510
v -79.675537 0.533618 85.919510
v -79.777046 -0.001648 85.959015
v -79.777046 0.533618 85.959015
v -79.871208 -0.001648 86.012756
v -79.871208 0.533618 86.012756
v -79.957245 -0.001648 86.079849
v -79.957245 0.533618 86.079849
v -80.034363 -0.001648 86.159393
v -80.034363 0.533618 86.159393
v -80.101776 -0.001648 86.250481
v -80.101776 0.533618 86.250481
v -80.158699 -0.001648 86.352219
v -80.158699 0.533618 86.352219
v -80.204346 -0.001648 86.463715
v -80.204346 0.533618 86.463715
v -80.237923 -0.001648 86.584061
v -80.237923 0.533618 86.584061
v -80.258644 -0.001648 86.712357
v -80.258644 0.533618 86.712357
v -80.265724 -0.001648 86.847717
v -80.265724 0.533618 86.847717
v -80.258644 -0.001648 86.982307
v -80.258644 0.533618 86.982307
v -80.237915 -0.001648 87.110100
v -80.237915 0.533618 87.110100
v -80.204346 -0.001648 87.230171
v -80.204346 0.533618 87.230171
v -80.158699 -0.001648 87.341576
v -80.158699 0.533618 87.341576
v -80.101776 -0.001648 87.443390
v -80.101776 0.533618 87.443390
v -80.034363 -0.001648 87.534660
v -80.034363 0.533618 87.534660
v -79.957245 -0.001648 87.614464
v -79.957245 0.533618 87.614464
v -79.871208 -0.001648 87.681862
v -79.871208 0.533618 87.681862
v -79.777046 -0.001648 87.735909
v -79.777046 0.533618 87.735909
v -79.675537 -0.001648 87.775673
v -79.675537 0.533618 87.775673
v -79.567474 -0.001648 87.800217
v -79.567474 0.533618 87.800217
v -79.453651 -0.001648 87.808609
v -79.453651 0.533618 87.808609
v -76.244446 -0.001648 86.106026
v -76.244446 0.533618 86.106026
v -76.306740 -0.001648 86.066910
v -76.306740 0.533618 86.066910
v -76.367905 -0.001648 86.031830
v -76.367905 0.533618 86.031830
v -76.428139 -0.001648 86.000717
v -76.428139 0.533618 86.000717
v -76.487656 -0.001648 85.973495
v -76.487656 0.533618 85.973495
v -76.546646 -0.001648 85.950119
v -76.546646 0.533618 85.950119
v -76.605316 -0.001648 85.930511
v -76.605316 0.533618 85.930511
v -76.663879 -0.001648 85.914619
v -76.663879 0.533618 85.914619
v -76.722519 -0.001648 85.902367
v -76.722519 0.533618 85.902367
v -76.781448 -0.001648 85.893692
v -76.781448 0.533618 85.893692
v -76.840866 -0.001648 85.888535
v -76.840866 0.533618 85.888535
v -76.900970 -0.001648 85.886833
v -76.900970 0.533618 85.886833
v -77.017792 -0.001648 85.895226
v -77.017792 0.533618 85.895226
v -77.128708 -0.001648 85.919785
v -77.128708 0.533618 85.919785
v -77.232887 -0.001648 85.959587
v -77.232887 0.533618 85.959587
v -77.329536 -0.001648 86.013718
v -77.329536 0.533618 86.013718
v -77.417847 -0.001648 86.081238
v -77.417847 0.533618 86.081238
v -77.497009 -0.001648 86.161240
v -77.497009 0.533618 86.161240
v -77.566200 -0.001648 86.252785
v -77.566200 0.533618 86.252785
v -77.624634 -0.001648 86.354958
v -77.624634 0.533618 86.354958
v -77.671486 -0.001648 86.466827
v -77.671486 0.533618 86.466827
v -77.705956 -0.001648 86.587479
v -77.705956 0.533618 86.587479
v -77.727226 -0.001648 86.715981
v -77.727226 0.533618 86.715981
v -77.734497 -0.001648 86.851418
v -77.734497 0.533618 86.851418
v -77.727455 -0.001648 86.989037
v -77.727455 0.533618 86.989037
v -77.706749 -0.001648 87.118652
v -77.706749 0.533618 87.118652
v -77.673019 -0.001648 87.239525
v -77.673019 0.533618 87.239525
v -77.626907 -0.001648 87.350883
v -77.626907 0.533618 87.350883
v -77.569046 -0.001648 87.451981
v -77.569046 0.533618 87.451981
v -77.500076 -0.001648 87.542053
v -77.500076 0.533618 87.542053
v -77.420631 -0.001648 87.620346
v -77.420631 0.533618 87.620346
v -77.331360 -0.001648 87.686104
v -77.331360 0.533618 87.686104
v -77.232895 -0.001648 87.738564
v -77.232895 0.533618 87.738564
v -77.125870 -0.001648 87.776970
v -77.125870 0.533618 87.776970
v -77.010933 -0.001648 87.800575
v -77.010933 0.533618 87.800575
v -76.888718 -0.001648 87.808609
v -76.888718 0.533618 87.808609
v -76.829300 -0.001648 87.806541
v -76.829300 0.533618 87.806541
v -76.769142 -0.001648 87.800362
v -76.769142 0.533618 87.800362
v -76.708389 -0.001648 87.790131
v -76.708389 0.533618 87.790131
v -76.647186 -0.001648 87.775894
v -76.647186 0.533618 87.775894
v -76.585693 -0.001648 87.757706
v -76.585693 0.533618 87.757706
v -76.524048 -0.001648 87.735619
v -76.524048 0.533618 87.735619
v -76.462402 -0.001648 87.709679
v -76.462402 0.533618 87.709679
v -76.400902 -0.001648 87.679947
v -76.400902 0.533618 87.679947
v -76.339706 -0.001648 87.646461
v -76.339706 0.533618 87.646461
v -76.278946 -0.001648 87.609283
v -76.278946 0.533618 87.609283
v -76.218788 -0.001648 87.568459
v -76.218788 0.533618 87.568459
v -76.159378 -0.001648 87.524040
v -76.159378 0.533618 87.524040
v -76.159378 -0.001648 87.919479
v -76.159378 0.533618 87.919479
v -76.211143 -0.001648 87.951019
v -76.211143 0.533618 87.951019
v -76.263969 -0.001648 87.980820
v -76.263969 0.533618 87.980820
v -76.318161 -0.001648 88.008698
v -76.318161 0.533618 88.008698
v -76.374008 -0.001648 88.034462
v -76.374008 0.533618 88.034462
v -76.431808 -0.001648 88.057907
v -76.431808 0.533618 88.057907
v -76.491867 -0.001648 88.078857
v -76.491867 0.533618 88.078857
v -76.554489 -0.001648 88.097115
v -76.554489 0.533618 88.097115
v -76.619949 -0.001648 88.112480
v -76.619949 0.533618 88.112480
v -76.688568 -0.001648 88.124771
v -76.688568 0.533618 88.124771
v -76.760635 -0.001648 88.133781
v -76.760635 0.533618 88.133781
v -76.836441 -0.001648 88.139336
v -76.836441 0.533618 88.139336
v -76.916298 -0.001648 88.141228
v -76.916298 0.533618 88.141228
v -77.103287 -0.001648 88.126595
v -77.103287 0.533618 88.126595
v -77.272224 -0.001648 88.084846
v -77.272224 0.533618 88.084846
v -77.423462 -0.001648 88.019211
v -77.423462 0.533618 88.019211
v -77.557327 -0.001648 87.932899
v -77.557327 0.533618 87.932899
v -77.674179 -0.001648 87.829132
v -77.674179 0.533618 87.829132
v -77.774338 -0.001648 87.711136
v -77.774338 0.533618 87.711136
v -77.858154 -0.001648 87.582130
v -77.858154 0.533618 87.582130
v -77.925972 -0.001648 87.445335
v -77.925972 0.533618 87.445335
v -77.978119 -0.001648 87.303970
v -77.978119 0.533618 87.303970
v -78.014954 -0.001648 87.161255
v -78.014954 0.533618 87.161255
v -78.036804 -0.001648 87.020424
v -78.036804 0.533618 87.020424
v -78.044006 -0.001648 86.884674
v -78.044006 0.533618 86.884674
v -78.034157 -0.001648 86.697014
v -78.034157 0.533618 86.697014
v -78.005295 -0.001648 86.519211
v -78.005295 0.533618 86.519211
v -77.958443 -0.001648 86.352493
v -77.958443 0.533618 86.352493
v -77.894646 -0.001648 86.198097
v -77.894646 0.533618 86.198097
v -77.814926 -0.001648 86.057243
v -77.814926 0.533618 86.057243
v -77.720329 -0.001648 85.931183
v -77.720329 0.533618 85.931183
v -77.611870 -0.001648 85.821129
v -77.611870 0.533618 85.821129
v -77.490593 -0.001648 85.728325
v -77.490593 0.533618 85.728325
v -77.357529 -0.001648 85.653999
v -77.357529 0.533618 85.653999
v -77.213699 -0.001648 85.599388
v -77.213699 0.533618 85.599388
v -77.060150 -0.001648 85.565712
v -77.060150 0.533618 85.565712
v -76.897911 -0.001648 85.554214
v -76.897911 0.533618 85.554214
v -76.844177 -0.001648 85.555534
v -76.844177 0.533618 85.555534
v -76.790100 -0.001648 85.559540
v -76.790100 0.533618 85.559540
v -76.735443 -0.001648 85.566284
v -76.735443 0.533618 85.566284
v -76.679993 -0.001648 85.575844
v -76.679993 0.533618 85.575844
v -76.623520 -0.001648 85.588272
v -76.623520 0.533618 85.588272
v -76.565796 -0.001648 85.603645
v -76.565796 0.533618 85.603645
v -76.506615 -0.001648 85.622017
v -76.506615 0.533618 85.622017
v -76.445732 -0.001648 85.643463
v -76.445732 0.533618 85.643463
v -76.382935 -0.001648 85.668030
v -76.382935 0.533618 85.668030
v -76.318008 -0.001648 85.695801
v -76.318008 0.533618 85.695801
v -76.250710 -0.001648 85.726830
v -76.250710 0.533618 85.726830
v -76.180832 -0.001648 85.761177
v -76.180832 0.533618 85.761177
v -76.180832 -0.001648 86.149231
v -76.180832 0.533618 86.149231
v -74.265556 -0.001648 88.130135
v -74.265556 0.533618 88.130135
v -75.169563 -0.001648 85.587479
v -75.169563 0.533618 85.587479
v -74.869247 -0.001648 85.587479
v -74.869247 0.533618 85.587479
v -74.241043 -0.001648 87.357727
v -74.241043 0.533618 87.357727
v -73.615891 -0.001648 85.587479
v -73.615891 0.533618 85.587479
v -73.318642 -0.001648 85.587479
v -73.318642 0.533618 85.587479
v -74.204269 -0.001648 88.130135
v -74.204269 0.533618 88.130135
v -73.085747 -0.001648 88.107964
v -73.085747 0.533618 88.107964
v -73.085747 -0.001648 85.587479
v -73.085747 0.533618 85.587479
v -72.785431 -0.001648 85.587479
v -72.785431 0.533618 85.587479
v -72.785431 -0.001648 88.107964
v -72.785431 0.533618 88.107964
v -72.022385 -0.001648 85.912704
v -72.022385 0.533618 85.912704
v -72.022385 -0.001648 86.674019
v -72.022385 0.533618 86.674019
v -71.167412 -0.001648 86.674019
v -71.167412 0.533618 86.674019
v -71.167412 -0.001648 86.999245
v -71.167412 0.533618 86.999245
v -72.022385 -0.001648 86.999245
v -72.022385 0.533618 86.999245
v -72.022385 -0.001648 87.782738
v -72.022385 0.533618 87.782738
v -71.109184 -0.001648 87.782738
v -71.109184 0.533618 87.782738
v -71.109184 -0.001648 88.107964
v -71.109184 0.533618 88.107964
v -72.322701 -0.001648 88.107964
v -72.322701 0.533618 88.107964
v -72.322701 -0.001648 85.587479
v -72.322701 0.533618 85.587479
v -71.136765 -0.001648 85.587479
v -71.136765 0.533618 85.587479
v -71.136765 -0.001648 85.912704
v -71.136765 0.533618 85.912704
v -69.944702 -0.001648 85.912704
v -69.944702 0.533618 85.912704
v -69.944702 -0.001648 88.107964
v -69.944702 0.533618 88.107964
v -70.245010 -0.001648 88.107964
v -70.245010 0.533618 88.107964
v -70.245010 -0.001648 85.912704
v -70.245010 0.533618 85.912704
v -70.968216 -0.001648 85.912704
v -70.968216 0.533618 85.912704
v -70.968216 -0.001648 85.587479
v -70.968216 0.533618 85.587479
v -69.221489 -0.001648 85.587479
v -69.221489 0.533618 85.587479
v -69.221489 -0.001648 85.912704
v -69.221489 0.533618 85.912704
vn -0.0000 1.0000 -0.0000
vn -0.0000 -1.0000 -0.0000
vn -0.7698 -0.0000 0.6383
vn 0.7698 -0.0000 0.6383
vn -0.7698 -0.0000 -0.6383
vn 0.7698 -0.0000 -0.6383
vn 0.1463 -0.0000 -0.9892
vn 0.2932 -0.0000 -0.9560
vn 0.4343 -0.0000 -0.9008
vn 0.5633 -0.0000 -0.8263
vn 0.6759 -0.0000 -0.7370
vn 0.7702 -0.0000 -0.6377
vn 0.8462 -0.0000 -0.5328
vn 0.9050 -0.0000 -0.4253
vn 0.9483 -0.0000 -0.3174
vn 0.9777 -0.0000 -0.2102
vn 0.9945 -0.0000 -0.1043
vn 1.0000 -0.0000 -0.0000
vn 0.9946 -0.0000 0.1040
vn 0.9780 -0.0000 0.2088
vn 0.9492 -0.0000 0.3146
vn 0.9070 -0.0000 0.4210
vn 0.8496 -0.0000 0.5274
vn 0.7750 -0.0000 0.6320
vn 0.6817 -0.0000 0.7316
vn 0.5693 -0.0000 0.8221
vn 0.4396 -0.0000 0.8982
vn 0.2970 -0.0000 0.9549
vn 0.1481 -0.0000 0.9890
vn -0.0010 -0.0000 1.0000
vn -0.1514 -0.0000 0.9885
vn -0.3020 -0.0000 0.9533
vn -0.4447 -0.0000 0.8957
vn -0.5732 -0.0000 0.8194
vn -0.6838 -0.0000 0.7296
vn -0.7757 -0.0000 0.6312
vn -0.8493 -0.0000 0.5280
vn -0.9063 -0.0000 0.4227
vn -0.9485 -0.0000 0.3168
vn -0.9775 -0.0000 0.2109
vn -0.9944 -0.0000 0.1053
vn -1.0000 -0.0000 -0.0002
vn -0.9943 -0.0000 -0.1065
vn -0.9769 -0.0000 -0.2137
vn -0.9470 -0.0000 -0.3213
vn -0.9034 -0.0000 -0.4287
vn -0.8448 -0.0000 -0.5351
vn -0.7696 -0.0000 -0.6385
vn -0.6767 -0.0000 -0.7363
vn -0.5657 -0.0000 -0.8246
vn -0.4379 -0.0000 -0.8990
vn -0.2971 -0.0000 -0.9548
vn -0.1489 -0.0000 -0.9889
vn -0.0008 -0.0000 -1.0000
vn -0.1474 -0.0000 -0.9891
vn -0.2931 -0.0000 -0.9561
vn -0.4316 -0.0000 -0.9021
vn -0.5579 -0.0000 -0.8299
vn -0.6689 -0.0000 -0.7433
vn -0.7631 -0.0000 -0.6463
vn -0.8402 -0.0000 -0.5423
vn -0.9007 -0.0000 -0.4344
vn -0.9458 -0.0000 -0.3247
vn -0.9766 -0.0000 -0.2149
vn -0.9943 -0.0000 -0.1064
vn -0.9944 -0.0000 0.1059
vn -0.9768 -0.0000 0.2143
vn -0.9460 -0.0000 0.3243
vn -0.9007 -0.0000 0.4344
vn -0.8398 -0.0000 0.5429
vn -0.7623 -0.0000 0.6473
vn -0.6675 -0.0000 0.7446
vn -0.5560 -0.0000 0.8312
vn -0.4295 -0.0000 0.9031
vn -0.2913 -0.0000 0.9566
vn -0.1463 -0.0000 0.9892
vn 0.0002 -0.0000 1.0000
vn 0.1471 -0.0000 0.9891
vn 0.2926 -0.0000 0.9562
vn 0.4310 -0.0000 0.9024
vn 0.5574 -0.0000 0.8302
vn 0.6687 -0.0000 0.7435
vn 0.7631 -0.0000 0.6463
vn 0.8403 -0.0000 0.5421
vn 0.9010 -0.0000 0.4338
vn 0.9461 -0.0000 0.3239
vn 0.9768 -0.0000 0.2142
vn 0.9944 -0.0000 0.1059
vn 1.0000 -0.0000 -0.0002
vn 0.9943 -0.0000 -0.1063
vn 0.9767 -0.0000 -0.2147
vn 0.9459 -0.0000 -0.3243
vn 0.9010 -0.0000 -0.4338
vn 0.8407 -0.0000 -0.5415
vn 0.7639 -0.0000 -0.6453
vn 0.6701 -0.0000 -0.7423
vn 0.5594 -0.0000 -0.8289
vn 0.4331 -0.0000 -0.9013
vn 0.2944 -0.0000 -0.9557
vn 0.1482 -0.0000 -0.9890
vn 0.0002 -0.0000 -1.0000
vn -0.6140 -0.0000 0.7893
vn 0.6227 -0.0000 0.7825
vn -0.8771 -0.0000 0.4802
vn -0.6229 -0.0000 -0.7823
vn 0.6168 -0.0000 -0.7871
vn 0.8804 -0.0000 0.4743
vn -0.8805 -0.0000 -0.4741
vn 0.0165 -0.0000 0.9999
vn 0.8745 -0.0000 -0.4851
vn -0.4819 -0.0000 0.8763
vn 0.4108 -0.0000 0.9117
vn 0.4801 -0.0000 -0.8772
vn -0.4127 -0.0000 -0.9108
vn 0.4408 -0.0000 0.8976
vn 0.4098 -0.0000 0.9122
vn 0.3750 -0.0000 0.9270
vn 0.3366 -0.0000 0.9416
vn 0.2952 -0.0000 0.9554
vn 0.2516 -0.0000 0.9678
vn 0.2067 -0.0000 0.9784
vn 0.1616 -0.0000 0.9869
vn 0.1175 -0.0000 0.9931
vn 0.0755 -0.0000 0.9971
vn 0.0363 -0.0000 0.9993
vn -0.0265 -0.0000 0.9996
vn -0.1423 -0.0000 0.9898
vn -0.2840 -0.0000 0.9588
vn -0.4201 -0.0000 0.9075
vn -0.5459 -0.0000 0.8378
vn -0.6579 -0.0000 0.7531
vn -0.7541 -0.0000 0.6568
vn -0.8336 -0.0000 0.5524
vn -0.8965 -0.0000 0.4430
vn -0.9436 -0.0000 0.3312
vn -0.9757 -0.0000 0.2191
vn -0.9941 -0.0000 0.1083
vn -1.0000 -0.0000 -0.0005
vn -0.9940 -0.0000 -0.1096
vn -0.9754 -0.0000 -0.2205
vn -0.9435 -0.0000 -0.3314
vn -0.8974 -0.0000 -0.4412
vn -0.8363 -0.0000 -0.5482
vn -0.7594 -0.0000 -0.6506
vn -0.6661 -0.0000 -0.7459
vn -0.5565 -0.0000 -0.8309
vn -0.4317 -0.0000 -0.9020
vn -0.2943 -0.0000 -0.9557
vn -0.1485 -0.0000 -0.9889
vn -0.0283 -0.0000 -0.9996
vn 0.0372 -0.0000 -0.9993
vn 0.0797 -0.0000 -0.9968
vn 0.1270 -0.0000 -0.9919
vn 0.1770 -0.0000 -0.9842
vn 0.2271 -0.0000 -0.9739
vn 0.2749 -0.0000 -0.9615
vn 0.3184 -0.0000 -0.9480
vn 0.3563 -0.0000 -0.9344
vn 0.3884 -0.0000 -0.9215
vn 0.4147 -0.0000 -0.9100
vn 0.4356 -0.0000 -0.9002
vn 0.8742 -0.0000 -0.4855
vn 0.5886 -0.0000 0.8085
vn -0.5186 -0.0000 0.8550
vn -0.4824 -0.0000 0.8760
vn -0.4438 -0.0000 0.8961
vn -0.4029 -0.0000 0.9153
vn -0.3596 -0.0000 0.9331
vn -0.3140 -0.0000 0.9494
vn -0.2662 -0.0000 0.9639
vn -0.2163 -0.0000 0.9763
vn -0.1644 -0.0000 0.9864
vn -0.1108 -0.0000 0.9938
vn -0.0559 -0.0000 0.9984
vn 0.0243 -0.0000 0.9997
vn 0.1535 -0.0000 0.9882
vn 0.3027 -0.0000 0.9531
vn 0.4418 -0.0000 0.8971
vn 0.5666 -0.0000 0.8240
vn 0.6751 -0.0000 0.7378
vn 0.7665 -0.0000 0.6423
vn 0.8414 -0.0000 0.5405
vn 0.9006 -0.0000 0.4347
vn 0.9452 -0.0000 0.3266
vn 0.9761 -0.0000 0.2173
vn 0.9941 -0.0000 0.1081
vn 1.0000 -0.0000 0.0007
vn 0.9943 -0.0000 -0.1065
vn 0.9762 -0.0000 -0.2167
vn 0.9441 -0.0000 -0.3296
vn 0.8964 -0.0000 -0.4433
vn 0.8317 -0.0000 -0.5552
vn 0.7496 -0.0000 -0.6619
vn 0.6503 -0.0000 -0.7597
vn 0.5356 -0.0000 -0.8445
vn 0.4086 -0.0000 -0.9127
vn 0.2737 -0.0000 -0.9618
vn 0.1360 -0.0000 -0.9907
vn 0.0223 -0.0000 -0.9998
vn -0.0444 -0.0000 -0.9990
vn -0.0872 -0.0000 -0.9962
vn -0.1277 -0.0000 -0.9918
vn -0.1657 -0.0000 -0.9862
vn -0.2008 -0.0000 -0.9796
vn -0.2329 -0.0000 -0.9725
vn -0.2618 -0.0000 -0.9651
vn -0.2876 -0.0000 -0.9578
vn -0.3101 -0.0000 -0.9507
vn -0.3294 -0.0000 -0.9442
vn -0.3456 -0.0000 -0.9384
vn -0.8539 -0.0000 -0.5204
vn 0.8766 -0.0000 0.4813
vn 0.8749 -0.0000 -0.4843
vn 0.4376 -0.0000 -0.8992
vn 0.4138 -0.0000 -0.9104
vn 0.3828 -0.0000 -0.9238
vn 0.3430 -0.0000 -0.9393
vn 0.2929 -0.0000 -0.9561
vn 0.2310 -0.0000 -0.9730
vn 0.1565 -0.0000 -0.9877
vn 0.0699 -0.0000 -0.9976
vn -0.0263 -0.0000 -0.9997
vn -0.2285 -0.0000 -0.9736
vn 0.3224 -0.0000 -0.9466
vn 1.0000 -0.0000 0.0024
vn 0.3884 -0.0000 0.9215
vn -0.1658 -0.0000 0.9862
vn -0.2377 -0.0000 0.9713
vn -0.3051 -0.0000 0.9523
vn -0.3672 -0.0000 0.9302
vn -0.4235 -0.0000 0.9059
vn -0.4738 -0.0000 0.8806
vn -0.5183 -0.0000 0.8552
vn -0.5571 -0.0000 0.8304
vn -0.5907 -0.0000 0.8069
vn -0.6194 -0.0000 0.7851
vn -0.6436 -0.0000 0.7654
vn -0.4866 -0.0000 0.8736
vn -0.3486 -0.0000 0.9373
vn -0.4666 -0.0000 0.8845
vn -0.5739 -0.0000 0.8189
vn -0.6691 -0.0000 0.7432
vn -0.7513 -0.0000 0.6599
vn -0.8207 -0.0000 0.5713
vn -0.8778 -0.0000 0.4790
vn -0.9232 -0.0000 0.3844
vn -0.9575 -0.0000 0.2885
vn -0.9814 -0.0000 0.1920
vn -0.9954 -0.0000 0.0956
vn -1.0000 -0.0000 -0.0025
vn -0.9943 -0.0000 -0.1069
vn -0.9760 -0.0000 -0.2178
vn -0.8951 -0.0000 -0.4458
vn -0.8297 -0.0000 -0.5582
vn -0.7468 -0.0000 -0.6651
vn -0.6468 -0.0000 -0.7627
vn -0.5317 -0.0000 -0.8469
vn -0.4049 -0.0000 -0.9144
vn -0.2708 -0.0000 -0.9626
vn -0.1344 -0.0000 -0.9909
vn 0.0044 -0.0000 -1.0000
vn 0.1504 -0.0000 -0.9886
vn 0.2977 -0.0000 -0.9546
vn 0.4362 -0.0000 -0.8998
vn 0.5615 -0.0000 -0.8275
vn 0.6710 -0.0000 -0.7415
vn 0.7636 -0.0000 -0.6456
vn 0.8396 -0.0000 -0.5431
vn 0.8997 -0.0000 -0.4364
vn 0.9449 -0.0000 -0.3275
vn 0.9760 -0.0000 -0.2176
vn 0.9941 -0.0000 -0.1081
vn 1.0000 -0.0000 -0.0020
vn 0.9951 -0.0000 0.0990
vn 0.9804 -0.0000 0.1972
vn 0.9559 -0.0000 0.2938
vn 0.9215 -0.0000 0.3884
vn 0.8768 -0.0000 0.4808
vn 0.8213 -0.0000 0.5705
vn 0.7542 -0.0000 0.6567
vn 0.6746 -0.0000 0.7382
vn 0.5818 -0.0000 0.8133
vn 0.4757 -0.0000 0.8796
vn 0.3569 -0.0000 0.9342
vn -0.6840 -0.0000 0.7295
vn 1.0000 0.0063 -0.0002
vn 1.0000 -0.0063 -0.0002
vn 0.9956 -0.0000 -0.0937
vn 0.9815 -0.0000 -0.1915
vn 0.9558 -0.0000 -0.2941
vn 0.9160 -0.0000 -0.4013
vn 0.8592 -0.0000 -0.5117
vn 0.7826 -0.0000 -0.6225
vn 0.6848 -0.0000 -0.7287
vn 0.5663 -0.0000 -0.8242
vn 0.4310 -0.0000 -0.9023
vn 0.2862 -0.0000 -0.9582
vn 0.1403 -0.0000 -0.9901
vn -0.0051 -0.0000 -1.0000
vn -0.1568 -0.0000 -0.9876
vn -0.3097 -0.0000 -0.9508
vn -0.4517 -0.0000 -0.8922
vn -0.5778 -0.0000 -0.8162
vn -0.6858 -0.0000 -0.7278
vn -0.7755 -0.0000 -0.6313
vn -0.8479 -0.0000 -0.5301
vn -0.9047 -0.0000 -0.4261
vn -0.9472 -0.0000 -0.3206
vn -0.9768 -0.0000 -0.2142
vn -0.9942 -0.0000 -0.1071
vn -1.0000 -0.0000 -0.0010
vn -0.9946 -0.0000 0.1042
vn -0.9777 -0.0000 0.2102
vn -0.9483 -0.0000 0.3173
vn -0.9054 -0.0000 0.4246
vn -0.8474 -0.0000 0.5309
vn -0.7731 -0.0000 0.6343
vn -0.6812 -0.0000 0.7321
vn -0.5713 -0.0000 0.8207
vn -0.4443 -0.0000 0.8959
vn -0.3032 -0.0000 0.9529
vn -0.1530 -0.0000 0.9882
vn 0.0016 -0.0000 1.0000
vn 0.1638 -0.0000 0.9865
vn 0.3320 -0.0000 0.9433
vn 0.4922 -0.0000 0.8705
vn 0.6319 -0.0000 0.7751
vn 0.7445 -0.0000 0.6676
vn 0.8300 -0.0000 0.5577
vn 0.8921 -0.0000 0.4518
vn 0.9358 -0.0000 0.3526
vn 0.9656 -0.0000 0.2601
vn 0.9850 -0.0000 0.1726
vn 0.9962 -0.0000 0.0871
vn 1.0000 -0.0000 -0.0008
vn 0.9960 -0.0000 0.0891
vn 0.9823 -0.0000 0.1872
vn 0.9553 -0.0000 0.2955
vn 0.9110 -0.0000 0.4123
vn 0.8456 -0.0000 0.5338
vn 0.7569 -0.0000 0.6535
vn 0.6460 -0.0000 0.7633
vn 0.5182 -0.0000 0.8553
vn 0.3817 -0.0000 0.9243
vn 0.2457 -0.0000 0.9694
vn -0.0006 -0.0000 1.0000
vn -0.1159 -0.0000 0.9933
vn -0.2349 -0.0000 0.9720
vn -0.3562 -0.0000 0.9344
vn -0.4777 -0.0000 0.8785
vn -0.5955 -0.0000 0.8034
vn -0.7047 -0.0000 0.7095
vn -0.8001 -0.0000 0.5998
vn -0.9355 -0.0000 0.3533
vn -0.9735 -0.0000 0.2287
vn -0.9939 -0.0000 0.1102
vn -0.9996 -0.0000 0.0265
vn 1.0000 -0.0000 -0.0049
vn 0.9998 -0.0000 -0.0215
vn 0.9988 -0.0000 -0.0487
vn 0.9965 -0.0000 -0.0832
vn 0.9920 -0.0000 -0.1263
vn 0.9839 -0.0000 -0.1785
vn 0.9708 -0.0000 -0.2397
vn 0.9512 -0.0000 -0.3086
vn 0.9242 -0.0000 -0.3820
vn 0.8901 -0.0000 -0.4558
vn 0.8510 -0.0000 -0.5252
vn 0.8100 -0.0000 -0.5864
vn 0.7695 -0.0000 -0.6386
vn 0.7266 -0.0000 -0.6871
vn 0.6777 -0.0000 -0.7354
vn 0.6230 -0.0000 -0.7822
vn 0.5627 -0.0000 -0.8266
vn 0.4975 -0.0000 -0.8674
vn 0.4283 -0.0000 -0.9036
vn 0.2828 -0.0000 -0.9592
vn 0.2093 -0.0000 -0.9779
vn 0.1370 -0.0000 -0.9906
vn 0.0671 -0.0000 -0.9977
vn 0.0003 -0.0000 -1.0000
vn -0.0655 -0.0000 -0.9979
vn -0.1325 -0.0000 -0.9912
vn -0.2697 -0.0000 -0.9629
vn -0.3386 -0.0000 -0.9409
vn -0.4068 -0.0000 -0.9135
vn -0.4737 -0.0000 -0.8807
vn -0.5388 -0.0000 -0.8424
vn -0.6014 -0.0000 -0.7990
vn -0.6611 -0.0000 -0.7503
vn -0.7174 -0.0000 -0.6967
vn -0.7729 -0.0000 -0.6345
vn -0.8277 -0.0000 -0.5611
vn -0.8758 -0.0000 -0.4827
vn -0.9138 -0.0000 -0.4061
vn -0.9426 -0.0000 -0.3339
vn -0.9635 -0.0000 -0.2679
vn -0.9779 -0.0000 -0.2090
vn -0.9875 -0.0000 -0.1576
vn -0.9935 -0.0000 -0.1135
vn -0.9971 -0.0000 -0.0763
vn -0.9990 -0.0000 -0.0455
vn -0.9998 -0.0000 -0.0205
vn -1.0000 -0.0000 -0.0047
vn 0.9998 -0.0000 0.0213
vn -0.8448 -0.0000 -0.5350
vn -1.0000 -0.0000 -0.0001
vn 0.9768 -0.0000 0.2141
vn -0.5469 -0.0000 0.8372
vn -0.5148 -0.0000 0.8573
vn -0.4784 -0.0000 0.8781
vn -0.4376 -0.0000 0.8992
vn -0.3924 -0.0000 0.9198
vn -0.3429 -0.0000 0.9394
vn -0.2897 -0.0000 0.9571
vn -0.2334 -0.0000 0.9724
vn -0.1752 -0.0000 0.9845
vn -0.1161 -0.0000 0.9932
vn -0.0574 -0.0000 0.9983
vn 0.0217 -0.0000 0.9998
vn 0.1446 -0.0000 0.9895
vn 0.2878 -0.0000 0.9577
vn 0.4245 -0.0000 0.9054
vn 0.5501 -0.0000 0.8351
vn 0.6613 -0.0000 0.7501
vn 0.7565 -0.0000 0.6540
vn 0.8350 -0.0000 0.5502
vn 0.8972 -0.0000 0.4416
vn 0.9438 -0.0000 0.3306
vn 0.9757 -0.0000 0.2191
vn 0.9941 -0.0000 0.1085
vn 1.0000 -0.0000 0.0012
vn 0.9945 -0.0000 -0.1044
vn 0.9770 -0.0000 -0.2133
vn 0.9454 -0.0000 -0.3258
vn 0.8980 -0.0000 -0.4400
vn 0.8332 -0.0000 -0.5529
vn 0.7504 -0.0000 -0.6610
vn 0.6499 -0.0000 -0.7601
vn 0.5337 -0.0000 -0.8457
vn 0.4057 -0.0000 -0.9140
vn 0.2706 -0.0000 -0.9627
vn 0.1339 -0.0000 -0.9910
vn 0.0154 -0.0000 -0.9999
vn -0.0685 -0.0000 -0.9976
vn -0.1342 -0.0000 -0.9910
vn -0.1965 -0.0000 -0.9805
vn -0.2553 -0.0000 -0.9669
vn -0.3107 -0.0000 -0.9505
vn -0.3628 -0.0000 -0.9319
vn -0.4118 -0.0000 -0.9113
vn -0.4579 -0.0000 -0.8890
vn -0.5012 -0.0000 -0.8653
vn -0.5420 -0.0000 -0.8404
vn -0.5804 -0.0000 -0.8143
vn 0.5574 -0.0000 -0.8303
vn 0.8908 -0.0000 0.4544
vn 0.5059 -0.0000 0.8626
vn 0.4746 -0.0000 0.8802
vn 0.4383 -0.0000 0.8988
vn 0.3976 -0.0000 0.9176
vn 0.3528 -0.0000 0.9357
vn 0.3048 -0.0000 0.9524
vn 0.2543 -0.0000 0.9671
vn 0.2025 -0.0000 0.9793
vn 0.1503 -0.0000 0.9886
vn 0.0986 -0.0000 0.9951
vn 0.0484 -0.0000 0.9988
vn -0.0272 -0.0000 0.9996
vn -0.1598 -0.0000 0.9871
vn -0.3208 -0.0000 0.9472
vn -0.4724 -0.0000 0.8814
vn -0.6055 -0.0000 0.7958
vn -0.7156 -0.0000 0.6985
vn -0.8025 -0.0000 0.5966
vn -0.8690 -0.0000 0.4948
vn -0.9186 -0.0000 0.3953
vn -0.9545 -0.0000 0.2981
vn -0.9795 -0.0000 0.2016
vn -0.9947 -0.0000 0.1032
vn -1.0000 -0.0000 0.0003
vn -0.9765 -0.0000 -0.2154
vn -0.9453 -0.0000 -0.3263
vn -0.8992 -0.0000 -0.4375
vn -0.8372 -0.0000 -0.5469
vn -0.7583 -0.0000 -0.6519
vn -0.6622 -0.0000 -0.7493
vn -0.5498 -0.0000 -0.8353
vn -0.4231 -0.0000 -0.9061
vn -0.2858 -0.0000 -0.9583
vn -0.1431 -0.0000 -0.9897
vn -0.0231 -0.0000 -0.9997
vn 0.0492 -0.0000 -0.9988
vn 0.0982 -0.0000 -0.9952
vn 0.1925 -0.0000 -0.9813
vn 0.2363 -0.0000 -0.9717
vn 0.2770 -0.0000 -0.9609
vn 0.3144 -0.0000 -0.9493
vn 0.3484 -0.0000 -0.9374
vn 0.3789 -0.0000 -0.9255
vn 0.4060 -0.0000 -0.9139
vn 0.4300 -0.0000 -0.9028
vn 0.8735 -0.0000 -0.4869
vn 0.5762 -0.0000 0.8173
vn -0.6223 -0.0000 0.7827
vn -0.8775 -0.0000 -0.4797
vn 0.6226 -0.0000 -0.7825
vn -0.0011 -0.0000 -1.0000
vn -0.6234 -0.0000 -0.7819
vn 0.8758 -0.0000 -0.4826
vn 0.6254 -0.0000 0.7803
vt 0.571429 0.000000
vt 0.857143 0.000000
vt 0.714286 0.000000
vt 1.000000 0.000000
vt 0.428571 0.000000
vt 0.285714 0.000000
vt 0.000000 0.000000
vt 0.142857 0.000000
vt 0.727273 0.000000
vt 0.818182 0.000000
vt 0.909091 0.000000
vt 0.090909 0.000000
vt 0.363636 0.000000
vt 0.181818 0.000000
vt 0.272727 0.000000
vt 0.454545 0.000000
vt 0.545455 0.000000
vt 0.636364 0.000000
vt 0.666667 0.000000
vt 0.333333 0.000000
vt 0.166667 0.000000
vt 0.500000 0.000000
vt 0.833333 0.000000
vt 0.855670 0.000000
vt 0.876289 0.000000
vt 0.865979 0.000000
vt 0.886598 0.000000
vt 0.896907 0.000000
vt 0.845361 0.000000
vt 0.907216 0.000000
vt 0.917526 0.000000
vt 0.927835 0.000000
vt 0.835052 0.000000
vt 0.938144 0.000000
vt 0.948454 0.000000
vt 0.958763 0.000000
vt 0.824742 0.000000
vt 0.969072 0.000000
vt 0.979381 0.000000
vt 0.989691 0.000000
vt 0.814433 0.000000
vt 0.092784 0.000000
vt 0.082474 0.000000
vt 0.072165 0.000000
vt 0.061856 0.000000
vt 0.051546 0.000000
vt 0.041237 0.000000
vt 0.030928 0.000000
vt 0.020619 0.000000
vt 0.010309 0.000000
vt 0.804124 0.000000
vt 0.113402 0.000000
vt 0.103093 0.000000
vt 0.123711 0.000000
vt 0.134021 0.000000
vt 0.144330 0.000000
vt 0.793814 0.000000
vt 0.154639 0.000000
vt 0.164948 0.000000
vt 0.783505 0.000000
vt 0.175258 0.000000
vt 0.185567 0.000000
vt 0.773196 0.000000
vt 0.195876 0.000000
vt 0.762887 0.000000
vt 0.206186 0.000000
vt 0.216495 0.000000
vt 0.752577 0.000000
vt 0.226804 0.000000
vt 0.742268 0.000000
vt 0.237113 0.000000
vt 0.247423 0.000000
vt 0.731959 0.000000
vt 0.257732 0.000000
vt 0.721649 0.000000
vt 0.268041 0.000000
vt 0.711340 0.000000
vt 0.278351 0.000000
vt 0.701031 0.000000
vt 0.288660 0.000000
vt 0.690722 0.000000
vt 0.298969 0.000000
vt 0.474227 0.000000
vt 0.494845 0.000000
vt 0.484536 0.000000
vt 0.309278 0.000000
vt 0.463918 0.000000
vt 0.680412 0.000000
vt 0.453608 0.000000
vt 0.319588 0.000000
vt 0.443299 0.000000
vt 0.432990 0.000000
vt 0.329897 0.000000
vt 0.422680 0.000000
vt 0.670103 0.000000
vt 0.412371 0.000000
vt 0.340206 0.000000
vt 0.402062 0.000000
vt 0.391753 0.000000
vt 0.350515 0.000000
vt 0.381443 0.000000
vt 0.371134 0.000000
vt 0.360825 0.000000
vt 0.659794 0.000000
vt 0.505155 0.000000
vt 0.649485 0.000000
vt 0.515464 0.000000
vt 0.525773 0.000000
vt 0.536082 0.000000
vt 0.639175 0.000000
vt 0.546392 0.000000
vt 0.556701 0.000000
vt 0.567010 0.000000
vt 0.628866 0.000000
vt 0.577320 0.000000
vt 0.587629 0.000000
vt 0.597938 0.000000
vt 0.618557 0.000000
vt 0.608247 0.000000
vt 0.484211 0.000000
vt 0.494737 0.000000
vt 0.010526 0.000000
vt 0.473684 0.000000
vt 0.021053 0.000000
vt 0.463158 0.000000
vt 0.031579 0.000000
vt 0.452632 0.000000
vt 0.042105 0.000000
vt 0.442105 0.000000
vt 0.052632 0.000000
vt 0.431579 0.000000
vt 0.747368 0.000000
vt 0.757895 0.000000
vt 0.736842 0.000000
vt 0.726316 0.000000
vt 0.768421 0.000000
vt 0.715789 0.000000
vt 0.778947 0.000000
vt 0.063158 0.000000
vt 0.421053 0.000000
vt 0.705263 0.000000
vt 0.789474 0.000000
vt 0.694737 0.000000
vt 0.800000 0.000000
vt 0.073684 0.000000
vt 0.410526 0.000000
vt 0.684211 0.000000
vt 0.810526 0.000000
vt 0.673684 0.000000
vt 0.821053 0.000000
vt 0.084211 0.000000
vt 0.400000 0.000000
vt 0.663158 0.000000
vt 0.831579 0.000000
vt 0.094737 0.000000
vt 0.389474 0.000000
vt 0.652632 0.000000
vt 0.842105 0.000000
vt 0.642105 0.000000
vt 0.852632 0.000000
vt 0.105263 0.000000
vt 0.378947 0.000000
vt 0.631579 0.000000
vt 0.863158 0.000000
vt 0.115789 0.000000
vt 0.368421 0.000000
vt 0.621053 0.000000
vt 0.873684 0.000000
vt 0.357895 0.000000
vt 0.884211 0.000000
vt 0.610526 0.000000
vt 0.126316 0.000000
vt 0.894737 0.000000
vt 0.600000 0.000000
vt 0.136842 0.000000
vt 0.347368 0.000000
vt 0.905263 0.000000
vt 0.589474 0.000000
vt 0.147368 0.000000
vt 0.336842 0.000000
vt 0.578947 0.000000
vt 0.915789 0.000000
vt 0.157895 0.000000
vt 0.326316 0.000000
vt 0.568421 0.000000
vt 0.926316 0.000000
vt 0.557895 0.000000
vt 0.936842 0.000000
vt 0.168421 0.000000
vt 0.315789 0.000000
vt 0.547368 0.000000
vt 0.947368 0.000000
vt 0.536842 0.000000
vt 0.957895 0.000000
vt 0.178947 0.000000
vt 0.305263 0.000000
vt 0.526316 0.000000
vt 0.968421 0.000000
vt 0.515789 0.000000
vt 0.978947 0.000000
vt 0.189474 0.000000
vt 0.294737 0.000000
vt 0.505263 0.000000
vt 0.989474 0.000000
vt 0.200000 0.000000
vt 0.284211 0.000000
vt 0.210526 0.000000
vt 0.273684 0.000000
vt 0.221053 0.000000
vt 0.263158 0.000000
vt 0.231579 0.000000
vt 0.252632 0.000000
vt 0.242105 0.000000
vt 0.298701 0.000000
vt 0.324675 0.000000
vt 0.311688 0.000000
vt 0.337662 0.000000
vt 0.961039 0.000000
vt 0.987013 0.000000
vt 0.974026 0.000000
vt 0.948052 0.000000
vt 0.350649 0.000000
vt 0.935065 0.000000
vt 0.922078 0.000000
vt 0.376623 0.000000
vt 0.389610 0.000000
vt 0.012987 0.000000
vt 0.896104 0.000000
vt 0.402597 0.000000
vt 0.883117 0.000000
vt 0.415584 0.000000
vt 0.870130 0.000000
vt 0.025974 0.000000
vt 0.441558 0.000000
vt 0.844156 0.000000
vt 0.259740 0.000000
vt 0.831169 0.000000
vt 0.467532 0.000000
vt 0.480519 0.000000
vt 0.038961 0.000000
vt 0.493506 0.000000
vt 0.805195 0.000000
vt 0.506494 0.000000
vt 0.246753 0.000000
vt 0.792208 0.000000
vt 0.519481 0.000000
vt 0.779221 0.000000
vt 0.051948 0.000000
vt 0.532468 0.000000
vt 0.766234 0.000000
vt 0.753247 0.000000
vt 0.740260 0.000000
vt 0.558442 0.000000
vt 0.233766 0.000000
vt 0.584416 0.000000
vt 0.064935 0.000000
vt 0.701299 0.000000
vt 0.597403 0.000000
vt 0.688312 0.000000
vt 0.610390 0.000000
vt 0.675325 0.000000
vt 0.623377 0.000000
vt 0.662338 0.000000
vt 0.649351 0.000000
vt 0.220779 0.000000
vt 0.077922 0.000000
vt 0.207792 0.000000
vt 0.194805 0.000000
vt 0.103896 0.000000
vt 0.116883 0.000000
vt 0.168831 0.000000
vt 0.129870 0.000000
vt 0.155844 0.000000
vt 0.398374 0.000000
vt 0.414634 0.000000
vt 0.406504 0.000000
vt 0.390244 0.000000
vt 0.422764 0.000000
vt 0.382114 0.000000
vt 0.430894 0.000000
vt 0.373984 0.000000
vt 0.439024 0.000000
vt 0.365854 0.000000
vt 0.447154 0.000000
vt 0.357724 0.000000
vt 0.902439 0.000000
vt 0.455285 0.000000
vt 0.910569 0.000000
vt 0.894309 0.000000
vt 0.886179 0.000000
vt 0.918699 0.000000
vt 0.349593 0.000000
vt 0.878049 0.000000
vt 0.463415 0.000000
vt 0.926829 0.000000
vt 0.869919 0.000000
vt 0.934959 0.000000
vt 0.861789 0.000000
vt 0.341463 0.000000
vt 0.471545 0.000000
vt 0.943089 0.000000
vt 0.853659 0.000000
vt 0.951219 0.000000
vt 0.845528 0.000000
vt 0.479675 0.000000
vt 0.959350 0.000000
vt 0.837398 0.000000
vt 0.325203 0.000000
vt 0.967480 0.000000
vt 0.487805 0.000000
vt 0.829268 0.000000
vt 0.975610 0.000000
vt 0.821138 0.000000
vt 0.317073 0.000000
vt 0.495935 0.000000
vt 0.983740 0.000000
vt 0.813008 0.000000
vt 0.991870 0.000000
vt 0.308943 0.000000
vt 0.504065 0.000000
vt 0.804878 0.000000
vt 0.300813 0.000000
vt 0.617886 0.000000
vt 0.512195 0.000000
vt 0.796748 0.000000
vt 0.626016 0.000000
vt 0.788618 0.000000
vt 0.292683 0.000000
vt 0.520325 0.000000
vt 0.634146 0.000000
vt 0.780488 0.000000
vt 0.284553 0.000000
vt 0.528455 0.000000
vt 0.642276 0.000000
vt 0.772358 0.000000
vt 0.536585 0.000000
vt 0.276423 0.000000
vt 0.650406 0.000000
vt 0.764228 0.000000
vt 0.544715 0.000000
vt 0.268293 0.000000
vt 0.658537 0.000000
vt 0.756098 0.000000
vt 0.747967 0.000000
vt 0.552846 0.000000
vt 0.260163 0.000000
vt 0.674797 0.000000
vt 0.739837 0.000000
vt 0.560976 0.000000
vt 0.252033 0.000000
vt 0.682927 0.000000
vt 0.731707 0.000000
vt 0.691057 0.000000
vt 0.723577 0.000000
vt 0.569106 0.000000
vt 0.699187 0.000000
vt 0.715447 0.000000
vt 0.243902 0.000000
vt 0.707317 0.000000
vt 0.577236 0.000000
vt 0.235772 0.000000
vt 0.585366 0.000000
vt 0.227642 0.000000
vt 0.593496 0.000000
vt 0.219512 0.000000
vt 0.609756 0.000000
vt 0.601626 0.000000
vt 0.211382 0.000000
vt 0.203252 0.000000
vt 0.008130 0.000000
vt 0.016260 0.000000
vt 0.195122 0.000000
vt 0.024390 0.000000
vt 0.032520 0.000000
vt 0.186992 0.000000
vt 0.040650 0.000000
vt 0.048780 0.000000
vt 0.089431 0.000000
vt 0.105691 0.000000
vt 0.097561 0.000000
vt 0.178862 0.000000
vt 0.056911 0.000000
vt 0.113821 0.000000
vt 0.081301 0.000000
vt 0.065041 0.000000
vt 0.073171 0.000000
vt 0.170732 0.000000
vt 0.162602 0.000000
vt 0.154472 0.000000
vt 0.146341 0.000000
vt 0.138211 0.000000
vt 0.130081 0.000000
vt 0.121951 0.000000
vt 0.336634 0.000000
vt 0.356436 0.000000
vt 0.346535 0.000000
vt 0.366337 0.000000
vt 0.376238 0.000000
vt 0.386139 0.000000
vt 0.326733 0.000000
vt 0.396040 0.000000
vt 0.405941 0.000000
vt 0.415842 0.000000
vt 0.316832 0.000000
vt 0.425743 0.000000
vt 0.435644 0.000000
vt 0.306931 0.000000
vt 0.445545 0.000000
vt 0.455446 0.000000
vt 0.297030 0.000000
vt 0.465347 0.000000
vt 0.574257 0.000000
vt 0.564356 0.000000
vt 0.554455 0.000000
vt 0.544554 0.000000
vt 0.534653 0.000000
vt 0.524752 0.000000
vt 0.514852 0.000000
vt 0.504951 0.000000
vt 0.495050 0.000000
vt 0.485149 0.000000
vt 0.475248 0.000000
vt 0.287129 0.000000
vt 0.594059 0.000000
vt 0.584158 0.000000
vt 0.603960 0.000000
vt 0.613861 0.000000
vt 0.623762 0.000000
vt 0.277228 0.000000
vt 0.633663 0.000000
vt 0.643564 0.000000
vt 0.267327 0.000000
vt 0.653465 0.000000
vt 0.663366 0.000000
vt 0.257426 0.000000
vt 0.673267 0.000000
vt 0.247525 0.000000
vt 0.683168 0.000000
vt 0.693069 0.000000
vt 0.237624 0.000000
vt 0.702970 0.000000
vt 0.227723 0.000000
vt 0.712871 0.000000
vt 0.722772 0.000000
vt 0.217822 0.000000
vt 0.970297 0.000000
vt 0.990099 0.000000
vt 0.980198 0.000000
vt 0.960396 0.000000
vt 0.732673 0.000000
vt 0.207921 0.000000
vt 0.742574 0.000000
vt 0.950495 0.000000
vt 0.198020 0.000000
vt 0.752475 0.000000
vt 0.762376 0.000000
vt 0.188119 0.000000
vt 0.772277 0.000000
vt 0.178218 0.000000
vt 0.782178 0.000000
vt 0.792079 0.000000
vt 0.168317 0.000000
vt 0.801980 0.000000
vt 0.940594 0.000000
vt 0.930693 0.000000
vt 0.920792 0.000000
vt 0.811881 0.000000
vt 0.910891 0.000000
vt 0.900990 0.000000
vt 0.891089 0.000000
vt 0.821782 0.000000
vt 0.158416 0.000000
vt 0.881188 0.000000
vt 0.871287 0.000000
vt 0.861386 0.000000
vt 0.831683 0.000000
vt 0.851485 0.000000
vt 0.841584 0.000000
vt 0.148515 0.000000
vt 0.009901 0.000000
vt 0.138614 0.000000
vt 0.019802 0.000000
vt 0.029703 0.000000
vt 0.128713 0.000000
vt 0.039604 0.000000
vt 0.049505 0.000000
vt 0.059406 0.000000
vt 0.118812 0.000000
vt 0.069307 0.000000
vt 0.079208 0.000000
vt 0.089109 0.000000
vt 0.108911 0.000000
vt 0.099010 0.000000
vt 0.555556 0.000000
vt 0.444444 0.000000
vt 0.111111 0.000000
vt 0.888889 0.000000
vt 0.777778 0.000000
vt 0.222222 0.000000
vt 0.900000 0.000000
vt 0.700000 0.000000
vt 0.100000 0.000000
vt 0.300000 0.000000
vt 0.000000 1.000000
vt 0.083333 1.000000
vt 0.083333 0.000000
vt 0.166667 1.000000
vt 0.250000 1.000000
vt 0.250000 0.000000
vt 0.333333 1.000000
vt 0.416667 1.000000
vt 0.416667 0.000000
vt 0.500000 1.000000
vt 0.583333 1.000000
vt 0.583333 0.000000
vt 0.666667 1.000000
vt 0.750000 1.000000
vt 0.750000 0.000000
vt 0.833333 1.000000
vt 0.916667 1.000000
vt 0.916667 0.000000
vt 1.000000 1.000000
vt 0.020833 1.000000
vt 0.020833 0.000000
vt 0.041667 1.000000
vt 0.041667 0.000000
vt 0.062500 1.000000
vt 0.062500 0.000000
vt 0.104167 1.000000
vt 0.104167 0.000000
vt 0.125000 1.000000
vt 0.125000 0.000000
vt 0.145833 1.000000
vt 0.145833 0.000000
vt 0.187500 1.000000
vt 0.187500 0.000000
vt 0.208333 1.000000
vt 0.208333 0.000000
vt 0.229167 1.000000
vt 0.229167 0.000000
vt 0.270833 1.000000
vt 0.270833 0.000000
vt 0.291667 1.000000
vt 0.291667 0.000000
vt 0.312500 1.000000
vt 0.312500 0.000000
vt 0.354167 1.000000
vt 0.354167 0.000000
vt 0.375000 1.000000
vt 0.375000 0.000000
vt 0.395833 1.000000
vt 0.395833 0.000000
vt 0.437500 1.000000
vt 0.437500 0.000000
vt 0.458333 1.000000
vt 0.458333 0.000000
vt 0.479167 1.000000
vt 0.479167 0.000000
vt 0.520833 1.000000
vt 0.520833 0.000000
vt 0.541667 1.000000
vt 0.541667 0.000000
vt 0.562500 1.000000
vt 0.562500 0.000000
vt 0.604167 1.000000
vt 0.604167 0.000000
vt 0.625000 1.000000
vt 0.625000 0.000000
vt 0.645833 1.000000
vt 0.645833 0.000000
vt 0.687500 1.000000
vt 0.687500 0.000000
vt 0.708333 1.000000
vt 0.708333 0.000000
vt 0.729167 1.000000
vt 0.729167 0.000000
vt 0.770833 1.000000
vt 0.770833 0.000000
vt 0.791667 1.000000
vt 0.791667 0.000000
vt 0.812500 1.000000
vt 0.812500 0.000000
vt 0.854167 1.000000
vt 0.854167 0.000000
vt 0.875000 1.000000
vt 0.875000 0.000000
vt 0.895833 1.000000
vt 0.895833 0.000000
vt 0.937500 1.000000
vt 0.937500 0.000000
vt 0.958333 1.000000
vt 0.958333 0.000000
vt 0.979167 1.000000
vt 0.979167 0.000000
vt 0.100000 1.000000
vt 0.200000 1.000000
vt 0.300000 1.000000
vt 0.400000 1.000000
vt 0.600000 1.000000
vt 0.700000 1.000000
vt 0.800000 1.000000
vt 0.900000 1.000000
vt 0.009804 1.000000
vt 0.009804 0.000000
vt 0.019608 1.000000
vt 0.019608 0.000000
vt 0.029412 1.000000
vt 0.029412 0.000000
vt 0.039216 1.000000
vt 0.039216 0.000000
vt 0.049020 1.000000
vt 0.049020 0.000000
vt 0.058824 1.000000
vt 0.058824 0.000000
vt 0.068627 1.000000
vt 0.068627 0.000000
vt 0.078431 1.000000
vt 0.078431 0.000000
vt 0.088235 1.000000
vt 0.088235 0.000000
vt 0.098039 1.000000
vt 0.098039 0.000000
vt 0.107843 1.000000
vt 0.107843 0.000000
vt 0.117647 1.000000
vt 0.117647 0.000000
vt 0.127451 1.000000
vt 0.127451 0.000000
vt 0.137255 1.000000
vt 0.137255 0.000000
vt 0.147059 1.000000
vt 0.147059 0.000000
vt 0.156863 1.000000
vt 0.156863 0.000000
vt 0.176471 1.000000
vt 0.176471 0.000000
vt 0.186275 1.000000
vt 0.186275 0.000000
vt 0.196078 1.000000
vt 0.196078 0.000000
vt 0.205882 1.000000
vt 0.205882 0.000000
vt 0.215686 1.000000
vt 0.215686 0.000000
vt 0.225490 1.000000
vt 0.225490 0.000000
vt 0.235294 1.000000
vt 0.235294 0.000000
vt 0.245098 1.000000
vt 0.245098 0.000000
vt 0.254902 1.000000
vt 0.254902 0.000000
vt 0.264706 1.000000
vt 0.264706 0.000000
vt 0.274510 1.000000
vt 0.274510 0.000000
vt 0.284314 1.000000
vt 0.284314 0.000000
vt 0.294118 1.000000
vt 0.294118 0.000000
vt 0.303922 1.000000
vt 0.303922 0.000000
vt 0.313726 1.000000
vt 0.313726 0.000000
vt 0.323529 1.000000
vt 0.323529 0.000000
vt 0.343137 1.000000
vt 0.343137 0.000000
vt 0.352941 1.000000
vt 0.352941 0.000000
vt 0.362745 1.000000
vt 0.362745 0.000000
vt 0.372549 1.000000
vt 0.372549 0.000000
vt 0.382353 1.000000
vt 0.382353 0.000000
vt 0.392157 1.000000
vt 0.392157 0.000000
vt 0.401961 1.000000
vt 0.401961 0.000000
vt 0.411765 1.000000
vt 0.411765 0.000000
vt 0.421569 1.000000
vt 0.421569 0.000000
vt 0.431373 1.000000
vt 0.431373 0.000000
vt 0.441176 1.000000
vt 0.441176 0.000000
vt 0.450980 1.000000
vt 0.450980 0.000000
vt 0.460784 1.000000
vt 0.460784 0.000000
vt 0.470588 1.000000
vt 0.470588 0.000000
vt 0.480392 1.000000
vt 0.480392 0.000000
vt 0.490196 1.000000
vt 0.490196 0.000000
vt 0.509804 1.000000
vt 0.509804 0.000000
vt 0.519608 1.000000
vt 0.519608 0.000000
vt 0.529412 1.000000
vt 0.529412 0.000000
vt 0.539216 1.000000
vt 0.539216 0.000000
vt 0.549020 1.000000
vt 0.549020 0.000000
vt 0.558824 1.000000
vt 0.558824 0.000000
vt 0.568627 1.000000
vt 0.568627 0.000000
vt 0.578431 1.000000
vt 0.578431 0.000000
vt 0.588235 1.000000
vt 0.588235 0.000000
vt 0.598039 1.000000
vt 0.598039 0.000000
vt 0.607843 1.000000
vt 0.607843 0.000000
vt 0.617647 1.000000
vt 0.617647 0.000000
vt 0.627451 1.000000
vt 0.627451 0.000000
vt 0.637255 1.000000
vt 0.637255 0.000000
vt 0.647059 1.000000
vt 0.647059 0.000000
vt 0.656863 1.000000
vt 0.656863 0.000000
vt 0.676471 1.000000
vt 0.676471 0.000000
vt 0.686275 1.000000
vt 0.686275 0.000000
vt 0.696078 1.000000
vt 0.696078 0.000000
vt 0.705882 1.000000
vt 0.705882 0.000000
vt 0.715686 1.000000
vt 0.715686 0.000000
vt 0.725490 1.000000
vt 0.725490 0.000000
vt 0.735294 1.000000
vt 0.735294 0.000000
vt 0.745098 1.000000
vt 0.745098 0.000000
vt 0.754902 1.000000
vt 0.754902 0.000000
vt 0.764706 1.000000
vt 0.764706 0.000000
vt 0.774510 1.000000
vt 0.774510 0.000000
vt 0.784314 1.000000
vt 0.784314 0.000000
vt 0.794118 1.000000
vt 0.794118 0.000000
vt 0.803922 1.000000
vt 0.803922 0.000000
vt 0.813725 1.000000
vt 0.813725 0.000000
vt 0.823529 1.000000
vt 0.823529 0.000000
vt 0.843137 1.000000
vt 0.843137 0.000000
vt 0.852941 1.000000
vt 0.852941 0.000000
vt 0.862745 1.000000
vt 0.862745 0.000000
vt 0.872549 1.000000
vt 0.872549 0.000000
vt 0.882353 1.000000
vt 0.882353 0.000000
vt 0.892157 1.000000
vt 0.892157 0.000000
vt 0.901961 1.000000
vt 0.901961 0.000000
vt 0.911765 1.000000
vt 0.911765 0.000000
vt 0.921569 1.000000
vt 0.921569 0.000000
vt 0.931373 1.000000
vt 0.931373 0.000000
vt 0.941176 1.000000
vt 0.941176 0.000000
vt 0.950980 1.000000
vt 0.950980 0.000000
vt 0.960784 1.000000
vt 0.960784 0.000000
vt 0.970588 1.000000
vt 0.970588 0.000000
vt 0.980392 1.000000
vt 0.980392 0.000000
vt 0.990196 1.000000
vt 0.990196 0.000000
vt 0.013158 1.000000
vt 0.013158 0.000000
vt 0.026316 1.000000
vt 0.026316 0.000000
vt 0.039474 1.000000
vt 0.039474 0.000000
vt 0.052632 1.000000
vt 0.065789 1.000000
vt 0.065789 0.000000
vt 0.078947 1.000000
vt 0.078947 0.000000
vt 0.092105 1.000000
vt 0.092105 0.000000
vt 0.105263 1.000000
vt 0.118421 1.000000
vt 0.118421 0.000000
vt 0.131579 1.000000
vt 0.131579 0.000000
vt 0.144737 1.000000
vt 0.144737 0.000000
vt 0.157895 1.000000
vt 0.171053 1.000000
vt 0.171053 0.000000
vt 0.184211 1.000000
vt 0.184211 0.000000
vt 0.197368 1.000000
vt 0.197368 0.000000
vt 0.210526 1.000000
vt 0.223684 1.000000
vt 0.223684 0.000000
vt 0.236842 1.000000
vt 0.236842 0.000000
vt 0.263158 1.000000
vt 0.276316 1.000000
vt 0.276316 0.000000
vt 0.289474 1.000000
vt 0.289474 0.000000
vt 0.302632 1.000000
vt 0.302632 0.000000
vt 0.315789 1.000000
vt 0.328947 1.000000
vt 0.328947 0.000000
vt 0.342105 1.000000
vt 0.342105 0.000000
vt 0.355263 1.000000
vt 0.355263 0.000000
vt 0.368421 1.000000
vt 0.381579 1.000000
vt 0.381579 0.000000
vt 0.394737 1.000000
vt 0.394737 0.000000
vt 0.407895 1.000000
vt 0.407895 0.000000
vt 0.421053 1.000000
vt 0.434211 1.000000
vt 0.434211 0.000000
vt 0.447368 1.000000
vt 0.447368 0.000000
vt 0.460526 1.000000
vt 0.460526 0.000000
vt 0.473684 1.000000
vt 0.486842 1.000000
vt 0.486842 0.000000
vt 0.513158 1.000000
vt 0.513158 0.000000
vt 0.526316 1.000000
vt 0.539474 1.000000
vt 0.539474 0.000000
vt 0.552632 1.000000
vt 0.552632 0.000000
vt 0.565789 1.000000
vt 0.565789 0.000000
vt 0.578947 1.000000
vt 0.592105 1.000000
vt 0.592105 0.000000
vt 0.605263 1.000000
vt 0.605263 0.000000
vt 0.618421 1.000000
vt 0.618421 0.000000
vt 0.631579 1.000000
vt 0.644737 1.000000
vt 0.644737 0.000000
vt 0.657895 1.000000
vt 0.657895 0.000000
vt 0.671053 1.000000
vt 0.671053 0.000000
vt 0.684211 1.000000
vt 0.697368 1.000000
vt 0.697368 0.000000
vt 0.710526 1.000000
vt 0.710526 0.000000
vt 0.723684 1.000000
vt 0.723684 0.000000
vt 0.736842 1.000000
vt 0.763158 1.000000
vt 0.763158 0.000000
vt 0.776316 1.000000
vt 0.776316 0.000000
vt 0.789474 1.000000
vt 0.802632 1.000000
vt 0.802632 0.000000
vt 0.815789 1.000000
vt 0.815789 0.000000
vt 0.828947 1.000000
vt 0.828947 0.000000
vt 0.842105 1.000000
vt 0.855263 1.000000
vt 0.855263 0.000000
vt 0.868421 1.000000
vt 0.868421 0.000000
vt 0.881579 1.000000
vt 0.881579 0.000000
vt 0.894737 1.000000
vt 0.907895 1.000000
vt 0.907895 0.000000
vt 0.921053 1.000000
vt 0.921053 0.000000
vt 0.934211 1.000000
vt 0.934211 0.000000
vt 0.947368 1.000000
vt 0.960526 1.000000
vt 0.960526 0.000000
vt 0.973684 1.000000
vt 0.973684 0.000000
vt 0.986842 1.000000
vt 0.986842 0.000000
vt 0.012821 1.000000
vt 0.012821 0.000000
vt 0.025641 1.000000
vt 0.025641 0.000000
vt 0.038462 1.000000
vt 0.038462 0.000000
vt 0.051282 1.000000
vt 0.051282 0.000000
vt 0.064103 1.000000
vt 0.064103 0.000000
vt 0.076923 1.000000
vt 0.076923 0.000000
vt 0.089744 1.000000
vt 0.089744 0.000000
vt 0.102564 1.000000
vt 0.102564 0.000000
vt 0.115385 1.000000
vt 0.115385 0.000000
vt 0.128205 1.000000
vt 0.128205 0.000000
vt 0.141026 1.000000
vt 0.141026 0.000000
vt 0.153846 1.000000
vt 0.153846 0.000000
vt 0.179487 1.000000
vt 0.179487 0.000000
vt 0.192308 1.000000
vt 0.192308 0.000000
vt 0.205128 1.000000
vt 0.205128 0.000000
vt 0.217949 1.000000
vt 0.217949 0.000000
vt 0.230769 1.000000
vt 0.230769 0.000000
vt 0.243590 1.000000
vt 0.243590 0.000000
vt 0.256410 1.000000
vt 0.256410 0.000000
vt 0.269231 1.000000
vt 0.269231 0.000000
vt 0.282051 1.000000
vt 0.282051 0.000000
vt 0.294872 1.000000
vt 0.294872 0.000000
vt 0.307692 1.000000
vt 0.307692 0.000000
vt 0.320513 1.000000
vt 0.320513 0.000000
vt 0.346154 1.000000
vt 0.346154 0.000000
vt 0.358974 1.000000
vt 0.358974 0.000000
vt 0.371795 1.000000
vt 0.371795 0.000000
vt 0.384615 1.000000
vt 0.384615 0.000000
vt 0.397436 1.000000
vt 0.397436 0.000000
vt 0.410256 1.000000
vt 0.410256 0.000000
vt 0.423077 1.000000
vt 0.423077 0.000000
vt 0.435897 1.000000
vt 0.435897 0.000000
vt 0.448718 1.000000
vt 0.448718 0.000000
vt 0.461538 1.000000
vt 0.461538 0.000000
vt 0.474359 1.000000
vt 0.474359 0.000000
vt 0.487179 1.000000
vt 0.487179 0.000000
vt 0.512821 1.000000
vt 0.512821 0.000000
vt 0.525641 1.000000
vt 0.525641 0.000000
vt 0.538462 1.000000
vt 0.538462 0.000000
vt 0.551282 1.000000
vt 0.551282 0.000000
vt 0.564103 1.000000
vt 0.564103 0.000000
vt 0.576923 1.000000
vt 0.576923 0.000000
vt 0.589744 1.000000
vt 0.589744 0.000000
vt 0.602564 1.000000
vt 0.602564 0.000000
vt 0.615385 1.000000
vt 0.615385 0.000000
vt 0.628205 1.000000
vt 0.628205 0.000000
vt 0.641026 1.000000
vt 0.641026 0.000000
vt 0.653846 1.000000
vt 0.653846 0.000000
vt 0.679487 1.000000
vt 0.679487 0.000000
vt 0.692308 1.000000
vt 0.692308 0.000000
vt 0.705128 1.000000
vt 0.705128 0.000000
vt 0.717949 1.000000
vt 0.717949 0.000000
vt 0.730769 1.000000
vt 0.730769 0.000000
vt 0.743590 1.000000
vt 0.743590 0.000000
vt 0.756410 1.000000
vt 0.756410 0.000000
vt 0.769231 1.000000
vt 0.769231 0.000000
vt 0.782051 1.000000
vt 0.782051 0.000000
vt 0.794872 1.000000
vt 0.794872 0.000000
vt 0.807692 1.000000
vt 0.807692 0.000000
vt 0.820513 1.000000
vt 0.820513 0.000000
vt 0.846154 1.000000
vt 0.846154 0.000000
vt 0.858974 1.000000
vt 0.858974 0.000000
vt 0.871795 1.000000
vt 0.871795 0.000000
vt 0.884615 1.000000
vt 0.884615 0.000000
vt 0.897436 1.000000
vt 0.897436 0.000000
vt 0.910256 1.000000
vt 0.910256 0.000000
vt 0.923077 1.000000
vt 0.923077 0.000000
vt 0.935897 1.000000
vt 0.935897 0.000000
vt 0.948718 1.000000
vt 0.948718 0.000000
vt 0.961538 1.000000
vt 0.961538 0.000000
vt 0.974359 1.000000
vt 0.974359 0.000000
vt 0.987179 1.000000
vt 0.987179 0.000000
vt 0.010204 1.000000
vt 0.010204 0.000000
vt 0.020408 1.000000
vt 0.020408 0.000000
vt 0.030612 1.000000
vt 0.030612 0.000000
vt 0.040816 1.000000
vt 0.040816 0.000000
vt 0.051020 1.000000
vt 0.051020 0.000000
vt 0.061224 1.000000
vt 0.061224 0.000000
vt 0.071429 1.000000
vt 0.071429 0.000000
vt 0.081633 1.000000
vt 0.081633 0.000000
vt 0.091837 1.000000
vt 0.091837 0.000000
vt 0.102041 1.000000
vt 0.102041 0.000000
vt 0.112245 1.000000
vt 0.112245 0.000000
vt 0.122449 1.000000
vt 0.122449 0.000000
vt 0.132653 1.000000
vt 0.132653 0.000000
vt 0.142857 1.000000
vt 0.153061 1.000000
vt 0.153061 0.000000
vt 0.163265 1.000000
vt 0.163265 0.000000
vt 0.173469 1.000000
vt 0.173469 0.000000
vt 0.183673 1.000000
vt 0.183673 0.000000
vt 0.193878 1.000000
vt 0.193878 0.000000
vt 0.204082 1.000000
vt 0.204082 0.000000
vt 0.214286 1.000000
vt 0.214286 0.000000
vt 0.224490 1.000000
vt 0.224490 0.000000
vt 0.234694 1.000000
vt 0.234694 0.000000
vt 0.244898 1.000000
vt 0.244898 0.000000
vt 0.255102 1.000000
vt 0.255102 0.000000
vt 0.265306 1.000000
vt 0.265306 0.000000
vt 0.275510 1.000000
vt 0.275510 0.000000
vt 0.285714 1.000000
vt 0.295918 1.000000
vt 0.295918 0.000000
vt 0.306122 1.000000
vt 0.306122 0.000000
vt 0.316327 1.000000
vt 0.316327 0.000000
vt 0.326531 1.000000
vt 0.326531 0.000000
vt 0.336735 1.000000
vt 0.336735 0.000000
vt 0.346939 1.000000
vt 0.346939 0.000000
vt 0.357143 1.000000
vt 0.357143 0.000000
vt 0.367347 1.000000
vt 0.367347 0.000000
vt 0.377551 1.000000
vt 0.377551 0.000000
vt 0.387755 1.000000
vt 0.387755 0.000000
vt 0.397959 1.000000
vt 0.397959 0.000000
vt 0.408163 1.000000
vt 0.408163 0.000000
vt 0.418367 1.000000
vt 0.418367 0.000000
vt 0.428571 1.000000
vt 0.438776 1.000000
vt 0.438776 0.000000
vt 0.448980 1.000000
vt 0.448980 0.000000
vt 0.459184 1.000000
vt 0.459184 0.000000
vt 0.469388 1.000000
vt 0.469388 0.000000
vt 0.479592 1.000000
vt 0.479592 0.000000
vt 0.489796 1.000000
vt 0.489796 0.000000
vt 0.510204 1.000000
vt 0.510204 0.000000
vt 0.520408 1.000000
vt 0.520408 0.000000
vt 0.530612 1.000000
vt 0.530612 0.000000
vt 0.540816 1.000000
vt 0.540816 0.000000
vt 0.551020 1.000000
vt 0.551020 0.000000
vt 0.561224 1.000000
vt 0.561224 0.000000
vt 0.571429 1.000000
vt 0.581633 1.000000
vt 0.581633 0.000000
vt 0.591837 1.000000
vt 0.591837 0.000000
vt 0.602041 1.000000
vt 0.602041 0.000000
vt 0.612245 1.000000
vt 0.612245 0.000000
vt 0.622449 1.000000
vt 0.622449 0.000000
vt 0.632653 1.000000
vt 0.632653 0.000000
vt 0.642857 1.000000
vt 0.642857 0.000000
vt 0.653061 1.000000
vt 0.653061 0.000000
vt 0.663265 1.000000
vt 0.663265 0.000000
vt 0.673469 1.000000
vt 0.673469 0.000000
vt 0.683673 1.000000
vt 0.683673 0.000000
vt 0.693878 1.000000
vt 0.693878 0.000000
vt 0.704082 1.000000
vt 0.704082 0.000000
vt 0.714286 1.000000
vt 0.724490 1.000000
vt 0.724490 0.000000
vt 0.734694 1.000000
vt 0.734694 0.000000
vt 0.744898 1.000000
vt 0.744898 0.000000
vt 0.755102 1.000000
vt 0.755102 0.000000
vt 0.765306 1.000000
vt 0.765306 0.000000
vt 0.775510 1.000000
vt 0.775510 0.000000
vt 0.785714 1.000000
vt 0.785714 0.000000
vt 0.795918 1.000000
vt 0.795918 0.000000
vt 0.806122 1.000000
vt 0.806122 0.000000
vt 0.816327 1.000000
vt 0.816327 0.000000
vt 0.826531 1.000000
vt 0.826531 0.000000
vt 0.836735 1.000000
vt 0.836735 0.000000
vt 0.846939 1.000000
vt 0.846939 0.000000
vt 0.857143 1.000000
vt 0.867347 1.000000
vt 0.867347 0.000000
vt 0.877551 1.000000
vt 0.877551 0.000000
vt 0.887755 1.000000
vt 0.887755 0.000000
vt 0.897959 1.000000
vt 0.897959 0.000000
vt 0.908163 1.000000
vt 0.908163 0.000000
vt 0.918367 1.000000
vt 0.918367 0.000000
vt 0.928571 1.000000
vt 0.928571 0.000000
vt 0.938776 1.000000
vt 0.938776 0.000000
vt 0.948980 1.000000
vt 0.948980 0.000000
vt 0.959184 1.000000
vt 0.959184 0.000000
vt 0.969388 1.000000
vt 0.969388 0.000000
vt 0.979592 1.000000
vt 0.979592 0.000000
vt 0.989796 1.000000
vt 0.989796 0.000000
s 0
usemtl Street_name_1
f 5/1/1 7/2/1 6/3/1
f 5/1/1 8/4/1 7/2/1
f 4/5/1 8/4/1 5/1/1
f 3/6/1 1/7/1 4/5/1
f 1/7/1 8/4/1 4/5/1
f 3/6/1 2/8/1 1/7/1
f 17/9/1 9/7/1 18/10/1
f 9/7/1 19/11/1 18/10/1
f 9/7/1 20/4/1 19/11/1
f 17/9/1 10/12/1 9/7/1
f 17/9/1 13/13/1 10/12/1
f 13/13/1 11/14/1 10/12/1
f 13/13/1 12/15/1 11/14/1
f 17/9/1 14/16/1 13/13/1
f 17/9/1 15/17/1 14/16/1
f 17/9/1 16/18/1 15/17/1
f 21/7/1 23/19/1 22/20/1
f 21/7/1 24/4/1 23/19/1
f 25/7/1 27/20/1 26/21/1
f 25/7/1 28/22/1 27/20/1
f 28/22/1 30/23/1 29/19/1
f 28/22/1 31/4/1 30/23/1
f 25/7/1 31/4/1 28/22/1
f 115/24/1 117/25/1 116/26/1
f 115/24/1 118/27/1 117/25/1
f 115/24/1 119/28/1 118/27/1
f 114/29/1 119/28/1 115/24/1
f 114/29/1 120/30/1 119/28/1
f 114/29/1 121/31/1 120/30/1
f 114/29/1 122/32/1 121/31/1
f 113/33/1 122/32/1 114/29/1
f 113/33/1 123/34/1 122/32/1
f 113/33/1 124/35/1 123/34/1
f 113/33/1 125/36/1 124/35/1
f 112/37/1 125/36/1 113/33/1
f 112/37/1 126/38/1 125/36/1
f 112/37/1 127/39/1 126/38/1
f 112/37/1 128/40/1 127/39/1
f 111/41/1 128/40/1 112/37/1
f 111/41/1 41/42/1 128/40/1
f 41/42/1 40/43/1 128/40/1
f 40/43/1 39/44/1 128/40/1
f 39/44/1 38/45/1 128/40/1
f 38/45/1 37/46/1 128/40/1
f 37/46/1 36/47/1 128/40/1
f 36/47/1 35/48/1 128/40/1
f 35/48/1 34/49/1 128/40/1
f 34/49/1 33/50/1 128/40/1
f 33/50/1 32/7/1 128/40/1
f 32/7/1 129/4/1 128/40/1
f 110/51/1 43/52/1 111/41/1
f 43/52/1 42/53/1 111/41/1
f 42/53/1 41/42/1 111/41/1
f 110/51/1 44/54/1 43/52/1
f 110/51/1 45/55/1 44/54/1
f 110/51/1 46/56/1 45/55/1
f 109/57/1 46/56/1 110/51/1
f 109/57/1 47/58/1 46/56/1
f 109/57/1 48/59/1 47/58/1
f 108/60/1 48/59/1 109/57/1
f 108/60/1 49/61/1 48/59/1
f 108/60/1 50/62/1 49/61/1
f 107/63/1 50/62/1 108/60/1
f 107/63/1 51/64/1 50/62/1
f 106/65/1 51/64/1 107/63/1
f 106/65/1 52/66/1 51/64/1
f 106/65/1 53/67/1 52/66/1
f 105/68/1 53/67/1 106/65/1
f 105/68/1 54/69/1 53/67/1
f 104/70/1 54/69/1 105/68/1
f 104/70/1 55/71/1 54/69/1
f 104/70/1 56/72/1 55/71/1
f 103/73/1 56/72/1 104/70/1
f 103/73/1 57/74/1 56/72/1
f 102/75/1 57/74/1 103/73/1
f 102/75/1 58/76/1 57/74/1
f 101/77/1 58/76/1 102/75/1
f 101/77/1 59/78/1 58/76/1
f 100/79/1 59/78/1 101/77/1
f 100/79/1 60/80/1 59/78/1
f 99/81/1 60/80/1 100/79/1
f 99/81/1 61/82/1 60/80/1
f 78/83/1 80/84/1 79/85/1
f 99/81/1 62/86/1 61/82/1
f 77/87/1 80/84/1 78/83/1
f 98/88/1 62/86/1 99/81/1
f 76/89/1 80/84/1 77/87/1
f 98/88/1 63/90/1 62/86/1
f 75/91/1 80/84/1 76/89/1
f 74/92/1 80/84/1 75/91/1
f 98/88/1 64/93/1 63/90/1
f 73/94/1 80/84/1 74/92/1
f 97/95/1 64/93/1 98/88/1
f 72/96/1 80/84/1 73/94/1
f 97/95/1 65/97/1 64/93/1
f 71/98/1 80/84/1 72/96/1
f 70/99/1 80/84/1 71/98/1
f 97/95/1 66/100/1 65/97/1
f 69/101/1 80/84/1 70/99/1
f 68/102/1 80/84/1 69/101/1
f 97/95/1 67/103/1 66/100/1
f 67/103/1 80/84/1 68/102/1
f 97/95/1 80/84/1 67/103/1
f 96/104/1 80/84/1 97/95/1
f 96/104/1 81/105/1 80/84/1
f 95/106/1 81/105/1 96/104/1
f 95/106/1 82/107/1 81/105/1
f 95/106/1 83/108/1 82/107/1
f 95/106/1 84/109/1 83/108/1
f 94/110/1 84/109/1 95/106/1
f 94/110/1 85/111/1 84/109/1
f 94/110/1 86/112/1 85/111/1
f 94/110/1 87/113/1 86/112/1
f 93/114/1 87/113/1 94/110/1
f 93/114/1 88/115/1 87/113/1
f 93/114/1 89/116/1 88/115/1
f 93/114/1 90/117/1 89/116/1
f 92/118/1 90/117/1 93/114/1
f 92/118/1 91/119/1 90/117/1
f 176/120/1 130/7/1 177/121/1
f 176/120/1 131/122/1 130/7/1
f 175/123/1 131/122/1 176/120/1
f 175/123/1 132/124/1 131/122/1
f 174/125/1 132/124/1 175/123/1
f 174/125/1 133/126/1 132/124/1
f 173/127/1 133/126/1 174/125/1
f 173/127/1 134/128/1 133/126/1
f 172/129/1 134/128/1 173/127/1
f 172/129/1 135/130/1 134/128/1
f 171/131/1 201/132/1 172/129/1
f 201/132/1 135/130/1 172/129/1
f 171/131/1 202/133/1 201/132/1
f 200/134/1 135/130/1 201/132/1
f 199/135/1 135/130/1 200/134/1
f 171/131/1 203/136/1 202/133/1
f 198/137/1 135/130/1 199/135/1
f 171/131/1 204/138/1 203/136/1
f 198/137/1 136/139/1 135/130/1
f 170/140/1 204/138/1 171/131/1
f 197/141/1 136/139/1 198/137/1
f 170/140/1 205/142/1 204/138/1
f 196/143/1 136/139/1 197/141/1
f 170/140/1 206/144/1 205/142/1
f 196/143/1 137/145/1 136/139/1
f 169/146/1 206/144/1 170/140/1
f 195/147/1 137/145/1 196/143/1
f 169/146/1 207/148/1 206/144/1
f 194/149/1 137/145/1 195/147/1
f 169/146/1 208/150/1 207/148/1
f 194/149/1 138/151/1 137/145/1
f 168/152/1 208/150/1 169/146/1
f 193/153/1 138/151/1 194/149/1
f 168/152/1 209/154/1 208/150/1
f 193/153/1 139/155/1 138/151/1
f 167/156/1 209/154/1 168/152/1
f 192/157/1 139/155/1 193/153/1
f 167/156/1 210/158/1 209/154/1
f 191/159/1 139/155/1 192/157/1
f 167/156/1 211/160/1 210/158/1
f 191/159/1 140/161/1 139/155/1
f 166/162/1 211/160/1 167/156/1
f 190/163/1 140/161/1 191/159/1
f 166/162/1 212/164/1 211/160/1
f 190/163/1 141/165/1 140/161/1
f 165/166/1 212/164/1 166/162/1
f 189/167/1 141/165/1 190/163/1
f 165/166/1 213/168/1 212/164/1
f 164/169/1 213/168/1 165/166/1
f 164/169/1 214/170/1 213/168/1
f 188/171/1 141/165/1 189/167/1
f 188/171/1 142/172/1 141/165/1
f 164/169/1 215/173/1 214/170/1
f 187/174/1 142/172/1 188/171/1
f 187/174/1 143/175/1 142/172/1
f 163/176/1 215/173/1 164/169/1
f 163/176/1 216/177/1 215/173/1
f 186/178/1 143/175/1 187/174/1
f 186/178/1 144/179/1 143/175/1
f 162/180/1 216/177/1 163/176/1
f 185/181/1 144/179/1 186/178/1
f 162/180/1 217/182/1 216/177/1
f 185/181/1 145/183/1 144/179/1
f 161/184/1 217/182/1 162/180/1
f 184/185/1 145/183/1 185/181/1
f 161/184/1 218/186/1 217/182/1
f 183/187/1 145/183/1 184/185/1
f 161/184/1 219/188/1 218/186/1
f 183/187/1 146/189/1 145/183/1
f 160/190/1 219/188/1 161/184/1
f 182/191/1 146/189/1 183/187/1
f 160/190/1 220/192/1 219/188/1
f 181/193/1 146/189/1 182/191/1
f 160/190/1 221/194/1 220/192/1
f 181/193/1 147/195/1 146/189/1
f 159/196/1 221/194/1 160/190/1
f 180/197/1 147/195/1 181/193/1
f 159/196/1 222/198/1 221/194/1
f 179/199/1 147/195/1 180/197/1
f 159/196/1 223/200/1 222/198/1
f 179/199/1 148/201/1 147/195/1
f 158/202/1 223/200/1 159/196/1
f 178/203/1 148/201/1 179/199/1
f 158/202/1 224/204/1 223/200/1
f 225/4/1 148/201/1 178/203/1
f 158/202/1 225/4/1 224/204/1
f 158/202/1 148/201/1 225/4/1
f 158/202/1 149/205/1 148/201/1
f 157/206/1 149/205/1 158/202/1
f 157/206/1 150/207/1 149/205/1
f 156/208/1 150/207/1 157/206/1
f 156/208/1 151/209/1 150/207/1
f 155/210/1 151/209/1 156/208/1
f 155/210/1 152/211/1 151/209/1
f 154/212/1 152/211/1 155/210/1
f 154/212/1 153/213/1 152/211/1
f 249/214/1 251/215/1 250/216/1
f 249/214/1 252/217/1 251/215/1
f 300/218/1 302/219/1 301/220/1
f 300/218/1 303/4/1 302/219/1
f 299/221/1 303/4/1 300/218/1
f 249/214/1 253/222/1 252/217/1
f 298/223/1 303/4/1 299/221/1
f 298/223/1 226/7/1 303/4/1
f 249/214/1 254/13/1 253/222/1
f 248/6/1 254/13/1 249/214/1
f 297/224/1 226/7/1 298/223/1
f 248/6/1 255/225/1 254/13/1
f 296/11/1 226/7/1 297/224/1
f 248/6/1 256/226/1 255/225/1
f 296/11/1 227/227/1 226/7/1
f 295/228/1 227/227/1 296/11/1
f 248/6/1 257/229/1 256/226/1
f 247/15/1 257/229/1 248/6/1
f 294/230/1 227/227/1 295/228/1
f 247/15/1 258/231/1 257/229/1
f 293/232/1 227/227/1 294/230/1
f 247/15/1 259/5/1 258/231/1
f 293/232/1 228/233/1 227/227/1
f 292/2/1 228/233/1 293/232/1
f 247/15/1 260/234/1 259/5/1
f 291/235/1 228/233/1 292/2/1
f 246/236/1 260/234/1 247/15/1
f 246/236/1 261/16/1 260/234/1
f 290/237/1 228/233/1 291/235/1
f 246/236/1 262/238/1 261/16/1
f 246/236/1 263/239/1 262/238/1
f 289/10/1 228/233/1 290/237/1
f 289/10/1 229/240/1 228/233/1
f 246/236/1 264/241/1 263/239/1
f 288/242/1 229/240/1 289/10/1
f 246/236/1 265/243/1 264/241/1
f 245/244/1 265/243/1 246/236/1
f 287/245/1 229/240/1 288/242/1
f 245/244/1 266/246/1 265/243/1
f 286/247/1 229/240/1 287/245/1
f 286/247/1 230/248/1 229/240/1
f 245/244/1 267/249/1 266/246/1
f 285/250/1 230/248/1 286/247/1
f 284/251/1 230/248/1 285/250/1
f 245/244/1 268/17/1 267/249/1
f 283/252/1 230/248/1 284/251/1
f 245/244/1 269/253/1 268/17/1
f 244/254/1 269/253/1 245/244/1
f 282/9/1 230/248/1 283/252/1
f 244/254/1 270/1/1 269/253/1
f 281/3/1 230/248/1 282/9/1
f 244/254/1 271/255/1 270/1/1
f 281/3/1 231/256/1 230/248/1
f 280/257/1 231/256/1 281/3/1
f 244/254/1 272/258/1 271/255/1
f 279/259/1 231/256/1 280/257/1
f 244/254/1 273/260/1 272/258/1
f 278/261/1 231/256/1 279/259/1
f 244/254/1 274/262/1 273/260/1
f 277/263/1 231/256/1 278/261/1
f 244/254/1 275/18/1 274/262/1
f 276/264/1 231/256/1 277/263/1
f 244/254/1 276/264/1 275/18/1
f 244/254/1 231/256/1 276/264/1
f 243/265/1 231/256/1 244/254/1
f 243/265/1 232/266/1 231/256/1
f 242/267/1 232/266/1 243/265/1
f 242/267/1 233/12/1 232/266/1
f 241/268/1 233/12/1 242/267/1
f 241/268/1 234/269/1 233/12/1
f 240/14/1 234/269/1 241/268/1
f 240/14/1 235/270/1 234/269/1
f 239/271/1 235/270/1 240/14/1
f 239/271/1 236/272/1 235/270/1
f 238/273/1 236/272/1 239/271/1
f 238/273/1 237/8/1 236/272/1
f 353/274/1 355/275/1 354/276/1
f 352/277/1 355/275/1 353/274/1
f 352/277/1 356/278/1 355/275/1
f 351/279/1 356/278/1 352/277/1
f 351/279/1 357/280/1 356/278/1
f 350/281/1 357/280/1 351/279/1
f 350/281/1 358/282/1 357/280/1
f 349/283/1 358/282/1 350/281/1
f 349/283/1 359/284/1 358/282/1
f 348/285/1 359/284/1 349/283/1
f 348/285/1 415/286/1 359/284/1
f 415/286/1 360/287/1 359/284/1
f 348/285/1 416/288/1 415/286/1
f 414/289/1 360/287/1 415/286/1
f 413/290/1 360/287/1 414/289/1
f 348/285/1 417/291/1 416/288/1
f 347/292/1 417/291/1 348/285/1
f 412/293/1 360/287/1 413/290/1
f 412/293/1 361/294/1 360/287/1
f 347/292/1 418/295/1 417/291/1
f 411/296/1 361/294/1 412/293/1
f 347/292/1 419/297/1 418/295/1
f 410/298/1 361/294/1 411/296/1
f 346/299/1 419/297/1 347/292/1
f 410/298/1 362/300/1 361/294/1
f 346/299/1 420/301/1 419/297/1
f 409/302/1 362/300/1 410/298/1
f 346/299/1 421/303/1 420/301/1
f 408/304/1 362/300/1 409/302/1
f 345/20/1 421/303/1 346/299/1
f 408/304/1 363/305/1 362/300/1
f 345/20/1 422/306/1 421/303/1
f 407/307/1 363/305/1 408/304/1
f 344/308/1 422/306/1 345/20/1
f 344/308/1 423/309/1 422/306/1
f 407/307/1 364/310/1 363/305/1
f 406/311/1 364/310/1 407/307/1
f 344/308/1 424/312/1 423/309/1
f 405/313/1 364/310/1 406/311/1
f 343/314/1 424/312/1 344/308/1
f 405/313/1 365/315/1 364/310/1
f 343/314/1 425/316/1 424/312/1
f 404/317/1 365/315/1 405/313/1
f 343/314/1 426/318/1 425/316/1
f 342/319/1 426/318/1 343/314/1
f 404/317/1 366/320/1 365/315/1
f 403/321/1 366/320/1 404/317/1
f 342/319/1 427/4/1 426/318/1
f 341/322/1 427/4/1 342/319/1
f 341/322/1 380/323/1 427/4/1
f 403/321/1 367/324/1 366/320/1
f 402/325/1 367/324/1 403/321/1
f 341/322/1 381/326/1 380/323/1
f 401/327/1 367/324/1 402/325/1
f 340/328/1 381/326/1 341/322/1
f 401/327/1 368/329/1 367/324/1
f 340/328/1 382/330/1 381/326/1
f 400/331/1 368/329/1 401/327/1
f 339/332/1 382/330/1 340/328/1
f 400/331/1 369/333/1 368/329/1
f 339/332/1 383/334/1 382/330/1
f 399/335/1 369/333/1 400/331/1
f 399/335/1 370/336/1 369/333/1
f 338/337/1 383/334/1 339/332/1
f 338/337/1 384/338/1 383/334/1
f 398/339/1 370/336/1 399/335/1
f 398/339/1 371/340/1 370/336/1
f 337/341/1 384/338/1 338/337/1
f 337/341/1 385/342/1 384/338/1
f 397/343/1 371/340/1 398/339/1
f 337/341/1 386/19/1 385/342/1
f 396/344/1 371/340/1 397/343/1
f 396/344/1 372/345/1 371/340/1
f 336/346/1 386/19/1 337/341/1
f 336/346/1 387/347/1 386/19/1
f 395/348/1 372/345/1 396/344/1
f 395/348/1 373/349/1 372/345/1
f 335/350/1 387/347/1 336/346/1
f 335/350/1 388/351/1 387/347/1
f 394/352/1 373/349/1 395/348/1
f 335/350/1 389/353/1 388/351/1
f 393/354/1 373/349/1 394/352/1
f 393/354/1 374/355/1 373/349/1
f 335/350/1 390/356/1 389/353/1
f 392/357/1 374/355/1 393/354/1
f 334/358/1 390/356/1 335/350/1
f 334/358/1 391/359/1 390/356/1
f 391/359/1 374/355/1 392/357/1
f 334/358/1 374/355/1 391/359/1
f 334/358/1 375/360/1 374/355/1
f 333/361/1 375/360/1 334/358/1
f 333/361/1 376/362/1 375/360/1
f 332/363/1 376/362/1 333/361/1
f 332/363/1 377/364/1 376/362/1
f 331/365/1 377/364/1 332/363/1
f 331/365/1 379/366/1 377/364/1
f 379/366/1 378/367/1 377/364/1
f 330/368/1 379/366/1 331/365/1
f 330/368/1 304/7/1 379/366/1
f 329/369/1 304/7/1 330/368/1
f 329/369/1 305/370/1 304/7/1
f 329/369/1 306/371/1 305/370/1
f 328/372/1 306/371/1 329/369/1
f 328/372/1 307/373/1 306/371/1
f 328/372/1 308/374/1 307/373/1
f 327/375/1 308/374/1 328/372/1
f 327/375/1 309/376/1 308/374/1
f 327/375/1 310/377/1 309/376/1
f 315/378/1 317/379/1 316/380/1
f 326/381/1 310/377/1 327/375/1
f 326/381/1 311/382/1 310/377/1
f 315/378/1 318/383/1 317/379/1
f 314/384/1 318/383/1 315/378/1
f 326/381/1 312/385/1 311/382/1
f 313/386/1 318/383/1 314/384/1
f 326/381/1 313/386/1 312/385/1
f 326/381/1 318/383/1 313/386/1
f 325/387/1 318/383/1 326/381/1
f 324/388/1 318/383/1 325/387/1
f 323/389/1 318/383/1 324/388/1
f 322/390/1 318/383/1 323/389/1
f 321/391/1 318/383/1 322/390/1
f 320/392/1 318/383/1 321/391/1
f 319/393/1 318/383/1 320/392/1
f 462/394/1 464/395/1 463/396/1
f 462/394/1 465/397/1 464/395/1
f 462/394/1 466/398/1 465/397/1
f 462/394/1 467/399/1 466/398/1
f 461/400/1 467/399/1 462/394/1
f 461/400/1 468/401/1 467/399/1
f 461/400/1 469/402/1 468/401/1
f 461/400/1 470/403/1 469/402/1
f 460/404/1 470/403/1 461/400/1
f 460/404/1 471/405/1 470/403/1
f 460/404/1 472/406/1 471/405/1
f 459/407/1 472/406/1 460/404/1
f 459/407/1 473/408/1 472/406/1
f 459/407/1 474/409/1 473/408/1
f 458/410/1 474/409/1 459/407/1
f 458/410/1 475/411/1 474/409/1
f 458/410/1 486/412/1 475/411/1
f 486/412/1 485/413/1 475/411/1
f 485/413/1 484/414/1 475/411/1
f 484/414/1 483/415/1 475/411/1
f 483/415/1 482/416/1 475/411/1
f 482/416/1 481/417/1 475/411/1
f 481/417/1 480/418/1 475/411/1
f 480/418/1 479/419/1 475/411/1
f 479/419/1 478/420/1 475/411/1
f 478/420/1 477/421/1 475/411/1
f 477/421/1 476/422/1 475/411/1
f 457/423/1 488/424/1 458/410/1
f 488/424/1 487/425/1 458/410/1
f 487/425/1 486/412/1 458/410/1
f 457/423/1 489/426/1 488/424/1
f 457/423/1 490/427/1 489/426/1
f 457/423/1 491/428/1 490/427/1
f 456/429/1 491/428/1 457/423/1
f 456/429/1 492/430/1 491/428/1
f 456/429/1 493/431/1 492/430/1
f 455/432/1 493/431/1 456/429/1
f 455/432/1 494/433/1 493/431/1
f 455/432/1 495/434/1 494/433/1
f 454/435/1 495/434/1 455/432/1
f 454/435/1 496/436/1 495/434/1
f 453/437/1 496/436/1 454/435/1
f 453/437/1 497/438/1 496/436/1
f 453/437/1 498/439/1 497/438/1
f 452/440/1 498/439/1 453/437/1
f 452/440/1 499/441/1 498/439/1
f 451/442/1 499/441/1 452/440/1
f 451/442/1 500/443/1 499/441/1
f 451/442/1 501/444/1 500/443/1
f 450/445/1 501/444/1 451/442/1
f 526/446/1 528/447/1 527/448/1
f 526/446/1 525/449/1 528/447/1
f 525/449/1 529/4/1 528/447/1
f 450/445/1 502/450/1 501/444/1
f 449/451/1 502/450/1 450/445/1
f 449/451/1 503/452/1 502/450/1
f 524/453/1 529/4/1 525/449/1
f 448/454/1 503/452/1 449/451/1
f 448/454/1 504/455/1 503/452/1
f 448/454/1 505/456/1 504/455/1
f 447/457/1 505/456/1 448/454/1
f 447/457/1 506/458/1 505/456/1
f 446/459/1 506/458/1 447/457/1
f 446/459/1 507/460/1 506/458/1
f 446/459/1 508/461/1 507/460/1
f 445/462/1 508/461/1 446/459/1
f 445/462/1 509/463/1 508/461/1
f 523/464/1 529/4/1 524/453/1
f 522/465/1 529/4/1 523/464/1
f 521/466/1 529/4/1 522/465/1
f 445/462/1 510/467/1 509/463/1
f 520/468/1 529/4/1 521/466/1
f 519/469/1 529/4/1 520/468/1
f 518/470/1 529/4/1 519/469/1
f 445/462/1 511/471/1 510/467/1
f 444/472/1 511/471/1 445/462/1
f 517/473/1 529/4/1 518/470/1
f 516/474/1 529/4/1 517/473/1
f 515/475/1 529/4/1 516/474/1
f 444/472/1 512/476/1 511/471/1
f 514/477/1 529/4/1 515/475/1
f 513/478/1 529/4/1 514/477/1
f 512/476/1 529/4/1 513/478/1
f 444/472/1 529/4/1 512/476/1
f 443/479/1 529/4/1 444/472/1
f 443/479/1 428/7/1 529/4/1
f 443/479/1 429/480/1 428/7/1
f 442/481/1 429/480/1 443/479/1
f 442/481/1 430/482/1 429/480/1
f 442/481/1 431/483/1 430/482/1
f 441/484/1 431/483/1 442/481/1
f 441/484/1 432/485/1 431/483/1
f 441/484/1 433/486/1 432/485/1
f 441/484/1 434/487/1 433/486/1
f 440/488/1 434/487/1 441/484/1
f 440/488/1 435/489/1 434/487/1
f 440/488/1 436/490/1 435/489/1
f 440/488/1 437/491/1 436/490/1
f 439/492/1 437/491/1 440/488/1
f 439/492/1 438/493/1 437/491/1
f 533/20/1 535/494/1 534/495/1
f 533/20/1 531/496/1 535/494/1
f 531/496/1 536/19/1 535/494/1
f 536/19/1 538/497/1 537/498/1
f 536/19/1 539/4/1 538/497/1
f 533/20/1 532/499/1 531/496/1
f 530/7/1 536/19/1 531/496/1
f 530/7/1 539/4/1 536/19/1
f 544/152/1 546/174/1 545/22/1
f 544/152/1 549/500/1 546/174/1
f 549/500/1 547/501/1 546/174/1
f 544/152/1 550/4/1 549/500/1
f 548/144/1 547/501/1 549/500/1
f 544/152/1 542/205/1 550/4/1
f 542/205/1 548/144/1 550/4/1
f 542/205/1 541/502/1 548/144/1
f 541/502/1 547/501/1 548/144/1
f 544/152/1 543/503/1 542/205/1
f 540/7/1 547/501/1 541/502/1
f 597/120/1 551/7/1 598/121/1
f 597/120/1 552/122/1 551/7/1
f 596/123/1 552/122/1 597/120/1
f 596/123/1 553/124/1 552/122/1
f 595/125/1 553/124/1 596/123/1
f 595/125/1 554/126/1 553/124/1
f 594/127/1 554/126/1 595/125/1
f 594/127/1 555/128/1 554/126/1
f 593/129/1 555/128/1 594/127/1
f 593/129/1 556/130/1 555/128/1
f 592/131/1 622/132/1 593/129/1
f 622/132/1 556/130/1 593/129/1
f 592/131/1 623/133/1 622/132/1
f 621/134/1 556/130/1 622/132/1
f 620/135/1 556/130/1 621/134/1
f 592/131/1 624/136/1 623/133/1
f 619/137/1 556/130/1 620/135/1
f 592/131/1 625/138/1 624/136/1
f 619/137/1 557/139/1 556/130/1
f 591/140/1 625/138/1 592/131/1
f 618/141/1 557/139/1 619/137/1
f 591/140/1 626/142/1 625/138/1
f 617/143/1 557/139/1 618/141/1
f 591/140/1 627/144/1 626/142/1
f 617/143/1 558/145/1 557/139/1
f 590/146/1 627/144/1 591/140/1
f 616/147/1 558/145/1 617/143/1
f 590/146/1 628/148/1 627/144/1
f 615/149/1 558/145/1 616/147/1
f 590/146/1 629/150/1 628/148/1
f 615/149/1 559/151/1 558/145/1
f 589/152/1 629/150/1 590/146/1
f 614/153/1 559/151/1 615/149/1
f 589/152/1 630/154/1 629/150/1
f 614/153/1 560/155/1 559/151/1
f 588/156/1 630/154/1 589/152/1
f 613/157/1 560/155/1 614/153/1
f 588/156/1 631/158/1 630/154/1
f 612/159/1 560/155/1 613/157/1
f 588/156/1 632/160/1 631/158/1
f 612/159/1 561/161/1 560/155/1
f 587/162/1 632/160/1 588/156/1
f 611/163/1 561/161/1 612/159/1
f 587/162/1 633/164/1 632/160/1
f 611/163/1 562/165/1 561/161/1
f 586/166/1 633/164/1 587/162/1
f 610/167/1 562/165/1 611/163/1
f 586/166/1 634/168/1 633/164/1
f 585/169/1 634/168/1 586/166/1
f 585/169/1 635/170/1 634/168/1
f 609/171/1 562/165/1 610/167/1
f 609/171/1 563/172/1 562/165/1
f 585/169/1 636/173/1 635/170/1
f 608/174/1 563/172/1 609/171/1
f 608/174/1 564/175/1 563/172/1
f 584/176/1 636/173/1 585/169/1
f 584/176/1 637/177/1 636/173/1
f 607/178/1 564/175/1 608/174/1
f 607/178/1 565/179/1 564/175/1
f 583/180/1 637/177/1 584/176/1
f 606/181/1 565/179/1 607/178/1
f 583/180/1 638/182/1 637/177/1
f 606/181/1 566/183/1 565/179/1
f 582/184/1 638/182/1 583/180/1
f 605/185/1 566/183/1 606/181/1
f 582/184/1 639/186/1 638/182/1
f 604/187/1 566/183/1 605/185/1
f 582/184/1 640/188/1 639/186/1
f 604/187/1 567/189/1 566/183/1
f 581/190/1 640/188/1 582/184/1
f 603/191/1 567/189/1 604/187/1
f 581/190/1 641/192/1 640/188/1
f 602/193/1 567/189/1 603/191/1
f 581/190/1 642/194/1 641/192/1
f 602/193/1 568/195/1 567/189/1
f 580/196/1 642/194/1 581/190/1
f 601/197/1 568/195/1 602/193/1
f 580/196/1 643/198/1 642/194/1
f 600/199/1 568/195/1 601/197/1
f 580/196/1 644/200/1 643/198/1
f 600/199/1 569/201/1 568/195/1
f 579/202/1 644/200/1 580/196/1
f 599/203/1 569/201/1 600/199/1
f 579/202/1 645/204/1 644/200/1
f 646/4/1 569/201/1 599/203/1
f 579/202/1 646/4/1 645/204/1
f 579/202/1 569/201/1 646/4/1
f 579/202/1 570/205/1 569/201/1
f 578/206/1 570/205/1 579/202/1
f 578/206/1 571/207/1 570/205/1
f 577/208/1 571/207/1 578/206/1
f 577/208/1 572/209/1 571/207/1
f 576/210/1 572/209/1 577/208/1
f 576/210/1 573/211/1 572/209/1
f 575/212/1 573/211/1 576/210/1
f 575/212/1 574/213/1 573/211/1
f 651/13/1 653/17/1 652/16/1
f 651/13/1 654/18/1 653/17/1
f 655/9/1 657/11/1 656/10/1
f 655/9/1 658/4/1 657/11/1
f 651/13/1 649/14/1 654/18/1
f 649/14/1 655/9/1 654/18/1
f 649/14/1 648/12/1 655/9/1
f 648/12/1 658/4/1 655/9/1
f 651/13/1 650/15/1 649/14/1
f 647/7/1 658/4/1 648/12/1
f 663/1/2 664/3/2 665/2/2
f 663/1/2 665/2/2 666/4/2
f 662/5/1 663/1/1 666/4/1
f 661/6/2 662/5/2 659/7/2
f 659/7/2 662/5/2 666/4/2
f 661/6/2 659/7/2 660/8/2
f 675/9/2 676/10/2 667/7/2
f 667/7/2 676/10/2 677/11/2
f 667/7/2 677/11/2 678/4/2
f 675/9/2 667/7/2 668/12/2
f 675/9/2 668/12/2 671/13/2
f 671/13/2 668/12/2 669/14/2
f 671/13/2 669/14/2 670/15/2
f 675/9/2 671/13/2 672/16/2
f 675/9/2 672/16/2 673/17/2
f 675/9/2 673/17/2 674/18/2
f 679/7/2 680/20/2 681/19/2
f 679/7/2 681/19/2 682/4/2
f 683/7/2 684/21/2 685/20/2
f 683/7/2 685/20/2 686/22/2
f 686/22/2 687/19/2 688/23/2
f 686/22/2 688/23/2 689/4/2
f 683/7/2 686/22/2 689/4/2
f 773/24/2 774/26/2 775/25/2
f 773/24/2 775/25/2 776/27/2
f 773/24/2 776/27/2 777/28/2
f 772/29/2 773/24/2 777/28/2
f 772/29/2 777/28/2 778/30/2
f 772/29/2 778/30/2 779/31/2
f 772/29/2 779/31/2 780/32/2
f 771/33/2 772/29/2 780/32/2
f 771/33/2 780/32/2 781/34/2
f 771/33/2 781/34/2 782/35/2
f 771/33/2 782/35/2 783/36/2
f 770/37/2 771/33/2 783/36/2
f 770/37/2 783/36/2 784/38/2
f 770/37/2 784/38/2 785/39/2
f 770/37/2 785/39/2 786/40/2
f 769/41/2 770/37/2 786/40/2
f 769/41/2 786/40/2 699/42/2
f 699/42/2 786/40/2 698/43/2
f 698/43/2 786/40/2 697/44/2
f 697/44/2 786/40/2 696/45/2
f 696/45/2 786/40/2 695/46/2
f 695/46/2 786/40/2 694/47/2
f 694/47/2 786/40/2 693/48/2
f 693/48/2 786/40/2 692/49/2
f 692/49/2 786/40/2 691/50/2
f 691/50/2 786/40/2 690/7/2
f 690/7/2 786/40/2 787/4/2
f 768/51/2 769/41/2 701/52/2
f 701/52/2 769/41/2 700/53/2
f 700/53/2 769/41/2 699/42/2
f 768/51/2 701/52/2 702/54/2
f 768/51/2 702/54/2 703/55/2
f 768/51/2 703/55/2 704/56/2
f 767/57/2 768/51/2 704/56/2
f 767/57/2 704/56/2 705/58/2
f 767/57/2 705/58/2 706/59/2
f 766/60/2 767/57/2 706/59/2
f 766/60/2 706/59/2 707/61/2
f 766/60/2 707/61/2 708/62/2
f 765/63/2 766/60/2 708/62/2
f 765/63/2 708/62/2 709/64/2
f 764/65/2 765/63/2 709/64/2
f 764/65/2 709/64/2 710/66/2
f 764/65/2 710/66/2 711/67/2
f 763/68/2 764/65/2 711/67/2
f 763/68/2 711/67/2 712/69/2
f 762/70/2 763/68/2 712/69/2
f 762/70/2 712/69/2 713/71/2
f 762/70/2 713/71/2 714/72/2
f 761/73/2 762/70/2 714/72/2
f 761/73/2 714/72/2 715/74/2
f 760/75/2 761/73/2 715/74/2
f 760/75/2 715/74/2 716/76/2
f 759/77/2 760/75/2 716/76/2
f 759/77/2 716/76/2 717/78/2
f 758/79/2 759/77/2 717/78/2
f 758/79/2 717/78/2 718/80/2
f 757/81/2 758/79/2 718/80/2
f 757/81/2 718/80/2 719/82/2
f 736/83/2 737/85/2 738/84/2
f 757/81/2 719/82/2 720/86/2
f 735/87/2 736/83/2 738/84/2
f 756/88/2 757/81/2 720/86/2
f 734/89/2 735/87/2 738/84/2
f 756/88/2 720/86/2 721/90/2
f 733/91/2 734/89/2 738/84/2
f 732/92/2 733/91/2 738/84/2
f 756/88/2 721/90/2 722/93/2
f 731/94/2 732/92/2 738/84/2
f 755/95/2 756/88/2 722/93/2
f 730/96/2 731/94/2 738/84/2
f 755/95/2 722/93/2 723/97/2
f 729/98/2 730/96/2 738/84/2
f 728/99/2 729/98/2 738/84/2
f 755/95/2 723/97/2 724/100/2
f 727/101/2 728/99/2 738/84/2
f 726/102/2 727/101/2 738/84/2
f 755/95/2 724/100/2 725/103/2
f 725/103/2 726/102/2 738/84/2
f 755/95/2 725/103/2 738/84/2
f 754/104/2 755/95/2 738/84/2
f 754/104/2 738/84/2 739/105/2
f 753/106/2 754/104/2 739/105/2
f 753/106/2 739/105/2 740/107/2
f 753/106/2 740/107/2 741/108/2
f 753/106/2 741/108/2 742/109/2
f 752/110/2 753/106/2 742/109/2
f 752/110/2 742/109/2 743/111/2
f 752/110/2 743/111/2 744/112/2
f 752/110/2 744/112/2 745/113/2
f 751/114/2 752/110/2 745/113/2
f 751/114/2 745/113/2 746/115/2
f 751/114/2 746/115/2 747/116/2
f 751/114/2 747/116/2 748/117/2
f 750/118/2 751/114/2 748/117/2
f 750/118/2 748/117/2 749/119/2
f 834/120/2 835/121/2 788/7/2
f 834/120/2 788/7/2 789/122/2
f 833/123/2 834/120/2 789/122/2
f 833/123/2 789/122/2 790/124/2
f 832/125/2 833/123/2 790/124/2
f 832/125/2 790/124/2 791/126/2
f 831/127/2 832/125/2 791/126/2
f 831/127/2 791/126/2 792/128/2
f 830/129/2 831/127/2 792/128/2
f 830/129/2 792/128/2 793/130/2
f 829/131/2 830/129/2 859/132/2
f 859/132/2 830/129/2 793/130/2
f 829/131/2 859/132/2 860/133/2
f 858/134/2 859/132/2 793/130/2
f 857/135/2 858/134/2 793/130/2
f 829/131/2 860/133/2 861/136/2
f 856/137/2 857/135/2 793/130/2
f 829/131/2 861/136/2 862/138/2
f 856/137/2 793/130/2 794/139/2
f 828/140/2 829/131/2 862/138/2
f 855/141/2 856/137/2 794/139/2
f 828/140/2 862/138/2 863/142/2
f 854/143/2 855/141/2 794/139/2
f 828/140/2 863/142/2 864/144/2
f 854/143/2 794/139/2 795/145/2
f 827/146/2 828/140/2 864/144/2
f 853/147/2 854/143/2 795/145/2
f 827/146/2 864/144/2 865/148/2
f 852/149/2 853/147/2 795/145/2
f 827/146/2 865/148/2 866/150/2
f 852/149/2 795/145/2 796/151/2
f 826/152/2 827/146/2 866/150/2
f 851/153/2 852/149/2 796/151/2
f 826/152/2 866/150/2 867/154/2
f 851/153/2 796/151/2 797/155/2
f 825/156/2 826/152/2 867/154/2
f 850/157/2 851/153/2 797/155/2
f 825/156/2 867/154/2 868/158/2
f 849/159/2 850/157/2 797/155/2
f 825/156/2 868/158/2 869/160/2
f 849/159/2 797/155/2 798/161/2
f 824/162/2 825/156/2 869/160/2
f 848/163/2 849/159/2 798/161/2
f 824/162/2 869/160/2 870/164/2
f 848/163/2 798/161/2 799/165/2
f 823/166/2 824/162/2 870/164/2
f 847/167/2 848/163/2 799/165/2
f 823/166/2 870/164/2 871/168/2
f 822/169/2 823/166/2 871/168/2
f 822/169/2 871/168/2 872/170/2
f 846/171/2 847/167/2 799/165/2
f 846/171/2 799/165/2 800/172/2
f 822/169/2 872/170/2 873/173/2
f 845/174/2 846/171/2 800/172/2
f 845/174/2 800/172/2 801/175/2
f 821/176/2 822/169/2 873/173/2
f 821/176/2 873/173/2 874/177/2
f 844/178/2 845/174/2 801/175/2
f 844/178/2 801/175/2 802/179/2
f 820/180/2 821/176/2 874/177/2
f 843/181/2 844/178/2 802/179/2
f 820/180/2 874/177/2 875/182/2
f 843/181/2 802/179/2 803/183/2
f 819/184/2 820/180/2 875/182/2
f 842/185/2 843/181/2 803/183/2
f 819/184/2 875/182/2 876/186/2
f 841/187/2 842/185/2 803/183/2
f 819/184/2 876/186/2 877/188/2
f 841/187/2 803/183/2 804/189/2
f 818/190/2 819/184/2 877/188/2
f 840/191/2 841/187/2 804/189/2
f 818/190/2 877/188/2 878/192/2
f 839/193/2 840/191/2 804/189/2
f 818/190/2 878/192/2 879/194/2
f 839/193/2 804/189/2 805/195/2
f 817/196/2 818/190/2 879/194/2
f 838/197/2 839/193/2 805/195/2
f 817/196/2 879/194/2 880/198/2
f 837/199/2 838/197/2 805/195/2
f 817/196/2 880/198/2 881/200/2
f 837/199/2 805/195/2 806/201/2
f 816/202/2 817/196/2 881/200/2
f 836/203/2 837/199/2 806/201/2
f 816/202/2 881/200/2 882/204/2
f 883/4/2 836/203/2 806/201/2
f 816/202/2 882/204/2 883/4/2
f 816/202/2 883/4/2 806/201/2
f 816/202/2 806/201/2 807/205/2
f 815/206/2 816/202/2 807/205/2
f 815/206/2 807/205/2 808/207/2
f 814/208/2 815/206/2 808/207/2
f 814/208/2 808/207/2 809/209/2
f 813/210/2 814/208/2 809/209/2
f 813/210/2 809/209/2 810/211/2
f 812/212/2 813/210/2 810/211/2
f 812/212/2 810/211/2 811/213/2
f 907/214/2 908/216/2 909/215/2
f 907/214/2 909/215/2 910/217/2
f 958/218/2 959/220/2 960/219/2
f 958/218/2 960/219/2 961/4/2
f 957/221/2 958/218/2 961/4/2
f 907/214/2 910/217/2 911/222/2
f 956/223/2 957/221/2 961/4/2
f 956/223/2 961/4/2 884/7/2
f 907/214/2 911/222/2 912/13/2
f 906/6/2 907/214/2 912/13/2
f 955/224/2 956/223/2 884/7/2
f 906/6/2 912/13/2 913/225/2
f 954/11/2 955/224/2 884/7/2
f 906/6/2 913/225/2 914/226/2
f 954/11/2 884/7/2 885/227/2
f 953/228/2 954/11/2 885/227/2
f 906/6/2 914/226/2 915/229/2
f 905/15/2 906/6/2 915/229/2
f 952/230/2 953/228/2 885/227/2
f 905/15/2 915/229/2 916/231/2
f 951/232/2 952/230/2 885/227/2
f 905/15/2 916/231/2 917/5/2
f 951/232/2 885/227/2 886/233/2
f 950/2/2 951/232/2 886/233/2
f 905/15/2 917/5/2 918/234/2
f 949/235/2 950/2/2 886/233/2
f 904/236/2 905/15/2 918/234/2
f 904/236/2 918/234/2 919/16/2
f 948/237/2 949/235/2 886/233/2
f 904/236/2 919/16/2 920/238/2
f 904/236/2 920/238/2 921/239/2
f 947/10/2 948/237/2 886/233/2
f 947/10/2 886/233/2 887/240/2
f 904/236/2 921/239/2 922/241/2
f 946/242/2 947/10/2 887/240/2
f 904/236/2 922/241/2 923/243/2
f 903/244/2 904/236/2 923/243/2
f 945/245/2 946/242/2 887/240/2
f 903/244/2 923/243/2 924/246/2
f 944/247/2 945/245/2 887/240/2
f 944/247/2 887/240/2 888/248/2
f 903/244/2 924/246/2 925/249/2
f 943/250/2 944/247/2 888/248/2
f 942/251/2 943/250/2 888/248/2
f 903/244/2 925/249/2 926/17/2
f 941/252/2 942/251/2 888/248/2
f 903/244/2 926/17/2 927/253/2
f 902/254/2 903/244/2 927/253/2
f 940/9/2 941/252/2 888/248/2
f 902/254/2 927/253/2 928/1/2
f 939/3/2 940/9/2 888/248/2
f 902/254/2 928/1/2 929/255/2
f 939/3/2 888/248/2 889/256/2
f 938/257/2 939/3/2 889/256/2
f 902/254/2 929/255/2 930/258/2
f 937/259/2 938/257/2 889/256/2
f 902/254/2 930/258/2 931/260/2
f 936/261/2 937/259/2 889/256/2
f 902/254/2 931/260/2 932/262/2
f 935/263/2 936/261/2 889/256/2
f 902/254/2 932/262/2 933/18/2
f 934/264/2 935/263/2 889/256/2
f 902/254/2 933/18/2 934/264/2
f 902/254/2 934/264/2 889/256/2
f 901/265/2 902/254/2 889/256/2
f 901/265/2 889/256/2 890/266/2
f 900/267/2 901/265/2 890/266/2
f 900/267/2 890/266/2 891/12/2
f 899/268/2 900/267/2 891/12/2
f 899/268/2 891/12/2 892/269/2
f 898/14/2 899/268/2 892/269/2
f 898/14/2 892/269/2 893/270/2
f 897/271/2 898/14/2 893/270/2
f 897/271/2 893/270/2 894/272/2
f 896/273/2 897/271/2 894/272/2
f 896/273/2 894/272/2 895/8/2
f 1011/274/2 1012/276/2 1013/275/2
f 1010/277/2 1011/274/2 1013/275/2
f 1010/277/2 1013/275/2 1014/278/2
f 1009/279/2 1010/277/2 1014/278/2
f 1009/279/2 1014/278/2 1015/280/2
f 1008/281/2 1009/279/2 1015/280/2
f 1008/281/2 1015/280/2 1016/282/2
f 1007/283/2 1008/281/2 1016/282/2
f 1007/283/2 1016/282/2 1017/284/2
f 1006/285/2 1007/283/2 1017/284/2
f 1006/285/2 1017/284/2 1073/286/2
f 1073/286/2 1017/284/2 1018/287/2
f 1006/285/2 1073/286/2 1074/288/2
f 1072/289/2 1073/286/2 1018/287/2
f 1071/290/2 1072/289/2 1018/287/2
f 1006/285/2 1074/288/2 1075/291/2
f 1005/292/2 1006/285/2 1075/291/2
f 1070/293/2 1071/290/2 1018/287/2
f 1070/293/2 1018/287/2 1019/294/2
f 1005/292/2 1075/291/2 1076/295/2
f 1069/296/2 1070/293/2 1019/294/2
f 1005/292/2 1076/295/2 1077/297/2
f 1068/298/2 1069/296/2 1019/294/2
f 1004/299/2 1005/292/2 1077/297/2
f 1068/298/2 1019/294/2 1020/300/2
f 1004/299/2 1077/297/2 1078/301/2
f 1067/302/2 1068/298/2 1020/300/2
f 1004/299/2 1078/301/2 1079/303/2
f 1066/304/2 1067/302/2 1020/300/2
f 1003/20/2 1004/299/2 1079/303/2
f 1066/304/2 1020/300/2 1021/305/2
f 1003/20/2 1079/303/2 1080/306/2
f 1065/307/2 1066/304/2 1021/305/2
f 1002/308/2 1003/20/2 1080/306/2
f 1002/308/2 1080/306/2 1081/309/2
f 1065/307/2 1021/305/2 1022/310/2
f 1064/311/2 1065/307/2 1022/310/2
f 1002/308/2 1081/309/2 1082/312/2
f 1063/313/2 1064/311/2 1022/310/2
f 1001/314/2 1002/308/2 1082/312/2
f 1063/313/2 1022/310/2 1023/315/2
f 1001/314/2 1082/312/2 1083/316/2
f 1062/317/2 1063/313/2 1023/315/2
f 1001/314/2 1083/316/2 1084/318/2
f 1000/319/2 1001/314/2 1084/318/2
f 1062/317/2 1023/315/2 1024/320/2
f 1061/321/2 1062/317/2 1024/320/2
f 1000/319/2 1084/318/2 1085/4/2
f 999/322/2 1000/319/2 1085/4/2
f 999/322/2 1085/4/2 1038/323/2
f 1061/321/2 1024/320/2 1025/324/2
f 1060/325/2 1061/321/2 1025/324/2
f 999/322/2 1038/323/2 1039/326/2
f 1059/327/2 1060/325/2 1025/324/2
f 998/328/2 999/322/2 1039/326/2
f 1059/327/2 1025/324/2 1026/329/2
f 998/328/2 1039/326/2 1040/330/2
f 1058/331/2 1059/327/2 1026/329/2
f 997/332/2 998/328/2 1040/330/2
f 1058/331/2 1026/329/2 1027/333/2
f 997/332/2 1040/330/2 1041/334/2
f 1057/335/2 1058/331/2 1027/333/2
f 1057/335/2 1027/333/2 1028/336/2
f 996/337/2 997/332/2 1041/334/2
f 996/337/2 1041/334/2 1042/338/2
f 1056/339/2 1057/335/2 1028/336/2
f 1056/339/2 1028/336/2 1029/340/2
f 995/341/2 996/337/2 1042/338/2
f 995/341/2 1042/338/2 1043/342/2
f 1055/343/2 1056/339/2 1029/340/2
f 995/341/2 1043/342/2 1044/19/2
f 1054/344/2 1055/343/2 1029/340/2
f 1054/344/2 1029/340/2 1030/345/2
f 994/346/2 995/341/2 1044/19/2
f 994/346/2 1044/19/2 1045/347/2
f 1053/348/2 1054/344/2 1030/345/2
f 1053/348/2 1030/345/2 1031/349/2
f 993/350/2 994/346/2 1045/347/2
f 993/350/2 1045/347/2 1046/351/2
f 1052/352/2 1053/348/2 1031/349/2
f 993/350/2 1046/351/2 1047/353/2
f 1051/354/2 1052/352/2 1031/349/2
f 1051/354/2 1031/349/2 1032/355/2
f 993/350/2 1047/353/2 1048/356/2
f 1050/357/2 1051/354/2 1032/355/2
f 992/358/2 993/350/2 1048/356/2
f 992/358/2 1048/356/2 1049/359/2
f 1049/359/2 1050/357/2 1032/355/2
f 992/358/2 1049/359/2 1032/355/2
f 992/358/2 1032/355/2 1033/360/2
f 991/361/2 992/358/2 1033/360/2
f 991/361/2 1033/360/2 1034/362/2
f 990/363/2 991/361/2 1034/362/2
f 990/363/2 1034/362/2 1035/364/2
f 989/365/2 990/363/2 1035/364/2
f 989/365/2 1035/364/2 1037/366/2
f 1037/366/2 1035/364/2 1036/367/2
f 988/368/2 989/365/2 1037/366/2
f 988/368/2 1037/366/2 962/7/2
f 987/369/2 988/368/2 962/7/2
f 987/369/2 962/7/2 963/370/2
f 987/369/2 963/370/2 964/371/2
f 986/372/2 987/369/2 964/371/2
f 986/372/2 964/371/2 965/373/2
f 986/372/2 965/373/2 966/374/2
f 985/375/2 986/372/2 966/374/2
f 985/375/2 966/374/2 967/376/2
f 985/375/2 967/376/2 968/377/2
f 973/378/2 974/380/2 975/379/2
f 984/381/2 985/375/2 968/377/2
f 984/381/2 968/377/2 969/382/2
f 973/378/2 975/379/2 976/383/2
f 972/384/2 973/378/2 976/383/2
f 984/381/2 969/382/2 970/385/2
f 971/386/2 972/384/2 976/383/2
f 984/381/2 970/385/2 971/386/2
f 984/381/2 971/386/2 976/383/2
f 983/387/2 984/381/2 976/383/2
f 982/388/2 983/387/2 976/383/2
f 981/389/2 982/388/2 976/383/2
f 980/390/2 981/389/2 976/383/2
f 979/391/2 980/390/2 976/383/2
f 978/392/2 979/391/2 976/383/2
f 977/393/2 978/392/2 976/383/2
f 1120/394/2 1121/396/2 1122/395/2
f 1120/394/2 1122/395/2 1123/397/2
f 1120/394/2 1123/397/2 1124/398/2
f 1120/394/2 1124/398/2 1125/399/2
f 1119/400/2 1120/394/2 1125/399/2
f 1119/400/2 1125/399/2 1126/401/2
f 1119/400/2 1126/401/2 1127/402/2
f 1119/400/2 1127/402/2 1128/403/2
f 1118/404/2 1119/400/2 1128/403/2
f 1118/404/2 1128/403/2 1129/405/2
f 1118/404/2 1129/405/2 1130/406/2
f 1117/407/2 1118/404/2 1130/406/2
f 1117/407/2 1130/406/2 1131/408/2
f 1117/407/2 1131/408/2 1132/409/2
f 1116/410/2 1117/407/2 1132/409/2
f 1116/410/2 1132/409/2 1133/411/2
f 1116/410/2 1133/411/2 1144/412/2
f 1144/412/2 1133/411/2 1143/413/2
f 1143/413/2 1133/411/2 1142/414/2
f 1142/414/2 1133/411/2 1141/415/2
f 1141/415/2 1133/411/2 1140/416/2
f 1140/416/2 1133/411/2 1139/417/2
f 1139/417/2 1133/411/2 1138/418/2
f 1138/418/2 1133/411/2 1137/419/2
f 1137/419/2 1133/411/2 1136/420/2
f 1136/420/2 1133/411/2 1135/421/2
f 1135/421/2 1133/411/2 1134/422/2
f 1115/423/2 1116/410/2 1146/424/2
f 1146/424/2 1116/410/2 1145/425/2
f 1145/425/2 1116/410/2 1144/412/2
f 1115/423/2 1146/424/2 1147/426/2
f 1115/423/2 1147/426/2 1148/427/2
f 1115/423/2 1148/427/2 1149/428/2
f 1114/429/2 1115/423/2 1149/428/2
f 1114/429/2 1149/428/2 1150/430/2
f 1114/429/2 1150/430/2 1151/431/2
f 1113/432/2 1114/429/2 1151/431/2
f 1113/432/2 1151/431/2 1152/433/2
f 1113/432/2 1152/433/2 1153/434/2
f 1112/435/2 1113/432/2 1153/434/2
f 1112/435/2 1153/434/2 1154/436/2
f 1111/437/2 1112/435/2 1154/436/2
f 1111/437/2 1154/436/2 1155/438/2
f 1111/437/2 1155/438/2 1156/439/2
f 1110/440/2 1111/437/2 1156/439/2
f 1110/440/2 1156/439/2 1157/441/2
f 1109/442/2 1110/440/2 1157/441/2
f 1109/442/2 1157/441/2 1158/443/2
f 1109/442/2 1158/443/2 1159/444/2
f 1108/445/2 1109/442/2 1159/444/2
f 1184/446/2 1185/448/2 1186/447/2
f 1184/446/2 1186/447/2 1183/449/2
f 1183/449/2 1186/447/2 1187/4/2
f 1108/445/2 1159/444/2 1160/450/2
f 1107/451/2 1108/445/2 1160/450/2
f 1107/451/2 1160/450/2 1161/452/2
f 1182/453/2 1183/449/2 1187/4/2
f 1106/454/2 1107/451/2 1161/452/2
f 1106/454/2 1161/452/2 1162/455/2
f 1106/454/2 1162/455/2 1163/456/2
f 1105/457/2 1106/454/2 1163/456/2
f 1105/457/2 1163/456/2 1164/458/2
f 1104/459/2 1105/457/2 1164/458/2
f 1104/459/2 1164/458/2 1165/460/2
f 1104/459/2 1165/460/2 1166/461/2
f 1103/462/2 1104/459/2 1166/461/2
f 1103/462/2 1166/461/2 1167/463/2
f 1181/464/2 1182/453/2 1187/4/2
f 1180/465/2 1181/464/2 1187/4/2
f 1179/466/2 1180/465/2 1187/4/2
f 1103/462/2 1167/463/2 1168/467/2
f 1178/468/2 1179/466/2 1187/4/2
f 1177/469/2 1178/468/2 1187/4/2
f 1176/470/2 1177/469/2 1187/4/2
f 1103/462/2 1168/467/2 1169/471/2
f 1102/472/2 1103/462/2 1169/471/2
f 1175/473/2 1176/470/2 1187/4/2
f 1174/474/2 1175/473/2 1187/4/2
f 1173/475/2 1174/474/2 1187/4/2
f 1102/472/2 1169/471/2 1170/476/2
f 1172/477/2 1173/475/2 1187/4/2
f 1171/478/2 1172/477/2 1187/4/2
f 1170/476/2 1171/478/2 1187/4/2
f 1102/472/2 1170/476/2 1187/4/2
f 1101/479/2 1102/472/2 1187/4/2
f 1101/479/2 1187/4/2 1086/7/2
f 1101/479/2 1086/7/2 1087/480/2
f 1100/481/2 1101/479/2 1087/480/2
f 1100/481/2 1087/480/2 1088/482/2
f 1100/481/2 1088/482/2 1089/483/2
f 1099/484/2 1100/481/2 1089/483/2
f 1099/484/2 1089/483/2 1090/485/2
f 1099/484/2 1090/485/2 1091/486/2
f 1099/484/2 1091/486/2 1092/487/2
f 1098/488/2 1099/484/2 1092/487/2
f 1098/488/2 1092/487/2 1093/489/2
f 1098/488/2 1093/489/2 1094/490/2
f 1098/488/2 1094/490/2 1095/491/2
f 1097/492/2 1098/488/2 1095/491/2
f 1097/492/2 1095/491/2 1096/493/2
f 1191/20/2 1192/495/2 1193/494/2
f 1191/20/2 1193/494/2 1189/496/2
f 1189/496/2 1193/494/2 1194/19/2
f 1194/19/2 1195/498/2 1196/497/2
f 1194/19/2 1196/497/2 1197/4/2
f 1191/20/2 1189/496/2 1190/499/2
f 1188/7/2 1189/496/2 1194/19/2
f 1188/7/2 1194/19/2 1197/4/2
f 1202/152/2 1203/22/2 1204/174/2
f 1202/152/2 1204/174/2 1207/500/2
f 1207/500/2 1204/174/2 1205/501/2
f 1202/152/2 1207/500/2 1208/4/2
f 1206/144/2 1207/500/2 1205/501/2
f 1202/152/2 1208/4/2 1200/205/2
f 1200/205/2 1208/4/2 1206/144/2
f 1200/205/2 1206/144/2 1199/502/2
f 1199/502/2 1206/144/2 1205/501/2
f 1202/152/2 1200/205/2 1201/503/2
f 1198/7/2 1199/502/2 1205/501/2
f 1255/120/2 1256/121/2 1209/7/2
f 1255/120/2 1209/7/2 1210/122/2
f 1254/123/2 1255/120/2 1210/122/2
f 1254/123/2 1210/122/2 1211/124/2
f 1253/125/2 1254/123/2 1211/124/2
f 1253/125/2 1211/124/2 1212/126/2
f 1252/127/2 1253/125/2 1212/126/2
f 1252/127/2 1212/126/2 1213/128/2
f 1251/129/2 1252/127/2 1213/128/2
f 1251/129/2 1213/128/2 1214/130/2
f 1250/131/2 1251/129/2 1280/132/2
f 1280/132/2 1251/129/2 1214/130/2
f 1250/131/2 1280/132/2 1281/133/2
f 1279/134/2 1280/132/2 1214/130/2
f 1278/135/2 1279/134/2 1214/130/2
f 1250/131/2 1281/133/2 1282/136/2
f 1277/137/2 1278/135/2 1214/130/2
f 1250/131/2 1282/136/2 1283/138/2
f 1277/137/2 1214/130/2 1215/139/2
f 1249/140/2 1250/131/2 1283/138/2
f 1276/141/2 1277/137/2 1215/139/2
f 1249/140/2 1283/138/2 1284/142/2
f 1275/143/2 1276/141/2 1215/139/2
f 1249/140/2 1284/142/2 1285/144/2
f 1275/143/2 1215/139/2 1216/145/2
f 1248/146/2 1249/140/2 1285/144/2
f 1274/147/2 1275/143/2 1216/145/2
f 1248/146/2 1285/144/2 1286/148/2
f 1273/149/2 1274/147/2 1216/145/2
f 1248/146/2 1286/148/2 1287/150/2
f 1273/149/2 1216/145/2 1217/151/2
f 1247/152/2 1248/146/2 1287/150/2
f 1272/153/2 1273/149/2 1217/151/2
f 1247/152/2 1287/150/2 1288/154/2
f 1272/153/2 1217/151/2 1218/155/2
f 1246/156/2 1247/152/2 1288/154/2
f 1271/157/2 1272/153/2 1218/155/2
f 1246/156/2 1288/154/2 1289/158/2
f 1270/159/2 1271/157/2 1218/155/2
f 1246/156/2 1289/158/2 1290/160/2
f 1270/159/2 1218/155/2 1219/161/2
f 1245/162/2 1246/156/2 1290/160/2
f 1269/163/2 1270/159/2 1219/161/2
f 1245/162/2 1290/160/2 1291/164/2
f 1269/163/2 1219/161/2 1220/165/2
f 1244/166/2 1245/162/2 1291/164/2
f 1268/167/2 1269/163/2 1220/165/2
f 1244/166/2 1291/164/2 1292/168/2
f 1243/169/2 1244/166/2 1292/168/2
f 1243/169/2 1292/168/2 1293/170/2
f 1267/171/2 1268/167/2 1220/165/2
f 1267/171/2 1220/165/2 1221/172/2
f 1243/169/2 1293/170/2 1294/173/2
f 1266/174/2 1267/171/2 1221/172/2
f 1266/174/2 1221/172/2 1222/175/2
f 1242/176/2 1243/169/2 1294/173/2
f 1242/176/2 1294/173/2 1295/177/2
f 1265/178/2 1266/174/2 1222/175/2
f 1265/178/2 1222/175/2 1223/179/2
f 1241/180/2 1242/176/2 1295/177/2
f 1264/181/2 1265/178/2 1223/179/2
f 1241/180/2 1295/177/2 1296/182/2
f 1264/181/2 1223/179/2 1224/183/2
f 1240/184/2 1241/180/2 1296/182/2
f 1263/185/2 1264/181/2 1224/183/2
f 1240/184/2 1296/182/2 1297/186/2
f 1262/187/2 1263/185/2 1224/183/2
f 1240/184/2 1297/186/2 1298/188/2
f 1262/187/2 1224/183/2 1225/189/2
f 1239/190/2 1240/184/2 1298/188/2
f 1261/191/2 1262/187/2 1225/189/2
f 1239/190/2 1298/188/2 1299/192/2
f 1260/193/2 1261/191/2 1225/189/2
f 1239/190/2 1299/192/2 1300/194/2
f 1260/193/2 1225/189/2 1226/195/2
f 1238/196/2 1239/190/2 1300/194/2
f 1259/197/2 1260/193/2 1226/195/2
f 1238/196/2 1300/194/2 1301/198/2
f 1258/199/2 1259/197/2 1226/195/2
f 1238/196/2 1301/198/2 1302/200/2
f 1258/199/2 1226/195/2 1227/201/2
f 1237/202/2 1238/196/2 1302/200/2
f 1257/203/2 1258/199/2 1227/201/2
f 1237/202/2 1302/200/2 1303/204/2
f 1304/4/2 1257/203/2 1227/201/2
f 1237/202/2 1303/204/2 1304/4/2
f 1237/202/2 1304/4/2 1227/201/2
f 1237/202/2 1227/201/2 1228/205/2
f 1236/206/2 1237/202/2 1228/205/2
f 1236/206/2 1228/205/2 1229/207/2
f 1235/208/2 1236/206/2 1229/207/2
f 1235/208/2 1229/207/2 1230/209/2
f 1234/210/2 1235/208/2 1230/209/2
f 1234/210/2 1230/209/2 1231/211/2
f 1233/212/2 1234/210/2 1231/211/2
f 1233/212/2 1231/211/2 1232/213/2
f 1309/13/2 1310/16/2 1311/17/2
f 1309/13/2 1311/17/2 1312/18/2
f 1313/9/2 1314/10/2 1315/11/2
f 1313/9/2 1315/11/2 1316/4/2
f 1309/13/2 1312/18/2 1307/14/2
f 1307/14/2 1312/18/2 1313/9/2
f 1307/14/2 1313/9/2 1306/12/2
f 1306/12/2 1313/9/2 1316/4/2
f 1309/13/2 1307/14/2 1308/15/2
f 1305/7/2 1306/12/2 1316/4/2
s 1
f 1318/504/3 1320/505/3 1319/506/3 1317/7/3
f 1320/505/3 1322/507/4 1321/21/4 1319/506/3
f 1322/507/4 1324/508/4 1323/509/4 1321/21/4
f 1324/508/4 1326/510/3 1325/20/3 1323/509/4
f 1326/510/3 1328/511/5 1327/512/5 1325/20/3
f 1328/511/5 1330/513/6 1329/22/6 1327/512/5
f 1330/513/6 1332/514/6 1331/515/6 1329/22/6
f 1332/514/6 1334/516/5 1333/19/5 1331/515/6
f 1334/516/5 1336/517/5 1335/518/5 1333/19/5
f 1336/517/5 1338/519/6 1337/23/6 1335/518/5
f 1338/519/6 1340/520/4 1339/521/4 1337/23/6
f 1340/520/4 1318/522/3 1317/4/3 1339/521/4
f 1342/504/7 1344/523/8 1343/524/8 1341/7/7
f 1344/523/8 1346/525/9 1345/526/9 1343/524/8
f 1346/525/9 1348/527/10 1347/528/10 1345/526/9
f 1348/527/10 1350/505/11 1349/506/11 1347/528/10
f 1350/505/11 1352/529/12 1351/530/12 1349/506/11
f 1352/529/12 1354/531/13 1353/532/13 1351/530/12
f 1354/531/13 1356/533/14 1355/534/14 1353/532/13
f 1356/533/14 1358/507/15 1357/21/15 1355/534/14
f 1358/507/15 1360/535/16 1359/536/16 1357/21/15
f 1360/535/16 1362/537/17 1361/538/17 1359/536/16
f 1362/537/17 1364/539/18 1363/540/18 1361/538/17
f 1364/539/18 1366/508/19 1365/509/19 1363/540/18
f 1366/508/19 1368/541/20 1367/542/20 1365/509/19
f 1368/541/20 1370/543/21 1369/544/21 1367/542/20
f 1370/543/21 1372/545/22 1371/546/22 1369/544/21
f 1372/545/22 1374/510/23 1373/20/23 1371/546/22
f 1374/510/23 1376/547/24 1375/548/24 1373/20/23
f 1376/547/24 1378/549/25 1377/550/25 1375/548/24
f 1378/549/25 1380/551/26 1379/552/26 1377/550/25
f 1380/551/26 1382/511/27 1381/512/27 1379/552/26
f 1382/511/27 1384/553/28 1383/554/28 1381/512/27
f 1384/553/28 1386/555/29 1385/556/29 1383/554/28
f 1386/555/29 1388/557/30 1387/558/30 1385/556/29
f 1388/557/30 1390/513/31 1389/22/31 1387/558/30
f 1390/513/31 1392/559/32 1391/560/32 1389/22/31
f 1392/559/32 1394/561/33 1393/562/33 1391/560/32
f 1394/561/33 1396/563/34 1395/564/34 1393/562/33
f 1396/563/34 1398/514/35 1397/515/35 1395/564/34
f 1398/514/35 1400/565/36 1399/566/36 1397/515/35
f 1400/565/36 1402/567/37 1401/568/37 1399/566/36
f 1402/567/37 1404/569/38 1403/570/38 1401/568/37
f 1404/569/38 1406/516/39 1405/19/39 1403/570/38
f 1406/516/39 1408/571/40 1407/572/40 1405/19/39
f 1408/571/40 1410/573/41 1409/574/41 1407/572/40
f 1410/573/41 1412/575/42 1411/576/42 1409/574/41
f 1412/575/42 1414/517/43 1413/518/43 1411/576/42
f 1414/517/43 1416/577/44 1415/578/44 1413/518/43
f 1416/577/44 1418/579/45 1417/580/45 1415/578/44
f 1418/579/45 1420/581/46 1419/582/46 1417/580/45
f 1420/581/46 1422/519/47 1421/23/47 1419/582/46
f 1422/519/47 1424/583/48 1423/584/48 1421/23/47
f 1424/583/48 1426/585/49 1425/586/49 1423/584/48
f 1426/585/49 1428/587/50 1427/588/50 1425/586/49
f 1428/587/50 1430/520/51 1429/521/51 1427/588/50
f 1430/520/51 1432/589/52 1431/590/52 1429/521/51
f 1432/589/52 1434/591/53 1433/592/53 1431/590/52
f 1434/591/53 1436/593/54 1435/594/54 1433/592/53
f 1436/593/54 1342/522/7 1341/4/7 1435/594/54
f 1438/504/55 1440/523/56 1439/524/56 1437/7/55
f 1440/523/56 1442/525/57 1441/526/57 1439/524/56
f 1442/525/57 1444/527/58 1443/528/58 1441/526/57
f 1444/527/58 1446/505/59 1445/506/59 1443/528/58
f 1446/505/59 1448/529/60 1447/530/60 1445/506/59
f 1448/529/60 1450/531/61 1449/532/61 1447/530/60
f 1450/531/61 1452/533/62 1451/534/62 1449/532/61
f 1452/533/62 1454/507/63 1453/21/63 1451/534/62
f 1454/507/63 1456/535/64 1455/536/64 1453/21/63
f 1456/535/64 1458/537/65 1457/538/65 1455/536/64
f 1458/537/65 1460/539/42 1459/540/42 1457/538/65
f 1460/539/42 1462/508/66 1461/509/66 1459/540/42
f 1462/508/66 1464/541/67 1463/542/67 1461/509/66
f 1464/541/67 1466/543/68 1465/544/68 1463/542/67
f 1466/543/68 1468/545/69 1467/546/69 1465/544/68
f 1468/545/69 1470/510/70 1469/20/70 1467/546/69
f 1470/510/70 1472/547/71 1471/548/71 1469/20/70
f 1472/547/71 1474/549/72 1473/550/72 1471/548/71
f 1474/549/72 1476/551/73 1475/552/73 1473/550/72
f 1476/551/73 1478/511/74 1477/512/74 1475/552/73
f 1478/511/74 1480/553/75 1479/554/75 1477/512/74
f 1480/553/75 1482/555/76 1481/556/76 1479/554/75
f 1482/555/76 1484/557/77 1483/558/77 1481/556/76
f 1484/557/77 1486/513/78 1485/22/78 1483/558/77
f 1486/513/78 1488/559/79 1487/560/79 1485/22/78
f 1488/559/79 1490/561/80 1489/562/80 1487/560/79
f 1490/561/80 1492/563/81 1491/564/81 1489/562/80
f 1492/563/81 1494/514/82 1493/515/82 1491/564/81
f 1494/514/82 1496/565/83 1495/566/83 1493/515/82
f 1496/565/83 1498/567/84 1497/568/84 1495/566/83
f 1498/567/84 1500/569/85 1499/570/85 1497/568/84
f 1500/569/85 1502/516/86 1501/19/86 1499/570/85
f 1502/516/86 1504/571/87 1503/572/87 1501/19/86
f 1504/571/87 1506/573/88 1505/574/88 1503/572/87
f 1506/573/88 1508/575/89 1507/576/89 1505/574/88
f 1508/575/89 1510/517/90 1509/518/90 1507/576/89
f 1510/517/90 1512/577/91 1511/578/91 1509/518/90
f 1512/577/91 1514/579/92 1513/580/92 1511/578/91
f 1514/579/92 1516/581/93 1515/582/93 1513/580/92
f 1516/581/93 1518/519/94 1517/23/94 1515/582/93
f 1518/519/94 1520/583/95 1519/584/95 1517/23/94
f 1520/583/95 1522/585/96 1521/586/96 1519/584/95
f 1522/585/96 1524/587/97 1523/588/97 1521/586/96
f 1524/587/97 1526/520/98 1525/521/98 1523/588/97
f 1526/520/98 1528/589/99 1527/590/99 1525/521/98
f 1528/589/99 1530/591/100 1529/592/100 1527/590/99
f 1530/591/100 1532/593/101 1531/594/101 1529/592/100
f 1532/593/101 1438/522/55 1437/4/55 1531/594/101
f 1534/504/102 1536/531/102 1535/532/102 1533/7/102
f 1536/531/102 1538/508/103 1537/509/103 1535/532/102
f 1538/508/103 1540/549/103 1539/550/103 1537/509/103
f 1540/549/103 1542/513/104 1541/22/104 1539/550/103
f 1542/513/104 1544/567/105 1543/568/105 1541/22/104
f 1544/567/105 1546/517/106 1545/518/106 1543/568/105
f 1546/517/106 1548/585/107 1547/586/107 1545/518/106
f 1548/585/107 1534/522/102 1533/4/102 1547/586/107
f 1550/504/108 1552/510/109 1551/20/109 1549/7/108
f 1552/510/109 1554/516/110 1553/19/110 1551/20/109
f 1554/516/110 1550/522/108 1549/4/108 1553/19/110
f 1556/504/111 1558/595/112 1557/502/112 1555/7/111
f 1558/595/112 1560/596/4 1559/205/4 1557/502/112
f 1560/596/4 1562/597/3 1561/503/3 1559/205/4
f 1562/597/3 1564/598/5 1563/152/5 1561/503/3
f 1564/598/5 1566/513/113 1565/22/113 1563/152/5
f 1566/513/113 1568/599/114 1567/174/114 1565/22/113
f 1568/599/114 1570/600/5 1569/501/5 1567/174/114
f 1570/600/5 1572/601/6 1571/144/6 1569/501/5
f 1572/601/6 1574/602/4 1573/500/4 1571/144/6
f 1574/602/4 1556/522/111 1555/4/111 1573/500/4
f 1576/504/115 1578/603/116 1577/604/116 1575/7/115
f 1578/603/116 1580/605/117 1579/606/117 1577/604/116
f 1580/605/117 1582/607/118 1581/608/118 1579/606/117
f 1582/607/118 1584/609/119 1583/610/119 1581/608/118
f 1584/609/119 1586/611/120 1585/612/120 1583/610/119
f 1586/611/120 1588/613/121 1587/614/121 1585/612/120
f 1588/613/121 1590/615/122 1589/616/122 1587/614/121
f 1590/615/122 1592/617/123 1591/618/123 1589/616/122
f 1592/617/123 1594/619/124 1593/620/124 1591/618/123
f 1594/619/124 1596/621/125 1595/622/125 1593/620/124
f 1596/621/125 1598/623/126 1597/624/126 1595/622/125
f 1598/623/126 1600/625/127 1599/626/127 1597/624/126
f 1600/625/127 1602/627/128 1601/628/128 1599/626/127
f 1602/627/128 1604/629/129 1603/630/129 1601/628/128
f 1604/629/129 1606/631/130 1605/632/130 1603/630/129
f 1606/631/130 1608/633/131 1607/634/131 1605/632/130
f 1608/633/131 1610/507/132 1609/21/132 1607/634/131
f 1610/507/132 1612/635/133 1611/636/133 1609/21/132
f 1612/635/133 1614/637/134 1613/638/134 1611/636/133
f 1614/637/134 1616/639/135 1615/640/135 1613/638/134
f 1616/639/135 1618/641/136 1617/642/136 1615/640/135
f 1618/641/136 1620/643/137 1619/644/137 1617/642/136
f 1620/643/137 1622/645/138 1621/646/138 1619/644/137
f 1622/645/138 1624/647/139 1623/648/139 1621/646/138
f 1624/647/139 1626/649/140 1625/650/140 1623/648/139
f 1626/649/140 1628/651/141 1627/652/141 1625/650/140
f 1628/651/141 1630/653/142 1629/654/142 1627/652/141
f 1630/653/142 1632/655/143 1631/656/143 1629/654/142
f 1632/655/143 1634/657/144 1633/658/144 1631/656/143
f 1634/657/144 1636/659/145 1635/660/145 1633/658/144
f 1636/659/145 1638/661/146 1637/662/146 1635/660/145
f 1638/661/146 1640/663/147 1639/664/147 1637/662/146
f 1640/663/147 1642/665/148 1641/666/148 1639/664/147
f 1642/665/148 1644/510/149 1643/20/149 1641/666/148
f 1644/510/149 1646/667/150 1645/668/150 1643/20/149
f 1646/667/150 1648/669/151 1647/670/151 1645/668/150
f 1648/669/151 1650/671/152 1649/672/152 1647/670/151
f 1650/671/152 1652/673/153 1651/674/153 1649/672/152
f 1652/673/153 1654/675/154 1653/676/154 1651/674/153
f 1654/675/154 1656/677/155 1655/678/155 1653/676/154
f 1656/677/155 1658/679/156 1657/680/156 1655/678/155
f 1658/679/156 1660/681/157 1659/682/157 1657/680/156
f 1660/681/157 1662/683/158 1661/684/158 1659/682/157
f 1662/683/158 1664/685/159 1663/686/159 1661/684/158
f 1664/685/159 1666/687/160 1665/688/160 1663/686/159
f 1666/687/160 1668/689/161 1667/690/161 1665/688/160
f 1668/689/161 1670/691/162 1669/692/162 1667/690/161
f 1670/691/162 1672/693/163 1671/694/163 1669/692/162
f 1672/693/163 1674/695/164 1673/696/164 1671/694/163
f 1674/695/164 1676/697/165 1675/698/165 1673/696/164
f 1676/697/165 1678/513/166 1677/22/166 1675/698/165
f 1678/513/166 1680/699/167 1679/700/167 1677/22/166
f 1680/699/167 1682/701/168 1681/702/168 1679/700/167
f 1682/701/168 1684/703/169 1683/704/169 1681/702/168
f 1684/703/169 1686/705/170 1685/706/170 1683/704/169
f 1686/705/170 1688/707/171 1687/708/171 1685/706/170
f 1688/707/171 1690/709/172 1689/710/172 1687/708/171
f 1690/709/172 1692/711/173 1691/712/173 1689/710/172
f 1692/711/173 1694/713/174 1693/714/174 1691/712/173
f 1694/713/174 1696/715/175 1695/716/175 1693/714/174
f 1696/715/175 1698/717/176 1697/718/176 1695/716/175
f 1698/717/176 1700/719/177 1699/720/177 1697/718/176
f 1700/719/177 1702/721/178 1701/722/178 1699/720/177
f 1702/721/178 1704/723/179 1703/724/179 1701/722/178
f 1704/723/179 1706/725/180 1705/726/180 1703/724/179
f 1706/725/180 1708/727/181 1707/728/181 1705/726/180
f 1708/727/181 1710/729/182 1709/730/182 1707/728/181
f 1710/729/182 1712/516/183 1711/19/183 1709/730/182
f 1712/516/183 1714/731/184 1713/732/184 1711/19/183
f 1714/731/184 1716/733/185 1715/734/185 1713/732/184
f 1716/733/185 1718/735/186 1717/736/186 1715/734/185
f 1718/735/186 1720/737/187 1719/738/187 1717/736/186
f 1720/737/187 1722/739/188 1721/740/188 1719/738/187
f 1722/739/188 1724/741/189 1723/742/189 1721/740/188
f 1724/741/189 1726/743/190 1725/744/190 1723/742/189
f 1726/743/190 1728/745/191 1727/746/191 1725/744/190
f 1728/745/191 1730/747/192 1729/748/192 1727/746/191
f 1730/747/192 1732/749/193 1731/750/193 1729/748/192
f 1732/749/193 1734/751/194 1733/752/194 1731/750/193
f 1734/751/194 1736/753/195 1735/754/195 1733/752/194
f 1736/753/195 1738/755/196 1737/756/196 1735/754/195
f 1738/755/196 1740/757/197 1739/758/197 1737/756/196
f 1740/757/197 1742/759/198 1741/760/198 1739/758/197
f 1742/759/198 1744/761/199 1743/762/199 1741/760/198
f 1744/761/199 1746/519/200 1745/23/200 1743/762/199
f 1746/519/200 1748/763/201 1747/764/201 1745/23/200
f 1748/763/201 1750/765/202 1749/766/202 1747/764/201
f 1750/765/202 1752/767/203 1751/768/203 1749/766/202
f 1752/767/203 1754/769/204 1753/770/204 1751/768/203
f 1754/769/204 1756/771/205 1755/772/205 1753/770/204
f 1756/771/205 1758/773/206 1757/774/206 1755/772/205
f 1758/773/206 1760/775/207 1759/776/207 1757/774/206
f 1760/775/207 1762/777/208 1761/778/208 1759/776/207
f 1762/777/208 1764/779/209 1763/780/209 1761/778/208
f 1764/779/209 1766/781/210 1765/782/210 1763/780/209
f 1766/781/210 1768/783/211 1767/784/211 1765/782/210
f 1768/783/211 1770/785/3 1769/786/3 1767/784/211
f 1770/785/3 1772/787/3 1771/788/3 1769/786/3
f 1772/787/3 1774/789/5 1773/790/5 1771/788/3
f 1774/789/5 1776/791/6 1775/792/6 1773/790/5
f 1776/791/6 1778/793/212 1777/794/212 1775/792/6
f 1778/793/212 1576/522/115 1575/4/115 1777/794/212
f 1780/504/213 1782/795/214 1781/796/214 1779/7/213
f 1782/795/214 1784/797/215 1783/798/215 1781/796/214
f 1784/797/215 1786/799/216 1785/800/216 1783/798/215
f 1786/799/216 1788/801/217 1787/130/217 1785/800/216
f 1788/801/217 1790/802/218 1789/803/218 1787/130/217
f 1790/802/218 1792/804/219 1791/805/219 1789/803/218
f 1792/804/219 1794/806/220 1793/807/220 1791/805/219
f 1794/806/220 1796/808/221 1795/161/221 1793/807/220
f 1796/808/221 1798/809/222 1797/810/222 1795/161/221
f 1798/809/222 1800/811/202 1799/812/202 1797/810/222
f 1800/811/202 1802/813/223 1801/814/223 1799/812/202
f 1802/813/223 1804/815/224 1803/183/224 1801/814/223
f 1804/815/224 1806/816/225 1805/817/225 1803/183/224
f 1806/816/225 1808/818/226 1807/819/226 1805/817/225
f 1808/818/226 1810/820/227 1809/821/227 1807/819/226
f 1810/820/227 1812/822/228 1811/207/228 1809/821/227
f 1812/822/228 1814/823/229 1813/824/229 1811/207/228
f 1814/823/229 1816/825/230 1815/826/230 1813/824/229
f 1816/825/230 1818/508/231 1817/509/231 1815/826/230
f 1818/508/231 1820/827/232 1819/210/232 1817/509/231
f 1820/827/232 1822/828/233 1821/829/233 1819/210/232
f 1822/828/233 1824/830/234 1823/831/234 1821/829/233
f 1824/830/234 1826/832/235 1825/833/235 1823/831/234
f 1826/832/235 1828/834/236 1827/190/236 1825/833/235
f 1828/834/236 1830/835/237 1829/836/237 1827/190/236
f 1830/835/237 1832/837/238 1831/838/238 1829/836/237
f 1832/837/238 1834/839/239 1833/840/239 1831/838/238
f 1834/839/239 1836/841/240 1835/166/240 1833/840/239
f 1836/841/240 1838/842/241 1837/843/241 1835/166/240
f 1838/842/241 1840/844/242 1839/845/242 1837/843/241
f 1840/844/242 1842/846/243 1841/847/243 1839/845/242
f 1842/846/243 1844/848/244 1843/140/244 1841/847/243
f 1844/848/244 1846/849/245 1845/850/245 1843/140/244
f 1846/849/245 1848/851/246 1847/852/246 1845/850/245
f 1848/851/246 1850/853/247 1849/854/247 1847/852/246
f 1850/853/247 1852/855/248 1851/123/248 1849/854/247
f 1852/855/248 1854/856/249 1853/857/249 1851/123/248
f 1854/856/249 1856/513/250 1855/22/250 1853/857/249
f 1856/513/250 1858/858/251 1857/859/251 1855/22/250
f 1858/858/251 1860/860/252 1859/197/252 1857/859/251
f 1860/860/252 1862/861/141 1861/862/141 1859/197/252
f 1862/861/141 1864/863/253 1863/864/253 1861/862/141
f 1864/863/253 1866/865/254 1865/866/254 1863/864/253
f 1866/865/254 1868/867/255 1867/181/255 1865/866/254
f 1868/867/255 1870/868/256 1869/869/256 1867/181/255
f 1870/868/256 1872/870/257 1871/871/257 1869/869/256
f 1872/870/257 1874/872/258 1873/873/258 1871/871/257
f 1874/872/258 1876/874/259 1875/163/259 1873/873/258
f 1876/874/259 1878/875/260 1877/876/260 1875/163/259
f 1878/875/260 1880/877/261 1879/878/261 1877/876/260
f 1880/877/261 1882/879/262 1881/880/262 1879/878/261
f 1882/879/262 1884/881/263 1883/147/263 1881/880/262
f 1884/881/263 1886/882/264 1885/883/264 1883/147/263
f 1886/882/264 1888/884/265 1887/885/265 1885/883/264
f 1888/884/265 1890/886/266 1889/887/266 1887/885/265
f 1890/886/266 1892/888/267 1891/134/267 1889/887/266
f 1892/888/267 1894/517/268 1893/518/268 1891/134/267
f 1894/517/268 1896/889/269 1895/890/269 1893/518/268
f 1896/889/269 1898/891/270 1897/892/270 1895/890/269
f 1898/891/270 1900/893/271 1899/142/271 1897/892/270
f 1900/893/271 1902/894/272 1901/895/272 1899/142/271
f 1902/894/272 1904/896/273 1903/897/273 1901/895/272
f 1904/896/273 1906/898/274 1905/899/274 1903/897/273
f 1906/898/274 1908/900/275 1907/158/275 1905/899/274
f 1908/900/275 1910/901/276 1909/902/276 1907/158/275
f 1910/901/276 1912/903/277 1911/904/277 1909/902/276
f 1912/903/277 1914/905/278 1913/906/278 1911/904/277
f 1914/905/278 1916/907/279 1915/173/279 1913/906/278
f 1916/907/279 1918/908/280 1917/909/280 1915/173/279
f 1918/908/280 1920/910/281 1919/911/281 1917/909/280
f 1920/910/281 1922/912/282 1921/913/282 1919/911/281
f 1922/912/282 1924/914/283 1923/192/283 1921/913/282
f 1924/914/283 1926/915/284 1925/916/284 1923/192/283
f 1926/915/284 1928/917/285 1927/918/285 1925/916/284
f 1928/917/285 1930/919/286 1929/920/287 1927/918/285
f 1930/919/286 1780/522/213 1779/4/213 1929/920/287
f 1932/504/288 1934/523/289 1933/524/289 1931/7/288
f 1934/523/289 1936/525/290 1935/526/290 1933/524/289
f 1936/525/290 1938/527/291 1937/528/291 1935/526/290
f 1938/527/291 1940/505/292 1939/506/292 1937/528/291
f 1940/505/292 1942/529/293 1941/530/293 1939/506/292
f 1942/529/293 1944/531/294 1943/532/294 1941/530/293
f 1944/531/294 1946/533/295 1945/534/295 1943/532/294
f 1946/533/295 1948/507/296 1947/21/296 1945/534/295
f 1948/507/296 1950/535/297 1949/536/297 1947/21/296
f 1950/535/297 1952/537/298 1951/538/298 1949/536/297
f 1952/537/298 1954/539/299 1953/540/299 1951/538/298
f 1954/539/299 1956/508/300 1955/509/300 1953/540/299
f 1956/508/300 1958/541/301 1957/542/301 1955/509/300
f 1958/541/301 1960/543/302 1959/544/302 1957/542/301
f 1960/543/302 1962/545/303 1961/546/303 1959/544/302
f 1962/545/303 1964/510/304 1963/20/304 1961/546/303
f 1964/510/304 1966/547/305 1965/548/305 1963/20/304
f 1966/547/305 1968/549/306 1967/550/306 1965/548/305
f 1968/549/306 1970/551/307 1969/552/307 1967/550/306
f 1970/551/307 1972/511/308 1971/512/308 1969/552/307
f 1972/511/308 1974/553/309 1973/554/309 1971/512/308
f 1974/553/309 1976/555/310 1975/556/310 1973/554/309
f 1976/555/310 1978/557/311 1977/558/311 1975/556/310
f 1978/557/311 1980/513/312 1979/22/312 1977/558/311
f 1980/513/312 1982/559/313 1981/560/313 1979/22/312
f 1982/559/313 1984/561/314 1983/562/314 1981/560/313
f 1984/561/314 1986/563/315 1985/564/315 1983/562/314
f 1986/563/315 1988/514/316 1987/515/316 1985/564/315
f 1988/514/316 1990/565/317 1989/566/317 1987/515/316
f 1990/565/317 1992/567/318 1991/568/318 1989/566/317
f 1992/567/318 1994/569/319 1993/570/319 1991/568/318
f 1994/569/319 1996/516/320 1995/19/320 1993/570/319
f 1996/516/320 1998/571/321 1997/572/321 1995/19/320
f 1998/571/321 2000/573/322 1999/574/322 1997/572/321
f 2000/573/322 2002/575/323 2001/576/323 1999/574/322
f 2002/575/323 2004/517/324 2003/518/324 2001/576/323
f 2004/517/324 2006/577/325 2005/578/325 2003/518/324
f 2006/577/325 2008/579/326 2007/580/326 2005/578/325
f 2008/579/326 2010/581/327 2009/582/327 2007/580/326
f 2010/581/327 2012/519/328 2011/23/328 2009/582/327
f 2012/519/328 2014/583/329 2013/584/329 2011/23/328
f 2014/583/329 2016/585/330 2015/586/330 2013/584/329
f 2016/585/330 2018/587/331 2017/588/331 2015/586/330
f 2018/587/331 2020/520/332 2019/521/332 2017/588/331
f 2020/520/332 2022/589/333 2021/590/333 2019/521/332
f 2022/589/333 2024/591/334 2023/592/334 2021/590/333
f 2024/591/334 2026/593/335 2025/594/335 2023/592/334
f 2026/593/335 1932/522/288 1931/4/288 2025/594/335
f 2028/504/336 2030/921/337 2029/922/337 2027/7/336
f 2030/921/337 2032/923/338 2031/924/338 2029/922/337
f 2032/923/338 2034/925/339 2033/926/339 2031/924/338
f 2034/925/339 2036/927/340 2035/928/340 2033/926/339
f 2036/927/340 2038/929/341 2037/930/341 2035/928/340
f 2038/929/341 2040/931/342 2039/932/342 2037/930/341
f 2040/931/342 2042/933/343 2041/934/343 2039/932/342
f 2042/933/343 2044/935/344 2043/936/344 2041/934/343
f 2044/935/344 2046/937/345 2045/938/345 2043/936/344
f 2046/937/345 2048/939/123 2047/940/123 2045/938/345
f 2048/939/123 2050/941/346 2049/942/346 2047/940/123
f 2050/941/346 2052/943/347 2051/944/347 2049/942/346
f 2052/943/347 2054/507/348 2053/21/348 2051/944/347
f 2054/507/348 2056/945/349 2055/946/349 2053/21/348
f 2056/945/349 2058/947/350 2057/948/350 2055/946/349
f 2058/947/350 2060/949/351 2059/950/351 2057/948/350
f 2060/949/351 2062/951/352 2061/952/352 2059/950/351
f 2062/951/352 2064/953/353 2063/954/353 2061/952/352
f 2064/953/353 2066/955/245 2065/956/245 2063/954/353
f 2066/955/245 2068/957/354 2067/958/354 2065/956/245
f 2068/957/354 2070/959/355 2069/960/355 2067/958/354
f 2070/959/355 2072/961/356 2071/962/356 2069/960/355
f 2072/961/356 2074/963/357 2073/964/357 2071/962/356
f 2074/963/357 2076/965/5 2075/966/5 2073/964/357
f 2076/965/5 2078/967/6 2077/968/6 2075/966/5
f 2078/967/6 2080/510/358 2079/20/358 2077/968/6
f 2080/510/358 2082/969/359 2081/970/359 2079/20/358
f 2082/969/359 2084/971/360 2083/972/360 2081/970/359
f 2084/971/360 2086/973/361 2085/974/361 2083/972/360
f 2086/973/361 2088/975/362 2087/976/362 2085/974/361
f 2088/975/362 2090/977/363 2089/978/363 2087/976/362
f 2090/977/363 2092/979/364 2091/980/364 2089/978/363
f 2092/979/364 2094/981/365 2093/982/365 2091/980/364
f 2094/981/365 2096/983/366 2095/984/366 2093/982/365
f 2096/983/366 2098/985/367 2097/986/367 2095/984/366
f 2098/985/367 2100/987/368 2099/988/368 2097/986/367
f 2100/987/368 2102/989/369 2101/990/369 2099/988/368
f 2102/989/369 2104/991/370 2103/992/370 2101/990/369
f 2104/991/370 2106/513/371 2105/22/371 2103/992/370
f 2106/513/371 2108/993/372 2107/994/372 2105/22/371
f 2108/993/372 2110/995/373 2109/996/373 2107/994/372
f 2110/995/373 2112/997/374 2111/998/374 2109/996/373
f 2112/997/374 2114/999/375 2113/1000/375 2111/998/374
f 2114/999/375 2116/1001/376 2115/1002/376 2113/1000/375
f 2116/1001/376 2118/1003/158 2117/1004/158 2115/1002/376
f 2118/1003/158 2120/1005/377 2119/1006/377 2117/1004/158
f 2120/1005/377 2122/1007/378 2121/1008/378 2119/1006/377
f 2122/1007/378 2124/1009/379 2123/1010/379 2121/1008/378
f 2124/1009/379 2126/1011/380 2125/1012/380 2123/1010/379
f 2126/1011/380 2128/1013/381 2127/1014/381 2125/1012/380
f 2128/1013/381 2130/1015/382 2129/1016/382 2127/1014/381
f 2130/1015/382 2132/516/383 2131/19/383 2129/1016/382
f 2132/516/383 2134/1017/204 2133/1018/204 2131/19/383
f 2134/1017/204 2136/1019/384 2135/1020/384 2133/1018/204
f 2136/1019/384 2138/1021/385 2137/1022/385 2135/1020/384
f 2138/1021/385 2140/1023/386 2139/1024/386 2137/1022/385
f 2140/1023/386 2142/1025/387 2141/1026/387 2139/1024/386
f 2142/1025/387 2144/1027/388 2143/1028/388 2141/1026/387
f 2144/1027/388 2146/1029/389 2145/1030/389 2143/1028/388
f 2146/1029/389 2148/1031/390 2147/1032/390 2145/1030/389
f 2148/1031/390 2150/1033/391 2149/1034/391 2147/1032/390
f 2150/1033/391 2152/1035/392 2151/1036/392 2149/1034/391
f 2152/1035/392 2154/1037/393 2153/1038/393 2151/1036/392
f 2154/1037/393 2156/1039/394 2155/1040/394 2153/1038/393
f 2156/1039/394 2158/519/395 2157/23/395 2155/1040/394
f 2158/519/395 2160/1041/396 2159/1042/396 2157/23/395
f 2160/1041/396 2162/1043/397 2161/1044/397 2159/1042/396
f 2162/1043/397 2164/1045/398 2163/1046/398 2161/1044/397
f 2164/1045/398 2166/1047/399 2165/1048/399 2163/1046/398
f 2166/1047/399 2168/1049/400 2167/1050/400 2165/1048/399
f 2168/1049/400 2170/1051/401 2169/1052/401 2167/1050/400
f 2170/1051/401 2172/1053/402 2171/1054/402 2169/1052/401
f 2172/1053/402 2174/1055/403 2173/1056/403 2171/1054/402
f 2174/1055/403 2176/1057/404 2175/1058/404 2173/1056/403
f 2176/1057/404 2178/1059/5 2177/1060/5 2175/1058/404
f 2178/1059/5 2180/1061/6 2179/1062/6 2177/1060/5
f 2180/1061/6 2182/1063/405 2181/1064/405 2179/1062/6
f 2182/1063/405 2028/522/336 2027/4/336 2181/1064/405
f 2184/504/7 2186/523/8 2185/524/8 2183/7/7
f 2186/523/8 2188/525/9 2187/526/9 2185/524/8
f 2188/525/9 2190/527/10 2189/528/10 2187/526/9
f 2190/527/10 2192/505/11 2191/506/11 2189/528/10
f 2192/505/11 2194/529/12 2193/530/12 2191/506/11
f 2194/529/12 2196/531/13 2195/532/13 2193/530/12
f 2196/531/13 2198/533/14 2197/534/14 2195/532/13
f 2198/533/14 2200/507/15 2199/21/15 2197/534/14
f 2200/507/15 2202/535/16 2201/536/16 2199/21/15
f 2202/535/16 2204/537/17 2203/538/17 2201/536/16
f 2204/537/17 2206/539/18 2205/540/18 2203/538/17
f 2206/539/18 2208/508/19 2207/509/19 2205/540/18
f 2208/508/19 2210/541/20 2209/542/20 2207/509/19
f 2210/541/20 2212/543/21 2211/544/21 2209/542/20
f 2212/543/21 2214/545/22 2213/546/22 2211/544/21
f 2214/545/22 2216/510/23 2215/20/23 2213/546/22
f 2216/510/23 2218/547/24 2217/548/24 2215/20/23
f 2218/547/24 2220/549/25 2219/550/25 2217/548/24
f 2220/549/25 2222/551/26 2221/552/26 2219/550/25
f 2222/551/26 2224/511/27 2223/512/27 2221/552/26
f 2224/511/27 2226/553/28 2225/554/28 2223/512/27
f 2226/553/28 2228/555/29 2227/556/29 2225/554/28
f 2228/555/29 2230/557/30 2229/558/30 2227/556/29
f 2230/557/30 2232/513/31 2231/22/31 2229/558/30
f 2232/513/31 2234/559/32 2233/560/32 2231/22/31
f 2234/559/32 2236/561/33 2235/562/33 2233/560/32
f 2236/561/33 2238/563/34 2237/564/34 2235/562/33
f 2238/563/34 2240/514/35 2239/515/35 2237/564/34
f 2240/514/35 2242/565/36 2241/566/36 2239/515/35
f 2242/565/36 2244/567/37 2243/568/37 2241/566/36
f 2244/567/37 2246/569/38 2245/570/38 2243/568/37
f 2246/569/38 2248/516/39 2247/19/39 2245/570/38
f 2248/516/39 2250/571/40 2249/572/40 2247/19/39
f 2250/571/40 2252/573/41 2251/574/41 2249/572/40
f 2252/573/41 2254/575/42 2253/576/42 2251/574/41
f 2254/575/42 2256/517/65 2255/518/65 2253/576/42
f 2256/517/65 2258/577/44 2257/578/44 2255/518/65
f 2258/577/44 2260/579/45 2259/580/45 2257/578/44
f 2260/579/45 2262/581/46 2261/582/46 2259/580/45
f 2262/581/46 2264/519/406 2263/23/406 2261/582/46
f 2264/519/406 2266/583/48 2265/584/48 2263/23/406
f 2266/583/48 2268/585/49 2267/586/49 2265/584/48
f 2268/585/49 2270/587/50 2269/588/50 2267/586/49
f 2270/587/50 2272/520/51 2271/521/51 2269/588/50
f 2272/520/51 2274/589/52 2273/590/52 2271/521/51
f 2274/589/52 2276/591/53 2275/592/53 2273/590/52
f 2276/591/53 2278/593/54 2277/594/54 2275/592/53
f 2278/593/54 2184/522/7 2183/4/7 2277/594/54
f 2280/504/55 2282/523/56 2281/524/56 2279/7/55
f 2282/523/56 2284/525/57 2283/526/57 2281/524/56
f 2284/525/57 2286/527/58 2285/528/58 2283/526/57
f 2286/527/58 2288/505/59 2287/506/59 2285/528/58
f 2288/505/59 2290/529/60 2289/530/60 2287/506/59
f 2290/529/60 2292/531/61 2291/532/61 2289/530/60
f 2292/531/61 2294/533/62 2293/534/62 2291/532/61
f 2294/533/62 2296/507/63 2295/21/63 2293/534/62
f 2296/507/63 2298/535/64 2297/536/64 2295/21/63
f 2298/535/64 2300/537/65 2299/538/65 2297/536/64
f 2300/537/65 2302/539/407 2301/540/407 2299/538/65
f 2302/539/407 2304/508/66 2303/509/66 2301/540/407
f 2304/508/66 2306/541/67 2305/542/67 2303/509/66
f 2306/541/67 2308/543/68 2307/544/68 2305/542/67
f 2308/543/68 2310/545/69 2309/546/69 2307/544/68
f 2310/545/69 2312/510/70 2311/20/70 2309/546/69
f 2312/510/70 2314/547/71 2313/548/71 2311/20/70
f 2314/547/71 2316/549/72 2315/550/72 2313/548/71
f 2316/549/72 2318/551/73 2317/552/73 2315/550/72
f 2318/551/73 2320/511/74 2319/512/74 2317/552/73
f 2320/511/74 2322/553/75 2321/554/75 2319/512/74
f 2322/553/75 2324/555/76 2323/556/76 2321/554/75
f 2324/555/76 2326/557/77 2325/558/77 2323/556/76
f 2326/557/77 2328/513/78 2327/22/78 2325/558/77
f 2328/513/78 2330/559/79 2329/560/79 2327/22/78
f 2330/559/79 2332/561/80 2331/562/80 2329/560/79
f 2332/561/80 2334/563/81 2333/564/81 2331/562/80
f 2334/563/81 2336/514/82 2335/515/82 2333/564/81
f 2336/514/82 2338/565/83 2337/566/83 2335/515/82
f 2338/565/83 2340/567/84 2339/568/84 2337/566/83
f 2340/567/84 2342/569/85 2341/570/85 2339/568/84
f 2342/569/85 2344/516/86 2343/19/86 2341/570/85
f 2344/516/86 2346/571/408 2345/572/408 2343/19/86
f 2346/571/408 2348/573/88 2347/574/88 2345/572/408
f 2348/573/88 2350/575/89 2349/576/89 2347/574/88
f 2350/575/89 2352/517/90 2351/518/90 2349/576/89
f 2352/517/90 2354/577/91 2353/578/91 2351/518/90
f 2354/577/91 2356/579/92 2355/580/92 2353/578/91
f 2356/579/92 2358/581/93 2357/582/93 2355/580/92
f 2358/581/93 2360/519/94 2359/23/94 2357/582/93
f 2360/519/94 2362/583/95 2361/584/95 2359/23/94
f 2362/583/95 2364/585/96 2363/586/96 2361/584/95
f 2364/585/96 2366/587/97 2365/588/97 2363/586/96
f 2366/587/97 2368/520/98 2367/521/98 2365/588/97
f 2368/520/98 2370/589/99 2369/590/99 2367/521/98
f 2370/589/99 2372/591/100 2371/592/100 2369/590/99
f 2372/591/100 2374/593/101 2373/594/101 2371/592/100
f 2374/593/101 2280/522/55 2279/4/55 2373/594/101
f 2376/504/409 2378/1065/410 2377/1066/410 2375/7/409
f 2378/1065/410 2380/1067/411 2379/1068/411 2377/1066/410
f 2380/1067/411 2382/1069/412 2381/1070/412 2379/1068/411
f 2382/1069/412 2384/1071/413 2383/1072/413 2381/1070/412
f 2384/1071/413 2386/1073/414 2385/1074/414 2383/1072/413
f 2386/1073/414 2388/1075/415 2387/1076/415 2385/1074/414
f 2388/1075/415 2390/1077/416 2389/1078/416 2387/1076/415
f 2390/1077/416 2392/1079/417 2391/1080/417 2389/1078/416
f 2392/1079/417 2394/1081/418 2393/1082/418 2391/1080/417
f 2394/1081/418 2396/1083/419 2395/1084/419 2393/1082/418
f 2396/1083/419 2398/1085/420 2397/1086/420 2395/1084/419
f 2398/1085/420 2400/1087/421 2399/1088/421 2397/1086/420
f 2400/1087/421 2402/1089/422 2401/1090/422 2399/1088/421
f 2402/1089/422 2404/1091/423 2403/8/423 2401/1090/422
f 2404/1091/423 2406/1092/424 2405/1093/424 2403/8/423
f 2406/1092/424 2408/1094/425 2407/1095/425 2405/1093/424
f 2408/1094/425 2410/1096/426 2409/1097/426 2407/1095/425
f 2410/1096/426 2412/1098/427 2411/1099/427 2409/1097/426
f 2412/1098/427 2414/1100/428 2413/1101/428 2411/1099/427
f 2414/1100/428 2416/1102/429 2415/1103/429 2413/1101/428
f 2416/1102/429 2418/1104/430 2417/1105/430 2415/1103/429
f 2418/1104/430 2420/1106/431 2419/1107/431 2417/1105/430
f 2420/1106/431 2422/1108/432 2421/1109/432 2419/1107/431
f 2422/1108/432 2424/1110/433 2423/1111/433 2421/1109/432
f 2424/1110/433 2426/1112/434 2425/1113/434 2423/1111/433
f 2426/1112/434 2428/1114/435 2427/1115/435 2425/1113/434
f 2428/1114/435 2430/1116/436 2429/1117/436 2427/1115/435
f 2430/1116/436 2432/1118/437 2431/6/437 2429/1117/436
f 2432/1118/437 2434/1119/438 2433/1120/438 2431/6/437
f 2434/1119/438 2436/1121/439 2435/1122/439 2433/1120/438
f 2436/1121/439 2438/1123/440 2437/1124/440 2435/1122/439
f 2438/1123/440 2440/1125/441 2439/1126/441 2437/1124/440
f 2440/1125/441 2442/1127/442 2441/1128/442 2439/1126/441
f 2442/1127/442 2444/1129/443 2443/1130/443 2441/1128/442
f 2444/1129/443 2446/1131/444 2445/1132/444 2443/1130/443
f 2446/1131/444 2448/1133/445 2447/1134/445 2445/1132/444
f 2448/1133/445 2450/1135/446 2449/1136/446 2447/1134/445
f 2450/1135/446 2452/1137/447 2451/1138/447 2449/1136/446
f 2452/1137/447 2454/1139/448 2453/1140/448 2451/1138/447
f 2454/1139/448 2456/1141/449 2455/1142/449 2453/1140/448
f 2456/1141/449 2458/1143/450 2457/1144/450 2455/1142/449
f 2458/1143/450 2460/1145/451 2459/5/451 2457/1144/450
f 2460/1145/451 2462/1146/452 2461/1147/452 2459/5/451
f 2462/1146/452 2464/1148/453 2463/1149/453 2461/1147/452
f 2464/1148/453 2466/1150/454 2465/1151/454 2463/1149/453
f 2466/1150/454 2468/1152/455 2467/1153/455 2465/1151/454
f 2468/1152/455 2470/1154/456 2469/1155/456 2467/1153/455
f 2470/1154/456 2472/1156/457 2471/1157/457 2469/1155/456
f 2472/1156/457 2474/513/458 2473/22/458 2471/1157/457
f 2474/513/458 2476/1158/459 2475/1159/459 2473/22/458
f 2476/1158/459 2478/1160/460 2477/1161/460 2475/1159/459
f 2478/1160/460 2480/1162/461 2479/1163/461 2477/1161/460
f 2480/1162/461 2482/1164/462 2481/1165/462 2479/1163/461
f 2482/1164/462 2484/1166/463 2483/1167/463 2481/1165/462
f 2484/1166/463 2486/1168/464 2485/1169/464 2483/1167/463
f 2486/1168/464 2488/1170/465 2487/1/465 2485/1169/464
f 2488/1170/465 2490/1171/466 2489/1172/466 2487/1/465
f 2490/1171/466 2492/1173/467 2491/1174/467 2489/1172/466
f 2492/1173/467 2494/1175/468 2493/1176/468 2491/1174/467
f 2494/1175/468 2496/1177/469 2495/1178/469 2493/1176/468
f 2496/1177/469 2498/1179/470 2497/1180/470 2495/1178/469
f 2498/1179/470 2500/1181/471 2499/1182/471 2497/1180/470
f 2500/1181/471 2502/1183/472 2501/1184/472 2499/1182/471
f 2502/1183/472 2504/1185/473 2503/1186/473 2501/1184/472
f 2504/1185/473 2506/1187/474 2505/1188/474 2503/1186/473
f 2506/1187/474 2508/1189/475 2507/1190/475 2505/1188/474
f 2508/1189/475 2510/1191/476 2509/1192/476 2507/1190/475
f 2510/1191/476 2512/1193/477 2511/1194/477 2509/1192/476
f 2512/1193/477 2514/1195/478 2513/1196/478 2511/1194/477
f 2514/1195/478 2516/1197/479 2515/3/479 2513/1196/478
f 2516/1197/479 2518/1198/480 2517/1199/480 2515/3/479
f 2518/1198/480 2520/1200/481 2519/1201/481 2517/1199/480
f 2520/1200/481 2522/1202/65 2521/1203/65 2519/1201/481
f 2522/1202/65 2524/1204/482 2523/1205/482 2521/1203/65
f 2524/1204/482 2526/1206/483 2525/1207/483 2523/1205/482
f 2526/1206/483 2528/1208/484 2527/1209/484 2525/1207/483
f 2528/1208/484 2530/1210/485 2529/1211/485 2527/1209/484
f 2530/1210/485 2532/1212/486 2531/1213/486 2529/1211/485
f 2532/1212/486 2534/1214/487 2533/1215/487 2531/1213/486
f 2534/1214/487 2536/1216/488 2535/1217/488 2533/1215/487
f 2536/1216/488 2538/1218/489 2537/1219/489 2535/1217/488
f 2538/1218/489 2540/1220/490 2539/1221/490 2537/1219/489
f 2540/1220/490 2542/1222/491 2541/1223/491 2539/1221/490
f 2542/1222/491 2544/1224/492 2543/2/492 2541/1223/491
f 2544/1224/492 2546/1225/493 2545/1226/493 2543/2/492
f 2546/1225/493 2548/1227/494 2547/1228/494 2545/1226/493
f 2548/1227/494 2550/1229/7 2549/1230/7 2547/1228/494
f 2550/1229/7 2552/1231/495 2551/1232/495 2549/1230/7
f 2552/1231/495 2554/1233/496 2553/1234/496 2551/1232/495
f 2554/1233/496 2556/1235/497 2555/1236/497 2553/1234/496
f 2556/1235/497 2558/1237/498 2557/1238/498 2555/1236/497
f 2558/1237/498 2560/1239/499 2559/1240/499 2557/1238/498
f 2560/1239/499 2562/1241/500 2561/1242/500 2559/1240/499
f 2562/1241/500 2564/1243/501 2563/1244/501 2561/1242/500
f 2564/1243/501 2566/1245/502 2565/1246/502 2563/1244/501
f 2566/1245/502 2568/1247/503 2567/1248/503 2565/1246/502
f 2568/1247/503 2570/1249/504 2569/1250/504 2567/1248/503
f 2570/1249/504 2376/522/409 2375/4/409 2569/1250/504
f 2572/504/505 2574/1091/506 2573/8/506 2571/7/505
f 2574/1091/506 2576/1118/507 2575/6/507 2573/8/506
f 2576/1118/507 2578/1145/508 2577/5/508 2575/6/507
f 2578/1145/508 2580/1170/509 2579/1/509 2577/5/508
f 2580/1170/509 2582/1197/510 2581/3/510 2579/1/509
f 2582/1197/510 2584/1224/511 2583/2/511 2581/3/510
f 2584/1224/511 2572/522/505 2571/4/505 2583/2/511
f 2586/504/3 2588/508/5 2587/509/5 2585/7/3
f 2588/508/5 2590/513/6 2589/22/6 2587/509/5
f 2590/513/6 2592/517/4 2591/518/4 2589/22/6
f 2592/517/4 2586/522/3 2585/4/3 2591/518/4
f 2594/504/4 2596/505/6 2595/506/6 2593/7/4
f 2596/505/6 2598/507/6 2597/21/6 2595/506/6
f 2598/507/6 2600/508/4 2599/509/4 2597/21/6
f 2600/508/4 2602/510/4 2601/20/4 2599/509/4
f 2602/510/4 2604/511/6 2603/512/6 2601/20/4
f 2604/511/6 2606/513/6 2605/22/6 2603/512/6
f 2606/513/6 2608/514/4 2607/515/4 2605/22/6
f 2608/514/4 2610/516/3 2609/19/3 2607/515/4
f 2610/516/3 2612/517/5 2611/518/5 2609/19/3
f 2612/517/5 2614/519/6 2613/23/6 2611/518/5
f 2614/519/6 2616/520/4 2615/521/4 2613/23/6
f 2616/520/4 2594/522/4 2593/4/4 2615/521/4
f 2618/504/4 2620/531/4 2619/532/4 2617/7/4
f 2620/531/4 2622/508/3 2621/509/3 2619/532/4
f 2622/508/3 2624/549/3 2623/550/3 2621/509/3
f 2624/549/3 2626/513/3 2625/22/3 2623/550/3
f 2626/513/3 2628/567/5 2627/568/5 2625/22/3
f 2628/567/5 2630/517/6 2629/518/6 2627/568/5
f 2630/517/6 2632/585/4 2631/586/4 2629/518/6
f 2632/585/4 2618/522/4 2617/4/4 2631/586/4
o Plane.097
v -43.755203 0.000000 90.234161
v -43.752655 0.000000 92.940323
v -43.755203 0.204003 90.234161
v -43.752655 0.204003 92.940323
v 4.136663 0.000000 92.895271
v 4.136663 0.204003 92.895271
v 4.134119 0.000000 90.189110
v 4.134119 0.204003 90.189110
v 8.714291 0.000000 90.184799
v 9.947311 0.000000 90.333656
v 8.743193 0.000000 90.184814
v 8.772079 0.000000 90.184906
v 8.800932 0.000000 90.185089
v 8.829741 0.000000 90.185349
v 8.858482 0.000000 90.185692
v 8.887148 0.000000 90.186119
v 8.915718 0.000000 90.186623
v 8.944176 0.000000 90.187210
v 8.972507 0.000000 90.187881
v 9.000700 0.000000 90.188629
v 9.028730 0.000000 90.189461
v 9.056593 0.000000 90.190376
v 9.084263 0.000000 90.191360
v 9.111734 0.000000 90.192436
v 9.138985 0.000000 90.193581
v 9.166002 0.000000 90.194801
v 9.192770 0.000000 90.196106
v 9.219278 0.000000 90.197487
v 9.245508 0.000000 90.198936
v 9.271444 0.000000 90.200462
v 9.297073 0.000000 90.202065
v 9.322386 0.000000 90.203743
v 9.347361 0.000000 90.205490
v 9.371988 0.000000 90.207306
v 9.396257 0.000000 90.209198
v 9.420151 0.000000 90.211151
v 9.443655 0.000000 90.213181
v 9.466759 0.000000 90.215271
v 9.489449 0.000000 90.217430
v 9.511711 0.000000 90.219650
v 9.533537 0.000000 90.221931
v 9.554913 0.000000 90.224281
v 9.575829 0.000000 90.226692
v 9.596268 0.000000 90.229156
v 9.616224 0.000000 90.231682
v 9.635685 0.000000 90.234268
v 9.654638 0.000000 90.236900
v 9.673075 0.000000 90.239594
v 9.690983 0.000000 90.242340
v 9.708359 0.000000 90.245132
v 9.725185 0.000000 90.247978
v 9.741459 0.000000 90.250870
v 9.757164 0.000000 90.253807
v 9.772299 0.000000 90.256790
v 9.786848 0.000000 90.259811
v 9.800814 0.000000 90.262878
v 9.814178 0.000000 90.265984
v 9.826941 0.000000 90.269127
v 9.839090 0.000000 90.272308
v 9.850622 0.000000 90.275528
v 9.861528 0.000000 90.278770
v 9.871805 0.000000 90.282051
v 9.881447 0.000000 90.285355
v 9.890448 0.000000 90.288689
v 9.898800 0.000000 90.292046
v 9.906504 0.000000 90.295433
v 9.913548 0.000000 90.298836
v 9.919937 0.000000 90.302261
v 9.925663 0.000000 90.305702
v 9.930721 0.000000 90.309158
v 9.935110 0.000000 90.312630
v 9.938833 0.000000 90.316116
v 9.941879 0.000000 90.319611
v 9.944250 0.000000 90.323112
v 9.945948 0.000000 90.326622
v 9.946968 0.000000 90.330139
v 9.949574 0.000000 92.739784
v 8.716835 0.000000 92.890961
v 9.949238 0.000000 92.743301
v 9.948225 0.000000 92.746819
v 9.946535 0.000000 92.750328
v 9.944168 0.000000 92.753838
v 9.941130 0.000000 92.757339
v 9.937414 0.000000 92.760826
v 9.933033 0.000000 92.764305
v 9.927979 0.000000 92.767776
v 9.922260 0.000000 92.771225
v 9.915878 0.000000 92.774666
v 9.908838 0.000000 92.778084
v 9.901142 0.000000 92.781479
v 9.892797 0.000000 92.784851
v 9.883801 0.000000 92.788208
v 9.874166 0.000000 92.791527
v 9.863897 0.000000 92.794830
v 9.852995 0.000000 92.798096
v 9.841471 0.000000 92.801331
v 9.829325 0.000000 92.804535
v 9.816570 0.000000 92.807701
v 9.803209 0.000000 92.810829
v 9.789251 0.000000 92.813927
v 9.774706 0.000000 92.816978
v 9.759579 0.000000 92.819992
v 9.743877 0.000000 92.822952
v 9.727612 0.000000 92.825874
v 9.710789 0.000000 92.828751
v 9.693420 0.000000 92.831581
v 9.675516 0.000000 92.834358
v 9.657084 0.000000 92.837082
v 9.638138 0.000000 92.839760
v 9.618681 0.000000 92.842377
v 9.598728 0.000000 92.844940
v 9.578293 0.000000 92.847443
v 9.557384 0.000000 92.849892
v 9.536013 0.000000 92.852280
v 9.514191 0.000000 92.854607
v 9.491932 0.000000 92.856873
v 9.469246 0.000000 92.859070
v 9.446146 0.000000 92.861206
v 9.422646 0.000000 92.863274
v 9.398756 0.000000 92.865280
v 9.374491 0.000000 92.867210
v 9.349867 0.000000 92.869080
v 9.324896 0.000000 92.870872
v 9.299587 0.000000 92.872597
v 9.273958 0.000000 92.874245
v 9.248026 0.000000 92.875824
v 9.221800 0.000000 92.877327
v 9.195295 0.000000 92.878754
v 9.168528 0.000000 92.880104
v 9.141514 0.000000 92.881378
v 9.114267 0.000000 92.882576
v 9.086796 0.000000 92.883698
v 9.059130 0.000000 92.884743
v 9.031267 0.000000 92.885704
v 9.003237 0.000000 92.886589
v 8.975048 0.000000 92.887390
v 8.946716 0.000000 92.888115
v 8.918259 0.000000 92.888756
v 8.889692 0.000000 92.889313
v 8.861027 0.000000 92.889793
v 8.832285 0.000000 92.890190
v 8.803476 0.000000 92.890511
v 8.774624 0.000000 92.890739
v 8.745737 0.000000 92.890892
v 9.947311 0.204003 90.333656
v 8.714291 0.204003 90.184799
v 9.946968 0.204003 90.330139
v 9.945948 0.204003 90.326622
v 9.944250 0.204003 90.323112
v 9.941879 0.204003 90.319611
v 9.938833 0.204003 90.316116
v 9.935110 0.204003 90.312630
v 9.930721 0.204003 90.309158
v 9.925663 0.204003 90.305702
v 9.919937 0.204003 90.302261
v 9.913548 0.204003 90.298836
v 9.906504 0.204003 90.295433
v 9.898800 0.204003 90.292046
v 9.890448 0.204003 90.288689
v 9.881447 0.204003 90.285355
v 9.871805 0.204003 90.282051
v 9.861528 0.204003 90.278770
v 9.850622 0.204003 90.275528
v 9.839090 0.204003 90.272308
v 9.826941 0.204003 90.269127
v 9.814178 0.204003 90.265984
v 9.800814 0.204003 90.262878
v 9.786848 0.204003 90.259811
v 9.772299 0.204003 90.256790
v 9.757164 0.204003 90.253807
v 9.741459 0.204003 90.250870
v 9.725185 0.204003 90.247978
v 9.708359 0.204003 90.245132
v 9.690983 0.204003 90.242340
v 9.673075 0.204003 90.239594
v 9.654638 0.204003 90.236900
v 9.635685 0.204003 90.234268
v 9.616224 0.204003 90.231682
v 9.596268 0.204003 90.229156
v 9.575829 0.204003 90.226692
v 9.554913 0.204003 90.224281
v 9.533537 0.204003 90.221931
v 9.511711 0.204003 90.219650
v 9.489449 0.204003 90.217430
v 9.466759 0.204003 90.215271
v 9.443655 0.204003 90.213181
v 9.420151 0.204003 90.211151
v 9.396257 0.204003 90.209198
v 9.371988 0.204003 90.207306
v 9.347361 0.204003 90.205490
v 9.322386 0.204003 90.203743
v 9.297073 0.204003 90.202065
v 9.271444 0.204003 90.200462
v 9.245508 0.204003 90.198936
v 9.219278 0.204003 90.197487
v 9.192770 0.204003 90.196106
v 9.166002 0.204003 90.194801
v 9.138985 0.204003 90.193581
v 9.111734 0.204003 90.192436
v 9.084263 0.204003 90.191360
v 9.056593 0.204003 90.190376
v 9.028730 0.204003 90.189461
v 9.000700 0.204003 90.188629
v 8.972507 0.204003 90.187881
v 8.944176 0.204003 90.187210
v 8.915718 0.204003 90.186623
v 8.887148 0.204003 90.186119
v 8.858482 0.204003 90.185692
v 8.829741 0.204003 90.185349
v 8.800932 0.204003 90.185089
v 8.772079 0.204003 90.184906
v 8.743193 0.204003 90.184814
v 8.716835 0.204003 92.890961
v 9.949574 0.204003 92.739784
v 8.745737 0.204003 92.890892
v 8.774624 0.204003 92.890739
v 8.803476 0.204003 92.890511
v 8.832285 0.204003 92.890190
v 8.861027 0.204003 92.889793
v 8.889692 0.204003 92.889313
v 8.918259 0.204003 92.888756
v 8.946716 0.204003 92.888115
v 8.975048 0.204003 92.887390
v 9.003237 0.204003 92.886589
v 9.031267 0.204003 92.885704
v 9.059130 0.204003 92.884743
v 9.086796 0.204003 92.883698
v 9.114267 0.204003 92.882576
v 9.141514 0.204003 92.881378
v 9.168528 0.204003 92.880104
v 9.195295 0.204003 92.878754
v 9.221800 0.204003 92.877327
v 9.248026 0.204003 92.875824
v 9.273958 0.204003 92.874245
v 9.299587 0.204003 92.872597
v 9.324896 0.204003 92.870872
v 9.349867 0.204003 92.869080
v 9.374491 0.204003 92.867210
v 9.398756 0.204003 92.865280
v 9.422646 0.204003 92.863274
v 9.446146 0.204003 92.861206
v 9.469246 0.204003 92.859070
v 9.491932 0.204003 92.856873
v 9.514191 0.204003 92.854607
v 9.536013 0.204003 92.852280
v 9.557384 0.204003 92.849892
v 9.578293 0.204003 92.847443
v 9.598728 0.204003 92.844940
v 9.618681 0.204003 92.842377
v 9.638138 0.204003 92.839760
v 9.657084 0.204003 92.837082
v 9.675516 0.204003 92.834358
v 9.693420 0.204003 92.831581
v 9.710789 0.204003 92.828751
v 9.727612 0.204003 92.825874
v 9.743877 0.204003 92.822952
v 9.759579 0.204003 92.819992
v 9.774706 0.204003 92.816978
v 9.789251 0.204003 92.813927
v 9.803209 0.204003 92.810829
v 9.816570 0.204003 92.807701
v 9.829325 0.204003 92.804535
v 9.841471 0.204003 92.801331
v 9.852995 0.204003 92.798096
v 9.863897 0.204003 92.794830
v 9.874166 0.204003 92.791527
v 9.883801 0.204003 92.788208
v 9.892797 0.204003 92.784851
v 9.901142 0.204003 92.781479
v 9.908838 0.204003 92.778084
v 9.915878 0.204003 92.774666
v 9.922260 0.204003 92.771225
v 9.927979 0.204003 92.767776
v 9.933033 0.204003 92.764305
v 9.937414 0.204003 92.760826
v 9.941130 0.204003 92.757339
v 9.944168 0.204003 92.753838
v 9.946535 0.204003 92.750328
v 9.948225 0.204003 92.746819
v 9.949238 0.204003 92.743301
v -49.402542 0.000000 90.445702
v -47.900566 0.000000 90.238068
v -49.402130 0.000000 90.440865
v -49.400902 0.000000 90.436035
v -49.398842 0.000000 90.431206
v -49.395958 0.000000 90.426384
v -49.392258 0.000000 90.421570
v -49.387733 0.000000 90.416771
v -49.382389 0.000000 90.411987
v -49.376236 0.000000 90.407227
v -49.369267 0.000000 90.402481
v -49.361488 0.000000 90.397758
v -49.352913 0.000000 90.393059
v -49.343536 0.000000 90.388390
v -49.333366 0.000000 90.383751
v -49.322411 0.000000 90.379143
v -49.310677 0.000000 90.374580
v -49.298161 0.000000 90.370049
v -49.284878 0.000000 90.365555
v -49.270836 0.000000 90.361107
v -49.256039 0.000000 90.356712
v -49.240498 0.000000 90.352356
v -49.224220 0.000000 90.348053
v -49.207214 0.000000 90.343803
v -49.189491 0.000000 90.339607
v -49.171059 0.000000 90.335472
v -49.151932 0.000000 90.331398
v -49.132111 0.000000 90.327385
v -49.111614 0.000000 90.323433
v -49.090454 0.000000 90.319550
v -49.068638 0.000000 90.315735
v -49.046181 0.000000 90.311989
v -49.023094 0.000000 90.308311
v -48.999390 0.000000 90.304718
v -48.975082 0.000000 90.301193
v -48.950180 0.000000 90.297752
v -48.924706 0.000000 90.294395
v -48.898666 0.000000 90.291115
v -48.872078 0.000000 90.287918
v -48.844955 0.000000 90.284813
v -48.817314 0.000000 90.281792
v -48.789169 0.000000 90.278854
v -48.760536 0.000000 90.276016
v -48.731430 0.000000 90.273270
v -48.701866 0.000000 90.270615
v -48.671867 0.000000 90.268051
v -48.641434 0.000000 90.265594
v -48.610603 0.000000 90.263229
v -48.579376 0.000000 90.260963
v -48.547779 0.000000 90.258797
v -48.515823 0.000000 90.256737
v -48.483528 0.000000 90.254776
v -48.450920 0.000000 90.252922
v -48.418003 0.000000 90.251175
v -48.384804 0.000000 90.249527
v -48.351337 0.000000 90.247993
v -48.317619 0.000000 90.246567
v -48.283676 0.000000 90.245247
v -48.249527 0.000000 90.244034
v -48.215179 0.000000 90.242935
v -48.180660 0.000000 90.241943
v -48.145988 0.000000 90.241066
v -48.111176 0.000000 90.240303
v -48.076256 0.000000 90.239647
v -48.041233 0.000000 90.239105
v -48.006134 0.000000 90.238678
v -47.970978 0.000000 90.238358
v -47.935783 0.000000 90.238159
v -47.898026 0.000000 92.944229
v -49.400383 0.000000 92.739418
v -47.933239 0.000000 92.944206
v -47.968433 0.000000 92.944069
v -48.003593 0.000000 92.943817
v -48.038689 0.000000 92.943451
v -48.073708 0.000000 92.942978
v -48.108635 0.000000 92.942390
v -48.143448 0.000000 92.941689
v -48.178120 0.000000 92.940872
v -48.212643 0.000000 92.939949
v -48.246986 0.000000 92.938911
v -48.281143 0.000000 92.937767
v -48.315094 0.000000 92.936508
v -48.348808 0.000000 92.935150
v -48.382278 0.000000 92.933670
v -48.415482 0.000000 92.932091
v -48.448402 0.000000 92.930405
v -48.481018 0.000000 92.928612
v -48.513313 0.000000 92.926712
v -48.545269 0.000000 92.924713
v -48.576874 0.000000 92.922607
v -48.608101 0.000000 92.920403
v -48.638939 0.000000 92.918098
v -48.669373 0.000000 92.915688
v -48.699379 0.000000 92.913185
v -48.728951 0.000000 92.910591
v -48.758064 0.000000 92.907898
v -48.786697 0.000000 92.905106
v -48.814850 0.000000 92.902229
v -48.842499 0.000000 92.899261
v -48.869625 0.000000 92.896202
v -48.896217 0.000000 92.893059
v -48.922264 0.000000 92.889824
v -48.947746 0.000000 92.886513
v -48.972649 0.000000 92.883118
v -48.996967 0.000000 92.879646
v -49.020676 0.000000 92.876091
v -49.043770 0.000000 92.872459
v -49.066235 0.000000 92.868759
v -49.088058 0.000000 92.864983
v -49.109226 0.000000 92.861137
v -49.129730 0.000000 92.857231
v -49.149559 0.000000 92.853249
v -49.168694 0.000000 92.849213
v -49.187134 0.000000 92.845108
v -49.204865 0.000000 92.840950
v -49.221878 0.000000 92.836731
v -49.238163 0.000000 92.832458
v -49.253712 0.000000 92.828133
v -49.268517 0.000000 92.823761
v -49.282570 0.000000 92.819344
v -49.295860 0.000000 92.814873
v -49.308380 0.000000 92.810371
v -49.320129 0.000000 92.805824
v -49.331093 0.000000 92.801239
v -49.341270 0.000000 92.796616
v -49.350655 0.000000 92.791969
v -49.359245 0.000000 92.787285
v -49.367027 0.000000 92.782578
v -49.374001 0.000000 92.777847
v -49.380169 0.000000 92.773094
v -49.385521 0.000000 92.768318
v -49.390053 0.000000 92.763527
v -49.393764 0.000000 92.758720
v -49.396656 0.000000 92.753906
v -49.398720 0.000000 92.749084
v -49.399963 0.000000 92.744255
v -47.900566 0.204003 90.238068
v -49.402542 0.204003 90.445702
v -47.935783 0.204003 90.238159
v -47.970978 0.204003 90.238358
v -48.006134 0.204003 90.238678
v -48.041233 0.204003 90.239105
v -48.076256 0.204003 90.239647
v -48.111176 0.204003 90.240303
v -48.145988 0.204003 90.241066
v -48.180660 0.204003 90.241943
v -48.215179 0.204003 90.242935
v -48.249527 0.204003 90.244034
v -48.283676 0.204003 90.245247
v -48.317619 0.204003 90.246567
v -48.351337 0.204003 90.247993
v -48.384804 0.204003 90.249527
v -48.418003 0.204003 90.251175
v -48.450920 0.204003 90.252922
v -48.483528 0.204003 90.254776
v -48.515823 0.204003 90.256737
v -48.547779 0.204003 90.258797
v -48.579376 0.204003 90.260963
v -48.610603 0.204003 90.263229
v -48.641434 0.204003 90.265594
v -48.671867 0.204003 90.268051
v -48.701866 0.204003 90.270615
v -48.731430 0.204003 90.273270
v -48.760536 0.204003 90.276016
v -48.789169 0.204003 90.278854
v -48.817314 0.204003 90.281792
v -48.844955 0.204003 90.284813
v -48.872078 0.204003 90.287918
v -48.898666 0.204003 90.291115
v -48.924706 0.204003 90.294395
v -48.950180 0.204003 90.297752
v -48.975082 0.204003 90.301193
v -48.999390 0.204003 90.304718
v -49.023094 0.204003 90.308311
v -49.046181 0.204003 90.311989
v -49.068638 0.204003 90.315735
v -49.090454 0.204003 90.319550
v -49.111614 0.204003 90.323433
v -49.132111 0.204003 90.327385
v -49.151932 0.204003 90.331398
v -49.171059 0.204003 90.335472
v -49.189491 0.204003 90.339607
v -49.207214 0.204003 90.343803
v -49.224220 0.204003 90.348053
v -49.240498 0.204003 90.352356
v -49.256039 0.204003 90.356712
v -49.270836 0.204003 90.361107
v -49.284878 0.204003 90.365555
v -49.298161 0.204003 90.370049
v -49.310677 0.204003 90.374580
v -49.322411 0.204003 90.379143
v -49.333366 0.204003 90.383751
v -49.343536 0.204003 90.388390
v -49.352913 0.204003 90.393059
v -49.361488 0.204003 90.397758
v -49.369267 0.204003 90.402481
v -49.376236 0.204003 90.407227
v -49.382389 0.204003 90.411987
v -49.387733 0.204003 90.416771
v -49.392258 0.204003 90.421570
v -49.395958 0.204003 90.426384
v -49.398842 0.204003 90.431206
v -49.400902 0.204003 90.436035
v -49.402130 0.204003 90.440865
v -49.400383 0.204003 92.739418
v -47.898026 0.204003 92.944229
v -49.399963 0.204003 92.744255
v -49.398720 0.204003 92.749084
v -49.396656 0.204003 92.753906
v -49.393764 0.204003 92.758720
v -49.390053 0.204003 92.763527
v -49.385521 0.204003 92.768318
v -49.380169 0.204003 92.773094
v -49.374001 0.204003 92.777847
v -49.367027 0.204003 92.782578
v -49.359245 0.204003 92.787285
v -49.350655 0.204003 92.791969
v -49.341270 0.204003 92.796616
v -49.331093 0.204003 92.801239
v -49.320129 0.204003 92.805824
v -49.308380 0.204003 92.810371
v -49.295860 0.204003 92.814873
v -49.282570 0.204003 92.819344
v -49.268517 0.204003 92.823761
v -49.253712 0.204003 92.828133
v -49.238163 0.204003 92.832458
v -49.221878 0.204003 92.836731
v -49.204865 0.204003 92.840950
v -49.187134 0.204003 92.845108
v -49.168694 0.204003 92.849213
v -49.149559 0.204003 92.853249
v -49.129730 0.204003 92.857231
v -49.109226 0.204003 92.861137
v -49.088058 0.204003 92.864983
v -49.066235 0.204003 92.868759
v -49.043770 0.204003 92.872459
v -49.020676 0.204003 92.876091
v -48.996967 0.204003 92.879646
v -48.972649 0.204003 92.883118
v -48.947746 0.204003 92.886513
v -48.922264 0.204003 92.889824
v -48.896217 0.204003 92.893059
v -48.869625 0.204003 92.896202
v -48.842499 0.204003 92.899261
v -48.814850 0.204003 92.902229
v -48.786697 0.204003 92.905106
v -48.758064 0.204003 92.907898
v -48.728951 0.204003 92.910591
v -48.699379 0.204003 92.913185
v -48.669373 0.204003 92.915688
v -48.638939 0.204003 92.918098
v -48.608101 0.204003 92.920403
v -48.576874 0.204003 92.922607
v -48.545269 0.204003 92.924713
v -48.513313 0.204003 92.926712
v -48.481018 0.204003 92.928612
v -48.448402 0.204003 92.930405
v -48.415482 0.204003 92.932091
v -48.382278 0.204003 92.933670
v -48.348808 0.204003 92.935150
v -48.315094 0.204003 92.936508
v -48.281143 0.204003 92.937767
v -48.246986 0.204003 92.938911
v -48.212643 0.204003 92.939949
v -48.178120 0.204003 92.940872
v -48.143448 0.204003 92.941689
v -48.108635 0.204003 92.942390
v -48.073708 0.204003 92.942978
v -48.038689 0.204003 92.943451
v -48.003593 0.204003 92.943817
v -47.968433 0.204003 92.944069
v -47.933239 0.204003 92.944206
v -46.999649 0.000000 92.943382
v -46.999649 0.204003 92.943382
v -47.004765 0.000000 90.237221
v -47.004765 0.204003 90.237221
v -43.752655 0.019805 92.940323
v -43.755203 0.019805 90.234161
v -47.898026 0.019805 92.944229
v -47.933239 0.019805 92.944206
v -47.968433 0.019805 92.944069
v -48.003593 0.019805 92.943817
v -48.038689 0.019805 92.943451
v -48.073708 0.019805 92.942978
v -48.108635 0.019805 92.942390
v -48.143448 0.019805 92.941689
v -48.178120 0.019805 92.940872
v -48.212643 0.019805 92.939949
v -48.246986 0.019805 92.938911
v -48.281143 0.019805 92.937767
v -48.315094 0.019805 92.936508
v -48.348808 0.019805 92.935150
v -48.382278 0.019805 92.933670
v -48.415482 0.019805 92.932091
v -48.448402 0.019805 92.930405
v -48.481018 0.019805 92.928612
v -48.513313 0.019805 92.926712
v -48.545269 0.019805 92.924713
v -48.576874 0.019805 92.922607
v -48.608101 0.019805 92.920403
v -48.638939 0.019805 92.918098
v -48.669373 0.019805 92.915688
v -48.699379 0.019805 92.913185
v -48.728951 0.019805 92.910591
v -48.758064 0.019805 92.907898
v -48.786697 0.019805 92.905106
v -48.814850 0.019805 92.902229
v -48.842499 0.019805 92.899261
v -48.869625 0.019805 92.896202
v -48.896217 0.019805 92.893059
v -48.922264 0.019805 92.889824
v -48.947746 0.019805 92.886513
v -48.972649 0.019805 92.883118
v -48.996967 0.019805 92.879646
v -49.020676 0.019805 92.876091
v -49.043770 0.019805 92.872459
v -49.066235 0.019805 92.868759
v -49.088058 0.019805 92.864983
v -49.109226 0.019805 92.861137
v -49.129730 0.019805 92.857231
v -49.149559 0.019805 92.853249
v -49.168694 0.019805 92.849213
v -49.187134 0.019805 92.845108
v -49.204865 0.019805 92.840950
v -49.221878 0.019805 92.836731
v -49.238163 0.019805 92.832458
v -49.253712 0.019805 92.828133
v -49.268517 0.019805 92.823761
v -49.282570 0.019805 92.819344
v -49.295860 0.019805 92.814873
v -49.308380 0.019805 92.810371
v -49.320129 0.019805 92.805824
v -49.331093 0.019805 92.801239
v -49.341270 0.019805 92.796616
v -49.350655 0.019805 92.791969
v -49.359245 0.019805 92.787285
v -49.367027 0.019805 92.782578
v -49.374001 0.019805 92.777847
v -49.380169 0.019805 92.773094
v -49.385521 0.019805 92.768318
v -49.390053 0.019805 92.763527
v -49.393764 0.019805 92.758720
v -49.396656 0.019805 92.753906
v -49.398720 0.019805 92.749084
v -49.399963 0.019805 92.744255
v -49.400383 0.019805 92.739418
v -47.935783 0.019805 90.238159
v -47.900566 0.019805 90.238068
v -47.970978 0.019805 90.238358
v -48.006134 0.019805 90.238678
v -48.041233 0.019805 90.239105
v -48.076256 0.019805 90.239647
v -48.111176 0.019805 90.240303
v -48.145988 0.019805 90.241066
v -48.180660 0.019805 90.241943
v -48.215179 0.019805 90.242935
v -48.249527 0.019805 90.244034
v -48.283676 0.019805 90.245247
v -48.317619 0.019805 90.246567
v -48.351337 0.019805 90.247993
v -48.384804 0.019805 90.249527
v -48.418003 0.019805 90.251175
v -48.450920 0.019805 90.252922
v -48.483528 0.019805 90.254776
v -48.515823 0.019805 90.256737
v -48.547779 0.019805 90.258797
v -48.579376 0.019805 90.260963
v -48.610603 0.019805 90.263229
v -48.641434 0.019805 90.265594
v -48.671867 0.019805 90.268051
v -48.701866 0.019805 90.270615
v -48.731430 0.019805 90.273270
v -48.760536 0.019805 90.276016
v -48.789169 0.019805 90.278854
v -48.817314 0.019805 90.281792
v -48.844955 0.019805 90.284813
v -48.872078 0.019805 90.287918
v -48.898666 0.019805 90.291115
v -48.924706 0.019805 90.294395
v -48.950180 0.019805 90.297752
v -48.975082 0.019805 90.301193
v -48.999390 0.019805 90.304718
v -49.023094 0.019805 90.308311
v -49.046181 0.019805 90.311989
v -49.068638 0.019805 90.315735
v -49.090454 0.019805 90.319550
v -49.111614 0.019805 90.323433
v -49.132111 0.019805 90.327385
v -49.151932 0.019805 90.331398
v -49.171059 0.019805 90.335472
v -49.189491 0.019805 90.339607
v -49.207214 0.019805 90.343803
v -49.224220 0.019805 90.348053
v -49.240498 0.019805 90.352356
v -49.256039 0.019805 90.356712
v -49.270836 0.019805 90.361107
v -49.284878 0.019805 90.365555
v -49.298161 0.019805 90.370049
v -49.310677 0.019805 90.374580
v -49.322411 0.019805 90.379143
v -49.333366 0.019805 90.383751
v -49.343536 0.019805 90.388390
v -49.352913 0.019805 90.393059
v -49.361488 0.019805 90.397758
v -49.369267 0.019805 90.402481
v -49.376236 0.019805 90.407227
v -49.382389 0.019805 90.411987
v -49.387733 0.019805 90.416771
v -49.392258 0.019805 90.421570
v -49.395958 0.019805 90.426384
v -49.398842 0.019805 90.431206
v -49.400902 0.019805 90.436035
v -49.402130 0.019805 90.440865
v -49.402542 0.019805 90.445702
v -47.004765 0.019805 90.237221
v -46.999649 0.019805 92.943382
v -116.444687 0.000000 92.952538
v -73.373001 0.000000 92.879189
v -116.449409 0.000000 90.180893
v -73.377724 0.000000 90.107544
v -116.449409 0.231763 90.180893
v -116.444687 0.231763 92.952538
v -73.373001 0.231763 92.879189
v -73.377724 0.231763 90.107544
v -61.157806 0.000000 92.277115
v -65.632858 0.000000 92.866005
v -61.163506 0.000000 92.306564
v -61.180672 0.000000 92.335960
v -61.209267 0.000000 92.365219
v -61.249229 0.000000 92.394279
v -61.300446 0.000000 92.423050
v -61.362785 0.000000 92.451477
v -61.436081 0.000000 92.479469
v -61.520164 0.000000 92.506958
v -61.614807 0.000000 92.533882
v -61.719757 0.000000 92.560165
v -61.834763 0.000000 92.585739
v -61.959511 0.000000 92.610542
v -62.093697 0.000000 92.634506
v -62.236969 0.000000 92.657578
v -62.388962 0.000000 92.679688
v -62.549286 0.000000 92.700783
v -62.717522 0.000000 92.720818
v -62.893250 0.000000 92.739723
v -63.076019 0.000000 92.757469
v -63.265343 0.000000 92.773994
v -63.460747 0.000000 92.789268
v -63.661736 0.000000 92.803246
v -63.867783 0.000000 92.815895
v -64.078369 0.000000 92.827179
v -64.292946 0.000000 92.837067
v -64.510956 0.000000 92.845543
v -64.731857 0.000000 92.852577
v -64.955070 0.000000 92.858154
v -65.180031 0.000000 92.862251
v -65.406151 0.000000 92.864876
v -65.637581 0.000000 90.094368
v -61.160553 0.000000 90.668015
v -65.410866 0.000000 90.094727
v -65.184738 0.000000 90.096581
v -64.959770 0.000000 90.099915
v -64.736542 0.000000 90.104729
v -64.515610 0.000000 90.111008
v -64.297577 0.000000 90.118744
v -64.082962 0.000000 90.127899
v -63.872345 0.000000 90.138466
v -63.666252 0.000000 90.150414
v -63.465225 0.000000 90.163704
v -63.269760 0.000000 90.178314
v -63.080383 0.000000 90.194199
v -62.897560 0.000000 90.211319
v -62.721764 0.000000 90.229630
v -62.553459 0.000000 90.249084
v -62.393066 0.000000 90.269638
v -62.240997 0.000000 90.291229
v -62.097649 0.000000 90.313812
v -61.963379 0.000000 90.337318
v -61.838547 0.000000 90.361702
v -61.723457 0.000000 90.386879
v -61.618416 0.000000 90.412811
v -61.523689 0.000000 90.439407
v -61.439514 0.000000 90.466614
v -61.366119 0.000000 90.494354
v -61.303680 0.000000 90.522560
v -61.252365 0.000000 90.551163
v -61.212311 0.000000 90.580086
v -61.183609 0.000000 90.609253
v -61.166344 0.000000 90.638588
v -65.632858 0.231763 92.866005
v -61.157806 0.231763 92.277115
v -65.406151 0.231763 92.864876
v -65.180031 0.231763 92.862251
v -64.955070 0.231763 92.858154
v -64.731857 0.231763 92.852577
v -64.510956 0.231763 92.845543
v -64.292946 0.231763 92.837067
v -64.078369 0.231763 92.827179
v -63.867783 0.231763 92.815895
v -63.661736 0.231763 92.803246
v -63.460747 0.231763 92.789268
v -63.265343 0.231763 92.773994
v -63.076019 0.231763 92.757469
v -62.893250 0.231763 92.739723
v -62.717522 0.231763 92.720818
v -62.549286 0.231763 92.700783
v -62.388962 0.231763 92.679688
v -62.236969 0.231763 92.657578
v -62.093697 0.231763 92.634506
v -61.959511 0.231763 92.610542
v -61.834763 0.231763 92.585739
v -61.719757 0.231763 92.560165
v -61.614807 0.231763 92.533882
v -61.520164 0.231763 92.506958
v -61.436081 0.231763 92.479469
v -61.362785 0.231763 92.451477
v -61.300446 0.231763 92.423050
v -61.249229 0.231763 92.394279
v -61.209267 0.231763 92.365219
v -61.180672 0.231763 92.335960
v -61.163506 0.231763 92.306564
v -61.160553 0.231763 90.668015
v -65.637581 0.231763 90.094368
v -61.166344 0.231763 90.638588
v -61.183609 0.231763 90.609253
v -61.212311 0.231763 90.580086
v -61.252365 0.231763 90.551163
v -61.303680 0.231763 90.522560
v -61.366119 0.231763 90.494354
v -61.439514 0.231763 90.466614
v -61.523689 0.231763 90.439407
v -61.618416 0.231763 90.412811
v -61.723457 0.231763 90.386879
v -61.838547 0.231763 90.361702
v -61.963379 0.231763 90.337318
v -62.097649 0.231763 90.313812
v -62.240997 0.231763 90.291229
v -62.393066 0.231763 90.269638
v -62.553459 0.231763 90.249084
v -62.721764 0.231763 90.229630
v -62.897560 0.231763 90.211319
v -63.080383 0.231763 90.194199
v -63.269760 0.231763 90.178314
v -63.465225 0.231763 90.163704
v -63.666252 0.231763 90.150414
v -63.872345 0.231763 90.138466
v -64.082962 0.231763 90.127899
v -64.297577 0.231763 90.118744
v -64.515610 0.231763 90.111008
v -64.736542 0.231763 90.104729
v -64.959770 0.231763 90.099915
v -65.184738 0.231763 90.096581
v -65.410866 0.231763 90.094727
v -129.982849 0.000000 90.500351
v -126.986855 0.000000 90.198837
v -129.979019 0.000000 90.485329
v -129.967514 0.000000 90.470337
v -129.948364 0.000000 90.455406
v -129.921600 0.000000 90.440582
v -129.887299 0.000000 90.425888
v -129.845566 0.000000 90.411385
v -129.796494 0.000000 90.397087
v -129.740204 0.000000 90.383049
v -129.676834 0.000000 90.369293
v -129.606567 0.000000 90.355858
v -129.529572 0.000000 90.342789
v -129.446045 0.000000 90.330109
v -129.356201 0.000000 90.317848
v -129.260284 0.000000 90.306046
v -129.158539 0.000000 90.294731
v -129.051208 0.000000 90.283928
v -128.938568 0.000000 90.273666
v -128.820923 0.000000 90.263977
v -128.698563 0.000000 90.254883
v -128.571808 0.000000 90.246399
v -128.440994 0.000000 90.238556
v -128.306442 0.000000 90.231377
v -128.168488 0.000000 90.224869
v -128.027512 0.000000 90.219063
v -127.883865 0.000000 90.213959
v -127.737915 0.000000 90.209579
v -127.590027 0.000000 90.205933
v -127.440590 0.000000 90.203026
v -127.290001 0.000000 90.200874
v -127.138626 0.000000 90.199478
v -126.982132 0.000000 92.970482
v -129.979126 0.000000 92.679169
v -127.133896 0.000000 92.970360
v -127.285278 0.000000 92.969475
v -127.435883 0.000000 92.967834
v -127.585327 0.000000 92.965439
v -127.733223 0.000000 92.962296
v -127.879196 0.000000 92.958412
v -128.022858 0.000000 92.953796
v -128.163849 0.000000 92.948471
v -128.301819 0.000000 92.942436
v -128.436401 0.000000 92.935707
v -128.567245 0.000000 92.928314
v -128.694016 0.000000 92.920265
v -128.816406 0.000000 92.911583
v -128.934097 0.000000 92.902298
v -129.046753 0.000000 92.892418
v -129.154129 0.000000 92.881981
v -129.255920 0.000000 92.871010
v -129.351883 0.000000 92.859535
v -129.441757 0.000000 92.847588
v -129.525330 0.000000 92.835190
v -129.602371 0.000000 92.822380
v -129.672684 0.000000 92.809189
v -129.736099 0.000000 92.795647
v -129.792435 0.000000 92.781799
v -129.841553 0.000000 92.767670
v -129.883347 0.000000 92.753304
v -129.917694 0.000000 92.738731
v -129.944489 0.000000 92.723999
v -129.963715 0.000000 92.709129
v -129.975250 0.000000 92.694176
v -126.986855 0.231763 90.198837
v -129.982849 0.231763 90.500351
v -127.138626 0.231763 90.199478
v -127.290001 0.231763 90.200874
v -127.440590 0.231763 90.203026
v -127.590027 0.231763 90.205933
v -127.737915 0.231763 90.209579
v -127.883865 0.231763 90.213959
v -128.027512 0.231763 90.219063
v -128.168488 0.231763 90.224869
v -128.306442 0.231763 90.231377
v -128.440994 0.231763 90.238556
v -128.571808 0.231763 90.246399
v -128.698563 0.231763 90.254883
v -128.820923 0.231763 90.263977
v -128.938568 0.231763 90.273666
v -129.051208 0.231763 90.283928
v -129.158539 0.231763 90.294731
v -129.260284 0.231763 90.306046
v -129.356201 0.231763 90.317848
v -129.446045 0.231763 90.330109
v -129.529572 0.231763 90.342789
v -129.606567 0.231763 90.355858
v -129.676834 0.231763 90.369293
v -129.740204 0.231763 90.383049
v -129.796494 0.231763 90.397087
v -129.845566 0.231763 90.411385
v -129.887299 0.231763 90.425888
v -129.921600 0.231763 90.440582
v -129.948364 0.231763 90.455406
v -129.967514 0.231763 90.470337
v -129.979019 0.231763 90.485329
v -129.979126 0.231763 92.679169
v -126.982132 0.231763 92.970482
v -129.975250 0.231763 92.694176
v -129.963715 0.231763 92.709129
v -129.944489 0.231763 92.723999
v -129.917694 0.231763 92.738731
v -129.883347 0.231763 92.753304
v -129.841553 0.231763 92.767670
v -129.792435 0.231763 92.781799
v -129.736099 0.231763 92.795647
v -129.672684 0.231763 92.809189
v -129.602371 0.231763 92.822380
v -129.525330 0.231763 92.835190
v -129.441757 0.231763 92.847588
v -129.351883 0.231763 92.859535
v -129.255920 0.231763 92.871010
v -129.154129 0.231763 92.881981
v -129.046753 0.231763 92.892418
v -128.934097 0.231763 92.902298
v -128.816406 0.231763 92.911583
v -128.694016 0.231763 92.920265
v -128.567245 0.231763 92.928314
v -128.436401 0.231763 92.935707
v -128.301819 0.231763 92.942436
v -128.163849 0.231763 92.948471
v -128.022858 0.231763 92.953796
v -127.879196 0.231763 92.958412
v -127.733223 0.231763 92.962296
v -127.585327 0.231763 92.965439
v -127.435883 0.231763 92.967834
v -127.285278 0.231763 92.969475
v -127.133896 0.231763 92.970360
v -67.000008 0.000000 90.096687
v -67.000008 0.231763 90.096687
v -66.998207 0.000000 92.868332
v -66.998207 0.231763 92.868332
v -73.373001 -0.001198 92.879189
v -73.377724 -0.001198 90.107544
v -61.166344 -0.001198 90.638588
v -61.160553 -0.001198 90.668015
v -61.183609 -0.001198 90.609253
v -61.212311 -0.001198 90.580086
v -61.252365 -0.001198 90.551163
v -61.303680 -0.001198 90.522560
v -61.366119 -0.001198 90.494354
v -61.439514 -0.001198 90.466614
v -61.523689 -0.001198 90.439407
v -61.618416 -0.001198 90.412811
v -61.723457 -0.001198 90.386879
v -61.838547 -0.001198 90.361702
v -61.963379 -0.001198 90.337318
v -62.097649 -0.001198 90.313812
v -62.240997 -0.001198 90.291229
v -62.393066 -0.001198 90.269638
v -62.553459 -0.001198 90.249084
v -62.721764 -0.001198 90.229630
v -62.897560 -0.001198 90.211319
v -63.080383 -0.001198 90.194199
v -63.269760 -0.001198 90.178314
v -63.465225 -0.001198 90.163704
v -63.666252 -0.001198 90.150414
v -63.872345 -0.001198 90.138466
v -64.082962 -0.001198 90.127899
v -64.297577 -0.001198 90.118744
v -64.515610 -0.001198 90.111008
v -64.736542 -0.001198 90.104729
v -64.959770 -0.001198 90.099915
v -65.184738 -0.001198 90.096581
v -65.410866 -0.001198 90.094727
v -65.637581 -0.001198 90.094368
v -61.157806 -0.001198 92.277115
v -61.163506 -0.001198 92.306564
v -61.180672 -0.001198 92.335960
v -61.209267 -0.001198 92.365219
v -61.249229 -0.001198 92.394279
v -61.300446 -0.001198 92.423050
v -61.362785 -0.001198 92.451477
v -61.436081 -0.001198 92.479469
v -61.520164 -0.001198 92.506958
v -61.614807 -0.001198 92.533882
v -61.719757 -0.001198 92.560165
v -61.834763 -0.001198 92.585739
v -61.959511 -0.001198 92.610542
v -62.093697 -0.001198 92.634506
v -62.236969 -0.001198 92.657578
v -62.388962 -0.001198 92.679688
v -62.549286 -0.001198 92.700783
v -62.717522 -0.001198 92.720818
v -62.893250 -0.001198 92.739723
v -63.076019 -0.001198 92.757469
v -63.265343 -0.001198 92.773994
v -63.460747 -0.001198 92.789268
v -63.661736 -0.001198 92.803246
v -63.867783 -0.001198 92.815895
v -64.078369 -0.001198 92.827179
v -64.292946 -0.001198 92.837067
v -64.510956 -0.001198 92.845543
v -64.731857 -0.001198 92.852577
v -64.955070 -0.001198 92.858154
v -65.180031 -0.001198 92.862251
v -65.406151 -0.001198 92.864876
v -65.632858 -0.001198 92.866005
v -66.998207 -0.001198 92.868332
v -67.000008 -0.001198 90.096687
vn 0.0009 -0.0000 1.0000
vn -0.0009 -0.0000 -1.0000
vn -0.0000 1.0000 -0.0000
vn 0.1500 -0.0000 0.9887
vn -1.0000 -0.0000 0.0009
vn -0.0000 -1.0000 -0.0000
vn 0.0005 -0.0000 -1.0000
vn 0.0033 -0.0000 -1.0000
vn 0.0062 -0.0000 -1.0000
vn 0.0091 -0.0000 -1.0000
vn 0.0119 -0.0000 -0.9999
vn 0.0148 -0.0000 -0.9999
vn 0.0177 -0.0000 -0.9998
vn 0.0207 -0.0000 -0.9998
vn 0.0236 -0.0000 -0.9997
vn 0.0266 -0.0000 -0.9996
vn 0.0296 -0.0000 -0.9996
vn 0.0327 -0.0000 -0.9995
vn 0.0358 -0.0000 -0.9994
vn 0.0389 -0.0000 -0.9992
vn 0.0421 -0.0000 -0.9991
vn 0.0453 -0.0000 -0.9990
vn 0.0486 -0.0000 -0.9988
vn 0.0519 -0.0000 -0.9987
vn 0.0553 -0.0000 -0.9985
vn 0.0588 -0.0000 -0.9983
vn 0.0624 -0.0000 -0.9981
vn 0.0660 -0.0000 -0.9978
vn 0.0698 -0.0000 -0.9976
vn 0.0736 -0.0000 -0.9973
vn 0.0776 -0.0000 -0.9970
vn 0.0816 -0.0000 -0.9967
vn 0.0858 -0.0000 -0.9963
vn 0.0902 -0.0000 -0.9959
vn 0.0947 -0.0000 -0.9955
vn 0.0993 -0.0000 -0.9951
vn 0.1041 -0.0000 -0.9946
vn 0.1092 -0.0000 -0.9940
vn 0.1144 -0.0000 -0.9934
vn 0.1199 -0.0000 -0.9928
vn 0.1256 -0.0000 -0.9921
vn 0.1315 -0.0000 -0.9913
vn 0.1378 -0.0000 -0.9905
vn 0.1444 -0.0000 -0.9895
vn 0.1514 -0.0000 -0.9885
vn 0.1588 -0.0000 -0.9873
vn 0.1666 -0.0000 -0.9860
vn 0.1750 -0.0000 -0.9846
vn 0.1838 -0.0000 -0.9830
vn 0.1933 -0.0000 -0.9811
vn 0.2036 -0.0000 -0.9791
vn 0.2145 -0.0000 -0.9767
vn 0.2263 -0.0000 -0.9741
vn 0.2392 -0.0000 -0.9710
vn 0.2532 -0.0000 -0.9674
vn 0.2685 -0.0000 -0.9633
vn 0.2853 -0.0000 -0.9584
vn 0.3039 -0.0000 -0.9527
vn 0.3244 -0.0000 -0.9459
vn 0.3473 -0.0000 -0.9377
vn 0.3731 -0.0000 -0.9278
vn 0.4021 -0.0000 -0.9156
vn 0.4350 -0.0000 -0.9004
vn 0.4724 -0.0000 -0.8814
vn 0.5153 -0.0000 -0.8570
vn 0.5642 -0.0000 -0.8256
vn 0.6204 -0.0000 -0.7843
vn 0.6835 -0.0000 -0.7299
vn 0.7538 -0.0000 -0.6572
vn 0.8279 -0.0000 -0.5608
vn 0.9003 -0.0000 -0.4353
vn 0.9604 -0.0000 -0.2785
vn 0.9953 -0.0000 -0.0971
vn 0.0024 -0.0000 1.0000
vn 0.0052 -0.0000 1.0000
vn 0.0081 -0.0000 1.0000
vn 0.0109 -0.0000 0.9999
vn 0.0138 -0.0000 0.9999
vn 0.0167 -0.0000 0.9999
vn 0.0196 -0.0000 0.9998
vn 0.0226 -0.0000 0.9997
vn 0.0255 -0.0000 0.9997
vn 0.0285 -0.0000 0.9996
vn 0.0315 -0.0000 0.9995
vn 0.0345 -0.0000 0.9994
vn 0.0376 -0.0000 0.9993
vn 0.0408 -0.0000 0.9992
vn 0.0439 -0.0000 0.9990
vn 0.0472 -0.0000 0.9989
vn 0.0504 -0.0000 0.9987
vn 0.0538 -0.0000 0.9986
vn 0.0572 -0.0000 0.9984
vn 0.0607 -0.0000 0.9982
vn 0.0643 -0.0000 0.9979
vn 0.0679 -0.0000 0.9977
vn 0.0717 -0.0000 0.9974
vn 0.0755 -0.0000 0.9971
vn 0.0794 -0.0000 0.9968
vn 0.0835 -0.0000 0.9965
vn 0.0877 -0.0000 0.9961
vn 0.0920 -0.0000 0.9958
vn 0.0965 -0.0000 0.9953
vn 0.1012 -0.0000 0.9949
vn 0.1060 -0.0000 0.9944
vn 0.1110 -0.0000 0.9938
vn 0.1163 -0.0000 0.9932
vn 0.1217 -0.0000 0.9926
vn 0.1274 -0.0000 0.9918
vn 0.1334 -0.0000 0.9911
vn 0.1397 -0.0000 0.9902
vn 0.1463 -0.0000 0.9892
vn 0.1533 -0.0000 0.9882
vn 0.1607 -0.0000 0.9870
vn 0.1685 -0.0000 0.9857
vn 0.1768 -0.0000 0.9842
vn 0.1857 -0.0000 0.9826
vn 0.1952 -0.0000 0.9808
vn 0.2054 -0.0000 0.9787
vn 0.2163 -0.0000 0.9763
vn 0.2282 -0.0000 0.9736
vn 0.2410 -0.0000 0.9705
vn 0.2550 -0.0000 0.9669
vn 0.2703 -0.0000 0.9628
vn 0.2871 -0.0000 0.9579
vn 0.3057 -0.0000 0.9521
vn 0.3262 -0.0000 0.9453
vn 0.3491 -0.0000 0.9371
vn 0.3749 -0.0000 0.9271
vn 0.4038 -0.0000 0.9149
vn 0.4367 -0.0000 0.8996
vn 0.4741 -0.0000 0.8805
vn 0.5169 -0.0000 0.8561
vn 0.5658 -0.0000 0.8245
vn 0.6218 -0.0000 0.7831
vn 0.6849 -0.0000 0.7287
vn 0.7550 -0.0000 0.6557
vn 0.8290 -0.0000 0.5593
vn 0.9011 -0.0000 0.4336
vn 0.9610 -0.0000 0.2767
vn 0.9955 -0.0000 0.0952
vn 1.0000 -0.0000 -0.0009
vn -0.0007 -0.0000 1.0000
vn -0.0039 -0.0000 1.0000
vn -0.0071 -0.0000 1.0000
vn -0.0104 -0.0000 0.9999
vn -0.0136 -0.0000 0.9999
vn -0.0169 -0.0000 0.9999
vn -0.0201 -0.0000 0.9998
vn -0.0234 -0.0000 0.9997
vn -0.0268 -0.0000 0.9996
vn -0.0301 -0.0000 0.9995
vn -0.0335 -0.0000 0.9994
vn -0.0370 -0.0000 0.9993
vn -0.0404 -0.0000 0.9992
vn -0.0440 -0.0000 0.9990
vn -0.0476 -0.0000 0.9989
vn -0.0512 -0.0000 0.9987
vn -0.0549 -0.0000 0.9985
vn -0.0587 -0.0000 0.9983
vn -0.0625 -0.0000 0.9980
vn -0.0664 -0.0000 0.9978
vn -0.0705 -0.0000 0.9975
vn -0.0746 -0.0000 0.9972
vn -0.0788 -0.0000 0.9969
vn -0.0831 -0.0000 0.9965
vn -0.0876 -0.0000 0.9962
vn -0.0921 -0.0000 0.9957
vn -0.0969 -0.0000 0.9953
vn -0.1017 -0.0000 0.9948
vn -0.1068 -0.0000 0.9943
vn -0.1120 -0.0000 0.9937
vn -0.1174 -0.0000 0.9931
vn -0.1231 -0.0000 0.9924
vn -0.1290 -0.0000 0.9917
vn -0.1351 -0.0000 0.9908
vn -0.1415 -0.0000 0.9899
vn -0.1482 -0.0000 0.9890
vn -0.1552 -0.0000 0.9879
vn -0.1626 -0.0000 0.9867
vn -0.1704 -0.0000 0.9854
vn -0.1787 -0.0000 0.9839
vn -0.1874 -0.0000 0.9823
vn -0.1967 -0.0000 0.9805
vn -0.2066 -0.0000 0.9784
vn -0.2172 -0.0000 0.9761
vn -0.2284 -0.0000 0.9736
vn -0.2406 -0.0000 0.9706
vn -0.2537 -0.0000 0.9673
vn -0.2679 -0.0000 0.9634
vn -0.2833 -0.0000 0.9590
vn -0.3001 -0.0000 0.9539
vn -0.3185 -0.0000 0.9479
vn -0.3387 -0.0000 0.9409
vn -0.3610 -0.0000 0.9326
vn -0.3857 -0.0000 0.9226
vn -0.4132 -0.0000 0.9106
vn -0.4441 -0.0000 0.8960
vn -0.4786 -0.0000 0.8780
vn -0.5176 -0.0000 0.8556
vn -0.5614 -0.0000 0.8275
vn -0.6106 -0.0000 0.7920
vn -0.6658 -0.0000 0.7461
vn -0.7263 -0.0000 0.6874
vn -0.7912 -0.0000 0.6115
vn -0.8574 -0.0000 0.5147
vn -0.9192 -0.0000 0.3938
vn -0.9684 -0.0000 0.2492
vn -0.9963 -0.0000 0.0860
vn -0.0025 -0.0000 -1.0000
vn -0.0058 -0.0000 -1.0000
vn -0.0090 -0.0000 -1.0000
vn -0.0122 -0.0000 -0.9999
vn -0.0155 -0.0000 -0.9999
vn -0.0187 -0.0000 -0.9998
vn -0.0220 -0.0000 -0.9998
vn -0.0253 -0.0000 -0.9997
vn -0.0287 -0.0000 -0.9996
vn -0.0320 -0.0000 -0.9995
vn -0.0354 -0.0000 -0.9994
vn -0.0389 -0.0000 -0.9992
vn -0.0423 -0.0000 -0.9991
vn -0.0459 -0.0000 -0.9989
vn -0.0494 -0.0000 -0.9988
vn -0.0531 -0.0000 -0.9986
vn -0.0568 -0.0000 -0.9984
vn -0.0605 -0.0000 -0.9982
vn -0.0644 -0.0000 -0.9979
vn -0.0683 -0.0000 -0.9977
vn -0.0723 -0.0000 -0.9974
vn -0.0764 -0.0000 -0.9971
vn -0.0807 -0.0000 -0.9967
vn -0.0850 -0.0000 -0.9964
vn -0.0894 -0.0000 -0.9960
vn -0.0940 -0.0000 -0.9956
vn -0.0987 -0.0000 -0.9951
vn -0.1036 -0.0000 -0.9946
vn -0.1087 -0.0000 -0.9941
vn -0.1139 -0.0000 -0.9935
vn -0.1193 -0.0000 -0.9929
vn -0.1249 -0.0000 -0.9922
vn -0.1308 -0.0000 -0.9914
vn -0.1369 -0.0000 -0.9906
vn -0.1433 -0.0000 -0.9897
vn -0.1500 -0.0000 -0.9887
vn -0.1571 -0.0000 -0.9876
vn -0.1645 -0.0000 -0.9864
vn -0.1723 -0.0000 -0.9850
vn -0.1805 -0.0000 -0.9836
vn -0.1893 -0.0000 -0.9819
vn -0.1985 -0.0000 -0.9801
vn -0.2084 -0.0000 -0.9780
vn -0.2190 -0.0000 -0.9757
vn -0.2303 -0.0000 -0.9731
vn -0.2424 -0.0000 -0.9702
vn -0.2555 -0.0000 -0.9668
vn -0.2697 -0.0000 -0.9629
vn -0.2851 -0.0000 -0.9585
vn -0.3019 -0.0000 -0.9533
vn -0.3202 -0.0000 -0.9473
vn -0.3404 -0.0000 -0.9403
vn -0.3627 -0.0000 -0.9319
vn -0.3874 -0.0000 -0.9219
vn -0.4150 -0.0000 -0.9098
vn -0.4458 -0.0000 -0.8951
vn -0.4803 -0.0000 -0.8771
vn -0.5192 -0.0000 -0.8547
vn -0.5630 -0.0000 -0.8265
vn -0.6121 -0.0000 -0.7908
vn -0.6672 -0.0000 -0.7449
vn -0.7276 -0.0000 -0.6860
vn -0.7924 -0.0000 -0.6100
vn -0.8583 -0.0000 -0.5131
vn -0.9199 -0.0000 -0.3921
vn -0.9689 -0.0000 -0.2474
vn -0.9965 -0.0000 -0.0842
vn 0.0644 -0.0000 0.9979
vn 0.0058 -0.0000 1.0000
vn 0.3387 -0.0000 -0.9409
vn 0.1415 -0.0000 -0.9899
vn 0.0587 -0.0000 -0.9983
vn 0.0007 -0.0000 -1.0000
vn 0.3874 -0.0000 0.9219
vn 0.1571 -0.0000 0.9876
vn 0.0683 -0.0000 0.9977
vn 0.0090 -0.0000 1.0000
vn 0.3610 -0.0000 -0.9326
vn 0.1482 -0.0000 -0.9890
vn 0.0625 -0.0000 -0.9980
vn 0.0039 -0.0000 -1.0000
vn 0.4150 -0.0000 0.9098
vn 0.1645 -0.0000 0.9864
vn 0.0723 -0.0000 0.9974
vn 0.0122 -0.0000 0.9999
vn 0.3857 -0.0000 -0.9226
vn 0.1552 -0.0000 -0.9879
vn 0.0664 -0.0000 -0.9978
vn 0.0071 -0.0000 -1.0000
vn 0.4458 -0.0000 0.8951
vn 0.1723 -0.0000 0.9850
vn 0.0764 -0.0000 0.9971
vn 0.0155 -0.0000 0.9999
vn 0.4132 -0.0000 -0.9106
vn 0.1626 -0.0000 -0.9867
vn 0.0705 -0.0000 -0.9975
vn 0.0103 -0.0000 -0.9999
vn 0.4803 -0.0000 0.8771
vn 0.1805 -0.0000 0.9836
vn 0.0807 -0.0000 0.9967
vn 0.0187 -0.0000 0.9998
vn 0.4441 -0.0000 -0.8960
vn 0.1704 -0.0000 -0.9854
vn 0.0746 -0.0000 -0.9972
vn 0.0136 -0.0000 -0.9999
vn 0.5192 -0.0000 0.8547
vn 0.1893 -0.0000 0.9819
vn 0.0850 -0.0000 0.9964
vn 0.0220 -0.0000 0.9998
vn 0.4786 -0.0000 -0.8780
vn 0.1787 -0.0000 -0.9839
vn 0.0788 -0.0000 -0.9969
vn 0.0169 -0.0000 -0.9999
vn 0.5630 -0.0000 0.8265
vn 0.1985 -0.0000 0.9801
vn 0.0894 -0.0000 0.9960
vn 0.0253 -0.0000 0.9997
vn 0.5176 -0.0000 -0.8556
vn 0.1874 -0.0000 -0.9823
vn 0.0831 -0.0000 -0.9965
vn 0.0201 -0.0000 -0.9998
vn 0.6121 -0.0000 0.7908
vn 0.2084 -0.0000 0.9780
vn 0.0940 -0.0000 0.9956
vn 0.0287 -0.0000 0.9996
vn 0.5614 -0.0000 -0.8275
vn 0.1967 -0.0000 -0.9805
vn 0.0876 -0.0000 -0.9962
vn 0.0234 -0.0000 -0.9997
vn 0.6672 -0.0000 0.7449
vn 0.2190 -0.0000 0.9757
vn 0.0987 -0.0000 0.9951
vn 0.0320 -0.0000 0.9995
vn 0.6106 -0.0000 -0.7919
vn 0.2066 -0.0000 -0.9784
vn 0.0921 -0.0000 -0.9957
vn 0.0268 -0.0000 -0.9996
vn 0.7276 -0.0000 0.6860
vn 0.2303 -0.0000 0.9731
vn 0.1036 -0.0000 0.9946
vn 0.0354 -0.0000 0.9994
vn 0.6658 -0.0000 -0.7462
vn 0.2172 -0.0000 -0.9761
vn 0.0969 -0.0000 -0.9953
vn 0.0301 -0.0000 -0.9995
vn 0.7924 -0.0000 0.6100
vn 0.2424 -0.0000 0.9702
vn 0.1087 -0.0000 0.9941
vn 0.0389 -0.0000 0.9992
vn 0.7263 -0.0000 -0.6874
vn 0.2284 -0.0000 -0.9736
vn 0.1017 -0.0000 -0.9948
vn 0.0335 -0.0000 -0.9994
vn 0.8583 -0.0000 0.5131
vn 0.2555 -0.0000 0.9668
vn 0.1139 -0.0000 0.9935
vn 0.0423 -0.0000 0.9991
vn 0.7912 -0.0000 -0.6115
vn 0.2406 -0.0000 -0.9706
vn 0.1068 -0.0000 -0.9943
vn 0.0370 -0.0000 -0.9993
vn 0.9199 -0.0000 0.3921
vn 0.2697 -0.0000 0.9629
vn 0.1193 -0.0000 0.9929
vn 0.0459 -0.0000 0.9989
vn 0.8574 -0.0000 -0.5147
vn 0.2537 -0.0000 -0.9673
vn 0.1120 -0.0000 -0.9937
vn 0.0404 -0.0000 -0.9992
vn 0.9689 -0.0000 0.2474
vn 0.2851 -0.0000 0.9585
vn 0.1249 -0.0000 0.9922
vn 0.0494 -0.0000 0.9988
vn 0.9192 -0.0000 -0.3938
vn 0.2679 -0.0000 -0.9634
vn 0.1174 -0.0000 -0.9931
vn 0.0440 -0.0000 -0.9990
vn 0.9965 -0.0000 0.0842
vn 0.3019 -0.0000 0.9533
vn 0.1308 -0.0000 0.9914
vn 0.0531 -0.0000 0.9986
vn 0.9684 -0.0000 -0.2492
vn 0.2833 -0.0000 -0.9590
vn 0.1231 -0.0000 -0.9924
vn 0.0476 -0.0000 -0.9989
vn 0.3202 -0.0000 0.9473
vn 0.1369 -0.0000 0.9906
vn 0.0568 -0.0000 0.9984
vn 0.9963 -0.0000 -0.0860
vn 0.3001 -0.0000 -0.9539
vn 0.1290 -0.0000 -0.9916
vn 0.0512 -0.0000 -0.9987
vn 0.3404 -0.0000 0.9403
vn 0.0026 -0.0000 1.0000
vn 0.1433 -0.0000 0.9897
vn 0.0605 -0.0000 0.9982
vn 0.3184 -0.0000 -0.9479
vn 0.1351 -0.0000 -0.9908
vn 0.0549 -0.0000 -0.9985
vn 0.3627 -0.0000 0.9319
vn 1.0000 -0.0000 -0.0019
vn -0.0017 -0.0000 -1.0000
vn 0.0017 -0.0000 1.0000
vn -0.9812 -0.0000 0.1931
vn -1.0000 -0.0000 0.0017
vn 1.0000 -0.0000 -0.0017
vn 0.9812 -0.0000 -0.1931
vn 0.8618 -0.0000 -0.5073
vn 0.7128 -0.0000 -0.7014
vn 0.5854 -0.0000 -0.8108
vn 0.4869 -0.0000 -0.8735
vn 0.4117 -0.0000 -0.9113
vn 0.3536 -0.0000 -0.9354
vn 0.3075 -0.0000 -0.9515
vn 0.2703 -0.0000 -0.9628
vn 0.2396 -0.0000 -0.9709
vn 0.2138 -0.0000 -0.9769
vn 0.1917 -0.0000 -0.9815
vn 0.1725 -0.0000 -0.9850
vn 0.1556 -0.0000 -0.9878
vn 0.1406 -0.0000 -0.9901
vn 0.1271 -0.0000 -0.9919
vn 0.1148 -0.0000 -0.9934
vn 0.1036 -0.0000 -0.9946
vn 0.0932 -0.0000 -0.9956
vn 0.0836 -0.0000 -0.9965
vn 0.0745 -0.0000 -0.9972
vn 0.0579 -0.0000 -0.9983
vn 0.0501 -0.0000 -0.9987
vn 0.0426 -0.0000 -0.9991
vn 0.0354 -0.0000 -0.9994
vn 0.0284 -0.0000 -0.9996
vn 0.0216 -0.0000 -0.9998
vn 0.0082 -0.0000 -1.0000
vn 0.0016 -0.0000 -1.0000
vn 0.9818 -0.0000 0.1898
vn 0.8635 -0.0000 0.5044
vn 0.7152 -0.0000 0.6989
vn 0.5881 -0.0000 0.8088
vn 0.4898 -0.0000 0.8718
vn 0.4148 -0.0000 0.9099
vn 0.3568 -0.0000 0.9342
vn 0.3108 -0.0000 0.9505
vn 0.2736 -0.0000 0.9618
vn 0.2429 -0.0000 0.9700
vn 0.2171 -0.0000 0.9762
vn 0.1950 -0.0000 0.9808
vn 0.1758 -0.0000 0.9844
vn 0.1590 -0.0000 0.9873
vn 0.1440 -0.0000 0.9896
vn 0.1305 -0.0000 0.9915
vn 0.1182 -0.0000 0.9930
vn 0.1070 -0.0000 0.9943
vn 0.0966 -0.0000 0.9953
vn 0.0870 -0.0000 0.9962
vn 0.0779 -0.0000 0.9970
vn 0.0694 -0.0000 0.9976
vn 0.0613 -0.0000 0.9981
vn 0.0535 -0.0000 0.9986
vn 0.0460 -0.0000 0.9989
vn 0.0388 -0.0000 0.9992
vn 0.0318 -0.0000 0.9995
vn 0.0250 -0.0000 0.9997
vn 0.0182 -0.0000 0.9998
vn 0.0116 -0.0000 0.9999
vn 0.0050 -0.0000 1.0000
vn -0.9690 -0.0000 -0.2471
vn -0.7934 -0.0000 -0.6087
vn -0.6149 -0.0000 -0.7886
vn -0.4847 -0.0000 -0.8747
vn -0.3936 -0.0000 -0.9193
vn -0.3284 -0.0000 -0.9445
vn -0.2796 -0.0000 -0.9601
vn -0.2421 -0.0000 -0.9703
vn -0.2121 -0.0000 -0.9772
vn -0.1877 -0.0000 -0.9822
vn -0.1674 -0.0000 -0.9859
vn -0.1501 -0.0000 -0.9887
vn -0.1352 -0.0000 -0.9908
vn -0.1221 -0.0000 -0.9925
vn -0.1105 -0.0000 -0.9939
vn -0.1001 -0.0000 -0.9950
vn -0.0907 -0.0000 -0.9959
vn -0.0821 -0.0000 -0.9966
vn -0.0741 -0.0000 -0.9972
vn -0.0668 -0.0000 -0.9978
vn -0.0598 -0.0000 -0.9982
vn -0.0533 -0.0000 -0.9986
vn -0.0471 -0.0000 -0.9989
vn -0.0412 -0.0000 -0.9992
vn -0.0355 -0.0000 -0.9994
vn -0.0300 -0.0000 -0.9996
vn -0.0247 -0.0000 -0.9997
vn -0.0194 -0.0000 -0.9998
vn -0.0143 -0.0000 -0.9999
vn -0.0092 -0.0000 -1.0000
vn -0.0042 -0.0000 -1.0000
vn -0.9683 -0.0000 0.2499
vn -0.7914 -0.0000 0.6113
vn -0.6120 -0.0000 0.7909
vn -0.4818 -0.0000 0.8763
vn -0.3906 -0.0000 0.9206
vn -0.3251 -0.0000 0.9457
vn -0.2764 -0.0000 0.9611
vn -0.2387 -0.0000 0.9711
vn -0.2088 -0.0000 0.9780
vn -0.1844 -0.0000 0.9829
vn -0.1640 -0.0000 0.9865
vn -0.1467 -0.0000 0.9892
vn -0.1318 -0.0000 0.9913
vn -0.1187 -0.0000 0.9929
vn -0.1071 -0.0000 0.9942
vn -0.0967 -0.0000 0.9953
vn -0.0873 -0.0000 0.9962
vn -0.0787 -0.0000 0.9969
vn -0.0707 -0.0000 0.9975
vn -0.0634 -0.0000 0.9980
vn -0.0564 -0.0000 0.9984
vn -0.0499 -0.0000 0.9988
vn -0.0437 -0.0000 0.9990
vn -0.0378 -0.0000 0.9993
vn -0.0321 -0.0000 0.9995
vn -0.0266 -0.0000 0.9996
vn -0.0212 -0.0000 0.9998
vn -0.0160 -0.0000 0.9999
vn -0.0109 -0.0000 0.9999
vn -0.0058 -0.0000 1.0000
vn -0.0008 -0.0000 1.0000
vn 1.0000 -0.0000 -0.0006
vn -0.5881 -0.0000 -0.8088
vn -0.0284 -0.0000 0.9996
vn -0.1758 -0.0000 -0.9844
vn -0.0694 -0.0000 -0.9976
vn -0.2396 -0.0000 0.9709
vn -0.0050 -0.0000 -1.0000
vn -0.0932 -0.0000 0.9956
vn -0.4898 -0.0000 -0.8718
vn -0.0216 -0.0000 0.9998
vn -0.8618 -0.0000 0.5073
vn -0.1590 -0.0000 -0.9873
vn -0.0613 -0.0000 -0.9981
vn -0.2138 -0.0000 0.9769
vn -0.0836 -0.0000 0.9965
vn -0.4148 -0.0000 -0.9099
vn -0.0148 -0.0000 0.9999
vn -0.7128 -0.0000 0.7014
vn -0.1440 -0.0000 -0.9896
vn -0.0535 -0.0000 -0.9986
vn -0.1917 -0.0000 0.9815
vn -0.0745 -0.0000 0.9972
vn -0.3568 -0.0000 -0.9342
vn -0.0082 -0.0000 1.0000
vn -0.1305 -0.0000 -0.9915
vn -0.5854 -0.0000 0.8108
vn -0.0460 -0.0000 -0.9989
vn -0.1725 -0.0000 0.9850
vn -0.0660 -0.0000 0.9978
vn -0.3108 -0.0000 -0.9505
vn -0.0016 -0.0000 1.0000
vn -0.4869 -0.0000 0.8735
vn -0.1182 -0.0000 -0.9930
vn -0.0388 -0.0000 -0.9992
vn -0.1556 -0.0000 0.9878
vn -0.0579 -0.0000 0.9983
vn -0.2736 -0.0000 -0.9618
vn -0.4117 -0.0000 0.9113
vn -0.1070 -0.0000 -0.9943
vn -0.0318 -0.0000 -0.9995
vn -0.1406 -0.0000 0.9901
vn -0.9818 -0.0000 -0.1898
vn -0.0501 -0.0000 0.9987
vn -0.2429 -0.0000 -0.9700
vn -0.3536 -0.0000 0.9354
vn -0.0966 -0.0000 -0.9953
vn -0.0250 -0.0000 -0.9997
vn -0.1271 -0.0000 0.9919
vn -0.8635 -0.0000 -0.5044
vn -0.0426 -0.0000 0.9991
vn -0.2171 -0.0000 -0.9762
vn -0.0870 -0.0000 -0.9962
vn -0.3075 -0.0000 0.9515
vn -0.0182 -0.0000 -0.9998
vn -0.1148 -0.0000 0.9934
vn -0.7152 -0.0000 -0.6989
vn -0.0354 -0.0000 0.9994
vn -0.1950 -0.0000 -0.9808
vn -0.0779 -0.0000 -0.9970
vn -0.2703 -0.0000 0.9628
vn -0.0116 -0.0000 -0.9999
vn -0.1036 -0.0000 0.9946
vt 1.000000 0.892262
vt 1.000000 0.944565
vt 1.000000 0.892262
vt 0.000000 0.944565
vt 0.000000 0.892262
vt 0.000000 0.892262
vt 0.999995 0.945865
vt 0.999980 0.947164
vt 0.999954 0.948461
vt 0.999919 0.949756
vt 0.999873 0.951049
vt 0.999818 0.952337
vt 0.999752 0.953622
vt 0.999676 0.954902
vt 0.999590 0.956176
vt 0.999494 0.957443
vt 0.999389 0.958703
vt 0.999274 0.959956
vt 0.999148 0.961200
vt 0.999014 0.962435
vt 0.998869 0.963661
vt 0.998715 0.964875
vt 0.998552 0.966079
vt 0.998379 0.967271
vt 0.998197 0.968450
vt 0.998006 0.969616
vt 0.997805 0.970769
vt 0.997596 0.971907
vt 0.997378 0.973030
vt 0.997151 0.974137
vt 0.996916 0.975228
vt 0.996672 0.976302
vt 0.996420 0.977359
vt 0.996160 0.978398
vt 0.995891 0.979418
vt 0.995615 0.980419
vt 0.995331 0.981400
vt 0.995039 0.982361
vt 0.994740 0.983301
vt 0.983301 0.994740
vt 0.982361 0.995039
vt 0.981400 0.995331
vt 0.980419 0.995615
vt 0.979418 0.995891
vt 0.978398 0.996159
vt 0.977359 0.996420
vt 0.976302 0.996672
vt 0.975228 0.996916
vt 0.974137 0.997151
vt 0.973030 0.997378
vt 0.971907 0.997596
vt 0.970769 0.997805
vt 0.969616 0.998006
vt 0.968450 0.998197
vt 0.967271 0.998379
vt 0.966079 0.998552
vt 0.964875 0.998715
vt 0.963661 0.998869
vt 0.962435 0.999014
vt 0.961200 0.999148
vt 0.959956 0.999274
vt 0.958704 0.999389
vt 0.957443 0.999494
vt 0.956176 0.999590
vt 0.954902 0.999676
vt 0.953622 0.999752
vt 0.952338 0.999817
vt 0.951049 0.999873
vt 0.949756 0.999919
vt 0.948461 0.999954
vt 0.947164 0.999980
vt 0.945865 0.999995
vt 0.944565 1.000000
vt 0.055435 1.000000
vt 0.054135 0.999995
vt 0.052836 0.999980
vt 0.051539 0.999954
vt 0.050244 0.999919
vt 0.048951 0.999873
vt 0.047663 0.999818
vt 0.046378 0.999752
vt 0.045098 0.999676
vt 0.043824 0.999590
vt 0.042557 0.999494
vt 0.041297 0.999389
vt 0.040044 0.999274
vt 0.038800 0.999148
vt 0.037565 0.999014
vt 0.036339 0.998869
vt 0.035125 0.998715
vt 0.033921 0.998552
vt 0.032729 0.998379
vt 0.031550 0.998197
vt 0.030384 0.998006
vt 0.029231 0.997805
vt 0.028093 0.997596
vt 0.026970 0.997378
vt 0.025863 0.997151
vt 0.024772 0.996916
vt 0.023698 0.996672
vt 0.022641 0.996420
vt 0.021602 0.996160
vt 0.020582 0.995891
vt 0.019581 0.995615
vt 0.018600 0.995331
vt 0.017639 0.995039
vt 0.016699 0.994740
vt 0.005260 0.983301
vt 0.004961 0.982361
vt 0.004669 0.981400
vt 0.004385 0.980419
vt 0.004109 0.979418
vt 0.003840 0.978398
vt 0.003580 0.977359
vt 0.003328 0.976302
vt 0.003084 0.975228
vt 0.002849 0.974137
vt 0.002622 0.973030
vt 0.002404 0.971907
vt 0.002195 0.970769
vt 0.001994 0.969616
vt 0.001803 0.968450
vt 0.001621 0.967271
vt 0.001448 0.966079
vt 0.001285 0.964875
vt 0.001131 0.963661
vt 0.000986 0.962435
vt 0.000852 0.961200
vt 0.000726 0.959956
vt 0.000611 0.958703
vt 0.000506 0.957443
vt 0.000410 0.956176
vt 0.000324 0.954902
vt 0.000248 0.953622
vt 0.000183 0.952338
vt 0.000127 0.951049
vt 0.000081 0.949756
vt 0.000046 0.948461
vt 0.000020 0.947164
vt 0.000005 0.945865
vt 1.000000 0.083750
vt 1.000000 0.111022
vt 1.000000 0.111022
vt 1.000000 0.083750
vt 0.000000 0.111022
vt 0.000000 0.111022
vt 0.024248 0.006819
vt 0.025569 0.006419
vt 0.076204 0.000000
vt 0.923796 0.000000
vt 0.000005 0.945865
vt 0.000020 0.947163
vt 0.000081 0.949756
vt 0.000127 0.951049
vt 0.000183 0.952337
vt 0.000324 0.954902
vt 0.000410 0.956176
vt 0.000506 0.957443
vt 0.000611 0.958703
vt 0.000986 0.962435
vt 0.001131 0.963661
vt 0.001285 0.964875
vt 0.001448 0.966079
vt 0.001621 0.967271
vt 0.002622 0.973029
vt 0.004109 0.979418
vt 0.004385 0.980419
vt 0.004669 0.981400
vt 0.016699 0.994740
vt 0.017639 0.995039
vt 0.018600 0.995331
vt 0.019581 0.995615
vt 0.020582 0.995891
vt 0.021602 0.996159
vt 0.022641 0.996420
vt 0.023698 0.996672
vt 0.024772 0.996916
vt 0.025863 0.997151
vt 0.026970 0.997378
vt 0.028093 0.997596
vt 0.029231 0.997805
vt 0.030384 0.998006
vt 0.031550 0.998197
vt 0.032729 0.998379
vt 0.033921 0.998552
vt 0.035125 0.998715
vt 0.036339 0.998869
vt 0.037565 0.999014
vt 0.038800 0.999148
vt 0.040044 0.999274
vt 0.041296 0.999389
vt 0.042557 0.999494
vt 0.043824 0.999590
vt 0.045098 0.999676
vt 0.046378 0.999752
vt 0.047662 0.999817
vt 0.048951 0.999873
vt 0.050244 0.999919
vt 0.051539 0.999954
vt 0.052836 0.999980
vt 0.054135 0.999995
vt 0.055435 1.000000
vt 0.952338 0.999818
vt 0.956176 0.999590
vt 0.958703 0.999389
vt 0.962435 0.999014
vt 0.967271 0.998379
vt 0.969616 0.998006
vt 0.973030 0.997378
vt 0.974137 0.997151
vt 0.976302 0.996672
vt 0.978398 0.996160
vt 0.981400 0.995331
vt 0.996916 0.975228
vt 0.997378 0.973029
vt 0.997596 0.971907
vt 0.998715 0.964875
vt 0.998869 0.963661
vt 0.999274 0.959956
vt 0.999980 0.947164
vt 1.000000 0.076204
vt 1.000000 0.076204
vt 0.999993 0.074418
vt 0.999993 0.074418
vt 0.999972 0.072632
vt 0.999972 0.072632
vt 0.999937 0.070849
vt 0.999937 0.070849
vt 0.999888 0.069068
vt 0.999888 0.069068
vt 0.999826 0.067292
vt 0.999826 0.067292
vt 0.999749 0.065520
vt 0.999749 0.065520
vt 0.999659 0.063754
vt 0.999659 0.063754
vt 0.999555 0.061995
vt 0.999555 0.061995
vt 0.999437 0.060244
vt 0.999437 0.060244
vt 0.999305 0.058502
vt 0.999305 0.058502
vt 0.999160 0.056769
vt 0.999160 0.056769
vt 0.999001 0.055047
vt 0.999001 0.055047
vt 0.998829 0.053337
vt 0.998829 0.053337
vt 0.998644 0.051639
vt 0.998644 0.051639
vt 0.998445 0.049954
vt 0.998234 0.048285
vt 0.998234 0.048285
vt 0.998009 0.046630
vt 0.997772 0.044992
vt 0.997772 0.044992
vt 0.997521 0.043371
vt 0.997521 0.043371
vt 0.997258 0.041768
vt 0.997258 0.041768
vt 0.996983 0.040183
vt 0.996983 0.040183
vt 0.996695 0.038619
vt 0.996396 0.037075
vt 0.996396 0.037075
vt 0.996084 0.035553
vt 0.995760 0.034053
vt 0.995425 0.032577
vt 0.995425 0.032577
vt 0.995079 0.031124
vt 0.995079 0.031124
vt 0.994721 0.029696
vt 0.994721 0.029696
vt 0.994352 0.028294
vt 0.994352 0.028294
vt 0.993972 0.026918
vt 0.993972 0.026918
vt 0.993581 0.025569
vt 0.993581 0.025569
vt 0.993181 0.024248
vt 0.993181 0.024248
vt 0.992769 0.022955
vt 0.977045 0.007231
vt 0.977045 0.007231
vt 0.975752 0.006819
vt 0.975752 0.006819
vt 0.974431 0.006419
vt 0.974431 0.006419
vt 0.973082 0.006028
vt 0.973082 0.006028
vt 0.971706 0.005648
vt 0.971706 0.005648
vt 0.970304 0.005279
vt 0.968876 0.004921
vt 0.968876 0.004921
vt 0.967423 0.004575
vt 0.967423 0.004575
vt 0.965947 0.004240
vt 0.965947 0.004240
vt 0.964447 0.003916
vt 0.964447 0.003916
vt 0.962925 0.003604
vt 0.962925 0.003604
vt 0.961381 0.003305
vt 0.961381 0.003305
vt 0.959817 0.003017
vt 0.959817 0.003017
vt 0.958232 0.002742
vt 0.958233 0.002742
vt 0.956629 0.002479
vt 0.955008 0.002228
vt 0.955008 0.002228
vt 0.953370 0.001991
vt 0.953370 0.001991
vt 0.951715 0.001766
vt 0.951715 0.001766
vt 0.950046 0.001555
vt 0.948361 0.001356
vt 0.946664 0.001171
vt 0.946664 0.001171
vt 0.944953 0.000999
vt 0.944953 0.000999
vt 0.943231 0.000840
vt 0.943231 0.000840
vt 0.941498 0.000695
vt 0.941498 0.000695
vt 0.939756 0.000563
vt 0.938005 0.000445
vt 0.936246 0.000341
vt 0.936246 0.000341
vt 0.934480 0.000251
vt 0.932708 0.000174
vt 0.932708 0.000174
vt 0.930932 0.000112
vt 0.929151 0.000063
vt 0.927368 0.000028
vt 0.927368 0.000028
vt 0.925582 0.000007
vt 0.925582 0.000007
vt 0.000000 0.076204
vt 0.000000 0.076204
vt 0.000007 0.074418
vt 0.000028 0.072632
vt 0.000028 0.072632
vt 0.000063 0.070849
vt 0.000112 0.069068
vt 0.000174 0.067292
vt 0.000251 0.065520
vt 0.000251 0.065520
vt 0.000341 0.063754
vt 0.000341 0.063754
vt 0.000445 0.061995
vt 0.000563 0.060244
vt 0.000563 0.060244
vt 0.000695 0.058502
vt 0.000840 0.056769
vt 0.000840 0.056769
vt 0.000999 0.055047
vt 0.000999 0.055047
vt 0.001171 0.053337
vt 0.001171 0.053337
vt 0.001356 0.051639
vt 0.001555 0.049954
vt 0.001555 0.049954
vt 0.001766 0.048285
vt 0.001991 0.046630
vt 0.002228 0.044992
vt 0.002228 0.044992
vt 0.002479 0.043371
vt 0.002479 0.043371
vt 0.002742 0.041768
vt 0.003017 0.040183
vt 0.003017 0.040183
vt 0.003305 0.038619
vt 0.003305 0.038619
vt 0.003604 0.037075
vt 0.003604 0.037075
vt 0.003916 0.035553
vt 0.004240 0.034053
vt 0.004575 0.032577
vt 0.004575 0.032577
vt 0.004921 0.031124
vt 0.004921 0.031124
vt 0.005279 0.029696
vt 0.005279 0.029696
vt 0.005648 0.028294
vt 0.006028 0.026918
vt 0.006028 0.026918
vt 0.006419 0.025569
vt 0.006419 0.025569
vt 0.006819 0.024248
vt 0.006819 0.024248
vt 0.007231 0.022955
vt 0.022955 0.007231
vt 0.024248 0.006819
vt 0.025569 0.006419
vt 0.026918 0.006028
vt 0.026918 0.006028
vt 0.028294 0.005648
vt 0.028294 0.005648
vt 0.029696 0.005279
vt 0.029696 0.005279
vt 0.031124 0.004921
vt 0.031124 0.004921
vt 0.032577 0.004575
vt 0.032577 0.004575
vt 0.034053 0.004240
vt 0.034053 0.004240
vt 0.035553 0.003916
vt 0.035553 0.003916
vt 0.037075 0.003604
vt 0.037075 0.003604
vt 0.038619 0.003305
vt 0.038619 0.003305
vt 0.040183 0.003017
vt 0.040183 0.003017
vt 0.041768 0.002742
vt 0.041768 0.002742
vt 0.043371 0.002479
vt 0.044992 0.002228
vt 0.044992 0.002228
vt 0.046630 0.001991
vt 0.046630 0.001991
vt 0.048285 0.001766
vt 0.048285 0.001766
vt 0.049954 0.001555
vt 0.051639 0.001356
vt 0.053337 0.001171
vt 0.053337 0.001171
vt 0.055047 0.000999
vt 0.055047 0.000999
vt 0.056769 0.000840
vt 0.056769 0.000840
vt 0.058502 0.000695
vt 0.060244 0.000563
vt 0.060244 0.000563
vt 0.061995 0.000445
vt 0.063754 0.000341
vt 0.063754 0.000341
vt 0.065520 0.000251
vt 0.067292 0.000174
vt 0.069068 0.000112
vt 0.069068 0.000112
vt 0.070849 0.000063
vt 0.072632 0.000028
vt 0.072632 0.000028
vt 0.074418 0.000007
vt 0.000000 0.083728
vt 1.000000 0.076204
vt 0.000000 0.000000
vt 0.000000 1.000000
vt 1.000000 1.000000
vt 1.000000 0.000000
vt 1.000000 0.790278
vt 1.000000 0.800900
vt 0.000000 0.893056
vt 0.000000 0.106944
vt 0.000000 0.999954
vt 0.000000 0.999817
vt 0.000000 0.999589
vt 0.000000 0.999270
vt 0.000000 0.998862
vt 0.000000 0.998365
vt 0.000000 0.997781
vt 0.000000 0.997111
vt 0.000000 0.996357
vt 0.000000 0.995521
vt 0.000000 0.994604
vt 0.000000 0.993611
vt 0.000000 0.992542
vt 0.000000 0.991400
vt 0.000000 0.990189
vt 0.000000 0.966737
vt 0.000000 0.962716
vt 0.000000 0.958517
vt 0.000000 0.954150
vt 0.000000 0.949625
vt 0.000000 0.944956
vt 0.000000 0.940153
vt 0.000000 0.935230
vt 0.000000 0.930198
vt 0.000000 0.925071
vt 0.000000 0.919862
vt 0.000000 0.914583
vt 0.000000 0.909250
vt 0.000000 0.903875
vt 0.000000 0.898472
vt 0.000000 0.101528
vt 0.000000 0.096125
vt 0.000000 0.090750
vt 0.000000 0.085417
vt 0.000000 0.080138
vt 0.000000 0.074929
vt 0.000000 0.069802
vt 0.000000 0.064770
vt 0.000000 0.059847
vt 0.000000 0.055044
vt 0.000000 0.050375
vt 0.000000 0.045850
vt 0.000000 0.041483
vt 0.000000 0.037284
vt 0.000000 0.033263
vt 0.000000 0.009811
vt 0.000000 0.008600
vt 0.000000 0.007458
vt 0.000000 0.006389
vt 0.000000 0.005396
vt 0.000000 0.004479
vt 0.000000 0.003643
vt 0.000000 0.002889
vt 0.000000 0.002219
vt 0.000000 0.001635
vt 0.000000 0.001138
vt 0.000000 0.000730
vt 0.000000 0.000411
vt 0.000000 0.000183
vt 0.000000 0.000046
vt 1.000000 0.209722
vt 1.000000 0.209722
vt 1.000000 0.811495
vt 1.000000 0.822036
vt 1.000000 0.832495
vt 1.000000 0.832495
vt 1.000000 0.842845
vt 1.000000 0.853061
vt 1.000000 0.863116
vt 1.000000 0.872983
vt 1.000000 0.882638
vt 1.000000 0.892056
vt 1.000000 0.901213
vt 1.000000 0.910085
vt 1.000000 0.918650
vt 1.000000 0.926885
vt 1.000000 0.934770
vt 1.000000 0.980761
vt 1.000000 0.980761
vt 1.000000 0.983135
vt 1.000000 0.985374
vt 1.000000 0.987470
vt 1.000000 0.987470
vt 1.000000 0.989419
vt 1.000000 0.989419
vt 1.000000 0.991216
vt 1.000000 0.992856
vt 1.000000 0.994335
vt 1.000000 0.995648
vt 1.000000 0.996794
vt 1.000000 0.997768
vt 1.000000 0.997768
vt 1.000000 0.998569
vt 1.000000 0.999194
vt 1.000000 0.999641
vt 1.000000 0.999910
vt 1.000000 0.199100
vt 1.000000 0.199100
vt 1.000000 0.188505
vt 1.000000 0.177964
vt 1.000000 0.177964
vt 1.000000 0.167505
vt 1.000000 0.157155
vt 1.000000 0.146939
vt 1.000000 0.146939
vt 1.000000 0.136884
vt 1.000000 0.136884
vt 1.000000 0.127017
vt 1.000000 0.127017
vt 1.000000 0.117362
vt 1.000000 0.117362
vt 1.000000 0.107944
vt 1.000000 0.098787
vt 1.000000 0.089915
vt 1.000000 0.089915
vt 1.000000 0.081350
vt 1.000000 0.073115
vt 1.000000 0.065231
vt 1.000000 0.065231
vt 1.000000 0.019239
vt 1.000000 0.016865
vt 1.000000 0.014626
vt 1.000000 0.012530
vt 1.000000 0.010581
vt 1.000000 0.010581
vt 1.000000 0.008784
vt 1.000000 0.007144
vt 1.000000 0.005665
vt 1.000000 0.005665
vt 1.000000 0.004352
vt 1.000000 0.003206
vt 1.000000 0.002232
vt 1.000000 0.002232
vt 1.000000 0.001431
vt 1.000000 0.000806
vt 1.000000 0.000359
vt 1.000000 0.000090
vt 0.000000 0.914583
vt 0.000000 0.991400
vt 0.000000 0.998365
vt 0.000000 0.999589
vt 0.000000 0.085417
vt 0.000000 0.064770
vt 0.000000 0.059847
vt 0.000000 0.055044
vt 0.000000 0.045850
vt 0.000000 0.041483
vt 0.000000 0.001635
s 0
usemtl Sidewalk_3
f 2637/1251/512 2710/1252/512 2845/1252/512 2638/1253/512
f 2641/1254/513 2639/1255/513 2640/1256/513 2778/1254/513
f 2640/1256/514 2638/1253/514 2845/1252/514 2847/1257/514 2848/1258/514 2849/1259/514 2850/1260/514 2851/1261/514 2852/1262/514 2853/1263/514 2854/1264/514 2855/1265/514 2856/1266/514 2857/1267/514 2858/1268/514 2859/1269/514 2860/1270/514 2861/1271/514 2862/1272/514 2863/1273/514 2864/1274/514 2865/1275/514 2866/1276/514 2867/1277/514 2868/1278/514 2869/1279/514 2870/1280/514 2871/1281/514 2872/1282/514 2873/1283/514 2874/1284/514 2875/1285/514 2876/1286/514 2877/1287/514 2878/1288/514 2879/1289/514 2880/1290/514 2881/1291/514 2882/1292/514 2883/1293/514 2884/1294/514 2885/1295/514 2886/1296/514 2887/1297/514 2888/1298/514 2889/1299/514 2890/1300/514 2891/1301/514 2892/1302/514 2893/1303/514 2894/1304/514 2895/1305/514 2896/1306/514 2897/1307/514 2898/1308/514 2899/1309/514 2900/1310/514 2901/1311/514 2902/1312/514 2903/1313/514 2904/1314/514 2905/1315/514 2906/1316/514 2907/1317/514 2908/1318/514 2909/1319/514 2910/1320/514 2911/1321/514 2912/1322/514 2846/1323/514 2777/1324/514 2779/1325/514 2780/1326/514 2781/1327/514 2782/1328/514 2783/1329/514 2784/1330/514 2785/1331/514 2786/1332/514 2787/1333/514 2788/1334/514 2789/1335/514 2790/1336/514 2791/1337/514 2792/1338/514 2793/1339/514 2794/1340/514 2795/1341/514 2796/1342/514 2797/1343/514 2798/1344/514 2799/1345/514 2800/1346/514 2801/1347/514 2802/1348/514 2803/1349/514 2804/1350/514 2805/1351/514 2806/1352/514 2807/1353/514 2808/1354/514 2809/1355/514 2810/1356/514 2811/1357/514 2812/1358/514 2813/1359/514 2814/1360/514 2815/1361/514 2816/1362/514 2817/1363/514 2818/1364/514 2819/1365/514 2820/1366/514 2821/1367/514 2822/1368/514 2823/1369/514 2824/1370/514 2825/1371/514 2826/1372/514 2827/1373/514 2828/1374/514 2829/1375/514 2830/1376/514 2831/1377/514 2832/1378/514 2833/1379/514 2834/1380/514 2835/1381/514 2836/1382/514 2837/1383/514 2838/1384/514 2839/1385/514 2840/1386/514 2841/1387/514 2842/1388/514 2843/1389/514 2844/1390/514 2778/1254/514
f 3185/1391/512 2634/1392/512 2636/1393/512 3186/1394/512
f 2639/1255/513 2633/1395/513 2635/1396/513 2640/1256/513
f 3085/1397/515 3086/1398/515 3295/1398/515 3294/1397/515
f 2913/1399/516 2982/1400/516 3117/1400/516 3050/1399/516
f 2639/1255/517 2641/1254/517 2643/1401/517 2644/1402/517 2645/1388/517 2646/1403/517 2647/1404/517 2648/1405/517 2649/1384/517 2650/1406/517 2651/1407/517 2652/1408/517 2653/1409/517 2654/1379/517 2655/1378/517 2656/1410/517 2657/1411/517 2658/1412/517 2659/1413/517 2660/1414/517 2661/1372/517 2662/1371/517 2663/1370/517 2664/1369/517 2665/1415/517 2666/1367/517 2667/1366/517 2668/1365/517 2669/1364/517 2670/1363/517 2671/1416/517 2672/1417/517 2673/1418/517 2674/1359/517 2675/1358/517 2676/1419/517 2677/1420/517 2678/1421/517 2679/1422/517 2680/1423/517 2681/1424/517 2682/1425/517 2683/1426/517 2684/1427/517 2685/1428/517 2686/1429/517 2687/1430/517 2688/1431/517 2689/1432/517 2690/1433/517 2691/1434/517 2692/1435/517 2693/1436/517 2694/1437/517 2695/1438/517 2696/1439/517 2697/1440/517 2698/1441/517 2699/1442/517 2700/1443/517 2701/1444/517 2702/1445/517 2703/1446/517 2704/1447/517 2705/1448/517 2706/1449/517 2707/1450/517 2708/1451/517 2642/1452/517 2709/1323/517 2711/1322/517 2712/1321/517 2713/1320/517 2714/1319/517 2715/1318/517 2716/1453/517 2717/1316/517 2718/1315/517 2719/1454/517 2720/1313/517 2721/1455/517 2722/1311/517 2723/1310/517 2724/1456/517 2725/1308/517 2726/1307/517 2727/1306/517 2728/1457/517 2729/1304/517 2730/1458/517 2731/1302/517 2732/1301/517 2733/1459/517 2734/1460/517 2735/1298/517 2736/1461/517 2737/1296/517 2738/1462/517 2739/1294/517 2740/1293/517 2741/1463/517 2742/1291/517 2743/1290/517 2744/1289/517 2745/1288/517 2746/1287/517 2747/1286/517 2748/1285/517 2749/1284/517 2750/1283/517 2751/1282/517 2752/1464/517 2753/1280/517 2754/1465/517 2755/1466/517 2756/1277/517 2757/1276/517 2758/1275/517 2759/1274/517 2760/1273/517 2761/1467/517 2762/1468/517 2763/1270/517 2764/1269/517 2765/1469/517 2766/1267/517 2767/1266/517 2768/1265/517 2769/1264/517 2770/1263/517 2771/1262/517 2772/1261/517 2773/1260/517 2774/1259/517 2775/1470/517 2776/1257/517 2710/1252/517 2637/1251/517
f 2634/1392/512 2637/1251/512 2638/1253/512 2636/1393/512
f 2635/1396/514 2636/1393/514 2638/1253/514 2640/1256/514
f 2633/1395/517 2639/1255/517 2637/1251/517 2634/1392/517
f 2641/1254/518 2778/1254/518 2844/1390/518 2643/1401/518
f 2643/1401/519 2844/1390/519 2843/1389/519 2644/1402/519
f 2644/1402/520 2843/1389/520 2842/1388/520 2645/1388/520
f 2645/1388/521 2842/1388/521 2841/1387/521 2646/1403/521
f 2646/1403/522 2841/1387/522 2840/1386/522 2647/1404/522
f 2647/1404/523 2840/1386/523 2839/1385/523 2648/1405/523
f 2648/1405/524 2839/1385/524 2838/1384/524 2649/1384/524
f 2649/1384/525 2838/1384/525 2837/1383/525 2650/1406/525
f 2650/1406/526 2837/1383/526 2836/1382/526 2651/1407/526
f 2651/1407/527 2836/1382/527 2835/1381/527 2652/1408/527
f 2652/1408/528 2835/1381/528 2834/1380/528 2653/1409/528
f 2653/1409/529 2834/1380/529 2833/1379/529 2654/1379/529
f 2654/1379/530 2833/1379/530 2832/1378/530 2655/1378/530
f 2655/1378/531 2832/1378/531 2831/1377/531 2656/1410/531
f 2656/1410/532 2831/1377/532 2830/1376/532 2657/1411/532
f 2657/1411/533 2830/1376/533 2829/1375/533 2658/1412/533
f 2658/1412/534 2829/1375/534 2828/1374/534 2659/1413/534
f 2659/1413/535 2828/1374/535 2827/1373/535 2660/1414/535
f 2660/1414/536 2827/1373/536 2826/1372/536 2661/1372/536
f 2661/1372/537 2826/1372/537 2825/1371/537 2662/1371/537
f 2662/1371/538 2825/1371/538 2824/1370/538 2663/1370/538
f 2663/1370/539 2824/1370/539 2823/1369/539 2664/1369/539
f 2664/1369/540 2823/1369/540 2822/1368/540 2665/1415/540
f 2665/1415/541 2822/1368/541 2821/1367/541 2666/1367/541
f 2666/1367/542 2821/1367/542 2820/1366/542 2667/1366/542
f 2667/1366/543 2820/1366/543 2819/1365/543 2668/1365/543
f 2668/1365/544 2819/1365/544 2818/1364/544 2669/1364/544
f 2669/1364/545 2818/1364/545 2817/1363/545 2670/1363/545
f 2670/1363/546 2817/1363/546 2816/1362/546 2671/1416/546
f 2671/1416/547 2816/1362/547 2815/1361/547 2672/1417/547
f 2672/1417/548 2815/1361/548 2814/1360/548 2673/1418/548
f 2673/1418/549 2814/1360/549 2813/1359/549 2674/1359/549
f 2674/1359/550 2813/1359/550 2812/1358/550 2675/1358/550
f 2675/1358/551 2812/1358/551 2811/1357/551 2676/1419/551
f 2676/1419/552 2811/1357/552 2810/1356/552 2677/1420/552
f 2677/1420/553 2810/1356/553 2809/1355/553 2678/1421/553
f 2678/1421/554 2809/1355/554 2808/1354/554 2679/1422/554
f 2679/1422/555 2808/1354/555 2807/1353/555 2680/1423/555
f 2680/1423/556 2807/1353/556 2806/1352/556 2681/1424/556
f 2681/1424/557 2806/1352/557 2805/1351/557 2682/1425/557
f 2682/1425/558 2805/1351/558 2804/1350/558 2683/1426/558
f 2683/1426/559 2804/1350/559 2803/1349/559 2684/1427/559
f 2684/1427/560 2803/1349/560 2802/1348/560 2685/1428/560
f 2685/1428/561 2802/1348/561 2801/1347/561 2686/1429/561
f 2686/1429/562 2801/1347/562 2800/1346/562 2687/1430/562
f 2687/1430/563 2800/1346/563 2799/1345/563 2688/1431/563
f 2688/1431/564 2799/1345/564 2798/1344/564 2689/1432/564
f 2689/1432/565 2798/1344/565 2797/1343/565 2690/1433/565
f 2690/1433/566 2797/1343/566 2796/1342/566 2691/1434/566
f 2691/1434/567 2796/1342/567 2795/1341/567 2692/1435/567
f 2692/1435/568 2795/1341/568 2794/1340/568 2693/1436/568
f 2693/1436/569 2794/1340/569 2793/1339/569 2694/1437/569
f 2694/1437/570 2793/1339/570 2792/1338/570 2695/1438/570
f 2695/1438/571 2792/1338/571 2791/1337/571 2696/1439/571
f 2696/1439/572 2791/1337/572 2790/1336/572 2697/1440/572
f 2697/1440/573 2790/1336/573 2789/1335/573 2698/1441/573
f 2698/1441/574 2789/1335/574 2788/1334/574 2699/1442/574
f 2699/1442/575 2788/1334/575 2787/1333/575 2700/1443/575
f 2700/1443/576 2787/1333/576 2786/1332/576 2701/1444/576
f 2701/1444/577 2786/1332/577 2785/1331/577 2702/1445/577
f 2702/1445/578 2785/1331/578 2784/1330/578 2703/1446/578
f 2703/1446/579 2784/1330/579 2783/1329/579 2704/1447/579
f 2704/1447/580 2783/1329/580 2782/1328/580 2705/1448/580
f 2705/1448/581 2782/1328/581 2781/1327/581 2706/1449/581
f 2706/1449/582 2781/1327/582 2780/1326/582 2707/1450/582
f 2707/1450/583 2780/1326/583 2779/1325/583 2708/1451/583
f 2708/1451/584 2779/1325/584 2777/1452/584 2642/1324/584
f 2845/1252/585 2710/1252/585 2776/1257/585 2847/1257/585
f 2847/1257/586 2776/1257/586 2775/1470/586 2848/1258/586
f 2848/1258/587 2775/1470/587 2774/1259/587 2849/1259/587
f 2849/1259/588 2774/1259/588 2773/1260/588 2850/1260/588
f 2850/1260/589 2773/1260/589 2772/1261/589 2851/1261/589
f 2851/1261/590 2772/1261/590 2771/1262/590 2852/1262/590
f 2852/1262/591 2771/1262/591 2770/1263/591 2853/1263/591
f 2853/1263/592 2770/1263/592 2769/1264/592 2854/1264/592
f 2854/1264/593 2769/1264/593 2768/1265/593 2855/1265/593
f 2855/1265/594 2768/1265/594 2767/1266/594 2856/1266/594
f 2856/1266/595 2767/1266/595 2766/1267/595 2857/1267/595
f 2857/1267/596 2766/1267/596 2765/1469/596 2858/1268/596
f 2858/1268/597 2765/1469/597 2764/1269/597 2859/1269/597
f 2859/1269/598 2764/1269/598 2763/1270/598 2860/1270/598
f 2860/1270/599 2763/1270/599 2762/1468/599 2861/1271/599
f 2861/1271/600 2762/1468/600 2761/1467/600 2862/1272/600
f 2862/1272/601 2761/1467/601 2760/1273/601 2863/1273/601
f 2863/1273/602 2760/1273/602 2759/1274/602 2864/1274/602
f 2864/1274/603 2759/1274/603 2758/1275/603 2865/1275/603
f 2865/1275/604 2758/1275/604 2757/1276/604 2866/1276/604
f 2866/1276/605 2757/1276/605 2756/1277/605 2867/1277/605
f 2867/1277/606 2756/1277/606 2755/1466/606 2868/1278/606
f 2868/1278/607 2755/1466/607 2754/1465/607 2869/1279/607
f 2869/1279/608 2754/1465/608 2753/1280/608 2870/1280/608
f 2870/1280/609 2753/1280/609 2752/1464/609 2871/1281/609
f 2871/1281/610 2752/1464/610 2751/1282/610 2872/1282/610
f 2872/1282/611 2751/1282/611 2750/1283/611 2873/1283/611
f 2873/1283/612 2750/1283/612 2749/1284/612 2874/1284/612
f 2874/1284/613 2749/1284/613 2748/1285/613 2875/1285/613
f 2875/1285/614 2748/1285/614 2747/1286/614 2876/1286/614
f 2876/1286/615 2747/1286/615 2746/1287/615 2877/1287/615
f 2877/1287/616 2746/1287/616 2745/1288/616 2878/1288/616
f 2878/1288/617 2745/1288/617 2744/1289/617 2879/1289/617
f 2879/1289/618 2744/1289/618 2743/1290/618 2880/1290/618
f 2880/1290/619 2743/1290/619 2742/1291/619 2881/1291/619
f 2881/1291/620 2742/1291/620 2741/1463/620 2882/1292/620
f 2882/1292/621 2741/1463/621 2740/1293/621 2883/1293/621
f 2883/1293/622 2740/1293/622 2739/1294/622 2884/1294/622
f 2884/1294/623 2739/1294/623 2738/1462/623 2885/1295/623
f 2885/1295/624 2738/1462/624 2737/1296/624 2886/1296/624
f 2886/1296/625 2737/1296/625 2736/1461/625 2887/1297/625
f 2887/1297/626 2736/1461/626 2735/1298/626 2888/1298/626
f 2888/1298/627 2735/1298/627 2734/1460/627 2889/1299/627
f 2889/1299/628 2734/1460/628 2733/1459/628 2890/1300/628
f 2890/1300/629 2733/1459/629 2732/1301/629 2891/1301/629
f 2891/1301/630 2732/1301/630 2731/1302/630 2892/1302/630
f 2892/1302/631 2731/1302/631 2730/1458/631 2893/1303/631
f 2893/1303/632 2730/1458/632 2729/1304/632 2894/1304/632
f 2894/1304/633 2729/1304/633 2728/1457/633 2895/1305/633
f 2895/1305/634 2728/1457/634 2727/1306/634 2896/1306/634
f 2896/1306/635 2727/1306/635 2726/1307/635 2897/1307/635
f 2897/1307/636 2726/1307/636 2725/1308/636 2898/1308/636
f 2898/1308/637 2725/1308/637 2724/1456/637 2899/1309/637
f 2899/1309/638 2724/1456/638 2723/1310/638 2900/1310/638
f 2900/1310/639 2723/1310/639 2722/1311/639 2901/1311/639
f 2901/1311/640 2722/1311/640 2721/1455/640 2902/1312/640
f 2902/1312/641 2721/1455/641 2720/1313/641 2903/1313/641
f 2903/1313/642 2720/1313/642 2719/1454/642 2904/1314/642
f 2904/1314/643 2719/1454/643 2718/1315/643 2905/1315/643
f 2905/1315/644 2718/1315/644 2717/1316/644 2906/1316/644
f 2906/1316/645 2717/1316/645 2716/1453/645 2907/1317/645
f 2907/1317/646 2716/1453/646 2715/1318/646 2908/1318/646
f 2908/1318/647 2715/1318/647 2714/1319/647 2909/1319/647
f 2909/1319/648 2714/1319/648 2713/1320/648 2910/1320/648
f 2910/1320/649 2713/1320/649 2712/1321/649 2911/1321/649
f 2911/1321/650 2712/1321/650 2711/1322/650 2912/1322/650
f 2912/1322/651 2711/1322/651 2709/1323/651 2846/1323/651
f 2709/1323/652 2642/1324/652 2777/1452/652 2846/1323/652
f 2981/1471/653 3118/1472/653 3184/1473/653 2983/1474/653
f 2983/1474/654 3184/1473/654 3183/1475/654 2984/1476/654
f 2984/1476/655 3183/1475/655 3182/1477/655 2985/1478/655
f 2985/1478/656 3182/1477/656 3181/1479/656 2986/1480/656
f 2986/1480/657 3181/1479/657 3180/1481/657 2987/1482/657
f 2987/1482/658 3180/1481/658 3179/1483/658 2988/1484/658
f 2988/1484/659 3179/1483/659 3178/1485/659 2989/1486/659
f 2989/1486/660 3178/1485/660 3177/1487/660 2990/1488/660
f 2990/1488/661 3177/1487/661 3176/1489/661 2991/1490/661
f 2991/1490/662 3176/1489/662 3175/1491/662 2992/1492/662
f 2992/1492/663 3175/1491/663 3174/1493/663 2993/1494/663
f 2993/1494/664 3174/1493/664 3173/1495/664 2994/1496/664
f 2994/1496/665 3173/1495/665 3172/1497/665 2995/1498/665
f 2995/1498/666 3172/1497/666 3171/1499/666 2996/1500/666
f 2996/1500/667 3171/1499/667 3170/1501/667 2997/1501/667
f 2997/1501/668 3170/1501/668 3169/1502/668 2998/1503/668
f 2998/1503/669 3169/1502/669 3168/1504/669 2999/1504/669
f 2999/1504/670 3168/1504/670 3167/1505/670 3000/1506/670
f 3000/1506/671 3167/1505/671 3166/1507/671 3001/1508/671
f 3001/1508/672 3166/1507/672 3165/1509/672 3002/1510/672
f 3002/1510/673 3165/1509/673 3164/1511/673 3003/1512/673
f 3003/1512/674 3164/1511/674 3163/1513/674 3004/1513/674
f 3004/1513/675 3163/1513/675 3162/1514/675 3005/1515/675
f 3005/1515/676 3162/1514/676 3161/1516/676 3006/1516/676
f 3006/1516/677 3161/1516/677 3160/1517/677 3007/1517/677
f 3007/1517/678 3160/1517/678 3159/1518/678 3008/1519/678
f 3008/1519/679 3159/1518/679 3158/1520/679 3009/1521/679
f 3009/1521/680 3158/1520/680 3157/1522/680 3010/1523/680
f 3010/1523/681 3157/1522/681 3156/1524/681 3011/1525/681
f 3011/1525/682 3156/1524/682 3155/1526/682 3012/1527/682
f 3012/1527/683 3155/1526/683 3154/1528/683 3013/1529/683
f 3013/1529/684 3154/1528/684 3153/1530/684 3014/1531/684
f 3014/1531/685 3153/1530/685 3152/1532/685 3015/1532/685
f 3015/1532/686 3152/1532/686 3151/1533/686 3016/1534/686
f 3016/1534/687 3151/1533/687 3150/1535/687 3017/1536/687
f 3017/1536/688 3150/1535/688 3149/1537/688 3018/1538/688
f 3018/1538/689 3149/1537/689 3148/1539/689 3019/1540/689
f 3019/1540/690 3148/1539/690 3147/1541/690 3020/1542/690
f 3020/1542/691 3147/1541/691 3146/1543/691 3021/1543/691
f 3021/1543/692 3146/1543/692 3145/1544/692 3022/1545/692
f 3022/1545/693 3145/1544/693 3144/1546/693 3023/1547/693
f 3023/1547/694 3144/1546/694 3143/1548/694 3024/1549/694
f 3024/1549/695 3143/1548/695 3142/1550/695 3025/1551/695
f 3025/1551/696 3142/1550/696 3141/1552/696 3026/1553/696
f 3026/1553/697 3141/1552/697 3140/1554/697 3027/1555/697
f 3027/1555/698 3140/1554/698 3139/1556/698 3028/1557/698
f 3028/1557/699 3139/1556/699 3138/1558/699 3029/1559/699
f 3029/1559/700 3138/1558/700 3137/1560/700 3030/1560/700
f 3030/1560/701 3137/1560/701 3136/1561/701 3031/1562/701
f 3031/1562/702 3136/1561/702 3135/1563/702 3032/1564/702
f 3032/1564/703 3135/1563/703 3134/1565/703 3033/1566/703
f 3033/1566/704 3134/1565/704 3133/1567/704 3034/1567/704
f 3034/1567/705 3133/1567/705 3132/1568/705 3035/1568/705
f 3035/1568/706 3132/1568/706 3131/1569/706 3036/1570/706
f 3036/1570/707 3131/1569/707 3130/1571/707 3037/1572/707
f 3037/1572/708 3130/1571/708 3129/1573/708 3038/1574/708
f 3038/1574/709 3129/1573/709 3128/1575/709 3039/1576/709
f 3039/1576/710 3128/1575/710 3127/1577/710 3040/1577/710
f 3040/1577/711 3127/1577/711 3126/1578/711 3041/1578/711
f 3041/1578/712 3126/1578/712 3125/1579/712 3042/1580/712
f 3042/1580/713 3125/1579/713 3124/1581/713 3043/1581/713
f 3043/1581/714 3124/1581/714 3123/1582/714 3044/1583/714
f 3044/1583/715 3123/1582/715 3122/1584/715 3045/1584/715
f 3045/1584/716 3122/1584/716 3121/1585/716 3046/1585/716
f 3046/1585/717 3121/1585/717 3120/1586/717 3047/1587/717
f 3047/1587/718 3120/1586/718 3119/1588/718 3048/1589/718
f 3048/1589/719 3119/1588/719 3117/1400/719 2982/1400/719
f 3049/1590/720 2914/1591/720 2980/1592/720 3051/1592/720
f 3051/1592/721 2980/1592/721 2979/1593/721 3052/1594/721
f 3052/1594/722 2979/1593/722 2978/1595/722 3053/1595/722
f 3053/1595/723 2978/1595/723 2977/1596/723 3054/1596/723
f 3054/1596/724 2977/1596/724 2976/1597/724 3055/1597/724
f 3055/1597/725 2976/1597/725 2975/1598/725 3056/1599/725
f 3056/1599/726 2975/1598/726 2974/1600/726 3057/1601/726
f 3057/1601/727 2974/1600/727 2973/1602/727 3058/1602/727
f 3058/1602/728 2973/1602/728 2972/1603/728 3059/1604/728
f 3059/1604/729 2972/1603/729 2971/1605/729 3060/1605/729
f 3060/1605/730 2971/1605/730 2970/1606/730 3061/1607/730
f 3061/1607/731 2970/1606/731 2969/1608/731 3062/1609/731
f 3062/1609/732 2969/1608/732 2968/1610/732 3063/1611/732
f 3063/1611/733 2968/1610/733 2967/1612/733 3064/1612/733
f 3064/1612/734 2967/1612/734 2966/1613/734 3065/1614/734
f 3065/1614/735 2966/1613/735 2965/1615/735 3066/1615/735
f 3066/1615/736 2965/1615/736 2964/1616/736 3067/1616/736
f 3067/1616/737 2964/1616/737 2963/1617/737 3068/1618/737
f 3068/1618/738 2963/1617/738 2962/1619/738 3069/1620/738
f 3069/1620/739 2962/1619/739 2961/1621/739 3070/1621/739
f 3070/1621/740 2961/1621/740 2960/1622/740 3071/1623/740
f 3071/1623/741 2960/1622/741 2959/1624/741 3072/1625/741
f 3072/1625/742 2959/1624/742 2958/1626/742 3073/1627/742
f 3073/1627/743 2958/1626/743 2957/1628/743 3074/1628/743
f 3074/1628/744 2957/1628/744 2956/1629/744 3075/1629/744
f 3075/1629/745 2956/1629/745 2955/1630/745 3076/1631/745
f 3076/1631/746 2955/1630/746 2954/1632/746 3077/1633/746
f 3077/1633/747 2954/1632/747 2953/1634/747 3078/1635/747
f 3078/1635/748 2953/1634/748 2952/1636/748 3079/1636/748
f 3079/1636/749 2952/1636/749 2951/1637/749 3080/1638/749
f 3080/1638/750 2951/1637/750 2950/1639/750 3081/1640/750
f 3081/1640/751 2950/1639/751 2949/1641/751 3082/1642/751
f 3082/1642/752 2949/1641/752 2948/1643/752 3083/1643/752
f 3083/1643/753 2948/1643/753 2947/1644/753 3084/1644/753
f 3084/1644/754 2947/1644/754 2946/1645/754 3085/1397/754
f 3085/1397/755 2946/1645/755 2945/1646/755 3086/1398/755
f 3086/1398/756 2945/1646/756 2944/1647/756 3087/1648/756
f 3087/1648/757 2944/1647/757 2943/1649/757 3088/1650/757
f 3088/1650/758 2943/1649/758 2942/1651/758 3089/1652/758
f 3089/1652/759 2942/1651/759 2941/1653/759 3090/1654/759
f 3090/1654/760 2941/1653/760 2940/1655/760 3091/1656/760
f 3091/1656/761 2940/1655/761 2939/1657/761 3092/1658/761
f 3092/1658/762 2939/1657/762 2938/1659/762 3093/1660/762
f 3093/1660/763 2938/1659/763 2937/1661/763 3094/1662/763
f 3094/1662/764 2937/1661/764 2936/1663/764 3095/1664/764
f 3095/1664/765 2936/1663/765 2935/1665/765 3096/1666/765
f 3096/1666/766 2935/1665/766 2934/1667/766 3097/1668/766
f 3097/1668/767 2934/1667/767 2933/1669/767 3098/1669/767
f 3098/1669/768 2933/1669/768 2932/1670/768 3099/1671/768
f 3099/1671/769 2932/1670/769 2931/1672/769 3100/1673/769
f 3100/1673/770 2931/1672/770 2930/1674/770 3101/1675/770
f 3101/1675/771 2930/1674/771 2929/1676/771 3102/1676/771
f 3102/1676/772 2929/1676/772 2928/1677/772 3103/1677/772
f 3103/1677/773 2928/1677/773 2927/1678/773 3104/1679/773
f 3104/1679/774 2927/1678/774 2926/1680/774 3105/1681/774
f 3105/1681/775 2926/1680/775 2925/1682/775 3106/1683/775
f 3106/1683/776 2925/1682/776 2924/1684/776 3107/1684/776
f 3107/1684/777 2924/1684/777 2923/1685/777 3108/1686/777
f 3108/1686/778 2923/1685/778 2922/1687/778 3109/1687/778
f 3109/1687/779 2922/1687/779 2921/1688/779 3110/1689/779
f 3110/1689/780 2921/1688/780 2920/1690/780 3111/1690/780
f 3111/1690/781 2920/1690/781 2919/1691/781 3112/1691/781
f 3112/1691/782 2919/1691/782 2918/1692/782 3113/1693/782
f 3113/1693/783 2918/1692/783 2917/1694/783 3114/1694/783
f 3114/1694/784 2917/1694/784 2916/1695/784 3115/1696/784
f 3115/1696/785 2916/1695/785 2915/1697/785 3116/1697/785
f 3116/1697/786 2915/1697/786 2913/1399/786 3050/1399/786
f 2913/1399/517 2915/1697/517 2916/1695/517 2917/1694/517 2918/1692/517 2919/1691/517 2920/1690/517 2921/1688/517 2922/1687/517 2923/1685/517 2924/1684/517 2925/1682/517 2926/1680/517 2927/1678/517 2928/1677/517 2929/1676/517 2930/1674/517 2931/1672/517 2932/1670/517 2933/1669/517 2934/1667/517 2935/1665/517 2936/1663/517 2937/1661/517 2938/1659/517 2939/1657/517 2940/1655/517 2941/1653/517 2942/1651/517 2943/1649/517 2944/1647/517 2945/1646/517 2946/1645/517 2947/1644/517 2948/1643/517 2949/1641/517 2950/1639/517 2951/1637/517 2952/1636/517 2953/1634/517 2954/1632/517 2955/1630/517 2956/1629/517 2957/1628/517 2958/1626/517 2959/1624/517 2960/1622/517 2961/1621/517 2962/1619/517 2963/1617/517 2964/1616/517 2965/1615/517 2966/1613/517 2967/1612/517 2968/1610/517 2969/1608/517 2970/1606/517 2971/1605/517 2972/1603/517 2973/1602/517 2974/1600/517 2975/1598/517 2976/1597/517 2977/1596/517 2978/1595/517 2979/1593/517 2980/1592/517 2914/1591/517 3187/1698/517 2633/1395/517 2634/1392/517 3185/1391/517 2981/1699/517 2983/1474/517 2984/1476/517 2985/1478/517 2986/1480/517 2987/1482/517 2988/1484/517 2989/1486/517 2990/1488/517 2991/1490/517 2992/1492/517 2993/1494/517 2994/1496/517 2995/1498/517 2996/1500/517 2997/1501/517 2998/1503/517 2999/1504/517 3000/1506/517 3001/1508/517 3002/1510/517 3003/1512/517 3004/1513/517 3005/1515/517 3006/1516/517 3007/1517/517 3008/1519/517 3009/1521/517 3010/1523/517 3011/1525/517 3012/1527/517 3013/1529/517 3014/1531/517 3015/1532/517 3016/1534/517 3017/1536/517 3018/1538/517 3019/1540/517 3020/1542/517 3021/1543/517 3022/1545/517 3023/1547/517 3024/1549/517 3025/1551/517 3026/1553/517 3027/1555/517 3028/1557/517 3029/1559/517 3030/1560/517 3031/1562/517 3032/1564/517 3033/1566/517 3034/1567/517 3035/1568/517 3036/1570/517 3037/1572/517 3038/1574/517 3039/1576/517 3040/1577/517 3041/1578/517 3042/1580/517 3043/1581/517 3044/1583/517 3045/1584/517 3046/1585/517 3047/1587/517 3048/1589/517 2982/1400/517
f 2633/1395/513 3187/1698/513 3188/1698/513 2635/1396/513
f 3260/1590/514 3259/1592/514 3261/1594/514 3262/1595/514 3263/1596/514 3264/1597/514 3265/1599/514 3266/1601/514 3267/1602/514 3268/1604/514 3269/1605/514 3270/1607/514 3271/1609/514 3272/1611/514 3273/1612/514 3274/1614/514 3275/1615/514 3276/1616/514 3277/1618/514 3278/1620/514 3279/1621/514 3280/1623/514 3281/1625/514 3282/1627/514 3283/1628/514 3284/1629/514 3285/1631/514 3286/1633/514 3287/1635/514 3288/1636/514 3289/1638/514 3290/1640/514 3291/1642/514 3292/1643/514 3293/1644/514 3294/1397/514 3295/1398/514 3296/1648/514 3297/1650/514 3298/1652/514 3299/1654/514 3300/1656/514 3301/1658/514 3302/1660/514 3303/1662/514 3304/1664/514 3305/1666/514 3306/1668/514 3307/1669/514 3308/1671/514 3309/1673/514 3310/1675/514 3311/1676/514 3312/1677/514 3313/1679/514 3314/1681/514 3315/1683/514 3316/1684/514 3317/1686/514 3318/1687/514 3319/1689/514 3320/1690/514 3321/1691/514 3322/1693/514 3323/1694/514 3324/1696/514 3325/1697/514 3326/1399/514 3258/1400/514 3257/1588/514 3256/1586/514 3255/1585/514 3254/1584/514 3253/1582/514 3252/1581/514 3251/1579/514 3250/1578/514 3249/1577/514 3248/1575/514 3247/1573/514 3246/1571/514 3245/1569/514 3244/1568/514 3243/1567/514 3242/1565/514 3241/1563/514 3240/1561/514 3239/1560/514 3238/1558/514 3237/1556/514 3236/1554/514 3235/1552/514 3234/1550/514 3233/1548/514 3232/1546/514 3231/1544/514 3230/1543/514 3229/1541/514 3228/1539/514 3227/1537/514 3226/1535/514 3225/1533/514 3224/1532/514 3223/1530/514 3222/1528/514 3221/1526/514 3220/1524/514 3219/1522/514 3218/1520/514 3217/1518/514 3216/1517/514 3215/1516/514 3214/1514/514 3213/1513/514 3212/1511/514 3211/1509/514 3210/1507/514 3209/1505/514 3208/1504/514 3207/1502/514 3206/1501/514 3205/1499/514 3204/1497/514 3203/1495/514 3202/1493/514 3201/1491/514 3200/1489/514 3199/1487/514 3198/1485/514 3197/1483/514 3196/1481/514 3195/1479/514 3194/1477/514 3193/1475/514 3192/1473/514 3191/1472/514 3328/1394/514 3189/1393/514 3190/1396/514 3327/1698/514
f 3068/1618/787 3069/1620/787 3278/1620/787 3277/1618/787
f 3051/1592/788 3052/1594/788 3261/1594/788 3259/1592/788
f 3186/1394/513 2636/1393/513 3189/1393/513 3328/1394/513
f 3133/1567/789 3134/1565/789 3242/1565/789 3243/1567/789
f 3150/1535/790 3151/1533/790 3225/1533/790 3226/1535/790
f 3167/1505/791 3168/1504/791 3208/1504/791 3209/1505/791
f 3184/1473/792 3118/1472/792 3191/1472/792 3192/1473/792
f 3103/1677/793 3104/1679/793 3313/1679/793 3312/1677/793
f 3086/1398/794 3087/1648/794 3296/1648/794 3295/1398/794
f 3069/1620/795 3070/1621/795 3279/1621/795 3278/1620/795
f 3052/1594/796 3053/1595/796 3262/1595/796 3261/1594/796
f 3132/1568/797 3133/1567/797 3243/1567/797 3244/1568/797
f 3149/1537/798 3150/1535/798 3226/1535/798 3227/1537/798
f 3166/1507/799 3167/1505/799 3209/1505/799 3210/1507/799
f 3183/1475/800 3184/1473/800 3192/1473/800 3193/1475/800
f 3104/1679/801 3105/1681/801 3314/1681/801 3313/1679/801
f 3087/1648/802 3088/1650/802 3297/1650/802 3296/1648/802
f 3070/1621/803 3071/1623/803 3280/1623/803 3279/1621/803
f 3053/1595/804 3054/1596/804 3263/1596/804 3262/1595/804
f 3131/1569/805 3132/1568/805 3244/1568/805 3245/1569/805
f 3148/1539/806 3149/1537/806 3227/1537/806 3228/1539/806
f 3165/1509/807 3166/1507/807 3210/1507/807 3211/1509/807
f 3182/1477/808 3183/1475/808 3193/1475/808 3194/1477/808
f 3105/1681/809 3106/1683/809 3315/1683/809 3314/1681/809
f 3088/1650/810 3089/1652/810 3298/1652/810 3297/1650/810
f 3071/1623/811 3072/1625/811 3281/1625/811 3280/1623/811
f 3054/1596/812 3055/1597/812 3264/1597/812 3263/1596/812
f 3130/1571/813 3131/1569/813 3245/1569/813 3246/1571/813
f 3147/1541/814 3148/1539/814 3228/1539/814 3229/1541/814
f 3164/1511/815 3165/1509/815 3211/1509/815 3212/1511/815
f 3181/1479/816 3182/1477/816 3194/1477/816 3195/1479/816
f 3106/1683/817 3107/1684/817 3316/1684/817 3315/1683/817
f 3089/1652/818 3090/1654/818 3299/1654/818 3298/1652/818
f 3072/1625/819 3073/1627/819 3282/1627/819 3281/1625/819
f 3055/1597/820 3056/1599/820 3265/1599/820 3264/1597/820
f 3129/1573/821 3130/1571/821 3246/1571/821 3247/1573/821
f 3146/1543/822 3147/1541/822 3229/1541/822 3230/1543/822
f 3163/1513/823 3164/1511/823 3212/1511/823 3213/1513/823
f 3180/1481/824 3181/1479/824 3195/1479/824 3196/1481/824
f 3107/1684/825 3108/1686/825 3317/1686/825 3316/1684/825
f 3090/1654/826 3091/1656/826 3300/1656/826 3299/1654/826
f 3073/1627/827 3074/1628/827 3283/1628/827 3282/1627/827
f 3056/1599/828 3057/1601/828 3266/1601/828 3265/1599/828
f 3128/1575/829 3129/1573/829 3247/1573/829 3248/1575/829
f 3145/1544/830 3146/1543/830 3230/1543/830 3231/1544/830
f 3162/1514/831 3163/1513/831 3213/1513/831 3214/1514/831
f 3179/1483/832 3180/1481/832 3196/1481/832 3197/1483/832
f 3108/1686/833 3109/1687/833 3318/1687/833 3317/1686/833
f 3091/1656/834 3092/1658/834 3301/1658/834 3300/1656/834
f 3074/1628/835 3075/1629/835 3284/1629/835 3283/1628/835
f 3057/1601/836 3058/1602/836 3267/1602/836 3266/1601/836
f 3127/1577/837 3128/1575/837 3248/1575/837 3249/1577/837
f 3144/1546/838 3145/1544/838 3231/1544/838 3232/1546/838
f 3161/1516/839 3162/1514/839 3214/1514/839 3215/1516/839
f 3178/1485/840 3179/1483/840 3197/1483/840 3198/1485/840
f 3109/1687/841 3110/1689/841 3319/1689/841 3318/1687/841
f 3092/1658/842 3093/1660/842 3302/1660/842 3301/1658/842
f 3075/1629/843 3076/1631/843 3285/1631/843 3284/1629/843
f 3058/1602/844 3059/1604/844 3268/1604/844 3267/1602/844
f 3126/1578/845 3127/1577/845 3249/1577/845 3250/1578/845
f 3143/1548/846 3144/1546/846 3232/1546/846 3233/1548/846
f 3160/1517/847 3161/1516/847 3215/1516/847 3216/1517/847
f 3177/1487/848 3178/1485/848 3198/1485/848 3199/1487/848
f 3110/1689/849 3111/1690/849 3320/1690/849 3319/1689/849
f 3093/1660/850 3094/1662/850 3303/1662/850 3302/1660/850
f 3076/1631/851 3077/1633/851 3286/1633/851 3285/1631/851
f 3059/1604/852 3060/1605/852 3269/1605/852 3268/1604/852
f 3125/1579/853 3126/1578/853 3250/1578/853 3251/1579/853
f 3142/1550/854 3143/1548/854 3233/1548/854 3234/1550/854
f 3159/1518/855 3160/1517/855 3216/1517/855 3217/1518/855
f 3176/1489/856 3177/1487/856 3199/1487/856 3200/1489/856
f 3111/1690/857 3112/1691/857 3321/1691/857 3320/1690/857
f 3094/1662/858 3095/1664/858 3304/1664/858 3303/1662/858
f 3077/1633/859 3078/1635/859 3287/1635/859 3286/1633/859
f 3060/1605/860 3061/1607/860 3270/1607/860 3269/1605/860
f 3124/1581/861 3125/1579/861 3251/1579/861 3252/1581/861
f 3141/1552/862 3142/1550/862 3234/1550/862 3235/1552/862
f 3158/1520/863 3159/1518/863 3217/1518/863 3218/1520/863
f 3175/1491/864 3176/1489/864 3200/1489/864 3201/1491/864
f 3112/1691/865 3113/1693/865 3322/1693/865 3321/1691/865
f 3095/1664/866 3096/1666/866 3305/1666/866 3304/1664/866
f 3078/1635/867 3079/1636/867 3288/1636/867 3287/1635/867
f 3061/1607/868 3062/1609/868 3271/1609/868 3270/1607/868
f 3123/1582/869 3124/1581/869 3252/1581/869 3253/1582/869
f 3140/1554/870 3141/1552/870 3235/1552/870 3236/1554/870
f 3157/1522/871 3158/1520/871 3218/1520/871 3219/1522/871
f 3174/1493/872 3175/1491/872 3201/1491/872 3202/1493/872
f 3113/1693/873 3114/1694/873 3323/1694/873 3322/1693/873
f 3096/1666/874 3097/1668/874 3306/1668/874 3305/1666/874
f 3079/1636/875 3080/1638/875 3289/1638/875 3288/1636/875
f 3062/1609/876 3063/1611/876 3272/1611/876 3271/1609/876
f 3122/1584/877 3123/1582/877 3253/1582/877 3254/1584/877
f 3139/1556/878 3140/1554/878 3236/1554/878 3237/1556/878
f 3156/1524/879 3157/1522/879 3219/1522/879 3220/1524/879
f 3173/1495/880 3174/1493/880 3202/1493/880 3203/1495/880
f 3114/1694/881 3115/1696/881 3324/1696/881 3323/1694/881
f 3097/1668/882 3098/1669/882 3307/1669/882 3306/1668/882
f 3080/1638/883 3081/1640/883 3290/1640/883 3289/1638/883
f 3063/1611/884 3064/1612/884 3273/1612/884 3272/1611/884
f 3121/1585/885 3122/1584/885 3254/1584/885 3255/1585/885
f 3138/1558/886 3139/1556/886 3237/1556/886 3238/1558/886
f 3155/1526/887 3156/1524/887 3220/1524/887 3221/1526/887
f 3172/1497/888 3173/1495/888 3203/1495/888 3204/1497/888
f 3115/1696/889 3116/1697/889 3325/1697/889 3324/1696/889
f 3098/1669/890 3099/1671/890 3308/1671/890 3307/1669/890
f 3081/1640/891 3082/1642/891 3291/1642/891 3290/1640/891
f 3064/1612/892 3065/1614/892 3274/1614/892 3273/1612/892
f 3120/1586/893 3121/1585/893 3255/1585/893 3256/1586/893
f 3137/1560/894 3138/1558/894 3238/1558/894 3239/1560/894
f 3154/1528/895 3155/1526/895 3221/1526/895 3222/1528/895
f 3171/1499/896 3172/1497/896 3204/1497/896 3205/1499/896
f 3116/1697/897 3050/1399/897 3326/1399/897 3325/1697/897
f 3099/1671/898 3100/1673/898 3309/1673/898 3308/1671/898
f 3082/1642/899 3083/1643/899 3292/1643/899 3291/1642/899
f 3065/1614/900 3066/1615/900 3275/1615/900 3274/1614/900
f 3119/1588/901 3120/1586/901 3256/1586/901 3257/1588/901
f 3136/1561/902 3137/1560/902 3239/1560/902 3240/1561/902
f 3153/1530/903 3154/1528/903 3222/1528/903 3223/1530/903
f 3170/1501/904 3171/1499/904 3205/1499/904 3206/1501/904
f 3100/1673/905 3101/1675/905 3310/1675/905 3309/1673/905
f 2636/1393/516 2635/1396/516 3190/1396/516 3189/1393/516
f 3083/1643/906 3084/1644/906 3293/1644/906 3292/1643/906
f 3066/1615/907 3067/1616/907 3276/1616/907 3275/1615/907
f 3117/1400/908 3119/1588/908 3257/1588/908 3258/1400/908
f 3135/1563/909 3136/1561/909 3240/1561/909 3241/1563/909
f 3152/1532/910 3153/1530/910 3223/1530/910 3224/1532/910
f 3169/1502/911 3170/1501/911 3206/1501/911 3207/1502/911
f 3050/1399/652 3117/1400/652 3258/1400/652 3326/1399/652
f 3101/1675/912 3102/1676/912 3311/1676/912 3310/1675/912
f 3049/1590/913 3051/1592/913 3259/1592/913 3260/1590/913
f 3084/1644/914 3085/1397/914 3294/1397/914 3293/1644/914
f 2635/1396/512 3188/1698/512 3327/1698/512 3190/1396/512
f 3067/1616/915 3068/1618/915 3277/1618/915 3276/1616/915
f 3134/1565/916 3135/1563/916 3241/1563/916 3242/1565/916
f 3151/1533/917 3152/1532/917 3224/1532/917 3225/1533/917
f 3168/1504/918 3169/1502/918 3207/1502/918 3208/1504/918
f 3102/1676/919 3103/1677/919 3312/1677/919 3311/1676/919
f 3118/1700/514 3049/1700/514 3055/1700/514 3180/1700/514
f 2981/1700/652 3260/1700/652 3049/1700/652 3118/1700/652
f 3055/1700/517 3180/1700/517 3179/1700/517 3178/1700/517 3177/1700/517 3176/1700/517 3175/1700/517 3174/1700/517 3173/1700/517 3172/1700/517 3171/1700/517 3170/1700/517 3169/1700/517 3168/1700/517 3167/1700/517 3166/1700/517 3165/1700/517 3164/1700/517 3163/1700/517 3162/1700/517 3161/1700/517 3160/1700/517 3159/1700/517 3158/1700/517 3157/1700/517 3156/1700/517 3155/1700/517 3154/1700/517 3153/1700/517 3152/1700/517 3151/1700/517 3150/1700/517 3149/1700/517 3148/1700/517 3147/1700/517 3146/1700/517 3145/1700/517 3144/1700/517 3143/1700/517 3142/1700/517 3141/1700/517 3140/1700/517 3139/1700/517 3138/1700/517 3137/1700/517 3136/1700/517 3135/1700/517 3134/1700/517 3133/1700/517 3132/1700/517 3131/1700/517 3130/1700/517 3129/1700/517 3128/1700/517 3127/1700/517 3126/1700/517 3125/1700/517 3124/1700/517 3123/1700/517 3122/1700/517 3121/1700/517 3120/1700/517 3119/1700/517 3117/1700/517 3050/1700/517 3116/1700/517 3115/1700/517 3114/1700/517 3113/1700/517 3112/1700/517 3111/1700/517 3110/1700/517 3109/1700/517 3108/1700/517 3107/1700/517 3106/1700/517 3105/1700/517 3104/1700/517 3103/1700/517 3102/1700/517 3101/1700/517 3100/1700/517 3099/1700/517 3098/1700/517 3097/1700/517 3096/1700/517 3095/1700/517 3094/1700/517 3093/1700/517 3092/1700/517 3091/1700/517 3090/1700/517 3089/1700/517 3088/1700/517 3087/1700/517 3086/1700/517 3085/1700/517 3084/1700/517 3083/1700/517 3082/1700/517 3081/1700/517 3080/1700/517 3079/1700/517 3078/1700/517 3077/1700/517 3076/1700/517 3075/1700/517 3074/1700/517 3073/1700/517 3072/1700/517 3071/1700/517 3070/1700/517 3069/1700/517 3068/1700/517 3067/1700/517 3066/1700/517 3065/1700/517 3064/1700/517 3063/1700/517 3062/1700/517 3061/1700/517 3060/1700/517 3059/1700/517 3058/1700/517 3057/1700/517 3056/1700/517
f 3185/1700/920 3327/1700/920 3188/1700/920 3186/1700/920
f 3186/1700/517 3188/1700/517 2635/1396/517 2640/1256/517 2778/1254/517 2636/1393/517
f 3329/1700/517 3331/1701/517 3332/1702/517 3330/1703/517
f 3334/1700/514 3335/1703/514 3336/1702/514 3333/1701/514
f 3332/1702/921 3331/1701/921 3333/1701/921 3336/1702/921
f 3329/1700/922 3330/1703/922 3335/1703/922 3334/1700/922
f 3433/1704/923 3435/1705/923 3599/1705/923 3600/1704/923
f 3329/1700/922 3334/1700/922 3562/1700/922 3497/1700/922
f 3333/1701/921 3331/1701/921 3466/1701/921 3529/1701/921
f 3465/1706/924 3498/1707/924 3561/1707/924 3530/1706/924
f 3334/1700/514 3333/1701/514 3529/1701/514 3531/1708/514 3532/1709/514 3533/1710/514 3534/1711/514 3535/1712/514 3536/1713/514 3537/1714/514 3538/1715/514 3539/1716/514 3540/1717/514 3541/1718/514 3542/1719/514 3543/1720/514 3544/1721/514 3545/1722/514 3546/1723/514 3547/1724/514 3548/1725/514 3549/1726/514 3550/1727/514 3551/1728/514 3552/1729/514 3553/1730/514 3554/1731/514 3555/1732/514 3556/1733/514 3557/1734/514 3558/1735/514 3559/1736/514 3560/1737/514 3530/1706/514 3561/1707/514 3563/1738/514 3564/1739/514 3565/1740/514 3566/1741/514 3567/1742/514 3568/1743/514 3569/1744/514 3570/1745/514 3571/1746/514 3572/1747/514 3573/1748/514 3574/1749/514 3575/1750/514 3576/1751/514 3577/1752/514 3578/1753/514 3579/1754/514 3580/1755/514 3581/1756/514 3582/1757/514 3583/1758/514 3584/1759/514 3585/1760/514 3586/1761/514 3587/1762/514 3588/1763/514 3589/1764/514 3590/1765/514 3591/1766/514 3592/1767/514 3562/1700/514
f 3404/1700/517 3463/1700/517 3462/1700/517 3405/1700/517
f 3596/1700/517 3335/1700/517 3336/1700/517 3594/1700/517
f 3337/1768/925 3370/1704/925 3433/1704/925 3402/1769/925
f 3433/1704/926 3370/1704/926 3400/1705/926 3435/1705/926
f 3435/1705/927 3400/1705/927 3399/1770/927 3436/1770/927
f 3436/1770/928 3399/1770/928 3398/1771/928 3437/1771/928
f 3437/1771/929 3398/1771/929 3397/1772/929 3438/1773/929
f 3438/1773/930 3397/1772/930 3396/1774/930 3439/1774/930
f 3439/1774/931 3396/1774/931 3395/1775/931 3440/1775/931
f 3440/1775/932 3395/1775/932 3394/1776/932 3441/1776/932
f 3441/1776/933 3394/1776/933 3393/1777/933 3442/1777/933
f 3442/1777/934 3393/1777/934 3392/1778/934 3443/1778/934
f 3443/1778/935 3392/1778/935 3391/1779/935 3444/1779/935
f 3444/1779/936 3391/1779/936 3390/1780/936 3445/1780/936
f 3445/1780/937 3390/1780/937 3389/1781/937 3446/1781/937
f 3446/1781/938 3389/1781/938 3388/1782/938 3447/1782/938
f 3447/1782/939 3388/1782/939 3387/1783/939 3448/1783/939
f 3448/1783/940 3387/1783/940 3386/1784/940 3449/1784/940
f 3449/1784/941 3386/1784/941 3385/1785/941 3450/1786/941
f 3450/1786/942 3385/1785/942 3384/1787/942 3451/1787/942
f 3451/1787/943 3384/1787/943 3383/1788/943 3452/1788/943
f 3452/1788/944 3383/1788/944 3382/1789/944 3453/1790/944
f 3453/1790/945 3382/1789/945 3381/1791/945 3454/1792/945
f 3454/1792/946 3381/1791/946 3380/1793/946 3455/1793/946
f 3455/1793/539 3380/1793/539 3379/1794/539 3456/1794/539
f 3456/1794/947 3379/1794/947 3378/1795/947 3457/1795/947
f 3457/1795/948 3378/1795/948 3377/1796/948 3458/1796/948
f 3458/1796/949 3377/1796/949 3376/1797/949 3459/1797/949
f 3459/1797/950 3376/1797/950 3375/1798/950 3460/1799/950
f 3460/1799/951 3375/1798/951 3374/1800/951 3461/1800/951
f 3461/1800/952 3374/1800/952 3373/1801/952 3462/1801/952
f 3462/1801/523 3373/1801/523 3372/1802/523 3463/1802/523
f 3463/1802/953 3372/1802/953 3371/1803/953 3464/1803/953
f 3464/1803/954 3371/1803/954 3369/1702/954 3434/1702/954
f 3337/1768/955 3402/1769/955 3432/1804/955 3339/1805/955
f 3339/1805/956 3432/1804/956 3431/1806/956 3340/1806/956
f 3340/1806/957 3431/1806/957 3430/1807/957 3341/1808/957
f 3341/1808/958 3430/1807/958 3429/1809/958 3342/1809/958
f 3342/1809/959 3429/1809/959 3428/1810/959 3343/1810/959
f 3343/1810/960 3428/1810/960 3427/1811/960 3344/1812/960
f 3344/1812/961 3427/1811/961 3426/1813/961 3345/1814/961
f 3345/1814/962 3426/1813/962 3425/1815/962 3346/1816/962
f 3346/1816/963 3425/1815/963 3424/1817/963 3347/1818/963
f 3347/1818/964 3424/1817/964 3423/1819/964 3348/1819/964
f 3348/1819/965 3423/1819/965 3422/1820/965 3349/1820/965
f 3349/1820/966 3422/1820/966 3421/1821/966 3350/1822/966
f 3350/1822/967 3421/1821/967 3420/1823/967 3351/1823/967
f 3351/1823/968 3420/1823/968 3419/1824/968 3352/1824/968
f 3352/1824/969 3419/1824/969 3418/1825/969 3353/1826/969
f 3353/1826/970 3418/1825/970 3417/1827/970 3354/1827/970
f 3354/1827/971 3417/1827/971 3416/1828/971 3355/1828/971
f 3355/1828/972 3416/1828/972 3415/1829/972 3356/1829/972
f 3356/1829/973 3415/1829/973 3414/1830/973 3357/1830/973
f 3357/1830/974 3414/1830/974 3413/1831/974 3358/1832/974
f 3358/1832/975 3413/1831/975 3412/1833/975 3359/1833/975
f 3359/1833/976 3412/1833/976 3411/1834/976 3360/1834/976
f 3360/1834/977 3411/1834/977 3410/1835/977 3361/1836/977
f 3361/1836/978 3410/1835/978 3409/1837/978 3362/1837/978
f 3362/1837/979 3409/1837/979 3408/1838/979 3363/1838/979
f 3363/1838/980 3408/1838/980 3407/1839/980 3364/1840/980
f 3364/1840/981 3407/1839/981 3406/1841/981 3365/1841/981
f 3365/1841/982 3406/1841/982 3405/1842/982 3366/1842/982
f 3366/1842/983 3405/1842/983 3404/1843/983 3367/1843/983
f 3367/1843/984 3404/1843/984 3403/1844/984 3368/1844/984
f 3368/1844/985 3403/1844/985 3401/1703/985 3338/1703/985
f 3330/1703/517 3332/1702/517 3593/1702/517 3369/1702/517 3371/1803/517 3372/1802/517 3373/1801/517 3374/1800/517 3375/1798/517 3376/1797/517 3377/1796/517 3378/1795/517 3379/1794/517 3380/1793/517 3381/1791/517 3382/1789/517 3383/1788/517 3384/1787/517 3385/1785/517 3386/1784/517 3387/1783/517 3388/1782/517 3389/1781/517 3390/1780/517 3391/1779/517 3392/1778/517 3393/1777/517 3394/1776/517 3395/1775/517 3396/1774/517 3397/1772/517 3398/1771/517 3399/1770/517 3400/1705/517 3370/1704/517 3337/1769/517 3339/1805/517 3340/1806/517 3341/1808/517 3342/1809/517 3343/1810/517 3344/1812/517 3345/1814/517 3346/1816/517 3347/1818/517 3348/1819/517 3349/1820/517 3350/1822/517 3351/1823/517 3352/1824/517 3353/1826/517 3354/1827/517 3355/1828/517 3356/1829/517 3357/1830/517 3358/1832/517 3359/1833/517 3360/1834/517 3361/1836/517 3362/1837/517 3363/1838/517 3364/1840/517 3365/1841/517 3366/1842/517 3367/1843/517 3368/1844/517 3338/1703/517 3595/1703/517
f 3465/1706/986 3530/1706/986 3560/1737/986 3467/1737/986
f 3467/1737/987 3560/1737/987 3559/1736/987 3468/1736/987
f 3468/1736/988 3559/1736/988 3558/1735/988 3469/1735/988
f 3469/1735/989 3558/1735/989 3557/1734/989 3470/1845/989
f 3470/1845/990 3557/1734/990 3556/1733/990 3471/1733/990
f 3471/1733/991 3556/1733/991 3555/1732/991 3472/1732/991
f 3472/1732/992 3555/1732/992 3554/1731/992 3473/1731/992
f 3473/1731/993 3554/1731/993 3553/1730/993 3474/1730/993
f 3474/1730/994 3553/1730/994 3552/1729/994 3475/1729/994
f 3475/1729/995 3552/1729/995 3551/1728/995 3476/1728/995
f 3476/1728/996 3551/1728/996 3550/1727/996 3477/1727/996
f 3477/1727/997 3550/1727/997 3549/1726/997 3478/1726/997
f 3478/1726/998 3549/1726/998 3548/1725/998 3479/1725/998
f 3479/1725/999 3548/1725/999 3547/1724/999 3480/1724/999
f 3480/1724/1000 3547/1724/1000 3546/1723/1000 3481/1723/1000
f 3481/1723/1001 3546/1723/1001 3545/1722/1001 3482/1722/1001
f 3482/1722/1002 3545/1722/1002 3544/1721/1002 3483/1846/1002
f 3483/1846/1003 3544/1721/1003 3543/1720/1003 3484/1720/1003
f 3484/1720/1004 3543/1720/1004 3542/1719/1004 3485/1719/1004
f 3485/1719/1005 3542/1719/1005 3541/1718/1005 3486/1718/1005
f 3486/1718/1006 3541/1718/1006 3540/1717/1006 3487/1717/1006
f 3487/1717/1007 3540/1717/1007 3539/1716/1007 3488/1716/1007
f 3488/1716/1008 3539/1716/1008 3538/1715/1008 3489/1715/1008
f 3489/1715/1009 3538/1715/1009 3537/1714/1009 3490/1714/1009
f 3490/1714/1010 3537/1714/1010 3536/1713/1010 3491/1847/1010
f 3491/1847/1011 3536/1713/1011 3535/1712/1011 3492/1712/1011
f 3492/1712/1012 3535/1712/1012 3534/1711/1012 3493/1711/1012
f 3493/1711/1013 3534/1711/1013 3533/1710/1013 3494/1848/1013
f 3494/1848/1014 3533/1710/1014 3532/1709/1014 3495/1709/1014
f 3495/1709/1015 3532/1709/1015 3531/1708/1015 3496/1708/1015
f 3496/1708/1016 3531/1708/1016 3529/1701/1016 3466/1701/1016
f 3561/1707/1017 3498/1707/1017 3528/1738/1017 3563/1738/1017
f 3563/1738/1018 3528/1738/1018 3527/1739/1018 3564/1739/1018
f 3564/1739/1019 3527/1739/1019 3526/1740/1019 3565/1740/1019
f 3565/1740/1020 3526/1740/1020 3525/1849/1020 3566/1741/1020
f 3566/1741/1021 3525/1849/1021 3524/1742/1021 3567/1742/1021
f 3567/1742/1022 3524/1742/1022 3523/1743/1022 3568/1743/1022
f 3568/1743/1023 3523/1743/1023 3522/1744/1023 3569/1744/1023
f 3569/1744/1024 3522/1744/1024 3521/1850/1024 3570/1745/1024
f 3570/1745/1025 3521/1850/1025 3520/1851/1025 3571/1746/1025
f 3571/1746/1026 3520/1851/1026 3519/1852/1026 3572/1747/1026
f 3572/1747/1027 3519/1852/1027 3518/1748/1027 3573/1748/1027
f 3573/1748/1028 3518/1748/1028 3517/1853/1028 3574/1749/1028
f 3574/1749/1029 3517/1853/1029 3516/1854/1029 3575/1750/1029
f 3575/1750/1030 3516/1854/1030 3515/1751/1030 3576/1751/1030
f 3576/1751/1031 3515/1751/1031 3514/1752/1031 3577/1752/1031
f 3577/1752/1032 3514/1752/1032 3513/1753/1032 3578/1753/1032
f 3578/1753/1033 3513/1753/1033 3512/1754/1033 3579/1754/1033
f 3579/1754/1034 3512/1754/1034 3511/1755/1034 3580/1755/1034
f 3580/1755/1035 3511/1755/1035 3510/1756/1035 3581/1756/1035
f 3581/1756/1036 3510/1756/1036 3509/1757/1036 3582/1757/1036
f 3582/1757/1037 3509/1757/1037 3508/1758/1037 3583/1758/1037
f 3583/1758/1038 3508/1758/1038 3507/1759/1038 3584/1759/1038
f 3584/1759/1039 3507/1759/1039 3506/1760/1039 3585/1760/1039
f 3585/1760/1040 3506/1760/1040 3505/1761/1040 3586/1761/1040
f 3586/1761/1041 3505/1761/1041 3504/1855/1041 3587/1762/1041
f 3587/1762/1042 3504/1855/1042 3503/1763/1042 3588/1763/1042
f 3588/1763/1043 3503/1763/1043 3502/1764/1043 3589/1764/1043
f 3589/1764/1044 3502/1764/1044 3501/1765/1044 3590/1765/1044
f 3590/1765/1045 3501/1765/1045 3500/1766/1045 3591/1766/1045
f 3591/1766/1046 3500/1766/1046 3499/1767/1046 3592/1767/1046
f 3592/1767/1047 3499/1767/1047 3497/1700/1047 3562/1700/1047
f 3331/1701/517 3329/1700/517 3497/1700/517 3499/1767/517 3500/1766/517 3501/1765/517 3502/1764/517 3503/1763/517 3504/1855/517 3505/1761/517 3506/1760/517 3507/1759/517 3508/1758/517 3509/1757/517 3510/1756/517 3511/1755/517 3512/1754/517 3513/1753/517 3514/1752/517 3515/1751/517 3516/1854/517 3517/1853/517 3518/1748/517 3519/1852/517 3520/1851/517 3521/1850/517 3522/1744/517 3523/1743/517 3524/1742/517 3525/1849/517 3526/1740/517 3527/1739/517 3528/1738/517 3498/1707/517 3465/1706/517 3467/1737/517 3468/1736/517 3469/1735/517 3470/1845/517 3471/1733/517 3472/1732/517 3473/1731/517 3474/1730/517 3475/1729/517 3476/1728/517 3477/1727/517 3478/1726/517 3479/1725/517 3480/1724/517 3481/1723/517 3482/1722/517 3483/1846/517 3484/1720/517 3485/1719/517 3486/1718/517 3487/1717/517 3488/1716/517 3489/1715/517 3490/1714/517 3491/1847/517 3492/1712/517 3493/1711/517 3494/1848/517 3495/1709/517 3496/1708/517 3466/1701/517
f 3332/1702/921 3336/1702/921 3594/1702/921 3593/1702/921
f 3335/1703/922 3330/1703/922 3595/1703/922 3596/1703/922
f 3593/1702/1048 3594/1702/1048 3596/1703/1048 3595/1703/1048
f 3369/1702/924 3338/1703/924 3401/1703/924 3434/1702/924
f 3598/1702/514 3597/1703/514 3663/1703/514 3662/1703/514 3661/1844/514 3660/1843/514 3659/1842/514 3658/1841/514 3657/1839/514 3656/1838/514 3655/1837/514 3654/1835/514 3653/1834/514 3652/1833/514 3651/1831/514 3650/1830/514 3649/1829/514 3648/1828/514 3647/1827/514 3646/1825/514 3645/1824/514 3644/1823/514 3643/1821/514 3642/1820/514 3641/1819/514 3640/1817/514 3639/1815/514 3638/1813/514 3637/1811/514 3636/1810/514 3635/1809/514 3634/1807/514 3633/1806/514 3632/1804/514 3631/1768/514 3600/1704/514 3599/1705/514 3601/1770/514 3602/1771/514 3603/1773/514 3604/1774/514 3605/1775/514 3606/1776/514 3607/1777/514 3608/1778/514 3609/1779/514 3610/1780/514 3611/1781/514 3612/1782/514 3613/1783/514 3614/1784/514 3615/1786/514 3616/1787/514 3617/1788/514 3618/1790/514 3619/1792/514 3620/1793/514 3621/1794/514 3622/1795/514 3623/1796/514 3624/1797/514 3625/1799/514 3626/1800/514 3627/1801/514 3628/1802/514 3629/1803/514 3630/1702/514 3664/1702/514
f 3429/1809/1049 3430/1807/1049 3634/1807/1049 3635/1809/1049
f 3460/1799/1050 3461/1800/1050 3626/1800/1050 3625/1799/1050
f 3420/1823/1051 3421/1821/1051 3643/1821/1051 3644/1823/1051
f 3411/1834/1052 3412/1833/1052 3652/1833/1052 3653/1834/1052
f 3443/1778/1053 3444/1779/1053 3609/1779/1053 3608/1778/1053
f 3401/1703/1054 3403/1844/1054 3661/1844/1054 3662/1703/1054
f 3452/1788/1055 3453/1790/1055 3618/1790/1055 3617/1788/1055
f 3428/1810/1056 3429/1809/1056 3635/1809/1056 3636/1810/1056
f 3461/1800/1057 3462/1801/1057 3627/1801/1057 3626/1800/1057
f 3435/1705/1058 3436/1770/1058 3601/1770/1058 3599/1705/1058
f 3419/1824/1059 3420/1823/1059 3644/1823/1059 3645/1824/1059
f 3410/1835/1060 3411/1834/1060 3653/1834/1060 3654/1835/1060
f 3444/1779/1061 3445/1780/1061 3610/1780/1061 3609/1779/1061
f 3453/1790/1062 3454/1792/1062 3619/1792/1062 3618/1790/1062
f 3427/1811/1063 3428/1810/1063 3636/1810/1063 3637/1811/1063
f 3462/1801/1064 3463/1802/1064 3628/1802/1064 3627/1801/1064
f 3436/1770/1065 3437/1771/1065 3602/1771/1065 3601/1770/1065
f 3418/1825/1066 3419/1824/1066 3645/1824/1066 3646/1825/1066
f 3402/1769/924 3433/1704/924 3600/1704/924 3631/1769/924
f 3409/1837/1067 3410/1835/1067 3654/1835/1067 3655/1837/1067
f 3445/1780/1068 3446/1781/1068 3611/1781/1068 3610/1780/1068
f 3335/1703/921 3596/1703/921 3663/1703/921 3597/1703/921
f 3454/1792/1069 3455/1793/1069 3620/1793/1069 3619/1792/1069
f 3426/1813/1070 3427/1811/1070 3637/1811/1070 3638/1813/1070
f 3463/1802/1071 3464/1803/1071 3629/1803/1071 3628/1802/1071
f 3403/1700/517 3464/1700/517 3463/1700/517 3404/1700/517
f 3417/1827/1072 3418/1825/1072 3646/1825/1072 3647/1827/1072
f 3437/1771/1073 3438/1773/1073 3603/1773/1073 3602/1771/1073
f 3408/1838/1074 3409/1837/1074 3655/1837/1074 3656/1838/1074
f 3446/1781/1075 3447/1782/1075 3612/1782/1075 3611/1781/1075
f 3455/1793/1076 3456/1794/1076 3621/1794/1076 3620/1793/1076
f 3425/1815/1077 3426/1813/1077 3638/1813/1077 3639/1815/1077
f 3464/1803/1078 3434/1702/1078 3630/1702/1078 3629/1803/1078
f 3438/1773/1079 3439/1774/1079 3604/1774/1079 3603/1773/1079
f 3416/1828/1080 3417/1827/1080 3647/1827/1080 3648/1828/1080
f 3407/1839/1081 3408/1838/1081 3656/1838/1081 3657/1839/1081
f 3447/1782/1082 3448/1783/1082 3613/1783/1082 3612/1782/1082
f 3456/1794/1083 3457/1795/1083 3622/1795/1083 3621/1794/1083
f 3424/1817/1084 3425/1815/1084 3639/1815/1084 3640/1817/1084
f 3439/1774/1085 3440/1775/1085 3605/1775/1085 3604/1774/1085
f 3415/1829/1086 3416/1828/1086 3648/1828/1086 3649/1829/1086
f 3406/1841/1087 3407/1839/1087 3657/1839/1087 3658/1841/1087
f 3448/1783/1088 3449/1784/1088 3614/1784/1088 3613/1783/1088
f 3432/1804/1089 3402/1769/1089 3631/1769/1089 3632/1804/1089
f 3457/1795/1090 3458/1796/1090 3623/1796/1090 3622/1795/1090
f 3423/1819/1091 3424/1817/1091 3640/1817/1091 3641/1819/1091
f 3440/1775/1092 3441/1776/1092 3606/1776/1092 3605/1775/1092
f 3414/1830/1093 3415/1829/1093 3649/1829/1093 3650/1830/1093
f 3405/1842/1094 3406/1841/1094 3658/1841/1094 3659/1842/1094
f 3449/1784/1095 3450/1786/1095 3615/1786/1095 3614/1784/1095
f 3336/1702/925 3335/1703/925 3597/1703/925 3598/1702/925
f 3431/1806/1096 3432/1804/1096 3632/1804/1096 3633/1806/1096
f 3458/1796/1097 3459/1797/1097 3624/1797/1097 3623/1796/1097
f 3422/1820/1098 3423/1819/1098 3641/1819/1098 3642/1820/1098
f 3413/1831/1099 3414/1830/1099 3650/1830/1099 3651/1831/1099
f 3441/1776/1100 3442/1777/1100 3607/1777/1100 3606/1776/1100
f 3594/1702/922 3336/1702/922 3598/1702/922 3664/1702/922
f 3404/1843/1101 3405/1842/1101 3659/1842/1101 3660/1843/1101
f 3450/1786/1102 3451/1787/1102 3616/1787/1102 3615/1786/1102
f 3430/1807/1103 3431/1806/1103 3633/1806/1103 3634/1807/1103
f 3459/1797/1104 3460/1799/1104 3625/1799/1104 3624/1797/1104
f 3421/1821/1105 3422/1820/1105 3642/1820/1105 3643/1821/1105
f 3412/1833/1106 3413/1831/1106 3651/1831/1106 3652/1833/1106
f 3442/1777/1107 3443/1778/1107 3608/1778/1107 3607/1777/1107
f 3401/1703/517 3434/1702/517 3464/1803/517 3403/1844/517
f 3403/1844/1108 3404/1843/1108 3660/1843/1108 3661/1844/1108
f 3451/1787/1109 3452/1788/1109 3617/1788/1109 3616/1787/1109
f 3405/1700/517 3462/1700/517 3461/1700/517 3406/1700/517
f 3406/1700/517 3461/1700/517 3460/1700/517 3407/1700/517
f 3407/1700/517 3460/1700/517 3459/1700/517 3408/1700/517
f 3408/1700/517 3459/1700/517 3458/1700/517 3409/1700/517
f 3409/1700/517 3458/1700/517 3457/1700/517 3410/1700/517
f 3410/1700/517 3457/1700/517 3456/1700/517 3411/1700/517
f 3411/1700/517 3456/1700/517 3455/1700/517 3412/1700/517
f 3412/1700/517 3455/1700/517 3454/1700/517 3413/1700/517
f 3413/1700/517 3454/1700/517 3452/1700/517 3415/1700/517
f 3415/1700/517 3452/1700/517 3449/1700/517 3418/1700/517
f 3418/1700/517 3449/1700/517 3445/1700/517 3422/1700/517
f 3422/1700/517 3445/1700/517 3440/1700/517 3427/1700/517
f 3427/1700/517 3440/1700/517 3438/1700/517 3429/1700/517
f 3429/1700/517 3438/1700/517 3433/1704/517 3402/1769/517
o Plane.020
v -100.024948 0.000000 85.583305
v -115.577057 0.000000 85.650070
v -100.015289 0.000000 87.832169
v -115.567398 0.000000 87.898933
v -100.015289 0.161288 87.832169
v -100.024948 0.161288 85.583305
v -115.577057 0.161288 85.650070
v -115.567398 0.161288 87.898933
v -117.441925 0.000000 86.773132
v -117.441895 0.000000 86.780167
v -117.441925 0.161288 86.773132
v -117.441895 0.161288 86.780167
v -115.579956 0.161288 84.974640
v -115.579956 0.000000 84.974640
v -117.441910 0.161288 86.777565
v -117.441910 0.000000 86.777565
v -115.564629 0.000000 88.545280
v -115.564629 0.161288 88.545280
v -117.441895 0.000000 86.781433
v -117.441895 0.161288 86.781433
v -67.104630 0.000000 87.999878
v -65.698364 0.000000 87.999878
v -67.104630 0.000000 87.810638
v -65.698364 0.000000 87.810638
v -48.209934 0.000000 84.999733
v -46.803669 0.000000 84.999733
v -48.209934 0.000000 84.810493
v -46.803669 0.000000 84.810493
v -48.209934 0.000000 86.000549
v -46.803673 0.000000 86.000549
v -48.209930 0.000000 85.811317
v -46.803673 0.000000 85.811317
v -48.209934 0.000000 87.999878
v -46.803673 0.000000 87.999878
v -48.209938 0.000000 87.810646
v -46.803673 0.000000 87.810646
v -48.209930 0.000000 88.999916
v -46.803669 0.000000 88.999916
v -48.209930 0.000000 88.810677
v -46.803669 0.000000 88.810677
v -48.209934 0.000000 90.000572
v -46.803669 0.000000 90.000572
v -48.209934 0.000000 89.811333
v -46.803669 0.000000 89.811333
v -48.209930 0.000000 84.001259
v -46.803673 0.000000 84.001259
v -48.209930 0.000000 83.812019
v -46.803673 0.000000 83.812019
v -48.209930 0.000000 93.187279
v -46.803669 0.000000 93.187279
v -48.209930 0.000000 92.998039
v -46.803669 0.000000 92.998039
v -48.209934 0.000000 99.186592
v -46.803669 0.000000 99.186592
v -48.209934 0.000000 98.997353
v -46.803669 0.000000 98.997353
v -48.209930 0.000000 98.185936
v -46.803669 0.000000 98.185928
v -48.209930 0.000000 97.996696
v -46.803669 0.000000 97.996696
v -48.209930 0.000000 97.185898
v -46.803669 0.000000 97.185898
v -48.209930 0.000000 96.996658
v -46.803669 0.000000 96.996658
v -48.209934 0.000000 96.191322
v -46.803669 0.000000 96.191322
v -48.209934 0.000000 96.002083
v -46.803673 0.000000 96.002083
v -48.209934 0.000000 94.185753
v -46.803669 0.000000 94.185753
v -48.209930 0.000000 93.996513
v -46.803673 0.000000 93.996513
v -48.209934 0.000000 95.186569
v -46.803673 0.000000 95.186569
v -48.209934 0.000000 94.997337
v -46.803669 0.000000 94.997337
v -67.047592 0.000000 95.186577
v -65.641327 0.000000 95.186577
v -67.047592 0.000000 94.997337
v -65.641327 0.000000 94.997337
v -67.104637 0.000000 84.001259
v -65.698380 0.000000 84.001259
v -67.104645 0.000000 83.812019
v -65.698380 0.000000 83.812019
v -67.104630 0.000000 90.000572
v -65.698364 0.000000 90.000572
v -67.104630 0.000000 89.811333
v -65.698372 0.000000 89.811333
v -67.104630 0.000000 88.999908
v -65.698372 0.000000 88.999916
v -67.104637 0.000000 88.810677
v -65.698372 0.000000 88.810677
v -67.104630 0.000000 86.998833
v -65.698380 0.000000 86.998833
v -67.104630 0.000000 86.809593
v -65.698380 0.000000 86.809593
v -67.104637 0.000000 86.000549
v -65.698372 0.000000 86.000549
v -67.104637 0.000000 85.811310
v -65.698372 0.000000 85.811310
v -67.104637 0.000000 84.999733
v -65.698372 0.000000 84.999733
v -67.104637 0.000000 84.810493
v -65.698380 0.000000 84.810493
v -67.047592 0.000000 94.185753
v -65.641327 0.000000 94.185753
v -67.047592 0.000000 93.996513
v -65.641327 0.000000 93.996513
v -67.047592 0.000000 96.191330
v -65.641327 0.000000 96.191330
v -67.047592 0.000000 96.002090
v -65.641327 0.000000 96.002090
v -67.047592 0.000000 97.185905
v -65.641327 0.000000 97.185905
v -67.047592 0.000000 96.996666
v -65.641327 0.000000 96.996666
v -67.047592 0.000000 98.185936
v -65.641327 0.000000 98.185936
v -67.047592 0.000000 97.996696
v -65.641327 0.000000 97.996696
v -67.047592 0.000000 99.186592
v -65.641327 0.000000 99.186592
v -67.047592 0.000000 98.997360
v -65.641327 0.000000 98.997360
v -39.995651 0.000000 96.850311
v -21.968689 0.000000 96.850311
v -39.995651 0.000000 94.706467
v -21.968689 0.000000 94.706467
v -39.995651 0.161288 94.706467
v -39.995651 0.161288 96.850311
v -21.968689 0.161288 96.850311
v -21.968689 0.161288 94.706467
v -19.801506 0.000000 95.787346
v -19.801498 0.000000 95.780640
v -19.801506 0.161288 95.787346
v -19.801498 0.161288 95.780640
v -21.968689 0.161288 97.494194
v -21.968689 0.000000 97.494194
v -19.801506 0.161288 95.783112
v -19.801506 0.000000 95.783112
v -21.968689 0.000000 94.090302
v -21.968689 0.161288 94.090302
v -19.801506 0.000000 95.779427
v -19.801506 0.161288 95.779427
v -95.856384 0.000000 96.913010
v -75.758652 0.000000 96.913010
v -95.856384 0.000000 94.532089
v -75.758652 0.000000 94.532089
v -95.856384 0.161288 94.532089
v -95.856384 0.161288 96.913010
v -75.758652 0.161288 96.913010
v -75.758652 0.161288 94.532089
v -73.342529 0.000000 95.732498
v -73.342529 0.000000 95.725052
v -73.342529 0.161288 95.732498
v -73.342529 0.161288 95.725052
v -75.758652 0.161288 97.628098
v -75.758652 0.000000 97.628098
v -73.342529 0.161288 95.727798
v -73.342529 0.000000 95.727798
v -75.758652 0.000000 93.847786
v -75.758652 0.161288 93.847786
v -73.342522 0.000000 95.723701
v -73.342522 0.161288 95.723701
v -36.779022 0.000000 86.178200
v -58.890549 0.000000 86.150772
v -36.780510 0.000000 87.382973
v -58.892044 0.000000 87.355545
v -36.780510 0.161288 87.382973
v -36.779022 0.161288 86.178200
v -58.890549 0.161288 86.150772
v -58.892044 0.161288 87.355545
v -61.549515 0.000000 86.744827
v -61.549519 0.000000 86.748596
v -61.549515 0.161288 86.744827
v -61.549519 0.161288 86.748596
v -58.890099 0.161288 85.788925
v -58.890099 0.000000 85.788925
v -61.549519 0.161288 86.747200
v -61.549519 0.000000 86.747200
v -58.892475 0.000000 87.701805
v -58.892475 0.161288 87.701805
v -61.549519 0.000000 86.749275
v -61.549519 0.161288 86.749275
v -67.047592 0.000000 93.187279
v -65.641327 0.000000 93.187279
v -67.047592 0.000000 92.998047
v -65.641327 0.000000 92.998047
v -64.373749 0.000000 96.913170
v -50.635014 0.000000 96.913177
v -64.373764 0.000000 94.591019
v -50.635014 0.000000 94.591019
v -64.373764 0.161288 94.591019
v -64.373749 0.161288 96.913170
v -50.635014 0.161288 96.913177
v -50.635014 0.161288 94.591019
v -48.983356 0.000000 95.761803
v -48.983353 0.000000 95.754539
v -48.983356 0.161288 95.761803
v -48.983353 0.161288 95.754539
v -50.635010 0.161288 97.610611
v -50.635010 0.000000 97.610611
v -48.983356 0.161288 95.757217
v -48.983356 0.000000 95.757217
v -50.635014 0.000000 93.923607
v -50.635014 0.161288 93.923607
v -48.983353 0.000000 95.753220
v -48.983353 0.161288 95.753220
v -1.336952 0.000000 85.977608
v -27.464790 0.000000 85.945198
v -1.338966 0.000000 87.598984
v -27.466805 0.000000 87.566566
v -1.338966 0.161288 87.598984
v -1.336952 0.161288 85.977608
v -27.464790 0.161288 85.945198
v -27.466805 0.161288 87.566566
v -30.606842 0.000000 86.745209
v -30.606850 0.000000 86.750282
v -30.606842 0.161288 86.745209
v -30.606850 0.161288 86.750282
v -27.464188 0.161288 85.458229
v -27.464188 0.000000 85.458229
v -30.606842 0.161288 86.748405
v -30.606842 0.000000 86.748405
v -27.467377 0.000000 88.032562
v -27.467377 0.161288 88.032562
v -30.606857 0.000000 86.751198
v -30.606857 0.161288 86.751198
v -128.620544 0.000000 96.894196
v -108.211189 0.000000 96.894196
v -128.620544 0.000000 94.550903
v -108.211189 0.000000 94.550903
v -128.620544 0.161288 94.550903
v -128.620544 0.161288 96.894196
v -108.211189 0.161288 96.894196
v -108.211189 0.161288 94.550903
v -105.757599 0.000000 95.732346
v -105.757599 0.000000 95.725014
v -105.757599 0.161288 95.732346
v -105.757599 0.161288 95.725014
v -108.211189 0.161288 97.597992
v -108.211189 0.000000 97.597992
v -105.757599 0.161288 95.727722
v -105.757599 0.000000 95.727722
v -108.211189 0.000000 93.877411
v -108.211189 0.161288 93.877411
v -105.757599 0.000000 95.723686
v -105.757599 0.161288 95.723686
v -7.436005 0.000000 96.792801
v 9.275986 0.000000 96.792801
v -7.435997 0.000000 94.763962
v 9.275986 0.000000 94.763962
v -7.435997 0.161288 94.763962
v -7.436005 0.161288 96.792801
v 9.275986 0.161288 96.792801
v 9.275986 0.161288 94.763962
v 11.285088 0.000000 95.786858
v 11.285088 0.000000 95.780510
v 11.285088 0.161288 95.786858
v 11.285088 0.161288 95.780510
v 9.275986 0.161288 97.402145
v 9.275986 0.000000 97.402145
v 11.285088 0.161288 95.782852
v 11.285088 0.000000 95.782852
v 9.275986 0.000000 94.180847
v 9.275986 0.161288 94.180847
v 11.285088 0.000000 95.779366
v 11.285088 0.161288 95.779366
vn -0.0000 -1.0000 -0.0000
vn -0.0000 1.0000 -0.0000
vn 1.0000 -0.0000 -0.0043
vn 0.0043 -0.0000 1.0000
vn -0.0043 -0.0000 -1.0000
vn -1.0000 -0.0000 0.0043
vn -0.6956 -0.0000 -0.7184
vn -0.6847 -0.0000 0.7288
vn -1.0000 -0.0000 -0.0000
vn -0.0000 -0.0000 -1.0000
vn -0.0000 -0.0000 1.0000
vn 1.0000 -0.0000 0.0008
vn 0.6197 -0.0000 0.7849
vn -1.0000 -0.0000 0.0002
vn 0.6147 -0.0000 -0.7887
vn 1.0000 -0.0000 0.0003
vn 0.6182 -0.0000 0.7860
vn -1.0000 -0.0000 -0.0006
vn 0.6133 -0.0000 -0.7899
vn 1.0000 -0.0000 0.0021
vn 1.0000 -0.0000 0.0012
vn -0.0012 -0.0000 1.0000
vn 0.0012 -0.0000 -1.0000
vn -1.0000 -0.0000 -0.0003
vn -0.3390 -0.0000 -0.9408
vn 1.0000 -0.0000 0.0005
vn -0.3375 -0.0000 0.9413
vn -1.0000 -0.0000 0.0001
vn 0.7466 -0.0000 0.6653
vn -1.0000 -0.0000 -0.0007
vn 0.7423 -0.0000 -0.6701
vn 1.0000 -0.0000 0.0001
vn -1.0000 -0.0000 -0.0014
vn -0.3798 -0.0000 -0.9251
vn 1.0000 -0.0000 -0.0007
vn -0.3779 -0.0000 0.9259
vn -1.0000 -0.0000 -0.0020
vn 1.0000 -0.0000 -0.0000
vn 0.6062 -0.0000 0.7953
vn 0.6013 -0.0000 -0.7990
vn 1.0000 -0.0000 -0.0001
vn 0.6275 -0.0000 0.7786
vn -1.0000 -0.0000 0.0014
vn 0.6226 -0.0000 -0.7825
vn 1.0000 -0.0000 0.0057
vt 0.000000 0.000000
vt 0.000000 1.000000
vt 1.000000 1.000000
vt 1.000000 0.000000
s 0
usemtl Pedestrian_and_street_arrows
f 3665/1856/1110 3667/1857/1110 3668/1858/1110 3666/1859/1110
f 3670/1856/1111 3671/1859/1111 3672/1858/1111 3669/1857/1111
f 3666/1859/1110 3668/1858/1110 3674/1858/1110 3673/1859/1110
f 3667/1857/1112 3665/1856/1112 3670/1856/1112 3669/1857/1112
f 3668/1858/1113 3667/1857/1113 3669/1857/1113 3672/1858/1113
f 3665/1856/1114 3666/1859/1114 3671/1859/1114 3670/1856/1114
f 3673/1859/1115 3674/1858/1115 3676/1858/1115 3675/1859/1115
f 3666/1859/1110 3673/1859/1110 3680/1859/1110 3678/1859/1110
f 3668/1858/1112 3672/1858/1112 3682/1858/1112 3681/1858/1112
f 3672/1858/1111 3671/1859/1111 3675/1859/1111 3676/1858/1111
f 3677/1859/1116 3678/1859/1116 3680/1859/1116 3679/1859/1116
f 3673/1859/1112 3675/1859/1112 3679/1859/1112 3680/1859/1112
f 3671/1859/1112 3666/1859/1112 3678/1859/1112 3677/1859/1112
f 3675/1859/1111 3671/1859/1111 3677/1859/1111 3679/1859/1111
f 3681/1858/1117 3682/1858/1117 3684/1858/1117 3683/1858/1117
f 3672/1858/1111 3676/1858/1111 3684/1858/1111 3682/1858/1111
f 3674/1858/1110 3668/1858/1110 3681/1858/1110 3683/1858/1110
f 3676/1858/1115 3674/1858/1115 3683/1858/1115 3684/1858/1115
f 3685/1856/1111 3686/1859/1111 3688/1858/1111 3687/1857/1111
f 3689/1856/1111 3690/1859/1111 3692/1858/1111 3691/1857/1111
f 3693/1856/1111 3694/1859/1111 3696/1858/1111 3695/1857/1111
f 3697/1856/1111 3698/1859/1111 3700/1858/1111 3699/1857/1111
f 3701/1856/1111 3702/1859/1111 3704/1858/1111 3703/1857/1111
f 3705/1856/1111 3706/1859/1111 3708/1858/1111 3707/1857/1111
f 3709/1856/1111 3710/1859/1111 3712/1858/1111 3711/1857/1111
f 3713/1856/1111 3714/1859/1111 3716/1858/1111 3715/1857/1111
f 3717/1856/1111 3718/1859/1111 3720/1858/1111 3719/1857/1111
f 3721/1856/1111 3722/1859/1111 3724/1858/1111 3723/1857/1111
f 3725/1856/1111 3726/1859/1111 3728/1858/1111 3727/1857/1111
f 3729/1856/1111 3730/1859/1111 3732/1858/1111 3731/1857/1111
f 3733/1856/1111 3734/1859/1111 3736/1858/1111 3735/1857/1111
f 3737/1856/1111 3738/1859/1111 3740/1858/1111 3739/1857/1111
f 3741/1856/1111 3742/1859/1111 3744/1858/1111 3743/1857/1111
f 3745/1856/1111 3746/1859/1111 3748/1858/1111 3747/1857/1111
f 3749/1856/1111 3750/1859/1111 3752/1858/1111 3751/1857/1111
f 3753/1856/1111 3754/1859/1111 3756/1858/1111 3755/1857/1111
f 3757/1856/1111 3758/1859/1111 3760/1858/1111 3759/1857/1111
f 3761/1856/1111 3762/1859/1111 3764/1858/1111 3763/1857/1111
f 3765/1856/1111 3766/1859/1111 3768/1858/1111 3767/1857/1111
f 3769/1856/1111 3770/1859/1111 3772/1858/1111 3771/1857/1111
f 3773/1856/1111 3774/1859/1111 3776/1858/1111 3775/1857/1111
f 3777/1856/1111 3778/1859/1111 3780/1858/1111 3779/1857/1111
f 3781/1856/1111 3782/1859/1111 3784/1858/1111 3783/1857/1111
f 3785/1856/1111 3786/1859/1111 3788/1858/1111 3787/1857/1111
f 3789/1856/1110 3791/1857/1110 3792/1858/1110 3790/1859/1110
f 3794/1856/1111 3795/1859/1111 3796/1858/1111 3793/1857/1111
f 3790/1859/1110 3792/1858/1110 3798/1858/1110 3797/1859/1110
f 3791/1857/1118 3789/1856/1118 3794/1856/1118 3793/1857/1118
f 3792/1858/1119 3791/1857/1119 3793/1857/1119 3796/1858/1119
f 3789/1856/1120 3790/1859/1120 3795/1859/1120 3794/1856/1120
f 3797/1859/1121 3798/1858/1121 3800/1858/1121 3799/1859/1121
f 3790/1859/1110 3797/1859/1110 3804/1859/1110 3802/1859/1110
f 3792/1858/1118 3796/1858/1118 3806/1858/1118 3805/1858/1118
f 3796/1858/1111 3795/1859/1111 3799/1859/1111 3800/1858/1111
f 3801/1859/1122 3802/1859/1122 3804/1859/1122 3803/1859/1122
f 3797/1859/1123 3799/1859/1123 3803/1859/1123 3804/1859/1123
f 3795/1859/1118 3790/1859/1118 3802/1859/1118 3801/1859/1118
f 3799/1859/1111 3795/1859/1111 3801/1859/1111 3803/1859/1111
f 3805/1858/1124 3806/1858/1124 3808/1858/1124 3807/1858/1124
f 3796/1858/1111 3800/1858/1111 3808/1858/1111 3806/1858/1111
f 3798/1858/1110 3792/1858/1110 3805/1858/1110 3807/1858/1110
f 3800/1858/1112 3798/1858/1112 3807/1858/1112 3808/1858/1112
f 3809/1856/1110 3811/1857/1110 3812/1858/1110 3810/1859/1110
f 3814/1856/1111 3815/1859/1111 3816/1858/1111 3813/1857/1111
f 3810/1859/1110 3812/1858/1110 3818/1858/1110 3817/1859/1110
f 3811/1857/1118 3809/1856/1118 3814/1856/1118 3813/1857/1118
f 3812/1858/1119 3811/1857/1119 3813/1857/1119 3816/1858/1119
f 3809/1856/1120 3810/1859/1120 3815/1859/1120 3814/1856/1120
f 3817/1859/1125 3818/1858/1125 3820/1858/1125 3819/1859/1125
f 3810/1859/1110 3817/1859/1110 3824/1859/1110 3822/1859/1110
f 3812/1858/1118 3816/1858/1118 3826/1858/1118 3825/1858/1118
f 3816/1858/1111 3815/1859/1111 3819/1859/1111 3820/1858/1111
f 3821/1859/1126 3822/1859/1126 3824/1859/1126 3823/1859/1126
f 3817/1859/1127 3819/1859/1127 3823/1859/1127 3824/1859/1127
f 3815/1859/1118 3810/1859/1118 3822/1859/1118 3821/1859/1118
f 3819/1859/1111 3815/1859/1111 3821/1859/1111 3823/1859/1111
f 3825/1858/1128 3826/1858/1128 3828/1858/1128 3827/1858/1128
f 3816/1858/1111 3820/1858/1111 3828/1858/1111 3826/1858/1111
f 3818/1858/1110 3812/1858/1110 3825/1858/1110 3827/1858/1110
f 3820/1858/1129 3818/1858/1129 3827/1858/1129 3828/1858/1129
f 3829/1856/1110 3831/1857/1110 3832/1858/1110 3830/1859/1110
f 3834/1856/1111 3835/1859/1111 3836/1858/1111 3833/1857/1111
f 3830/1859/1110 3832/1858/1110 3838/1858/1110 3837/1859/1110
f 3831/1857/1130 3829/1856/1130 3834/1856/1130 3833/1857/1130
f 3832/1858/1131 3831/1857/1131 3833/1857/1131 3836/1858/1131
f 3829/1856/1132 3830/1859/1132 3835/1859/1132 3834/1856/1132
f 3837/1859/1133 3838/1858/1133 3840/1858/1133 3839/1859/1133
f 3830/1859/1110 3837/1859/1110 3844/1859/1110 3842/1859/1110
f 3832/1858/1130 3836/1858/1130 3846/1858/1130 3845/1858/1130
f 3836/1858/1111 3835/1859/1111 3839/1859/1111 3840/1858/1111
f 3841/1859/1134 3842/1859/1134 3844/1859/1134 3843/1859/1134
f 3837/1859/1135 3839/1859/1135 3843/1859/1135 3844/1859/1135
f 3835/1859/1130 3830/1859/1130 3842/1859/1130 3841/1859/1130
f 3839/1859/1111 3835/1859/1111 3841/1859/1111 3843/1859/1111
f 3845/1858/1136 3846/1858/1136 3848/1858/1136 3847/1858/1136
f 3836/1858/1111 3840/1858/1111 3848/1858/1111 3846/1858/1111
f 3838/1858/1110 3832/1858/1110 3845/1858/1110 3847/1858/1110
f 3840/1858/1137 3838/1858/1137 3847/1858/1137 3848/1858/1137
f 3849/1856/1111 3850/1859/1111 3852/1858/1111 3851/1857/1111
f 3853/1856/1110 3855/1857/1110 3856/1858/1110 3854/1859/1110
f 3858/1856/1111 3859/1859/1111 3860/1858/1111 3857/1857/1111
f 3854/1859/1110 3856/1858/1110 3862/1858/1110 3861/1859/1110
f 3855/1857/1118 3853/1856/1118 3858/1856/1118 3857/1857/1118
f 3856/1858/1119 3855/1857/1119 3857/1857/1119 3860/1858/1119
f 3853/1856/1120 3854/1859/1120 3859/1859/1120 3858/1856/1120
f 3861/1859/1135 3862/1858/1135 3864/1858/1135 3863/1859/1135
f 3854/1859/1110 3861/1859/1110 3868/1859/1110 3866/1859/1110
f 3856/1858/1118 3860/1858/1118 3870/1858/1118 3869/1858/1118
f 3860/1858/1111 3859/1859/1111 3863/1859/1111 3864/1858/1111
f 3865/1859/1138 3866/1859/1138 3868/1859/1138 3867/1859/1138
f 3861/1859/1139 3863/1859/1139 3867/1859/1139 3868/1859/1139
f 3859/1859/1118 3854/1859/1118 3866/1859/1118 3865/1859/1118
f 3863/1859/1111 3859/1859/1111 3865/1859/1111 3867/1859/1111
f 3869/1858/1140 3870/1858/1140 3872/1858/1140 3871/1858/1140
f 3860/1858/1111 3864/1858/1111 3872/1858/1111 3870/1858/1111
f 3862/1858/1110 3856/1858/1110 3869/1858/1110 3871/1858/1110
f 3864/1858/1141 3862/1858/1141 3871/1858/1141 3872/1858/1141
f 3873/1856/1110 3875/1857/1110 3876/1858/1110 3874/1859/1110
f 3878/1856/1111 3879/1859/1111 3880/1858/1111 3877/1857/1111
f 3874/1859/1110 3876/1858/1110 3882/1858/1110 3881/1859/1110
f 3875/1857/1130 3873/1856/1130 3878/1856/1130 3877/1857/1130
f 3876/1858/1131 3875/1857/1131 3877/1857/1131 3880/1858/1131
f 3873/1856/1132 3874/1859/1132 3879/1859/1132 3878/1856/1132
f 3881/1859/1142 3882/1858/1142 3884/1858/1142 3883/1859/1142
f 3874/1859/1110 3881/1859/1110 3888/1859/1110 3886/1859/1110
f 3876/1858/1130 3880/1858/1130 3890/1858/1130 3889/1858/1130
f 3880/1858/1111 3879/1859/1111 3883/1859/1111 3884/1858/1111
f 3885/1859/1143 3886/1859/1143 3888/1859/1143 3887/1859/1143
f 3881/1859/1144 3883/1859/1144 3887/1859/1144 3888/1859/1144
f 3879/1859/1130 3874/1859/1130 3886/1859/1130 3885/1859/1130
f 3883/1859/1111 3879/1859/1111 3885/1859/1111 3887/1859/1111
f 3889/1858/1145 3890/1858/1145 3892/1858/1145 3891/1858/1145
f 3880/1858/1111 3884/1858/1111 3892/1858/1111 3890/1858/1111
f 3882/1858/1110 3876/1858/1110 3889/1858/1110 3891/1858/1110
f 3884/1858/1146 3882/1858/1146 3891/1858/1146 3892/1858/1146
f 3893/1856/1110 3895/1857/1110 3896/1858/1110 3894/1859/1110
f 3898/1856/1111 3899/1859/1111 3900/1858/1111 3897/1857/1111
f 3894/1859/1110 3896/1858/1110 3902/1858/1110 3901/1859/1110
f 3895/1857/1118 3893/1856/1118 3898/1856/1118 3897/1857/1118
f 3896/1858/1119 3895/1857/1119 3897/1857/1119 3900/1858/1119
f 3893/1856/1120 3894/1859/1120 3899/1859/1120 3898/1856/1120
f 3901/1859/1147 3902/1858/1147 3904/1858/1147 3903/1859/1147
f 3894/1859/1110 3901/1859/1110 3908/1859/1110 3906/1859/1110
f 3896/1858/1118 3900/1858/1118 3910/1858/1118 3909/1858/1118
f 3900/1858/1111 3899/1859/1111 3903/1859/1111 3904/1858/1111
f 3905/1859/1148 3906/1859/1148 3908/1859/1148 3907/1859/1148
f 3901/1859/1137 3903/1859/1137 3907/1859/1137 3908/1859/1137
f 3899/1859/1118 3894/1859/1118 3906/1859/1118 3905/1859/1118
f 3903/1859/1111 3899/1859/1111 3905/1859/1111 3907/1859/1111
f 3909/1858/1149 3910/1858/1149 3912/1858/1149 3911/1858/1149
f 3900/1858/1111 3904/1858/1111 3912/1858/1111 3910/1858/1111
f 3902/1858/1110 3896/1858/1110 3909/1858/1110 3911/1858/1110
f 3904/1858/1150 3902/1858/1150 3911/1858/1150 3912/1858/1150
f 3913/1856/1110 3915/1857/1110 3916/1858/1110 3914/1859/1110
f 3918/1856/1111 3919/1859/1111 3920/1858/1111 3917/1857/1111
f 3914/1859/1110 3916/1858/1110 3922/1858/1110 3921/1859/1110
f 3915/1857/1118 3913/1856/1118 3918/1856/1118 3917/1857/1118
f 3916/1858/1119 3915/1857/1119 3917/1857/1119 3920/1858/1119
f 3913/1856/1120 3914/1859/1120 3919/1859/1120 3918/1856/1120
f 3921/1859/1144 3922/1858/1144 3924/1858/1144 3923/1859/1144
f 3914/1859/1110 3921/1859/1110 3928/1859/1110 3926/1859/1110
f 3916/1858/1118 3920/1858/1118 3930/1858/1118 3929/1858/1118
f 3920/1858/1111 3919/1859/1111 3923/1859/1111 3924/1858/1111
f 3925/1859/1151 3926/1859/1151 3928/1859/1151 3927/1859/1151
f 3921/1859/1152 3923/1859/1152 3927/1859/1152 3928/1859/1152
f 3919/1859/1118 3914/1859/1118 3926/1859/1118 3925/1859/1118
f 3923/1859/1111 3919/1859/1111 3925/1859/1111 3927/1859/1111
f 3929/1858/1153 3930/1858/1153 3932/1858/1153 3931/1858/1153
f 3920/1858/1111 3924/1858/1111 3932/1858/1111 3930/1858/1111
f 3922/1858/1110 3916/1858/1110 3929/1858/1110 3931/1858/1110
f 3924/1858/1154 3922/1858/1154 3931/1858/1154 3932/1858/1154
